   iLoop   Phase               EVM               SVM              EpVM             EelVM              ----               E11               E22               E33               E12               E13               E23              Ep11              Ep22              Ep33              Ep12              Ep13              Ep23
       1       1     1.19996259E+001   1.00002270E+000   4.31684542E-004   1.19999997E+001   0.00000000E+000   6.55476529E-021  -1.30962543E-020  -1.19999997E+001   3.07182309E-021  -4.58985978E-021  -2.06586704E-020   1.24601597E-004   1.24631568E-004  -2.49233165E-004   1.24616584E-004  -5.00779079E-008   8.73866551E-008
       2       1     1.19992465E+001   1.00002270E+000   8.69814444E-004   1.19999997E+001   0.00000000E+000  -4.03053059E-021  -2.22782073E-020  -1.19999997E+001  -1.00730333E-020   7.76093938E-021  -2.56624513E-020   2.51065048E-004   2.51122516E-004  -5.02187564E-004   2.51093785E-004  -9.61794796E-008   1.67607020E-007
       3       1     1.19988615E+001   1.00002270E+000   1.31437064E-003   1.19999997E+001   0.00000000E+000  -5.34442428E-021  -8.26101142E-021  -1.19999997E+001   8.26232457E-021   8.50209321E-021  -3.29548756E-020   3.79383011E-004   3.79469172E-004  -7.58852184E-004   3.79426096E-004  -1.42393233E-007   2.48768331E-007
       4       1     1.19984737E+001   1.00002270E+000   1.76214301E-003   1.19999997E+001   0.00000000E+000  -6.87186239E-021   1.80335713E-020  -1.19999997E+001  -1.86035401E-020  -2.91167576E-021   3.71635706E-020   5.08629066E-004   5.08744602E-004  -1.01737367E-003   5.08686840E-004  -1.88629177E-007   3.30243144E-007
       5       1     1.19980832E+001   1.00002270E+000   2.21313170E-003   1.19999997E+001   0.00000000E+000  -1.97029717E-020  -1.96432648E-020  -1.19999997E+001  -2.26391062E-021   1.32666535E-020  -5.33180771E-020   6.38803251E-004   6.38948837E-004  -1.27775209E-003   6.38876052E-004  -2.34863108E-007   4.12023743E-007
       6       1     1.19976898E+001   1.00002270E+000   2.66733933E-003   1.19999997E+001   0.00000000E+000   1.23958391E-020  -1.58452237E-020  -1.19999997E+001   2.03236209E-021  -2.11758237E-021   1.38066370E-020   7.69906333E-004   7.70082637E-004  -1.53998897E-003   7.69994494E-004  -2.81062171E-007   4.94088886E-007
       7       1     1.19972937E+001   1.00002270E+000   3.12476783E-003   1.19999997E+001   0.00000000E+000  -9.52515019E-021  -1.45531675E-020  -1.19999997E+001  -1.31373135E-020  -9.41265363E-021   2.19328594E-020   9.01938868E-004   9.02146552E-004  -1.80408542E-003   9.02042720E-004  -3.27193502E-007   5.76421339E-007
       8       1     1.19968948E+001   1.00002270E+000   3.58541754E-003   1.19999997E+001   0.00000000E+000  -5.49861074E-021  -1.52420436E-021  -1.19999997E+001  -4.58292181E-021  -5.82335151E-021   1.75388760E-020   1.03490095E-003   1.03514068E-003  -2.07004163E-003   1.03502083E-003  -3.73226082E-007   6.59007279E-007
       9       1     1.19964931E+001   1.00002270E+000   4.04928806E-003   1.19999997E+001   0.00000000E+000  -4.82028128E-021  -9.12611826E-021  -1.19999997E+001  -1.60470971E-021  -6.21510425E-021  -3.38654360E-020   1.16879247E-003   1.16906491E-003  -2.33785738E-003   1.16892871E-003  -4.19132663E-007   7.41833999E-007
      10       1     1.19960886E+001   1.00002270E+000   4.51637921E-003   1.19999997E+001   0.00000000E+000  -5.03635637E-021  -1.87237295E-020  -1.19999997E+001   6.61650398E-021  -3.13402190E-021  -3.50989278E-021   1.30361337E-003   1.30391921E-003  -2.60753257E-003   1.30376630E-003  -4.64890137E-007   8.24892177E-007
      11       1     1.19956814E+001   1.00002270E+000   4.98669256E-003   1.19999997E+001   0.00000000E+000  -8.27742061E-021  -8.58861630E-022  -1.19999997E+001   4.67166278E-021  -1.27796096E-020  -3.74812079E-021   1.43936409E-003   1.43970400E-003  -2.87906809E-003   1.43953406E-003  -5.10466354E-007   9.08154754E-007
      12       1     1.19952713E+001   1.00002270E+000   5.46022788E-003   1.19999997E+001   0.00000000E+000  -9.81198541E-021  -2.54659959E-021  -1.19999997E+001   2.90034338E-021   7.72917564E-022   3.51518673E-021   1.57604457E-003   1.57641925E-003  -3.15246381E-003   1.57623192E-003  -5.55840049E-007   9.91612621E-007
      13       1     1.19948585E+001   1.00002270E+000   5.93698622E-003   1.19999997E+001   0.00000000E+000   2.41188082E-020   5.55788030E-020  -1.19999997E+001  -2.23293270E-021  -5.83393942E-021   1.08102580E-020   1.71365509E-003   1.71406526E-003  -3.42772036E-003   1.71386020E-003  -6.00986011E-007   1.07525082E-006
      14       1     1.19944429E+001   1.00002270E+000   6.41696897E-003   1.19999997E+001   0.00000000E+000   3.70345821E-021  -2.69562032E-020  -1.19999997E+001   1.32839933E-020  -2.25628401E-020   1.53842359E-020   1.85219605E-003   1.85264245E-003  -3.70483851E-003   1.85241927E-003  -6.45877582E-007   1.15905062E-006
      15       1     1.19940245E+001   1.00002270E+000   6.90017753E-003   1.19999997E+001   0.00000000E+000   6.05493106E-021  -3.10939260E-020  -1.19999997E+001   1.32673799E-020   1.40819227E-020   1.02914503E-020   1.99166786E-003   1.99215122E-003  -3.98381908E-003   1.99190956E-003  -6.90477798E-007   1.24298294E-006
      16       1     1.19936033E+001   1.00002270E+000   7.38661313E-003   1.19999997E+001   0.00000000E+000  -1.46795349E-020   5.13519515E-020  -1.19999997E+001   4.93377046E-021  -1.82641479E-020  -9.94204922E-021   2.13207086E-003   2.13259193E-003  -4.26466279E-003   2.13233142E-003  -7.34761615E-007   1.32703761E-006
      17       1     1.19931793E+001   1.00002270E+000   7.87627631E-003   1.19999997E+001   0.00000000E+000   5.09810023E-021   1.03166380E-020  -1.19999997E+001  -5.27335912E-021  -1.01749833E-020  -3.73753288E-021   2.27340519E-003   2.27396475E-003  -4.54736994E-003   2.27368500E-003  -7.78690677E-007   1.41118643E-006
      18       1     1.19927526E+001   1.00002270E+000   8.36916303E-003   1.19999997E+001   0.00000000E+000  -2.79699750E-021  -4.19675047E-020  -1.19999997E+001   2.29375529E-020   1.83064996E-020   2.43521972E-021   2.41566969E-003   2.41626852E-003  -4.83193821E-003   2.41596913E-003  -8.22232306E-007   1.49540919E-006
      19       1     1.19923230E+001   1.00002270E+000   8.86527175E-003   1.19999997E+001   0.00000000E+000  -1.59650511E-021   4.48858806E-020  -1.19999997E+001   2.98941005E-020  -2.27216588E-020  -2.77403290E-021   2.55886395E-003   2.55950275E-003  -5.11836669E-003   2.55918337E-003  -8.65378416E-007   1.57970799E-006
      20       1     1.19918907E+001   1.00002270E+000   9.36460580E-003   1.19999997E+001   0.00000000E+000  -1.01410689E-020   6.28119598E-022  -1.19999997E+001  -2.39412229E-020   1.15302360E-020   1.03020382E-020   2.70298900E-003   2.70366833E-003  -5.40665732E-003   2.70332869E-003  -9.08102920E-007   1.66405500E-006
      21       1     1.19914555E+001   1.00002270E+000   9.86716763E-003   1.19999997E+001   0.00000000E+000  -9.11660569E-021   8.55188535E-020  -1.19999997E+001   8.19535396E-021  -3.84235321E-020  -4.50198011E-020   2.84804560E-003   2.84876592E-003  -5.69681151E-003   2.84840579E-003  -9.50369515E-007   1.74842511E-006
      22       1     1.19910176E+001   1.00002270E+000   1.03729587E-002   1.19999997E+001   0.00000000E+000   9.90945830E-021   4.34675140E-021  -1.19999997E+001  -2.85413552E-020   4.06469936E-020  -2.85661861E-020   2.99403420E-003   2.99479592E-003  -5.98883012E-003   2.99441509E-003  -9.92143883E-007   1.83280395E-006
      23       1     1.19905769E+001   1.00002270E+000   1.08819797E-002   1.19999997E+001   0.00000000E+000  -5.93207923E-021  -3.80932389E-020  -1.19999997E+001  -1.00849964E-020  -1.03761536E-020  -1.53524722E-020   3.14095499E-003   3.14175849E-003  -6.28271348E-003   3.14135677E-003  -1.03338543E-006   1.91717197E-006
      24       1     1.19901334E+001   1.00002270E+000   1.13942322E-002   1.19999997E+001   0.00000000E+000   2.40321559E-021  -1.27777898E-020  -1.19999997E+001   6.71998169E-021   1.62524447E-020  -1.28643129E-020   3.28880849E-003   3.28965414E-003  -6.57846263E-003   3.28923135E-003  -1.07405457E-006   2.00152210E-006
      25       1     1.19896871E+001   1.00002270E+000   1.19097184E-002   1.19999997E+001   0.00000000E+000   5.92714200E-021   2.67920905E-020  -1.19999997E+001  -8.79340554E-021  -6.47980205E-021  -7.76093938E-021   3.43759527E-003   3.43848340E-003  -6.87607867E-003   3.43803937E-003  -1.11411014E-006   2.08583961E-006
      26       1     1.19892380E+001   1.00002270E+000   1.24284404E-002   1.19999997E+001   0.00000000E+000  -2.46882962E-020   1.34030556E-020  -1.19999997E+001   2.14096004E-020   4.94455483E-021   4.50833286E-020   3.58731597E-003   3.58824697E-003  -7.17556294E-003   3.58778151E-003  -1.15351306E-006   2.17011478E-006
      27       1     1.19887861E+001   1.00002270E+000   1.29504003E-002   1.19999997E+001   0.00000000E+000  -9.66005301E-021  -2.89677823E-020  -1.19999997E+001   2.31565077E-021   6.63862072E-021   1.50771865E-020   3.73797120E-003   3.73894543E-003  -7.47691663E-003   3.73845835E-003  -1.19222652E-006   2.25433404E-006
      28       1     1.19883314E+001   1.00002270E+000   1.34755994E-002   1.19999997E+001   0.00000000E+000   1.14281386E-020   1.49564595E-020  -1.19999997E+001  -7.14777107E-021   1.37642854E-021  -5.08325647E-020   3.88956129E-003   3.89057917E-003  -7.78014046E-003   3.89007027E-003  -1.23020839E-006   2.33847990E-006
      29       1     1.19878739E+001   1.00002270E+000   1.40040385E-002   1.19999997E+001   0.00000000E+000  -1.16409645E-020   5.33200209E-020  -1.19999997E+001   2.27389986E-020  -1.03761536E-020   3.18484388E-020   4.04208647E-003   4.04314841E-003  -8.08523489E-003   4.04261749E-003  -1.26742226E-006   2.42253863E-006
      30       1     1.19874136E+001   1.00002270E+000   1.45357179E-002   1.19999997E+001   0.00000000E+000   8.11177770E-021  -2.72975806E-020  -1.19999997E+001   1.19828692E-020  -2.21499116E-020   2.74650433E-020   4.19554685E-003   4.19665329E-003  -8.39220014E-003   4.19610011E-003  -1.30382571E-006   2.50649707E-006
      31       1     1.19869505E+001   1.00002270E+000   1.50706391E-002   1.19999997E+001   0.00000000E+000   6.30470342E-021  -3.54339359E-020  -1.19999997E+001  -5.17241207E-021   1.35525272E-020   3.10755213E-020   4.34994282E-003   4.35109419E-003  -8.70103702E-003   4.35051855E-003  -1.33938255E-006   2.59033408E-006
      32       1     1.19864847E+001   1.00002269E+000   1.56088038E-002   1.19999997E+001   0.00000000E+000  -7.40757816E-021   8.83366856E-021  -1.19999997E+001  -6.08174206E-021  -1.79782743E-020   3.52153948E-020   4.50527489E-003   4.50647164E-003  -9.01174653E-003   4.50587331E-003  -1.37405896E-006   2.67402608E-006
      33       1     1.19860160E+001   1.00002269E+000   1.61502144E-002   1.19999997E+001   0.00000000E+000  -8.48637678E-021  -6.51812119E-020  -1.19999997E+001  -6.64129355E-021  -6.05628557E-021   3.39977849E-020   4.66154375E-003   4.66278632E-003  -9.32433007E-003   4.66216508E-003  -1.40781794E-006   2.75755345E-006
      34       1     1.19855445E+001   1.00002269E+000   1.66948734E-002   1.19999997E+001   0.00000000E+000  -5.93803493E-021  -2.93718601E-020  -1.19999997E+001  -5.82566762E-021   1.70253622E-020   1.48654282E-020   4.81875014E-003   4.82003895E-003  -9.63878909E-003   4.81939459E-003  -1.44063121E-006   2.84088842E-006
      35       1     1.19850701E+001   1.00002269E+000   1.72427826E-002   1.19999997E+001   0.00000000E+000   9.22862662E-021   5.29251663E-020  -1.19999997E+001   2.96799125E-020  -2.50933511E-020  -1.08208459E-020   4.97689457E-003   4.97823001E-003  -9.95512459E-003   4.97756234E-003  -1.47246820E-006   2.92400565E-006
      36       1     1.19845930E+001   1.00002269E+000   1.77939435E-002   1.19999997E+001   0.00000000E+000   5.08555810E-021   5.99377553E-020  -1.19999997E+001   3.54916731E-020  -2.33357577E-020   3.11708125E-020   5.13597752E-003   5.13735995E-003  -1.02733375E-002   5.13666878E-003  -1.50331264E-006   3.00689299E-006
      37       1     1.19841131E+001   1.00002269E+000   1.83483585E-002   1.19999997E+001   0.00000000E+000  -2.26304725E-020   3.96990859E-020  -1.19999997E+001   3.81121399E-021   2.65121312E-020  -3.57024387E-020   5.29599969E-003   5.29742943E-003  -1.05934291E-002   5.29671461E-003  -1.53314170E-006   3.08953791E-006
      38       1     1.19836304E+001   1.00002269E+000   1.89060310E-002   1.19999997E+001   0.00000000E+000   1.13306063E-020  -3.70680312E-020  -1.19999997E+001  -1.01887145E-020  -7.28448335E-021   5.25160427E-021   5.45696207E-003   5.45843941E-003  -1.09154015E-002   5.45770079E-003  -1.56193673E-006   3.17193123E-006
      39       1     1.19831448E+001   1.00002269E+000   1.94669680E-002   1.19999997E+001   0.00000000E+000   1.73139242E-022  -2.00109879E-020  -1.19999997E+001   7.07141196E-021   3.18907905E-020   6.76355808E-020   5.61886683E-003   5.62039173E-003  -1.12392586E-002   5.61962934E-003  -1.58981588E-006   3.25413621E-006
      40       1     1.19826564E+001   1.00002269E+000   2.00311961E-002   1.19999997E+001   0.00000000E+000  -1.77093682E-020   7.11985786E-020  -1.19999997E+001  -1.38987022E-020   1.66865491E-020  -3.48765816E-020   5.78172235E-003   5.78329345E-003  -1.15650158E-002   5.78250795E-003  -1.61689901E-006   3.33617171E-006
      41       1     1.19821651E+001   1.00002269E+000   2.05987454E-002   1.19999997E+001   0.00000000E+000  -1.39647836E-020   5.06345377E-020  -1.19999997E+001  -2.39959874E-020   3.41777794E-020  -1.49713073E-020   5.94553766E-003   5.94715290E-003  -1.18926906E-002   5.94634534E-003  -1.64306727E-006   3.41806051E-006
      42       1     1.19816710E+001   1.00002269E+000   2.11696377E-002   1.19999997E+001   0.00000000E+000   1.19305190E-020  -5.59751880E-020  -1.19999997E+001  -3.08081144E-020   2.60250873E-020  -3.59989003E-021   6.11031945E-003   6.11197591E-003  -1.22222954E-002   6.11114774E-003  -1.66856000E-006   3.49983249E-006
      43       1     1.19811739E+001   1.00002269E+000   2.17438846E-002   1.19999997E+001   0.00000000E+000  -7.90182892E-021  -2.44451723E-020  -1.19999997E+001  -1.91665503E-021  -2.61097906E-020  -3.01331971E-020   6.27607119E-003   6.27776576E-003  -1.25538369E-002   6.27691853E-003  -1.69328830E-006   3.58148485E-006
      44       1     1.19806740E+001   1.00002269E+000   2.23214870E-002   1.19999997E+001   0.00000000E+000  -1.93611859E-020  -3.74229330E-020  -1.19999997E+001  -1.25853979E-020   2.21499116E-020   5.85723283E-020   6.44279310E-003   6.44452273E-003  -1.28873158E-002   6.44365797E-003  -1.71723751E-006   3.66305796E-006
      45       1     1.19801711E+001   1.00002269E+000   2.29024390E-002   1.19999997E+001   0.00000000E+000  -2.75031608E-021  -1.13873405E-020  -1.19999997E+001   3.01276343E-020   3.06625927E-020  -1.40395711E-020   6.61048343E-003   6.61224518E-003  -1.32227286E-002   6.61136436E-003  -1.74027421E-006   3.74450645E-006
      46       1     1.19796020E+001   1.00002269E+000   2.35599123E-002   1.19999997E+001   0.00000000E+000  -9.27756469E-021  -9.93559721E-021  -1.19999997E+001  -1.40119536E-020   5.31513174E-020   7.09390093E-021   6.80143127E-003   6.80088973E-003  -1.36023210E-002   6.80116058E-003  -1.74284460E-006   3.83101462E-006
      47       1     1.19789475E+001   1.00002269E+000   2.43161425E-002   1.19999997E+001   0.00000000E+000  -8.29598823E-021  -5.26226663E-020  -1.19999997E+001  -2.65665597E-021   1.43995601E-020   4.86620428E-020   7.02019791E-003   7.01873230E-003  -1.40389302E-002   7.01946521E-003  -2.73334219E-006   4.88253480E-006
      48       1     1.19783689E+001   1.00002269E+000   2.49846739E-002   1.19999997E+001   0.00000000E+000  -8.02923541E-021  -6.59047881E-021  -1.19999997E+001   2.74839030E-021  -2.25946039E-020  -3.02390762E-020   7.21086949E-003   7.21403754E-003  -1.44249070E-002   7.21245359E-003  -2.58611834E-006   4.87647892E-006
      49       1     1.19778933E+001   1.00002269E+000   2.55341162E-002   1.19999997E+001   0.00000000E+000  -2.16519411E-020   8.19994895E-020  -1.19999997E+001  -1.80194989E-020  -1.00373404E-020   9.08442836E-021   7.36961828E-003   7.37250961E-003  -1.47421279E-002   7.37106401E-003  -2.08634041E-006   4.67563092E-006
      50       1     1.19774147E+001   1.00002269E+000   2.60871968E-002   1.19999997E+001   0.00000000E+000  -5.22562563E-021  -2.09331289E-020  -1.19999997E+001   2.45143143E-020   5.33630757E-021  -2.56227467E-021   7.52939700E-003   7.53205214E-003  -1.50614491E-002   7.53072464E-003  -1.90022384E-006   4.63866344E-006
      51       1     1.19769339E+001   1.00002269E+000   2.66426393E-002   1.19999997E+001   0.00000000E+000  -3.08647582E-021   5.48395104E-020  -1.19999997E+001  -2.60226885E-021  -3.35425047E-020  -2.36322192E-020   7.68987764E-003   7.69225647E-003  -1.53821341E-002   7.69106712E-003  -1.70427640E-006   4.59885895E-006
      52       1     1.19764512E+001   1.00002269E+000   2.72004355E-002   1.19999997E+001   0.00000000E+000  -2.72219970E-021  -5.93439224E-020  -1.19999997E+001   3.82285656E-021   1.72371205E-020   1.84653183E-020   7.85104153E-003   7.85313641E-003  -1.57041779E-002   7.85208904E-003  -1.51130593E-006   4.55668343E-006
      53       1     1.19759664E+001   1.00002269E+000   2.77605716E-002   1.19999997E+001   0.00000000E+000  -2.11060872E-020  -1.82840003E-020  -1.19999997E+001   3.72074318E-020   3.65918233E-020  -6.89908336E-020   8.01289207E-003   8.01468064E-003  -1.60275727E-002   8.01378642E-003  -1.31604800E-006   4.51388564E-006
      54       1     1.19754796E+001   1.00002269E+000   2.83230315E-002   1.19999997E+001   0.00000000E+000  -4.82514614E-021  -9.64161722E-022  -1.19999997E+001  -3.99604750E-021  -1.95664611E-020   4.48927462E-021   8.17542979E-003   8.17687937E-003  -1.63523092E-002   8.17615465E-003  -1.12495152E-006   4.47572998E-006
      55       1     1.19749909E+001   1.00002269E+000   2.88877444E-002   1.19999997E+001   0.00000000E+000  -6.43051759E-021  -2.95221588E-020  -1.19999997E+001  -2.34930358E-020  -7.62329653E-021   3.45165926E-020   8.33861601E-003   8.33973032E-003  -1.66783463E-002   8.33917323E-003  -9.23027821E-007   4.43063726E-006
      56       1     1.19745003E+001   1.00002269E+000   2.94546505E-002   1.19999997E+001   0.00000000E+000   1.29160841E-020  -2.03520345E-020  -1.19999997E+001  -2.96771517E-020   8.85149430E-021   5.96311195E-020   8.50243780E-003   8.50321199E-003  -1.70056498E-002   8.50282495E-003  -7.15509524E-007   4.38866864E-006
      57       1     1.19740081E+001   1.00002269E+000   3.00234055E-002   1.19999997E+001   0.00000000E+000  -1.38902753E-020   1.36650237E-020  -1.19999997E+001  -1.85430836E-020  -4.55703726E-020   3.63800651E-020   8.66680188E-003   8.66721875E-003  -1.73340206E-002   8.66701038E-003  -5.44353247E-007   4.34343665E-006
      58       1     1.19735145E+001   1.00002269E+000   3.05938351E-002   1.19999997E+001   0.00000000E+000  -4.14815568E-021  -2.31806613E-020  -1.19999997E+001   1.05107566E-020  -6.18334051E-021   2.97308564E-020   8.83163411E-003   8.83172429E-003  -1.76633584E-002   8.83167926E-003  -4.03670146E-007   4.31501849E-006
      59       1     1.19730196E+001   1.00002269E+000   3.11656861E-002   1.19999997E+001   0.00000000E+000   1.78129778E-020   2.11977440E-020  -1.19999997E+001   1.56340238E-020  -2.02017358E-020  -9.82558219E-021   8.99687256E-003   8.99664419E-003  -1.79935167E-002   8.99675843E-003  -2.43856930E-007   4.27757958E-006
      60       1     1.19725235E+001   1.00002269E+000   3.17389434E-002   1.19999997E+001   0.00000000E+000  -1.26422097E-020  -5.72150076E-020  -1.19999997E+001   1.70631851E-020  -4.40457133E-020  -2.82061971E-020   9.16255794E-003   9.16192901E-003  -1.83244870E-002   9.16224354E-003  -8.53948176E-008   4.32350196E-006
      61       1     1.19720263E+001   1.00002269E+000   3.23135751E-002   1.19999997E+001   0.00000000E+000  -3.18540533E-021  -6.05757597E-020  -1.19999997E+001  -2.78375641E-020   1.27054942E-020  -6.78049874E-020   9.32876007E-003   9.32749067E-003  -1.86562507E-002   9.32812543E-003   8.63103909E-008   4.41833213E-006
      62       1     1.19715278E+001   1.00002269E+000   3.28896387E-002   1.19999997E+001   0.00000000E+000   1.74893899E-021  -1.39753819E-020  -1.19999997E+001  -9.92294135E-021   1.24937360E-020  -2.23193182E-020   9.49547660E-003   9.49336457E-003  -1.89888412E-002   9.49442065E-003   2.17228749E-007   4.54951466E-006
      63       1     1.19710275E+001   1.00002269E+000   3.34677362E-002   1.19999997E+001   0.00000000E+000   1.82651819E-020   4.53786321E-020  -1.19999997E+001   9.77287010E-021  -4.74338450E-021   3.06625927E-020   9.66282069E-003   9.65978516E-003  -1.93226059E-002   9.66130300E-003   4.00778081E-007   4.64812882E-006
      64       1     1.19705254E+001   1.00002269E+000   3.40480523E-002   1.19999997E+001   0.00000000E+000   1.03745096E-020  -1.54688565E-020  -1.19999997E+001   1.63655616E-021  -3.21872520E-021  -7.16589873E-020   9.83086224E-003   9.82678920E-003  -1.96576514E-002   9.82882580E-003   5.47670213E-007   4.71256849E-006
      65       1     1.19700211E+001   1.00002269E+000   3.46307551E-002   1.19999997E+001   0.00000000E+000   3.07330271E-020   4.21768641E-020  -1.19999997E+001   1.77344577E-020   1.52465931E-021   5.37442405E-020   9.99962048E-003   9.99445450E-003  -1.99940750E-002   9.99703757E-003   7.05064855E-007   4.82464790E-006
      66       1     1.19695148E+001   1.00002269E+000   3.52159779E-002   1.19999997E+001   0.00000000E+000   1.59398221E-020   5.09906390E-020  -1.19999997E+001  -1.40157793E-020  -2.38863291E-020  -4.29869221E-020   1.01690722E-002   1.01628813E-002  -2.03319534E-002   1.01659768E-002   8.85898653E-007   4.94720015E-006
      67       1     1.19690062E+001   1.00002269E+000   3.58037491E-002   1.19999997E+001   0.00000000E+000   1.00221203E-021   7.45826572E-020  -1.19999997E+001   1.58764497E-020  -2.77826807E-020  -1.39760436E-020   1.03392204E-002   1.03320828E-002  -2.06713032E-002   1.03356517E-002   1.08158058E-006   5.09719084E-006
      68       1     1.19684949E+001   1.00002269E+000   3.63946595E-002   1.19999997E+001   0.00000000E+000  -2.61805456E-020  -5.18043365E-020  -1.19999997E+001   2.52362362E-020  -6.18334051E-021  -7.25907236E-020   1.05101817E-002   1.05022836E-002  -2.10124653E-002   1.05062328E-002   1.35537162E-006   5.21617181E-006
      69       1     1.19679809E+001   1.00002269E+000   3.69886421E-002   1.19999997E+001   0.00000000E+000   2.83921680E-020  -1.20899891E-020  -1.19999997E+001   4.48789943E-020  -5.93770096E-020   6.14098887E-020   1.06820275E-002   1.06733737E-002  -2.13554012E-002   1.06777007E-002   1.59067888E-006   5.36162138E-006
      70       1     1.19674644E+001   1.00002269E+000   3.75856049E-002   1.19999997E+001   0.00000000E+000   2.68977008E-020  -1.21081044E-020  -1.19999997E+001  -2.54749812E-020  -3.69306365E-020  -4.85349879E-020   1.08547211E-002   1.08453367E-002  -2.17000578E-002   1.08500290E-002   1.81251538E-006   5.51897736E-006
      71       1     1.19669437E+001   1.00002269E+000   3.81874375E-002   1.19999997E+001   0.00000000E+000   2.49224013E-020  -8.57424817E-020  -1.19999997E+001   4.18082517E-020  -8.47032947E-021  -3.30342849E-021   1.10290946E-002   1.10184312E-002  -2.20475258E-002   1.10237630E-002   2.00616715E-006   5.70231622E-006
      72       1     1.19663971E+001   1.00002269E+000   3.88191997E-002   1.19999997E+001   0.00000000E+000  -1.08941238E-020   1.23977996E-019  -1.19999997E+001   8.07605383E-021  -2.65968345E-020   1.94817578E-021   1.12118646E-002   1.12004087E-002  -2.24122733E-002   1.12061368E-002  -1.19222160E-007   7.59044105E-006
      73       1     1.19658485E+001   1.00002269E+000   3.94532214E-002   1.19999997E+001   0.00000000E+000   4.36100993E-021  -1.68038433E-020  -1.19999997E+001   2.00075138E-020  -1.01643954E-021   3.72694497E-020   1.13953505E-002   1.13829752E-002  -2.27783257E-002   1.13891630E-002  -4.18250892E-007   7.96175393E-006
      74       1     1.19653079E+001   1.00002269E+000   4.00781026E-002   1.19999997E+001   0.00000000E+000  -3.44417328E-021  -1.25361703E-020  -1.19999997E+001   9.45942035E-021  -7.91128773E-020  -2.10064171E-020   1.15748294E-002   1.15642717E-002  -2.31391011E-002   1.15695507E-002  -4.38263395E-007   8.33954484E-006
      75       1     1.19647635E+001   1.00002269E+000   4.07072488E-002   1.19999997E+001   0.00000000E+000  -3.16528933E-021   5.37424207E-020  -1.19999997E+001  -1.38297257E-020   2.52415818E-020  -1.50771865E-020   1.17563056E-002   1.17460332E-002  -2.35023388E-002   1.17511696E-002   1.42698001E-007   8.59325320E-006
      76       1     1.19642153E+001   1.00002269E+000   4.13409536E-002   1.19999997E+001   0.00000000E+000  -6.45953871E-021  -1.07764428E-019  -1.19999997E+001   4.12360082E-020   3.36272080E-020   7.22519104E-020   1.19405518E-002   1.19276564E-002  -2.38682083E-002   1.19341043E-002  -6.92483552E-007   8.28091307E-006
      77       1     1.19636724E+001   1.00002269E+000   4.19684402E-002   1.19999997E+001   0.00000000E+000   2.48879466E-020   2.22563697E-020  -1.19999997E+001   7.42717200E-021   3.31189882E-020  -1.13502415E-020   1.21211559E-002   1.21093320E-002  -2.42304879E-002   1.21152441E-002  -7.03196588E-007   8.68700336E-006
      78       1     1.19631169E+001   1.00002269E+000   4.26104925E-002   1.19999997E+001   0.00000000E+000   6.48264031E-021   1.15734975E-019  -1.19999997E+001  -9.33210691E-021   1.54159996E-020   1.73641754E-020   1.23071802E-002   1.22939958E-002  -2.46011760E-002   1.23005882E-002  -2.77062567E-006   1.03334235E-005
      79       1     1.19625642E+001   1.00002269E+000   4.32494254E-002   1.19999997E+001   0.00000000E+000  -1.16559933E-020  -6.69862441E-020  -1.19999997E+001  -1.79815623E-020  -2.87991202E-020  -5.97158228E-020   1.24918302E-002   1.24782337E-002  -2.49700639E-002   1.24850322E-002  -2.57015255E-006   1.07659135E-005
      80       1     1.19620078E+001   1.00002269E+000   4.38925718E-002   1.19999997E+001   0.00000000E+000   3.46823079E-020   3.69691831E-020  -1.19999997E+001   5.02949801E-020   2.04981973E-020   2.07523072E-020   1.26776932E-002   1.26636912E-002  -2.53413845E-002   1.26706925E-002  -2.39556747E-006   1.12109940E-005
      81       1     1.19614485E+001   1.00002269E+000   4.45390467E-002   1.19999997E+001   0.00000000E+000  -1.79649722E-020  -5.71619026E-020  -1.19999997E+001   5.17077425E-020  -3.18484388E-020   3.86247024E-020   1.28643600E-002   1.28502666E-002  -2.57146266E-002   1.28573136E-002  -2.66269438E-006   1.18507773E-005
      82       1     1.19608856E+001   1.00002269E+000   4.51897379E-002   1.19999997E+001   0.00000000E+000   1.53394648E-020   6.38153299E-020  -1.19999997E+001   9.72467649E-021   2.01593841E-020  -7.11507676E-020   1.30522010E-002   1.30381021E-002  -2.60903031E-002   1.30451518E-002  -3.13424457E-006   1.23599028E-005
      83       1     1.19603181E+001   1.00002269E+000   4.58457430E-002   1.19999997E+001   0.00000000E+000  -1.22486785E-020  -5.23039536E-020  -1.19999997E+001  -2.68614289E-020   8.72443936E-020  -6.69156028E-020   1.32414245E-002   1.32276230E-002  -2.64690475E-002   1.32345240E-002  -3.47862183E-006   1.32877460E-005
      84       1     1.19597449E+001   1.00002269E+000   4.65084128E-002   1.19999997E+001   0.00000000E+000   3.16101384E-021   3.36073557E-020  -1.19999997E+001   3.98679755E-020  -1.93123512E-020   7.32683499E-020   1.34325150E-002   1.34191248E-002  -2.68516398E-002   1.34258202E-002  -4.28284051E-006   1.37210315E-005
      85       1     1.19591664E+001   1.00002269E+000   4.71770892E-002   1.19999997E+001   0.00000000E+000  -3.38850299E-020   8.72031173E-020  -1.19999997E+001   1.09802229E-020   6.69156028E-021   4.46386363E-020   1.36261526E-002   1.36115471E-002  -2.72376997E-002   1.36188502E-002  -4.82703371E-006   1.45975631E-005
      86       1     1.19585832E+001   1.00002269E+000   4.78513701E-002   1.19999997E+001   0.00000000E+000  -4.22470607E-021   1.39325339E-019  -1.19999997E+001  -2.47787743E-020   5.14996032E-020   6.81014490E-020   1.38203112E-002   1.38066846E-002  -2.76269959E-002   1.38134983E-002  -4.60060875E-006   1.51478829E-005
      87       1     1.19579887E+001   1.00002269E+000   4.85386225E-002   1.19999997E+001   0.00000000E+000  -2.28867434E-021  -6.84581292E-020  -1.19999997E+001  -2.02485439E-020  -4.50621528E-020  -4.50621528E-020   1.40196567E-002   1.40041240E-002  -2.80237806E-002   1.40118906E-002  -1.48875883E-006   1.65698390E-005
      88       1     1.19573994E+001   1.00002269E+000   4.92199155E-002   1.19999997E+001   0.00000000E+000  -1.00873874E-020  -8.88563204E-020  -1.19999997E+001   4.43023460E-021   2.54109884E-021  -4.38763067E-020   1.42158999E-002   1.42012248E-002  -2.84171247E-002   1.42085627E-002  -1.66945367E-006   1.77692302E-005
      89       1     1.19568040E+001   1.00002269E+000   4.99082505E-002   1.19999997E+001   0.00000000E+000  -3.27962224E-020  -3.03226215E-020  -1.19999997E+001  -8.95174859E-021   6.09863722E-021   3.01543729E-020   1.44142551E-002   1.44002798E-002  -2.88145349E-002   1.44072678E-002  -1.47975690E-006   1.84679121E-005
      90       1     1.19561936E+001   1.00002269E+000   5.06138511E-002   1.19999997E+001   0.00000000E+000  -1.81566868E-020   1.02298584E-019  -1.19999997E+001  -9.41286042E-021   2.54109884E-020  -7.96210970E-020   1.46173163E-002   1.46045973E-002  -2.92219136E-002   1.46109571E-002  -1.47861009E-006   1.87953141E-005
      91       1     1.19555897E+001   1.00002269E+000   5.13120942E-002   1.19999997E+001   0.00000000E+000  -6.33182977E-021   2.03616298E-020  -1.19999997E+001  -7.46441581E-021   5.94617129E-020   3.72694497E-020   1.48179117E-002   1.48071333E-002  -2.96250450E-002   1.48125228E-002  -1.37941571E-006   1.83370758E-005
      92       1     1.19549737E+001   1.00002269E+000   5.20242741E-002   1.19999997E+001   0.00000000E+000   8.05709072E-021   1.98986568E-020  -1.19999997E+001   3.80080703E-020   4.91279109E-021  -3.15096256E-020   1.50241852E-002   1.50120357E-002  -3.00362209E-002   1.50181108E-002  -1.33937959E-006   2.04149113E-005
      93       1     1.19543626E+001   1.00002269E+000   5.27307901E-002   1.19999997E+001   0.00000000E+000   2.53239277E-021  -7.71106039E-021  -1.19999997E+001  -2.52851536E-020   3.81164826E-020   7.70799982E-020   1.52285816E-002   1.52155462E-002  -3.04441278E-002   1.52220642E-002  -6.13111003E-007   2.09226693E-005
      94       1     1.19537497E+001   1.00002269E+000   5.34394254E-002   1.19999997E+001   0.00000000E+000   4.55285379E-022  -8.54343570E-020  -1.19999997E+001  -3.29700750E-020  -4.20128342E-020  -2.43945489E-020   1.54327692E-002   1.54204892E-002  -3.08532583E-002   1.54266295E-002  -8.67971451E-007   2.14895029E-005
      95       1     1.19531267E+001   1.00002269E+000   5.41597935E-002   1.19999997E+001   0.00000000E+000   5.28379711E-021   1.07277054E-021  -1.19999997E+001  -2.79994537E-020   4.91279109E-021  -3.69306365E-020   1.56391949E-002   1.56299687E-002  -3.12691635E-002   1.56345821E-002  -6.83855713E-007   2.13655997E-005
      96       1     1.19525036E+001   1.00002269E+000   5.48801710E-002   1.19999997E+001   0.00000000E+000   2.25426828E-020   1.61841196E-020  -1.19999997E+001   1.26056949E-020   1.88041314E-020  -6.09863722E-021   1.58459358E-002   1.58391371E-002  -3.16850729E-002   1.58425368E-002  -1.12353854E-006   2.28653009E-005
      97       1     1.19518750E+001   1.00002269E+000   5.56070420E-002   1.19999997E+001   0.00000000E+000   1.18412921E-020  -7.57437706E-020  -1.19999997E+001  -1.13445546E-020   8.69055804E-020   2.71050543E-020   1.60542496E-002   1.60504832E-002  -3.21047328E-002   1.60523667E-002  -1.00831887E-006   2.21019778E-005
      98       1     1.19512443E+001   1.00002269E+000   5.63362455E-002   1.19999997E+001   0.00000000E+000   3.47375739E-020  -4.44704705E-020  -1.19999997E+001  -2.12585934E-020  -1.54159996E-020   5.43795152E-020   1.62639358E-002   1.62618032E-002  -3.25257390E-002   1.62628698E-002  -1.16517909E-006   2.18455972E-005
      99       1     1.19506108E+001   1.00002269E+000   5.70687782E-002   1.19999997E+001   0.00000000E+000  -6.02214369E-021  -1.29972987E-019  -1.19999997E+001  -4.00255431E-020   4.65868121E-020   8.36868552E-020   1.64749640E-002   1.64737026E-002  -3.29486666E-002   1.64743336E-002  -1.14550061E-006   2.23973309E-005
     100       1     1.19497778E+001   1.00002269E+000   5.80320406E-002   1.19999997E+001   0.00000000E+000   9.59507797E-021  -4.14220618E-020  -1.19999997E+001  -2.45365241E-020  -2.71050543E-020  -7.35224598E-020   1.67536714E-002   1.67511312E-002  -3.35048026E-002   1.67524017E-002  -1.61852534E-006   2.76552252E-005
     101       1     1.19490095E+001   1.00002269E+000   5.89204440E-002   1.19999997E+001   0.00000000E+000   1.48245810E-020  -7.61657982E-020  -1.19999997E+001   2.38886969E-020  -3.21872520E-020   8.87690529E-020   1.70087161E-002   1.70090105E-002  -3.40177265E-002   1.70088636E-002  -2.86463520E-006   2.24406635E-005
     102       1     1.19484015E+001   1.00002269E+000   5.96234884E-002   1.19999997E+001   0.00000000E+000  -2.75112827E-020  -1.72989936E-020  -1.19999997E+001   2.52144296E-021   7.19978005E-020   4.72644385E-020   1.72117161E-002   1.72119133E-002  -3.44236294E-002   1.72118150E-002  -2.21255937E-006   2.26711216E-005
     103       1     1.19477925E+001   1.00002269E+000   6.03277348E-002   1.19999997E+001   0.00000000E+000  -2.26872636E-020  -9.23594303E-020  -1.19999997E+001  -3.09172196E-021   5.92923063E-020  -4.54009660E-020   1.74148101E-002   1.74154159E-002  -3.48302259E-002   1.74151133E-002  -1.98919980E-006   2.32495628E-005
     104       1     1.19471816E+001   1.00002269E+000   6.10341480E-002   1.19999997E+001   0.00000000E+000   3.18674433E-021  -2.73834006E-020  -1.19999997E+001  -1.03713043E-020   7.45388994E-021  -8.85996463E-020   1.76186260E-002   1.76194479E-002  -3.52380739E-002   1.76190373E-002  -1.94670548E-006   2.32334341E-005
     105       1     1.19464973E+001   1.00002269E+000   6.18255296E-002   1.19999997E+001   0.00000000E+000  -1.50401986E-021  -2.55425929E-020  -1.19999997E+001  -3.41209728E-020   4.23516474E-020   3.65918233E-020   1.78480378E-002   1.78469398E-002  -3.56949780E-002   1.78474896E-002   1.40827379E-006   2.37365282E-005
     106       1     1.19457177E+001   1.00002269E+000   6.27270415E-002   1.19999997E+001   0.00000000E+000  -3.07489503E-020  -1.15203098E-020  -1.19999997E+001  -6.04735202E-021   1.08420217E-020  -3.04931861E-021   1.81055708E-002   1.81098917E-002  -3.62154619E-002   1.81077311E-002   1.43237224E-006   2.95771104E-005
     107       1     1.19451123E+001   1.00002269E+000   6.34271303E-002   1.19999997E+001   0.00000000E+000  -1.96234848E-020  -1.12127972E-019  -1.19999997E+001   3.57583768E-020   1.96511644E-020   6.67461962E-020   1.83085454E-002   1.83111133E-002  -3.66196587E-002   1.83098297E-002   3.32937243E-006   2.93166377E-005
     108       1     1.19444573E+001   1.00002269E+000   6.41846454E-002   1.19999997E+001   0.00000000E+000   5.00990210E-021  -7.99620609E-020  -1.19999997E+001   1.10228434E-020  -1.49077799E-020   8.57197343E-020   1.85277262E-002   1.85292869E-002  -3.70570131E-002   1.85285069E-002  -9.81180655E-007   2.58050320E-005
     109       1     1.19438271E+001   1.00002269E+000   6.49135109E-002   1.19999997E+001   0.00000000E+000  -4.49716386E-021   6.07385489E-020  -1.19999997E+001   9.63355221E-022  -3.16790322E-020  -3.42201311E-020   1.87384093E-002   1.87394154E-002  -3.74778251E-002   1.87389127E-002  -2.64058838E-006   2.41414538E-005
     110       1     1.19432296E+001   1.00002269E+000   6.56045297E-002   1.19999997E+001   0.00000000E+000   4.48617269E-021  -2.12047750E-021  -1.19999997E+001   2.32213586E-020  -8.11457563E-020   4.30292737E-020   1.89380675E-002   1.89387171E-002  -3.78767849E-002   1.89383926E-002  -2.87305685E-006   2.44584797E-005
     111       1     1.19426306E+001   1.00002269E+000   6.62973424E-002   1.19999997E+001   0.00000000E+000  -2.45148313E-020   6.39058235E-020  -1.19999997E+001   2.02387108E-020  -5.82758668E-020  -3.89635156E-020   1.91376123E-002   1.91391676E-002  -3.82767802E-002   1.91383903E-002  -3.35025142E-006   2.49139858E-005
     112       1     1.19420280E+001   1.00002269E+000   6.69942069E-002   1.19999997E+001   0.00000000E+000   2.24329366E-020   3.79574985E-020  -1.19999997E+001   2.61953831E-020  -5.06525702E-020  -1.79570985E-020   1.93393310E-002   1.93397837E-002  -3.86791144E-002   1.93395577E-002  -4.31734537E-006   2.55553938E-005
     113       1     1.19414187E+001   1.00002269E+000   6.76989783E-002   1.19999997E+001   0.00000000E+000   3.85307657E-020  -8.97173327E-020  -1.19999997E+001   4.01038151E-020  -6.47133172E-020   9.04631188E-020   1.95431610E-002   1.95428542E-002  -3.90860148E-002   1.95430079E-002  -5.28025789E-006   2.47389400E-005
     114       1     1.19407628E+001   1.00002269E+000   6.84575552E-002   1.19999997E+001   0.00000000E+000   3.58085040E-020  -3.39666002E-020  -1.19999997E+001  -7.34883800E-021   2.38863291E-020   1.55854062E-020   1.97640649E-002   1.97599158E-002  -3.95239807E-002   1.97619911E-002  -6.58345011E-006   2.22715129E-005
     115       1     1.19400842E+001   1.00002269E+000   6.92424651E-002   1.19999997E+001   0.00000000E+000  -1.67633657E-020  -1.53748888E-020  -1.19999997E+001  -2.41518748E-020   7.11507676E-020  -4.74338450E-020   1.99903676E-002   1.99867795E-002  -3.99771471E-002   1.99885743E-002  -3.37225055E-006   2.55610340E-005
     116       1     1.19394512E+001   1.00002269E+000   6.99746099E-002   1.19999997E+001   0.00000000E+000  -2.69338589E-020   4.48983710E-020  -1.19999997E+001   2.51674871E-020  -1.99899776E-020  -6.77626358E-020   2.02013577E-002   2.01984919E-002  -4.03998493E-002   2.01999252E-002  -3.81093315E-006   2.83736918E-005
     117       1     1.19388157E+001   1.00002269E+000   7.07097481E-002   1.19999997E+001   0.00000000E+000  -2.07202229E-020   1.00251478E-019  -1.19999997E+001  -3.53602961E-020  -4.98055373E-020  -3.86247024E-020   2.04110014E-002   2.04132765E-002  -4.08242773E-002   2.04121390E-002  -4.20361877E-006   3.40841549E-005
     118       1     1.19381975E+001   1.00002269E+000   7.14247954E-002   1.19999997E+001   0.00000000E+000  -1.02779104E-020   4.05755252E-020  -1.19999997E+001   4.01737428E-020  -3.38813179E-021   7.35224598E-020   2.06201718E-002   2.06169406E-002  -4.12371120E-002   2.06185566E-002  -6.10111610E-006   3.14060513E-005
     119       1     1.19375882E+001   1.00002269E+000   7.21296047E-002   1.19999997E+001   0.00000000E+000   2.56081883E-020  -8.13097035E-020  -1.19999997E+001   3.37306469E-020  -2.91379334E-020   5.18384164E-020   2.08234462E-002   2.08205872E-002  -4.16440332E-002   2.08220172E-002  -6.99053072E-006   3.23467865E-005
     120       1     1.19369931E+001   1.00002269E+000   7.28179506E-002   1.19999997E+001   0.00000000E+000  -1.52572327E-020  -1.17167321E-019  -1.19999997E+001  -2.08256781E-020   5.18384164E-020   5.35324823E-020   2.10229373E-002   2.10185122E-002  -4.20414492E-002   2.10207253E-002  -8.41364322E-006   3.29148954E-005
     121       1     1.19363917E+001   1.00002269E+000   7.35136121E-002   1.19999997E+001   0.00000000E+000  -2.36038986E-020   8.71976579E-020  -1.19999997E+001   3.26459443E-020   6.09863722E-020   7.11507676E-021   2.12233350E-002   2.12197533E-002  -4.24430880E-002   2.12215447E-002  -8.45791952E-006   3.49867710E-005
     122       1     1.19357839E+001   1.00002269E+000   7.42166900E-002   1.19999997E+001   0.00000000E+000   3.95383234E-020  -3.68943233E-020  -1.19999997E+001  -4.12487675E-020   9.14795583E-021   1.89735380E-020   2.14260482E-002   2.14229627E-002  -4.28490106E-002   2.14245060E-002  -8.42330567E-006   3.47388227E-005
     123       1     1.19351775E+001   1.00002269E+000   7.49182025E-002   1.19999997E+001   0.00000000E+000  -1.73231628E-020   1.77536948E-020  -1.19999997E+001  -3.31903946E-020   3.15096256E-020  -4.06575815E-020   2.16283921E-002   2.16256356E-002  -4.32540275E-002   2.16270145E-002  -1.00606870E-005   3.63164197E-005
     124       1     1.19345560E+001   1.00002269E+000   7.56371817E-002   1.19999997E+001   0.00000000E+000  -5.68310304E-021  -5.41292104E-020  -1.19999997E+001  -6.85816583E-020   4.33680869E-020  -2.20228566E-020   2.18358918E-002   2.18332404E-002  -4.36691321E-002   2.18345668E-002  -1.21385758E-005   3.37299937E-005
     125       1     1.19339565E+001   1.00002269E+000   7.63306027E-002   1.19999997E+001   0.00000000E+000   2.20529505E-020  -1.29990358E-019  -1.19999997E+001   1.03905052E-020   2.96461532E-020  -8.63973606E-020   2.20359214E-002   2.20335574E-002  -4.40694788E-002   2.20347401E-002  -1.32981260E-005   3.36981700E-005
     126       1     1.19333580E+001   1.00002269E+000   7.70230620E-002   1.19999997E+001   0.00000000E+000   5.25311388E-021   1.83365014E-019  -1.19999997E+001  -3.83526013E-020   7.79270311E-020  -5.45489218E-020   2.22362132E-002   2.22330565E-002  -4.44692696E-002   2.22346356E-002  -1.36077060E-005   3.45840901E-005
     127       1     1.19327546E+001   1.00002269E+000   7.77211033E-002   1.19999997E+001   0.00000000E+000  -9.49226459E-021  -8.13821646E-021  -1.19999997E+001  -4.61756827E-020  -4.98055373E-020   6.47133172E-020   2.24379836E-002   2.24342994E-002  -4.48722827E-002   2.24361420E-002  -1.40993344E-005   3.61353285E-005
     128       1     1.19321485E+001   1.00002269E+000   7.84222363E-002   1.19999997E+001   0.00000000E+000  -4.44678856E-021   1.63332106E-019  -1.19999997E+001   1.05527670E-020   4.04881749E-020   9.92722614E-020   2.26382505E-002   2.26388304E-002  -4.52770805E-002   2.26385409E-002  -1.50496131E-005   3.78801114E-005
     129       1     1.19315423E+001   1.00002269E+000   7.91235845E-002   1.19999997E+001   0.00000000E+000  -2.23341040E-020  -4.09402291E-020  -1.19999997E+001   2.11003021E-020  -4.94667241E-020  -9.14795583E-020   2.28390868E-002   2.28429169E-002  -4.56820035E-002   2.28410026E-002  -1.57615573E-005   3.83338590E-005
     130       1     1.19309328E+001   1.00002269E+000   7.98287631E-002   1.19999997E+001   0.00000000E+000   3.12989750E-020   5.77452304E-020  -1.19999997E+001  -1.62266573E-020  -2.42251423E-020  -8.47032947E-021   2.30430643E-002   2.30460760E-002  -4.60891405E-002   2.30445714E-002  -1.41337157E-005   3.66979402E-005
     131       1     1.19303281E+001   1.00002269E+000   8.05283898E-002   1.19999997E+001   0.00000000E+000  -2.33819351E-020  -1.02521013E-019  -1.19999997E+001  -7.31870794E-021   8.47032947E-021  -4.77726582E-020   2.32452336E-002   2.32478341E-002  -4.64930668E-002   2.32465339E-002  -1.74098090E-005   3.97531426E-005
     132       1     1.19297214E+001   1.00002269E+000   8.12303398E-002   1.19999997E+001   0.00000000E+000   8.98122724E-021   1.98410850E-020  -1.19999997E+001  -3.45600609E-020  -4.94667241E-020   4.67562187E-020   2.34467560E-002   2.34515824E-002  -4.68983379E-002   2.34491697E-002  -1.70862271E-005   3.99040253E-005
     133       1     1.19291144E+001   1.00002269E+000   8.19325884E-002   1.19999997E+001   0.00000000E+000  -3.26894075E-020   3.84552958E-020  -1.19999997E+001  -4.84477410E-020  -2.16840434E-020  -1.04354459E-019   2.36489451E-002   2.36548353E-002  -4.73037798E-002   2.36518906E-002  -1.74169864E-005   4.17191014E-005
     134       1     1.19285070E+001   1.00002269E+000   8.26353298E-002   1.19999997E+001   0.00000000E+000   1.05719266E-020   2.07496602E-020  -1.19999997E+001  -3.16280779E-020   2.20228566E-020   3.25260652E-020   2.38501221E-002   2.38593871E-002  -4.77095085E-002   2.38547549E-002  -1.81106361E-005   4.04752017E-005
     135       1     1.19278994E+001   1.00002269E+000   8.33383556E-002   1.19999997E+001   0.00000000E+000   9.46865634E-021   4.04149694E-020  -1.19999997E+001   3.34059992E-020   9.65617560E-020   8.67361738E-020   2.40530046E-002   2.40623946E-002  -4.81153990E-002   2.40577002E-002  -2.06167113E-005   4.15497506E-005
     136       1     1.19272841E+001   1.00002269E+000   8.40503389E-002   1.19999997E+001   0.00000000E+000  -2.47091877E-020  -3.29523941E-020  -1.19999997E+001  -4.96447954E-021  -4.81114714E-020  -2.03287907E-020   2.42562080E-002   2.42702537E-002  -4.85264621E-002   2.42632320E-002  -2.23043364E-005   4.13847734E-005
     137       1     1.19266625E+001   1.00002269E+000   8.47695746E-002   1.19999997E+001   0.00000000E+000   1.16428256E-020   1.16217801E-019  -1.19999997E+001  -1.35063705E-020   7.65717784E-020  -1.15196481E-020   2.44627107E-002   2.44790007E-002  -4.89417117E-002   2.44708573E-002  -2.51588731E-005   4.10606888E-005
     138       1     1.19260297E+001   1.00002269E+000   8.55017555E-002   1.19999997E+001   0.00000000E+000   2.01192452E-020   1.14876362E-020  -1.19999997E+001   5.29852816E-020   1.21972744E-020  -2.20228566E-020   2.46739524E-002   2.46904851E-002  -4.93644391E-002   2.46822212E-002  -2.27539030E-005   3.98557736E-005
     139       1     1.19253867E+001   1.00002269E+000   8.62457863E-002   1.19999997E+001   0.00000000E+000   1.55337307E-020  -4.00607707E-020  -1.19999997E+001   1.33494130E-020   5.59041745E-021  -1.96850457E-019   2.48859624E-002   2.49080364E-002  -4.97939989E-002   2.48970006E-002  -2.71279063E-005   4.44948845E-005
     140       1     1.19247628E+001   1.00002269E+000   8.69677797E-002   1.19999997E+001   0.00000000E+000  -2.43747121E-020   5.76239657E-020  -1.19999997E+001  -2.03469887E-021   4.81114714E-020  -1.49077799E-020   2.50950719E-002   2.51157702E-002  -5.02108436E-002   2.51054233E-002  -2.37631353E-005   4.52106051E-005
     141       1     1.19241586E+001   1.00002269E+000   8.76669284E-002   1.19999997E+001   0.00000000E+000   1.17140821E-020   2.01985098E-019  -1.19999997E+001   4.37476491E-020   1.32137140E-020   1.29087821E-019   2.52957942E-002   2.53187009E-002  -5.06144966E-002   2.53072498E-002  -2.46267078E-005   4.55445057E-005
     142       1     1.19235388E+001   1.00002269E+000   8.83840972E-002   1.19999997E+001   0.00000000E+000  -2.49195449E-020  -2.02933047E-020  -1.19999997E+001  -1.06018498E-020  -1.37219337E-020   7.11507676E-020   2.55025222E-002   2.55260300E-002  -5.10285537E-002   2.55142783E-002  -2.77461987E-005   4.44533792E-005
     143       1     1.19229166E+001   1.00002269E+000   8.91040649E-002   1.19999997E+001   0.00000000E+000   3.72936137E-020  -1.72588753E-020  -1.19999997E+001  -2.42269414E-020   3.20178454E-020   3.20178454E-020   2.57086249E-002   2.57355989E-002  -5.14442254E-002   2.57221142E-002  -2.98055519E-005   4.50070475E-005
     144       1     1.19223092E+001   1.00002269E+000   8.98069617E-002   1.19999997E+001   0.00000000E+000  -2.11462933E-020  -4.47425302E-020  -1.19999997E+001  -4.67272570E-020  -2.27004830E-020   9.30042176E-020   2.59100437E-002   2.59399962E-002  -5.18500415E-002   2.59250222E-002  -3.09315514E-005   4.58892374E-005
     145       1     1.19217000E+001   1.00002269E+000   9.05119988E-002   1.19999997E+001   0.00000000E+000   6.45955680E-021  -2.00663842E-019  -1.19999997E+001   5.30183068E-020  -1.98205710E-020   9.24959978E-020   2.61119569E-002   2.61451348E-002  -5.22570933E-002   2.61285481E-002  -3.20741911E-005   4.66023896E-005
     146       1     1.19210892E+001   1.00002269E+000   9.12188599E-002   1.19999997E+001   0.00000000E+000   2.05755956E-020  -1.09474707E-019  -1.19999997E+001   3.50969012E-020   1.17737580E-019   6.36968776E-020   2.63145344E-002   2.63506623E-002  -5.26651983E-002   2.63326006E-002  -3.30766158E-005   4.72584201E-005
     147       1     1.19204707E+001   1.00002269E+000   9.19346119E-002   1.19999997E+001   0.00000000E+000   4.50094821E-021  -4.45909907E-020  -1.19999997E+001   2.95277216E-020  -7.25060203E-020   5.31936691E-020   2.65190437E-002   2.65593899E-002  -5.30784348E-002   2.65392189E-002  -3.53154358E-005   4.84017746E-005
     148       1     1.19198458E+001   1.00002269E+000   9.26577682E-002   1.19999997E+001   0.00000000E+000   2.89868592E-020  -5.96350072E-020  -1.19999997E+001   2.58186437E-020  -9.11407451E-020  -3.33730981E-020   2.67253834E-002   2.67705629E-002  -5.34959475E-002   2.67479753E-002  -3.61867631E-005   4.89915047E-005
     149       1     1.19192276E+001   1.00002269E+000   9.33733128E-002   1.19999997E+001   0.00000000E+000   3.89701847E-020  -4.95060979E-020  -1.19999997E+001  -2.21410814E-020   5.60735811E-020   7.57247455E-020   2.69308302E-002   2.69782350E-002  -5.39090664E-002   2.69545347E-002  -3.64725115E-005   4.96595874E-005
     150       1     1.19185976E+001   1.00002269E+000   9.41024547E-002   1.19999997E+001   0.00000000E+000  -1.11576325E-020   1.70487466E-019  -1.19999997E+001   4.97847751E-020   3.91329222E-020  -4.13352078E-020   2.71398580E-002   2.71901770E-002  -5.43300370E-002   2.71650204E-002  -3.58390563E-005   4.93614891E-005
     151       1     1.19179155E+001   1.00002269E+000   9.48918806E-002   1.19999997E+001   0.00000000E+000  -1.98161455E-021  -2.08023847E-019  -1.19999997E+001  -4.25704160E-020   1.89735380E-020  -1.89735380E-020   2.73649331E-002   2.74208672E-002  -5.47858014E-002   2.73929023E-002  -4.24010688E-005   5.47248978E-005
     152       1     1.19171334E+001   1.00002269E+000   9.57969885E-002   1.19999997E+001   0.00000000E+000   2.19818802E-020  -4.59021547E-020  -1.19999997E+001  -6.12826476E-020   5.42101086E-020  -6.86096687E-020   2.76290460E-002   2.76793145E-002  -5.53083618E-002   2.76541829E-002  -4.64630697E-005   5.70105168E-005
     153       1     1.19163236E+001   1.00002269E+000   9.67343533E-002   1.19999997E+001   0.00000000E+000  -1.50617906E-020  -1.03923084E-019  -1.19999997E+001  -2.15688379E-020  -5.08219768E-022  -7.11507676E-020   2.78918806E-002   2.79576570E-002  -5.58495390E-002   2.79247715E-002  -5.00889673E-005   6.08152599E-005
     154       1     1.19155977E+001   1.00002269E+000   9.75744783E-002   1.19999997E+001   0.00000000E+000   8.89267755E-021  -5.48046033E-020  -1.19999997E+001  -2.17706906E-020   3.04931861E-021  -3.30342849E-020   2.81406748E-002   2.81939073E-002  -5.63345834E-002   2.81672935E-002  -5.34747283E-005   6.34001084E-005
     155       1     1.19148510E+001   1.00002269E+000   9.84387643E-002   1.19999997E+001   0.00000000E+000   1.68453471E-020   3.33778131E-020  -1.19999997E+001   4.05521159E-020  -8.31786354E-020   1.50433051E-019   2.83908140E-002   2.84427643E-002  -5.68335791E-002   2.84167913E-002  -5.40210201E-005   6.37024351E-005
     156       1     1.19141548E+001   1.00002269E+000   9.92446389E-002   1.19999997E+001   0.00000000E+000  -1.73192078E-020  -7.65324046E-020  -1.19999997E+001  -1.72744470E-020   7.27601302E-020  -1.30273667E-019   2.86300619E-002   2.86687836E-002  -5.72988460E-002   2.86494248E-002  -5.83732550E-005   6.69777604E-005
     157       1     1.19135852E+001   1.00002269E+000   9.99039316E-002   1.19999997E+001   0.00000000E+000  -2.17025671E-020   3.31583620E-021  -1.19999997E+001   5.60575752E-020   1.99899776E-020  -3.83705925E-020   2.88174550E-002   2.88620324E-002  -5.76794876E-002   2.88397453E-002  -5.81841005E-005   6.78347436E-005
     158       1     1.19130041E+001   1.00002269E+000   1.00576579E-001   1.19999997E+001   0.00000000E+000   3.84235217E-021   4.70071026E-020  -1.19999997E+001  -1.76189470E-020   1.20278679E-020  -3.33730981E-020   2.90100629E-002   2.90577808E-002  -5.80678449E-002   2.90339239E-002  -5.57733944E-005   6.65205663E-005
     159       1     1.19124292E+001   1.00002269E+000   1.01242112E-001   1.19999997E+001   0.00000000E+000  -1.30759160E-020   1.29254994E-019  -1.19999997E+001   2.06879526E-020   2.84603070E-020   1.00966327E-019   2.91997626E-002   2.92523261E-002  -5.84520902E-002   2.92260463E-002  -5.64469434E-005   6.55792459E-005
     160       1     1.19118553E+001   1.00002269E+000   1.01906366E-001   1.19999997E+001   0.00000000E+000   1.91468272E-020   2.68466183E-019  -1.19999997E+001   1.71993804E-020  -5.73441305E-020  -8.34327453E-020   2.93889245E-002   2.94466718E-002  -5.88355978E-002   2.94178002E-002  -5.58944993E-005   6.53507935E-005
     161       1     1.19112821E+001   1.00002269E+000   1.02569928E-001   1.19999997E+001   0.00000000E+000   3.09708415E-020  -2.62378382E-020  -1.19999997E+001  -3.07147464E-020  -6.76779325E-020   8.13151629E-021   2.95771495E-002   2.96415538E-002  -5.92187042E-002   2.96093533E-002  -5.65889194E-005   6.48193342E-005
     162       1     1.19106681E+001   1.00002269E+000   1.03280735E-001   1.19999997E+001   0.00000000E+000   1.25695574E-020  -1.51964328E-019  -1.19999997E+001   4.74953252E-020  -5.73441305E-020   3.25260652E-020   2.97790290E-002   2.98500519E-002  -5.96290823E-002   2.98145426E-002  -5.90124624E-005   6.69752822E-005
     163       1     1.19100944E+001   1.00002269E+000   1.03944757E-001   1.19999997E+001   0.00000000E+000   2.03190300E-020   4.13079109E-020  -1.19999997E+001   1.78632135E-020  -9.58841296E-020   9.65617560E-021   2.99675079E-002   3.00449465E-002  -6.00124560E-002   3.00062294E-002  -5.84860396E-005   6.59682454E-005
     164       1     1.19095143E+001   1.00002269E+000   1.04616316E-001   1.19999997E+001   0.00000000E+000  -5.03203332E-020   7.03628780E-020  -1.19999997E+001   3.76288597E-020   7.55553389E-020   7.87740641E-020   3.01570807E-002   3.02430966E-002  -6.04001796E-002   3.02000910E-002  -5.75921052E-005   6.55390857E-005
     165       1     1.19088856E+001   1.00002269E+000   1.05344230E-001   1.19999997E+001   0.00000000E+000  -6.75763133E-021  -1.61813071E-020  -1.19999997E+001   4.39892582E-021  -8.97854924E-020  -4.35374935E-020   3.03644708E-002   3.04559671E-002  -6.08204402E-002   3.04102213E-002  -5.72761533E-005   6.54735915E-005
     166       1     1.19082471E+001   1.00002269E+000   1.06083346E-001   1.19999997E+001   0.00000000E+000  -8.58805278E-021   1.16832313E-019  -1.19999997E+001   1.73380365E-020  -4.47233396E-020   6.26804381E-021   3.05746254E-002   3.06725396E-002  -6.12471670E-002   3.06235848E-002  -5.73472908E-005   6.52876897E-005
     167       1     1.19076200E+001   1.00002269E+000   1.06809300E-001   1.19999997E+001   0.00000000E+000  -4.18854949E-020  -5.68468295E-020  -1.19999997E+001  -8.17236040E-020  -4.26904605E-020  -1.01643954E-020   3.07843987E-002   3.08818953E-002  -6.16662958E-002   3.08331492E-002  -5.82968185E-005   6.61525562E-005
     168       1     1.19070178E+001   1.00002269E+000   1.07506563E-001   1.19999997E+001   0.00000000E+000  -6.84171424E-021   1.35069330E-019  -1.19999997E+001   5.41085722E-020   1.05032085E-019  -5.08219768E-020   3.09847694E-002   3.10840942E-002  -6.20688676E-002   3.10344356E-002  -5.54926169E-005   6.18336542E-005
     169       1     1.19064140E+001   1.00002269E+000   1.08205585E-001   1.19999997E+001   0.00000000E+000  -2.05979346E-021  -1.16547929E-019  -1.19999997E+001   3.94524827E-020  -5.92923063E-020  -5.82758668E-020   3.11886331E-002   3.12838121E-002  -6.24724503E-002   3.12362270E-002  -5.45850362E-005   6.30141384E-005
     170       1     1.19058359E+001   1.00002269E+000   1.08874832E-001   1.19999997E+001   0.00000000E+000  -3.25879590E-020   1.70758699E-019  -1.19999997E+001  -6.59219935E-020  -4.33680869E-020   6.14945920E-020   3.13786601E-002   3.14801661E-002  -6.28588316E-002   3.14294177E-002  -5.83200103E-005   6.60571772E-005
     171       1     1.19052439E+001   1.00002269E+000   1.09560247E-001   1.19999997E+001   0.00000000E+000   7.20286130E-021  -4.14483661E-020  -1.19999997E+001  -4.73089408E-021  -6.77626358E-022   8.75832067E-020   3.15718564E-002   3.16826947E-002  -6.32545575E-002   3.16272807E-002  -5.59988483E-005   6.37016605E-005
     172       1     1.19046751E+001   1.00002269E+000   1.10218802E-001   1.19999997E+001   0.00000000E+000   1.72303686E-020   1.27974767E-019  -1.19999997E+001   5.53065779E-020  -1.09097844E-019  -1.35525272E-020   3.17579319E-002   3.18768345E-002  -6.36347725E-002   3.18173882E-002  -5.57168840E-005   6.27464216E-005
     173       1     1.19040998E+001   1.00002269E+000   1.10884991E-001   1.19999997E+001   0.00000000E+000  -3.55985862E-020   3.22564043E-020  -1.19999997E+001  -2.18046464E-020  -5.59041745E-020  -9.65617560E-021   3.19454594E-002   3.20739285E-002  -6.40193942E-002   3.20096989E-002  -5.34024542E-005   6.35193130E-005
     174       1     1.19035244E+001   1.00002269E+000   1.11551203E-001   1.19999997E+001   0.00000000E+000   3.10201002E-020  -1.13856448E-019  -1.19999997E+001  -2.65904239E-020   1.93123512E-020  -6.69156028E-020   3.21344816E-002   3.22695431E-002  -6.44040311E-002   3.22020170E-002  -5.39853591E-005   6.11494115E-005
     175       1     1.19029123E+001   1.00002269E+000   1.12259892E-001   1.19999997E+001   0.00000000E+000   2.56219608E-020  -3.44361906E-020  -1.19999997E+001   3.27723168E-020   5.57347679E-020  -9.09713385E-020   3.23337870E-002   3.24793943E-002  -6.48131870E-002   3.24065948E-002  -5.45866499E-005   6.13011499E-005
     176       1     1.19023153E+001   1.00002269E+000   1.12951202E-001   1.19999997E+001   0.00000000E+000   4.84614102E-021   8.30368567E-020  -1.19999997E+001  -7.27457993E-020   1.60936260E-020   7.96210970E-020   3.25297226E-002   3.26825843E-002  -6.52123122E-002   3.26061573E-002  -5.37349426E-005   6.09975193E-005
     177       1     1.19017409E+001   1.00002269E+000   1.13616243E-001   1.19999997E+001   0.00000000E+000   1.23463427E-020   1.17261455E-019  -1.19999997E+001  -7.08147254E-021   8.77526133E-020  -1.52804744E-019   3.27155703E-002   3.28806923E-002  -6.55962678E-002   3.27981349E-002  -5.28927993E-005   6.09684548E-005
     178       1     1.19011883E+001   1.00002269E+000   1.14256130E-001   1.19999997E+001   0.00000000E+000  -8.92568206E-021  -1.70026479E-019  -1.19999997E+001   4.15381979E-020  -5.59041745E-020   1.39760436E-019   3.28978163E-002   3.30678849E-002  -6.59657058E-002   3.29828537E-002  -5.21773866E-005   5.95241323E-005
     179       1     1.19006266E+001   1.00002269E+000   1.14906478E-001   1.19999997E+001   0.00000000E+000   1.70657493E-020   1.30216592E-019  -1.19999997E+001  -2.93317211E-020   3.72694497E-020   1.18584613E-021   3.30829293E-002   3.32582476E-002  -6.63411813E-002   3.31705911E-002  -5.10808913E-005   6.08177648E-005
     180       1     1.19000727E+001   1.00002269E+000   1.15547979E-001   1.19999997E+001   0.00000000E+000  -1.97674039E-020  -7.05803438E-020  -1.19999997E+001  -8.64766872E-020  -5.87840865E-020   5.87840865E-020   3.32661439E-002   3.34454029E-002  -6.67115503E-002   3.33557754E-002  -5.21024943E-005   5.99117692E-005
     181       1     1.18995204E+001   1.00002269E+000   1.16187506E-001   1.19999997E+001   0.00000000E+000   2.80137743E-020  -1.00324601E-019  -1.19999997E+001   4.54521891E-020   6.89484819E-020   6.72544160E-020   3.34473368E-002   3.36334409E-002  -6.70807799E-002   3.35403899E-002  -5.00974698E-005   5.82414579E-005
     182       1     1.18989691E+001   1.00002269E+000   1.16825865E-001   1.19999997E+001   0.00000000E+000   1.90290212E-020  -7.46887845E-020  -1.19999997E+001   1.65664631E-020  -5.35324823E-020  -1.25360876E-020   3.36274644E-002   3.38218658E-002  -6.74493325E-002   3.37246662E-002  -4.95945251E-005   5.72055958E-005
     183       1     1.18984271E+001   1.00002269E+000   1.17453546E-001   1.19999997E+001   0.00000000E+000  -4.35459824E-020  -9.98051312E-020  -1.19999997E+001  -1.40678400E-020  -3.33730981E-020   8.26704157E-020   3.38045333E-002   3.40071856E-002  -6.78117206E-002   3.39058606E-002  -4.82528997E-005   5.60376512E-005
     184       1     1.18978776E+001   1.00002269E+000   1.18089891E-001   1.19999997E+001   0.00000000E+000  -1.18503963E-020   7.12286880E-020  -1.19999997E+001   3.79535280E-021  -9.77476021E-020   3.67612299E-020   3.39828920E-002   3.41962142E-002  -6.81791076E-002   3.40895540E-002  -4.73677516E-005   5.59091020E-005
     185       1     1.18973294E+001   1.00002269E+000   1.18724663E-001   1.19999997E+001   0.00000000E+000  -5.59267359E-020  -1.37466168E-019  -1.19999997E+001  -2.85746854E-020  -2.01593841E-020  -5.52265482E-020   3.41630822E-002   3.43825084E-002  -6.85455913E-002   3.42727962E-002  -4.49807958E-005   5.50099067E-005
     186       1     1.18967829E+001   1.00002269E+000   1.19357604E-001   1.19999997E+001   0.00000000E+000  -7.21047136E-021   7.18611503E-020  -1.19999997E+001   4.96070553E-020   5.35324823E-020  -6.58991633E-020   3.43415644E-002   3.45694501E-002  -6.89110152E-002   3.44555081E-002  -4.31364719E-005   5.48509865E-005
     187       1     1.18962308E+001   1.00002269E+000   1.19996942E-001   1.19999997E+001   0.00000000E+000   3.16029730E-020  -6.80915228E-020  -1.19999997E+001  -9.18869448E-021   9.94416680E-020  -1.27224349E-019   3.45219726E-002   3.47581581E-002  -6.92801309E-002   3.46400657E-002  -4.37099577E-005   5.42612060E-005
     188       1     1.18956634E+001   1.00002269E+000   1.20654073E-001   1.19999997E+001   0.00000000E+000  -2.76887336E-021  -2.23690317E-019  -1.19999997E+001   3.79483582E-021  -1.04354459E-019   1.09606063E-019   3.47080990E-002   3.49514236E-002  -6.96595226E-002   3.48297613E-002  -4.22652575E-005   5.28743884E-005
     189       1     1.18950987E+001   1.00002269E+000   1.21308134E-001   1.19999997E+001   0.00000000E+000   8.74152064E-021  -1.38214436E-019  -1.19999997E+001   6.58386344E-020  -5.59041745E-020  -2.74438675E-020   3.48936495E-002   3.51434926E-002  -7.00371418E-002   3.50185707E-002  -4.00998712E-005   5.19544448E-005
     190       1     1.18945326E+001   1.00002269E+000   1.21963722E-001   1.19999997E+001   0.00000000E+000   3.36676365E-020  -1.09589851E-020  -1.19999997E+001  -1.08261605E-020   1.21972744E-019   1.95495204E-019   3.50791698E-002   3.53364700E-002  -7.04156394E-002   3.52078193E-002  -3.98823676E-005   5.27805707E-005
     191       1     1.18939623E+001   1.00002269E+000   1.22624182E-001   1.19999997E+001   0.00000000E+000  -2.34414507E-020  -6.56165984E-020  -1.19999997E+001  -5.35022488E-021  -2.87991202E-020  -8.23316025E-020   3.52630044E-002   3.55339419E-002  -7.07969462E-002   3.53984729E-002  -3.77713681E-005   5.15177797E-005
     192       1     1.18933983E+001   1.00002269E+000   1.23277501E-001   1.19999997E+001   0.00000000E+000  -3.53103758E-020  -5.70690103E-020  -1.19999997E+001  -3.47944632E-020   7.38612730E-020   1.60089227E-019   3.54455909E-002   3.57285409E-002  -7.11741308E-002   3.55870651E-002  -3.62157744E-005   4.97488835E-005
     193       1     1.18928346E+001   1.00002269E+000   1.23930296E-001   1.19999997E+001   0.00000000E+000   1.35371002E-020   7.70376466E-020  -1.19999997E+001   2.31109093E-020   1.76182853E-019  -9.79170087E-020   3.56278873E-002   3.59231285E-002  -7.15510152E-002   3.57755074E-002  -3.28838383E-005   4.60697931E-005
     194       1     1.18922676E+001   1.00002269E+000   1.24587074E-001   1.19999997E+001   0.00000000E+000   1.21724383E-020  -1.94238551E-020  -1.19999997E+001   3.55307160E-020  -9.04631188E-020   2.43945489E-020   3.58143121E-002   3.61158822E-002  -7.19301928E-002   3.59650960E-002  -3.96277294E-005   5.19652926E-005
     195       1     1.18917145E+001   1.00002269E+000   1.25227692E-001   1.19999997E+001   0.00000000E+000   1.28869363E-020  -2.75414913E-019  -1.19999997E+001   3.71044478E-020   6.64073831E-020   8.50421079E-020   3.59938651E-002   3.63061814E-002  -7.23000459E-002   3.61500227E-002  -3.72406438E-005   5.04894979E-005
     196       1     1.18911628E+001   1.00002269E+000   1.25866756E-001   1.19999997E+001   0.00000000E+000  -2.64743911E-020  -8.65492310E-020  -1.19999997E+001   7.05541222E-020  -3.52365706E-020  -2.67662411E-020   3.61756379E-002   3.64933740E-002  -7.26690115E-002   3.63345054E-002  -3.18577222E-005   4.40587007E-005
     197       1     1.18906187E+001   1.00002269E+000   1.26496879E-001   1.19999997E+001   0.00000000E+000   2.21906709E-020  -4.54904669E-020  -1.19999997E+001  -3.77244611E-020   1.31798327E-019   1.27393755E-019   3.63540828E-002   3.66787284E-002  -7.30328102E-002   3.65164041E-002  -2.89855495E-005   4.04364196E-005
     198       1     1.18900733E+001   1.00002269E+000   1.27128670E-001   1.19999997E+001   0.00000000E+000   1.63787552E-020   1.68330345E-019  -1.19999997E+001   2.48526415E-022  -6.23416249E-020  -5.14996032E-020   3.65309081E-002   3.68666603E-002  -7.33975677E-002   3.66987829E-002  -2.54045157E-005   3.43632043E-005
     199       1     1.18895387E+001   1.00002269E+000   1.27747950E-001   1.19999997E+001   0.00000000E+000   1.36011861E-020  -1.27753579E-019  -1.19999997E+001   6.71630953E-020  -1.17229360E-019  -6.06475590E-020   3.67053553E-002   3.70497475E-002  -7.37551019E-002   3.68775499E-002  -2.25097502E-005   3.26002154E-005
     200       1     1.18889968E+001   1.00002269E+000   1.28375595E-001   1.19999997E+001   0.00000000E+000   7.84802082E-021   5.65394492E-020  -1.19999997E+001   1.97934601E-020  -1.43317975E-019   2.64274280E-020   3.68817869E-002   3.72356783E-002  -7.41174633E-002   3.70587301E-002  -2.14584078E-005   3.23075106E-005
     201       1     1.18884606E+001   1.00002269E+000   1.28996750E-001   1.19999997E+001   0.00000000E+000  -3.84174937E-020  -5.39892514E-020  -1.19999997E+001   4.62886962E-020   1.36880524E-019   3.93023288E-020   3.70562138E-002   3.74198672E-002  -7.44760800E-002   3.72380387E-002  -1.61054375E-005   2.73473437E-005
     202       1     1.18879239E+001   1.00002269E+000   1.29618404E-001   1.19999997E+001   0.00000000E+000  -5.08807687E-020  -8.03093113E-021  -1.19999997E+001   7.50181885E-020   4.30292737E-020   1.09436657E-019   3.72315333E-002   3.76034525E-002  -7.48349856E-002   3.74174916E-002  -9.20869949E-006   2.30849301E-005
     203       1     1.18873978E+001   1.00002269E+000   1.30227848E-001   1.19999997E+001   0.00000000E+000   7.09000491E-020  -2.17231856E-019  -1.19999997E+001   4.18040331E-020  -4.91279109E-020  -1.33153579E-019   3.74033939E-002   3.77834473E-002  -7.51868411E-002   3.75934190E-002  -5.45019386E-006   2.01365437E-005
     204       1     1.18868633E+001   1.00002269E+000   1.30847022E-001   1.19999997E+001   0.00000000E+000  -2.37398354E-020   1.45588751E-019  -1.19999997E+001   2.86993415E-020   1.42301535E-020   3.11708125E-020   3.75768866E-002   3.79674230E-002  -7.55443097E-002   3.77721533E-002  -2.75604660E-006   1.68008322E-005
     205       1     1.18863327E+001   1.00002269E+000   1.31461651E-001   1.19999997E+001   0.00000000E+000  -3.26553742E-020   4.89717392E-020  -1.19999997E+001  -3.38808423E-020   1.21633931E-019  -7.79270311E-020   3.77502845E-002   3.81488730E-002  -7.58991574E-002   3.79495772E-002  -8.25012873E-007   1.39648748E-005
     206       1     1.18858032E+001   1.00002269E+000   1.32075135E-001   1.19999997E+001   0.00000000E+000  -9.20649954E-021   1.24201169E-019  -1.19999997E+001  -2.02499811E-020  -6.70850094E-020  -1.93123512E-020   3.79230006E-002   3.83303423E-002  -7.62533426E-002   3.81266697E-002   4.00334001E-006   9.14932046E-006
     207       1     1.18852726E+001   1.00002269E+000   1.32689842E-001   1.19999997E+001   0.00000000E+000   1.09412834E-020   8.27825813E-020  -1.19999997E+001  -4.95681365E-020   9.75781955E-020  -4.77726582E-020   3.80955443E-002   3.85126877E-002  -7.66082323E-002   3.83041148E-002   9.90993919E-006   2.79513267E-006
     208       1     1.18847394E+001   1.00002269E+000   1.33307541E-001   1.19999997E+001   0.00000000E+000   2.64387603E-021  -1.28951833E-019  -1.19999997E+001   6.46866613E-020   4.23516474E-020  -1.91090633E-019   3.82703240E-002   3.86945283E-002  -7.69648522E-002   3.84824243E-002   1.28702050E-005  -7.24540878E-007
     209       1     1.18842108E+001   1.00002269E+000   1.33919939E-001   1.19999997E+001   0.00000000E+000   4.76381587E-020   1.56755855E-019  -1.19999997E+001   4.24019399E-020  -3.59141970E-020   7.42000862E-020   3.84412460E-002   3.88771577E-002  -7.73184047E-002   3.86592008E-002   1.76244272E-005  -4.53056368E-006
     210       1     1.18836706E+001   1.00002269E+000   1.34545763E-001   1.19999997E+001   0.00000000E+000  -5.92861025E-022  -2.49102133E-019  -1.19999997E+001   5.12847637E-020   6.57297567E-020   9.65617560E-020   3.86155807E-002   3.90641243E-002  -7.76797070E-002   3.88398519E-002   1.94884141E-005  -8.88512380E-006
     211       1     1.18831406E+001   1.00002269E+000   1.35159738E-001   1.19999997E+001   0.00000000E+000   8.69878021E-020   1.41056794E-019  -1.19999997E+001   2.04984662E-020   8.02987234E-020  -7.86046575E-020   3.87894181E-002   3.92447575E-002  -7.80341767E-002   3.90170863E-002   2.03890263E-005  -1.14055801E-005
     212       1     1.18826119E+001   1.00002269E+000   1.35772293E-001   1.19999997E+001   0.00000000E+000   3.97732013E-020   2.61654268E-019  -1.19999997E+001  -3.43891447E-020   1.01643954E-021  -3.96411419E-020   3.89634498E-002   3.94243766E-002  -7.83878275E-002   3.91939118E-002   2.44831864E-005  -1.41802835E-005
     213       1     1.18820770E+001   1.00002269E+000   1.36392060E-001   1.19999997E+001   0.00000000E+000   1.00492105E-020   5.54144836E-020  -1.19999997E+001   4.77522269E-020  -7.62329653E-020  -1.78893358E-019   3.91384432E-002   3.96071938E-002  -7.87456381E-002   3.93728169E-002   2.82132015E-005  -1.65109871E-005
     214       1     1.18815452E+001   1.00002269E+000   1.37008131E-001   1.19999997E+001   0.00000000E+000  -3.99718487E-021  -9.58287085E-020  -1.19999997E+001  -2.85334298E-020  -7.01343280E-020   8.19927893E-020   3.93125660E-002   3.97887482E-002  -7.91013155E-002   3.95506558E-002   3.21716751E-005  -1.98739298E-005
     215       1     1.18810140E+001   1.00002269E+000   1.37623620E-001   1.19999997E+001   0.00000000E+000   2.33781507E-020  -2.53105687E-020  -1.19999997E+001  -3.48851222E-020   3.99799551E-020   1.34170019E-019   3.94865477E-002   3.99701076E-002  -7.94566568E-002   3.97283266E-002   3.52435507E-005  -2.22514142E-005
     216       1     1.18804782E+001   1.00002269E+000   1.38244420E-001   1.19999997E+001   0.00000000E+000   6.56144477E-021   7.36595236E-020  -1.19999997E+001   9.77937588E-020  -8.84302397E-020   9.08019319E-020   3.96600208E-002   4.01550361E-002  -7.98150584E-002   3.99075272E-002   3.78378807E-005  -2.39321424E-005
     217       1     1.18799481E+001   1.00002269E+000   1.38858680E-001   1.19999997E+001   0.00000000E+000  -2.05549006E-020  -6.03989085E-020  -1.19999997E+001  -4.93491611E-020  -9.18183715E-020   2.40896170E-019   3.98326697E-002   4.03370166E-002  -8.01696873E-002   4.00848412E-002   4.04179106E-005  -2.48437252E-005
     218       1     1.18794107E+001   1.00002269E+000   1.39481367E-001   1.19999997E+001   0.00000000E+000  -1.99800927E-020  -1.28389433E-019  -1.19999997E+001  -6.71242385E-020  -4.47233396E-020   3.93023288E-020   4.00114951E-002   4.05176985E-002  -8.05291935E-002   4.02645936E-002   4.23919582E-005  -2.49064167E-005
     219       1     1.18788546E+001   1.00002269E+000   1.40125643E-001   1.19999997E+001   0.00000000E+000  -5.04218282E-020  -2.05991795E-019  -1.19999997E+001   3.77871820E-020  -1.04354459E-019  -1.38913403E-019   4.01966813E-002   4.07044867E-002  -8.09011675E-002   4.04505803E-002   4.09741014E-005  -2.16863070E-005
     220       1     1.18783265E+001   1.00002269E+000   1.40737573E-001   1.19999997E+001   0.00000000E+000   1.70734214E-020  -8.00997037E-020  -1.19999997E+001   5.89803145E-020  -8.16539761E-020   4.33680869E-020   4.03686339E-002   4.08858168E-002  -8.12544500E-002   4.06272214E-002   4.41442261E-005  -2.44413434E-005
     221       1     1.18777901E+001   1.00002269E+000   1.41359158E-001   1.19999997E+001   0.00000000E+000  -2.21168657E-020  -9.69869268E-020  -1.19999997E+001   4.84463555E-020   1.07742591E-019   1.21295118E-019   4.05434258E-002   4.10698783E-002  -8.16133043E-002   4.08066491E-002   5.03229459E-005  -2.97662956E-005
     222       1     1.18772501E+001   1.00002269E+000   1.41984883E-001   1.19999997E+001   0.00000000E+000  -6.00854898E-020  -1.90410029E-019  -1.19999997E+001  -5.81764810E-020   8.09763498E-020   1.10791910E-019   4.07199990E-002   4.12545479E-002  -8.19745480E-002   4.09872714E-002   5.72379270E-005  -3.67559891E-005
     223       1     1.18767221E+001   1.00002269E+000   1.42596674E-001   1.19999997E+001   0.00000000E+000  -6.25449046E-020  -1.15349840E-019  -1.19999997E+001  -4.70065235E-020  -7.38612730E-020   1.60258634E-019   4.08943718E-002   4.14333859E-002  -8.23277581E-002   4.11638759E-002   5.96216935E-005  -3.84875426E-005
     224       1     1.18761806E+001   1.00002269E+000   1.43224225E-001   1.19999997E+001   0.00000000E+000  -3.99639078E-020  -8.49866041E-020  -1.19999997E+001   1.38996949E-020   4.06575815E-020  -9.48676901E-021   4.10704801E-002   4.16195747E-002  -8.26900553E-002   4.13450243E-002   6.38364197E-005  -4.24708867E-005
     225       1     1.18756457E+001   1.00002269E+000   1.43844011E-001   1.19999997E+001   0.00000000E+000  -2.69723745E-020  -5.17845669E-020  -1.19999997E+001   3.11207474E-020  -1.11469536E-019   6.50521303E-020   4.12458661E-002   4.18020064E-002  -8.30478736E-002   4.15239337E-002   6.83896554E-005  -4.68291457E-005
     226       1     1.18751096E+001   1.00002269E+000   1.44465288E-001   1.19999997E+001   0.00000000E+000   2.67303829E-020  -6.87062007E-020  -1.19999997E+001   4.44422636E-020  -1.10114283E-019  -1.26038503E-019   4.14223662E-002   4.19841910E-002  -8.34065583E-002   4.17032761E-002   6.93729253E-005  -4.89161644E-005
     227       1     1.18745771E+001   1.00002269E+000   1.45082309E-001   1.19999997E+001   0.00000000E+000  -1.10208582E-020  -2.19069852E-019  -1.19999997E+001   4.15356750E-020  -1.08081404E-019  -8.23316025E-020   4.15984303E-002   4.21643535E-002  -8.37627849E-002   4.18813894E-002   7.31723562E-005  -5.35801515E-005
     228       1     1.18740425E+001   1.00002269E+000   1.45701844E-001   1.19999997E+001   0.00000000E+000  -3.74044456E-020  -2.00472267E-019  -1.19999997E+001   4.41737815E-020   3.62530101E-020  -6.77626358E-020   4.17754706E-002   4.23449980E-002  -8.41204683E-002   4.20602305E-002   7.40724624E-005  -5.50185012E-005
     229       1     1.18735074E+001   1.00002269E+000   1.46321931E-001   1.19999997E+001   0.00000000E+000  -6.15869053E-021   8.22559154E-020  -1.19999997E+001  -1.94219733E-020   4.40457133E-021  -3.93023288E-020   4.19517719E-002   4.25266919E-002  -8.44784632E-002   4.22392279E-002   7.78831409E-005  -5.74835291E-005
     230       1     1.18729665E+001   1.00002269E+000   1.46948811E-001   1.19999997E+001   0.00000000E+000  -1.67333675E-020  -7.80913092E-020  -1.19999997E+001  -7.20420547E-020   1.78893358E-019   2.17179248E-019   4.21307663E-002   4.27096167E-002  -8.48403821E-002   4.24201867E-002   8.28839629E-005  -6.05270619E-005
     231       1     1.18724230E+001   1.00002269E+000   1.47578657E-001   1.19999997E+001   0.00000000E+000  -1.14949567E-020  -2.11385509E-019  -1.19999997E+001  -1.55991788E-021  -1.10791910E-019  -7.38612730E-020   4.23110075E-002   4.28930093E-002  -8.52040151E-002   4.26020028E-002   8.69978243E-005  -6.26992607E-005
     232       1     1.18718910E+001   1.00002269E+000   1.48195247E-001   1.19999997E+001   0.00000000E+000   2.60104048E-020   2.36839759E-019  -1.19999997E+001   2.51985064E-020   9.48676901E-020   1.13502415E-019   4.24863256E-002   4.30736659E-002  -8.55599900E-002   4.27799902E-002   9.09466396E-005  -6.63001253E-005
     233       1     1.18713543E+001   1.00002269E+000   1.48817190E-001   1.19999997E+001   0.00000000E+000  -3.04430590E-020  -8.84433091E-020  -1.19999997E+001   2.47222365E-020   6.33580645E-020  -1.07064965E-019   4.26645435E-002   4.32545205E-002  -8.59190618E-002   4.29595257E-002   9.30482003E-005  -6.98232590E-005
     234       1     1.18708182E+001   1.00002269E+000   1.49438528E-001   1.19999997E+001   0.00000000E+000   1.93678550E-020   8.17645702E-020  -1.19999997E+001  -8.51105985E-020  -4.50621528E-020  -1.47383733E-019   4.28424016E-002   4.34353805E-002  -8.62777801E-002   4.31388848E-002   9.84354444E-005  -7.28166516E-005
     235       1     1.18702813E+001   1.00002269E+000   1.50060858E-001   1.19999997E+001   0.00000000E+000  -4.59105092E-020   1.23950616E-019  -1.19999997E+001  -4.95891882E-020   4.74338450E-020  -1.55854062E-020   4.30177561E-002   4.36193071E-002  -8.66370618E-002   4.33185258E-002   1.02447655E-004  -7.71497397E-005
     236       1     1.18697438E+001   1.00002269E+000   1.50683755E-001   1.19999997E+001   0.00000000E+000  -1.99695048E-020   9.82047021E-020  -1.19999997E+001  -7.32010588E-020  -8.91078661E-020  -3.08319993E-020   4.31958429E-002   4.38008428E-002  -8.69966837E-002   4.34983363E-002   1.04346976E-004  -7.94789899E-005
     237       1     1.18692016E+001   1.00002269E+000   1.51312238E-001   1.19999997E+001   0.00000000E+000  -4.40341327E-021  -1.48234157E-019  -1.19999997E+001  -3.12401095E-020  -2.60886148E-020  -1.11130723E-019   4.33756513E-002   4.39838789E-002  -8.73595270E-002   4.36797577E-002   1.08496532E-004  -8.35894871E-005
     238       1     1.18686657E+001   1.00002269E+000   1.51933284E-001   1.19999997E+001   0.00000000E+000  -2.28233607E-020   1.55155591E-019  -1.19999997E+001   5.15798811E-021  -1.66018458E-020  -8.60585474E-020   4.35528228E-002   4.41652554E-002  -8.77180751E-002   4.38590316E-002   1.12204388E-004  -8.72150276E-005
     239       1     1.18681216E+001   1.00002269E+000   1.52563939E-001   1.19999997E+001   0.00000000E+000  -4.23477596E-020   5.07697817E-020  -1.19999997E+001  -2.92859574E-020  -1.11469536E-019  -1.01982767E-019   4.37334149E-002   4.43487647E-002  -8.80821745E-002   4.40410809E-002   1.15139024E-004  -8.99410207E-005
     240       1     1.18675810E+001   1.00002269E+000   1.53190624E-001   1.19999997E+001   0.00000000E+000   2.95837837E-020  -2.57248952E-019  -1.19999997E+001  -3.57011566E-020   5.82758668E-020  -2.84603070E-020   4.39096427E-002   4.45343266E-002  -8.84439651E-002   4.42219767E-002   1.20266368E-004  -9.55185137E-005
     241       1     1.18670382E+001   1.00002269E+000   1.53819761E-001   1.19999997E+001   0.00000000E+000   5.20623342E-020   8.65475766E-020  -1.19999997E+001   1.46663259E-021   6.77626358E-020   1.63307952E-019   4.40892829E-002   4.47179030E-002  -8.88071823E-002   4.44035853E-002   1.25364924E-004  -9.89915679E-005
     242       1     1.18664997E+001   1.00002269E+000   1.54443943E-001   1.19999997E+001   0.00000000E+000   7.98031181E-020   7.73768733E-020  -1.19999997E+001   7.99947759E-021  -1.45689667E-020  -5.62429877E-020   4.42681717E-002   4.48993720E-002  -8.91675403E-002   4.45837642E-002   1.30526937E-004  -1.03226673E-004
     243       1     1.18659512E+001   1.00002269E+000   1.55079677E-001   1.19999997E+001   0.00000000E+000  -7.14086825E-020  -7.74982207E-020  -1.19999997E+001   5.82089892E-020   8.47032947E-020  -1.81603864E-019   4.44500720E-002   4.50845002E-002  -8.95345695E-002   4.47672790E-002   1.33670095E-004  -1.07462433E-004
     244       1     1.18654041E+001   1.00002269E+000   1.55713925E-001   1.19999997E+001   0.00000000E+000  -6.38661601E-020  -1.09297525E-019  -1.19999997E+001  -5.31725760E-020  -8.40256684E-020   1.95156391E-019   4.46309898E-002   4.52697523E-002  -8.99007397E-002   4.49503640E-002   1.36541886E-004  -1.10852572E-004
     245       1     1.18648484E+001   1.00002269E+000   1.56358078E-001   1.19999997E+001   0.00000000E+000  -1.85611058E-021   1.07025425E-019  -1.19999997E+001   4.98860220E-020   1.27054942E-019   1.37558151E-019   4.48147761E-002   4.54578516E-002  -9.02726254E-002   4.51363067E-002   1.40235017E-004  -1.15735148E-004
     246       1     1.18642970E+001   1.00002269E+000   1.56997187E-001   1.19999997E+001   0.00000000E+000   1.36195288E-022  -1.76535232E-019  -1.19999997E+001  -7.17991117E-020  -4.16740210E-020  -8.77526133E-020   4.49957812E-002   4.56458125E-002  -9.06415919E-002   4.53207898E-002   1.45357316E-004  -1.20191781E-004
     247       1     1.18637385E+001   1.00002269E+000   1.57644685E-001   1.19999997E+001   0.00000000E+000   7.25486201E-020  -2.59056590E-019  -1.19999997E+001  -7.14812262E-021  -6.26804381E-020  -2.31748214E-019   4.51794967E-002   4.58359159E-002  -9.10154100E-002   4.55076990E-002   1.47640880E-004  -1.22505901E-004
     248       1     1.18631922E+001   1.00002269E+000   1.58277912E-001   1.19999997E+001   0.00000000E+000   1.02783809E-020  -1.33084758E-019  -1.19999997E+001   3.33422029E-020  -7.99599102E-020   7.18283939E-020   4.53599060E-002   4.60210821E-002  -9.13809862E-002   4.56904871E-002   1.51609266E-004  -1.26548463E-004
     249       1     1.18626426E+001   1.00002269E+000   1.58915114E-001   1.19999997E+001   0.00000000E+000  -3.99303243E-020  -2.01138644E-019  -1.19999997E+001   7.39442185E-020   1.01643954E-021   1.02999206E-019   4.55428403E-002   4.62060252E-002  -9.17488636E-002   4.58744257E-002   1.55550684E-004  -1.29583373E-004
     250       1     1.18620883E+001   1.00002269E+000   1.59557648E-001   1.19999997E+001   0.00000000E+000  -3.14968043E-020   5.80372252E-020  -1.19999997E+001  -5.55022475E-020  -1.13841228E-019   8.53809211E-020   4.57256575E-002   4.63941498E-002  -9.21198061E-002   4.60598962E-002   1.59820186E-004  -1.37599203E-004
     251       1     1.18615465E+001   1.00002269E+000   1.60185780E-001   1.19999997E+001   0.00000000E+000  -3.35502802E-020  -1.21035549E-019  -1.19999997E+001   3.21886996E-020  -5.55653613E-020   6.16639986E-020   4.59092520E-002   4.65732156E-002  -9.24824649E-002   4.62412249E-002   1.61076738E-004  -1.39417125E-004
     252       1     1.18609957E+001   1.00002269E+000   1.60824224E-001   1.19999997E+001   0.00000000E+000   1.26855592E-020  -1.67983012E-020  -1.19999997E+001  -4.71433185E-020  -1.11808349E-019  -1.44334414E-019   4.60912628E-002   4.67597912E-002  -9.28510517E-002   4.64255188E-002   1.65245102E-004  -1.43869129E-004
     253       1     1.18604514E+001   1.00002268E+000   1.61455339E-001   1.19999997E+001   0.00000000E+000   4.95649932E-020  -1.42471934E-019  -1.19999997E+001  -5.77662201E-020   4.60785923E-020   1.61952700E-019   4.62718560E-002   4.69435545E-002  -9.32154081E-002   4.66076969E-002   1.70710907E-004  -1.47551623E-004
     254       1     1.18599082E+001   1.00002268E+000   1.62085067E-001   1.19999997E+001   0.00000000E+000   3.86526611E-020   1.11616526E-019  -1.19999997E+001  -3.52289812E-020  -4.26904605E-020  -3.38813179E-020   4.64512928E-002   4.71276744E-002  -9.35789647E-002   4.67894753E-002   1.75078289E-004  -1.50052696E-004
     255       1     1.18593582E+001   1.00002268E+000   1.62722729E-001   1.19999997E+001   0.00000000E+000  -5.85983018E-021  -1.59189172E-019  -1.19999997E+001  -3.89653767E-020  -1.10114283E-019  -2.06676039E-019   4.66356698E-002   4.73114402E-002  -9.39471074E-002   4.69735465E-002   1.80739872E-004  -1.53700414E-004
     256       1     1.18588104E+001   1.00002268E+000   1.63357838E-001   1.19999997E+001   0.00000000E+000   5.11031355E-020   3.12617196E-020  -1.19999997E+001   2.70345578E-020  -9.31736242E-020   1.32814766E-019   4.68170218E-002   4.74967561E-002  -9.43137746E-002   4.71568796E-002   1.83060386E-004  -1.56624877E-004
     257       1     1.18582558E+001   1.00002268E+000   1.64000812E-001   1.19999997E+001   0.00000000E+000  -3.43885450E-020   1.32574387E-019  -1.19999997E+001   4.50774556E-020  -1.89735380E-020  -3.59141970E-020   4.70031880E-002   4.76818024E-002  -9.46849862E-002   4.73424855E-002   1.86819700E-004  -1.61204292E-004
     258       1     1.18577011E+001   1.00002268E+000   1.64643994E-001   1.19999997E+001   0.00000000E+000  -3.27704143E-020  -5.96325257E-020  -1.19999997E+001  -4.55771968E-020  -2.13452303E-020  -7.79270311E-020   4.71863094E-002   4.78699961E-002  -9.50563013E-002   4.75281432E-002   1.93202074E-004  -1.65852069E-004
     259       1     1.18571553E+001   1.00002268E+000   1.65276752E-001   1.19999997E+001   0.00000000E+000  -2.22260122E-020   1.86464625E-019  -1.19999997E+001  -3.54836288E-020  -1.31459513E-019   5.89534931E-020   4.73694045E-002   4.80522153E-002  -9.54216142E-002   4.77107995E-002   1.97975447E-004  -1.68781087E-004
     260       1     1.18566058E+001   1.00002268E+000   1.65913865E-001   1.19999997E+001   0.00000000E+000   4.01606941E-020   3.90173650E-020  -1.19999997E+001  -7.62217983E-020  -3.82858892E-020   6.77626358E-021   4.75536250E-002   4.82358170E-002  -9.57894365E-002   4.78947106E-002   2.03454499E-004  -1.73455079E-004
     261       1     1.18560643E+001   1.00002268E+000   1.66541683E-001   1.19999997E+001   0.00000000E+000   4.31732031E-020  -1.19422960E-019  -1.19999997E+001  -2.08643075E-020   1.05032085E-020  -9.41900637E-020   4.77336254E-002   4.84182677E-002  -9.61518875E-002   4.80759361E-002   2.08486487E-004  -1.78065273E-004
     262       1     1.18555128E+001   1.00002268E+000   1.67181133E-001   1.19999997E+001   0.00000000E+000   9.57337482E-021  -9.03986814E-020  -1.19999997E+001   4.51652815E-020  -6.97955149E-020   9.48676901E-020   4.79180839E-002   4.86029870E-002  -9.65210641E-002   4.82605242E-002   2.11612943E-004  -1.81589188E-004
     263       1     1.18549656E+001   1.00002268E+000   1.67815661E-001   1.19999997E+001   0.00000000E+000  -3.38565852E-020  -1.68834015E-019  -1.19999997E+001   7.02563785E-021  -2.64274280E-020   1.69406589E-020   4.81001996E-002   4.87871996E-002  -9.68873923E-002   4.84436881E-002   2.15561701E-004  -1.85902108E-004
     264       1     1.18543981E+001   1.00002268E+000   1.68473661E-001   1.19999997E+001   0.00000000E+000   3.84911127E-020   2.06386857E-019  -1.19999997E+001   4.39811725E-020  -8.47032947E-021  -3.52365706E-020   4.82919679E-002   4.89753154E-002  -9.72672750E-002   4.86336289E-002   2.22657549E-004  -1.90130823E-004
     265       1     1.18538508E+001   1.00002268E+000   1.69108346E-001   1.19999997E+001   0.00000000E+000   5.63089967E-020   1.98309934E-019  -1.19999997E+001  -1.06774045E-019  -4.13352078E-020   7.92822839E-020   4.84737436E-002   4.91599559E-002  -9.76336910E-002   4.88168367E-002   2.27346077E-004  -1.93954204E-004
     266       1     1.18532958E+001   1.00002268E+000   1.69751826E-001   1.19999997E+001   0.00000000E+000   3.56044178E-020  -7.69982728E-020  -1.19999997E+001  -8.62078329E-020   1.01643954E-020   7.04731412E-020   4.86603877E-002   4.93448106E-002  -9.80051901E-002   4.90025866E-002   2.31800984E-004  -1.99511330E-004
     267       1     1.18527438E+001   1.00002268E+000   1.70391964E-001   1.19999997E+001   0.00000000E+000  -3.15500748E-020  -3.79785006E-019  -1.19999997E+001   6.49198642E-020   1.07742591E-019   1.07742591E-019   4.88459790E-002   4.95287881E-002  -9.83747588E-002   4.91873708E-002   2.36852166E-004  -2.04454588E-004
     268       1     1.18521935E+001   1.00002268E+000   1.71030080E-001   1.19999997E+001   0.00000000E+000   4.44684853E-020   6.91318678E-020  -1.19999997E+001  -3.66062163E-020  -4.98055373E-020  -6.09863722E-020   4.90303452E-002   4.97128303E-002  -9.87431671E-002   4.93715746E-002   2.40622507E-004  -2.06143180E-004
     269       1     1.18516316E+001   1.00002268E+000   1.71681714E-001   1.19999997E+001   0.00000000E+000  -7.41251436E-020  -3.08220814E-019  -1.19999997E+001  -5.67894439E-020  -3.69306365E-020   7.58941521E-020   4.92190420E-002   4.99003366E-002  -9.91193697E-002   4.95596758E-002   2.45797673E-004  -2.11798517E-004
     270       1     1.18510729E+001   1.00002268E+000   1.72329536E-001   1.19999997E+001   0.00000000E+000  -4.23847346E-020  -2.13080981E-019  -1.19999997E+001   2.66251034E-020   1.11130723E-019   6.50521303E-020   4.94052975E-002   5.00880761E-002  -9.94933644E-002   4.97466731E-002   2.51045692E-004  -2.18254418E-004
     271       1     1.18505122E+001   1.00002268E+000   1.72979819E-001   1.19999997E+001   0.00000000E+000  -2.35528099E-020   6.83156060E-020  -1.19999997E+001  -4.09029232E-020  -2.91379334E-020   8.13151629E-021   4.95936485E-002   5.02751444E-002  -9.98687833E-002   4.99343826E-002   2.57868484E-004  -2.23266819E-004
     272       1     1.18499492E+001   1.00002268E+000   1.73632715E-001   1.19999997E+001   0.00000000E+000   6.24035807E-020   2.58752601E-019  -1.19999997E+001  -8.72355014E-021   5.89534931E-020   1.53821183E-019   4.97834042E-002   5.04623279E-002  -1.00245722E-001   5.01228521E-002   2.61341339E-004  -2.27815460E-004
     273       1     1.18493873E+001   1.00002268E+000   1.74284297E-001   1.19999997E+001   0.00000000E+000  -2.34583459E-020  -3.60396803E-019  -1.19999997E+001   3.42244324E-020  -1.68728963E-019  -3.99799551E-020   4.99708748E-002   5.06510379E-002  -1.00621902E-001   5.03109420E-002   2.64190606E-004  -2.30414188E-004
     274       1     1.18488260E+001   1.00002268E+000   1.74935315E-001   1.19999997E+001   0.00000000E+000   2.23761455E-020   1.03358865E-019  -1.19999997E+001  -4.44022695E-020  -4.47233396E-020  -1.69406589E-019   5.01586371E-002   5.08391192E-002  -1.00997745E-001   5.04988634E-002   2.70183281E-004  -2.35022971E-004
     275       1     1.18482566E+001   1.00002268E+000   1.75595693E-001   1.19999997E+001   0.00000000E+000   3.97008644E-020   1.97866483E-019  -1.19999997E+001  -3.43478891E-020   1.13841228E-019  -2.08708918E-019   5.03490859E-002   5.10299247E-002  -1.01378999E-001   5.06894905E-002   2.75520585E-004  -2.37096606E-004
     276       1     1.18476890E+001   1.00002268E+000   1.76253979E-001   1.19999997E+001   0.00000000E+000  -3.50230753E-020   6.70731807E-020  -1.19999997E+001  -1.79271132E-020   7.25060203E-020   1.91768259E-019   5.05393770E-002   5.12196733E-002  -1.01759039E-001   5.08795102E-002   2.81598359E-004  -2.41779851E-004
     277       1     1.18471110E+001   1.00002268E+000   1.76924258E-001   1.19999997E+001   0.00000000E+000  -6.64261601E-020   2.71421368E-019  -1.19999997E+001   4.86943856E-020  -5.96311195E-020   7.31836466E-020   5.07290517E-002   5.14169613E-002  -1.02146001E-001   5.10729910E-002   2.84732182E-004  -2.44654678E-004
     278       1     1.18465371E+001   1.00002268E+000   1.77589865E-001   1.19999997E+001   0.00000000E+000   5.25588907E-020  -1.92098966E-019  -1.19999997E+001   7.52858848E-020   3.38813179E-020   1.80248611E-019   5.09215426E-002   5.16087462E-002  -1.02530277E-001   5.12651291E-002   2.87784598E-004  -2.48735368E-004
     279       1     1.18459618E+001   1.00002268E+000   1.78257100E-001   1.19999997E+001   0.00000000E+000   1.79523836E-020  -2.10900451E-019  -1.19999997E+001   8.25925986E-020  -1.74827600E-019  -1.24005623E-019   5.11141879E-002   5.18013048E-002  -1.02915480E-001   5.14577310E-002   2.93751631E-004  -2.53938573E-004
     280       1     1.18453863E+001   1.00002268E+000   1.78924628E-001   1.19999997E+001   0.00000000E+000   7.40922218E-021  -1.85698987E-019  -1.19999997E+001  -5.67067051E-020   6.91178885E-020   5.55653613E-020   5.13062808E-002   5.19945907E-002  -1.03300859E-001   5.16504203E-002   2.98456070E-004  -2.57123160E-004
     281       1     1.18448050E+001   1.00002268E+000   1.79598874E-001   1.19999997E+001   0.00000000E+000  -1.20444942E-020  -6.02931948E-021  -1.19999997E+001   8.56877844E-020   4.87890978E-020  -3.99799551E-020   5.15017525E-002   5.21883781E-002  -1.03690118E-001   5.18450495E-002   3.04005664E-004  -2.60629919E-004
     282       1     1.18442209E+001   1.00002268E+000   1.80276319E-001   1.19999997E+001   0.00000000E+000  -3.14396462E-020  -1.77421142E-019  -1.19999997E+001  -5.73959948E-022  -2.50721752E-020  -1.13841228E-019   5.16987834E-002   5.23824624E-002  -1.04081233E-001   5.20406069E-002   3.07765766E-004  -2.63619793E-004
     283       1     1.18436349E+001   1.00002268E+000   1.80956034E-001   1.19999997E+001   0.00000000E+000  -1.38072988E-020   3.94433630E-020  -1.19999997E+001  -2.97904962E-021  -1.63985579E-019  -7.04731412E-020   5.18956134E-002   5.25780409E-002  -1.04473641E-001   5.22368110E-002   3.13506347E-004  -2.69592821E-004
     284       1     1.18430435E+001   1.00002268E+000   1.81641980E-001   1.19999997E+001   0.00000000E+000  -4.30899061E-020   1.16793353E-019  -1.19999997E+001   1.33002371E-020  -7.52165257E-020   4.33680869E-020   5.20916568E-002   5.27779999E-002  -1.04869643E-001   5.24348123E-002   3.19125442E-004  -2.73622715E-004
     285       1     1.18424531E+001   1.00002268E+000   1.82326911E-001   1.19999997E+001   0.00000000E+000  -3.85498425E-020   1.71775800E-019  -1.19999997E+001   2.27219483E-020   1.28749008E-019  -7.52165257E-020   5.22893845E-002   5.29756931E-002  -1.05265064E-001   5.26325226E-002   3.25014103E-004  -2.78121909E-004
     286       1     1.18418570E+001   1.00002268E+000   1.83018260E-001   1.19999997E+001   0.00000000E+000   6.20279580E-020  -9.61642957E-020  -1.19999997E+001   8.63058744E-020   3.52365706E-020   5.48877350E-020   5.24896297E-002   5.31745734E-002  -1.05664189E-001   5.28320852E-002   3.31215239E-004  -2.83303244E-004
     287       1     1.18412553E+001   1.00002268E+000   1.83716258E-001   1.19999997E+001   0.00000000E+000   4.15386115E-020   4.96798886E-020  -1.19999997E+001  -6.11925470E-020  -5.42101086E-020   5.69206141E-020   5.26900455E-002   5.33771066E-002  -1.06067137E-001   5.30335598E-002   3.38199386E-004  -2.90807186E-004
     288       1     1.18406581E+001   1.00002268E+000   1.84409026E-001   1.19999997E+001   0.00000000E+000  -1.96244464E-020  -6.64747983E-020  -1.19999997E+001   5.26961406E-020  -2.71050543E-020   1.18584613E-019   5.28895100E-002   5.35775815E-002  -1.06467077E-001   5.32335293E-002   3.44415519E-004  -2.96264670E-004
     289       1     1.18400534E+001   1.00002268E+000   1.85110484E-001   1.19999997E+001   0.00000000E+000  -1.06055308E-020  -1.14679162E-019  -1.19999997E+001  -9.20735567E-020  -9.41900637E-020  -2.03287907E-020   5.30912178E-002   5.37808432E-002  -1.06872047E-001   5.34360142E-002   3.48919069E-004  -2.98183646E-004
     290       1     1.18394465E+001   1.00002268E+000   1.85814510E-001   1.19999997E+001   0.00000000E+000   4.50450302E-020   1.43619565E-019  -1.19999997E+001  -4.05885326E-020  -1.97189270E-019  -2.48011247E-019   5.32960242E-002   5.39824910E-002  -1.07278501E-001   5.36392411E-002   3.51559683E-004  -3.04752095E-004
     291       1     1.18388388E+001   1.00002268E+000   1.86519503E-001   1.19999997E+001   0.00000000E+000  -2.90183231E-020  -3.06982028E-019  -1.19999997E+001  -1.07351293E-020  -6.36968776E-020  -1.18584613E-019   5.34998278E-002   5.41856895E-002  -1.07685503E-001   5.38427419E-002   3.57066300E-004  -3.09869250E-004
     292       1     1.18382248E+001   1.00002268E+000   1.87231897E-001   1.19999997E+001   0.00000000E+000  -2.42627790E-020   4.96669845E-020  -1.19999997E+001  -1.04459552E-019  -8.80914265E-021  -7.92822839E-020   5.37064300E-002   5.43903598E-002  -1.08096775E-001   5.40483779E-002   3.62745000E-004  -3.16280463E-004
     293       1     1.18376163E+001   1.00002268E+000   1.87937807E-001   1.19999997E+001   0.00000000E+000   3.44186544E-020   7.20966486E-020  -1.19999997E+001   4.18389608E-020  -1.02999206E-019   2.37169225E-020   5.39098134E-002   5.45945044E-002  -1.08504303E-001   5.42521418E-002   3.68121962E-004  -3.21816391E-004
     294       1     1.18370001E+001   1.00002268E+000   1.88652683E-001   1.19999997E+001   0.00000000E+000   9.36428838E-020   6.44821202E-020  -1.19999997E+001  -4.20277855E-020  -6.50521303E-020  -4.13352078E-020   5.41148835E-002   5.48021387E-002  -1.08917007E-001   5.44584936E-002   3.73133981E-004  -3.26807060E-004
     295       1     1.18363833E+001   1.00002268E+000   1.89368253E-001   1.19999997E+001   0.00000000E+000  -3.48851843E-020  -5.55408768E-020  -1.19999997E+001  -1.88183589E-024   1.22650371E-019   1.49755425E-019   5.43221646E-002   5.50079581E-002  -1.09330107E-001   5.46650437E-002   3.80194608E-004  -3.32819694E-004
     296       1     1.18357635E+001   1.00002268E+000   1.90087328E-001   1.19999997E+001   0.00000000E+000  -3.57964064E-020  -1.60902759E-019  -1.19999997E+001  -2.87932886E-020   4.13352078E-020   7.86046575E-020   5.45306386E-002   5.52146103E-002  -1.09745233E-001   5.48726065E-002   3.86917789E-004  -3.38808485E-004
     297       1     1.18351400E+001   1.00002268E+000   1.90810826E-001   1.19999997E+001   0.00000000E+000  -3.11699026E-020  -2.14317699E-019  -1.19999997E+001   1.33797498E-020  -1.30104261E-019  -1.04354459E-019   5.47391787E-002   5.54237399E-002  -1.10162903E-001   5.50814414E-002   3.94079771E-004  -3.45851917E-004
     298       1     1.18345128E+001   1.00002268E+000   1.91538500E-001   1.19999997E+001   0.00000000E+000   5.27858225E-020  -1.45620597E-019  -1.19999997E+001  -6.99042064E-021   2.15485182E-019  -8.26704157E-020   5.49496243E-002   5.56333985E-002  -1.10583007E-001   5.52914934E-002   3.98640936E-004  -3.49181215E-004
     299       1     1.18338792E+001   1.00002268E+000   1.92273580E-001   1.19999997E+001   0.00000000E+000   1.27672019E-020   3.13482179E-019  -1.19999997E+001  -2.44424633E-020   5.28548559E-020  -1.38913403E-019   5.51607370E-002   5.58466456E-002  -1.11007367E-001   5.55036738E-002   4.05154775E-004  -3.55160207E-004
     300       1     1.18332480E+001   1.00002268E+000   1.93005996E-001   1.19999997E+001   0.00000000E+000  -3.75994947E-021   1.20694999E-019  -1.19999997E+001  -1.03352475E-019   4.06575815E-021   6.91178885E-020   5.53724576E-002   5.60577574E-002  -1.11430199E-001   5.57150899E-002   4.10400850E-004  -3.60521423E-004
     301       1     1.18326137E+001   1.00002268E+000   1.93741962E-001   1.19999997E+001   0.00000000E+000  -2.16367287E-020  -1.57306261E-019  -1.19999997E+001  -3.61302772E-020  -9.69005692E-020  -8.80914265E-021   5.55852711E-002   5.62698251E-002  -1.11855080E-001   5.59275305E-002   4.15898902E-004  -3.65615269E-004
     302       1     1.18319781E+001   1.00002268E+000   1.94479401E-001   1.19999997E+001   0.00000000E+000  -1.93805936E-020   9.39704473E-020  -1.19999997E+001  -2.77216141E-020  -3.25260652E-020  -2.03287907E-021   5.57982804E-002   5.64825414E-002  -1.12280806E-001   5.61403932E-002   4.21929564E-004  -3.71784796E-004
     303       1     1.18313390E+001   1.00002268E+000   1.95221020E-001   1.19999997E+001   0.00000000E+000   7.38775685E-020   1.68354002E-019  -1.19999997E+001  -1.00968354E-019   3.32036915E-020  -8.80914265E-020   5.60134763E-002   5.66954942E-002  -1.12708954E-001   5.63544672E-002   4.26627616E-004  -3.77402456E-004
     304       1     1.18306919E+001   1.00002268E+000   1.95971842E-001   1.19999997E+001   0.00000000E+000   2.37991443E-020   1.53518104E-019  -1.19999997E+001   7.73162203E-020  -6.57297567E-020   7.11507676E-020   5.62307609E-002   5.69116698E-002  -1.13142414E-001   5.65711972E-002   4.31343506E-004  -3.82935562E-004
     305       1     1.18300411E+001   1.00002268E+000   1.96727030E-001   1.19999997E+001   0.00000000E+000  -2.15964450E-020  -1.84184916E-019  -1.19999997E+001   9.73922660E-020  -9.21571847E-020   7.65717784E-020   5.64490182E-002   5.71293886E-002  -1.13578390E-001   5.67891851E-002   4.36497868E-004  -3.88947726E-004
     306       1     1.18293874E+001   1.00002268E+000   1.97485586E-001   1.19999997E+001   0.00000000E+000   2.20087946E-020   1.36337894E-019  -1.19999997E+001   6.18044538E-021  -2.77826807E-020  -2.01932655E-019   5.66687516E-002   5.73475867E-002  -1.14016321E-001   5.70081503E-002   4.40410028E-004  -3.93935585E-004
     307       1     1.18287322E+001   1.00002268E+000   1.98245863E-001   1.19999997E+001   0.00000000E+000   5.18657133E-020   1.46327837E-019  -1.19999997E+001  -4.19106153E-020  -3.86247024E-020   5.89534931E-020   5.68891536E-002   5.75661042E-002  -1.14455240E-001   5.72276099E-002   4.45521864E-004  -3.98890016E-004
     308       1     1.18280731E+001   1.00002268E+000   1.99010795E-001   1.19999997E+001   0.00000000E+000   6.22852939E-020   5.72322130E-020  -1.19999997E+001   5.98796666E-020   8.80914265E-020   5.28548559E-020   5.71123557E-002   5.77845125E-002  -1.14896850E-001   5.74484148E-002   4.50418834E-004  -4.04575193E-004
     309       1     1.18274105E+001   1.00002268E+000   1.99779720E-001   1.19999997E+001   0.00000000E+000  -3.17777976E-021   1.32377767E-019  -1.19999997E+001   3.08932106E-020   1.24683250E-019   1.49077799E-019   5.73343781E-002   5.80063991E-002  -1.15340758E-001   5.76703690E-002   4.54777993E-004  -4.10752200E-004
     310       1     1.18267452E+001   1.00002268E+000   2.00551757E-001   1.19999997E+001   0.00000000E+000   2.05560172E-020  -6.88798259E-020  -1.19999997E+001  -8.38832692E-020  -1.12485975E-019  -1.54498810E-019   5.75597406E-002   5.82267544E-002  -1.15786476E-001   5.78932278E-002   4.58707566E-004  -4.15667656E-004
     311       1     1.18260756E+001   1.00002268E+000   2.01328837E-001   1.19999997E+001   0.00000000E+000   8.68945789E-020  -2.43340158E-019  -1.19999997E+001  -5.45104372E-020  -7.45388994E-021  -1.09097844E-019   5.77842680E-002   5.84508410E-002  -1.16235089E-001   5.81175345E-002   4.63812709E-004  -4.21972655E-004
     312       1     1.18254030E+001   1.00002268E+000   2.02109355E-001   1.19999997E+001   0.00000000E+000  -9.36034272E-020   6.62035658E-020  -1.19999997E+001   4.98805419E-020  -9.48676901E-021  -8.67361738E-020   5.80117487E-002   5.86739844E-002  -1.16685713E-001   5.83428465E-002   4.66589239E-004  -4.25251838E-004
     313       1     1.18247322E+001   1.00002268E+000   2.02887804E-001   1.19999997E+001   0.00000000E+000   4.56967658E-020   1.65074645E-020  -1.19999997E+001   1.20139299E-020  -1.96511644E-020   1.57886941E-019   5.82373792E-002   5.88977684E-002  -1.17135128E-001   5.85675536E-002   4.70732846E-004  -4.30102148E-004
     314       1     1.18240493E+001   1.00002268E+000   2.03680433E-001   1.19999997E+001   0.00000000E+000   8.51259840E-020  -2.57868179E-020  -1.19999997E+001   8.55757842E-020  -7.31836466E-020  -1.26716129E-019   5.84673491E-002   5.91253844E-002  -1.17592713E-001   5.87963465E-002   4.76418723E-004  -4.37551321E-004
     315       1     1.18233627E+001   1.00002268E+000   2.04477323E-001   1.19999997E+001   0.00000000E+000   2.35856490E-020   1.99027927E-020  -1.19999997E+001  -3.94573631E-020  -4.74338450E-021   6.23416249E-020   5.86979341E-002   5.93548561E-002  -1.18052770E-001   5.90263747E-002   4.80731034E-004  -4.43144107E-004
     316       1     1.18226629E+001   1.00002268E+000   2.05289479E-001   1.19999997E+001   0.00000000E+000  -7.76502565E-020  -1.45872308E-019  -1.19999997E+001  -4.16431672E-020  -2.10064171E-020  -5.69206141E-020   5.89333929E-002   5.95882665E-002  -1.18521637E-001   5.92608089E-002   4.85318328E-004  -4.49429450E-004
     317       1     1.18219555E+001   1.00002268E+000   2.06110552E-001   1.19999997E+001   0.00000000E+000   4.29627684E-020  -3.43956257E-019  -1.19999997E+001  -5.79228881E-020  -3.32036915E-020  -2.64951906E-019   5.91717838E-002   5.98238861E-002  -1.18995647E-001   5.94978141E-002   4.89345022E-004  -4.58004640E-004
     318       1     1.18212626E+001   1.00002268E+000   2.06914735E-001   1.19999997E+001   0.00000000E+000   6.19600465E-020   1.74139055E-019  -1.19999997E+001   2.43137127E-020   6.36968776E-020   2.22261445E-019   5.94046981E-002   6.00552349E-002  -1.19459910E-001   5.97299455E-002   4.94540841E-004  -4.63732082E-004
     319       1     1.18205547E+001   1.00002268E+000   2.07736472E-001   1.19999997E+001   0.00000000E+000  -3.29818003E-020   9.83758458E-020  -1.19999997E+001   7.06655227E-020  -5.55653613E-020  -2.76471554E-019   5.96441397E-002   6.02901800E-002  -1.19934297E-001   5.99671387E-002   5.02848715E-004  -4.70084876E-004
     320       1     1.18198547E+001   1.00002268E+000   2.08548956E-001   1.19999997E+001   0.00000000E+000   4.21993221E-020  -2.93331397E-019  -1.19999997E+001   5.90231211E-020   4.81114714E-020   4.74338450E-020   5.98811863E-002   6.05221935E-002  -1.20403357E-001   6.02016682E-002   5.08212142E-004  -4.75555936E-004
     321       1     1.18191503E+001   1.00002268E+000   2.09366637E-001   1.19999997E+001   0.00000000E+000  -2.42664186E-020  -1.59902036E-019  -1.19999997E+001   8.63483502E-021   1.69406589E-020  -6.50521303E-020   6.01166279E-002   6.07587982E-002  -1.20875403E-001   6.04376914E-002   5.14121200E-004  -4.82012444E-004
     322       1     1.18184524E+001   1.00002268E+000   2.10176706E-001   1.19999997E+001   0.00000000E+000  -4.23653372E-020   1.87972576E-019  -1.19999997E+001  -1.43035927E-019   4.20128342E-020   1.21972744E-020   6.03553950E-002   6.09877131E-002  -1.21343085E-001   6.06715321E-002   5.17282548E-004  -4.87196695E-004
     323       1     1.18177556E+001   1.00002268E+000   2.10985531E-001   1.19999997E+001   0.00000000E+000   5.76628432E-020  -1.74694921E-019  -1.19999997E+001   5.53462412E-021  -5.42101086E-021  -1.43656788E-019   6.05923070E-002   6.12177675E-002  -1.21810054E-001   6.09050180E-002   5.19974677E-004  -4.90471527E-004
     324       1     1.18170505E+001   1.00002268E+000   2.11803909E-001   1.19999997E+001   0.00000000E+000  -1.69497579E-021  -2.57547854E-019  -1.19999997E+001   4.44226388E-020   7.92822839E-020   9.48676901E-020   6.08357177E-002   6.14468652E-002  -1.22282562E-001   6.11412724E-002   5.21919884E-004  -4.90804332E-004
     325       1     1.18163503E+001   1.00002268E+000   2.12616669E-001   1.19999997E+001   0.00000000E+000  -4.38492165E-020  -3.46159701E-019  -1.19999997E+001  -3.98439873E-020  -1.57209315E-019   2.37169225E-020   6.10737940E-002   6.16780481E-002  -1.22751821E-001   6.13759014E-002   5.22660929E-004  -4.91810639E-004
     326       1     1.18156528E+001   1.00002268E+000   2.13426272E-001   1.19999997E+001   0.00000000E+000  -4.08800724E-020  -2.36017294E-019  -1.19999997E+001  -1.15718825E-019   7.65717784E-020  -1.82281490E-019   6.13132605E-002   6.19060071E-002  -1.23219246E-001   6.16096141E-002   5.24213541E-004  -4.95702249E-004
     327       1     1.18149598E+001   1.00002268E+000   2.14230791E-001   1.19999997E+001   0.00000000E+000  -3.75400411E-022   2.96315700E-019  -1.19999997E+001  -1.35558855E-019   2.84603070E-020   1.11130723E-019   6.15495103E-002   6.21341961E-002  -1.23683685E-001   6.18418333E-002   5.32732899E-004  -5.03850975E-004
     328       1     1.18142592E+001   1.00002268E+000   2.15044163E-001   1.19999997E+001   0.00000000E+000  -2.29791808E-020   2.18227244E-019  -1.19999997E+001   9.00126982E-020   7.11507676E-020  -6.77626358E-021   6.17893424E-002   6.23639198E-002  -1.24153240E-001   6.20766110E-002   5.41344605E-004  -5.10937767E-004
     329       1     1.18135640E+001   1.00002268E+000   2.15851201E-001   1.19999997E+001   0.00000000E+000   2.20350782E-020  -3.13509310E-020  -1.19999997E+001   4.18236580E-020   9.48676901E-020   1.68051337E-019   6.20262986E-002   6.25928802E-002  -1.24619156E-001   6.23095693E-002   5.45795387E-004  -5.17512988E-004
     330       1     1.18128638E+001   1.00002268E+000   2.16664167E-001   1.19999997E+001   0.00000000E+000   6.95344825E-021   1.44529877E-019  -1.19999997E+001   1.39616610E-019   1.50433051E-019   9.48676901E-021   6.22657265E-002   6.28227889E-002  -1.25088492E-001   6.25442375E-002   5.50090325E-004  -5.25047518E-004
     331       1     1.18121583E+001   1.00002268E+000   2.17483182E-001   1.19999997E+001   0.00000000E+000  -1.05633032E-021  -1.29068134E-019  -1.19999997E+001  -4.33780544E-020   5.96311195E-020   1.76860479E-019   6.25079525E-002   6.30534120E-002  -1.25561341E-001   6.27806621E-002   5.51556501E-004  -5.31148148E-004
     332       1     1.18114436E+001   1.00002268E+000   2.18312955E-001   1.19999997E+001   0.00000000E+000   1.16369283E-019  -1.08704561E-019  -1.19999997E+001   6.88483103E-022  -7.72494048E-020   4.13352078E-020   6.27529690E-002   6.32874411E-002  -1.26040387E-001   6.30201852E-002   5.54457850E-004  -5.38917431E-004
     333       1     1.18107340E+001   1.00002268E+000   2.19136845E-001   1.19999997E+001   0.00000000E+000   4.35813961E-020  -1.11496543E-019  -1.19999997E+001  -9.66592392E-020  -1.22650371E-019   3.86247024E-020   6.29924610E-002   6.35235990E-002  -1.26516037E-001   6.32580102E-002   5.56241998E-004  -5.45633634E-004
     334       1     1.18100266E+001   1.00002268E+000   2.19958143E-001   1.19999997E+001   0.00000000E+000   4.30443181E-020   1.44076499E-019  -1.19999997E+001  -8.46000626E-020   1.68728963E-019  -2.79859686E-019   6.32319429E-002   6.37582767E-002  -1.26990196E-001   6.34950899E-002   5.60911111E-004  -5.48337349E-004
     335       1     1.18093088E+001   1.00002268E+000   2.20791594E-001   1.19999997E+001   0.00000000E+000   1.24932190E-020  -4.10571924E-019  -1.19999997E+001   1.00591263E-019   7.99599102E-020  -6.77626358E-022   6.34780274E-002   6.39933598E-002  -1.27471364E-001   6.37356737E-002   5.67272672E-004  -5.52707396E-004
     336       1     1.18085958E+001   1.00002268E+000   2.21619435E-001   1.19999997E+001   0.00000000E+000   7.18527751E-020  -3.99337612E-019  -1.19999997E+001   9.64904944E-020  -1.00966327E-019  -2.25649577E-019   6.37230997E-002   6.42262090E-002  -1.27949285E-001   6.39746343E-002   5.73189419E-004  -5.59376544E-004
     337       1     1.18078849E+001   1.00002268E+000   2.22444880E-001   1.19999997E+001   0.00000000E+000  -6.24673150E-020   2.58610987E-020  -1.19999997E+001  -6.12789046E-020   1.21295118E-019  -7.86046575E-020   6.39642545E-002   6.44615791E-002  -1.28425810E-001   6.42128967E-002   5.79894655E-004  -5.66550309E-004
     338       1     1.18071660E+001   1.00002268E+000   2.23279632E-001   1.19999997E+001   0.00000000E+000  -8.56958701E-020  -1.27814377E-019  -1.19999997E+001   3.49594031E-020   2.37169225E-020   1.92445886E-019   6.42105568E-002   6.46971813E-002  -1.28907714E-001   6.44538487E-002   5.85571420E-004  -5.74519164E-004
     339       1     1.18064456E+001   1.00002268E+000   2.24116227E-001   1.19999997E+001   0.00000000E+000  -2.48875485E-020   1.75638734E-019  -1.19999997E+001  -1.80282774E-020   5.82758668E-020   4.33680869E-020   6.44564732E-002   6.49342304E-002  -1.29390679E-001   6.46953315E-002   5.92628406E-004  -5.81199207E-004
     340       1     1.18057192E+001   1.00002268E+000   2.24959744E-001   1.19999997E+001   0.00000000E+000   1.00971745E-019  -1.38551016E-019  -1.19999997E+001   1.39785252E-021   2.03287907E-020   7.45388994E-020   6.47030152E-002   6.51746277E-002  -1.29877618E-001   6.49388009E-002   6.01037062E-004  -5.90828730E-004
     341       1     1.18049823E+001   1.00002268E+000   2.25815447E-001   1.19999997E+001   0.00000000E+000   4.80726766E-020  -2.31707310E-019  -1.19999997E+001  -2.40048021E-020   8.13151629E-021   1.70761842E-019   6.49576020E-002   6.54140555E-002  -1.30371632E-001   6.51858084E-002   6.05299117E-004  -5.97674627E-004
     342       1     1.18042502E+001   1.00002268E+000   2.26665606E-001   1.19999997E+001   0.00000000E+000   1.53878341E-020   6.05797406E-020  -1.19999997E+001  -2.38583911E-020  -1.51788304E-019  -1.89735380E-020   6.52075850E-002   6.56548669E-002  -1.30862426E-001   6.54312054E-002   6.12372777E-004  -6.04435092E-004
     343       1     1.18035253E+001   1.00002268E+000   2.27507499E-001   1.19999997E+001   0.00000000E+000  -8.59027066E-021  -3.72597196E-019  -1.19999997E+001   8.12307285E-020   9.21571847E-020  -3.30681663E-019   6.54546226E-002   6.58938565E-002  -1.31348453E-001   6.56742189E-002   6.17862804E-004  -6.11517815E-004
     344       1     1.18027955E+001   1.00002268E+000   2.28354991E-001   1.19999997E+001   0.00000000E+000   5.57081741E-020  -2.27200375E-019  -1.19999997E+001  -2.02063887E-020  -3.11708125E-020   8.13151629E-020   6.57033175E-002   6.61344083E-002  -1.31837699E-001   6.59188421E-002   6.24066423E-004  -6.20495962E-004
     345       1     1.18020655E+001   1.00002268E+000   2.29202822E-001   1.19999997E+001   0.00000000E+000  -9.90778326E-021  -8.66343479E-020  -1.19999997E+001  -8.53341579E-020   2.50721752E-020   7.52165257E-020   6.59518787E-002   6.63752987E-002  -1.32327150E-001   6.61635675E-002   6.29782902E-004  -6.27844132E-004
     346       1     1.18013306E+001   1.00002268E+000   2.30056274E-001   1.19999997E+001   0.00000000E+000  -8.37477667E-020  -6.39193892E-020  -1.19999997E+001   4.34799217E-020   5.69206141E-020  -9.21571847E-020   6.62014052E-002   6.66184671E-002  -1.32819845E-001   6.64099150E-002   6.34313712E-004  -6.36467760E-004
     347       1     1.18005851E+001   1.00002268E+000   2.30922194E-001   1.19999997E+001   0.00000000E+000   6.49397062E-020   5.77640901E-020  -1.19999997E+001  -1.09912870E-019   6.50521303E-020   4.87890978E-020   6.64584403E-002   6.68612902E-002  -1.33319703E-001   6.66598439E-002   6.43036027E-004  -6.49372930E-004
     348       1     1.17998357E+001   1.00002268E+000   2.31792682E-001   1.19999997E+001   0.00000000E+000   3.94113305E-020  -3.13507573E-019  -1.19999997E+001  -1.66257306E-020   1.08420217E-019   1.38235777E-019   6.67135616E-002   6.71086803E-002  -1.33822215E-001   6.69111005E-002   6.49994329E-004  -6.59442530E-004
     349       1     1.17990956E+001   1.00002268E+000   2.32652243E-001   1.19999997E+001   0.00000000E+000  -4.46077928E-020  -5.87266802E-020  -1.19999997E+001  -2.96261923E-020  -1.00288701E-019   2.30392962E-019   6.69650877E-002   6.73533765E-002  -1.34318436E-001   6.71592111E-002   6.55486617E-004  -6.66872420E-004
     350       1     1.17983483E+001   1.00002268E+000   2.33520207E-001   1.19999997E+001   0.00000000E+000  -1.08149771E-019  -2.85233547E-019  -1.19999997E+001  -3.68417456E-020  -1.10453096E-019  -1.62630326E-019   6.72203756E-002   6.75991587E-002  -1.34819506E-001   6.74097460E-002   6.60771403E-004  -6.75469991E-004
     351       1     1.17975934E+001   1.00002268E+000   2.34397021E-001   1.19999997E+001   0.00000000E+000   6.14933512E-020   3.17657704E-019  -1.19999997E+001   7.42365131E-021   1.54498810E-019  -9.75781955E-020   6.74788066E-002   6.78469224E-002  -1.35325700E-001   6.76628424E-002   6.65772604E-004  -6.81606743E-004
     352       1     1.17968376E+001   1.00002268E+000   2.35274917E-001   1.19999997E+001   0.00000000E+000  -2.27747018E-020   3.26417877E-019  -1.19999997E+001   8.59471676E-022   1.89735380E-020  -9.35124374E-020   6.77380247E-002   6.80944994E-002  -1.35832495E-001   6.79162394E-002   6.73248020E-004  -6.90058531E-004
     353       1     1.17960773E+001   1.00002268E+000   2.36158075E-001   1.19999997E+001   0.00000000E+000   5.61064822E-020  -3.02674320E-019  -1.19999997E+001   1.69329248E-020  -1.05709712E-019  -2.12774676E-019   6.79994933E-002   6.83428646E-002  -1.36342329E-001   6.81711562E-002   6.80094371E-004  -6.99050107E-004
     354       1     1.17953229E+001   1.00002268E+000   2.37034401E-001   1.19999997E+001   0.00000000E+000  -7.86235172E-022  -2.83724604E-020  -1.19999997E+001   5.92829385E-020   1.61952700E-019   7.45388994E-021   6.82562928E-002   6.85919415E-002  -1.36848205E-001   6.84240944E-002   6.87504948E-004  -7.09012839E-004
     355       1     1.17945560E+001   1.00002268E+000   2.37925348E-001   1.19999997E+001   0.00000000E+000  -3.45903358E-020   1.86577370E-019  -1.19999997E+001   6.78140657E-020  -8.87690529E-020  -1.75505227E-019   6.85174884E-002   6.88450704E-002  -1.37362529E-001   6.86812565E-002   6.93200002E-004  -7.19490587E-004
     356       1     1.17937917E+001   1.00002268E+000   2.38813222E-001   1.19999997E+001   0.00000000E+000  -1.34214190E-020   2.10530866E-019  -1.19999997E+001  -7.42782341E-020   2.03287907E-021   1.42979161E-019   6.87796924E-002   6.90953989E-002  -1.37875062E-001   6.89375228E-002   7.02995081E-004  -7.29637634E-004
     357       1     1.17930292E+001   1.00002268E+000   2.39699047E-001   1.19999997E+001   0.00000000E+000  -2.30770983E-021   1.34996372E-019  -1.19999997E+001  -6.86983942E-020  -1.16551734E-019   7.04731412E-020   6.90411931E-002   6.93452556E-002  -1.38386419E-001   6.91932014E-002   7.11442426E-004  -7.39284823E-004
     358       1     1.17922653E+001   1.00002268E+000   2.40586512E-001   1.19999997E+001   0.00000000E+000   5.88960868E-021  -5.11222434E-020  -1.19999997E+001  -3.80348192E-020  -1.96511644E-020   9.41900637E-020   6.93015663E-002   6.95972058E-002  -1.38898742E-001   6.94493628E-002   7.17583731E-004  -7.47202981E-004
     359       1     1.17914936E+001   1.00002268E+000   2.41483067E-001   1.19999997E+001   0.00000000E+000   1.90474880E-020  -2.37836098E-019  -1.19999997E+001  -3.48011427E-021  -1.15196481E-020  -2.43945489E-020   6.95646136E-002   6.98517142E-002  -1.39416298E-001   6.97081407E-002   7.24610595E-004  -7.57114796E-004
     360       1     1.17907185E+001   1.00002268E+000   2.42383616E-001   1.19999997E+001   0.00000000E+000   2.71223424E-020  -3.33931986E-019  -1.19999997E+001   6.87117221E-020   1.62630326E-020  -1.00966327E-019   6.98295213E-002   7.01066447E-002  -1.39936135E-001   6.99680596E-002   7.33782906E-004  -7.69234992E-004
     361       1     1.17899436E+001   1.00002268E+000   2.43283821E-001   1.19999997E+001   0.00000000E+000  -3.48268680E-020  -2.61532010E-019  -1.19999997E+001  -9.97955152E-020  -1.20617492E-019  -1.15196481E-019   7.00946402E-002   7.03611978E-002  -1.40455807E-001   7.02278955E-002   7.40390843E-004  -7.77874351E-004
     362       1     1.17891610E+001   1.00002268E+000   2.44193136E-001   1.19999997E+001   0.00000000E+000   2.15133547E-020   2.84053822E-022  -1.19999997E+001  -4.38920438E-020  -3.65918233E-020  -8.19927893E-020   7.03643394E-002   7.06164325E-002  -1.40980739E-001   7.04903610E-002   7.47415808E-004  -7.86251456E-004
     363       1     1.17883798E+001   1.00002268E+000   2.45100769E-001   1.19999997E+001   0.00000000E+000  -3.42022640E-021  -3.46658656E-019  -1.19999997E+001   6.30882795E-020  -1.53143557E-019   5.42101086E-021   7.06317079E-002   7.08730167E-002  -1.41504692E-001   7.07523371E-002   7.54341996E-004  -7.95740174E-004
     364       1     1.17875862E+001   1.00002268E+000   2.46022926E-001   1.19999997E+001   0.00000000E+000  -7.48766786E-020  -2.03141331E-019  -1.19999997E+001   9.94369531E-020  -7.38612730E-020  -1.39591030E-019   7.08998950E-002   7.11371668E-002  -1.42037028E-001   7.10185055E-002   7.62298208E-004  -8.03895048E-004
     365       1     1.17867991E+001   1.00002268E+000   2.46937380E-001   1.19999997E+001   0.00000000E+000  -5.64300132E-020   4.28608597E-020  -1.19999997E+001  -1.93017219E-020   2.84603070E-020   2.64951906E-019   7.11709692E-002   7.13940087E-002  -1.42564945E-001   7.12824642E-002   7.67562600E-004  -8.10497424E-004
     366       1     1.17860093E+001   1.00002268E+000   2.47855169E-001   1.19999997E+001   0.00000000E+000   4.13106406E-020   1.40931062E-019  -1.19999997E+001  -1.45081276E-020   6.70850094E-020   2.29037709E-019   7.14407235E-002   7.16540637E-002  -1.43094754E-001   7.15473687E-002   7.75820042E-004  -8.19683404E-004
     367       1     1.17852109E+001   1.00002268E+000   2.48782890E-001   1.19999997E+001   0.00000000E+000  -3.25519559E-020  -2.48653139E-019  -1.19999997E+001  -2.26001253E-020  -6.50521303E-020   1.05709712E-019   7.17128304E-002   7.19174944E-002  -1.43630291E-001   7.18151372E-002   7.84001157E-004  -8.29801949E-004
     368       1     1.17844132E+001   1.00002268E+000   2.49709841E-001   1.19999997E+001   0.00000000E+000  -3.40523788E-020  -2.13573402E-019  -1.19999997E+001   5.35386448E-020   1.00288701E-019   1.84314369E-019   7.19853557E-002   7.21800637E-002  -1.44165386E-001   7.20826844E-002   7.92542232E-004  -8.39233391E-004
     369       1     1.17835996E+001   1.00002268E+000   2.50655299E-001   1.19999997E+001   0.00000000E+000  -2.82883362E-020  -2.39248426E-019  -1.19999997E+001  -2.52297118E-020  -9.69005692E-020  -7.92822839E-020   7.22639076E-002   7.24472771E-002  -1.44711151E-001   7.23555669E-002   8.02509384E-004  -8.49829913E-004
     370       1     1.17827903E+001   1.00002268E+000   2.51595869E-001   1.19999997E+001   0.00000000E+000  -5.87616699E-020  -2.79721050E-019  -1.19999997E+001  -2.88297672E-020   1.27393755E-019  -2.30392962E-019   7.25395303E-002   7.27145946E-002  -1.45254091E-001   7.26270371E-002   8.11830616E-004  -8.61113618E-004
     371       1     1.17819828E+001   1.00002268E+000   2.52534246E-001   1.19999997E+001   0.00000000E+000   7.59456027E-020   1.01430541E-019  -1.19999997E+001  -7.46763768E-020   8.33480420E-020   2.77826807E-019   7.28124762E-002   7.29833478E-002  -1.45795790E-001   7.28978864E-002   8.19148464E-004  -8.69845720E-004
     372       1     1.17811685E+001   1.00002268E+000   2.53480523E-001   1.19999997E+001   0.00000000E+000   8.25418718E-021  -2.04852602E-019  -1.19999997E+001   3.43130235E-020   5.69206141E-020  -2.22261445E-019   7.30892685E-002   7.32528023E-002  -1.46342035E-001   7.31710086E-002   8.27670882E-004  -8.79923931E-004
     373       1     1.17803476E+001   1.00002268E+000   2.54434695E-001   1.19999997E+001   0.00000000E+000   5.65678215E-020  -3.82087960E-020  -1.19999997E+001   6.75333413E-020   1.05709712E-019  -1.96511644E-019   7.33714911E-002   7.35213646E-002  -1.46892819E-001   7.34464010E-002   8.38724389E-004  -8.90963379E-004
     374       1     1.17795349E+001   1.00002268E+000   2.55379086E-001   1.19999997E+001   0.00000000E+000   1.24456768E-020   7.58256615E-020  -1.19999997E+001   1.57863367E-019  -8.19927893E-020  -2.30392962E-020   7.36494481E-002   7.37885937E-002  -1.47438005E-001   7.37189938E-002   8.44476119E-004  -8.98786956E-004
     375       1     1.17787108E+001   1.00002268E+000   2.56336945E-001   1.19999997E+001   0.00000000E+000   7.31308725E-020   2.29257077E-019  -1.19999997E+001  -5.29802978E-021  -2.43945489E-020   4.33680869E-020   7.39290689E-002   7.40618763E-002  -1.47990908E-001   7.39954453E-002   8.55935752E-004  -9.10585172E-004
     376       1     1.17778816E+001   1.00002268E+000   2.57300774E-001   1.19999997E+001   0.00000000E+000   3.77796547E-020   1.21137623E-019  -1.19999997E+001   3.42435816E-020   4.33680869E-020  -5.82758668E-020   7.42087147E-002   7.43385709E-002  -1.48547253E-001   7.42736197E-002   8.64967279E-004  -9.25195631E-004
     377       1     1.17770501E+001   1.00002268E+000   2.58267235E-001   1.19999997E+001   0.00000000E+000  -3.19490240E-021   3.21362977E-020  -1.19999997E+001   1.93744973E-019   2.43945489E-020   1.21295118E-019   7.44972045E-002   7.46080318E-002  -1.49105202E-001   7.45525935E-002   8.68685917E-004  -9.31588625E-004
     378       1     1.17761990E+001   1.00002268E+000   2.59256408E-001   1.19999997E+001   0.00000000E+000  -1.80535477E-020  -3.45094127E-019  -1.19999997E+001  -7.45218181E-020  -6.77626358E-020  -1.14518854E-019   7.47888160E-002   7.48874194E-002  -1.49676202E-001   7.48380940E-002   8.77445149E-004  -9.42954789E-004
     379       1     1.17753526E+001   1.00002268E+000   2.60240197E-001   1.19999997E+001   0.00000000E+000   4.83387806E-021  -2.07561784E-019  -1.19999997E+001   8.79867882E-020  -5.28548559E-020   1.38913403E-019   7.50801511E-002   7.51640265E-002  -1.50244142E-001   7.51220637E-002   8.83276485E-004  -9.49202674E-004
     380       1     1.17745232E+001   1.00002268E+000   2.61204300E-001   1.19999997E+001   0.00000000E+000   7.20432955E-020   2.80765283E-019  -1.19999997E+001  -6.04934966E-020   1.83636743E-019   2.60208521E-019   7.53632752E-002   7.54374673E-002  -1.50800707E-001   7.54003459E-002   8.88788679E-004  -9.57098005E-004
     381       1     1.17736920E+001   1.00002268E+000   2.62170366E-001   1.19999997E+001   0.00000000E+000   3.77743607E-020   2.48507555E-019  -1.19999997E+001  -7.24880705E-020   8.47032947E-020  -2.19550940E-019   7.56445112E-002   7.57139276E-002  -1.51358402E-001   7.56791931E-002   8.96813403E-004  -9.62959975E-004
     382       1     1.17728521E+001   1.00002268E+000   2.63146767E-001   1.19999997E+001   0.00000000E+000   2.88977201E-020   3.30650561E-020  -1.19999997E+001  -1.63073281E-020  -1.05709712E-019   3.52365706E-020   7.59322051E-002   7.59898603E-002  -1.51922029E-001   7.59610065E-002   9.07916608E-004  -9.71621256E-004
     383       1     1.17719947E+001   1.00002268E+000   2.64143462E-001   1.19999997E+001   0.00000000E+000   8.59301690E-020  -1.99762794E-019  -1.19999997E+001  -8.78486490E-021  -1.36880524E-019   7.31836466E-020   7.62189716E-002   7.62784779E-002  -1.52497413E-001   7.62486981E-002   9.13651998E-004  -9.78773249E-004
     384       1     1.17711515E+001   1.00002268E+000   2.65123643E-001   1.19999997E+001   0.00000000E+000   1.41026023E-020   1.09918407E-019  -1.19999997E+001   5.37221548E-020  -7.58941521E-020  -1.38235777E-019   7.65076458E-002   7.65556256E-002  -1.53063233E-001   7.65316077E-002   9.23440825E-004  -9.86824098E-004
     385       1     1.17702949E+001   1.00002268E+000   2.66119590E-001   1.19999997E+001   0.00000000E+000   6.60594709E-020   1.77608251E-019  -1.19999997E+001   3.55398564E-020  -2.16840434E-020  -1.76182853E-020   7.67969525E-002   7.68411609E-002  -1.53638083E-001   7.68190371E-002   9.36032938E-004  -1.00330788E-003
     386       1     1.17694396E+001   1.00002268E+000   2.67113912E-001   1.19999997E+001   0.00000000E+000   9.53342200E-020   2.93623640E-019  -1.19999997E+001  -1.24382942E-019   1.38235777E-019   2.24971951E-019   7.70821074E-002   7.71300148E-002  -1.54212094E-001   7.71060439E-002   9.42880269E-004  -1.00974167E-003
     387       1     1.17685665E+001   1.00002268E+000   2.68128849E-001   1.19999997E+001   0.00000000E+000   2.09435514E-020   4.97347306E-019  -1.19999997E+001  -1.09476816E-019   2.43945489E-020   1.11130723E-019   7.73776857E-002   7.74203620E-002  -1.54798020E-001   7.73990080E-002   9.48123730E-004  -1.01571047E-003
     388       1     1.17677284E+001   1.00002268E+000   2.69103306E-001   1.19999997E+001   0.00000000E+000  -6.73020616E-020  -4.44430908E-020  -1.19999997E+001  -4.85782908E-020   4.33680869E-020   5.42101086E-020   7.76575365E-002   7.77029972E-002  -1.55360510E-001   7.76802545E-002   9.58089034E-004  -1.02710186E-003
     389       1     1.17668885E+001   1.00002268E+000   2.70079739E-001   1.19999997E+001   0.00000000E+000   6.01161782E-020  -1.03941531E-019  -1.19999997E+001  -6.66931740E-020   1.46367293E-019  -1.54498810E-019   7.79397883E-002   7.79844398E-002  -1.55924203E-001   7.79621009E-002   9.64274885E-004  -1.03234819E-003
     390       1     1.17660233E+001   1.00002268E+000   2.71085726E-001   1.19999997E+001   0.00000000E+000  -2.78333041E-020  -2.45469155E-019  -1.19999997E+001  -1.14503262E-019  -3.52365706E-020   2.65629532E-019   7.82342826E-002   7.82706471E-002  -1.56504907E-001   7.82524537E-002   9.73930247E-004  -1.04261640E-003
     391       1     1.17651713E+001   1.00002268E+000   2.72076309E-001   1.19999997E+001   0.00000000E+000  -6.56331420E-020   2.49910454E-019  -1.19999997E+001  -1.15315388E-019   3.79470760E-020  -2.16840434E-020   7.85247014E-002   7.85520618E-002  -1.57076738E-001   7.85383678E-002   9.79354879E-004  -1.05357673E-003
     392       1     1.17643122E+001   1.00002268E+000   2.73075224E-001   1.19999997E+001   0.00000000E+000  -8.95466026E-020   9.40960960E-020  -1.19999997E+001   5.23986658E-020  -5.42101086E-021   2.35813973E-019   7.88166067E-002   7.88367757E-002  -1.57653358E-001   7.88266783E-002   9.83163827E-004  -1.06908584E-003
     393       1     1.17634809E+001   1.00002268E+000   2.74041843E-001   1.19999997E+001   0.00000000E+000   7.39128891E-020   2.64321263E-019  -1.19999997E+001   3.76597962E-020  -1.08420217E-020   2.27682456E-019   7.91005754E-002   7.91107962E-002  -1.58211346E-001   7.91056724E-002   9.90638531E-004  -1.07882745E-003
     394       1     1.17626651E+001   1.00002268E+000   2.74990382E-001   1.19999997E+001   0.00000000E+000   3.25955483E-020  -6.86288593E-020  -1.19999997E+001  -9.24531499E-020   1.40946282E-019  -3.25260652E-020   7.93797316E-002   7.93792361E-002  -1.58758940E-001   7.93794698E-002   9.93260018E-004  -1.08645018E-003
     395       1     1.17618331E+001   1.00002268E+000   2.75957984E-001   1.19999997E+001   0.00000000E+000  -4.82812089E-020  -3.12643500E-019  -1.19999997E+001  -7.69286241E-020   2.71050543E-020   2.98155597E-020   7.96607836E-002   7.96567225E-002  -1.59317479E-001   7.96587393E-002   1.00546811E-003  -1.09428933E-003
     396       1     1.17609746E+001   1.00002268E+000   2.76956195E-001   1.19999997E+001   0.00000000E+000  -4.77322918E-020   1.23374650E-019  -1.19999997E+001   5.87856168E-020  -8.13151629E-020   1.62630326E-020   7.99525211E-002   7.99412151E-002  -1.59893709E-001   7.99468536E-002   1.00881214E-003  -1.10754664E-003
     397       1     1.17601467E+001   1.00002268E+000   2.77919076E-001   1.19999997E+001   0.00000000E+000  -5.65361405E-021   2.94855809E-019  -1.19999997E+001   4.96638413E-020  -2.00577402E-019  -1.38235777E-019   8.02383465E-002   8.02111954E-002  -1.60449518E-001   8.02247610E-002   1.01941237E-003  -1.11718091E-003
     398       1     1.17593349E+001   1.00002268E+000   2.78863053E-001   1.19999997E+001   0.00000000E+000   4.43388661E-020  -4.02462742E-019  -1.19999997E+001   4.86051328E-020   1.35525272E-019  -1.40946282E-019   8.05150821E-002   8.04793907E-002  -1.60994449E-001   8.04972267E-002   1.02599659E-003  -1.12522330E-003
     399       1     1.17584948E+001   1.00002268E+000   2.79839914E-001   1.19999997E+001   0.00000000E+000   3.98902887E-020   4.00468906E-019  -1.19999997E+001  -2.48239383E-020   1.08420217E-019  -1.30104261E-019   8.08027105E-002   8.07557210E-002  -1.61558410E-001   8.07792072E-002   1.02716319E-003  -1.13208711E-003
     400       1     1.17576636E+001   1.00002268E+000   2.80806668E-001   1.19999997E+001   0.00000000E+000  -1.93384901E-020   1.46905622E-019  -1.19999997E+001  -6.98543274E-020   1.40946282E-019   2.38524478E-019   8.10843707E-002   8.10321257E-002  -1.62116474E-001   8.10582389E-002   1.03555403E-003  -1.14105919E-003
     401       1     1.17568311E+001   1.00002268E+000   2.81774794E-001   1.19999997E+001   0.00000000E+000   8.94228564E-020  -5.83976278E-020  -1.19999997E+001   1.75820465E-019   1.08420217E-019  -1.73472348E-019   8.13646809E-002   8.13106913E-002  -1.62675351E-001   8.13376770E-002   1.04433859E-003  -1.14674894E-003
     402       1     1.17559936E+001   1.00002268E+000   2.82748771E-001   1.19999997E+001   0.00000000E+000   7.29106770E-020  -2.81546142E-019  -1.19999997E+001   6.72105754E-020   3.25260652E-020  -5.42101086E-020   8.16498017E-002   8.15878430E-002  -1.63237622E-001   8.16188123E-002   1.04823215E-003  -1.15446979E-003
     403       1     1.17551663E+001   1.00002268E+000   2.83710933E-001   1.19999997E+001   0.00000000E+000   2.38949318E-020   8.31071670E-020  -1.19999997E+001  -3.05657712E-020  -2.49366500E-019  -5.96311195E-020   8.19309050E-002   8.18621705E-002  -1.63793051E-001   8.18965256E-002   1.05434613E-003  -1.16306307E-003
     404       1     1.17543450E+001   1.00002268E+000   2.84666348E-001   1.19999997E+001   0.00000000E+000  -3.63721242E-020   2.16879147E-019  -1.19999997E+001   9.19594058E-020   0.00000000E+000  -2.15485182E-019   8.22080705E-002   8.21364743E-002  -1.64344521E-001   8.21722609E-002   1.06382571E-003  -1.17752473E-003
     405       1     1.17535250E+001   1.00002268E+000   2.85620079E-001   1.19999997E+001   0.00000000E+000  -3.11003367E-020   3.31842362E-019  -1.19999997E+001   3.15183938E-020  -1.78893358E-019  -1.19262239E-019   8.24868888E-002   8.24082001E-002  -1.64895067E-001   8.24475353E-002   1.07265160E-003  -1.18564293E-003
     406       1     1.17526986E+001   1.00002268E+000   2.86581302E-001   1.19999997E+001   0.00000000E+000   8.95247651E-020  -3.34295449E-019  -1.19999997E+001   4.02343131E-020  -9.48676901E-020   6.77626358E-021   8.27685921E-002   8.26813554E-002  -1.65449931E-001   8.27249689E-002   1.07947169E-003  -1.19671207E-003
     407       1     1.17518691E+001   1.00002268E+000   2.87546265E-001   1.19999997E+001   0.00000000E+000  -9.38333835E-020   9.53931152E-020  -1.19999997E+001   5.30322862E-020  -1.24683250E-019   1.08420217E-020   8.30526075E-002   8.29543339E-002  -1.66006924E-001   8.30034670E-002   1.09017771E-003  -1.20808880E-003
     408       1     1.17510393E+001   1.00002268E+000   2.88511435E-001   1.19999997E+001   0.00000000E+000   1.49832187E-020  -2.29830479E-020  -1.19999997E+001   5.77206631E-020  -1.62630326E-020  -2.16840434E-020   8.33350734E-002   8.32290213E-002  -1.66564077E-001   8.32820441E-002   1.09851958E-003  -1.21610395E-003
     409       1     1.17502304E+001   1.00002268E+000   2.89452460E-001   1.19999997E+001   0.00000000E+000   8.43029393E-021  -2.97841269E-019  -1.19999997E+001   1.07473095E-020  -2.33103467E-019   1.02999206E-019   8.36121422E-002   8.34951405E-002  -1.67107264E-001   8.35536365E-002   1.10960580E-003  -1.22508763E-003
     410       1     1.17494059E+001   1.00002268E+000   2.90411668E-001   1.19999997E+001   0.00000000E+000  -7.44462551E-022   3.18357995E-019  -1.19999997E+001   2.39171829E-020  -5.01443505E-020   1.34847645E-019   8.38929629E-002   8.37679968E-002  -1.67660944E-001   8.38304785E-002   1.12131096E-003  -1.23418518E-003
     411       1     1.17485908E+001   1.00002268E+000   2.91359851E-001   1.19999997E+001   0.00000000E+000  -2.12750854E-020   1.61917627E-019  -1.19999997E+001  -5.54933966E-020  -6.23416249E-020  -1.62630326E-020   8.41723759E-002   8.40359371E-002  -1.68208296E-001   8.41041549E-002   1.12760048E-003  -1.24281344E-003
     412       1     1.17477431E+001   1.00002268E+000   2.92346114E-001   1.19999997E+001   0.00000000E+000   7.82714692E-020   2.80897301E-020  -1.19999997E+001  -6.73250572E-020   9.75781955E-020   2.68340038E-019   8.44632769E-002   8.43143080E-002  -1.68777571E-001   8.43887941E-002   1.14070119E-003  -1.25389016E-003
     413       1     1.17469254E+001   1.00002268E+000   2.93297300E-001   1.19999997E+001   0.00000000E+000  -4.82547391E-020  -6.75164668E-020  -1.19999997E+001   1.02227447E-019   2.16840434E-020   2.71050543E-020   8.47415977E-002   8.45850892E-002  -1.69326670E-001   8.46633394E-002   1.14572087E-003  -1.26227440E-003
     414       1     1.17461106E+001   1.00002268E+000   2.94245210E-001   1.19999997E+001   0.00000000E+000  -8.77473194E-021  -3.75350739E-019  -1.19999997E+001  -1.03335621E-019   3.79470760E-020   0.00000000E+000   8.50185471E-002   8.48553205E-002  -1.69873849E-001   8.49369297E-002   1.15493782E-003  -1.27024231E-003
     415       1     1.17452923E+001   1.00002268E+000   2.95197313E-001   1.19999997E+001   0.00000000E+000   5.68524544E-020   1.43478117E-019  -1.19999997E+001   1.11342481E-019  -6.50521303E-020   3.25260652E-020   8.52956101E-002   8.51278408E-002  -1.70423435E-001   8.52117233E-002   1.16413376E-003  -1.28041020E-003
     416       1     1.17444714E+001   1.00002268E+000   2.96152430E-001   1.19999997E+001   0.00000000E+000   4.04090964E-020  -1.89732071E-019  -1.19999997E+001   3.56844062E-020  -1.43656788E-019   3.65918233E-020   8.55771420E-002   8.53976353E-002  -1.70974761E-001   8.54873864E-002   1.17422370E-003  -1.28932116E-003
     417       1     1.17436533E+001   1.00002268E+000   2.97104198E-001   1.19999997E+001   0.00000000E+000   5.98468482E-020   3.34728230E-019  -1.19999997E+001  -6.24781924E-020   1.78893358E-019   8.13151629E-020   8.58527330E-002   8.56714622E-002  -1.71524178E-001   8.57620937E-002   1.18209420E-003  -1.29747127E-003
     418       1     1.17428454E+001   1.00002268E+000   2.98044299E-001   1.19999997E+001   0.00000000E+000   6.04172719E-021  -1.52118184E-019  -1.19999997E+001  -7.76946761E-020  -2.63596653E-019   2.22261445E-019   8.61282131E-002   8.59386285E-002  -1.72066825E-001   8.60334176E-002   1.19047220E-003  -1.30921537E-003
     419       1     1.17420245E+001   1.00002268E+000   2.98999491E-001   1.19999997E+001   0.00000000E+000   6.36168066E-021  -1.04179759E-019  -1.19999997E+001   4.67113028E-020   2.11419424E-019  -7.45388994E-020   8.64072224E-002   8.62109851E-002  -1.72618191E-001   8.63091012E-002   1.20090087E-003  -1.31825136E-003
     420       1     1.17412126E+001   1.00002268E+000   2.99944218E-001   1.19999997E+001   0.00000000E+000  -3.47118072E-021  -2.84649392E-020  -1.19999997E+001  -2.66115584E-020   1.17229360E-019   1.13841228E-019   8.66834926E-002   8.64800678E-002  -1.73163542E-001   8.65817752E-002   1.20885416E-003  -1.32601835E-003
     421       1     1.17403685E+001   1.00002268E+000   3.00926412E-001   1.19999997E+001   0.00000000E+000   7.99886961E-020  -7.02137374E-020  -1.19999997E+001   3.85020315E-020  -8.13151629E-020   5.96311195E-020   8.69706309E-002   8.67599097E-002  -1.73730522E-001   8.68652654E-002   1.21815820E-003  -1.33300296E-003
     422       1     1.17395391E+001   1.00002268E+000   3.01891481E-001   1.19999997E+001   0.00000000E+000  -3.55700898E-020   1.66606749E-019  -1.19999997E+001  -1.50838370E-019   1.57209315E-019   2.43945489E-019   8.72526463E-002   8.70349487E-002  -1.74287577E-001   8.71437933E-002   1.22699183E-003  -1.34516115E-003
     423       1     1.17387197E+001   1.00002268E+000   3.02845018E-001   1.19999997E+001   0.00000000E+000   3.50535983E-020  -1.08897997E-019  -1.19999997E+001   1.62023175E-020  -3.25260652E-020   2.16840434E-020   8.75292993E-002   8.73087052E-002  -1.74837986E-001   8.74189987E-002   1.23684691E-003  -1.35487475E-003
     424       1     1.17378911E+001   1.00002268E+000   3.03809300E-001   1.19999997E+001   0.00000000E+000   7.30910024E-020   4.40185817E-020  -1.19999997E+001   1.04498885E-019  -5.42101086E-020  -6.50521303E-020   8.78104475E-002   8.75841757E-002  -1.75394604E-001   8.76973069E-002   1.24327038E-003  -1.36700625E-003
     425       1     1.17370783E+001   1.00002268E+000   3.04755267E-001   1.19999997E+001   0.00000000E+000   7.85520488E-020  -2.25125145E-019  -1.19999997E+001   1.09182712E-019  -2.05998413E-019  -2.38524478E-019   8.80898562E-002   8.78508042E-002  -1.75940642E-001   8.79703258E-002   1.25289973E-003  -1.37656241E-003
     426       1     1.17362698E+001   1.00002268E+000   3.05696127E-001   1.19999997E+001   0.00000000E+000   4.54267740E-020  -5.58793591E-020  -1.19999997E+001   8.32413357E-020   7.04731412E-020  -8.67361738E-020   8.83655840E-002   8.81181568E-002  -1.76483721E-001   8.82418657E-002   1.26350888E-003  -1.38648229E-003
     427       1     1.17354354E+001   1.00002267E+000   3.06667260E-001   1.19999997E+001   0.00000000E+000  -1.11120466E-019   2.29992606E-019  -1.19999997E+001  -3.44253546E-020  -2.27682456E-019   1.62630326E-019   8.86470879E-002   8.83972058E-002  -1.77044274E-001   8.85221408E-002   1.27362140E-003  -1.39800986E-003
     428       1     1.17346081E+001   1.00002267E+000   3.07630079E-001   1.19999997E+001   0.00000000E+000   4.11406549E-020   2.42225615E-019  -1.19999997E+001   4.98097559E-020   4.33680869E-020  -4.33680869E-020   8.89275957E-002   8.86724683E-002  -1.77600044E-001   8.88000244E-002   1.27916803E-003  -1.41121596E-003
     429       1     1.17338006E+001   1.00002267E+000   3.08569905E-001   1.19999997E+001   0.00000000E+000  -3.67738031E-020  -2.27095158E-019  -1.19999997E+001  -6.92859716E-020   1.08420217E-019  -1.08420217E-020   8.92011289E-002   8.89414294E-002  -1.78142538E-001   8.90712705E-002   1.28747350E-003  -1.42190576E-003
     430       1     1.17329923E+001   1.00002267E+000   3.09510678E-001   1.19999997E+001   0.00000000E+000  -2.69528531E-020   2.21770431E-019  -1.19999997E+001  -8.09242374E-020   3.25260652E-020  -2.16840434E-020   8.94735332E-002   8.92120740E-002  -1.78685589E-001   8.93427971E-002   1.29737061E-003  -1.42985714E-003
     431       1     1.17321832E+001   1.00002267E+000   3.10452459E-001   1.19999997E+001   0.00000000E+000   4.72230794E-020   7.69019889E-020  -1.19999997E+001  -1.02229763E-019   9.75781955E-020   7.58941521E-020   8.97452893E-002   8.94839232E-002  -1.79229198E-001   8.96146028E-002   1.30682970E-003  -1.44135355E-003
     432       1     1.17313612E+001   1.00002267E+000   3.11409152E-001   1.19999997E+001   0.00000000E+000   7.37795476E-020  -3.22451216E-019  -1.19999997E+001  -1.81150900E-020  -1.40946282E-019  -5.42101086E-020   9.00247605E-002   8.97567492E-002  -1.79781490E-001   8.98907466E-002   1.31332474E-003  -1.44602209E-003
     433       1     1.17305576E+001   1.00002267E+000   3.12344479E-001   1.19999997E+001   0.00000000E+000   1.34768236E-019   1.47671592E-020  -1.19999997E+001   5.47661394E-020  -8.67361738E-020   1.19262239E-019   9.02984841E-002   9.00229390E-002  -1.80321404E-001   9.01607039E-002   1.32034545E-003  -1.45538736E-003
     434       1     1.17297391E+001   1.00002267E+000   3.13297150E-001   1.19999997E+001   0.00000000E+000  -9.75275721E-020  -1.48560315E-019  -1.19999997E+001  -8.16264310E-020   1.30104261E-019  -2.16840434E-020   9.05760330E-002   9.02953370E-002  -1.80871351E-001   9.04356771E-002   1.32656201E-003  -1.46326389E-003
     435       1     1.17289137E+001   1.00002267E+000   3.14257999E-001   1.19999997E+001   0.00000000E+000   3.69253425E-022   6.57456386E-020  -1.19999997E+001   3.56394076E-020   1.40946282E-019  -3.25260652E-020   9.08599338E-002   9.05660369E-002  -1.81425953E-001   9.07129782E-002   1.34141326E-003  -1.47109172E-003
     436       1     1.17281066E+001   1.00002267E+000   3.15197565E-001   1.19999997E+001   0.00000000E+000  -4.11191483E-020   4.34359157E-020  -1.19999997E+001  -1.34203272E-019  -1.73472348E-019  -4.87890978E-020   9.11326726E-002   9.08356488E-002  -1.81968304E-001   9.09841541E-002   1.35026084E-003  -1.48011291E-003
     437       1     1.17272912E+001   1.00002267E+000   3.16146731E-001   1.19999997E+001   0.00000000E+000  -1.51053106E-020  -1.15084977E-019  -1.19999997E+001   3.38560062E-020  -2.16840434E-020   3.25260652E-020   9.14108770E-002   9.11053204E-002  -1.82516180E-001   9.12580913E-002   1.36032641E-003  -1.49008483E-003
     438       1     1.17264826E+001   1.00002267E+000   3.17088083E-001   1.19999997E+001   0.00000000E+000   7.86218629E-021   3.03597453E-019  -1.19999997E+001   1.04960948E-020   1.73472348E-019  -2.76471554E-019   9.16867676E-002   9.13727870E-002  -1.83059539E-001   9.15297718E-002   1.37207513E-003  -1.49894937E-003
     439       1     1.17256662E+001   1.00002267E+000   3.18038567E-001   1.19999997E+001   0.00000000E+000   8.53081292E-020  -2.00216751E-019  -1.19999997E+001  -6.43860018E-020   7.58941521E-020  -1.62630326E-019   9.19625369E-002   9.16456685E-002  -1.83608191E-001   9.18040981E-002   1.38112409E-003  -1.50813985E-003
     440       1     1.17248408E+001   1.00002267E+000   3.18999338E-001   1.19999997E+001   0.00000000E+000  -5.25997534E-020   1.05093959E-019  -1.19999997E+001  -7.91064253E-020   4.33680869E-020   0.00000000E+000   9.22423861E-002   9.19204556E-002  -1.84162826E-001   9.20814171E-002   1.38801621E-003  -1.51369755E-003
     441       1     1.17240096E+001   1.00002267E+000   3.19966992E-001   1.19999997E+001   0.00000000E+000  -6.55318951E-020   1.47858204E-019  -1.19999997E+001   1.96814392E-020  -5.42101086E-020   7.58941521E-020   9.25254857E-002   9.21959474E-002  -1.84721415E-001   9.23607096E-002   1.39259395E-003  -1.52390515E-003
     442       1     1.17231856E+001   1.00002267E+000   3.20926337E-001   1.19999997E+001   0.00000000E+000   5.52692307E-020   3.46440777E-019  -1.19999997E+001  -7.64566349E-020   9.75781955E-020  -1.35525272E-019   9.28039327E-002   9.24712711E-002  -1.85275184E-001   9.26375937E-002   1.40207931E-003  -1.53249270E-003
     443       1     1.17223733E+001   1.00002267E+000   3.21872116E-001   1.19999997E+001   0.00000000E+000  -8.76143087E-020   1.45966938E-019  -1.19999997E+001   2.19788010E-019   1.30104261E-019   9.75781955E-020   9.30809780E-002   9.27401103E-002  -1.85821069E-001   9.29105364E-002   1.41410722E-003  -1.54460306E-003
     444       1     1.17215426E+001   1.00002267E+000   3.22839395E-001   1.19999997E+001   0.00000000E+000   2.71927355E-020  -5.90117266E-020  -1.19999997E+001   3.40328574E-020   4.87890978E-020   1.95156391E-019   9.33668061E-002   9.30125814E-002  -1.86379369E-001   9.31896882E-002   1.42594724E-003  -1.55628662E-003
     445       1     1.17207220E+001   1.00002267E+000   3.23794868E-001   1.19999997E+001   0.00000000E+000  -6.57856741E-020  -2.70208142E-019  -1.19999997E+001   3.74418341E-020   1.62630326E-020  -9.75781955E-020   9.36456429E-002   9.32852556E-002  -1.86930881E-001   9.34654441E-002   1.43609217E-003  -1.56658377E-003
     446       1     1.17199107E+001   1.00002267E+000   3.24739515E-001   1.19999997E+001   0.00000000E+000  -8.76110000E-020  -3.77516960E-019  -1.19999997E+001   2.98243279E-020   0.00000000E+000   7.58941521E-020   9.39220186E-002   9.35541884E-002  -1.87476188E-001   9.37380974E-002   1.44312571E-003  -1.57398791E-003
     447       1     1.17191006E+001   1.00002267E+000   3.25682709E-001   1.19999997E+001   0.00000000E+000  -3.44557121E-020  -3.89807209E-020  -1.19999997E+001  -4.37446195E-020  -1.51788304E-019  -9.75781955E-020   9.41980343E-002   9.38226161E-002  -1.88020634E-001   9.40103206E-002   1.45219605E-003  -1.58232037E-003
     448       1     1.17182838E+001   1.00002267E+000   3.26633839E-001   1.19999997E+001   0.00000000E+000  -5.88773925E-020  -1.38296657E-019  -1.19999997E+001   1.71924362E-019  -5.69206141E-020   2.71050543E-020   9.44767562E-002   9.40929169E-002  -1.88569659E-001   9.42848324E-002   1.46119435E-003  -1.59108340E-003
     449       1     1.17174567E+001   1.00002267E+000   3.27596893E-001   1.19999997E+001   0.00000000E+000  -4.48388140E-020  -2.98005712E-019  -1.19999997E+001   8.19934510E-020  -5.42101086E-021   8.13151629E-020   9.47590197E-002   9.43665920E-002  -1.89125596E-001   9.45627996E-002   1.46980560E-003  -1.59681650E-003
     450       1     1.17166444E+001   1.00002267E+000   3.28542868E-001   1.19999997E+001   0.00000000E+000   7.47476797E-020   7.92832765E-020  -1.19999997E+001   3.62495360E-020  -8.40256684E-020   5.42101086E-020   9.50354635E-002   9.46361675E-002  -1.89671617E-001   9.48358111E-002   1.48057252E-003  -1.60704930E-003
     451       1     1.17158335E+001   1.00002267E+000   3.29487144E-001   1.19999997E+001   0.00000000E+000   3.60809566E-020   2.45895650E-019  -1.19999997E+001   7.99311243E-020   4.33680869E-020   1.54498810E-019   9.53112624E-002   9.49054381E-002  -1.90216686E-001   9.51083451E-002   1.48878532E-003  -1.61627855E-003
     452       1     1.17150158E+001   1.00002267E+000   3.30439347E-001   1.19999997E+001   0.00000000E+000  -3.11430192E-020  -7.94258824E-020  -1.19999997E+001   9.25267690E-020   1.81603864E-019  -5.96311195E-020   9.55915432E-002   9.51748072E-002  -1.90766336E-001   9.53831703E-002   1.49753004E-003  -1.62419879E-003
     453       1     1.17142082E+001   1.00002267E+000   3.31379827E-001   1.19999997E+001   0.00000000E+000   7.84941462E-020   1.49128422E-019  -1.19999997E+001  -1.41664606E-020  -1.09775470E-019   9.69005692E-020   9.58668005E-002   9.54424270E-002  -1.91309213E-001   9.56546090E-002   1.50698342E-003  -1.63207270E-003
     454       1     1.17133871E+001   1.00002267E+000   3.32336087E-001   1.19999997E+001   0.00000000E+000   1.09836350E-020  -2.46864113E-019  -1.19999997E+001  -2.72273116E-020   1.59919820E-019  -4.60785923E-020   9.61451441E-002   9.57160469E-002  -1.91861179E-001   9.59305922E-002   1.51720506E-003  -1.64218484E-003
     455       1     1.17125723E+001   1.00002267E+000   3.33285006E-001   1.19999997E+001   0.00000000E+000  -9.96304306E-020   2.84464435E-019  -1.19999997E+001   6.28599363E-020   7.58941521E-020  -1.51788304E-019   9.64218326E-002   9.59871200E-002  -1.92408940E-001   9.62044727E-002   1.52605987E-003  -1.64937308E-003
     456       1     1.17117606E+001   1.00002267E+000   3.34230390E-001   1.19999997E+001   0.00000000E+000   7.82855312E-020  -1.68625069E-019  -1.19999997E+001   4.05748634E-020  -8.13151629E-020   4.87890978E-020   9.66977058E-002   9.62569625E-002  -1.92954655E-001   9.64773311E-002   1.53340238E-003  -1.65847024E-003
     457       1     1.17109424E+001   1.00002267E+000   3.35183348E-001   1.19999997E+001   0.00000000E+000   2.06737250E-020  -2.00478802E-020  -1.19999997E+001   6.15141134E-020  -9.75781955E-020  -2.43945489E-019   9.69813514E-002   9.65233664E-002  -1.93504703E-001   9.67523547E-002   1.54480030E-003  -1.66773459E-003
     458       1     1.17101040E+001   1.00002267E+000   3.36159660E-001   1.19999997E+001   0.00000000E+000   7.10048529E-020  -1.61801160E-019  -1.19999997E+001  -9.27678094E-020  -7.58941521E-020  -1.19262239E-019   9.72641404E-002   9.68042279E-002  -1.94068353E-001   9.70341796E-002   1.55077512E-003  -1.66940159E-003
     459       1     1.17092900E+001   1.00002267E+000   3.37107798E-001   1.19999997E+001   0.00000000E+000   2.72536160E-020  -1.32140448E-019  -1.19999997E+001   5.23355519E-020  -1.08420217E-019   2.76471554E-019   9.75423914E-002   9.70732844E-002  -1.94615661E-001   9.73078339E-002   1.55924442E-003  -1.67685325E-003
     460       1     1.17084640E+001   1.00002267E+000   3.38069827E-001   1.19999997E+001   0.00000000E+000  -5.23959361E-020   3.11204868E-019  -1.19999997E+001   9.11703582E-020   5.42101086E-020  -1.40946282E-019   9.78273881E-002   9.73436335E-002  -1.95171005E-001   9.75855047E-002   1.56580955E-003  -1.68396531E-003
     461       1     1.17076479E+001   1.00002267E+000   3.39020388E-001   1.19999997E+001   0.00000000E+000   5.54434349E-020   1.69879406E-019  -1.19999997E+001   9.88232678E-021  -4.87890978E-020   1.08420217E-019   9.81054833E-002   9.76142383E-002  -1.95719705E-001   9.78598547E-002   1.57606953E-003  -1.69071934E-003
     462       1     1.17068215E+001   1.00002267E+000   3.39982874E-001   1.19999997E+001   0.00000000E+000   2.44094381E-020  -9.01709586E-020  -1.19999997E+001  -7.22054229E-020   3.25260652E-020  -4.33680869E-020   9.83870970E-002   9.78882462E-002  -1.96275326E-001   9.81376650E-002   1.58384137E-003  -1.69559845E-003
     463       1     1.17060004E+001   1.00002267E+000   3.40939226E-001   1.19999997E+001   0.00000000E+000   5.07625853E-020   1.86960686E-019  -1.19999997E+001  -5.79449945E-020   0.00000000E+000  -4.33680869E-020   9.86673772E-002   9.81600472E-002  -1.96827405E-001   9.84137041E-002   1.58883037E-003  -1.70301076E-003
     464       1     1.17051818E+001   1.00002267E+000   3.41892853E-001   1.19999997E+001   0.00000000E+000  -6.11915130E-020   6.46875091E-020  -1.19999997E+001   1.83334657E-020   2.16840434E-019  -3.46944695E-019   9.89506995E-002   9.84271919E-002  -1.97377872E-001   9.86889376E-002   1.59973463E-003  -1.70887763E-003
     465       1     1.17043592E+001   1.00002267E+000   3.42851110E-001   1.19999997E+001   0.00000000E+000   3.69903589E-020   1.31438338E-019  -1.19999997E+001  -1.35624533E-020   2.05998413E-019  -5.42101086E-020   9.92321672E-002   9.86988837E-002  -1.97931031E-001   9.89655177E-002   1.60677254E-003  -1.71645053E-003
     466       1     1.17035345E+001   1.00002267E+000   3.43811801E-001   1.19999997E+001   0.00000000E+000   5.01564273E-020   9.46046467E-020  -1.19999997E+001  -5.37040395E-020  -3.03576608E-019  -1.95156391E-019   9.95115726E-002   9.89740267E-002  -1.98485580E-001   9.92427926E-002   1.61596090E-003  -1.72439824E-003
     467       1     1.17027143E+001   1.00002267E+000   3.44767113E-001   1.19999997E+001   0.00000000E+000   4.45488045E-020   2.34859075E-019  -1.19999997E+001  -9.70856922E-020   2.16840434E-020   8.67361738E-020   9.97941958E-002   9.92429257E-002  -1.99037102E-001   9.95185538E-002   1.61878286E-003  -1.72835115E-003
     468       1     1.17018997E+001   1.00002267E+000   3.45716097E-001   1.19999997E+001   0.00000000E+000  -8.36757710E-020   5.40274671E-020  -1.19999997E+001   3.74537455E-020  -1.08420217E-020  -1.08420217E-020   1.00071143E-001   9.95137833E-002  -1.99584907E-001   9.97924570E-002   1.62567151E-003  -1.73641402E-003
     469       1     1.17010616E+001   1.00002267E+000   3.46692467E-001   1.19999997E+001   0.00000000E+000   3.93726391E-020  -3.37190581E-019  -1.19999997E+001   3.21147910E-020  -8.67361738E-020   3.25260652E-020   1.00358271E-001   9.97902567E-002  -2.00148511E-001   1.00074260E-001   1.63472426E-003  -1.74361354E-003
     470       1     1.17002327E+001   1.00002267E+000   3.47658184E-001   1.19999997E+001   0.00000000E+000  -1.39200931E-019   7.07854846E-020  -1.19999997E+001  -3.54436966E-020  -1.95156391E-019  -2.16840434E-019   1.00641140E-001   1.00064861E-001  -2.00705986E-001   1.00352999E-001   1.64134781E-003  -1.75073445E-003
     471       1     1.16994051E+001   1.00002267E+000   3.48622257E-001   1.19999997E+001   0.00000000E+000   3.41210348E-020   2.27448530E-019  -1.19999997E+001  -6.37089545E-020   1.40946282E-019  -1.73472348E-019   1.00924738E-001   1.00337835E-001  -2.01262558E-001   1.00631283E-001   1.64634366E-003  -1.75400444E-003
     472       1     1.16985871E+001   1.00002267E+000   3.49575174E-001   1.19999997E+001   0.00000000E+000   2.39235522E-020  -6.97068411E-020  -1.19999997E+001   1.01312751E-019   1.84314369E-019   1.62630326E-019   1.01204423E-001   1.00608252E-001  -2.01812660E-001   1.00906334E-001   1.65405973E-003  -1.75805359E-003
     473       1     1.16977656E+001   1.00002267E+000   3.50532360E-001   1.19999997E+001   0.00000000E+000  -6.24547832E-020  -7.59553634E-020  -1.19999997E+001  -1.63980946E-019   0.00000000E+000  -1.30104261E-019   1.01482487E-001   1.00882718E-001  -2.02365191E-001   1.01182600E-001   1.66225538E-003  -1.76618331E-003
     474       1     1.16969312E+001   1.00002267E+000   3.51504563E-001   1.19999997E+001   0.00000000E+000  -8.08261338E-020   4.03517232E-019  -1.19999997E+001   1.27903299E-019   0.00000000E+000  -7.58941521E-020   1.01771048E-001   1.01155339E-001  -2.02926372E-001   1.01463190E-001   1.67343770E-003  -1.77271518E-003
     475       1     1.16961067E+001   1.00002267E+000   3.52465178E-001   1.19999997E+001   0.00000000E+000   1.11652508E-019   5.53036414E-019  -1.19999997E+001   5.91981732E-020   4.33680869E-020  -7.58941521E-020   1.02052235E-001   1.01428704E-001  -2.03480923E-001   1.01740465E-001   1.68084350E-003  -1.77662286E-003
     476       1     1.16952802E+001   1.00002267E+000   3.53428194E-001   1.19999997E+001   0.00000000E+000  -4.30416814E-020   1.88457221E-019  -1.19999997E+001   4.88878631E-020   1.30104261E-019   3.03576608E-019   1.02334726E-001   1.01702112E-001  -2.04036821E-001   1.02018414E-001   1.69016238E-003  -1.78305806E-003
     477       1     1.16944520E+001   1.00002267E+000   3.54393191E-001   1.19999997E+001   0.00000000E+000  -1.30562188E-021  -2.35156860E-019  -1.19999997E+001   1.32449152E-019  -1.40946282E-019  -4.55364912E-019   1.02617464E-001   1.01976438E-001  -2.04593884E-001   1.02296946E-001   1.69643650E-003  -1.78993809E-003
     478       1     1.16936100E+001   1.00002267E+000   3.55374290E-001   1.19999997E+001   0.00000000E+000  -6.41486837E-020  -2.81313869E-019  -1.19999997E+001  -1.57182514E-020  -2.16840434E-019   1.30104261E-019   1.02905117E-001   1.02255166E-001  -2.05160265E-001   1.02580137E-001   1.70115997E-003  -1.79588781E-003
     479       1     1.16927713E+001   1.00002267E+000   3.56351574E-001   1.19999997E+001   0.00000000E+000  -4.48065540E-020  -1.20555949E-019  -1.19999997E+001  -1.32499279E-019  -3.25260652E-020  -4.22838847E-019   1.03192189E-001   1.02532258E-001  -2.05724428E-001   1.02862218E-001   1.70989302E-003  -1.79976001E-003
     480       1     1.16919409E+001   1.00002267E+000   3.57319265E-001   1.19999997E+001   0.00000000E+000   7.52127207E-020  -1.14088390E-019  -1.19999997E+001   7.61666254E-020  -2.49366500E-019  -4.22838847E-019   1.03475171E-001   1.02807838E-001  -2.06282991E-001   1.03141500E-001   1.71970330E-003  -1.80974850E-003
     481       1     1.16911160E+001   1.00002267E+000   3.58280601E-001   1.19999997E+001   0.00000000E+000  -2.68390330E-020   3.21917849E-019  -1.19999997E+001  -2.02690683E-020   2.05998413E-019  -1.62630326E-019   1.03756750E-001   1.03081176E-001  -2.06837910E-001   1.03418961E-001   1.72963901E-003  -1.81660230E-003
     482       1     1.16902878E+001   1.00002267E+000   3.59245859E-001   1.19999997E+001   0.00000000E+000   3.67829020E-020  -1.30807033E-019  -1.19999997E+001  -1.04141047E-019  -2.49366500E-019   3.14418630E-019   1.04037847E-001   1.03357256E-001  -2.07395085E-001   1.03697548E-001   1.73870707E-003  -1.82552732E-003
     483       1     1.16894627E+001   1.00002267E+000   3.60207339E-001   1.19999997E+001   0.00000000E+000  -7.03300390E-020  -7.02547655E-020  -1.19999997E+001  -1.59343276E-019  -1.08420217E-019   2.38524478E-019   1.04320834E-001   1.03629317E-001  -2.07950132E-001   1.03975072E-001   1.74521006E-003  -1.83025080E-003
     484       1     1.16886330E+001   1.00002267E+000   3.61174189E-001   1.19999997E+001   0.00000000E+000   7.70533630E-020  -1.43885090E-019  -1.19999997E+001   9.72761092E-020   1.30104261E-019   1.08420217E-019   1.04603180E-001   1.03905123E-001  -2.08508285E-001   1.04254149E-001   1.75164167E-003  -1.83487472E-003
     485       1     1.16878068E+001   1.00002267E+000   3.62137041E-001   1.19999997E+001   0.00000000E+000   5.00058804E-020   1.77716777E-019  -1.19999997E+001   7.74196386E-020  -4.33680869E-020  -2.81892565E-019   1.04884046E-001   1.04180081E-001  -2.09064109E-001   1.04532060E-001   1.75892704E-003  -1.84114039E-003
     486       1     1.16869679E+001   1.00002267E+000   3.63114892E-001   1.19999997E+001   0.00000000E+000   2.52094872E-020   8.74237263E-020  -1.19999997E+001   6.34464073E-021   6.50521303E-020  -2.92734587E-019   1.05171559E-001   1.04457009E-001  -2.09628549E-001   1.04814280E-001   1.76833500E-003  -1.84984163E-003
     487       1     1.16861253E+001   1.00002267E+000   3.64096845E-001   1.19999997E+001   0.00000000E+000  -1.42457211E-019   7.22231245E-020  -1.19999997E+001  -8.55652169E-020  -1.08420217E-019   5.42101086E-020   1.05460711E-001   1.04734709E-001  -2.10195401E-001   1.05097706E-001   1.77622365E-003  -1.85494441E-003
     488       1     1.16852998E+001   1.00002267E+000   3.65059061E-001   1.19999997E+001   0.00000000E+000   1.18918794E-020  -3.21175372E-019  -1.19999997E+001  -1.16840254E-019  -1.30104261E-019   0.00000000E+000   1.05745466E-001   1.05005402E-001  -2.10750849E-001   1.05375430E-001   1.78534276E-003  -1.85959038E-003
     489       1     1.16844728E+001   1.00002267E+000   3.66022893E-001   1.19999997E+001   0.00000000E+000   7.52463042E-020   5.69841415E-020  -1.19999997E+001   7.67239797E-020   2.16840434E-019  -1.35525272E-019   1.06028963E-001   1.05278317E-001  -2.11307259E-001   1.05653636E-001   1.79144200E-003  -1.86403359E-003
     490       1     1.16836357E+001   1.00002267E+000   3.66998522E-001   1.19999997E+001   0.00000000E+000   4.46692420E-020  -5.20249291E-019  -1.19999997E+001   6.90943966E-021   4.33680869E-020   3.03576608E-019   1.06316020E-001   1.05554482E-001  -2.11870480E-001   1.05935246E-001   1.79939543E-003  -1.86679939E-003
     491       1     1.16828005E+001   1.00002267E+000   3.67972113E-001   1.19999997E+001   0.00000000E+000  -3.11066232E-020  -2.97435950E-019  -1.19999997E+001   3.24635303E-020  -8.67361738E-020  -2.81892565E-019   1.06604372E-001   1.05828159E-001  -2.12432509E-001   1.06216261E-001   1.80564703E-003  -1.87250586E-003
     492       1     1.16819602E+001   1.00002267E+000   3.68951508E-001   1.19999997E+001   0.00000000E+000  -1.25426720E-019  -3.77723755E-020  -1.19999997E+001   6.06182768E-020  -6.50521303E-020   1.51788304E-019   1.06890996E-001   1.06106926E-001  -2.12997899E-001   1.06498956E-001   1.81385706E-003  -1.87598286E-003
     493       1     1.16811342E+001   1.00002267E+000   3.69914368E-001   1.19999997E+001   0.00000000E+000  -1.90936446E-020   1.09549484E-019  -1.19999997E+001   6.97119696E-020   1.51788304E-019   1.08420217E-019   1.07175146E-001   1.06378610E-001  -2.13553733E-001   1.06776873E-001   1.82201354E-003  -1.87996578E-003
     494       1     1.16802897E+001   1.00002267E+000   3.70898687E-001   1.19999997E+001   0.00000000E+000   3.96527225E-020  -5.67290390E-020  -1.19999997E+001  -7.91565524E-020   2.16840434E-020  -1.08420217E-019   1.07467508E-001   1.06654481E-001  -2.14121969E-001   1.07060991E-001   1.82667883E-003  -1.88560038E-003
     495       1     1.16794513E+001   1.00002267E+000   3.71876069E-001   1.19999997E+001   0.00000000E+000  -2.65822762E-020  -7.46348523E-021  -1.19999997E+001   7.37673053E-020   1.08420217E-019  -2.81892565E-019   1.07756929E-001   1.06929290E-001  -2.14686199E-001   1.07343107E-001   1.83242072E-003  -1.89033700E-003
     496       1     1.16786067E+001   1.00002267E+000   3.72860739E-001   1.19999997E+001   0.00000000E+000   1.12673084E-019   8.23989350E-020  -1.19999997E+001  -2.03168793E-020   1.51788304E-019   1.30104261E-019   1.08050418E-001   1.07204181E-001  -2.15254577E-001   1.07627296E-001   1.84357495E-003  -1.89620977E-003
     497       1     1.16777536E+001   1.00002267E+000   3.73855176E-001   1.19999997E+001   0.00000000E+000   6.56347964E-020   1.91843036E-019  -1.19999997E+001  -4.09652927E-020   2.16840434E-019   3.90312782E-019   1.08348285E-001   1.07480378E-001  -2.15828642E-001   1.07914329E-001   1.84919304E-003  -1.90168678E-003
     498       1     1.16769102E+001   1.00002267E+000   3.74838570E-001   1.19999997E+001   0.00000000E+000   4.91907767E-020   2.10296774E-019  -1.19999997E+001   5.67070360E-020   8.67361738E-020  -4.33680869E-019   1.08636783E-001   1.07759519E-001  -2.16396282E-001   1.08198150E-001   1.85923128E-003  -1.90973224E-003
     499       1     1.16760622E+001   1.00002267E+000   3.75827019E-001   1.19999997E+001   0.00000000E+000   2.02113311E-021   3.48732729E-019  -1.19999997E+001   9.39420750E-020  -6.50521303E-020   0.00000000E+000   1.08929848E-001   1.08037113E-001  -2.16966941E-001   1.08483477E-001   1.86266719E-003  -1.91229528E-003
     500       1     1.16752153E+001   1.00002267E+000   3.76814364E-001   1.19999997E+001   0.00000000E+000  -2.55916447E-020  -1.99949737E-019  -1.19999997E+001  -8.07075161E-020  -8.67361738E-020   5.42101086E-019   1.09220116E-001   1.08316861E-001  -2.17536956E-001   1.08768485E-001   1.86681130E-003  -1.91530765E-003
