   iLoop            strain     Layer Density  B5                B4                B2                D6                D1                D4                C1                C5                C3                A6                C2                C3              
       1   7.67585093E+014   0.00000000E+000   1.67906656E+014   1.43923261E+014   0.00000000E+000   0.00000000E+000   0.00000000E+000   2.39869651E+014   0.00000000E+000   2.15885526E+014   0.00000000E+000   0.00000000E+000
   0.00000000E+000
       2   7.72969222E+014   0.00000000E+000   1.69082073E+014   1.44933730E+014   0.00000000E+000   0.00000000E+000   0.00000000E+000   2.41551589E+014   0.00000000E+000   2.17401830E+014   0.00000000E+000   0.00000000E+000
   0.00000000E+000
       3   7.78353162E+014   0.00000000E+000   1.70257459E+014   1.45944170E+014   0.00000000E+000   0.00000000E+000   0.00000000E+000   2.43233462E+014   0.00000000E+000   2.18918072E+014   0.00000000E+000   0.00000000E+000
   0.00000000E+000
       4   7.83738759E+014   0.00000000E+000   1.71433214E+014   1.46954917E+014   0.00000000E+000   0.00000000E+000   0.00000000E+000   2.44915852E+014   0.00000000E+000   2.20434777E+014   0.00000000E+000   0.00000000E+000
   0.00000000E+000
       5   7.89125981E+014   0.00000000E+000   1.72609332E+014   1.47965965E+014   0.00000000E+000   0.00000000E+000   0.00000000E+000   2.46598750E+014   0.00000000E+000   2.21951935E+014   0.00000000E+000   0.00000000E+000
   0.00000000E+000
       6   7.94514820E+014   0.00000000E+000   1.73785810E+014   1.48977314E+014   0.00000000E+000   0.00000000E+000   0.00000000E+000   2.48282152E+014   0.00000000E+000   2.23469545E+014   0.00000000E+000   0.00000000E+000
   0.00000000E+000
       7   7.99905261E+014   0.00000000E+000   1.74962646E+014   1.49988960E+014   0.00000000E+000   0.00000000E+000   0.00000000E+000   2.49966053E+014   0.00000000E+000   2.24987601E+014   0.00000000E+000   0.00000000E+000
   0.00000000E+000
       8   8.05297268E+014   0.00000000E+000   1.76139833E+014   1.51000899E+014   0.00000000E+000   0.00000000E+000   0.00000000E+000   2.51650443E+014   0.00000000E+000   2.26506093E+014   0.00000000E+000   0.00000000E+000
   0.00000000E+000
       9   8.10690804E+014   0.00000000E+000   1.77317361E+014   1.52013123E+014   0.00000000E+000   0.00000000E+000   0.00000000E+000   2.53335309E+014   0.00000000E+000   2.28025011E+014   0.00000000E+000   0.00000000E+000
   0.00000000E+000
      10   8.16085836E+014   0.00000000E+000   1.78495224E+014   1.53025627E+014   0.00000000E+000   0.00000000E+000   0.00000000E+000   2.55020641E+014   0.00000000E+000   2.29544343E+014   0.00000000E+000   0.00000000E+000
   0.00000000E+000
      11   8.21482343E+014   0.00000000E+000   1.79673418E+014   1.54038407E+014   0.00000000E+000   0.00000000E+000   0.00000000E+000   2.56706432E+014   0.00000000E+000   2.31064086E+014   0.00000000E+000   0.00000000E+000
   0.00000000E+000
      12   8.26880289E+014   0.00000000E+000   1.80851935E+014   1.55051457E+014   0.00000000E+000   0.00000000E+000   0.00000000E+000   2.58392671E+014   0.00000000E+000   2.32584227E+014   0.00000000E+000   0.00000000E+000
   0.00000000E+000
      13   8.32279651E+014   0.00000000E+000   1.82030769E+014   1.56064774E+014   0.00000000E+000   0.00000000E+000   0.00000000E+000   2.60079348E+014   0.00000000E+000   2.34104759E+014   0.00000000E+000   0.00000000E+000
   0.00000000E+000
      14   8.37680411E+014   0.00000000E+000   1.83209919E+014   1.57078354E+014   0.00000000E+000   0.00000000E+000   0.00000000E+000   2.61766460E+014   0.00000000E+000   2.35625677E+014   0.00000000E+000   0.00000000E+000
   0.00000000E+000
      15   8.43082552E+014   0.00000000E+000   1.84389380E+014   1.58092195E+014   0.00000000E+000   0.00000000E+000   0.00000000E+000   2.63454002E+014   0.00000000E+000   2.37146976E+014   0.00000000E+000   0.00000000E+000
   0.00000000E+000
      16   8.48486055E+014   0.00000000E+000   1.85569148E+014   1.59106292E+014   0.00000000E+000   0.00000000E+000   0.00000000E+000   2.65141966E+014   0.00000000E+000   2.38668650E+014   0.00000000E+000   0.00000000E+000
   0.00000000E+000
      17   8.53890894E+014   0.00000000E+000   1.86749217E+014   1.60120642E+014   0.00000000E+000   0.00000000E+000   0.00000000E+000   2.66830345E+014   0.00000000E+000   2.40190690E+014   0.00000000E+000   0.00000000E+000
   0.00000000E+000
      18   8.59297007E+014   0.00000000E+000   1.87929575E+014   1.61135233E+014   0.00000000E+000   0.00000000E+000   0.00000000E+000   2.68519119E+014   0.00000000E+000   2.41713079E+014   0.00000000E+000   0.00000000E+000
   0.00000000E+000
      19   8.64704352E+014   0.00000000E+000   1.89110213E+014   1.62150057E+014   0.00000000E+000   0.00000000E+000   0.00000000E+000   2.70208275E+014   0.00000000E+000   2.43235807E+014   0.00000000E+000   0.00000000E+000
   0.00000000E+000
      20   8.70112920E+014   0.00000000E+000   1.90291130E+014   1.63165112E+014   0.00000000E+000   0.00000000E+000   0.00000000E+000   2.71897809E+014   0.00000000E+000   2.44758870E+014   0.00000000E+000   0.00000000E+000
   0.00000000E+000
      21   8.75522692E+014   0.00000000E+000   1.91472324E+014   1.64180392E+014   0.00000000E+000   0.00000000E+000   0.00000000E+000   2.73587714E+014   0.00000000E+000   2.46282263E+014   0.00000000E+000   0.00000000E+000
   0.00000000E+000
      22   8.80933648E+014   0.00000000E+000   1.92653790E+014   1.65195893E+014   0.00000000E+000   0.00000000E+000   0.00000000E+000   2.75277983E+014   0.00000000E+000   2.47805982E+014   0.00000000E+000   0.00000000E+000
   0.00000000E+000
      23   8.86345762E+014   0.00000000E+000   1.93835524E+014   1.66211610E+014   0.00000000E+000   0.00000000E+000   0.00000000E+000   2.76968610E+014   0.00000000E+000   2.49330019E+014   0.00000000E+000   0.00000000E+000
   0.00000000E+000
      24   8.91759023E+014   0.00000000E+000   1.95017524E+014   1.67227538E+014   0.00000000E+000   0.00000000E+000   0.00000000E+000   2.78659589E+014   0.00000000E+000   2.50854372E+014   0.00000000E+000   0.00000000E+000
   0.00000000E+000
      25   8.97173424E+014   0.00000000E+000   1.96199789E+014   1.68243677E+014   0.00000000E+000   0.00000000E+000   0.00000000E+000   2.80350918E+014   0.00000000E+000   2.52379039E+014   0.00000000E+000   0.00000000E+000
   0.00000000E+000
      26   9.02588956E+014   0.00000000E+000   1.97382318E+014   1.69260025E+014   0.00000000E+000   0.00000000E+000   0.00000000E+000   2.82042595E+014   0.00000000E+000   2.53904017E+014   0.00000000E+000   0.00000000E+000
   0.00000000E+000
      27   9.08005609E+014   0.00000000E+000   1.98565110E+014   1.70276579E+014   0.00000000E+000   0.00000000E+000   0.00000000E+000   2.83734617E+014   0.00000000E+000   2.55429303E+014   0.00000000E+000   0.00000000E+000
   0.00000000E+000
      28   9.13423365E+014   0.00000000E+000   1.99748161E+014   1.71293335E+014   0.00000000E+000   0.00000000E+000   0.00000000E+000   2.85426979E+014   0.00000000E+000   2.56954890E+014   0.00000000E+000   0.00000000E+000
   0.00000000E+000
      29   9.18842206E+014   0.00000000E+000   2.00931466E+014   1.72310291E+014   0.00000000E+000   0.00000000E+000   0.00000000E+000   2.87119676E+014   0.00000000E+000   2.58480773E+014   0.00000000E+000   0.00000000E+000
   0.00000000E+000
      30   9.24262111E+014   0.00000000E+000   2.02115021E+014   1.73327442E+014   0.00000000E+000   0.00000000E+000   0.00000000E+000   2.88812701E+014   0.00000000E+000   2.60006947E+014   0.00000000E+000   0.00000000E+000
   0.00000000E+000
      31   9.29683069E+014   0.00000000E+000   2.03298824E+014   1.74344786E+014   0.00000000E+000   0.00000000E+000   0.00000000E+000   2.90506053E+014   0.00000000E+000   2.61533405E+014   0.00000000E+000   0.00000000E+000
   0.00000000E+000
      32   9.35105067E+014   0.00000000E+000   2.04482871E+014   1.75362321E+014   0.00000000E+000   0.00000000E+000   0.00000000E+000   2.92199729E+014   0.00000000E+000   2.63060145E+014   0.00000000E+000   0.00000000E+000
   0.00000000E+000
      33   9.40528097E+014   0.00000000E+000   2.05667161E+014   1.76380045E+014   0.00000000E+000   0.00000000E+000   0.00000000E+000   2.93893728E+014   0.00000000E+000   2.64587164E+014   0.00000000E+000   0.00000000E+000
   0.00000000E+000
      34   9.45952146E+014   0.00000000E+000   2.06851686E+014   1.77397954E+014   0.00000000E+000   0.00000000E+000   0.00000000E+000   2.95588048E+014   0.00000000E+000   2.66114458E+014   0.00000000E+000   0.00000000E+000
   0.00000000E+000
      35   9.51377200E+014   0.00000000E+000   2.08036449E+014   1.78416045E+014   0.00000000E+000   0.00000000E+000   0.00000000E+000   2.97282686E+014   0.00000000E+000   2.67642020E+014   0.00000000E+000   0.00000000E+000
   0.00000000E+000
      36   9.56803232E+014   0.00000000E+000   2.09221439E+014   1.79434312E+014   0.00000000E+000   0.00000000E+000   0.00000000E+000   2.98977637E+014   0.00000000E+000   2.69169845E+014   0.00000000E+000   0.00000000E+000
   0.00000000E+000
      37   9.62230235E+014   0.00000000E+000   2.10406661E+014   1.80452752E+014   0.00000000E+000   0.00000000E+000   0.00000000E+000   3.00672896E+014   0.00000000E+000   2.70697926E+014   0.00000000E+000   0.00000000E+000
   0.00000000E+000
      38   9.67658197E+014   0.00000000E+000   2.11592113E+014   1.81471361E+014   0.00000000E+000   0.00000000E+000   0.00000000E+000   3.02368463E+014   0.00000000E+000   2.72226260E+014   0.00000000E+000   0.00000000E+000
   0.00000000E+000
      39   9.73087098E+014   0.00000000E+000   2.12777795E+014   1.82490130E+014   0.00000000E+000   0.00000000E+000   0.00000000E+000   3.04064331E+014   0.00000000E+000   2.73754842E+014   0.00000000E+000   0.00000000E+000
   0.00000000E+000
      40   9.78516967E+014   0.00000000E+000   2.13963731E+014   1.83509055E+014   0.00000000E+000   0.00000000E+000   0.00000000E+000   3.05760502E+014   0.00000000E+000   2.75283679E+014   0.00000000E+000   0.00000000E+000
   0.00000000E+000
      41   9.83947859E+014   0.00000000E+000   2.15149947E+014   1.84528132E+014   0.00000000E+000   0.00000000E+000   0.00000000E+000   3.07456991E+014   0.00000000E+000   2.76812789E+014   0.00000000E+000   0.00000000E+000
   0.00000000E+000
      42   9.89379808E+014   0.00000000E+000   2.16336460E+014   1.85547364E+014   0.00000000E+000   0.00000000E+000   0.00000000E+000   3.09153802E+014   0.00000000E+000   2.78342182E+014   0.00000000E+000   0.00000000E+000
   0.00000000E+000
      43   9.94812812E+014   0.00000000E+000   2.17523275E+014   1.86566737E+014   0.00000000E+000   0.00000000E+000   0.00000000E+000   3.10850935E+014   0.00000000E+000   2.79871864E+014   0.00000000E+000   0.00000000E+000
   0.00000000E+000
      44   1.00024687E+015   0.00000000E+000   2.18710393E+014   1.87586256E+014   0.00000000E+000   0.00000000E+000   0.00000000E+000   3.12548386E+014   0.00000000E+000   2.81401840E+014   0.00000000E+000   0.00000000E+000
   0.00000000E+000
      45   1.00568196E+015   0.00000000E+000   2.19897803E+014   1.88605913E+014   0.00000000E+000   0.00000000E+000   0.00000000E+000   3.14246139E+014   0.00000000E+000   2.82932107E+014   0.00000000E+000   0.00000000E+000
   0.00000000E+000
      46   1.01123912E+015   0.00000000E+000   2.21145723E+014   1.89625696E+014   0.00000000E+000   0.00000000E+000   0.00000000E+000   3.16005049E+014   0.00000000E+000   2.84462652E+014   0.00000000E+000   0.00000000E+000
   0.00000000E+000
      47   1.01858423E+015   0.00000000E+000   2.23090054E+014   1.90892985E+014   0.00000000E+000   0.00000000E+000   0.00000000E+000   3.17965257E+014   0.00000000E+000   2.86635935E+014   0.00000000E+000   0.00000000E+000
   0.00000000E+000
      48   1.02539599E+015   0.00000000E+000   2.24690842E+014   1.92112718E+014   0.00000000E+000   0.00000000E+000   0.00000000E+000   3.20357180E+014   0.00000000E+000   2.88235249E+014   0.00000000E+000   0.00000000E+000
   0.00000000E+000
      49   1.03013984E+015   0.00000000E+000   2.25439852E+014   1.93177227E+014   0.00000000E+000   0.00000000E+000   0.00000000E+000   3.21906364E+014   0.00000000E+000   2.89616399E+014   0.00000000E+000   0.00000000E+000
   0.00000000E+000
      50   1.03450353E+015   0.00000000E+000   2.26348155E+014   1.93978061E+014   0.00000000E+000   0.00000000E+000   0.00000000E+000   3.23327008E+014   0.00000000E+000   2.90850311E+014   0.00000000E+000   0.00000000E+000
   0.00000000E+000
      51   1.03842013E+015   0.00000000E+000   2.26893900E+014   1.95071936E+014   0.00000000E+000   0.00000000E+000   0.00000000E+000   3.24488381E+014   0.00000000E+000   2.91965917E+014   0.00000000E+000   0.00000000E+000
   0.00000000E+000
      52   1.04350097E+015   0.00000000E+000   2.27861070E+014   1.95992036E+014   0.00000000E+000   0.00000000E+000   0.00000000E+000   3.26171174E+014   0.00000000E+000   2.93476687E+014   0.00000000E+000   0.00000000E+000
   0.00000000E+000
      53   1.05007291E+015   0.00000000E+000   2.29632448E+014   1.97247816E+014   0.00000000E+000   0.00000000E+000   0.00000000E+000   3.28381091E+014   0.00000000E+000   2.94811555E+014   0.00000000E+000   0.00000000E+000
   0.00000000E+000
      54   1.05481621E+015   0.00000000E+000   2.30619728E+014   1.98181945E+014   0.00000000E+000   0.00000000E+000   0.00000000E+000   3.29704470E+014   0.00000000E+000   2.96310062E+014   0.00000000E+000   0.00000000E+000
   0.00000000E+000
      55   1.05966670E+015   0.00000000E+000   2.31496560E+014   1.99122722E+014   0.00000000E+000   0.00000000E+000   0.00000000E+000   3.31231333E+014   0.00000000E+000   2.97816083E+014   0.00000000E+000   0.00000000E+000
   0.00000000E+000
      56   1.06551512E+015   0.00000000E+000   2.32942063E+014   2.00070430E+014   0.00000000E+000   0.00000000E+000   0.00000000E+000   3.32882532E+014   0.00000000E+000   2.99620097E+014   0.00000000E+000   0.00000000E+000
   0.00000000E+000
      57   1.07050013E+015   0.00000000E+000   2.33731220E+014   2.01024683E+014   0.00000000E+000   0.00000000E+000   0.00000000E+000   3.34587506E+014   0.00000000E+000   3.01156721E+014   0.00000000E+000   0.00000000E+000
   0.00000000E+000
      58   1.07632162E+015   0.00000000E+000   2.34952243E+014   2.01991305E+014   0.00000000E+000   0.00000000E+000   0.00000000E+000   3.36687130E+014   0.00000000E+000   3.02690938E+014   0.00000000E+000   0.00000000E+000
   0.00000000E+000
      59   1.08235713E+015   0.00000000E+000   2.36825512E+014   2.03051233E+014   0.00000000E+000   0.00000000E+000   0.00000000E+000   3.38074560E+014   0.00000000E+000   3.04405828E+014   0.00000000E+000   0.00000000E+000
   0.00000000E+000
      60   1.08712825E+015   0.00000000E+000   2.37561870E+014   2.04048171E+014   0.00000000E+000   0.00000000E+000   0.00000000E+000   3.39745594E+014   0.00000000E+000   3.05772617E+014   0.00000000E+000   0.00000000E+000
   0.00000000E+000
      61   1.09242463E+015   0.00000000E+000   2.38717479E+014   2.05023297E+014   0.00000000E+000   0.00000000E+000   0.00000000E+000   3.41418199E+014   0.00000000E+000   3.07265652E+014   0.00000000E+000   0.00000000E+000
   0.00000000E+000
      62   1.09744317E+015   0.00000000E+000   2.39889936E+014   2.05797703E+014   0.00000000E+000   0.00000000E+000   0.00000000E+000   3.43105031E+014   0.00000000E+000   3.08650505E+014   0.00000000E+000   0.00000000E+000
   0.00000000E+000
      63   1.10282711E+015   0.00000000E+000   2.41067796E+014   2.06797378E+014   0.00000000E+000   0.00000000E+000   0.00000000E+000   3.44797549E+014   0.00000000E+000   3.10164387E+014   0.00000000E+000   0.00000000E+000
   0.00000000E+000
      64   1.10859185E+015   0.00000000E+000   2.42263049E+014   2.07719074E+014   0.00000000E+000   0.00000000E+000   0.00000000E+000   3.46564946E+014   0.00000000E+000   3.12044778E+014   0.00000000E+000   0.00000000E+000
   0.00000000E+000
      65   1.11385899E+015   0.00000000E+000   2.43252665E+014   2.08687860E+014   0.00000000E+000   0.00000000E+000   0.00000000E+000   3.48299533E+014   0.00000000E+000   3.13618936E+014   0.00000000E+000   0.00000000E+000
   0.00000000E+000
      66   1.11956679E+015   0.00000000E+000   2.44619547E+014   2.09720753E+014   0.00000000E+000   0.00000000E+000   0.00000000E+000   3.50119859E+014   0.00000000E+000   3.15106632E+014   0.00000000E+000   0.00000000E+000
   0.00000000E+000
      67   1.12478805E+015   0.00000000E+000   2.45949371E+014   2.10355146E+014   0.00000000E+000   0.00000000E+000   0.00000000E+000   3.51944060E+014   0.00000000E+000   3.16539471E+014   0.00000000E+000   0.00000000E+000
   0.00000000E+000
      68   1.13022154E+015   0.00000000E+000   2.47053641E+014   2.11415435E+014   0.00000000E+000   0.00000000E+000   0.00000000E+000   3.53742651E+014   0.00000000E+000   3.18009814E+014   0.00000000E+000   0.00000000E+000
   0.00000000E+000
      69   1.13638384E+015   0.00000000E+000   2.48374121E+014   2.12551207E+014   0.00000000E+000   0.00000000E+000   0.00000000E+000   3.55672868E+014   0.00000000E+000   3.19785640E+014   0.00000000E+000   0.00000000E+000
   0.00000000E+000
      70   1.14204619E+015   0.00000000E+000   2.49645996E+014   2.13628167E+014   0.00000000E+000   0.00000000E+000   0.00000000E+000   3.57417144E+014   0.00000000E+000   3.21354880E+014   0.00000000E+000   0.00000000E+000
   0.00000000E+000
      71   1.14900517E+015   0.00000000E+000   2.51454700E+014   2.15137473E+014   0.00000000E+000   0.00000000E+000   0.00000000E+000   3.59473278E+014   0.00000000E+000   3.22939720E+014   0.00000000E+000   0.00000000E+000
   0.00000000E+000
      72   1.15444721E+015   0.00000000E+000   2.52639380E+014   2.16191849E+014   0.00000000E+000   0.00000000E+000   0.00000000E+000   3.61150541E+014   0.00000000E+000   3.24465435E+014   0.00000000E+000   0.00000000E+000
   0.00000000E+000
      73   1.16031801E+015   0.00000000E+000   2.53977628E+014   2.17256777E+014   0.00000000E+000   0.00000000E+000   0.00000000E+000   3.62901870E+014   0.00000000E+000   3.26181738E+014   0.00000000E+000   0.00000000E+000
   0.00000000E+000
      74   1.16617260E+015   0.00000000E+000   2.55331219E+014   2.18327759E+014   0.00000000E+000   0.00000000E+000   0.00000000E+000   3.64678205E+014   0.00000000E+000   3.27835420E+014   0.00000000E+000   0.00000000E+000
   0.00000000E+000
      75   1.17186872E+015   0.00000000E+000   2.56622496E+014   2.19499948E+014   0.00000000E+000   0.00000000E+000   0.00000000E+000   3.66320349E+014   0.00000000E+000   3.29425925E+014   0.00000000E+000   0.00000000E+000
   0.00000000E+000
      76   1.17761298E+015   0.00000000E+000   2.57945589E+014   2.20692364E+014   0.00000000E+000   0.00000000E+000   0.00000000E+000   3.67912788E+014   0.00000000E+000   3.31062236E+014   0.00000000E+000   0.00000000E+000
   0.00000000E+000
      77   1.18372718E+015   0.00000000E+000   2.59349353E+014   2.21872837E+014   0.00000000E+000   0.00000000E+000   0.00000000E+000   3.69654067E+014   0.00000000E+000   3.32850925E+014   0.00000000E+000   0.00000000E+000
   0.00000000E+000
      78   1.19085680E+015   0.00000000E+000   2.60683833E+014   2.23642467E+014   0.00000000E+000   0.00000000E+000   0.00000000E+000   3.72038071E+014   0.00000000E+000   3.34492425E+014   0.00000000E+000   0.00000000E+000
   0.00000000E+000
      79   1.19744978E+015   0.00000000E+000   2.62251192E+014   2.25115360E+014   0.00000000E+000   0.00000000E+000   0.00000000E+000   3.73714563E+014   0.00000000E+000   3.36368665E+014   0.00000000E+000   0.00000000E+000
   0.00000000E+000
      80   1.20281482E+015   0.00000000E+000   2.63437448E+014   2.26033824E+014   0.00000000E+000   0.00000000E+000   0.00000000E+000   3.75333010E+014   0.00000000E+000   3.38010541E+014   0.00000000E+000   0.00000000E+000
   0.00000000E+000
      81   1.20860459E+015   0.00000000E+000   2.64732163E+014   2.27053292E+014   0.00000000E+000   0.00000000E+000   0.00000000E+000   3.77320538E+014   0.00000000E+000   3.39498598E+014   0.00000000E+000   0.00000000E+000
   0.00000000E+000
      82   1.21503427E+015   0.00000000E+000   2.66143305E+014   2.28511326E+014   0.00000000E+000   0.00000000E+000   0.00000000E+000   3.79217063E+014   0.00000000E+000   3.41162579E+014   0.00000000E+000   0.00000000E+000
   0.00000000E+000
      83   1.22078630E+015   0.00000000E+000   2.67635880E+014   2.29382130E+014   0.00000000E+000   0.00000000E+000   0.00000000E+000   3.81065917E+014   0.00000000E+000   3.42702377E+014   0.00000000E+000   0.00000000E+000
   0.00000000E+000
      84   1.22690648E+015   0.00000000E+000   2.68934216E+014   2.30584792E+014   0.00000000E+000   0.00000000E+000   0.00000000E+000   3.82925875E+014   0.00000000E+000   3.44461598E+014   0.00000000E+000   0.00000000E+000
   0.00000000E+000
      85   1.23221359E+015   0.00000000E+000   2.70320560E+014   2.31167062E+014   0.00000000E+000   0.00000000E+000   0.00000000E+000   3.84476599E+014   0.00000000E+000   3.46249371E+014   0.00000000E+000   0.00000000E+000
   0.00000000E+000
      86   1.23796140E+015   0.00000000E+000   2.71710399E+014   2.32304096E+014   0.00000000E+000   0.00000000E+000   0.00000000E+000   3.86101472E+014   0.00000000E+000   3.47845429E+014   0.00000000E+000   0.00000000E+000
   0.00000000E+000
      87   1.24408059E+015   0.00000000E+000   2.72989304E+014   2.33591610E+014   0.00000000E+000   0.00000000E+000   0.00000000E+000   3.87960674E+014   0.00000000E+000   3.49539002E+014   0.00000000E+000   0.00000000E+000
   0.00000000E+000
      88   1.25002714E+015   0.00000000E+000   2.74184803E+014   2.34699269E+014   0.00000000E+000   0.00000000E+000   0.00000000E+000   3.89969808E+014   0.00000000E+000   3.51173265E+014   0.00000000E+000   0.00000000E+000
   0.00000000E+000
      89   1.25677860E+015   0.00000000E+000   2.75715315E+014   2.35786972E+014   0.00000000E+000   0.00000000E+000   0.00000000E+000   3.92392739E+014   0.00000000E+000   3.52883574E+014   0.00000000E+000   0.00000000E+000
   0.00000000E+000
      90   1.26256708E+015   0.00000000E+000   2.77007810E+014   2.36909481E+014   0.00000000E+000   0.00000000E+000   0.00000000E+000   3.94082087E+014   0.00000000E+000   3.54567701E+014   0.00000000E+000   0.00000000E+000
   0.00000000E+000
      91   1.26647259E+015   0.00000000E+000   2.78180757E+014   2.37419856E+014   0.00000000E+000   0.00000000E+000   0.00000000E+000   3.94796005E+014   0.00000000E+000   3.56075974E+014   0.00000000E+000   0.00000000E+000
   0.00000000E+000
      92   1.27199164E+015   0.00000000E+000   2.79404039E+014   2.38487075E+014   0.00000000E+000   0.00000000E+000   0.00000000E+000   3.96523457E+014   0.00000000E+000   3.57577071E+014   0.00000000E+000   0.00000000E+000
   0.00000000E+000
      93   1.27756235E+015   0.00000000E+000   2.80715130E+014   2.39616149E+014   0.00000000E+000   0.00000000E+000   0.00000000E+000   3.97834319E+014   0.00000000E+000   3.59396753E+014   0.00000000E+000   0.00000000E+000
   0.00000000E+000
      94   1.28334895E+015   0.00000000E+000   2.81934809E+014   2.40858687E+014   0.00000000E+000   0.00000000E+000   0.00000000E+000   3.99607963E+014   0.00000000E+000   3.60947487E+014   0.00000000E+000   0.00000000E+000
   0.00000000E+000
      95   1.28936552E+015   0.00000000E+000   2.83495981E+014   2.41911333E+014   0.00000000E+000   0.00000000E+000   0.00000000E+000   4.01268004E+014   0.00000000E+000   3.62690205E+014   0.00000000E+000   0.00000000E+000
   0.00000000E+000
      96   1.29552315E+015   0.00000000E+000   2.84827302E+014   2.43148084E+014   0.00000000E+000   0.00000000E+000   0.00000000E+000   4.03122898E+014   0.00000000E+000   3.64424866E+014   0.00000000E+000   0.00000000E+000
   0.00000000E+000
      97   1.30050991E+015   0.00000000E+000   2.85073490E+014   2.44283745E+014   0.00000000E+000   0.00000000E+000   0.00000000E+000   4.04995529E+014   0.00000000E+000   3.66157147E+014   0.00000000E+000   0.00000000E+000
   0.00000000E+000
      98   1.30612242E+015   0.00000000E+000   2.86198302E+014   2.45463886E+014   0.00000000E+000   0.00000000E+000   0.00000000E+000   4.06860879E+014   0.00000000E+000   3.67599349E+014   0.00000000E+000   0.00000000E+000
   0.00000000E+000
      99   1.31220123E+015   0.00000000E+000   2.87520077E+014   2.46633258E+014   0.00000000E+000   0.00000000E+000   0.00000000E+000   4.08731078E+014   0.00000000E+000   3.69316816E+014   0.00000000E+000   0.00000000E+000
   0.00000000E+000
     100   1.31719014E+015   0.00000000E+000   2.88979968E+014   2.47849107E+014   0.00000000E+000   0.00000000E+000   0.00000000E+000   4.10601579E+014   0.00000000E+000   3.69759485E+014   0.00000000E+000   0.00000000E+000
   0.00000000E+000
     101   1.32029329E+015   0.00000000E+000   2.89672723E+014   2.48482074E+014   0.00000000E+000   0.00000000E+000   0.00000000E+000   4.12230317E+014   0.00000000E+000   3.69908173E+014   0.00000000E+000   0.00000000E+000
   0.00000000E+000
     102   1.32469141E+015   0.00000000E+000   2.90026862E+014   2.49007962E+014   0.00000000E+000   0.00000000E+000   0.00000000E+000   4.14248319E+014   0.00000000E+000   3.71408263E+014   0.00000000E+000   0.00000000E+000
   0.00000000E+000
     103   1.33139036E+015   0.00000000E+000   2.91768710E+014   2.50314148E+014   0.00000000E+000   0.00000000E+000   0.00000000E+000   4.16166050E+014   0.00000000E+000   3.73141450E+014   0.00000000E+000   0.00000000E+000
   0.00000000E+000
     104   1.33640291E+015   0.00000000E+000   2.92222291E+014   2.51417163E+014   0.00000000E+000   0.00000000E+000   0.00000000E+000   4.17993652E+014   0.00000000E+000   3.74769800E+014   0.00000000E+000   0.00000000E+000
   0.00000000E+000
     105   1.34061678E+015   0.00000000E+000   2.93580653E+014   2.51535333E+014   0.00000000E+000   0.00000000E+000   0.00000000E+000   4.20034354E+014   0.00000000E+000   3.75466439E+014   0.00000000E+000   0.00000000E+000
   0.00000000E+000
     106   1.34246171E+015   0.00000000E+000   2.92407310E+014   2.52503429E+014   0.00000000E+000   0.00000000E+000   0.00000000E+000   4.21758261E+014   0.00000000E+000   3.75792711E+014   0.00000000E+000   0.00000000E+000
   0.00000000E+000
     107   1.34678386E+015   0.00000000E+000   2.93548347E+014   2.53546674E+014   0.00000000E+000   0.00000000E+000   0.00000000E+000   4.22461102E+014   0.00000000E+000   3.77227739E+014   0.00000000E+000   0.00000000E+000
   0.00000000E+000
     108   1.35180439E+015   0.00000000E+000   2.94643214E+014   2.54694307E+014   0.00000000E+000   0.00000000E+000   0.00000000E+000   4.23955429E+014   0.00000000E+000   3.78511438E+014   0.00000000E+000   0.00000000E+000
   0.00000000E+000
     109   1.35732401E+015   0.00000000E+000   2.95787178E+014   2.55789342E+014   0.00000000E+000   0.00000000E+000   0.00000000E+000   4.25640244E+014   0.00000000E+000   3.80107250E+014   0.00000000E+000   0.00000000E+000
   0.00000000E+000
     110   1.36217787E+015   0.00000000E+000   2.96899383E+014   2.56408951E+014   0.00000000E+000   0.00000000E+000   0.00000000E+000   4.27250043E+014   0.00000000E+000   3.81619490E+014   0.00000000E+000   0.00000000E+000
   0.00000000E+000
     111   1.36759193E+015   0.00000000E+000   2.98004207E+014   2.57596214E+014   0.00000000E+000   0.00000000E+000   0.00000000E+000   4.28887180E+014   0.00000000E+000   3.83104325E+014   0.00000000E+000   0.00000000E+000
   0.00000000E+000
     112   1.37321120E+015   0.00000000E+000   2.99196076E+014   2.58754028E+014   0.00000000E+000   0.00000000E+000   0.00000000E+000   4.30596488E+014   0.00000000E+000   3.84664605E+014   0.00000000E+000   0.00000000E+000
   0.00000000E+000
     113   1.37870494E+015   0.00000000E+000   3.00429749E+014   2.59868179E+014   0.00000000E+000   0.00000000E+000   0.00000000E+000   4.32295178E+014   0.00000000E+000   3.86111831E+014   0.00000000E+000   0.00000000E+000
   0.00000000E+000
     114   1.38194932E+015   0.00000000E+000   3.00888319E+014   2.60921515E+014   0.00000000E+000   0.00000000E+000   0.00000000E+000   4.33395208E+014   0.00000000E+000   3.86744281E+014   0.00000000E+000   0.00000000E+000
   0.00000000E+000
     115   1.38507608E+015   0.00000000E+000   3.00735357E+014   2.61899450E+014   0.00000000E+000   0.00000000E+000   0.00000000E+000   4.35093944E+014   0.00000000E+000   3.87347329E+014   0.00000000E+000   0.00000000E+000
   0.00000000E+000
     116   1.39068034E+015   0.00000000E+000   3.01866284E+014   2.63089017E+014   0.00000000E+000   0.00000000E+000   0.00000000E+000   4.36742992E+014   0.00000000E+000   3.88982043E+014   0.00000000E+000   0.00000000E+000
   0.00000000E+000
     117   1.39597740E+015   0.00000000E+000   3.02877656E+014   2.64228825E+014   0.00000000E+000   0.00000000E+000   0.00000000E+000   4.38405487E+014   0.00000000E+000   3.90465433E+014   0.00000000E+000   0.00000000E+000
   0.00000000E+000
     118   1.40129228E+015   0.00000000E+000   3.03774913E+014   2.65401039E+014   0.00000000E+000   0.00000000E+000   0.00000000E+000   4.40122446E+014   0.00000000E+000   3.91993885E+014   0.00000000E+000   0.00000000E+000
   0.00000000E+000
     119   1.40681092E+015   0.00000000E+000   3.04887574E+014   2.66599613E+014   0.00000000E+000   0.00000000E+000   0.00000000E+000   4.41804530E+014   0.00000000E+000   3.93519205E+014   0.00000000E+000   0.00000000E+000
   0.00000000E+000
     120   1.41237976E+015   0.00000000E+000   3.05948772E+014   2.67799781E+014   0.00000000E+000   0.00000000E+000   0.00000000E+000   4.43589489E+014   0.00000000E+000   3.95041719E+014   0.00000000E+000   0.00000000E+000
   0.00000000E+000
     121   1.41779909E+015   0.00000000E+000   3.07036158E+014   2.68903756E+014   0.00000000E+000   0.00000000E+000   0.00000000E+000   4.45269313E+014   0.00000000E+000   3.96589862E+014   0.00000000E+000   0.00000000E+000
   0.00000000E+000
     122   1.42381981E+015   0.00000000E+000   3.08312457E+014   2.70153900E+014   0.00000000E+000   0.00000000E+000   0.00000000E+000   4.47171939E+014   0.00000000E+000   3.98181510E+014   0.00000000E+000   0.00000000E+000
   0.00000000E+000
     123   1.42946053E+015   0.00000000E+000   3.09415890E+014   2.71392732E+014   0.00000000E+000   0.00000000E+000   0.00000000E+000   4.48863554E+014   0.00000000E+000   3.99788351E+014   0.00000000E+000   0.00000000E+000
   0.00000000E+000
     124   1.43533305E+015   0.00000000E+000   3.10588548E+014   2.72640678E+014   0.00000000E+000   0.00000000E+000   0.00000000E+000   4.50718076E+014   0.00000000E+000   4.01385746E+014   0.00000000E+000   0.00000000E+000
   0.00000000E+000
     125   1.44139884E+015   0.00000000E+000   3.11846521E+014   2.73910518E+014   0.00000000E+000   0.00000000E+000   0.00000000E+000   4.52516797E+014   0.00000000E+000   4.03125004E+014   0.00000000E+000   0.00000000E+000
   0.00000000E+000
     126   1.44726791E+015   0.00000000E+000   3.13022898E+014   2.75178332E+014   0.00000000E+000   0.00000000E+000   0.00000000E+000   4.54343815E+014   0.00000000E+000   4.04722862E+014   0.00000000E+000   0.00000000E+000
   0.00000000E+000
     127   1.45198849E+015   0.00000000E+000   3.14144556E+014   2.75432797E+014   0.00000000E+000   0.00000000E+000   0.00000000E+000   4.56227127E+014   0.00000000E+000   4.06184012E+014   0.00000000E+000   0.00000000E+000
   0.00000000E+000
     128   1.45768974E+015   0.00000000E+000   3.15337503E+014   2.76676171E+014   0.00000000E+000   0.00000000E+000   0.00000000E+000   4.58453765E+014   0.00000000E+000   4.07222299E+014   0.00000000E+000   0.00000000E+000
   0.00000000E+000
     129   1.46330201E+015   0.00000000E+000   3.16494993E+014   2.77737028E+014   0.00000000E+000   0.00000000E+000   0.00000000E+000   4.60264932E+014   0.00000000E+000   4.08805054E+014   0.00000000E+000   0.00000000E+000
   0.00000000E+000
     130   1.46956623E+015   0.00000000E+000   3.17660350E+014   2.78951798E+014   0.00000000E+000   0.00000000E+000   0.00000000E+000   4.62370585E+014   0.00000000E+000   4.10583499E+014   0.00000000E+000   0.00000000E+000
   0.00000000E+000
     131   1.47351107E+015   0.00000000E+000   3.18817625E+014   2.79683272E+014   0.00000000E+000   0.00000000E+000   0.00000000E+000   4.63333328E+014   0.00000000E+000   4.11676841E+014   0.00000000E+000   0.00000000E+000
   0.00000000E+000
     132   1.47930834E+015   0.00000000E+000   3.19994183E+014   2.80798112E+014   0.00000000E+000   0.00000000E+000   0.00000000E+000   4.65218403E+014   0.00000000E+000   4.13297645E+014   0.00000000E+000   0.00000000E+000
   0.00000000E+000
     133   1.48432254E+015   0.00000000E+000   3.20279445E+014   2.81957001E+014   0.00000000E+000   0.00000000E+000   0.00000000E+000   4.67095439E+014   0.00000000E+000   4.14990656E+014   0.00000000E+000   0.00000000E+000
   0.00000000E+000
     134   1.49000783E+015   0.00000000E+000   3.21429291E+014   2.82978687E+014   0.00000000E+000   0.00000000E+000   0.00000000E+000   4.69054458E+014   0.00000000E+000   4.16545395E+014   0.00000000E+000   0.00000000E+000
   0.00000000E+000
     135   1.49521887E+015   0.00000000E+000   3.22636795E+014   2.84146676E+014   0.00000000E+000   0.00000000E+000   0.00000000E+000   4.70305554E+014   0.00000000E+000   4.18129845E+014   0.00000000E+000   0.00000000E+000
   0.00000000E+000
     136   1.50110351E+015   0.00000000E+000   3.23753445E+014   2.85364114E+014   0.00000000E+000   0.00000000E+000   0.00000000E+000   4.72289646E+014   0.00000000E+000   4.19696304E+014   0.00000000E+000   0.00000000E+000
   0.00000000E+000
     137   1.50603843E+015   0.00000000E+000   3.24974145E+014   2.86595065E+014   0.00000000E+000   0.00000000E+000   0.00000000E+000   4.74230430E+014   0.00000000E+000   4.20238789E+014   0.00000000E+000   0.00000000E+000
   0.00000000E+000
     138   1.51071027E+015   0.00000000E+000   3.26211387E+014   2.87048725E+014   0.00000000E+000   0.00000000E+000   0.00000000E+000   4.76325922E+014   0.00000000E+000   4.21124236E+014   0.00000000E+000   0.00000000E+000
   0.00000000E+000
     139   1.51575027E+015   0.00000000E+000   3.27410531E+014   2.88278812E+014   0.00000000E+000   0.00000000E+000   0.00000000E+000   4.77975579E+014   0.00000000E+000   4.22085344E+014   0.00000000E+000   0.00000000E+000
   0.00000000E+000
     140   1.52095448E+015   0.00000000E+000   3.27896740E+014   2.89480478E+014   0.00000000E+000   0.00000000E+000   0.00000000E+000   4.79930287E+014   0.00000000E+000   4.23646973E+014   0.00000000E+000   0.00000000E+000
   0.00000000E+000
     141   1.52592239E+015   0.00000000E+000   3.29106470E+014   2.90774176E+014   0.00000000E+000   0.00000000E+000   0.00000000E+000   4.81680030E+014   0.00000000E+000   4.24361717E+014   0.00000000E+000   0.00000000E+000
   0.00000000E+000
     142   1.53134904E+015   0.00000000E+000   3.29919743E+014   2.91842873E+014   0.00000000E+000   0.00000000E+000   0.00000000E+000   4.83634351E+014   0.00000000E+000   4.25952076E+014   0.00000000E+000   0.00000000E+000
   0.00000000E+000
     143   1.53718570E+015   0.00000000E+000   3.31035606E+014   2.92981107E+014   0.00000000E+000   0.00000000E+000   0.00000000E+000   4.85601257E+014   0.00000000E+000   4.27567731E+014   0.00000000E+000   0.00000000E+000
   0.00000000E+000
     144   1.54322246E+015   0.00000000E+000   3.32271210E+014   2.94184317E+014   0.00000000E+000   0.00000000E+000   0.00000000E+000   4.87597125E+014   0.00000000E+000   4.29169809E+014   0.00000000E+000   0.00000000E+000
   0.00000000E+000
     145   1.54930404E+015   0.00000000E+000   3.33477708E+014   2.95474058E+014   0.00000000E+000   0.00000000E+000   0.00000000E+000   4.89591358E+014   0.00000000E+000   4.30760915E+014   0.00000000E+000   0.00000000E+000
   0.00000000E+000
     146   1.55536541E+015   0.00000000E+000   3.34723522E+014   2.97019641E+014   0.00000000E+000   0.00000000E+000   0.00000000E+000   4.91538653E+014   0.00000000E+000   4.32083594E+014   0.00000000E+000   0.00000000E+000
   0.00000000E+000
     147   1.56116875E+015   0.00000000E+000   3.35946049E+014   2.98109393E+014   0.00000000E+000   0.00000000E+000   0.00000000E+000   4.93562650E+014   0.00000000E+000   4.33550654E+014   0.00000000E+000   0.00000000E+000
   0.00000000E+000
     148   1.56724749E+015   0.00000000E+000   3.36994916E+014   2.99376279E+014   0.00000000E+000   0.00000000E+000   0.00000000E+000   4.95369638E+014   0.00000000E+000   4.35506661E+014   0.00000000E+000   0.00000000E+000
   0.00000000E+000
     149   1.57192232E+015   0.00000000E+000   3.37542838E+014   3.00504506E+014   0.00000000E+000   0.00000000E+000   0.00000000E+000   4.96788007E+014   0.00000000E+000   4.37086971E+014   0.00000000E+000   0.00000000E+000
   0.00000000E+000
     150   1.57627930E+015   0.00000000E+000   3.38744862E+014   3.01092417E+014   0.00000000E+000   0.00000000E+000   0.00000000E+000   4.98014724E+014   0.00000000E+000   4.38427298E+014   0.00000000E+000   0.00000000E+000
   0.00000000E+000
     151   1.58192489E+015   0.00000000E+000   3.39777479E+014   3.02369964E+014   0.00000000E+000   0.00000000E+000   0.00000000E+000   4.99767496E+014   0.00000000E+000   4.40009950E+014   0.00000000E+000   0.00000000E+000
   0.00000000E+000
     152   1.58825866E+015   0.00000000E+000   3.41005142E+014   3.03759683E+014   0.00000000E+000   0.00000000E+000   0.00000000E+000   5.01888415E+014   0.00000000E+000   4.41605423E+014   0.00000000E+000   0.00000000E+000
   0.00000000E+000
     153   1.59260841E+015   0.00000000E+000   3.42363332E+014   3.04689212E+014   0.00000000E+000   0.00000000E+000   0.00000000E+000   5.03556278E+014   0.00000000E+000   4.41999584E+014   0.00000000E+000   0.00000000E+000
   0.00000000E+000
     154   1.59602860E+015   0.00000000E+000   3.42815226E+014   3.05602390E+014   0.00000000E+000   0.00000000E+000   0.00000000E+000   5.03972417E+014   0.00000000E+000   4.43638572E+014   0.00000000E+000   0.00000000E+000
   0.00000000E+000
     155   1.59658661E+015   0.00000000E+000   3.43708461E+014   3.04555470E+014   0.00000000E+000   0.00000000E+000   0.00000000E+000   5.03802192E+014   0.00000000E+000   4.44520484E+014   0.00000000E+000   0.00000000E+000
   0.00000000E+000
     156   1.60107210E+015   0.00000000E+000   3.45066872E+014   3.04850451E+014   0.00000000E+000   0.00000000E+000   0.00000000E+000   5.05063956E+014   0.00000000E+000   4.46090820E+014   0.00000000E+000   0.00000000E+000
   0.00000000E+000
     157   1.60352676E+015   0.00000000E+000   3.46306825E+014   3.05261178E+014   0.00000000E+000   0.00000000E+000   0.00000000E+000   5.05447721E+014   0.00000000E+000   4.46511040E+014   0.00000000E+000   0.00000000E+000
   0.00000000E+000
     158   1.60752569E+015   0.00000000E+000   3.47890009E+014   3.05154086E+014   0.00000000E+000   0.00000000E+000   0.00000000E+000   5.06832358E+014   0.00000000E+000   4.47649236E+014   0.00000000E+000   0.00000000E+000
   0.00000000E+000
     159   1.61203151E+015   0.00000000E+000   3.48660646E+014   3.06085048E+014   0.00000000E+000   0.00000000E+000   0.00000000E+000   5.08113178E+014   0.00000000E+000   4.49172636E+014   0.00000000E+000   0.00000000E+000
   0.00000000E+000
     160   1.61770687E+015   0.00000000E+000   3.50185507E+014   3.06747598E+014   0.00000000E+000   0.00000000E+000   0.00000000E+000   5.09874118E+014   0.00000000E+000   4.50899649E+014   0.00000000E+000   0.00000000E+000
   0.00000000E+000
     161   1.62174749E+015   0.00000000E+000   3.50781582E+014   3.07173020E+014   0.00000000E+000   0.00000000E+000   0.00000000E+000   5.11755512E+014   0.00000000E+000   4.52037378E+014   0.00000000E+000   0.00000000E+000
   0.00000000E+000
     162   1.62687358E+015   0.00000000E+000   3.51993661E+014   3.08042619E+014   0.00000000E+000   0.00000000E+000   0.00000000E+000   5.13322907E+014   0.00000000E+000   4.53514388E+014   0.00000000E+000   0.00000000E+000
   0.00000000E+000
     163   1.63231914E+015   0.00000000E+000   3.53257556E+014   3.09277984E+014   0.00000000E+000   0.00000000E+000   0.00000000E+000   5.15152968E+014   0.00000000E+000   4.54630630E+014   0.00000000E+000   0.00000000E+000
   0.00000000E+000
     164   1.63570958E+015   0.00000000E+000   3.53256249E+014   3.09830531E+014   0.00000000E+000   0.00000000E+000   0.00000000E+000   5.16435211E+014   0.00000000E+000   4.56187587E+014   0.00000000E+000   0.00000000E+000
   0.00000000E+000
     165   1.63983488E+015   0.00000000E+000   3.54471058E+014   3.10894059E+014   0.00000000E+000   0.00000000E+000   0.00000000E+000   5.17130971E+014   0.00000000E+000   4.57338791E+014   0.00000000E+000   0.00000000E+000
   0.00000000E+000
     166   1.64445484E+015   0.00000000E+000   3.55416320E+014   3.11851827E+014   0.00000000E+000   0.00000000E+000   0.00000000E+000   5.18630322E+014   0.00000000E+000   4.58556373E+014   0.00000000E+000   0.00000000E+000
   0.00000000E+000
     167   1.64896611E+015   0.00000000E+000   3.56164328E+014   3.12522990E+014   0.00000000E+000   0.00000000E+000   0.00000000E+000   5.20163081E+014   0.00000000E+000   4.60115710E+014   0.00000000E+000   0.00000000E+000
   0.00000000E+000
     168   1.65216264E+015   0.00000000E+000   3.57087500E+014   3.13126650E+014   0.00000000E+000   0.00000000E+000   0.00000000E+000   5.21205326E+014   0.00000000E+000   4.60743165E+014   0.00000000E+000   0.00000000E+000
   0.00000000E+000
     169   1.65543309E+015   0.00000000E+000   3.57508328E+014   3.13370994E+014   0.00000000E+000   0.00000000E+000   0.00000000E+000   5.22772520E+014   0.00000000E+000   4.61781251E+014   0.00000000E+000   0.00000000E+000
   0.00000000E+000
     170   1.65879700E+015   0.00000000E+000   3.57503106E+014   3.13787213E+014   0.00000000E+000   0.00000000E+000   0.00000000E+000   5.24163621E+014   0.00000000E+000   4.63343064E+014   0.00000000E+000   0.00000000E+000
   0.00000000E+000
     171   1.66400478E+015   0.00000000E+000   3.58612690E+014   3.14894991E+014   0.00000000E+000   0.00000000E+000   0.00000000E+000   5.25698195E+014   0.00000000E+000   4.64798908E+014   0.00000000E+000   0.00000000E+000
   0.00000000E+000
     172   1.66677790E+015   0.00000000E+000   3.59420866E+014   3.15296409E+014   0.00000000E+000   0.00000000E+000   0.00000000E+000   5.25951634E+014   0.00000000E+000   4.66108989E+014   0.00000000E+000   0.00000000E+000
   0.00000000E+000
     173   1.67003407E+015   0.00000000E+000   3.59412100E+014   3.16082724E+014   0.00000000E+000   0.00000000E+000   0.00000000E+000   5.27433501E+014   0.00000000E+000   4.67105748E+014   0.00000000E+000   0.00000000E+000
   0.00000000E+000
     174   1.67320097E+015   0.00000000E+000   3.60489026E+014   3.15795846E+014   0.00000000E+000   0.00000000E+000   0.00000000E+000   5.28752478E+014   0.00000000E+000   4.68163616E+014   0.00000000E+000   0.00000000E+000
   0.00000000E+000
     175   1.67622225E+015   0.00000000E+000   3.61059924E+014   3.16410422E+014   0.00000000E+000   0.00000000E+000   0.00000000E+000   5.30083327E+014   0.00000000E+000   4.68668577E+014   0.00000000E+000   0.00000000E+000
   0.00000000E+000
     176   1.68101217E+015   0.00000000E+000   3.62475670E+014   3.17468456E+014   0.00000000E+000   0.00000000E+000   0.00000000E+000   5.31000036E+014   0.00000000E+000   4.70068006E+014   0.00000000E+000   0.00000000E+000
   0.00000000E+000
     177   1.68400137E+015   0.00000000E+000   3.63046479E+014   3.17676892E+014   0.00000000E+000   0.00000000E+000   0.00000000E+000   5.32317985E+014   0.00000000E+000   4.70960013E+014   0.00000000E+000   0.00000000E+000
   0.00000000E+000
     178   1.68864344E+015   0.00000000E+000   3.63792924E+014   3.18752151E+014   0.00000000E+000   0.00000000E+000   0.00000000E+000   5.33549211E+014   0.00000000E+000   4.72549153E+014   0.00000000E+000   0.00000000E+000
   0.00000000E+000
     179   1.69191122E+015   0.00000000E+000   3.64595836E+014   3.19512950E+014   0.00000000E+000   0.00000000E+000   0.00000000E+000   5.34685108E+014   0.00000000E+000   4.73117329E+014   0.00000000E+000   0.00000000E+000
   0.00000000E+000
     180   1.69612841E+015   0.00000000E+000   3.65613224E+014   3.20008252E+014   0.00000000E+000   0.00000000E+000   0.00000000E+000   5.36114204E+014   0.00000000E+000   4.74392728E+014   0.00000000E+000   0.00000000E+000
   0.00000000E+000
     181   1.69975460E+015   0.00000000E+000   3.66028740E+014   3.20840514E+014   0.00000000E+000   0.00000000E+000   0.00000000E+000   5.37169193E+014   0.00000000E+000   4.75716151E+014   0.00000000E+000   0.00000000E+000
   0.00000000E+000
     182   1.70398157E+015   0.00000000E+000   3.66609445E+014   3.21749438E+014   0.00000000E+000   0.00000000E+000   0.00000000E+000   5.38863236E+014   0.00000000E+000   4.76759448E+014   0.00000000E+000   0.00000000E+000
   0.00000000E+000
     183   1.70928155E+015   0.00000000E+000   3.67861181E+014   3.22462169E+014   0.00000000E+000   0.00000000E+000   0.00000000E+000   5.40628166E+014   0.00000000E+000   4.78330036E+014   0.00000000E+000   0.00000000E+000
   0.00000000E+000
     184   1.71252427E+015   0.00000000E+000   3.69010330E+014   3.23521735E+014   0.00000000E+000   0.00000000E+000   0.00000000E+000   5.41294619E+014   0.00000000E+000   4.78697582E+014   0.00000000E+000   0.00000000E+000
   0.00000000E+000
     185   1.71739468E+015   0.00000000E+000   3.70250285E+014   3.24178155E+014   0.00000000E+000   0.00000000E+000   0.00000000E+000   5.42810525E+014   0.00000000E+000   4.80155719E+014   0.00000000E+000   0.00000000E+000
   0.00000000E+000
     186   1.72264560E+015   0.00000000E+000   3.71102768E+014   3.25440893E+014   0.00000000E+000   0.00000000E+000   0.00000000E+000   5.44632268E+014   0.00000000E+000   4.81469666E+014   0.00000000E+000   0.00000000E+000
   0.00000000E+000
     187   1.72717343E+015   0.00000000E+000   3.72142041E+014   3.25682187E+014   0.00000000E+000   0.00000000E+000   0.00000000E+000   5.46257670E+014   0.00000000E+000   4.83091530E+014   0.00000000E+000   0.00000000E+000
   0.00000000E+000
     188   1.73001614E+015   0.00000000E+000   3.72499863E+014   3.26766191E+014   0.00000000E+000   0.00000000E+000   0.00000000E+000   5.47642406E+014   0.00000000E+000   4.83107683E+014   0.00000000E+000   0.00000000E+000
   0.00000000E+000
     189   1.73516189E+015   0.00000000E+000   3.73434263E+014   3.27811300E+014   0.00000000E+000   0.00000000E+000   0.00000000E+000   5.49332868E+014   0.00000000E+000   4.84583457E+014   0.00000000E+000   0.00000000E+000
   0.00000000E+000
     190   1.73991339E+015   0.00000000E+000   3.74369186E+014   3.28848084E+014   0.00000000E+000   0.00000000E+000   0.00000000E+000   5.50610417E+014   0.00000000E+000   4.86085702E+014   0.00000000E+000   0.00000000E+000
   0.00000000E+000
     191   1.74301225E+015   0.00000000E+000   3.75258001E+014   3.29196784E+014   0.00000000E+000   0.00000000E+000   0.00000000E+000   5.51299536E+014   0.00000000E+000   4.87257932E+014   0.00000000E+000   0.00000000E+000
   0.00000000E+000
     192   1.74671552E+015   0.00000000E+000   3.75785888E+014   3.29953490E+014   0.00000000E+000   0.00000000E+000   0.00000000E+000   5.52729454E+014   0.00000000E+000   4.88246691E+014   0.00000000E+000   0.00000000E+000
   0.00000000E+000
     193   1.75104164E+015   0.00000000E+000   3.76921653E+014   3.30440003E+014   0.00000000E+000   0.00000000E+000   0.00000000E+000   5.54276115E+014   0.00000000E+000   4.89403871E+014   0.00000000E+000   0.00000000E+000
   0.00000000E+000
     194   1.75652117E+015   0.00000000E+000   3.78119880E+014   3.31438861E+014   0.00000000E+000   0.00000000E+000   0.00000000E+000   5.56038486E+014   0.00000000E+000   4.90923948E+014   0.00000000E+000   0.00000000E+000
   0.00000000E+000
     195   1.75788075E+015   0.00000000E+000   3.78354527E+014   3.30734824E+014   0.00000000E+000   0.00000000E+000   0.00000000E+000   5.56523668E+014   0.00000000E+000   4.92267734E+014   0.00000000E+000   0.00000000E+000
   0.00000000E+000
     196   1.76064104E+015   0.00000000E+000   3.78795996E+014   3.31175930E+014   0.00000000E+000   0.00000000E+000   0.00000000E+000   5.56862397E+014   0.00000000E+000   4.93806721E+014   0.00000000E+000   0.00000000E+000
   0.00000000E+000
     197   1.76499270E+015   0.00000000E+000   3.79330913E+014   3.32119714E+014   0.00000000E+000   0.00000000E+000   0.00000000E+000   5.58191655E+014   0.00000000E+000   4.95350416E+014   0.00000000E+000   0.00000000E+000
   0.00000000E+000
     198   1.77003236E+015   0.00000000E+000   3.80353477E+014   3.33099385E+014   0.00000000E+000   0.00000000E+000   0.00000000E+000   5.59880138E+014   0.00000000E+000   4.96699359E+014   0.00000000E+000   0.00000000E+000
   0.00000000E+000
     199   1.77188521E+015   0.00000000E+000   3.81152912E+014   3.32876305E+014   0.00000000E+000   0.00000000E+000   0.00000000E+000   5.61352306E+014   0.00000000E+000   4.96503682E+014   0.00000000E+000   0.00000000E+000
   0.00000000E+000
     200   1.77628226E+015   0.00000000E+000   3.81947336E+014   3.33589835E+014   0.00000000E+000   0.00000000E+000   0.00000000E+000   5.62921296E+014   0.00000000E+000   4.97823797E+014   0.00000000E+000   0.00000000E+000
   0.00000000E+000
     201   1.78140876E+015   0.00000000E+000   3.83047632E+014   3.34522008E+014   0.00000000E+000   0.00000000E+000   0.00000000E+000   5.64570750E+014   0.00000000E+000   4.99268372E+014   0.00000000E+000   0.00000000E+000
   0.00000000E+000
     202   1.78602307E+015   0.00000000E+000   3.84160697E+014   3.35449250E+014   0.00000000E+000   0.00000000E+000   0.00000000E+000   5.66225423E+014   0.00000000E+000   5.00187697E+014   0.00000000E+000   0.00000000E+000
   0.00000000E+000
     203   1.79005791E+015   0.00000000E+000   3.84340078E+014   3.36399827E+014   0.00000000E+000   0.00000000E+000   0.00000000E+000   5.67588788E+014   0.00000000E+000   5.01729218E+014   0.00000000E+000   0.00000000E+000
   0.00000000E+000
     204   1.79493607E+015   0.00000000E+000   3.85318346E+014   3.37183004E+014   0.00000000E+000   0.00000000E+000   0.00000000E+000   5.69273076E+014   0.00000000E+000   5.03161647E+014   0.00000000E+000   0.00000000E+000
   0.00000000E+000
     205   1.80018857E+015   0.00000000E+000   3.86384185E+014   3.38122110E+014   0.00000000E+000   0.00000000E+000   0.00000000E+000   5.70965304E+014   0.00000000E+000   5.04716971E+014   0.00000000E+000   0.00000000E+000
   0.00000000E+000
     206   1.80454279E+015   0.00000000E+000   3.86741693E+014   3.39029343E+014   0.00000000E+000   0.00000000E+000   0.00000000E+000   5.72689486E+014   0.00000000E+000   5.06082272E+014   0.00000000E+000   0.00000000E+000
   0.00000000E+000
     207   1.80916262E+015   0.00000000E+000   3.87835038E+014   3.39690988E+014   0.00000000E+000   0.00000000E+000   0.00000000E+000   5.74032971E+014   0.00000000E+000   5.07603621E+014   0.00000000E+000   0.00000000E+000
   0.00000000E+000
     208   1.81288237E+015   0.00000000E+000   3.88957844E+014   3.39551016E+014   0.00000000E+000   0.00000000E+000   0.00000000E+000   5.75259107E+014   0.00000000E+000   5.09114408E+014   0.00000000E+000   0.00000000E+000
   0.00000000E+000
     209   1.81823832E+015   0.00000000E+000   3.90086198E+014   3.40525722E+014   0.00000000E+000   0.00000000E+000   0.00000000E+000   5.76964689E+014   0.00000000E+000   5.10661712E+014   0.00000000E+000   0.00000000E+000
   0.00000000E+000
     210   1.82234177E+015   0.00000000E+000   3.90670423E+014   3.41430472E+014   0.00000000E+000   0.00000000E+000   0.00000000E+000   5.78537601E+014   0.00000000E+000   5.11703278E+014   0.00000000E+000   0.00000000E+000
   0.00000000E+000
     211   1.82564343E+015   0.00000000E+000   3.91629168E+014   3.42431923E+014   0.00000000E+000   0.00000000E+000   0.00000000E+000   5.79528962E+014   0.00000000E+000   5.12053376E+014   0.00000000E+000   0.00000000E+000
   0.00000000E+000
     212   1.83031524E+015   0.00000000E+000   3.92659922E+014   3.43364654E+014   0.00000000E+000   0.00000000E+000   0.00000000E+000   5.80765996E+014   0.00000000E+000   5.13524670E+014   0.00000000E+000   0.00000000E+000
   0.00000000E+000
     213   1.83535777E+015   0.00000000E+000   3.93571068E+014   3.44340982E+014   0.00000000E+000   0.00000000E+000   0.00000000E+000   5.82447224E+014   0.00000000E+000   5.14998500E+014   0.00000000E+000   0.00000000E+000
   0.00000000E+000
     214   1.84059067E+015   0.00000000E+000   3.94686668E+014   3.45509626E+014   0.00000000E+000   0.00000000E+000   0.00000000E+000   5.83873435E+014   0.00000000E+000   5.16520945E+014   0.00000000E+000   0.00000000E+000
   0.00000000E+000
     215   1.84438693E+015   0.00000000E+000   3.95849924E+014   3.46298788E+014   0.00000000E+000   0.00000000E+000   0.00000000E+000   5.84282985E+014   0.00000000E+000   5.17955236E+014   0.00000000E+000   0.00000000E+000
   0.00000000E+000
     216   1.84781011E+015   0.00000000E+000   3.95412902E+014   3.47267138E+014   0.00000000E+000   0.00000000E+000   0.00000000E+000   5.85702090E+014   0.00000000E+000   5.19427983E+014   0.00000000E+000   0.00000000E+000
   0.00000000E+000
     217   1.85143416E+015   0.00000000E+000   3.96408446E+014   3.47940162E+014   0.00000000E+000   0.00000000E+000   0.00000000E+000   5.87342466E+014   0.00000000E+000   5.19743083E+014   0.00000000E+000   0.00000000E+000
   0.00000000E+000
     218   1.85566552E+015   0.00000000E+000   3.97156268E+014   3.48898749E+014   0.00000000E+000   0.00000000E+000   0.00000000E+000   5.88980176E+014   0.00000000E+000   5.20630325E+014   0.00000000E+000   0.00000000E+000
   0.00000000E+000
     219   1.86029903E+015   0.00000000E+000   3.98360375E+014   3.49886632E+014   0.00000000E+000   0.00000000E+000   0.00000000E+000   5.90710026E+014   0.00000000E+000   5.21342001E+014   0.00000000E+000   0.00000000E+000
   0.00000000E+000
     220   1.86464995E+015   0.00000000E+000   3.99247820E+014   3.50665698E+014   0.00000000E+000   0.00000000E+000   0.00000000E+000   5.92013341E+014   0.00000000E+000   5.22723089E+014   0.00000000E+000   0.00000000E+000
   0.00000000E+000
     221   1.86880004E+015   0.00000000E+000   4.00463609E+014   3.51660405E+014   0.00000000E+000   0.00000000E+000   0.00000000E+000   5.92516700E+014   0.00000000E+000   5.24159327E+014   0.00000000E+000   0.00000000E+000
   0.00000000E+000
     222   1.87187952E+015   0.00000000E+000   4.01540907E+014   3.51277131E+014   0.00000000E+000   0.00000000E+000   0.00000000E+000   5.94139876E+014   0.00000000E+000   5.24921609E+014   0.00000000E+000   0.00000000E+000
   0.00000000E+000
     223   1.87530347E+015   0.00000000E+000   4.01363525E+014   3.52057408E+014   0.00000000E+000   0.00000000E+000   0.00000000E+000   5.95573236E+014   0.00000000E+000   5.26309298E+014   0.00000000E+000   0.00000000E+000
   0.00000000E+000
     224   1.88033437E+015   0.00000000E+000   4.02431146E+014   3.53041447E+014   0.00000000E+000   0.00000000E+000   0.00000000E+000   5.97179030E+014   0.00000000E+000   5.27682744E+014   0.00000000E+000   0.00000000E+000
   0.00000000E+000
     225   1.88443861E+015   0.00000000E+000   4.03304015E+014   3.53511836E+014   0.00000000E+000   0.00000000E+000   0.00000000E+000   5.98559142E+014   0.00000000E+000   5.29063621E+014   0.00000000E+000   0.00000000E+000
   0.00000000E+000
     226   1.88800622E+015   0.00000000E+000   4.04155876E+014   3.54484672E+014   0.00000000E+000   0.00000000E+000   0.00000000E+000   6.00097225E+014   0.00000000E+000   5.29268442E+014   0.00000000E+000   0.00000000E+000
   0.00000000E+000
     227   1.89235791E+015   0.00000000E+000   4.05219600E+014   3.55396054E+014   0.00000000E+000   0.00000000E+000   0.00000000E+000   6.01055797E+014   0.00000000E+000   5.30686459E+014   0.00000000E+000   0.00000000E+000
   0.00000000E+000
     228   1.89741236E+015   0.00000000E+000   4.06306084E+014   3.56388375E+014   0.00000000E+000   0.00000000E+000   0.00000000E+000   6.02676600E+014   0.00000000E+000   5.32041298E+014   0.00000000E+000   0.00000000E+000
   0.00000000E+000
     229   1.90228525E+015   0.00000000E+000   4.07346482E+014   3.57367052E+014   0.00000000E+000   0.00000000E+000   0.00000000E+000   6.04300174E+014   0.00000000E+000   5.33271547E+014   0.00000000E+000   0.00000000E+000
   0.00000000E+000
     230   1.90718694E+015   0.00000000E+000   4.08439422E+014   3.58371012E+014   0.00000000E+000   0.00000000E+000   0.00000000E+000   6.05681590E+014   0.00000000E+000   5.34694916E+014   0.00000000E+000   0.00000000E+000
   0.00000000E+000
     231   1.91286996E+015   0.00000000E+000   4.09892161E+014   3.59301315E+014   0.00000000E+000   0.00000000E+000   0.00000000E+000   6.07554734E+014   0.00000000E+000   5.36121747E+014   0.00000000E+000   0.00000000E+000
   0.00000000E+000
     232   1.91810440E+015   0.00000000E+000   4.10898408E+014   3.60415048E+014   0.00000000E+000   0.00000000E+000   0.00000000E+000   6.09179654E+014   0.00000000E+000   5.37611294E+014   0.00000000E+000   0.00000000E+000
   0.00000000E+000
     233   1.92230203E+015   0.00000000E+000   4.11792125E+014   3.60940191E+014   0.00000000E+000   0.00000000E+000   0.00000000E+000   6.10531783E+014   0.00000000E+000   5.39037932E+014   0.00000000E+000   0.00000000E+000
   0.00000000E+000
     234   1.92746686E+015   0.00000000E+000   4.12886654E+014   3.61950650E+014   0.00000000E+000   0.00000000E+000   0.00000000E+000   6.12171423E+014   0.00000000E+000   5.40458130E+014   0.00000000E+000   0.00000000E+000
   0.00000000E+000
     235   1.93206571E+015   0.00000000E+000   4.13643815E+014   3.62941318E+014   0.00000000E+000   0.00000000E+000   0.00000000E+000   6.13811335E+014   0.00000000E+000   5.41669243E+014   0.00000000E+000   0.00000000E+000
   0.00000000E+000
     236   1.93723121E+015   0.00000000E+000   4.14707149E+014   3.63966424E+014   0.00000000E+000   0.00000000E+000   0.00000000E+000   6.15457515E+014   0.00000000E+000   5.43100127E+014   0.00000000E+000   0.00000000E+000
   0.00000000E+000
     237   1.94194073E+015   0.00000000E+000   4.15544206E+014   3.64935998E+014   0.00000000E+000   0.00000000E+000   0.00000000E+000   6.17101419E+014   0.00000000E+000   5.44359108E+014   0.00000000E+000   0.00000000E+000
   0.00000000E+000
     238   1.94719503E+015   0.00000000E+000   4.16640676E+014   3.66024823E+014   0.00000000E+000   0.00000000E+000   0.00000000E+000   6.18667309E+014   0.00000000E+000   5.45862220E+014   0.00000000E+000   0.00000000E+000
   0.00000000E+000
     239   1.95244743E+015   0.00000000E+000   4.17812983E+014   3.67002102E+014   0.00000000E+000   0.00000000E+000   0.00000000E+000   6.20371974E+014   0.00000000E+000   5.47260367E+014   0.00000000E+000   0.00000000E+000
   0.00000000E+000
     240   1.95689043E+015   0.00000000E+000   4.18855014E+014   3.68026918E+014   0.00000000E+000   0.00000000E+000   0.00000000E+000   6.21319227E+014   0.00000000E+000   5.48689274E+014   0.00000000E+000   0.00000000E+000
   0.00000000E+000
     241   1.96260065E+015   0.00000000E+000   4.20042427E+014   3.69174696E+014   0.00000000E+000   0.00000000E+000   0.00000000E+000   6.23098782E+014   0.00000000E+000   5.50284740E+014   0.00000000E+000   0.00000000E+000
   0.00000000E+000
     242   1.96791643E+015   0.00000000E+000   4.20959691E+014   3.70508587E+014   0.00000000E+000   0.00000000E+000   0.00000000E+000   6.24695682E+014   0.00000000E+000   5.51752468E+014   0.00000000E+000   0.00000000E+000
   0.00000000E+000
     243   1.97330305E+015   0.00000000E+000   4.22145283E+014   3.71547971E+014   0.00000000E+000   0.00000000E+000   0.00000000E+000   6.26438986E+014   0.00000000E+000   5.53170813E+014   0.00000000E+000   0.00000000E+000
   0.00000000E+000
     244   1.97722972E+015   0.00000000E+000   4.23341702E+014   3.71183975E+014   0.00000000E+000   0.00000000E+000   0.00000000E+000   6.28097570E+014   0.00000000E+000   5.54606476E+014   0.00000000E+000   0.00000000E+000
   0.00000000E+000
     245   1.98206246E+015   0.00000000E+000   4.24420187E+014   3.72190833E+014   0.00000000E+000   0.00000000E+000   0.00000000E+000   6.29228913E+014   0.00000000E+000   5.56222526E+014   0.00000000E+000   0.00000000E+000
   0.00000000E+000
     246   1.98701206E+015   0.00000000E+000   4.25365993E+014   3.73196670E+014   0.00000000E+000   0.00000000E+000   0.00000000E+000   6.30823626E+014   0.00000000E+000   5.57625766E+014   0.00000000E+000   0.00000000E+000
   0.00000000E+000
     247   1.99236847E+015   0.00000000E+000   4.26355342E+014   3.74254962E+014   0.00000000E+000   0.00000000E+000   0.00000000E+000   6.32597383E+014   0.00000000E+000   5.59160786E+014   0.00000000E+000   0.00000000E+000
   0.00000000E+000
     248   1.99749644E+015   0.00000000E+000   4.27447291E+014   3.75227475E+014   0.00000000E+000   0.00000000E+000   0.00000000E+000   6.34124166E+014   0.00000000E+000   5.60697505E+014   0.00000000E+000   0.00000000E+000
   0.00000000E+000
     249   2.00283859E+015   0.00000000E+000   4.28576129E+014   3.76328677E+014   0.00000000E+000   0.00000000E+000   0.00000000E+000   6.35808837E+014   0.00000000E+000   5.62124949E+014   0.00000000E+000   0.00000000E+000
   0.00000000E+000
     250   2.00847265E+015   0.00000000E+000   4.29835051E+014   3.77323100E+014   0.00000000E+000   0.00000000E+000   0.00000000E+000   6.37740952E+014   0.00000000E+000   5.63573543E+014   0.00000000E+000   0.00000000E+000
   0.00000000E+000
     251   2.01396440E+015   0.00000000E+000   4.31039127E+014   3.78206811E+014   0.00000000E+000   0.00000000E+000   0.00000000E+000   6.39405974E+014   0.00000000E+000   5.65312487E+014   0.00000000E+000   0.00000000E+000
   0.00000000E+000
     252   2.01891889E+015   0.00000000E+000   4.32172499E+014   3.79212554E+014   0.00000000E+000   0.00000000E+000   0.00000000E+000   6.41203468E+014   0.00000000E+000   5.66330368E+014   0.00000000E+000   0.00000000E+000
   0.00000000E+000
     253   2.02169690E+015   0.00000000E+000   4.33471207E+014   3.79106540E+014   0.00000000E+000   0.00000000E+000   0.00000000E+000   6.42003109E+014   0.00000000E+000   5.67116042E+014   0.00000000E+000   0.00000000E+000
   0.00000000E+000
     254   2.02629925E+015   0.00000000E+000   4.34525845E+014   3.79784618E+014   0.00000000E+000   0.00000000E+000   0.00000000E+000   6.43403482E+014   0.00000000E+000   5.68585307E+014   0.00000000E+000   0.00000000E+000
   0.00000000E+000
     255   2.03134436E+015   0.00000000E+000   4.35669184E+014   3.80801870E+014   0.00000000E+000   0.00000000E+000   0.00000000E+000   6.44986259E+014   0.00000000E+000   5.69887048E+014   0.00000000E+000   0.00000000E+000
   0.00000000E+000
     256   2.03686320E+015   0.00000000E+000   4.36867884E+014   3.81784156E+014   0.00000000E+000   0.00000000E+000   0.00000000E+000   6.46861100E+014   0.00000000E+000   5.71350058E+014   0.00000000E+000   0.00000000E+000
   0.00000000E+000
     257   2.04273694E+015   0.00000000E+000   4.38187148E+014   3.82802769E+014   0.00000000E+000   0.00000000E+000   0.00000000E+000   6.48732923E+014   0.00000000E+000   5.73014101E+014   0.00000000E+000   0.00000000E+000
   0.00000000E+000
     258   2.04698502E+015   0.00000000E+000   4.38795654E+014   3.83656908E+014   0.00000000E+000   0.00000000E+000   0.00000000E+000   6.50255585E+014   0.00000000E+000   5.74276872E+014   0.00000000E+000   0.00000000E+000
   0.00000000E+000
     259   2.05217285E+015   0.00000000E+000   4.40068498E+014   3.84575330E+014   0.00000000E+000   0.00000000E+000   0.00000000E+000   6.51933401E+014   0.00000000E+000   5.75595625E+014   0.00000000E+000   0.00000000E+000
   0.00000000E+000
     260   2.05794899E+015   0.00000000E+000   4.41359331E+014   3.85659791E+014   0.00000000E+000   0.00000000E+000   0.00000000E+000   6.53964868E+014   0.00000000E+000   5.76965002E+014   0.00000000E+000   0.00000000E+000
   0.00000000E+000
     261   2.06161078E+015   0.00000000E+000   4.42079180E+014   3.86784202E+014   0.00000000E+000   0.00000000E+000   0.00000000E+000   6.54951306E+014   0.00000000E+000   5.77796097E+014   0.00000000E+000   0.00000000E+000
   0.00000000E+000
     262   2.06693495E+015   0.00000000E+000   4.43298753E+014   3.87671702E+014   0.00000000E+000   0.00000000E+000   0.00000000E+000   6.56420451E+014   0.00000000E+000   5.79544045E+014   0.00000000E+000   0.00000000E+000
   0.00000000E+000
     263   2.07175740E+015   0.00000000E+000   4.44228590E+014   3.88510824E+014   0.00000000E+000   0.00000000E+000   0.00000000E+000   6.58106347E+014   0.00000000E+000   5.80911642E+014   0.00000000E+000   0.00000000E+000
   0.00000000E+000
     264   2.07830387E+015   0.00000000E+000   4.45549062E+014   3.89705916E+014   0.00000000E+000   0.00000000E+000   0.00000000E+000   6.60581628E+014   0.00000000E+000   5.82467263E+014   0.00000000E+000   0.00000000E+000
   0.00000000E+000
     265   2.08345684E+015   0.00000000E+000   4.46689266E+014   3.90690402E+014   0.00000000E+000   0.00000000E+000   0.00000000E+000   6.61900880E+014   0.00000000E+000   5.84176290E+014   0.00000000E+000   0.00000000E+000
   0.00000000E+000
     266   2.08984195E+015   0.00000000E+000   4.48215738E+014   3.91865732E+014   0.00000000E+000   0.00000000E+000   0.00000000E+000   6.63716294E+014   0.00000000E+000   5.86044186E+014   0.00000000E+000   0.00000000E+000
   0.00000000E+000
     267   2.09507675E+015   0.00000000E+000   4.49291391E+014   3.92952740E+014   0.00000000E+000   0.00000000E+000   0.00000000E+000   6.65304897E+014   0.00000000E+000   5.87527724E+014   0.00000000E+000   0.00000000E+000
   0.00000000E+000
     268   2.10080140E+015   0.00000000E+000   4.50595513E+014   3.94223049E+014   0.00000000E+000   0.00000000E+000   0.00000000E+000   6.67152739E+014   0.00000000E+000   5.88830097E+014   0.00000000E+000   0.00000000E+000
   0.00000000E+000
     269   2.10555896E+015   0.00000000E+000   4.51894241E+014   3.95044515E+014   0.00000000E+000   0.00000000E+000   0.00000000E+000   6.68352241E+014   0.00000000E+000   5.90267959E+014   0.00000000E+000   0.00000000E+000
   0.00000000E+000
     270   2.11120048E+015   0.00000000E+000   4.52894549E+014   3.96134885E+014   0.00000000E+000   0.00000000E+000   0.00000000E+000   6.70457556E+014   0.00000000E+000   5.91713486E+014   0.00000000E+000   0.00000000E+000
   0.00000000E+000
     271   2.11666087E+015   0.00000000E+000   4.54071690E+014   3.97080285E+014   0.00000000E+000   0.00000000E+000   0.00000000E+000   6.72333458E+014   0.00000000E+000   5.93175440E+014   0.00000000E+000   0.00000000E+000
   0.00000000E+000
     272   2.12315034E+015   0.00000000E+000   4.55554064E+014   3.98471424E+014   0.00000000E+000   0.00000000E+000   0.00000000E+000   6.74283843E+014   0.00000000E+000   5.94841007E+014   0.00000000E+000   0.00000000E+000
   0.00000000E+000
     273   2.12961760E+015   0.00000000E+000   4.56755042E+014   4.00237420E+014   0.00000000E+000   0.00000000E+000   0.00000000E+000   6.76210218E+014   0.00000000E+000   5.96414921E+014   0.00000000E+000   0.00000000E+000
   0.00000000E+000
     274   2.13613989E+015   0.00000000E+000   4.58062472E+014   4.01590884E+014   0.00000000E+000   0.00000000E+000   0.00000000E+000   6.78003556E+014   0.00000000E+000   5.98482979E+014   0.00000000E+000   0.00000000E+000
   0.00000000E+000
     275   2.14151905E+015   0.00000000E+000   4.59405450E+014   4.02718158E+014   0.00000000E+000   0.00000000E+000   0.00000000E+000   6.79636929E+014   0.00000000E+000   5.99758515E+014   0.00000000E+000   0.00000000E+000
   0.00000000E+000
     276   2.14715828E+015   0.00000000E+000   4.60587111E+014   4.03894077E+014   0.00000000E+000   0.00000000E+000   0.00000000E+000   6.81360731E+014   0.00000000E+000   6.01316365E+014   0.00000000E+000   0.00000000E+000
   0.00000000E+000
     277   2.15301427E+015   0.00000000E+000   4.61691939E+014   4.05191185E+014   0.00000000E+000   0.00000000E+000   0.00000000E+000   6.82966408E+014   0.00000000E+000   6.03164738E+014   0.00000000E+000   0.00000000E+000
   0.00000000E+000
     278   2.15848927E+015   0.00000000E+000   4.62661589E+014   4.06288728E+014   0.00000000E+000   0.00000000E+000   0.00000000E+000   6.84914107E+014   0.00000000E+000   6.04624844E+014   0.00000000E+000   0.00000000E+000
   0.00000000E+000
     279   2.16440504E+015   0.00000000E+000   4.63889644E+014   4.07455653E+014   0.00000000E+000   0.00000000E+000   0.00000000E+000   6.86905931E+014   0.00000000E+000   6.06153811E+014   0.00000000E+000   0.00000000E+000
   0.00000000E+000
     280   2.16991812E+015   0.00000000E+000   4.64830507E+014   4.08613251E+014   0.00000000E+000   0.00000000E+000   0.00000000E+000   6.88847650E+014   0.00000000E+000   6.07626711E+014   0.00000000E+000   0.00000000E+000
   0.00000000E+000
     281   2.17581294E+015   0.00000000E+000   4.66052435E+014   4.09707351E+014   0.00000000E+000   0.00000000E+000   0.00000000E+000   6.90738132E+014   0.00000000E+000   6.09315023E+014   0.00000000E+000   0.00000000E+000
   0.00000000E+000
     282   2.18224029E+015   0.00000000E+000   4.67157238E+014   4.11418238E+014   0.00000000E+000   0.00000000E+000   0.00000000E+000   6.92879622E+014   0.00000000E+000   6.10785188E+014   0.00000000E+000   0.00000000E+000
   0.00000000E+000
     283   2.18784226E+015   0.00000000E+000   4.68399333E+014   4.12158513E+014   0.00000000E+000   0.00000000E+000   0.00000000E+000   6.94990656E+014   0.00000000E+000   6.12293757E+014   0.00000000E+000   0.00000000E+000
   0.00000000E+000
     284   2.19316387E+015   0.00000000E+000   4.69529338E+014   4.12927625E+014   0.00000000E+000   0.00000000E+000   0.00000000E+000   6.96778775E+014   0.00000000E+000   6.13928129E+014   0.00000000E+000   0.00000000E+000
   0.00000000E+000
     285   2.19948750E+015   0.00000000E+000   4.70773186E+014   4.14143748E+014   0.00000000E+000   0.00000000E+000   0.00000000E+000   6.99085689E+014   0.00000000E+000   6.15484874E+014   0.00000000E+000   0.00000000E+000
   0.00000000E+000
     286   2.20522629E+015   0.00000000E+000   4.72058587E+014   4.15318557E+014   0.00000000E+000   0.00000000E+000   0.00000000E+000   7.00666950E+014   0.00000000E+000   6.17182199E+014   0.00000000E+000   0.00000000E+000
   0.00000000E+000
     287   2.20969272E+015   0.00000000E+000   4.73126647E+014   4.16499717E+014   0.00000000E+000   0.00000000E+000   0.00000000E+000   7.02457066E+014   0.00000000E+000   6.17609293E+014   0.00000000E+000   0.00000000E+000
   0.00000000E+000
     288   2.21510228E+015   0.00000000E+000   4.74271520E+014   4.17813951E+014   0.00000000E+000   0.00000000E+000   0.00000000E+000   7.03906340E+014   0.00000000E+000   6.19110471E+014   0.00000000E+000   0.00000000E+000
   0.00000000E+000
     289   2.22106023E+015   0.00000000E+000   4.75831795E+014   4.18163812E+014   0.00000000E+000   0.00000000E+000   0.00000000E+000   7.05996058E+014   0.00000000E+000   6.21068561E+014   0.00000000E+000   0.00000000E+000
   0.00000000E+000
     290   2.22591222E+015   0.00000000E+000   4.76963828E+014   4.19160549E+014   0.00000000E+000   0.00000000E+000   0.00000000E+000   7.07857341E+014   0.00000000E+000   6.21930500E+014   0.00000000E+000   0.00000000E+000
   0.00000000E+000
     291   2.23144282E+015   0.00000000E+000   4.78106111E+014   4.20558650E+014   0.00000000E+000   0.00000000E+000   0.00000000E+000   7.09970815E+014   0.00000000E+000   6.22807247E+014   0.00000000E+000   0.00000000E+000
   0.00000000E+000
     292   2.23754596E+015   0.00000000E+000   4.79471060E+014   4.21769245E+014   0.00000000E+000   0.00000000E+000   0.00000000E+000   7.11949695E+014   0.00000000E+000   6.24355961E+014   0.00000000E+000   0.00000000E+000
   0.00000000E+000
     293   2.24339805E+015   0.00000000E+000   4.80364867E+014   4.23285357E+014   0.00000000E+000   0.00000000E+000   0.00000000E+000   7.14077828E+014   0.00000000E+000   6.25669995E+014   0.00000000E+000   0.00000000E+000
   0.00000000E+000
     294   2.24928999E+015   0.00000000E+000   4.81465017E+014   4.24515363E+014   0.00000000E+000   0.00000000E+000   0.00000000E+000   7.16263462E+014   0.00000000E+000   6.27046144E+014   0.00000000E+000   0.00000000E+000
   0.00000000E+000
     295   2.25359158E+015   0.00000000E+000   4.82275729E+014   4.25486454E+014   0.00000000E+000   0.00000000E+000   0.00000000E+000   7.17411457E+014   0.00000000E+000   6.28417944E+014   0.00000000E+000   0.00000000E+000
   0.00000000E+000
     296   2.25902811E+015   0.00000000E+000   4.83618885E+014   4.26280198E+014   0.00000000E+000   0.00000000E+000   0.00000000E+000   7.19284944E+014   0.00000000E+000   6.29844086E+014   0.00000000E+000   0.00000000E+000
   0.00000000E+000
     297   2.26545446E+015   0.00000000E+000   4.85154529E+014   4.27495898E+014   0.00000000E+000   0.00000000E+000   0.00000000E+000   7.21273559E+014   0.00000000E+000   6.31530476E+014   0.00000000E+000   0.00000000E+000
   0.00000000E+000
     298   2.27199759E+015   0.00000000E+000   4.86365891E+014   4.28692424E+014   0.00000000E+000   0.00000000E+000   0.00000000E+000   7.23810589E+014   0.00000000E+000   6.33128683E+014   0.00000000E+000   0.00000000E+000
   0.00000000E+000
     299   2.27842833E+015   0.00000000E+000   4.87741410E+014   4.29947621E+014   0.00000000E+000   0.00000000E+000   0.00000000E+000   7.25884125E+014   0.00000000E+000   6.34855179E+014   0.00000000E+000   0.00000000E+000
   0.00000000E+000
     300   2.28393093E+015   0.00000000E+000   4.89034836E+014   4.30735855E+014   0.00000000E+000   0.00000000E+000   0.00000000E+000   7.27769694E+014   0.00000000E+000   6.36390540E+014   0.00000000E+000   0.00000000E+000
   0.00000000E+000
     301   2.28918044E+015   0.00000000E+000   4.89798294E+014   4.31683188E+014   0.00000000E+000   0.00000000E+000   0.00000000E+000   7.29733156E+014   0.00000000E+000   6.37965798E+014   0.00000000E+000   0.00000000E+000
   0.00000000E+000
     302   2.29311205E+015   0.00000000E+000   4.90815438E+014   4.32119823E+014   0.00000000E+000   0.00000000E+000   0.00000000E+000   7.30444832E+014   0.00000000E+000   6.39731956E+014   0.00000000E+000   0.00000000E+000
   0.00000000E+000
     303   2.29860978E+015   0.00000000E+000   4.92135637E+014   4.32627244E+014   0.00000000E+000   0.00000000E+000   0.00000000E+000   7.32576634E+014   0.00000000E+000   6.41270265E+014   0.00000000E+000   0.00000000E+000
   0.00000000E+000
     304   2.30436337E+015   0.00000000E+000   4.93044560E+014   4.33860199E+014   0.00000000E+000   0.00000000E+000   0.00000000E+000   7.34692397E+014   0.00000000E+000   6.42766211E+014   0.00000000E+000   0.00000000E+000
   0.00000000E+000
     305   2.30957591E+015   0.00000000E+000   4.94369425E+014   4.34738605E+014   0.00000000E+000   0.00000000E+000   0.00000000E+000   7.36200157E+014   0.00000000E+000   6.44267727E+014   0.00000000E+000   0.00000000E+000
   0.00000000E+000
     306   2.31489759E+015   0.00000000E+000   4.95813150E+014   4.36250126E+014   0.00000000E+000   0.00000000E+000   0.00000000E+000   7.38083632E+014   0.00000000E+000   6.44750680E+014   0.00000000E+000   0.00000000E+000
   0.00000000E+000
     307   2.32111411E+015   0.00000000E+000   4.97098339E+014   4.37518666E+014   0.00000000E+000   0.00000000E+000   0.00000000E+000   7.40133247E+014   0.00000000E+000   6.46363860E+014   0.00000000E+000   0.00000000E+000
   0.00000000E+000
     308   2.32712372E+015   0.00000000E+000   4.98236345E+014   4.38739882E+014   0.00000000E+000   0.00000000E+000   0.00000000E+000   7.42175847E+014   0.00000000E+000   6.47971647E+014   0.00000000E+000   0.00000000E+000
   0.00000000E+000
     309   2.33341603E+015   0.00000000E+000   4.99572844E+014   4.40029773E+014   0.00000000E+000   0.00000000E+000   0.00000000E+000   7.44273755E+014   0.00000000E+000   6.49539652E+014   0.00000000E+000   0.00000000E+000
   0.00000000E+000
     310   2.33827989E+015   0.00000000E+000   5.00979161E+014   4.40763164E+014   0.00000000E+000   0.00000000E+000   0.00000000E+000   7.45930295E+014   0.00000000E+000   6.50607269E+014   0.00000000E+000   0.00000000E+000
   0.00000000E+000
     311   2.34163471E+015   0.00000000E+000   5.02299899E+014   4.41492087E+014   0.00000000E+000   0.00000000E+000   0.00000000E+000   7.45568762E+014   0.00000000E+000   6.52273965E+014   0.00000000E+000   0.00000000E+000
   0.00000000E+000
     312   2.34459048E+015   0.00000000E+000   5.03739728E+014   4.41546021E+014   0.00000000E+000   0.00000000E+000   0.00000000E+000   7.45944816E+014   0.00000000E+000   6.53359909E+014   0.00000000E+000   0.00000000E+000
   0.00000000E+000
     313   2.35005452E+015   0.00000000E+000   5.04481745E+014   4.42735699E+014   0.00000000E+000   0.00000000E+000   0.00000000E+000   7.47619222E+014   0.00000000E+000   6.55217856E+014   0.00000000E+000   0.00000000E+000
   0.00000000E+000
     314   2.35509526E+015   0.00000000E+000   5.05984603E+014   4.43806773E+014   0.00000000E+000   0.00000000E+000   0.00000000E+000   7.48464375E+014   0.00000000E+000   6.56839511E+014   0.00000000E+000   0.00000000E+000
   0.00000000E+000
     315   2.36088639E+015   0.00000000E+000   5.06994698E+014   4.45170832E+014   0.00000000E+000   0.00000000E+000   0.00000000E+000   7.50172683E+014   0.00000000E+000   6.58548182E+014   0.00000000E+000   0.00000000E+000
   0.00000000E+000
     316   2.36584907E+015   0.00000000E+000   5.08369670E+014   4.45854648E+014   0.00000000E+000   0.00000000E+000   0.00000000E+000   7.51320798E+014   0.00000000E+000   6.60303950E+014   0.00000000E+000   0.00000000E+000
   0.00000000E+000
     317   2.37019156E+015   0.00000000E+000   5.09848302E+014   4.46125246E+014   0.00000000E+000   0.00000000E+000   0.00000000E+000   7.51924604E+014   0.00000000E+000   6.62293412E+014   0.00000000E+000   0.00000000E+000
   0.00000000E+000
     318   2.37426639E+015   0.00000000E+000   5.10987648E+014   4.46801831E+014   0.00000000E+000   0.00000000E+000   0.00000000E+000   7.53291108E+014   0.00000000E+000   6.63185808E+014   0.00000000E+000   0.00000000E+000
   0.00000000E+000
     319   2.37841987E+015   0.00000000E+000   5.12211074E+014   4.47247343E+014   0.00000000E+000   0.00000000E+000   0.00000000E+000   7.54292310E+014   0.00000000E+000   6.64669142E+014   0.00000000E+000   0.00000000E+000
   0.00000000E+000
     320   2.38217367E+015   0.00000000E+000   5.13351644E+014   4.47889520E+014   0.00000000E+000   0.00000000E+000   0.00000000E+000   7.54615723E+014   0.00000000E+000   6.66316785E+014   0.00000000E+000   0.00000000E+000
   0.00000000E+000
     321   2.38620196E+015   0.00000000E+000   5.14008914E+014   4.48682032E+014   0.00000000E+000   0.00000000E+000   0.00000000E+000   7.56101867E+014   0.00000000E+000   6.67409146E+014   0.00000000E+000   0.00000000E+000
   0.00000000E+000
     322   2.39082837E+015   0.00000000E+000   5.15204222E+014   4.49026413E+014   0.00000000E+000   0.00000000E+000   0.00000000E+000   7.57959179E+014   0.00000000E+000   6.68638557E+014   0.00000000E+000   0.00000000E+000
   0.00000000E+000
     323   2.39515707E+015   0.00000000E+000   5.16245640E+014   4.49474083E+014   0.00000000E+000   0.00000000E+000   0.00000000E+000   7.59338933E+014   0.00000000E+000   6.70098415E+014   0.00000000E+000   0.00000000E+000
   0.00000000E+000
     324   2.39907308E+015   0.00000000E+000   5.16550772E+014   4.50177058E+014   0.00000000E+000   0.00000000E+000   0.00000000E+000   7.61080546E+014   0.00000000E+000   6.71264702E+014   0.00000000E+000   0.00000000E+000
   0.00000000E+000
     325   2.40077558E+015   0.00000000E+000   5.16001623E+014   4.51128908E+014   0.00000000E+000   0.00000000E+000   0.00000000E+000   7.62127636E+014   0.00000000E+000   6.71517417E+014   0.00000000E+000   0.00000000E+000
   0.00000000E+000
     326   2.40256257E+015   0.00000000E+000   5.17079944E+014   4.51023534E+014   0.00000000E+000   0.00000000E+000   0.00000000E+000   7.63520752E+014   0.00000000E+000   6.70938344E+014   0.00000000E+000   0.00000000E+000
   0.00000000E+000
     327   2.40675505E+015   0.00000000E+000   5.18442412E+014   4.51575205E+014   0.00000000E+000   0.00000000E+000   0.00000000E+000   7.64130240E+014   0.00000000E+000   6.72607193E+014   0.00000000E+000   0.00000000E+000
   0.00000000E+000
     328   2.41029815E+015   0.00000000E+000   5.19777121E+014   4.52375434E+014   0.00000000E+000   0.00000000E+000   0.00000000E+000   7.64906753E+014   0.00000000E+000   6.73238845E+014   0.00000000E+000   0.00000000E+000
   0.00000000E+000
     329   2.41451891E+015   0.00000000E+000   5.20185673E+014   4.52979366E+014   0.00000000E+000   0.00000000E+000   0.00000000E+000   7.66259436E+014   0.00000000E+000   6.75094437E+014   0.00000000E+000   0.00000000E+000
   0.00000000E+000
     330   2.41888111E+015   0.00000000E+000   5.20975685E+014   4.53611908E+014   0.00000000E+000   0.00000000E+000   0.00000000E+000   7.67595239E+014   0.00000000E+000   6.76698277E+014   0.00000000E+000   0.00000000E+000
   0.00000000E+000
     331   2.42313181E+015   0.00000000E+000   5.22186444E+014   4.53914931E+014   0.00000000E+000   0.00000000E+000   0.00000000E+000   7.68676002E+014   0.00000000E+000   6.78354429E+014   0.00000000E+000   0.00000000E+000
   0.00000000E+000
     332   2.42824786E+015   0.00000000E+000   5.23156301E+014   4.55125778E+014   0.00000000E+000   0.00000000E+000   0.00000000E+000   7.70185161E+014   0.00000000E+000   6.79780620E+014   0.00000000E+000   0.00000000E+000
   0.00000000E+000
     333   2.43367505E+015   0.00000000E+000   5.23631634E+014   4.56386938E+014   0.00000000E+000   0.00000000E+000   0.00000000E+000   7.72145545E+014   0.00000000E+000   6.81510929E+014   0.00000000E+000   0.00000000E+000
   0.00000000E+000
     334   2.43951312E+015   0.00000000E+000   5.24929183E+014   4.57459602E+014   0.00000000E+000   0.00000000E+000   0.00000000E+000   7.73927575E+014   0.00000000E+000   6.83196759E+014   0.00000000E+000   0.00000000E+000
   0.00000000E+000
     335   2.44634730E+015   0.00000000E+000   5.26299385E+014   4.58877796E+014   0.00000000E+000   0.00000000E+000   0.00000000E+000   7.76092650E+014   0.00000000E+000   6.85077470E+014   0.00000000E+000   0.00000000E+000
   0.00000000E+000
     336   2.45181800E+015   0.00000000E+000   5.27588210E+014   4.59777403E+014   0.00000000E+000   0.00000000E+000   0.00000000E+000   7.77879353E+014   0.00000000E+000   6.86573037E+014   0.00000000E+000   0.00000000E+000
   0.00000000E+000
     337   2.45369761E+015   0.00000000E+000   5.27444917E+014   4.59502887E+014   0.00000000E+000   0.00000000E+000   0.00000000E+000   7.80177407E+014   0.00000000E+000   6.86572402E+014   0.00000000E+000   0.00000000E+000
   0.00000000E+000
     338   2.45654301E+015   0.00000000E+000   5.28774519E+014   4.60436185E+014   0.00000000E+000   0.00000000E+000   0.00000000E+000   7.80526908E+014   0.00000000E+000   6.86805393E+014   0.00000000E+000   0.00000000E+000
   0.00000000E+000
     339   2.46080597E+015   0.00000000E+000   5.30017507E+014   4.60801932E+014   0.00000000E+000   0.00000000E+000   0.00000000E+000   7.82106840E+014   0.00000000E+000   6.87879689E+014   0.00000000E+000   0.00000000E+000
   0.00000000E+000
     340   2.46609132E+015   0.00000000E+000   5.30839777E+014   4.61772602E+014   0.00000000E+000   0.00000000E+000   0.00000000E+000   7.84018654E+014   0.00000000E+000   6.89460289E+014   0.00000000E+000   0.00000000E+000
   0.00000000E+000
     341   2.47093088E+015   0.00000000E+000   5.31751868E+014   4.63293369E+014   0.00000000E+000   0.00000000E+000   0.00000000E+000   7.85992663E+014   0.00000000E+000   6.89892976E+014   0.00000000E+000   0.00000000E+000
   0.00000000E+000
     342   2.47279775E+015   0.00000000E+000   5.32399016E+014   4.63584908E+014   0.00000000E+000   0.00000000E+000   0.00000000E+000   7.85407733E+014   0.00000000E+000   6.91406090E+014   0.00000000E+000   0.00000000E+000
   0.00000000E+000
     343   2.47778872E+015   0.00000000E+000   5.33216317E+014   4.64226197E+014   0.00000000E+000   0.00000000E+000   0.00000000E+000   7.87703990E+014   0.00000000E+000   6.92642217E+014   0.00000000E+000   0.00000000E+000
   0.00000000E+000
     344   2.48292602E+015   0.00000000E+000   5.34224174E+014   4.64803220E+014   0.00000000E+000   0.00000000E+000   0.00000000E+000   7.89461937E+014   0.00000000E+000   6.94436687E+014   0.00000000E+000   0.00000000E+000
   0.00000000E+000
     345   2.48635740E+015   0.00000000E+000   5.34554963E+014   4.65335007E+014   0.00000000E+000   0.00000000E+000   0.00000000E+000   7.90882916E+014   0.00000000E+000   6.95584510E+014   0.00000000E+000   0.00000000E+000
   0.00000000E+000
     346   2.49115577E+015   0.00000000E+000   5.35806155E+014   4.66573489E+014   0.00000000E+000   0.00000000E+000   0.00000000E+000   7.92361433E+014   0.00000000E+000   6.96414695E+014   0.00000000E+000   0.00000000E+000
   0.00000000E+000
     347   2.49645390E+015   0.00000000E+000   5.36686151E+014   4.67740876E+014   0.00000000E+000   0.00000000E+000   0.00000000E+000   7.94138357E+014   0.00000000E+000   6.97888521E+014   0.00000000E+000   0.00000000E+000
   0.00000000E+000
     348   2.50020782E+015   0.00000000E+000   5.37338384E+014   4.67839126E+014   0.00000000E+000   0.00000000E+000   0.00000000E+000   7.96217105E+014   0.00000000E+000   6.98813203E+014   0.00000000E+000   0.00000000E+000
   0.00000000E+000
     349   2.50528837E+015   0.00000000E+000   5.38411951E+014   4.68868377E+014   0.00000000E+000   0.00000000E+000   0.00000000E+000   7.98115957E+014   0.00000000E+000   6.99892080E+014   0.00000000E+000   0.00000000E+000
   0.00000000E+000
     350   2.50929705E+015   0.00000000E+000   5.38809397E+014   4.69582953E+014   0.00000000E+000   0.00000000E+000   0.00000000E+000   7.99419942E+014   0.00000000E+000   7.01484758E+014   0.00000000E+000   0.00000000E+000
   0.00000000E+000
     351   2.51378430E+015   0.00000000E+000   5.39868259E+014   4.70784554E+014   0.00000000E+000   0.00000000E+000   0.00000000E+000   8.00885974E+014   0.00000000E+000   7.02245517E+014   0.00000000E+000   0.00000000E+000
   0.00000000E+000
     352   2.52040811E+015   0.00000000E+000   5.41209667E+014   4.72032040E+014   0.00000000E+000   0.00000000E+000   0.00000000E+000   8.02891946E+014   0.00000000E+000   7.04274452E+014   0.00000000E+000   0.00000000E+000
   0.00000000E+000
     353   2.52514892E+015   0.00000000E+000   5.42459400E+014   4.72742761E+014   0.00000000E+000   0.00000000E+000   0.00000000E+000   8.04923719E+014   0.00000000E+000   7.05023041E+014   0.00000000E+000   0.00000000E+000
   0.00000000E+000
     354   2.52890665E+015   0.00000000E+000   5.43229403E+014   4.73138102E+014   0.00000000E+000   0.00000000E+000   0.00000000E+000   8.06582949E+014   0.00000000E+000   7.05956192E+014   0.00000000E+000   0.00000000E+000
   0.00000000E+000
     355   2.53157833E+015   0.00000000E+000   5.43955988E+014   4.73119444E+014   0.00000000E+000   0.00000000E+000   0.00000000E+000   8.08050216E+014   0.00000000E+000   7.06452684E+014   0.00000000E+000   0.00000000E+000
   0.00000000E+000
     356   2.53738226E+015   0.00000000E+000   5.45003096E+014   4.74443533E+014   0.00000000E+000   0.00000000E+000   0.00000000E+000   8.10045361E+014   0.00000000E+000   7.07890268E+014   0.00000000E+000   0.00000000E+000
   0.00000000E+000
     357   2.54266219E+015   0.00000000E+000   5.45734265E+014   4.75640458E+014   0.00000000E+000   0.00000000E+000   0.00000000E+000   8.11676928E+014   0.00000000E+000   7.09610537E+014   0.00000000E+000   0.00000000E+000
   0.00000000E+000
     358   2.54634730E+015   0.00000000E+000   5.46919569E+014   4.76511224E+014   0.00000000E+000   0.00000000E+000   0.00000000E+000   8.11583420E+014   0.00000000E+000   7.11333083E+014   0.00000000E+000   0.00000000E+000
   0.00000000E+000
     359   2.55088568E+015   0.00000000E+000   5.48087542E+014   4.77198140E+014   0.00000000E+000   0.00000000E+000   0.00000000E+000   8.12849915E+014   0.00000000E+000   7.12750078E+014   0.00000000E+000   0.00000000E+000
   0.00000000E+000
     360   2.55679923E+015   0.00000000E+000   5.48750719E+014   4.78873872E+014   0.00000000E+000   0.00000000E+000   0.00000000E+000   8.14259120E+014   0.00000000E+000   7.14915518E+014   0.00000000E+000   0.00000000E+000
   0.00000000E+000
     361   2.56034260E+015   0.00000000E+000   5.49420493E+014   4.79494293E+014   0.00000000E+000   0.00000000E+000   0.00000000E+000   8.14752965E+014   0.00000000E+000   7.16674851E+014   0.00000000E+000   0.00000000E+000
   0.00000000E+000
     362   2.56284177E+015   0.00000000E+000   5.50694588E+014   4.78955935E+014   0.00000000E+000   0.00000000E+000   0.00000000E+000   8.15281081E+014   0.00000000E+000   7.17910164E+014   0.00000000E+000   0.00000000E+000
   0.00000000E+000
     363   2.56672361E+015   0.00000000E+000   5.50490524E+014   4.80343500E+014   0.00000000E+000   0.00000000E+000   0.00000000E+000   8.17123920E+014   0.00000000E+000   7.18765666E+014   0.00000000E+000   0.00000000E+000
   0.00000000E+000
     364   2.57258401E+015   0.00000000E+000   5.51632828E+014   4.81499471E+014   0.00000000E+000   0.00000000E+000   0.00000000E+000   8.19201647E+014   0.00000000E+000   7.20250061E+014   0.00000000E+000   0.00000000E+000
   0.00000000E+000
     365   2.57925515E+015   0.00000000E+000   5.52914824E+014   4.83155848E+014   0.00000000E+000   0.00000000E+000   0.00000000E+000   8.20866925E+014   0.00000000E+000   7.22317549E+014   0.00000000E+000   0.00000000E+000
   0.00000000E+000
     366   2.58404361E+015   0.00000000E+000   5.54198623E+014   4.84499873E+014   0.00000000E+000   0.00000000E+000   0.00000000E+000   8.22299868E+014   0.00000000E+000   7.23045242E+014   0.00000000E+000   0.00000000E+000
   0.00000000E+000
     367   2.59037239E+015   0.00000000E+000   5.55777907E+014   4.85542778E+014   0.00000000E+000   0.00000000E+000   0.00000000E+000   8.24358024E+014   0.00000000E+000   7.24693679E+014   0.00000000E+000   0.00000000E+000
   0.00000000E+000
     368   2.59599042E+015   0.00000000E+000   5.57168124E+014   4.87275419E+014   0.00000000E+000   0.00000000E+000   0.00000000E+000   8.26231415E+014   0.00000000E+000   7.25315459E+014   0.00000000E+000   0.00000000E+000
   0.00000000E+000
     369   2.60026155E+015   0.00000000E+000   5.57666109E+014   4.88482867E+014   0.00000000E+000   0.00000000E+000   0.00000000E+000   8.27331288E+014   0.00000000E+000   7.26781282E+014   0.00000000E+000   0.00000000E+000
   0.00000000E+000
     370   2.60752398E+015   0.00000000E+000   5.59502737E+014   4.89852254E+014   0.00000000E+000   0.00000000E+000   0.00000000E+000   8.29687010E+014   0.00000000E+000   7.28481978E+014   0.00000000E+000   0.00000000E+000
   0.00000000E+000
     371   2.60965385E+015   0.00000000E+000   5.60685598E+014   4.90363630E+014   0.00000000E+000   0.00000000E+000   0.00000000E+000   8.28558275E+014   0.00000000E+000   7.30046343E+014   0.00000000E+000   0.00000000E+000
   0.00000000E+000
     372   2.61215768E+015   0.00000000E+000   5.61408745E+014   4.90201750E+014   0.00000000E+000   0.00000000E+000   0.00000000E+000   8.30077974E+014   0.00000000E+000   7.30469207E+014   0.00000000E+000   0.00000000E+000
   0.00000000E+000
     373   2.61616298E+015   0.00000000E+000   5.62658637E+014   4.91640085E+014   0.00000000E+000   0.00000000E+000   0.00000000E+000   8.30855089E+014   0.00000000E+000   7.31009166E+014   0.00000000E+000   0.00000000E+000
   0.00000000E+000
     374   2.62118653E+015   0.00000000E+000   5.63179470E+014   4.92837883E+014   0.00000000E+000   0.00000000E+000   0.00000000E+000   8.32639866E+014   0.00000000E+000   7.32529312E+014   0.00000000E+000   0.00000000E+000
   0.00000000E+000
     375   2.62645347E+015   0.00000000E+000   5.64608421E+014   4.94291979E+014   0.00000000E+000   0.00000000E+000   0.00000000E+000   8.34789069E+014   0.00000000E+000   7.32764000E+014   0.00000000E+000   0.00000000E+000
   0.00000000E+000
     376   2.63118438E+015   0.00000000E+000   5.65662160E+014   4.95649852E+014   0.00000000E+000   0.00000000E+000   0.00000000E+000   8.35859850E+014   0.00000000E+000   7.34012515E+014   0.00000000E+000   0.00000000E+000
   0.00000000E+000
     377   2.63688251E+015   0.00000000E+000   5.67202148E+014   4.96004098E+014   0.00000000E+000   0.00000000E+000   0.00000000E+000   8.37778577E+014   0.00000000E+000   7.35897687E+014   0.00000000E+000   0.00000000E+000
   0.00000000E+000
     378   2.64294169E+015   0.00000000E+000   5.68417809E+014   4.97562117E+014   0.00000000E+000   0.00000000E+000   0.00000000E+000   8.39643673E+014   0.00000000E+000   7.37318094E+014   0.00000000E+000   0.00000000E+000
   0.00000000E+000
     379   2.64837337E+015   0.00000000E+000   5.69922409E+014   4.97727128E+014   0.00000000E+000   0.00000000E+000   0.00000000E+000   8.41575206E+014   0.00000000E+000   7.39148629E+014   0.00000000E+000   0.00000000E+000
   0.00000000E+000
     380   2.65254983E+015   0.00000000E+000   5.69884551E+014   4.98599893E+014   0.00000000E+000   0.00000000E+000   0.00000000E+000   8.43389921E+014   0.00000000E+000   7.40675465E+014   0.00000000E+000   0.00000000E+000
   0.00000000E+000
     381   2.65770494E+015   0.00000000E+000   5.71278079E+014   4.99310158E+014   0.00000000E+000   0.00000000E+000   0.00000000E+000   8.44648669E+014   0.00000000E+000   7.42468029E+014   0.00000000E+000   0.00000000E+000
   0.00000000E+000
     382   2.66368760E+015   0.00000000E+000   5.72676137E+014   5.00599526E+014   0.00000000E+000   0.00000000E+000   0.00000000E+000   8.46230950E+014   0.00000000E+000   7.44180988E+014   0.00000000E+000   0.00000000E+000
   0.00000000E+000
     383   2.66898004E+015   0.00000000E+000   5.73827446E+014   5.01931184E+014   0.00000000E+000   0.00000000E+000   0.00000000E+000   8.47289211E+014   0.00000000E+000   7.45932200E+014   0.00000000E+000   0.00000000E+000
   0.00000000E+000
     384   2.67310969E+015   0.00000000E+000   5.74514389E+014   5.01548257E+014   0.00000000E+000   0.00000000E+000   0.00000000E+000   8.49587607E+014   0.00000000E+000   7.47459442E+014   0.00000000E+000   0.00000000E+000
   0.00000000E+000
     385   2.67804159E+015   4.73197831E+011   5.74554317E+014   5.02523904E+014   0.00000000E+000   0.00000000E+000   0.00000000E+000   8.51104174E+014   0.00000000E+000   7.49385993E+014   0.00000000E+000   0.00000000E+000
   0.00000000E+000
     386   2.68367089E+015   4.81474671E+011   5.75868158E+014   5.03697409E+014   0.00000000E+000   0.00000000E+000   0.00000000E+000   8.52996420E+014   0.00000000E+000   7.50627423E+014   0.00000000E+000   0.00000000E+000
   0.00000000E+000
     387   2.68822450E+015   1.13320286E+012   5.76337458E+014   5.04338798E+014   0.00000000E+000   0.00000000E+000   0.00000000E+000   8.54145296E+014   0.00000000E+000   7.52269742E+014   0.00000000E+000   0.00000000E+000
   0.00000000E+000
     388   2.69462175E+015   1.14466868E+012   5.78023424E+014   5.05866573E+014   0.00000000E+000   0.00000000E+000   0.00000000E+000   8.55990480E+014   0.00000000E+000   7.53596607E+014   0.00000000E+000   0.00000000E+000
   0.00000000E+000
     389   2.69947869E+015   1.15709750E+012   5.79254326E+014   5.06967131E+014   0.00000000E+000   0.00000000E+000   0.00000000E+000   8.57440891E+014   0.00000000E+000   7.54659242E+014   0.00000000E+000   0.00000000E+000
   0.00000000E+000
     390   2.70453602E+015   1.16895262E+012   5.80305502E+014   5.08267928E+014   0.00000000E+000   0.00000000E+000   0.00000000E+000   8.58210828E+014   0.00000000E+000   7.56582812E+014   0.00000000E+000   0.00000000E+000
   0.00000000E+000
     391   2.70838017E+015   1.66973472E+012   5.80108586E+014   5.09164395E+014   0.00000000E+000   0.00000000E+000   0.00000000E+000   8.58976350E+014   0.00000000E+000   7.58461100E+014   0.00000000E+000   0.00000000E+000
   0.00000000E+000
     392   2.71407313E+015   1.68416939E+012   5.80626591E+014   5.10672058E+014   0.00000000E+000   0.00000000E+000   0.00000000E+000   8.61010542E+014   0.00000000E+000   7.60079774E+014   0.00000000E+000   0.00000000E+000
   0.00000000E+000
     393   2.71796480E+015   1.69812669E+012   5.81883139E+014   5.11346414E+014   0.00000000E+000   0.00000000E+000   0.00000000E+000   8.61271531E+014   0.00000000E+000   7.61765593E+014   0.00000000E+000   0.00000000E+000
   0.00000000E+000
     394   2.72380776E+015   1.71155406E+012   5.83139488E+014   5.12874710E+014   0.00000000E+000   0.00000000E+000   0.00000000E+000   8.62263352E+014   0.00000000E+000   7.63818660E+014   0.00000000E+000   0.00000000E+000
   0.00000000E+000
     395   2.72844050E+015   1.72434994E+012   5.84525194E+014   5.12654651E+014   0.00000000E+000   0.00000000E+000   0.00000000E+000   8.64018085E+014   0.00000000E+000   7.65518223E+014   0.00000000E+000   0.00000000E+000
   0.00000000E+000
     396   2.73340260E+015   1.73651059E+012   5.85940692E+014   5.14052039E+014   0.00000000E+000   0.00000000E+000   0.00000000E+000   8.64799873E+014   0.00000000E+000   7.66873485E+014   0.00000000E+000   0.00000000E+000
   0.00000000E+000
     397   2.73861220E+015   2.27734522E+012   5.86515260E+014   5.14500917E+014   0.00000000E+000   0.00000000E+000   0.00000000E+000   8.66593738E+014   0.00000000E+000   7.68724940E+014   0.00000000E+000   0.00000000E+000
   0.00000000E+000
     398   2.74449105E+015   2.29083853E+012   5.87666231E+014   5.15701258E+014   0.00000000E+000   0.00000000E+000   0.00000000E+000   8.68298278E+014   0.00000000E+000   7.70534450E+014   0.00000000E+000   0.00000000E+000
   0.00000000E+000
     399   2.74823609E+015   2.69198312E+012   5.88639373E+014   5.15415657E+014   0.00000000E+000   0.00000000E+000   0.00000000E+000   8.69157213E+014   0.00000000E+000   7.72331862E+014   0.00000000E+000   0.00000000E+000
   0.00000000E+000
     400   2.75261012E+015   2.70722354E+012   5.89927878E+014   5.15751319E+014   0.00000000E+000   0.00000000E+000   0.00000000E+000   8.70263217E+014   0.00000000E+000   7.73960484E+014   0.00000000E+000   0.00000000E+000
   0.00000000E+000
     401   2.75727329E+015   2.72214874E+012   5.90866686E+014   5.16963817E+014   0.00000000E+000   0.00000000E+000   0.00000000E+000   8.71108652E+014   0.00000000E+000   7.75611984E+014   0.00000000E+000   0.00000000E+000
   0.00000000E+000
     402   2.76159465E+015   2.73655185E+012   5.91909109E+014   5.17394931E+014   0.00000000E+000   0.00000000E+000   0.00000000E+000   8.72011948E+014   0.00000000E+000   7.77542110E+014   0.00000000E+000   0.00000000E+000
   0.00000000E+000
     403   2.76458552E+015   3.24104826E+012   5.91453763E+014   5.17616102E+014   0.00000000E+000   0.00000000E+000   0.00000000E+000   8.72950477E+014   0.00000000E+000   7.79324133E+014   0.00000000E+000   0.00000000E+000
   0.00000000E+000
     404   2.77021593E+015   3.25702350E+012   5.92758304E+014   5.18912380E+014   0.00000000E+000   0.00000000E+000   0.00000000E+000   8.74670750E+014   0.00000000E+000   7.80617475E+014   0.00000000E+000   0.00000000E+000
   0.00000000E+000
     405   2.77427233E+015   3.27268626E+012   5.94412690E+014   5.18452985E+014   0.00000000E+000   0.00000000E+000   0.00000000E+000   8.76289152E+014   0.00000000E+000   7.81844821E+014   0.00000000E+000   0.00000000E+000
   0.00000000E+000
     406   2.77875003E+015   3.28795142E+012   5.95811381E+014   5.18993512E+014   0.00000000E+000   0.00000000E+000   0.00000000E+000   8.76981262E+014   0.00000000E+000   7.83675923E+014   0.00000000E+000   0.00000000E+000
   0.00000000E+000
     407   2.78399959E+015   3.86485126E+012   5.96374690E+014   5.19824737E+014   0.00000000E+000   0.00000000E+000   0.00000000E+000   8.78893023E+014   0.00000000E+000   7.85042285E+014   0.00000000E+000   0.00000000E+000
   0.00000000E+000
     408   2.78795224E+015   3.87805524E+012   5.97117922E+014   5.20923540E+014   0.00000000E+000   0.00000000E+000   0.00000000E+000   8.79259288E+014   0.00000000E+000   7.86773439E+014   0.00000000E+000   0.00000000E+000
   0.00000000E+000
     409   2.79216817E+015   3.90551083E+012   5.98327897E+014   5.21473672E+014   0.00000000E+000   0.00000000E+000   0.00000000E+000   8.80195102E+014   0.00000000E+000   7.88265993E+014   0.00000000E+000   0.00000000E+000
   0.00000000E+000
     410   2.79666469E+015   3.92154373E+012   5.99778522E+014   5.22697227E+014   0.00000000E+000   0.00000000E+000   0.00000000E+000   8.80795088E+014   0.00000000E+000   7.89472306E+014   0.00000000E+000   0.00000000E+000
   0.00000000E+000
     411   2.80110413E+015   3.93689383E+012   5.99918862E+014   5.23770611E+014   0.00000000E+000   0.00000000E+000   0.00000000E+000   8.82215471E+014   0.00000000E+000   7.91262295E+014   0.00000000E+000   0.00000000E+000
   0.00000000E+000
     412   2.80489080E+015   3.95153157E+012   6.01315055E+014   5.25031871E+014   0.00000000E+000   0.00000000E+000   0.00000000E+000   8.84038016E+014   0.00000000E+000   7.90554329E+014   0.00000000E+000   0.00000000E+000
   0.00000000E+000
     413   2.80817280E+015   3.96515992E+012   6.00839462E+014   5.25845761E+014   0.00000000E+000   0.00000000E+000   0.00000000E+000   8.85183358E+014   5.02939580E+011   7.91836120E+014   0.00000000E+000   0.00000000E+000
   0.00000000E+000
     414   2.81228816E+015   3.97783334E+012   6.01978065E+014   5.26529216E+014   0.00000000E+000   0.00000000E+000   0.00000000E+000   8.85866736E+014   5.14846512E+011   7.93421468E+014   0.00000000E+000   0.00000000E+000
   0.00000000E+000
     415   2.81705245E+015   3.98955334E+012   6.03241579E+014   5.27461211E+014   0.00000000E+000   0.00000000E+000   0.00000000E+000   8.87562835E+014   5.26276347E+011   7.94270994E+014   0.00000000E+000   0.00000000E+000
   0.00000000E+000
     416   2.82018665E+015   4.44754859E+012   6.04077063E+014   5.27377572E+014   0.00000000E+000   0.00000000E+000   0.00000000E+000   8.88000497E+014   5.37197819E+011   7.95746768E+014   0.00000000E+000   0.00000000E+000
   0.00000000E+000
     417   2.82564829E+015   4.85360833E+012   6.04863454E+014   5.28306761E+014   0.00000000E+000   0.00000000E+000   0.00000000E+000   8.89628275E+014   5.47549530E+011   7.97448643E+014   0.00000000E+000   0.00000000E+000
   0.00000000E+000
     418   2.82858241E+015   5.00276586E+012   6.05765643E+014   5.29451524E+014   0.00000000E+000   0.00000000E+000   0.00000000E+000   8.88729526E+014   1.10540019E+012   7.98527550E+014   0.00000000E+000   0.00000000E+000
   0.00000000E+000
     419   2.83066896E+015   5.01908969E+012   6.07166028E+014   5.30264346E+014   0.00000000E+000   0.00000000E+000   0.00000000E+000   8.87041021E+014   1.11730458E+012   8.00061169E+014   0.00000000E+000   0.00000000E+000
   0.00000000E+000
     420   2.83608864E+015   5.03429402E+012   6.08461694E+014   5.31326784E+014   0.00000000E+000   0.00000000E+000   0.00000000E+000   8.88353651E+014   1.12533613E+012   8.01786884E+014   0.00000000E+000   0.00000000E+000
   0.00000000E+000
     421   2.84084765E+015   5.04823671E+012   6.09809493E+014   5.32434124E+014   0.00000000E+000   0.00000000E+000   0.00000000E+000   8.88768179E+014   1.13254333E+012   8.03655079E+014   0.00000000E+000   0.00000000E+000
   0.00000000E+000
     422   2.84514322E+015   5.06053383E+012   6.10857383E+014   5.33391066E+014   0.00000000E+000   0.00000000E+000   0.00000000E+000   8.90266505E+014   1.13885580E+012   8.04428879E+014   0.00000000E+000   0.00000000E+000
   0.00000000E+000
     423   2.84956518E+015   5.07294356E+012   6.12000425E+014   5.33749695E+014   0.00000000E+000   0.00000000E+000   0.00000000E+000   8.91720709E+014   1.14405948E+012   8.05877350E+014   0.00000000E+000   0.00000000E+000
   0.00000000E+000
     424   2.85509841E+015   5.08405879E+012   6.13210097E+014   5.34956471E+014   0.00000000E+000   0.00000000E+000   0.00000000E+000   8.92980563E+014   1.50414855E+012   8.07363072E+014   0.00000000E+000   0.00000000E+000
   0.00000000E+000
     425   2.86017109E+015   5.09527903E+012   6.14554625E+014   5.35295862E+014   0.00000000E+000   0.00000000E+000   0.00000000E+000   8.94819215E+014   1.51009887E+012   8.08896011E+014   0.00000000E+000   0.00000000E+000
   0.00000000E+000
     426   2.86569221E+015   5.10544913E+012   6.15463135E+014   5.36400278E+014   0.00000000E+000   0.00000000E+000   0.00000000E+000   8.96584769E+014   1.51617624E+012   8.10622401E+014   0.00000000E+000   0.00000000E+000
   0.00000000E+000
     427   2.86611385E+015   5.11508070E+012   6.16138213E+014   5.36356896E+014   0.00000000E+000   0.00000000E+000   0.00000000E+000   8.96866438E+014   1.52162982E+012   8.10115593E+014   0.00000000E+000   0.00000000E+000
   0.00000000E+000
     428   2.86970439E+015   5.42677757E+012   6.17083443E+014   5.36696742E+014   0.00000000E+000   0.00000000E+000   0.00000000E+000   8.97352825E+014   1.91605625E+012   8.11228550E+014   0.00000000E+000   0.00000000E+000
   0.00000000E+000
     429   2.87378069E+015   5.44187656E+012   6.17699783E+014   5.37791788E+014   0.00000000E+000   0.00000000E+000   0.00000000E+000   8.98340368E+014   2.39516338E+012   8.12111714E+014   0.00000000E+000   0.00000000E+000
   0.00000000E+000
     430   2.87628195E+015   5.45681459E+012   6.18139706E+014   5.38847743E+014   0.00000000E+000   0.00000000E+000   0.00000000E+000   8.97795636E+014   2.41093244E+012   8.13631113E+014   0.00000000E+000   0.00000000E+000
   0.00000000E+000
     431   2.88047742E+015   5.47149762E+012   6.18881404E+014   5.39870352E+014   0.00000000E+000   0.00000000E+000   0.00000000E+000   8.99150605E+014   2.42695512E+012   8.14676609E+014   0.00000000E+000   0.00000000E+000
   0.00000000E+000
     432   2.88547558E+015   5.48586050E+012   6.20224734E+014   5.40864767E+014   0.00000000E+000   0.00000000E+000   0.00000000E+000   9.00699270E+014   2.44251412E+012   8.15758438E+014   0.00000000E+000   0.00000000E+000
   0.00000000E+000
     433   2.88940183E+015   5.50023078E+012   6.20568028E+014   5.41880609E+014   0.00000000E+000   0.00000000E+000   0.00000000E+000   9.02373730E+014   2.45750461E+012   8.16621732E+014   0.00000000E+000   0.00000000E+000
   0.00000000E+000
     434   2.89318072E+015   5.51400524E+012   6.21424587E+014   5.42326213E+014   0.00000000E+000   0.00000000E+000   0.00000000E+000   9.03472364E+014   2.47221928E+012   8.17971330E+014   0.00000000E+000   0.00000000E+000
   0.00000000E+000
     435   2.89901382E+015   5.52735891E+012   6.22438865E+014   5.43728877E+014   0.00000000E+000   0.00000000E+000   0.00000000E+000   9.05178696E+014   2.48650848E+012   8.19653519E+014   0.00000000E+000   0.00000000E+000
   0.00000000E+000
     436   2.90288252E+015   6.17150387E+012   6.22176511E+014   5.44363937E+014   0.00000000E+000   0.00000000E+000   0.00000000E+000   9.06531433E+014   2.89135845E+012   8.20747778E+014   0.00000000E+000   0.00000000E+000
   0.00000000E+000
     437   2.90791721E+015   6.18911802E+012   6.23728122E+014   5.44977723E+014   0.00000000E+000   0.00000000E+000   0.00000000E+000   9.07848824E+014   3.04164712E+012   8.22131780E+014   0.00000000E+000   0.00000000E+000
   0.00000000E+000
     438   2.91148275E+015   6.20611568E+012   6.25114462E+014   5.45873540E+014   0.00000000E+000   0.00000000E+000   0.00000000E+000   9.08048312E+014   3.46004530E+012   8.22780274E+014   0.00000000E+000   0.00000000E+000
   0.00000000E+000
     439   2.91711147E+015   6.22253500E+012   6.26147143E+014   5.46903676E+014   0.00000000E+000   0.00000000E+000   0.00000000E+000   9.09550943E+014   4.13741044E+012   8.24149759E+014   0.00000000E+000   0.00000000E+000
   0.00000000E+000
     440   2.92092703E+015   6.23850909E+012   6.26691642E+014   5.48024201E+014   0.00000000E+000   0.00000000E+000   0.00000000E+000   9.10559459E+014   4.67659895E+012   8.24736620E+014   0.00000000E+000   0.00000000E+000
   0.00000000E+000
     441   2.92429054E+015   6.25435876E+012   6.27007409E+014   5.49016409E+014   0.00000000E+000   0.00000000E+000   0.00000000E+000   9.11927815E+014   4.68932343E+012   8.25395219E+014   0.00000000E+000   0.00000000E+000
   0.00000000E+000
     442   2.92644817E+015   6.75299795E+012   6.27493499E+014   5.48949325E+014   0.00000000E+000   0.00000000E+000   0.00000000E+000   9.12377257E+014   4.69481299E+012   8.26180281E+014   0.00000000E+000   0.00000000E+000
   0.00000000E+000
     443   2.93122167E+015   6.77293840E+012   6.28525147E+014   5.50041362E+014   0.00000000E+000   0.00000000E+000   0.00000000E+000   9.13087825E+014   5.27093060E+012   8.27523464E+014   0.00000000E+000   0.00000000E+000
   0.00000000E+000
     444   2.93558313E+015   6.79219925E+012   6.29612866E+014   5.50955231E+014   0.00000000E+000   0.00000000E+000   0.00000000E+000   9.14252472E+014   5.27968297E+012   8.28690685E+014   0.00000000E+000   0.00000000E+000
   0.00000000E+000
     445   2.94005447E+015   6.81130950E+012   6.30653123E+014   5.51836814E+014   0.00000000E+000   0.00000000E+000   0.00000000E+000   9.15508120E+014   5.68815969E+012   8.29556940E+014   0.00000000E+000   0.00000000E+000
   0.00000000E+000
     446   2.94452267E+015   6.83031146E+012   6.31698761E+014   5.52849514E+014   0.00000000E+000   0.00000000E+000   0.00000000E+000   9.16260156E+014   5.70012941E+012   8.31183795E+014   0.00000000E+000   0.00000000E+000
   0.00000000E+000
     447   2.94865547E+015   6.84950752E+012   6.31959727E+014   5.53833182E+014   0.00000000E+000   0.00000000E+000   0.00000000E+000   9.17836003E+014   5.71153370E+012   8.32465516E+014   0.00000000E+000   0.00000000E+000
   0.00000000E+000
     448   2.95369311E+015   6.86857704E+012   6.33404780E+014   5.54322818E+014   0.00000000E+000   0.00000000E+000   0.00000000E+000   9.19577013E+014   5.72253733E+012   8.33797389E+014   0.00000000E+000   0.00000000E+000
   0.00000000E+000
     449   2.95881291E+015   7.03380294E+012   6.34473591E+014   5.55042460E+014   0.00000000E+000   0.00000000E+000   0.00000000E+000   9.21718437E+014   5.73361582E+012   8.34811002E+014   0.00000000E+000   0.00000000E+000
   0.00000000E+000
     450   2.96360185E+015   7.05488952E+012   6.35527740E+014   5.56030019E+014   0.00000000E+000   0.00000000E+000   0.00000000E+000   9.22968952E+014   5.74407228E+012   8.36276182E+014   0.00000000E+000   0.00000000E+000
   0.00000000E+000
     451   2.96749194E+015   7.82968900E+012   6.35924884E+014   5.56001396E+014   0.00000000E+000   0.00000000E+000   0.00000000E+000   9.24372453E+014   5.75418306E+012   8.37609338E+014   0.00000000E+000   0.00000000E+000
   0.00000000E+000
     452   2.97278242E+015   7.84927819E+012   6.37175537E+014   5.56939312E+014   0.00000000E+000   0.00000000E+000   0.00000000E+000   9.26059140E+014   5.76320259E+012   8.38995951E+014   0.00000000E+000   0.00000000E+000
   0.00000000E+000
     453   2.97747784E+015   7.86859880E+012   6.38257909E+014   5.57455884E+014   0.00000000E+000   0.00000000E+000   0.00000000E+000   9.27539213E+014   5.77176048E+012   8.40584477E+014   0.00000000E+000   0.00000000E+000
   0.00000000E+000
     454   2.98218870E+015   7.88740756E+012   6.39471013E+014   5.58352722E+014   0.00000000E+000   0.00000000E+000   0.00000000E+000   9.28629604E+014   6.32682122E+012   8.41521129E+014   0.00000000E+000   0.00000000E+000
   0.00000000E+000
     455   2.98563167E+015   7.90499033E+012   6.40355121E+014   5.59126731E+014   0.00000000E+000   0.00000000E+000   0.00000000E+000   9.29951317E+014   6.34007779E+012   8.41953431E+014   0.00000000E+000   0.00000000E+000
   0.00000000E+000
     456   2.98904821E+015   7.92265069E+012   6.41851194E+014   5.59139044E+014   0.00000000E+000   0.00000000E+000   0.00000000E+000   9.30280593E+014   6.75687596E+012   8.43097856E+014   0.00000000E+000   0.00000000E+000
   0.00000000E+000
     457   2.99301228E+015   7.94032561E+012   6.42981838E+014   5.59213109E+014   0.00000000E+000   0.00000000E+000   0.00000000E+000   9.31642482E+014   6.91543211E+012   8.44319088E+014   0.00000000E+000   0.00000000E+000
   0.00000000E+000
     458   2.99880025E+015   7.95745657E+012   6.44467247E+014   5.60371730E+014   0.00000000E+000   0.00000000E+000   0.00000000E+000   9.33172767E+014   6.93333390E+012   8.45897714E+014   0.00000000E+000   0.00000000E+000
   0.00000000E+000
     459   3.00286211E+015   7.97423230E+012   6.45933100E+014   5.60897921E+014   0.00000000E+000   0.00000000E+000   0.00000000E+000   9.33913845E+014   6.95073053E+012   8.47192284E+014   0.00000000E+000   0.00000000E+000
   0.00000000E+000
     460   3.00473110E+015   7.99122156E+012   6.46563863E+014   5.60970427E+014   0.00000000E+000   0.00000000E+000   0.00000000E+000   9.33966658E+014   6.96917698E+012   8.48269748E+014   0.00000000E+000   0.00000000E+000
   0.00000000E+000
     461   3.00916167E+015   8.00816837E+012   6.47603594E+014   5.62014560E+014   0.00000000E+000   0.00000000E+000   0.00000000E+000   9.34969092E+014   6.98751216E+012   8.49578744E+014   0.00000000E+000   0.00000000E+000
   0.00000000E+000
     462   3.01442585E+015   8.02511881E+012   6.48711874E+014   5.62915635E+014   0.00000000E+000   0.00000000E+000   0.00000000E+000   9.36573737E+014   7.00564915E+012   8.51193836E+014   0.00000000E+000   0.00000000E+000
   0.00000000E+000
     463   3.02006534E+015   8.04193989E+012   6.49960308E+014   5.64548074E+014   0.00000000E+000   0.00000000E+000   0.00000000E+000   9.38602363E+014   7.02353456E+012   8.51889116E+014   0.00000000E+000   0.00000000E+000
   0.00000000E+000
     464   3.02433272E+015   8.05864909E+012   6.50016260E+014   5.65794110E+014   0.00000000E+000   0.00000000E+000   0.00000000E+000   9.39864134E+014   7.04093696E+012   8.53558633E+014   0.00000000E+000   0.00000000E+000
   0.00000000E+000
     465   3.02681585E+015   8.07529543E+012   6.51269144E+014   5.66289319E+014   0.00000000E+000   0.00000000E+000   0.00000000E+000   9.39544823E+014   7.05799572E+012   8.54579272E+014   0.00000000E+000   0.00000000E+000
   0.00000000E+000
     466   3.03171669E+015   8.09157921E+012   6.52298132E+014   5.67252725E+014   0.00000000E+000   0.00000000E+000   0.00000000E+000   9.41133569E+014   7.21890167E+012   8.55721784E+014   0.00000000E+000   0.00000000E+000
   0.00000000E+000
     467   3.03476114E+015   8.10792061E+012   6.53340217E+014   5.67560936E+014   0.00000000E+000   0.00000000E+000   0.00000000E+000   9.42445125E+014   7.23707612E+012   8.56069862E+014   0.00000000E+000   0.00000000E+000
   0.00000000E+000
     468   3.03569672E+015   8.12363876E+012   6.53819638E+014   5.67110157E+014   0.00000000E+000   0.00000000E+000   0.00000000E+000   9.42505725E+014   7.25445268E+012   8.56883107E+014   0.00000000E+000   0.00000000E+000
   0.00000000E+000
     469   3.04135149E+015   8.13903211E+012   6.55373007E+014   5.68170086E+014   0.00000000E+000   0.00000000E+000   0.00000000E+000   9.43976332E+014   7.27168015E+012   8.58421348E+014   0.00000000E+000   0.00000000E+000
   0.00000000E+000
     470   3.04632747E+015   8.15393191E+012   6.56700270E+014   5.69274004E+014   0.00000000E+000   0.00000000E+000   0.00000000E+000   9.44857972E+014   7.28846547E+012   8.60052825E+014   0.00000000E+000   0.00000000E+000
   0.00000000E+000
     471   3.05021758E+015   8.16847053E+012   6.56817827E+014   5.70718337E+014   0.00000000E+000   0.00000000E+000   0.00000000E+000   9.45943028E+014   7.71997795E+012   8.60849935E+014   0.00000000E+000   0.00000000E+000
   0.00000000E+000
     472   3.05594730E+015   8.18314678E+012   6.58123573E+014   5.72039506E+014   0.00000000E+000   0.00000000E+000   0.00000000E+000   9.47291261E+014   8.00414098E+012   8.62305675E+014   0.00000000E+000   0.00000000E+000
   0.00000000E+000
     473   3.06067318E+015   8.19746810E+012   6.58988905E+014   5.72769908E+014   0.00000000E+000   0.00000000E+000   0.00000000E+000   9.48901270E+014   8.02130061E+012   8.63794333E+014   0.00000000E+000   0.00000000E+000
   0.00000000E+000
     474   3.06668736E+015   8.21166654E+012   6.60286003E+014   5.73965997E+014   0.00000000E+000   0.00000000E+000   0.00000000E+000   9.50510025E+014   8.03783190E+012   8.65675841E+014   0.00000000E+000   0.00000000E+000
   0.00000000E+000
     475   3.07115373E+015   8.70320564E+012   6.60670677E+014   5.74404369E+014   0.00000000E+000   0.00000000E+000   0.00000000E+000   9.52299361E+014   8.05425225E+012   8.67021865E+014   0.00000000E+000   0.00000000E+000
   0.00000000E+000
     476   3.07771634E+015   8.72409572E+012   6.62058996E+014   5.75907069E+014   0.00000000E+000   0.00000000E+000   0.00000000E+000   9.54088912E+014   8.07066969E+012   8.68866598E+014   0.00000000E+000   0.00000000E+000
   0.00000000E+000
     477   3.08353775E+015   8.74523094E+012   6.63725466E+014   5.77252273E+014   0.00000000E+000   0.00000000E+000   0.00000000E+000   9.55742250E+014   8.04461525E+012   8.70027919E+014   0.00000000E+000   0.00000000E+000
   0.00000000E+000
     478   3.09005836E+015   8.76655982E+012   6.65281636E+014   5.78652557E+014   0.00000000E+000   0.00000000E+000   0.00000000E+000   9.57325160E+014   8.08167640E+012   8.71950770E+014   0.00000000E+000   0.00000000E+000
   0.00000000E+000
     479   3.09315327E+015   8.78798420E+012   6.66083130E+014   5.78603777E+014   0.00000000E+000   0.00000000E+000   0.00000000E+000   9.58392697E+014   8.09924446E+012   8.73186441E+014   0.00000000E+000   0.00000000E+000
   0.00000000E+000
     480   3.09843487E+015   8.80966286E+012   6.67296175E+014   5.80012725E+014   0.00000000E+000   0.00000000E+000   0.00000000E+000   9.59965738E+014   8.24451378E+012   8.74106059E+014   0.00000000E+000   0.00000000E+000
   0.00000000E+000
     481   3.10073757E+015   8.83095443E+012   6.67230527E+014   5.80281727E+014   0.00000000E+000   0.00000000E+000   0.00000000E+000   9.60496182E+014   8.26303582E+012   8.75635145E+014   0.00000000E+000   0.00000000E+000
   0.00000000E+000
     482   3.10381547E+015   8.85227235E+012   6.68268685E+014   5.80376049E+014   0.00000000E+000   0.00000000E+000   0.00000000E+000   9.61283201E+014   8.28080324E+012   8.76754464E+014   0.00000000E+000   0.00000000E+000
   0.00000000E+000
     483   3.10947130E+015   8.87367264E+012   6.69714571E+014   5.81459506E+014   0.00000000E+000   0.00000000E+000   0.00000000E+000   9.62832892E+014   8.29786351E+012   8.78292799E+014   0.00000000E+000   0.00000000E+000
   0.00000000E+000
     484   3.11217145E+015   8.89528086E+012   6.70943777E+014   5.82030702E+014   0.00000000E+000   0.00000000E+000   0.00000000E+000   9.62148763E+014   8.31473906E+012   8.79838183E+014   0.00000000E+000   0.00000000E+000
   0.00000000E+000
     485   3.11704354E+015   8.91720043E+012   6.72472748E+014   5.82719680E+014   0.00000000E+000   0.00000000E+000   0.00000000E+000   9.63526246E+014   8.70046000E+012   8.80707203E+014   0.00000000E+000   0.00000000E+000
   0.00000000E+000
     486   3.12069547E+015   8.93926175E+012   6.73593612E+014   5.82887066E+014   0.00000000E+000   0.00000000E+000   0.00000000E+000   9.64764559E+014   8.72004355E+012   8.81790923E+014   0.00000000E+000   0.00000000E+000
   0.00000000E+000
     487   3.12544326E+015   8.96083396E+012   6.75255269E+014   5.83015184E+014   0.00000000E+000   0.00000000E+000   0.00000000E+000   9.66070833E+014   8.73947607E+012   8.83401661E+014   0.00000000E+000   0.00000000E+000
   0.00000000E+000
     488   3.12993715E+015   8.98240151E+012   6.75786802E+014   5.83777273E+014   0.00000000E+000   0.00000000E+000   0.00000000E+000   9.67709529E+014   8.75843466E+012   8.84922706E+014   0.00000000E+000   0.00000000E+000
   0.00000000E+000
     489   3.13496009E+015   9.00439166E+012   6.76436897E+014   5.85213852E+014   0.00000000E+000   0.00000000E+000   0.00000000E+000   9.69062313E+014   8.77737471E+012   8.86465261E+014   0.00000000E+000   0.00000000E+000
   0.00000000E+000
     490   3.14023431E+015   9.02630290E+012   6.77725113E+014   5.85992003E+014   0.00000000E+000   0.00000000E+000   0.00000000E+000   9.70513570E+014   8.79698719E+012   8.88180336E+014   0.00000000E+000   0.00000000E+000
   0.00000000E+000
     491   3.14471334E+015   9.04846553E+012   6.78840928E+014   5.85964937E+014   0.00000000E+000   0.00000000E+000   0.00000000E+000   9.72274083E+014   8.81630300E+012   8.89768621E+014   0.00000000E+000   0.00000000E+000
   0.00000000E+000
     492   3.15044740E+015   9.07048155E+012   6.80022218E+014   5.87418977E+014   0.00000000E+000   0.00000000E+000   0.00000000E+000   9.73950353E+014   8.83497103E+012   8.91150403E+014   0.00000000E+000   0.00000000E+000
   0.00000000E+000
     493   3.15444492E+015   9.09239269E+012   6.81231664E+014   5.87224310E+014   0.00000000E+000   0.00000000E+000   0.00000000E+000   9.75305631E+014   8.85373241E+012   8.92737189E+014   0.00000000E+000   0.00000000E+000
   0.00000000E+000
     494   3.15945408E+015   9.11430870E+012   6.82072317E+014   5.88619567E+014   0.00000000E+000   0.00000000E+000   0.00000000E+000   9.76491337E+014   8.87230921E+012   8.94284244E+014   0.00000000E+000   0.00000000E+000
   0.00000000E+000
     495   3.16390767E+015   9.21595566E+012   6.82903817E+014   5.89702860E+014   0.00000000E+000   0.00000000E+000   0.00000000E+000   9.77439705E+014   8.89013386E+012   8.95755199E+014   0.00000000E+000   0.00000000E+000
   0.00000000E+000
     496   3.16759362E+015   9.24000848E+012   6.83994402E+014   5.89195326E+014   0.00000000E+000   0.00000000E+000   0.00000000E+000   9.78827997E+014   9.06164920E+012   8.97274242E+014   0.00000000E+000   0.00000000E+000
   0.00000000E+000
     497   3.17152179E+015   9.26467044E+012   6.85375437E+014   5.89459348E+014   0.00000000E+000   0.00000000E+000   0.00000000E+000   9.80277014E+014   9.07953562E+012   8.98065780E+014   0.00000000E+000   0.00000000E+000
   0.00000000E+000
     498   3.17500172E+015   9.28977018E+012   6.86502624E+014   5.90608057E+014   0.00000000E+000   0.00000000E+000   0.00000000E+000   9.81618007E+014   9.09743188E+012   8.97885835E+014   0.00000000E+000   0.00000000E+000
   0.00000000E+000
     499   3.17821331E+015   9.09128195E+012   6.87786707E+014   5.91092226E+014   0.00000000E+000   0.00000000E+000   0.00000000E+000   9.82203726E+014   9.11539768E+012   8.98923968E+014   0.00000000E+000   0.00000000E+000
   0.00000000E+000
     500   3.17992385E+015   9.10883599E+012   6.86931312E+014   5.91944976E+014   0.00000000E+000   0.00000000E+000   0.00000000E+000   9.82534139E+014   9.51903125E+012   8.99885552E+014   0.00000000E+000   0.00000000E+000
   0.00000000E+000
