   iLoop   Phase               EVM               SVM              EpVM             EelVM              ----               E11               E22               E33               E12               E13               E23              Ep11              Ep22              Ep33              Ep12              Ep13              Ep23
       1       1     1.19996258E+001   1.00002270E+000   4.31804068E-004   1.19999997E+001   0.00000000E+000  -6.49340457E-021   4.94006967E-020  -1.19999997E+001   1.54855563E-021   4.81867632E-021   2.52980507E-020   1.22185040E-004   1.27072004E-004  -2.49257044E-004   1.24628463E-004   3.84028508E-006   1.34416426E-006
       2       1     1.19992464E+001   1.00002270E+000   8.70054891E-004   1.19999997E+001   0.00000000E+000   6.50171314E-021  -3.03353968E-020  -1.19999997E+001  -9.06599142E-021  -4.69820941E-020   3.61400724E-021   2.46193601E-004   2.56041856E-004  -5.02235457E-004   2.51117609E-004   7.73589432E-006   2.71157267E-006
       3       1     1.19988614E+001   1.00002270E+000   1.31473694E-003   1.19999997E+001   0.00000000E+000  -1.48709428E-020   3.43217456E-020  -1.19999997E+001   2.42639646E-024  -3.01167270E-020  -3.73447415E-020   3.72022192E-004   3.86904075E-004  -7.58926267E-004   3.79462953E-004   1.16888958E-005   4.09886192E-006
       4       1     1.19984736E+001   1.00002270E+000   1.76263594E-003   1.19999997E+001   0.00000000E+000  -1.30668802E-020   2.51848189E-020  -1.19999997E+001  -3.78464541E-021   9.63735264E-021  -3.13213961E-020   4.98761181E-004   5.18712866E-004  -1.01747405E-003   5.08736781E-004   1.56706118E-005   5.49610108E-006
       5       1     1.19980830E+001   1.00002270E+000   2.21375198E-003   1.19999997E+001   0.00000000E+000   5.31630818E-021  -1.89910375E-020  -1.19999997E+001  -7.51348370E-021   1.56606980E-020  -4.33680869E-020   6.26410583E-004   6.51468272E-004  -1.27787885E-003   6.38939123E-004   1.96810468E-005   6.90329007E-006
       6       1     1.19976896E+001   1.00002270E+000   2.66808771E-003   1.19999997E+001   0.00000000E+000  -1.21665401E-021  -2.42736702E-020  -1.19999997E+001  -8.24018944E-021   5.30054395E-020  -5.66194468E-020   7.54971128E-004   7.85171082E-004  -1.54014221E-003   7.70070739E-004   2.37202194E-005   8.32044534E-006
       7       1     1.19972934E+001   1.00002270E+000   3.12564504E-003   1.19999997E+001   0.00000000E+000  -1.86519302E-020   7.50609422E-021  -1.19999997E+001   2.59175906E-021  -1.08420217E-020  -5.90287849E-020   8.84443342E-004   9.19821874E-004  -1.80426522E-003   9.02132179E-004   2.77881422E-005   9.74757862E-006
       8       1     1.19968945E+001   1.00002270E+000   3.58642421E-003   1.19999997E+001   0.00000000E+000   1.66739759E-020   4.36974886E-020  -1.19999997E+001  -2.90980081E-021  -1.80700362E-020  -4.81867632E-021   1.01482728E-003   1.05542074E-003  -2.07024802E-003   1.03512352E-003   3.18848106E-005   1.11847019E-005
       9       1     1.19964928E+001   1.00002270E+000   4.05042484E-003   1.19999997E+001   0.00000000E+000  -9.15236746E-021   1.12834788E-021  -1.19999997E+001   5.01036164E-021   7.22801448E-021   2.40933816E-020   1.14612283E-003   1.19196756E-003  -2.33809039E-003   1.16904464E-003   3.60102191E-005   1.26318186E-005
      10       1     1.19960883E+001   1.00002270E+000   4.51764671E-003   1.19999997E+001   0.00000000E+000   1.05706330E-020  -1.88664825E-020  -1.19999997E+001  -8.40288668E-021   1.20466908E-020   6.62567994E-020   1.27832991E-003   1.32946231E-003  -2.60779222E-003   1.30389549E-003   4.01643606E-005   1.40889375E-005
      11       1     1.19956810E+001   1.00002270E+000   4.98809131E-003   1.19999997E+001   0.00000000E+000   2.31742920E-021  -6.67332555E-021  -1.19999997E+001   1.49807923E-021   0.00000000E+000   1.44560290E-020   1.41144893E-003   1.46790541E-003  -2.87935434E-003   1.43967649E-003   4.43472343E-005   1.55560750E-005
      12       1     1.19952709E+001   1.00002270E+000   5.46175831E-003   1.19999997E+001   0.00000000E+000   1.43108863E-020   6.19594307E-020  -1.19999997E+001  -1.28828785E-020   6.26427922E-020  -4.33680869E-020   1.54547979E-003   1.60729680E-003  -3.15277659E-003   1.57638754E-003   4.85588267E-005   1.70332330E-005
      13       1     1.19948580E+001   1.00002270E+000   5.93864867E-003   1.19999997E+001   0.00000000E+000  -6.06613821E-021   4.73466418E-020  -1.19999997E+001   2.30489282E-021   3.85494106E-020  -2.16840434E-020   1.68042276E-003   1.74763674E-003  -3.42805950E-003   1.71402893E-003   5.27991352E-005   1.85204211E-005
      14       1     1.19944424E+001   1.00002270E+000   6.41876372E-003   1.19999997E+001   0.00000000E+000   6.96625777E-021   3.23007779E-020  -1.19999997E+001  -1.27126815E-020  -2.40933816E-020   2.40933816E-021   1.81627822E-003   1.88892563E-003  -3.70520385E-003   1.85260104E-003   5.70681608E-005   2.00176534E-005
      15       1     1.19940239E+001   1.00002270E+000   6.90210493E-003   1.19999997E+001   0.00000000E+000  -3.78510496E-021  -3.50753991E-020  -1.19999997E+001   8.67002925E-021   1.03601541E-019  -2.65027198E-020   1.95304657E-003   2.03116392E-003  -3.98421049E-003   1.99210430E-003   6.13659074E-005   2.15249405E-005
      16       1     1.19936027E+001   1.00002270E+000   7.38867354E-003   1.19999997E+001   0.00000000E+000   6.13635666E-021   6.65676723E-020  -1.19999997E+001   1.90216615E-021   7.22801448E-021   5.05961014E-020   2.09072817E-003   2.17435197E-003  -4.26508013E-003   2.13253905E-003   6.56923772E-005   2.30422838E-005
      17       1     1.19931787E+001   1.00002270E+000   7.87847014E-003   1.19999997E+001   0.00000000E+000  -6.64207650E-021  -2.51912892E-020  -1.19999997E+001   1.66547118E-020   2.40933816E-020  -3.37307343E-020   2.22932318E-003   2.31848994E-003  -4.54781312E-003   2.27390548E-003   7.00475631E-005   2.45696908E-005
      18       1     1.19927519E+001   1.00002270E+000   8.37149059E-003   1.19999997E+001   0.00000000E+000   1.74669664E-020   2.65187487E-020  -1.19999997E+001   4.46043359E-021   2.65027198E-020  -9.39641883E-020   2.36883043E-003   2.46357663E-003  -4.83240705E-003   2.41620238E-003   7.44314142E-005   2.61071524E-005
      19       1     1.19923223E+001   1.00002270E+000   8.86773319E-003   1.19999997E+001   0.00000000E+000  -1.00786627E-020   4.91602629E-021  -1.19999997E+001   8.61321114E-021   1.20466908E-020  -3.85494106E-020   2.50924942E-003   2.60961154E-003  -5.11886097E-003   2.55942927E-003   7.88438883E-005   2.76546883E-005
      20       1     1.19918899E+001   1.00002270E+000   9.36720087E-003   1.19999997E+001   0.00000000E+000   1.63050901E-020  -1.96629287E-020  -1.19999997E+001  -1.20990605E-020   3.61400724E-020  -3.37307343E-020   2.65058095E-003   2.75659560E-003  -5.40717654E-003   2.70358699E-003   8.32849613E-005   2.92123427E-005
      21       1     1.19914547E+001   1.00002270E+000   9.86989588E-003   1.19999997E+001   0.00000000E+000  -1.28520338E-020   1.40579529E-020  -1.19999997E+001  -1.00335538E-020   3.61400724E-020  -8.43268356E-020   2.79282560E-003   2.90452948E-003  -5.69735508E-003   2.84867618E-003   8.77546162E-005   3.07801478E-005
      22       1     1.19910168E+001   1.00002270E+000   1.03758195E-002   1.19999997E+001   0.00000000E+000  -1.98520406E-020   4.78241272E-020  -1.19999997E+001   1.47802470E-020   2.16840434E-020   2.40933816E-020   2.93598374E-003   3.05341361E-003  -5.98939734E-003   2.99469725E-003   9.22528332E-005   3.23581291E-005
      23       1     1.19905760E+001   1.00002270E+000   1.08849724E-002   1.19999997E+001   0.00000000E+000   6.69553075E-021   2.36608948E-020  -1.19999997E+001   7.52756416E-021  -3.13213961E-020   3.61400724E-020   3.08005548E-003   3.20324815E-003  -6.28330363E-003   3.14165032E-003   9.67795815E-005   3.39463123E-005
      24       1     1.19901325E+001   1.00002270E+000   1.13973562E-002   1.19999997E+001   0.00000000E+000  -9.79139206E-021  -6.17891418E-020  -1.19999997E+001  -1.01904607E-020  -2.40933816E-021   5.30054395E-020   3.22504133E-003   3.35403366E-003  -6.57907498E-003   3.28953593E-003   1.01334848E-004   3.55447201E-005
      25       1     1.19896861E+001   1.00002270E+000   1.19129729E-002   1.19999997E+001   0.00000000E+000   3.98671644E-021   3.85952915E-020  -1.19999997E+001  -7.34279039E-021   4.57774251E-020   4.81867632E-020   3.37094180E-003   3.50577070E-003  -6.87671250E-003   3.43835462E-003   1.05918617E-004   3.71533836E-005
      26       1     1.19892370E+001   1.00002270E+000   1.24318248E-002   1.19999997E+001   0.00000000E+000  -1.11732616E-020  -3.25528291E-020  -1.19999997E+001   9.37419892E-021  -2.16840434E-020  -1.06010879E-019   3.51775759E-003   3.65845998E-003  -7.17621757E-003   3.58810708E-003   1.10530881E-004   3.87723273E-005
      27       1     1.19887851E+001   1.00002270E+000   1.29539142E-002   1.19999997E+001   0.00000000E+000  -5.85437998E-021   3.58184646E-020  -1.19999997E+001  -3.77554642E-021  -7.22801448E-020   9.39641883E-020   3.66548929E-003   3.81210215E-003  -7.47759144E-003   3.73879394E-003   1.15171625E-004   4.04015738E-005
      28       1     1.19883304E+001   1.00002270E+000   1.34792424E-002   1.19999997E+001   0.00000000E+000  -8.10989931E-021  -1.29151937E-020  -1.19999997E+001  -5.34336618E-021   2.40933816E-020   3.61400724E-020   3.81413730E-003   3.96669759E-003  -7.78083489E-003   3.89041559E-003   1.19840824E-004   4.20411450E-005
      29       1     1.19878729E+001   1.00002270E+000   1.40078105E-002   1.19999997E+001   0.00000000E+000  -1.62064167E-020   5.40836419E-020  -1.19999997E+001   1.22859114E-020   2.65027198E-020   2.40933816E-021   3.96370195E-003   4.12224661E-003  -8.08594857E-003   4.04297236E-003   1.24538453E-004   4.36910575E-005
      30       1     1.19874125E+001   1.00002270E+000   1.45396192E-002   1.19999997E+001   0.00000000E+000   1.03102733E-020   2.20547674E-020  -1.19999997E+001  -2.42694792E-021  -1.68653671E-020  -6.26427922E-020   4.11418344E-003   4.27874941E-003  -8.39293286E-003   4.19646443E-003   1.29264484E-004   4.53513232E-005
      31       1     1.19869494E+001   1.00002270E+000   1.50746701E-002   1.19999997E+001   0.00000000E+000  -3.89091055E-021   9.77896597E-021  -1.19999997E+001   7.00805797E-021  -4.33680869E-020   9.63735264E-021   4.26558229E-003   4.43620647E-003  -8.70178875E-003   4.35089231E-003   1.34018884E-004   4.70219638E-005
      32       1     1.19864835E+001   1.00002269E+000   1.56129656E-002   1.19999997E+001   0.00000000E+000  -1.72538847E-021   1.96601347E-020  -1.19999997E+001  -7.94644842E-021   1.20466908E-020   2.16840434E-020   4.41789914E-003   4.59461841E-003  -9.01251755E-003   4.50625663E-003   1.38801630E-004   4.87030043E-005
      33       1     1.19860148E+001   1.00002269E+000   1.61545086E-002   1.19999997E+001   0.00000000E+000   1.20716900E-021   4.24398800E-020  -1.19999997E+001   1.88009330E-020   2.89120579E-020  -9.63735264E-021   4.57113487E-003   4.75398606E-003  -9.32512093E-003   4.66255824E-003   1.43612697E-004   5.03944755E-005
      34       1     1.19855432E+001   1.00002269E+000   1.66993021E-002   1.19999997E+001   0.00000000E+000   6.05025635E-021   2.51402614E-020  -1.19999997E+001   1.12000990E-020   3.85494106E-020   7.46894830E-020   4.72529042E-003   4.91431029E-003  -9.63960070E-003   4.81979806E-003   1.48452062E-004   5.20964111E-005
      35       1     1.19850689E+001   1.00002269E+000   1.72473488E-002   1.19999997E+001   0.00000000E+000  -6.01422803E-021   6.13157739E-021  -1.19999997E+001  -1.57244461E-020  -4.09587487E-020  -3.13213961E-020   4.88036654E-003   5.07559177E-003  -9.95595832E-003   4.97797679E-003   1.53319691E-004   5.38088341E-005
      36       1     1.19845917E+001   1.00002269E+000   1.77986509E-002   1.19999997E+001   0.00000000E+000   2.42207307E-020   2.84400135E-020  -1.19999997E+001  -2.00188737E-021   2.16840434E-020   5.30054395E-020   5.03636402E-003   5.23783116E-003  -1.02741952E-002   5.13709515E-003   1.58215552E-004   5.55317682E-005
      37       1     1.19841118E+001   1.00002269E+000   1.83532119E-002   1.19999997E+001   0.00000000E+000  -1.28247553E-020   3.71291598E-020  -1.19999997E+001  -1.01057207E-020   3.85494106E-020   3.37307343E-020   5.19328386E-003   5.40102934E-003  -1.05943132E-002   5.29715408E-003   1.63139623E-004   5.72652296E-005
      38       1     1.19836290E+001   1.00002269E+000   1.89110360E-002   1.19999997E+001   0.00000000E+000  -2.69463827E-020  -3.00196712E-020  -1.19999997E+001   6.83023252E-021  -5.54147777E-020   0.00000000E+000   5.35112739E-003   5.56518750E-003  -1.09163149E-002   5.45815485E-003   1.68091885E-004   5.90092413E-005
      39       1     1.19831434E+001   1.00002269E+000   1.94721318E-002   1.19999997E+001   0.00000000E+000   1.83228226E-020   6.50588948E-020  -1.19999997E+001  -5.85643874E-021   7.70988212E-020  -5.05961014E-020   5.50989715E-003   5.73030797E-003  -1.12402051E-002   5.62009989E-003   1.73072286E-004   6.07638949E-005
      40       1     1.19826549E+001   1.00002269E+000   2.00365275E-002   1.19999997E+001   0.00000000E+000  -4.26119335E-021   3.82108915E-020  -1.19999997E+001   4.98385510E-021  -4.81867632E-021  -5.30054395E-020   5.66960122E-003   5.89639902E-003  -1.15660002E-002   5.78299737E-003   1.78080623E-004   6.25295216E-005
      41       1     1.19821636E+001   1.00002269E+000   2.06042525E-002   1.19999997E+001   0.00000000E+000   9.89616827E-021  -6.58096072E-020  -1.19999997E+001  -7.67267002E-021   9.63735264E-021   7.46894830E-020   5.83024769E-003   6.06346950E-003  -1.18937172E-002   5.94685577E-003   1.83116717E-004   6.43064174E-005
      42       1     1.19816694E+001   1.00002269E+000   2.11753261E-002   1.19999997E+001   0.00000000E+000   1.23256529E-020   2.86676536E-020  -1.19999997E+001   1.14542089E-020   2.16840434E-020   2.40933816E-020   5.99184182E-003   6.23152537E-003  -1.22233672E-002   6.11168069E-003   1.88180457E-004   6.60947662E-005
      43       1     1.19811722E+001   1.00002269E+000   2.17497585E-002   1.19999997E+001   0.00000000E+000  -1.79863623E-020  -6.83926165E-020  -1.19999997E+001   1.61520066E-020  -4.81867632E-021   5.30054395E-020   6.15438621E-003   6.40056981E-003  -1.25549560E-002   6.27747502E-003   1.93271821E-004   6.78946672E-005
      44       1     1.19806722E+001   1.00002269E+000   2.23275490E-002   1.19999997E+001   0.00000000E+000   7.10610644E-021   1.91683850E-020  -1.19999997E+001   1.38336583E-020  -6.74614685E-020   6.74614685E-020   6.31788056E-003   6.57060275E-003  -1.28884833E-002   6.44423859E-003   1.98390739E-004   6.97061596E-005
      45       1     1.19801693E+001   1.00002269E+000   2.29086906E-002   1.19999997E+001   0.00000000E+000   2.34807533E-020  -4.39936560E-020  -1.19999997E+001   1.49088460E-020   3.13213961E-020  -4.33680869E-020   6.48232293E-003   6.74162217E-003  -1.32239451E-002   6.61196941E-003   2.03537226E-004   7.15291809E-005
      46       1     1.19795855E+001   1.00002269E+000   2.35833208E-002   1.19999997E+001   0.00000000E+000  -6.37995216E-021   1.79368050E-020  -1.19999997E+001  -8.36974431E-021   3.85494106E-020  -9.15548501E-020   6.67375733E-003   6.93963450E-003  -1.36133918E-002   6.80669269E-003   2.08717842E-004   7.33328596E-005
      47       1     1.19789103E+001   1.00002269E+000   2.43634320E-002   1.19999997E+001   0.00000000E+000   5.90864302E-022  -3.85611749E-020  -1.19999997E+001   1.51429197E-022   2.40933816E-020   3.37307343E-020   6.89711928E-003   7.16666221E-003  -1.40637815E-002   7.03188751E-003   2.11948915E-004   7.71318106E-005
      48       1     1.19783652E+001   1.00002269E+000   2.49933746E-002   1.19999997E+001   0.00000000E+000  -8.32312809E-021  -3.70747497E-020  -1.19999997E+001   2.53943345E-020  -3.13213961E-020  -4.81867632E-021   7.07094185E-003   7.35643271E-003  -1.44273746E-002   7.21368391E-003   2.17424749E-004   7.86535440E-005
      49       1     1.19778903E+001   1.00002269E+000   2.55421378E-002   1.19999997E+001   0.00000000E+000   4.06766985E-021   4.37961621E-020  -1.19999997E+001   4.63772597E-021   1.68653671E-020  -5.05961014E-020   7.22634774E-003   7.51778946E-003  -1.47441372E-002   7.37206514E-003   2.22957792E-004   8.03702297E-005
      50       1     1.19774127E+001   1.00002269E+000   2.60941155E-002   1.19999997E+001   0.00000000E+000   1.65046429E-020  -6.37324648E-020  -1.19999997E+001   6.33932840E-021  -3.61400724E-020  -1.68653671E-020   7.38261736E-003   7.68013850E-003  -1.50627559E-002   7.53137439E-003   2.28491974E-004   8.19869887E-005
      51       1     1.19769330E+001   1.00002269E+000   2.66484924E-002   1.19999997E+001   0.00000000E+000  -5.21263488E-021   9.18677817E-020  -1.19999997E+001  -1.14805684E-020   2.40933816E-020  -8.19174975E-020   7.53957319E-003   7.84318616E-003  -1.53827594E-002   7.69137605E-003   2.34061359E-004   8.35997148E-005
      52       1     1.19764513E+001   1.00002269E+000   2.72052479E-002   1.19999997E+001   0.00000000E+000   4.56103713E-021  -6.61244505E-020  -1.19999997E+001   1.28607836E-020  -3.85494106E-020   3.61400724E-020   7.69721001E-003   8.00692576E-003  -1.57041358E-002   7.85206417E-003   2.39664389E-004   8.52164482E-005
      53       1     1.19759675E+001   1.00002269E+000   2.77643806E-002   1.19999997E+001   0.00000000E+000   1.49096916E-020   2.81847272E-020  -1.19999997E+001   4.65474751E-021  -2.40933816E-021  -2.40933816E-021   7.85551858E-003   8.17136564E-003  -1.60268842E-002   8.01343831E-003   2.45297005E-004   8.68481938E-005
      54       1     1.19754817E+001   1.00002269E+000   2.83258310E-002   1.19999997E+001   0.00000000E+000  -3.25225359E-021  -6.72088292E-020  -1.19999997E+001   1.26693924E-020   1.20466908E-020   7.22801448E-020   8.01448423E-003   8.33648589E-003  -1.63509701E-002   8.17548118E-003   2.50969688E-004   8.84994136E-005
      55       1     1.19749939E+001   1.00002269E+000   2.88895364E-002   1.19999997E+001   0.00000000E+000  -7.13213506E-023   2.68285922E-020  -1.19999997E+001  -2.73515174E-020  -1.92747053E-020  -9.39641883E-020   8.17408864E-003   8.50226882E-003  -1.66763575E-002   8.33817476E-003   2.56681536E-004   9.01546353E-005
      56       1     1.19745044E+001   1.00002269E+000   2.94552810E-002   1.19999997E+001   0.00000000E+000  -1.36067902E-020  -1.91705908E-020  -1.19999997E+001   7.74781478E-021  -2.89120579E-020  -1.68653671E-020   8.33426225E-003   8.66865915E-003  -1.70029214E-002   8.50145664E-003   2.62445029E-004   9.18008265E-005
      57       1     1.19740134E+001   1.00002269E+000   3.00227909E-002   1.19999997E+001   0.00000000E+000   6.98155142E-021   6.08890222E-020  -1.19999997E+001  -1.93619085E-021   2.89120579E-020  -6.50521303E-020   8.49493246E-003   8.83557161E-003  -1.73305041E-002   8.66524789E-003   2.68240113E-004   9.34337196E-005
      58       1     1.19735210E+001   1.00002269E+000   3.05919329E-002   1.19999997E+001   0.00000000E+000   1.00776333E-020  -2.51677606E-020  -1.19999997E+001   6.21083967E-021  -2.89120579E-020   3.85494106E-020   8.65605558E-003   9.00297271E-003  -1.76590283E-002   8.82950991E-003   2.74086331E-004   9.50566489E-005
      59       1     1.19730275E+001   1.00002269E+000   3.11623079E-002   1.19999997E+001   0.00000000E+000   6.71626541E-021  -6.15060622E-020  -1.19999997E+001  -5.73846440E-021  -4.33680869E-020  -9.63735264E-021   8.81752571E-003   9.17073771E-003  -1.79882634E-002   8.99412738E-003   2.80007084E-004   9.66460618E-005
      60       1     1.19725328E+001   1.00002269E+000   3.17341216E-002   1.19999997E+001   0.00000000E+000  -4.33641164E-020  -4.45571682E-020  -1.19999997E+001   3.12847060E-021  -7.95081593E-020  -4.81867632E-021   8.97940468E-003   9.33892439E-003  -1.83183291E-002   9.15916011E-003   2.85946054E-004   9.82168032E-005
      61       1     1.19720369E+001   1.00002269E+000   3.23072388E-002   1.19999997E+001   0.00000000E+000   1.27856388E-020   1.57471660E-020  -1.19999997E+001   3.53540670E-021   4.33680869E-020   1.15648232E-019   9.14167694E-003   9.50746921E-003  -1.86491462E-002   9.32456856E-003   2.91988140E-004   9.97497965E-005
      62       1     1.19715398E+001   1.00002269E+000   3.28818141E-002   1.19999997E+001   0.00000000E+000   1.72003569E-020  -7.12034130E-020  -1.19999997E+001   1.03518161E-020   7.22801448E-021  -1.68653671E-020   9.30434241E-003   9.67646073E-003  -1.89808031E-002   9.49039696E-003   2.98146145E-004   1.01276172E-004
      63       1     1.19710412E+001   1.00002269E+000   3.34581306E-002   1.19999997E+001   0.00000000E+000   2.67506534E-021   8.18772046E-020  -1.19999997E+001   1.35539609E-020   4.09587487E-020   5.30054395E-020   9.46751302E-003   9.84595143E-003  -1.93134644E-002   9.65672752E-003   3.04368289E-004   1.02819616E-004
      64       1     1.19705408E+001   1.00002269E+000   3.40365918E-002   1.19999997E+001   0.00000000E+000   2.76060684E-020   9.93343183E-020  -1.19999997E+001   1.48032610E-020   6.50521303E-020  -4.81867632E-020   9.63129068E-003   1.00160729E-002  -1.96473636E-002   9.82367698E-003   3.10629250E-004   1.04349824E-004
      65       1     1.19700381E+001   1.00002269E+000   3.46176288E-002   1.19999997E+001   0.00000000E+000  -8.78267287E-021  -3.64294753E-020  -1.19999997E+001   7.01427101E-021  -8.91455120E-020   3.85494106E-020   9.79580765E-003   1.01869416E-002  -1.99827492E-002   9.99136973E-003   3.16934758E-004   1.05879467E-004
      66       1     1.19695332E+001   1.00002269E+000   3.52013095E-002   1.19999997E+001   0.00000000E+000   1.27906387E-020   4.91779094E-021  -1.19999997E+001   2.09489924E-021  -6.26427922E-020  -1.20466908E-019   9.96108236E-003   1.03585787E-002  -2.03196610E-002   1.01598255E-002   3.23265401E-004   1.07426077E-004
      67       1     1.19690259E+001   1.00002269E+000   3.57877413E-002   1.19999997E+001   0.00000000E+000  -6.18128175E-021  -3.77673756E-020  -1.19999997E+001   9.95910752E-021   7.22801448E-020  -6.74614685E-020   1.01271203E-002   1.05310399E-002  -2.06581601E-002   1.03290750E-002   3.29642133E-004   1.09001956E-004
      68       1     1.19685162E+001   1.00002269E+000   3.63769730E-002   1.19999997E+001   0.00000000E+000  -2.14183163E-020  -2.80306143E-020  -1.19999997E+001  -3.35419900E-021  -7.46894830E-020  -5.30054395E-020   1.02939657E-002   1.07043106E-002  -2.09982763E-002   1.04991330E-002   3.36010656E-004   1.10562971E-004
      69       1     1.19680038E+001   1.00002269E+000   3.69692587E-002   1.19999997E+001   0.00000000E+000  -2.48533584E-020   4.15310842E-020  -1.19999997E+001  -6.77302838E-021  -2.40933816E-021   9.39641883E-020   1.04616538E-002   1.08785020E-002  -2.13401558E-002   1.06700726E-002   3.42359273E-004   1.12133457E-004
      70       1     1.19674888E+001   1.00002269E+000   3.75645393E-002   1.19999997E+001   0.00000000E+000   1.99373321E-020   3.31848686E-020  -1.19999997E+001   4.53210419E-021   4.33680869E-020  -2.40933816E-020   1.06301660E-002   1.10535971E-002  -2.16837632E-002   1.08418762E-002   3.48788507E-004   1.13692725E-004
      71       1     1.19669700E+001   1.00002269E+000   3.81642905E-002   1.19999997E+001   0.00000000E+000   2.37498627E-020   1.28759302E-019  -1.19999997E+001   3.15096992E-021  -4.81867632E-021  -7.95081593E-020   1.07997759E-002   1.12301741E-002  -2.20299500E-002   1.10149695E-002   3.55248620E-004   1.15187526E-004
      72       1     1.19664279E+001   1.00002269E+000   3.87910559E-002   1.19999997E+001   0.00000000E+000   2.39670619E-020  -1.75529932E-020  -1.19999997E+001   2.58521514E-021   9.63735264E-020  -6.74614685E-020   1.09766463E-002   1.14150837E-002  -2.23917299E-002   1.11958594E-002   3.61864206E-004   1.16439558E-004
      73       1     1.19658850E+001   1.00002269E+000   3.94186378E-002   1.19999997E+001   0.00000000E+000  -2.82209026E-020  -8.49232880E-020  -1.19999997E+001  -2.49580611E-021   1.92747053E-020  -1.68653671E-020   1.11531206E-002   1.16008547E-002  -2.27539752E-002   1.13769819E-002   3.68391614E-004   1.17957624E-004
      74       1     1.19653489E+001   1.00002269E+000   4.00384284E-002   1.19999997E+001   0.00000000E+000   1.53740892E-020  -1.66386093E-020  -1.19999997E+001  -2.47827723E-020   6.50521303E-020   1.37332275E-019   1.13285301E-002   1.17832040E-002  -2.31117341E-002   1.15558612E-002   3.74970058E-004   1.19077542E-004
      75       1     1.19648022E+001   1.00002269E+000   4.06704208E-002   1.19999997E+001   0.00000000E+000  -9.73161447E-021   7.77985057E-020  -1.19999997E+001  -2.81503165E-020  -7.70988212E-020   5.78241159E-020   1.15074397E-002   1.19690909E-002  -2.34765306E-002   1.17382594E-002   3.82057770E-004   1.20180201E-004
      76       1     1.19642542E+001   1.00002269E+000   4.13040476E-002   1.19999997E+001   0.00000000E+000  -2.08927441E-020  -1.03167142E-019  -1.19999997E+001   8.09195868E-021   8.19174975E-020   1.10829555E-019   1.16852084E-002   1.21570608E-002  -2.38422692E-002   1.19211286E-002   3.87883966E-004   1.22520942E-004
      77       1     1.19637102E+001   1.00002269E+000   4.19329146E-002   1.19999997E+001   0.00000000E+000   1.47160210E-020   7.76205699E-020  -1.19999997E+001  -7.40308266E-021  -4.33680869E-020  -5.30054395E-020   1.18638363E-002   1.23414180E-002  -2.42052543E-002   1.21026210E-002   3.95766891E-004   1.23575721E-004
      78       1     1.19631618E+001   1.00002269E+000   4.25669539E-002   1.19999997E+001   0.00000000E+000  -1.41695671E-020  -8.27889414E-020  -1.19999997E+001   1.42900046E-020  -9.15548501E-020  -9.63735264E-020   1.20427860E-002   1.25284425E-002  -2.45712285E-002   1.22856080E-002   4.02439585E-004   1.25769438E-004
      79       1     1.19626103E+001   1.00002269E+000   4.32046062E-002   1.19999997E+001   0.00000000E+000   3.93532096E-021   8.20413172E-020  -1.19999997E+001  -2.46480705E-020   9.63735264E-021  -2.40933816E-020   1.22233622E-002   1.27159248E-002  -2.49392871E-002   1.24696371E-002   4.09890010E-004   1.26972069E-004
      80       1     1.19620577E+001   1.00002269E+000   4.38435916E-002   1.19999997E+001   0.00000000E+000   1.40873638E-020   6.93355289E-020  -1.19999997E+001   1.87845732E-020   9.63735264E-020  -7.22801448E-020   1.24038747E-002   1.29042441E-002  -2.53081188E-002   1.26540529E-002   4.16774741E-004   1.28459338E-004
      81       1     1.19615005E+001   1.00002269E+000   4.44877367E-002   1.19999997E+001   0.00000000E+000   4.71794411E-021  -1.01370433E-019  -1.19999997E+001  -9.36669915E-021  -1.06010879E-019  -6.74614685E-020   1.25860235E-002   1.30939066E-002  -2.56799301E-002   1.28399584E-002   4.23749904E-004   1.29933722E-004
      82       1     1.19609400E+001   1.00002269E+000   4.51359089E-002   1.19999997E+001   0.00000000E+000   1.31168052E-020   4.54486116E-021  -1.19999997E+001   2.65577916E-020   4.33680869E-020  -3.37307343E-020   1.27690188E-002   1.32850432E-002  -2.60540620E-002   1.30270243E-002   4.30770675E-004   1.31610575E-004
      83       1     1.19603748E+001   1.00002269E+000   4.57893148E-002   1.19999997E+001   0.00000000E+000   2.11993524E-021  -8.99896038E-020  -1.19999997E+001  -8.33849526E-021  -6.26427922E-020  -1.01192203E-019   1.29536126E-002   1.34776100E-002  -2.64312226E-002   1.32156045E-002   4.37504093E-004   1.33099374E-004
      84       1     1.19598049E+001   1.00002269E+000   4.64483472E-002   1.19999997E+001   0.00000000E+000   8.69767547E-021   2.78141503E-020  -1.19999997E+001   2.56598779E-020   1.92747053E-020   3.37307343E-020   1.31399586E-002   1.36716638E-002  -2.68116224E-002   1.34058042E-002   4.44908252E-004   1.34620983E-004
      85       1     1.19592304E+001   1.00002269E+000   4.71125815E-002   1.19999997E+001   0.00000000E+000   2.16786024E-020  -1.07256135E-019  -1.19999997E+001   7.18081004E-021  -2.40933816E-020   1.30104261E-019   1.33279466E-002   1.38670977E-002  -2.71950443E-002   1.35975151E-002   4.51250220E-004   1.36274484E-004
      86       1     1.19586510E+001   1.00002269E+000   4.77825224E-002   1.19999997E+001   0.00000000E+000  -7.88167099E-021  -2.16716909E-020  -1.19999997E+001  -1.31556275E-020  -4.81867632E-021   3.85494106E-020   1.35167297E-002   1.40650164E-002  -2.75817460E-002   1.37908658E-002   4.58211412E-004   1.37303819E-004
      87       1     1.19580684E+001   1.00002269E+000   4.84561847E-002   1.19999997E+001   0.00000000E+000   3.02514288E-020  -5.25395714E-020  -1.19999997E+001  -1.21932304E-020   1.49378966E-019   1.49378966E-019   1.37066431E-002   1.42639479E-002  -2.79705910E-002   1.39852882E-002   4.65180178E-004   1.39577174E-004
      88       1     1.19574794E+001   1.00002269E+000   4.91372146E-002   1.19999997E+001   0.00000000E+000   8.26930620E-021   3.53577434E-020  -1.19999997E+001  -6.34135039E-021   5.78241159E-020  -2.02384406E-019   1.38989530E-002   1.44647529E-002  -2.83637059E-002   1.41818455E-002   4.71364826E-004   1.41892198E-004
      89       1     1.19568826E+001   1.00002269E+000   4.98274146E-002   1.19999997E+001   0.00000000E+000  -4.78835372E-020  -7.64947220E-020  -1.19999997E+001   2.19142570E-020  -6.74614685E-020   7.22801448E-020   1.40932832E-002   1.46688286E-002  -2.87621119E-002   1.43810484E-002   4.78219930E-004   1.41580041E-004
      90       1     1.19562850E+001   1.00002269E+000   5.05183613E-002   1.19999997E+001   0.00000000E+000   1.79793037E-020   2.19022721E-020  -1.19999997E+001  -1.29102674E-020  -1.01192203E-019  -5.78241159E-020   1.42895511E-002   1.48714285E-002  -2.91609796E-002   1.45804822E-002   4.83598927E-004   1.43485144E-004
      91       1     1.19556668E+001   1.00002269E+000   5.12331893E-002   1.19999997E+001   0.00000000E+000   2.37135403E-020  -2.84508956E-020  -1.19999997E+001  -1.04956352E-020   2.40933816E-020   3.85494106E-020   1.44918127E-002   1.50817674E-002  -2.95735801E-002   1.47867823E-002   4.91847392E-004   1.45690774E-004
      92       1     1.19550566E+001   1.00002269E+000   5.19389109E-002   1.19999997E+001   0.00000000E+000  -2.42080840E-020   6.98166907E-020  -1.19999997E+001   2.98274711E-020  -1.10829555E-019  -9.63735264E-021   1.46906350E-002   1.52902831E-002  -2.99809181E-002   1.49904512E-002   4.99941958E-004   1.47546529E-004
      93       1     1.19544492E+001   1.00002269E+000   5.26413781E-002   1.19999997E+001   0.00000000E+000   9.96013690E-021  -1.01614543E-020  -1.19999997E+001   8.18092655E-021  -7.70988212E-020   1.20466908E-019   1.48895480E-002   1.54968458E-002  -3.03863938E-002   1.51931889E-002   5.07672300E-004   1.49263127E-004
      94       1     1.19538358E+001   1.00002269E+000   5.33506507E-002   1.19999997E+001   0.00000000E+000  -4.52953810E-020  -4.59668310E-020  -1.19999997E+001  -9.05670862E-021   8.67361738E-020  -6.26427922E-020   1.50902288E-002   1.57055894E-002  -3.07958182E-002   1.53979010E-002   5.13895399E-004   1.51820794E-004
      95       1     1.19532190E+001   1.00002269E+000   5.40639516E-002   1.19999997E+001   0.00000000E+000   2.04723158E-020   4.60044769E-021  -1.19999997E+001   1.06197491E-020  -7.70988212E-020   9.15548501E-020   1.52922015E-002   1.59153472E-002  -3.12075487E-002   1.56037661E-002   5.21744083E-004   1.53251293E-004
      96       1     1.19525967E+001   1.00002269E+000   5.47835857E-002   1.19999997E+001   0.00000000E+000   3.70610737E-020  -9.00584252E-020  -1.19999997E+001   1.82151788E-020   1.15648232E-019   1.30104261E-019   1.54959500E-002   1.61269954E-002  -3.16229454E-002   1.58114644E-002   5.28963492E-004   1.54868802E-004
      97       1     1.19519701E+001   1.00002269E+000   5.55082724E-002   1.19999997E+001   0.00000000E+000  -1.07561420E-020  -6.67732542E-020  -1.19999997E+001  -6.60053365E-021  -1.25285584E-019  -1.10829555E-019   1.57013591E-002   1.63399193E-002  -3.20412785E-002   1.60206308E-002   5.35075566E-004   1.56846305E-004
      98       1     1.19513430E+001   1.00002269E+000   5.62334479E-002   1.19999997E+001   0.00000000E+000  -3.55490611E-020  -6.71097146E-020  -1.19999997E+001   2.52531256E-020   3.37307343E-020  -5.30054395E-020   1.59064558E-002   1.65534163E-002  -3.24598721E-002   1.62299275E-002   5.42317347E-004   1.58486325E-004
      99       1     1.19506995E+001   1.00002269E+000   5.69775648E-002   1.19999997E+001   0.00000000E+000   1.39795729E-020   2.11864116E-020  -1.19999997E+001  -2.87787532E-020   9.63735264E-020   1.06010879E-019   1.61173687E-002   1.67720864E-002  -3.28894539E-002   1.64447176E-002   5.46597643E-004   1.60647528E-004
     100       1     1.19498790E+001   1.00002269E+000   5.79267345E-002   1.19999997E+001   0.00000000E+000  -1.35820851E-020   1.03257434E-019  -1.19999997E+001  -3.35464017E-020   8.19174975E-020  -1.15648232E-019   1.63833405E-002   1.70538946E-002  -3.34372344E-002   1.67186080E-002   5.60533932E-004   1.65021533E-004
     101       1     1.19491168E+001   1.00002269E+000   5.88081502E-002   1.19999997E+001   0.00000000E+000  -1.29266639E-020   7.59859140E-020  -1.19999997E+001  -2.92446213E-020   1.44560290E-019  -1.73472348E-019   1.66346725E-002   1.73114116E-002  -3.39460830E-002   1.69730324E-002   5.66950608E-004   1.65289340E-004
     102       1     1.19485074E+001   1.00002269E+000   5.95130272E-002   1.19999997E+001   0.00000000E+000   4.96627475E-020  -1.37421096E-019  -1.19999997E+001   1.99847571E-020   9.63735264E-021  -1.20466908E-019   1.68340307E-002   1.75189477E-002  -3.43529769E-002   1.71764795E-002   5.72845949E-004   1.67222711E-004
     103       1     1.19478948E+001   1.00002269E+000   6.02214618E-002   1.19999997E+001   0.00000000E+000   2.52267293E-020   5.87199709E-020  -1.19999997E+001   1.97249121E-020  -1.92747053E-020  -8.67361738E-020   1.70344753E-002   1.77274531E-002  -3.47619268E-002   1.73809544E-002   5.78438675E-004   1.70021683E-004
     104       1     1.19472821E+001   1.00002269E+000   6.09301206E-002   1.19999997E+001   0.00000000E+000  -1.19250769E-020   6.97537514E-020  -1.19999997E+001  -2.09861971E-020   0.00000000E+000  -2.89120579E-020   1.72347006E-002   1.79362970E-002  -3.51709961E-002   1.75854889E-002   5.84643567E-004   1.72214506E-004
     105       1     1.19465770E+001   1.00002269E+000   6.17457028E-002   1.19999997E+001   0.00000000E+000  -6.87920161E-022  -8.69838133E-020  -1.19999997E+001  -1.11523064E-020  -9.63735264E-021   1.59016319E-019   1.74642762E-002   1.81774792E-002  -3.56417524E-002   1.78208662E-002   5.91424196E-004   1.81047125E-004
     106       1     1.19457863E+001   1.00002269E+000   6.26602827E-002   1.19999997E+001   0.00000000E+000   3.64709447E-020   1.31583627E-019  -1.19999997E+001   2.73079893E-021  -4.33680869E-020   8.19174975E-020   1.77144920E-002   1.84551934E-002  -3.61696825E-002   1.80848312E-002   5.93706325E-004   1.87285193E-004
     107       1     1.19451722E+001   1.00002269E+000   6.33706098E-002   1.19999997E+001   0.00000000E+000  -1.55789358E-021  -9.89640355E-020  -1.19999997E+001   2.33023028E-020   2.40933816E-020   7.70988212E-020   1.79160115E-002   1.86637162E-002  -3.65797249E-002   1.82898522E-002   6.00028597E-004   1.88802687E-004
     108       1     1.19445174E+001   1.00002269E+000   6.41280362E-002   1.19999997E+001   0.00000000E+000  -1.14245039E-020  -5.56418296E-020  -1.19999997E+001  -2.86098245E-020   1.01192203E-019   1.44560290E-019   1.81314740E-002   1.88854432E-002  -3.70169140E-002   1.85084468E-002   6.08854154E-004   1.93003582E-004
     109       1     1.19438993E+001   1.00002269E+000   6.48429652E-002   1.19999997E+001   0.00000000E+000  -1.63074430E-020   4.39757154E-020  -1.19999997E+001   1.81105497E-020   1.73472348E-019  -1.44560290E-019   1.83346088E-002   1.90950266E-002  -3.74296320E-002   1.87148058E-002   6.14451272E-004   1.93831437E-004
     110       1     1.19433049E+001   1.00002269E+000   6.55306164E-002   1.19999997E+001   0.00000000E+000  -4.27531057E-021   7.48183026E-020  -1.19999997E+001   3.13154772E-020   6.74614685E-020   1.06010879E-019   1.85298320E-002   1.92967547E-002  -3.78265833E-002   1.89132814E-002   6.20729329E-004   1.95287948E-004
     111       1     1.19427090E+001   1.00002269E+000   6.62198752E-002   1.19999997E+001   0.00000000E+000  -3.60262524E-020  -1.54971736E-019  -1.19999997E+001  -2.42904344E-020  -1.44560290E-020  -1.06010879E-019   1.87260688E-002   1.94983988E-002  -3.82244642E-002   1.91122217E-002   6.27324978E-004   1.96555686E-004
     112       1     1.19421114E+001   1.00002269E+000   6.69111359E-002   1.19999997E+001   0.00000000E+000   2.05559897E-020   8.60991344E-020  -1.19999997E+001   1.12735527E-020   2.89120579E-020  -7.22801448E-020   1.89224631E-002   1.97010343E-002  -3.86234940E-002   1.93117365E-002   6.34036885E-004   1.98016874E-004
     113       1     1.19415021E+001   1.00002269E+000   6.76159285E-002   1.19999997E+001   0.00000000E+000  -3.81803042E-020   6.57550501E-020  -1.19999997E+001   2.14121400E-020  -2.40933816E-020  -1.54197642E-019   1.91230408E-002   1.99073062E-002  -3.90303443E-002   1.95151612E-002   6.40649952E-004   1.99153013E-004
     114       1     1.19408557E+001   1.00002269E+000   6.83637638E-002   1.19999997E+001   0.00000000E+000  -7.53374044E-021   1.07243783E-020  -1.19999997E+001  -9.51441522E-023  -7.70988212E-020  -1.87928377E-019   1.93329192E-002   2.01290798E-002  -3.94619964E-002   1.97309872E-002   6.47779853E-004   2.02985605E-004
     115       1     1.19401874E+001   1.00002269E+000   6.91369622E-002   1.19999997E+001   0.00000000E+000   3.34411843E-020  -9.43459413E-020  -1.19999997E+001   2.44469737E-020   9.63735264E-021  -5.78241159E-020   1.95528530E-002   2.03554259E-002  -3.99082745E-002   1.99541254E-002   6.56489154E-004   2.10984331E-004
     116       1     1.19395382E+001   1.00002269E+000   6.98877709E-002   1.19999997E+001   0.00000000E+000  -2.46595408E-020  -2.02999681E-020  -1.19999997E+001   7.36499559E-021  -2.89120579E-020   1.87928377E-019   1.97652621E-002   2.05765436E-002  -4.03418016E-002   2.01708892E-002   6.57527306E-004   2.06682226E-004
     117       1     1.19388994E+001   1.00002269E+000   7.06268496E-002   1.19999997E+001   0.00000000E+000  -2.29162117E-020  -4.74679617E-020  -1.19999997E+001  -1.66145660E-020  -1.15648232E-019   2.02384406E-019   1.99735515E-002   2.07948623E-002  -4.07684098E-002   2.03841931E-002   6.64589243E-004   2.10100156E-004
     118       1     1.19382677E+001   1.00002269E+000   7.13577042E-002   1.19999997E+001   0.00000000E+000   3.49520205E-020   2.30969415E-020  -1.19999997E+001  -2.10474453E-020  -3.85494106E-020  -2.21659111E-019   2.01807176E-002   2.10095716E-002  -4.11902854E-002   2.05951305E-002   6.71670410E-004   2.12686260E-004
     119       1     1.19376641E+001   1.00002269E+000   7.20559949E-002   1.19999997E+001   0.00000000E+000   2.03198204E-020   1.24759718E-019  -1.19999997E+001  -1.76475491E-020  -2.89120579E-020  -9.63735264E-020   2.03798430E-002   2.12135584E-002  -4.15933974E-002   2.07966863E-002   6.78091290E-004   2.12001572E-004
     120       1     1.19370667E+001   1.00002269E+000   7.27471153E-002   1.19999997E+001   0.00000000E+000  -8.48694661E-021  -4.77150129E-020  -1.19999997E+001   1.32370221E-020   9.15548501E-020   9.63735264E-021   2.05784245E-002   2.14139445E-002  -4.19923654E-002   2.09961701E-002   6.85110420E-004   2.13067891E-004
     121       1     1.19364726E+001   1.00002269E+000   7.34344103E-002   1.19999997E+001   0.00000000E+000  -2.13639062E-020   1.53700599E-019  -1.19999997E+001  -2.22230711E-020  -9.63735264E-020   5.30054395E-020   2.07747103E-002   2.16144134E-002  -4.23891209E-002   2.11945476E-002   6.91844619E-004   2.13381044E-004
     122       1     1.19358539E+001   1.00002269E+000   7.41502448E-002   1.19999997E+001   0.00000000E+000  -3.59668424E-020  -7.05613738E-020  -1.19999997E+001   1.27782861E-021  -4.33680869E-020   2.60208521E-019   2.09792345E-002   2.18230869E-002  -4.28023187E-002   2.14011463E-002   7.00221451E-004   2.15913202E-004
     123       1     1.19352548E+001   1.00002269E+000   7.48434470E-002   1.19999997E+001   0.00000000E+000   4.11556545E-020  -1.09282544E-019  -1.19999997E+001   2.01233558E-020   7.22801448E-020   6.74614685E-020   2.11776821E-002   2.20247927E-002  -4.32024717E-002   2.16012228E-002   7.07697175E-004   2.17310247E-004
     124       1     1.19346590E+001   1.00002269E+000   7.55327020E-002   1.19999997E+001   0.00000000E+000  -4.71750294E-021   8.26998265E-020  -1.19999997E+001   4.21923140E-020   5.78241159E-020   1.20466908E-019   2.13747081E-002   2.22256623E-002  -4.36003671E-002   2.18001705E-002   7.13827100E-004   2.18168291E-004
     125       1     1.19340667E+001   1.00002269E+000   7.62179797E-002   1.19999997E+001   0.00000000E+000  -2.52198178E-020   7.32448212E-021  -1.19999997E+001   1.65997135E-020  -5.78241159E-020   1.97565729E-019   2.15708225E-002   2.24251530E-002  -4.39959717E-002   2.19979727E-002   7.19802162E-004   2.18778129E-004
     126       1     1.19334758E+001   1.00002269E+000   7.69016354E-002   1.19999997E+001   0.00000000E+000   3.45618853E-020  -3.51318679E-020  -1.19999997E+001   2.79047358E-020   3.85494106E-020   9.15548501E-020   2.17663693E-002   2.26242672E-002  -4.43906323E-002   2.21953029E-002   7.26141684E-004   2.19450648E-004
     127       1     1.19328803E+001   1.00002269E+000   7.75906804E-002   1.19999997E+001   0.00000000E+000  -4.13822652E-020   8.50603426E-020  -1.19999997E+001   1.21845542E-020  -9.63735264E-020  -9.63735264E-020   2.19628805E-002   2.28255169E-002  -4.47883934E-002   2.23941834E-002   7.32778678E-004   2.20339134E-004
     128       1     1.19322764E+001   1.00002269E+000   7.82893736E-002   1.19999997E+001   0.00000000E+000  -3.04446582E-020  -3.66847617E-020  -1.19999997E+001   2.74682050E-020  -1.92747053E-020   8.19174975E-020   2.21617397E-002   2.30300185E-002  -4.51917539E-002   2.25958635E-002   7.37415676E-004   2.21292781E-004
     129       1     1.19316802E+001   1.00002269E+000   7.89791887E-002   1.19999997E+001   0.00000000E+000  -1.91430917E-020  -1.01961591E-019  -1.19999997E+001   1.09668709E-020  -7.70988212E-020  -1.49378966E-019   2.23591553E-002   2.32308167E-002  -4.55899680E-002   2.27949706E-002   7.44164593E-004   2.21413665E-004
     130       1     1.19310802E+001   1.00002269E+000   7.96734857E-002   1.19999997E+001   0.00000000E+000   1.21981568E-021   1.16547616E-019  -1.19999997E+001   6.03981549E-021   1.78291024E-019  -1.06010879E-019   2.25576334E-002   2.34331332E-002  -4.59907624E-002   2.29953677E-002   7.50854111E-004   2.22859844E-004
     131       1     1.19304811E+001   1.00002269E+000   8.03666558E-002   1.19999997E+001   0.00000000E+000  -3.99387799E-020  -1.22060389E-019  -1.19999997E+001  -4.59894039E-020  -1.44560290E-020  -5.78241159E-020   2.27560887E-002   2.36348510E-002  -4.63909353E-002   2.31954540E-002   7.55881340E-004   2.24412199E-004
     132       1     1.19298820E+001   1.00002269E+000   8.10599307E-002   1.19999997E+001   0.00000000E+000   1.07992289E-020  -6.27374952E-020  -1.19999997E+001  -1.47346969E-020   2.40933816E-020  -5.30054395E-020   2.29550004E-002   2.38361323E-002  -4.67911284E-002   2.33955506E-002   7.63938415E-004   2.24936045E-004
     133       1     1.19292802E+001   1.00002269E+000   8.17562177E-002   1.19999997E+001   0.00000000E+000  -1.30860708E-020   1.78113382E-019  -1.19999997E+001   2.45780727E-020  -4.81867632E-020  -3.08395285E-019   2.31534414E-002   2.40396297E-002  -4.71930666E-002   2.35965195E-002   7.70606620E-004   2.26317395E-004
     134       1     1.19286715E+001   1.00002269E+000   8.24606549E-002   1.19999997E+001   0.00000000E+000  -3.71047488E-021  -9.02319494E-020  -1.19999997E+001   1.86853115E-020  -1.63834995E-019   1.68653671E-019   2.33562808E-002   2.42434635E-002  -4.75997393E-002   2.37998556E-002   7.76696374E-004   2.27758501E-004
     135       1     1.19280630E+001   1.00002269E+000   8.31647245E-002   1.19999997E+001   0.00000000E+000  -2.84469251E-020  -9.13519151E-020  -1.19999997E+001  -1.80570219E-020  -8.67361738E-020   2.89120579E-020   2.35584983E-002   2.44476830E-002  -4.80061764E-002   2.40030742E-002   7.84535085E-004   2.27062188E-004
     136       1     1.19274568E+001   1.00002269E+000   8.38661812E-002   1.19999997E+001   0.00000000E+000   2.12655268E-020  -5.57112392E-020  -1.19999997E+001  -2.49681343E-020  -3.85494106E-020   2.65027198E-019   2.37605440E-002   2.46505911E-002  -4.84111299E-002   2.42055507E-002   7.90673912E-004   2.27976317E-004
     137       1     1.19268335E+001   1.00002269E+000   8.45874731E-002   1.19999997E+001   0.00000000E+000  -3.33504518E-020   7.08013665E-020  -1.19999997E+001  -3.90046908E-020   1.44560290E-020  -1.20466908E-019   2.39674374E-002   2.48600746E-002  -4.88275070E-002   2.44137392E-002   7.97477945E-004   2.31312214E-004
     138       1     1.19262246E+001   1.00002269E+000   8.52922211E-002   1.19999997E+001   0.00000000E+000   2.35572215E-020   4.71997346E-020  -1.19999997E+001   7.52984350E-021   4.33680869E-020   5.30054395E-020   2.41677062E-002   2.50666319E-002  -4.92343329E-002   2.46171519E-002   8.03725572E-004   2.32490815E-004
     139       1     1.19255832E+001   1.00002269E+000   8.60346063E-002   1.19999997E+001   0.00000000E+000   2.68832964E-020   7.73799890E-020  -1.19999997E+001  -6.81302716E-021   4.81867632E-020   1.97565729E-019   2.43771693E-002   2.52856589E-002  -4.96628230E-002   2.48313968E-002   8.12150108E-004   2.37729826E-004
     140       1     1.19249791E+001   1.00002269E+000   8.67335981E-002   1.19999997E+001   0.00000000E+000  -3.49173157E-020   7.98681483E-020  -1.19999997E+001   3.21307096E-020  -1.44560290E-020   2.31296463E-019   2.45782021E-002   2.54881578E-002  -5.00663542E-002   2.50331621E-002   8.18456104E-004   2.37176956E-004
     141       1     1.19243800E+001   1.00002269E+000   8.74269627E-002   1.19999997E+001   0.00000000E+000  -3.74279742E-020   6.63715018E-020  -1.19999997E+001   3.37925706E-020   1.73472348E-019   6.26427922E-020   2.47765105E-002   2.56901056E-002  -5.04666103E-002   2.52332900E-002   8.25086314E-004   2.38815496E-004
     142       1     1.19237627E+001   1.00002269E+000   8.81413927E-002   1.19999997E+001   0.00000000E+000  -1.16058219E-020  -1.15854696E-019  -1.19999997E+001  -3.30350202E-021   3.37307343E-020  -1.39741613E-019   2.49816628E-002   2.58974041E-002  -5.08790611E-002   2.54395153E-002   8.30789839E-004   2.38644347E-004
     143       1     1.19231532E+001   1.00002269E+000   8.88467792E-002   1.19999997E+001   0.00000000E+000   3.49152569E-020   8.49762276E-020  -1.19999997E+001  -3.01920924E-020   3.37307343E-020  -1.68653671E-019   2.51844021E-002   2.61018828E-002  -5.12862792E-002   2.56431242E-002   8.36977586E-004   2.39349629E-004
     144       1     1.19225558E+001   1.00002269E+000   8.95381173E-002   1.19999997E+001   0.00000000E+000   1.28456370E-020   1.31922440E-019  -1.19999997E+001  -1.16039102E-020  -9.15548501E-020   1.92747053E-020   2.53829639E-002   2.63024212E-002  -5.16853793E-002   2.58426742E-002   8.43489287E-004   2.39868880E-004
     145       1     1.19219567E+001   1.00002269E+000   9.02315038E-002   1.19999997E+001   0.00000000E+000   3.65896175E-020   2.11394130E-019  -1.19999997E+001  -3.49596673E-020   1.15648232E-019   1.54197642E-019   2.55822227E-002   2.65034517E-002  -5.20856686E-002   2.60428187E-002   8.49617672E-004   2.40548908E-004
     146       1     1.19213543E+001   1.00002269E+000   9.09286512E-002   1.19999997E+001   0.00000000E+000  -2.69385888E-020  -5.60600521E-020  -1.19999997E+001   2.68635176E-020   5.78241159E-020  -1.92747053E-019   2.57830399E-002   2.67050870E-002  -5.24881211E-002   2.62440449E-002   8.56687292E-004   2.40613321E-004
     147       1     1.19207470E+001   1.00002269E+000   9.16316217E-002   1.19999997E+001   0.00000000E+000  -2.29404757E-021   8.55579745E-020  -1.19999997E+001   2.10081817E-021   4.81867632E-020   2.40933816E-020   2.59844814E-002   2.69094603E-002  -5.28939360E-002   2.64469523E-002   8.62831041E-004   2.41950956E-004
     148       1     1.19201374E+001   1.00002269E+000   9.23370880E-002   1.19999997E+001   0.00000000E+000  -2.19060955E-020   6.09399030E-020  -1.19999997E+001  -3.44046107E-020   1.30104261E-019   8.19174975E-020   2.61876415E-002   2.71135651E-002  -5.33012004E-002   2.66505841E-002   8.68864078E-004   2.43740533E-004
     149       1     1.19195269E+001   1.00002269E+000   9.30437634E-002   1.19999997E+001   0.00000000E+000   1.22393320E-020   9.57776623E-020  -1.19999997E+001  -9.65404331E-021   4.81867632E-021   7.22801448E-020   2.63900400E-002   2.73191203E-002  -5.37091544E-002   2.68545611E-002   8.75284585E-004   2.43899037E-004
     150       1     1.19189174E+001   1.00002269E+000   9.37492394E-002   1.19999997E+001   0.00000000E+000   2.88435306E-020   1.11864818E-019  -1.19999997E+001   1.09559888E-020  -1.15648232E-019   1.87928377E-019   2.65933500E-002   2.75230842E-002  -5.41164282E-002   2.70581979E-002   8.81612032E-004   2.44003432E-004
     151       1     1.19182606E+001   1.00002269E+000   9.45094220E-002   1.19999997E+001   0.00000000E+000  -1.82082673E-021   1.88551887E-019  -1.19999997E+001   1.23830041E-020  -3.37307343E-020   4.33680869E-020   2.68116673E-002   2.77436184E-002  -5.45552798E-002   2.72776236E-002   8.88172566E-004   2.44542519E-004
     152       1     1.19175117E+001   1.00002269E+000   9.53761528E-002   1.19999997E+001   0.00000000E+000  -1.17584643E-021   3.22378387E-020  -1.19999997E+001   1.86883997E-020   1.92747053E-019  -1.73472348E-019   2.70607339E-002   2.79949729E-002  -5.50557008E-002   2.75278341E-002   8.91252500E-004   2.48014428E-004
     153       1     1.19167314E+001   1.00002269E+000   9.62792396E-002   1.19999997E+001   0.00000000E+000   3.07637661E-022   6.56350537E-020  -1.19999997E+001  -2.47399795E-020   3.85494106E-020  -1.10829555E-019   2.73216892E-002   2.82554261E-002  -5.55771097E-002   2.77885384E-002   8.95811390E-004   2.50042447E-004
     154       1     1.19160262E+001   1.00002269E+000   9.70954928E-002   1.19999997E+001   0.00000000E+000  -2.42998459E-020   2.49810016E-020  -1.19999997E+001   2.48210800E-020  -1.01192203E-019   1.92747053E-020   2.75552926E-002   2.84930769E-002  -5.60483642E-002   2.80241661E-002   8.99762844E-004   2.52501478E-004
     155       1     1.19153301E+001   1.00002269E+000   9.79012519E-002   1.19999997E+001   0.00000000E+000   3.22331329E-020   4.79032425E-020  -1.19999997E+001   3.70236484E-020  -9.15548501E-020  -1.83109700E-019   2.77862613E-002   2.87272604E-002  -5.65135161E-002   2.82567420E-002   9.06932873E-004   2.53746785E-004
     156       1     1.19146907E+001   1.00002269E+000   9.86414448E-002   1.19999997E+001   0.00000000E+000   2.72135804E-020   2.31171173E-019  -1.19999997E+001  -6.68656044E-021  -9.63735264E-020   1.15648232E-019   2.80007663E-002   2.89400785E-002  -5.69408396E-002   2.84704039E-002   9.13525240E-004   2.54252995E-004
     157       1     1.19140995E+001   1.00002269E+000   9.93257580E-002   1.19999997E+001   0.00000000E+000  -8.55591509E-021  -6.99890384E-020  -1.19999997E+001  -2.40776468E-020  -8.19174975E-020   1.73472348E-019   2.81983576E-002   2.91375556E-002  -5.73359082E-002   2.86679380E-002   9.18686804E-004   2.55545018E-004
     158       1     1.19135296E+001   1.00002269E+000   9.99855030E-002   1.19999997E+001   0.00000000E+000  -3.85897035E-020   8.91778639E-020  -1.19999997E+001   5.78026459E-021   1.15648232E-019   1.44560290E-019   2.83879841E-002   2.93287836E-002  -5.77167628E-002   2.88583653E-002   9.25591392E-004   2.54992177E-004
     159       1     1.19129532E+001   1.00002269E+000   1.00652817E-001   1.19999997E+001   0.00000000E+000  -4.96643651E-020   1.33799442E-019  -1.19999997E+001   3.39235960E-020   6.26427922E-020  -3.22851314E-019   2.85796939E-002   2.95222899E-002  -5.81019782E-002   2.90509731E-002   9.32885541E-004   2.55008674E-004
     160       1     1.19123823E+001   1.00002269E+000   1.01313802E-001   1.19999997E+001   0.00000000E+000   7.56529830E-020  -1.33717092E-019  -1.19999997E+001   2.00402701E-020   9.63735264E-021  -2.79483227E-019   2.87696397E-002   2.97138938E-002  -5.84835284E-002   2.92417484E-002   9.40873874E-004   2.55064813E-004
     161       1     1.19118089E+001   1.00002269E+000   1.01977614E-001   1.19999997E+001   0.00000000E+000  -3.99899548E-020   1.41746258E-019  -1.19999997E+001   2.66011726E-020   1.25285584E-019   2.40933816E-020   2.89613375E-002   2.99054114E-002  -5.88667430E-002   2.94333553E-002   9.47174500E-004   2.55519156E-004
     162       1     1.19111891E+001   1.00002269E+000   1.02695133E-001   1.19999997E+001   0.00000000E+000  -3.83252998E-021  -1.51576546E-019  -1.19999997E+001   2.45885135E-020  -2.89120579E-020  -1.34922937E-019   2.91677573E-002   3.01131909E-002  -5.92809419E-002   2.96404543E-002   9.54713395E-004   2.56747382E-004
     163       1     1.19106031E+001   1.00002269E+000   1.03373596E-001   1.19999997E+001   0.00000000E+000  -4.02570055E-020  -7.88493559E-020  -1.19999997E+001  -2.93451329E-020   1.10829555E-019   1.25285584E-019   2.93634539E-002   3.03091755E-002  -5.96726229E-002   2.98362948E-002   9.60331052E-004   2.57877235E-004
     164       1     1.19100291E+001   1.00002269E+000   1.04038100E-001   1.19999997E+001   0.00000000E+000  -4.57015450E-021  -1.44723814E-019  -1.19999997E+001   3.35622835E-020  -1.54197642E-019  -6.26427922E-020   2.95552610E-002   3.05009762E-002  -6.00562303E-002   3.00280982E-002   9.67056775E-004   2.58180368E-004
     165       1     1.19094110E+001   1.00002269E+000   1.04753702E-001   1.19999997E+001   0.00000000E+000  -4.90790889E-020   3.09284669E-020  -1.19999997E+001  -3.75539998E-021  -9.63735264E-020   1.87928377E-019   2.97645478E-002   3.07048144E-002  -6.04693551E-002   3.02346604E-002   9.74553861E-004   2.57818984E-004
     166       1     1.19087881E+001   1.00002269E+000   1.05474930E-001   1.19999997E+001   0.00000000E+000   1.82032674E-020   1.88910699E-019  -1.19999997E+001  -6.43620044E-021   1.44560290E-020   1.49378966E-019   2.99686371E-002   3.09170512E-002  -6.08856811E-002   3.04428232E-002   9.81571271E-004   2.58109707E-004
     167       1     1.19081864E+001   1.00002269E+000   1.06171652E-001   1.19999997E+001   0.00000000E+000   2.42066134E-020  -2.13451126E-019  -1.19999997E+001  -1.64848640E-020  -1.20466908E-019  -1.78291024E-019   3.01699053E-002   3.11179788E-002  -6.12878767E-002   3.06439209E-002   9.89644893E-004   2.57176195E-004
     168       1     1.19075799E+001   1.00002269E+000   1.06873846E-001   1.19999997E+001   0.00000000E+000   1.67030191E-020  -9.73523201E-020  -1.19999997E+001   3.60824271E-020   0.00000000E+000   2.40933816E-020   3.03702330E-002   3.13229875E-002  -6.16932133E-002   3.08465892E-002   9.97328625E-004   2.57625627E-004
     169       1     1.19069841E+001   1.00002269E+000   1.07563715E-001   1.19999997E+001   0.00000000E+000   2.81582574E-020  -4.61315319E-020  -1.19999997E+001   1.77244585E-020   1.15648232E-019  -1.83109700E-019   3.05696090E-002   3.15218413E-002  -6.20914440E-002   3.10457048E-002   1.00555693E-003   2.57956018E-004
     170       1     1.19063933E+001   1.00002269E+000   1.08247805E-001   1.19999997E+001   0.00000000E+000  -1.76715190E-020  -2.14095812E-019  -1.19999997E+001   1.31379810E-020  -8.19174975E-020   1.44560290E-019   3.07676787E-002   3.17186889E-002  -6.24863615E-002   3.12431634E-002   1.01245862E-003   2.58352924E-004
     171       1     1.19057932E+001   1.00002269E+000   1.08942699E-001   1.19999997E+001   0.00000000E+000   6.27951405E-021   4.90273258E-020  -1.19999997E+001   2.66669795E-020  -1.73472348E-019  -1.78291024E-019   3.09685739E-002   3.19189351E-002  -6.28875028E-002   3.14437338E-002   1.02044671E-003   2.57610969E-004
     172       1     1.19052118E+001   1.00002269E+000   1.09615910E-001   1.19999997E+001   0.00000000E+000  -3.21678408E-020  -3.15499185E-020  -1.19999997E+001  -3.02971627E-020   4.81867632E-020  -5.78241159E-020   3.11622370E-002   3.21139092E-002  -6.32761402E-002   3.16380525E-002   1.02702657E-003   2.56306485E-004
     173       1     1.19046407E+001   1.00002269E+000   1.10277312E-001   1.19999997E+001   0.00000000E+000   2.98832047E-020  -5.99861086E-020  -1.19999997E+001  -6.27754352E-020   2.31296463E-019  -1.92747053E-020   3.13527655E-002   3.23051649E-002  -6.36579245E-002   3.18289444E-002   1.03548011E-003   2.56437581E-004
     174       1     1.19040681E+001   1.00002269E+000   1.10940352E-001   1.19999997E+001   0.00000000E+000   5.77350009E-020   1.51154500E-019  -1.19999997E+001  -2.02601164E-020   1.49378966E-019  -1.39741613E-019   3.15449885E-002   3.24956652E-002  -6.40406479E-002   3.20203059E-002   1.04500563E-003   2.56220100E-004
     175       1     1.19034571E+001   1.00002269E+000   1.11647945E-001   1.19999997E+001   0.00000000E+000   2.31860564E-020   2.45598674E-019  -1.19999997E+001  -4.17560773E-021  -8.19174975E-020  -7.70988212E-020   3.17494963E-002   3.26996261E-002  -6.44491165E-002   3.22245400E-002   1.05294884E-003   2.56677977E-004
     176       1     1.19028680E+001   1.00002269E+000   1.12330133E-001   1.19999997E+001   0.00000000E+000   2.73385766E-020  -4.70259163E-020  -1.19999997E+001  -2.03190116E-020  -6.74614685E-020  -1.87928377E-019   3.19417528E-002   3.29011471E-002  -6.48428938E-002   3.24214284E-002   1.05995896E-003   2.57021415E-004
     177       1     1.19022855E+001   1.00002269E+000   1.13004713E-001   1.19999997E+001   0.00000000E+000  -7.78093877E-021  -1.34168548E-019  -1.19999997E+001   1.62206809E-020  -3.85494106E-020   1.63834995E-019   3.21373496E-002   3.30949439E-002  -6.52322874E-002   3.26161251E-002   1.06923989E-003   2.56093234E-004
     178       1     1.19017196E+001   1.00002269E+000   1.13660136E-001   1.19999997E+001   0.00000000E+000  -3.64332988E-020   1.86067845E-020  -1.19999997E+001   2.46286594E-021   5.30054395E-020  -2.12021758E-019   3.23265041E-002   3.32841233E-002  -6.56106209E-002   3.28052917E-002   1.07817634E-003   2.54144763E-004
     179       1     1.19011581E+001   1.00002269E+000   1.14310406E-001   1.19999997E+001   0.00000000E+000  -9.82469986E-021  -1.30223963E-019  -1.19999997E+001   2.14753734E-020  -1.63834995E-019  -1.25285584E-019   3.25136154E-002   3.34723756E-002  -6.59859846E-002   3.29929730E-002   1.08625163E-003   2.53194890E-004
     180       1     1.19005992E+001   1.00002269E+000   1.14957729E-001   1.19999997E+001   0.00000000E+000   2.64209576E-020   1.07047318E-019  -1.19999997E+001  -3.77481851E-020   1.92747053E-020  -1.97565729E-019   3.27002934E-002   3.36593491E-002  -6.63596355E-002   3.31797981E-002   1.09534798E-003   2.51460187E-004
     181       1     1.19000427E+001   1.00002269E+000   1.15602297E-001   1.19999997E+001   0.00000000E+000  -1.47380792E-020   2.91491095E-020  -1.19999997E+001   1.42904826E-020  -1.97565729E-019   2.40933816E-020   3.28864107E-002   3.38453007E-002  -6.67317043E-002   3.33658321E-002   1.10396805E-003   2.49976974E-004
     182       1     1.18994839E+001   1.00002269E+000   1.16249433E-001   1.19999997E+001   0.00000000E+000   4.94631948E-021   1.38254600E-019  -1.19999997E+001   1.00871918E-021  -1.15648232E-019  -1.30104261E-019   3.30722170E-002   3.40330509E-002  -6.71052601E-002   3.35526099E-002   1.11165950E-003   2.49274221E-004
     183       1     1.18989300E+001   1.00002269E+000   1.16891036E-001   1.19999997E+001   0.00000000E+000   2.10728856E-021  -6.61907720E-020  -1.19999997E+001  -4.22248130E-020   1.39741613E-019  -2.89120579E-020   3.32573542E-002   3.42182878E-002  -6.74756339E-002   3.37377968E-002   1.11910428E-003   2.47893075E-004
     184       1     1.18983744E+001   1.00002269E+000   1.17534504E-001   1.19999997E+001   0.00000000E+000   2.15514004E-020   2.21450735E-019  -1.19999997E+001  -2.63222473E-020   0.00000000E+000   1.20466908E-019   3.34430459E-002   3.44040211E-002  -6.78470588E-002   3.39235090E-002   1.12811467E-003   2.46465284E-004
     185       1     1.18978176E+001   1.00002269E+000   1.18179448E-001   1.19999997E+001   0.00000000E+000   5.13228439E-020  -1.22600372E-019  -1.19999997E+001   1.03533969E-020   8.19174975E-020  -1.25285584E-019   3.36291453E-002   3.45902128E-002  -6.82193499E-002   3.41096544E-002   1.13653264E-003   2.43809563E-004
     186       1     1.18972579E+001   1.00002269E+000   1.18827729E-001   1.19999997E+001   0.00000000E+000   4.47333393E-020   9.27829008E-020  -1.19999997E+001  -4.64040971E-021   1.30104261E-019  -4.81867632E-020   3.38160807E-002   3.47774973E-002  -6.85935694E-002   3.42967638E-002   1.14450948E-003   2.42416586E-004
     187       1     1.18966954E+001   1.00002269E+000   1.19479257E-001   1.19999997E+001   0.00000000E+000  -1.49498374E-020   1.13170072E-020  -1.19999997E+001   3.27358014E-020  -7.70988212E-020  -1.68653671E-019   3.40032404E-002   3.49664143E-002  -6.89696462E-002   3.44848022E-002   1.15348854E-003   2.39851651E-004
     188       1     1.18961271E+001   1.00002269E+000   1.20137596E-001   1.19999997E+001   0.00000000E+000  -3.75362062E-020  -1.45489673E-019  -1.19999997E+001  -3.02011362E-020  -1.10829555E-019  -5.30054395E-020   3.41945280E-002   3.51551398E-002  -6.93496593E-002   3.46748087E-002   1.16287576E-003   2.38528481E-004
     189       1     1.18955506E+001   1.00002269E+000   1.20805244E-001   1.19999997E+001   0.00000000E+000   8.88149338E-021   1.08279707E-019  -1.19999997E+001   1.17405237E-020   2.50571169E-019   1.73472348E-019   3.43872307E-002   3.53478829E-002  -6.97351049E-002   3.48675313E-002   1.16792086E-003   2.39278929E-004
     190       1     1.18949747E+001   1.00002269E+000   1.21472288E-001   1.19999997E+001   0.00000000E+000  -2.13478772E-020   8.45804308E-020  -1.19999997E+001  -1.25624103E-020   2.21659111E-019  -1.20466908E-019   3.45794141E-002   3.55407505E-002  -7.01201554E-002   3.50600562E-002   1.17556420E-003   2.39918063E-004
     191       1     1.18943900E+001   1.00002269E+000   1.22149617E-001   1.19999997E+001   0.00000000E+000   4.90008560E-020   1.55608702E-019  -1.19999997E+001   2.71996838E-020   1.49378966E-019   2.40933816E-020   3.47730238E-002   3.57381292E-002  -7.05111437E-002   3.52555502E-002   1.18353933E-003   2.36318336E-004
     192       1     1.18938180E+001   1.00002269E+000   1.22812215E-001   1.19999997E+001   0.00000000E+000   9.51882685E-021  -7.36716097E-020  -1.19999997E+001  -2.67854133E-020  -8.19174975E-020   1.92747053E-019   3.49653304E-002   3.59283126E-002  -7.08936340E-002   3.54467953E-002   1.19182406E-003   2.34468161E-004
     193       1     1.18932607E+001   1.00002269E+000   1.23457751E-001   1.19999997E+001   0.00000000E+000   3.08128822E-020  -9.19118061E-020  -1.19999997E+001  -2.18998089E-020  -1.44560290E-020  -1.10829555E-019   3.51530202E-002   3.61132540E-002  -7.12662651E-002   3.56331105E-002   1.20083478E-003   2.31591884E-004
     194       1     1.18926886E+001   1.00002269E+000   1.24120463E-001   1.19999997E+001   0.00000000E+000   1.20555141E-021  -6.19830927E-020  -1.19999997E+001   3.96169883E-020   2.16840434E-019  -6.26427922E-020   3.53450160E-002   3.63038116E-002  -7.16488183E-002   3.58243870E-002   1.20920297E-003   2.29128498E-004
     195       1     1.18921057E+001   1.00002269E+000   1.24795688E-001   1.19999997E+001   0.00000000E+000  -7.27654241E-021   3.85388962E-020  -1.19999997E+001  -3.87210597E-020  -5.30054395E-020  -1.20466908E-019   3.55393541E-002   3.64992474E-002  -7.20385919E-002   3.60192734E-002   1.21732763E-003   2.27118976E-004
     196       1     1.18915456E+001   1.00002269E+000   1.25444548E-001   1.19999997E+001   0.00000000E+000   4.06125828E-020   9.29628218E-020  -1.19999997E+001   1.88910773E-020  -7.70988212E-020   1.01192203E-019   3.57268173E-002   3.66863376E-002  -7.24131455E-002   3.62065501E-002   1.22545399E-003   2.24965472E-004
     197       1     1.18909942E+001   1.00002269E+000   1.26083331E-001   1.19999997E+001   0.00000000E+000  -5.51250807E-020   3.53610300E-019  -1.19999997E+001  -2.29535635E-020  -9.15548501E-020  -1.44560290E-020   3.59113069E-002   3.68705491E-002  -7.27818467E-002   3.63909006E-002   1.23594283E-003   2.20472473E-004
     198       1     1.18904491E+001   1.00002269E+000   1.26714902E-001   1.19999997E+001   0.00000000E+000   4.28316327E-020   9.99326089E-020  -1.19999997E+001  -1.34513905E-020   7.70988212E-020   4.81867632E-020   3.60918128E-002   3.70545809E-002  -7.31463850E-002   3.65731697E-002   1.24573317E-003   2.15018744E-004
     199       1     1.18898952E+001   1.00002269E+000   1.27356665E-001   1.19999997E+001   0.00000000E+000  -2.13787587E-020  -6.07857901E-020  -1.19999997E+001   1.21432044E-020  -1.25285584E-019  -1.01192203E-019   3.62747963E-002   3.72420348E-002  -7.35168221E-002   3.67583880E-002   1.25362132E-003   2.14897634E-004
     200       1     1.18893427E+001   1.00002269E+000   1.27996802E-001   1.19999997E+001   0.00000000E+000  -7.68311823E-020   8.42238976E-020  -1.19999997E+001   7.83022035E-021   5.78241159E-020   7.70988212E-020   3.64582942E-002   3.74280165E-002  -7.38863014E-002   3.69431275E-002   1.26306516E-003   2.14088502E-004
     201       1     1.18887877E+001   1.00002269E+000   1.28639816E-001   1.19999997E+001   0.00000000E+000   3.94879113E-020  -8.91061014E-020  -1.19999997E+001  -1.21309414E-020  -2.65027198E-019   1.20466908E-019   3.66433498E-002   3.76141159E-002  -7.42574561E-002   3.71287045E-002   1.27230391E-003   2.11363145E-004
     202       1     1.18882432E+001   1.00002269E+000   1.29270807E-001   1.19999997E+001   0.00000000E+000  -5.68894385E-021   1.11966138E-019  -1.19999997E+001   2.22200912E-020  -2.40933816E-020   1.83109700E-019   3.68248112E-002   3.77968334E-002  -7.46216360E-002   3.73107945E-002   1.28354587E-003   2.07469630E-004
     203       1     1.18876977E+001   1.00002269E+000   1.29902827E-001   1.19999997E+001   0.00000000E+000   4.08681633E-020  -1.43889869E-019  -1.19999997E+001  -2.10181493E-020  -1.44560290E-019   7.70988212E-020   3.70077835E-002   3.79786460E-002  -7.49864211E-002   3.74931869E-002   1.29430443E-003   2.05011235E-004
     204       1     1.18871516E+001   1.00002269E+000   1.30535658E-001   1.19999997E+001   0.00000000E+000   3.33245702E-020  -2.17397035E-019  -1.19999997E+001   3.10240430E-020   8.19174975E-020  -6.26427922E-020   3.71905632E-002   3.81611260E-002  -7.53516807E-002   3.76758166E-002   1.30465106E-003   2.01805293E-004
     205       1     1.18866099E+001   1.00002269E+000   1.31163324E-001   1.19999997E+001   0.00000000E+000  -5.46583302E-020   2.64659562E-019  -1.19999997E+001   3.62608684E-020  -1.34922937E-019   3.66219400E-019   3.73711397E-002   3.83428194E-002  -7.57139521E-002   3.78569530E-002   1.31518835E-003   1.97612618E-004
     206       1     1.18860708E+001   1.00002269E+000   1.31787944E-001   1.19999997E+001   0.00000000E+000  -1.24149149E-020  -1.43881781E-019  -1.19999997E+001   1.65556891E-020  -1.20466908E-019  -1.78291024E-019   3.75523840E-002   3.85221069E-002  -7.60744838E-002   3.80372188E-002   1.32500955E-003   1.94132331E-004
     207       1     1.18855194E+001   1.00002269E+000   1.32426911E-001   1.19999997E+001   0.00000000E+000   7.72094060E-021  -1.96297533E-019  -1.19999997E+001  -7.91338601E-020   1.87928377E-019  -3.03576608E-019   3.77350047E-002   3.87083001E-002  -7.64432976E-002   3.82216254E-002   1.33358934E-003   1.93392280E-004
     208       1     1.18849775E+001   1.00002269E+000   1.33054793E-001   1.19999997E+001   0.00000000E+000  -2.38636827E-020  -4.53156745E-020  -1.19999997E+001   1.19593038E-020  -8.67361738E-020   2.07203082E-019   3.79170386E-002   3.88887060E-002  -7.68057369E-002   3.84028446E-002   1.34180115E-003   1.91076537E-004
     209       1     1.18844302E+001   1.00002269E+000   1.33689004E-001   1.19999997E+001   0.00000000E+000   4.72817909E-020   1.85732561E-020  -1.19999997E+001   1.53238150E-020   1.92747053E-019   7.22801448E-020   3.80995582E-002   3.90722623E-002  -7.71718133E-002   3.85858828E-002   1.35053603E-003   1.88713015E-004
     210       1     1.18838870E+001   1.00002269E+000   1.34318384E-001   1.19999997E+001   0.00000000E+000  -6.56835816E-020   1.66879314E-019  -1.19999997E+001   6.73161421E-021   1.30104261E-019   1.59016319E-019   3.82824521E-002   3.92526773E-002  -7.75351214E-002   3.87675362E-002   1.35858609E-003   1.86682193E-004
     211       1     1.18833428E+001   1.00002269E+000   1.34949030E-001   1.19999997E+001   0.00000000E+000   2.71503470E-020  -1.50768924E-019  -1.19999997E+001  -1.60730935E-020  -6.74614685E-020   3.37307343E-020   3.84644251E-002   3.94347265E-002  -7.78991431E-002   3.89495466E-002   1.36716636E-003   1.84844966E-004
     212       1     1.18828038E+001   1.00002269E+000   1.35573632E-001   1.19999997E+001   0.00000000E+000  -5.46589184E-020  -1.82738535E-019  -1.19999997E+001  -3.35068624E-020  -1.68653671E-019  -1.63834995E-019   3.86441049E-002   3.96155555E-002  -7.82596518E-002   3.91298006E-002   1.37696047E-003   1.82048074E-004
     213       1     1.18822650E+001   1.00002269E+000   1.36198074E-001   1.19999997E+001   0.00000000E+000   1.85061994E-020  -4.76753083E-020  -1.19999997E+001  -6.44102750E-020  -4.81867632E-020  -1.49378966E-019   3.88232890E-002   3.97968011E-002  -7.86200820E-002   3.93100156E-002   1.38585105E-003   1.78838783E-004
     214       1     1.18817273E+001   1.00002269E+000   1.36821199E-001   1.19999997E+001   0.00000000E+000  -4.63371138E-020  -1.16164098E-019  -1.19999997E+001  -5.71824443E-021  -1.54197642E-019   1.78291024E-019   3.90022015E-002   3.99775405E-002  -7.89797337E-002   3.94898413E-002   1.39562432E-003   1.76750309E-004
     215       1     1.18811818E+001   1.00002269E+000   1.37453392E-001   1.19999997E+001   0.00000000E+000  -1.20163976E-020  -2.35913381E-019  -1.19999997E+001   1.09937818E-021  -1.10829555E-019  -1.87928377E-019   3.91835286E-002   4.01610973E-002  -7.93446178E-002   3.96722832E-002   1.40587640E-003   1.71965394E-004
     216       1     1.18806394E+001   1.00002269E+000   1.38082045E-001   1.19999997E+001   0.00000000E+000  -9.69882135E-021  -1.26409079E-019  -1.19999997E+001  -9.36482421E-021  -4.33680869E-020   1.73472348E-019   3.93642760E-002   4.03431834E-002  -7.97074519E-002   3.98537003E-002   1.41635614E-003   1.69243127E-004
     217       1     1.18800973E+001   1.00002269E+000   1.38710298E-001   1.19999997E+001   0.00000000E+000  -3.46274716E-020   1.69607760E-019  -1.19999997E+001   6.18003915E-020  -2.07203082E-019   3.37307343E-020   3.95439864E-002   4.05260869E-002  -8.00700660E-002   4.00350072E-002   1.42594245E-003   1.65782110E-004
     218       1     1.18795435E+001   1.00002269E+000   1.39352082E-001   1.19999997E+001   0.00000000E+000   2.55736305E-020  -1.59824529E-020  -1.19999997E+001  -3.32198307E-020  -1.06010879E-019   9.15548501E-020   3.97287031E-002   4.07118034E-002  -8.04404985E-002   4.02202229E-002   1.43557458E-003   1.62499002E-004
     219       1     1.18789922E+001   1.00002269E+000   1.39991143E-001   1.19999997E+001   0.00000000E+000  -6.65717898E-020  -3.82076563E-020  -1.19999997E+001  -1.81213582E-020  -1.25285584E-019   1.92747053E-019   3.99118950E-002   4.08974597E-002  -8.08093459E-002   4.04046460E-002   1.44553541E-003   1.60363770E-004
     220       1     1.18784500E+001   1.00002269E+000   1.40619456E-001   1.19999997E+001   0.00000000E+000   4.20969493E-020  -8.76773215E-020  -1.19999997E+001  -1.69940397E-020   6.26427922E-020   2.98757932E-019   4.00933895E-002   4.10786184E-002  -8.11719988E-002   4.05859722E-002   1.45543634E-003   1.56850213E-004
     221       1     1.18779029E+001   1.00002269E+000   1.41253627E-001   1.19999997E+001   0.00000000E+000   7.96387436E-021   6.32998309E-020  -1.19999997E+001   1.18813650E-020   0.00000000E+000   1.54197642E-019   4.02775887E-002   4.12604609E-002  -8.15380408E-002   4.07689930E-002   1.46544894E-003   1.52073271E-004
     222       1     1.18773630E+001   1.00002269E+000   1.41879420E-001   1.19999997E+001   0.00000000E+000  -3.92217430E-020  -1.35707031E-019  -1.19999997E+001   3.67092462E-020  -2.21659111E-019   1.25285584E-019   4.04566901E-002   4.14425141E-002  -8.18991964E-002   4.09495710E-002   1.47736133E-003   1.45809309E-004
     223       1     1.18768179E+001   1.00002269E+000   1.42511221E-001   1.19999997E+001   0.00000000E+000  -4.96043670E-020   1.71997099E-019  -1.19999997E+001   1.68275006E-020   1.34922937E-019   2.31296463E-019   4.06388542E-002   4.16250170E-002  -8.22638637E-002   4.11319046E-002   1.48716001E-003   1.41170763E-004
     224       1     1.18762766E+001   1.00002269E+000   1.43138684E-001   1.19999997E+001   0.00000000E+000   4.84896951E-020   5.16266581E-020  -1.19999997E+001   6.63840014E-020   2.89120579E-020   8.67361738E-020   4.08199831E-002   4.18060452E-002  -8.26260200E-002   4.13129823E-002   1.49734222E-003   1.36334802E-004
     225       1     1.18757350E+001   1.00002269E+000   1.43766519E-001   1.19999997E+001   0.00000000E+000  -3.22434268E-020   5.23883996E-020  -1.19999997E+001   4.91896738E-022   1.01192203E-019   1.44560290E-020   4.10026806E-002   4.19856949E-002  -8.29883676E-002   4.14941561E-002   1.50935635E-003   1.30503332E-004
     226       1     1.18751932E+001   1.00002269E+000   1.44394522E-001   1.19999997E+001   0.00000000E+000   1.55512896E-020   1.50307173E-019  -1.19999997E+001  -3.52092920E-020  -1.25285584E-019  -7.22801448E-020   4.11827959E-002   4.21680464E-002  -8.33508343E-002   4.16753893E-002   1.51926005E-003   1.24899842E-004
     227       1     1.18746534E+001   1.00002269E+000   1.45020237E-001   1.19999997E+001   0.00000000E+000   2.84991294E-020  -1.93381739E-019  -1.19999997E+001   1.96694726E-020  -5.78241159E-020   3.13213961E-019   4.13638973E-002   4.23480976E-002  -8.37119864E-002   4.18559649E-002   1.52917232E-003   1.20528069E-004
     228       1     1.18741083E+001   1.00002269E+000   1.45652054E-001   1.19999997E+001   0.00000000E+000  -3.75764991E-020   9.86652211E-020  -1.19999997E+001   1.81973853E-020   9.63735264E-021   3.61400724E-019   4.15463028E-002   4.25303750E-002  -8.40766693E-002   4.20383058E-002   1.53848043E-003   1.16935918E-004
     229       1     1.18735561E+001   1.00002269E+000   1.46292081E-001   1.19999997E+001   0.00000000E+000  -5.79608764E-020  -7.71635251E-020  -1.19999997E+001  -3.55204590E-020   5.78241159E-020   4.81867632E-021   4.17306078E-002   4.27154945E-002  -8.44460933E-002   4.22230175E-002   1.54744985E-003   1.15237191E-004
     230       1     1.18730097E+001   1.00002269E+000   1.46925579E-001   1.19999997E+001   0.00000000E+000   2.59571482E-020  -5.00443535E-020  -1.19999997E+001   1.48853541E-020   6.74614685E-020   1.92747053E-020   4.19129333E-002   4.28987863E-002  -8.48117103E-002   4.24058257E-002   1.55851925E-003   1.11706415E-004
     231       1     1.18724653E+001   1.00002269E+000   1.47556725E-001   1.19999997E+001   0.00000000E+000   9.19639553E-020   5.33866044E-020  -1.19999997E+001   2.35335458E-020  -1.73472348E-019  -7.70988212E-020   4.20954897E-002   4.30804942E-002  -8.51759745E-002   4.25879576E-002   1.56961934E-003   1.07628280E-004
     232       1     1.18719213E+001   1.00002269E+000   1.48187274E-001   1.19999997E+001   0.00000000E+000  -3.30863422E-020   1.35685267E-019  -1.19999997E+001   4.40265962E-020   2.40933816E-019  -2.02384406E-019   4.22790664E-002   4.32608580E-002  -8.55399143E-002   4.27699270E-002   1.57996771E-003   1.03104757E-004
     233       1     1.18713781E+001   1.00002269E+000   1.48817007E-001   1.19999997E+001   0.00000000E+000  -4.68153345E-020  -1.00085178E-019  -1.19999997E+001   4.02697257E-020  -9.63735264E-020  -4.81867632E-020   4.24606243E-002   4.34427483E-002  -8.59033622E-002   4.29516507E-002   1.59095146E-003   9.74011513E-005
     234       1     1.18708336E+001   1.00002269E+000   1.49448348E-001   1.19999997E+001   0.00000000E+000   2.31798801E-020   1.30846591E-019  -1.19999997E+001   3.12200757E-020   2.60208521E-019  -7.70988212E-020   4.26428114E-002   4.36249435E-002  -8.62677440E-002   4.31338411E-002   1.60146461E-003   9.43929613E-005
     235       1     1.18702932E+001   1.00002269E+000   1.50074796E-001   1.19999997E+001   0.00000000E+000  -8.69355795E-020  -1.26805538E-019  -1.19999997E+001   3.37335283E-020   1.25285584E-019   9.63735264E-020   4.28225365E-002   4.38067711E-002  -8.66292965E-002   4.33146170E-002   1.61194168E-003   9.00732311E-005
     236       1     1.18697488E+001   1.00002269E+000   1.50706097E-001   1.19999997E+001   0.00000000E+000  -7.03096168E-020  -7.93399292E-020  -1.19999997E+001   2.84783947E-020   2.89120579E-020   1.25285584E-019   4.30027399E-002   4.39908803E-002  -8.69936107E-002   4.34967743E-002   1.62447363E-003   8.25368900E-005
     237       1     1.18692110E+001   1.00002269E+000   1.51329652E-001   1.19999997E+001   0.00000000E+000   3.17366775E-020   7.50094732E-020  -1.19999997E+001   7.38609789E-021   8.67361738E-020   6.74614685E-020   4.31836281E-002   4.41698666E-002  -8.73534850E-002   4.36767110E-002   1.63598686E-003   7.68568789E-005
     238       1     1.18686654E+001   1.00002269E+000   1.51962196E-001   1.19999997E+001   0.00000000E+000  -8.54544482E-020   8.29998174E-020  -1.19999997E+001  -2.77093741E-020  -1.15648232E-019  -2.98757932E-019   4.33662861E-002   4.43522696E-002  -8.77185462E-002   4.38592415E-002   1.64739272E-003   7.09130223E-005
     239       1     1.18681224E+001   1.00002269E+000   1.52591732E-001   1.19999997E+001   0.00000000E+000  -3.25007718E-020  -2.26090740E-019  -1.19999997E+001   4.22098870E-020  -1.25285584E-019   6.74614685E-020   4.35466768E-002   4.45352024E-002  -8.80818700E-002   4.40409032E-002   1.65833571E-003   6.64465035E-005
     240       1     1.18675788E+001   1.00002269E+000   1.53222138E-001   1.19999997E+001   0.00000000E+000   4.85514580E-021   1.37333452E-019  -1.19999997E+001  -2.26599695E-020  -2.40933816E-019  -1.73472348E-019   4.37283406E-002   4.47173503E-002  -8.84456816E-002   4.42228088E-002   1.67036710E-003   6.11109707E-005
     241       1     1.18670334E+001   1.00002269E+000   1.53854554E-001   1.19999997E+001   0.00000000E+000  -5.23454597E-020  -4.82444085E-020  -1.19999997E+001  -2.31487046E-020  -2.02384406E-019  -9.63735264E-021   4.39100649E-002   4.49006156E-002  -8.88106711E-002   4.44053033E-002   1.68123246E-003   5.70029079E-005
     242       1     1.18664932E+001   1.00002269E+000   1.54480849E-001   1.19999997E+001   0.00000000E+000   2.45621908E-020  -1.79740391E-019  -1.19999997E+001  -2.39270632E-020   8.67361738E-020   1.44560290E-019   4.40900528E-002   4.50820619E-002  -8.91721060E-002   4.45860208E-002   1.69321212E-003   5.07522044E-005
     243       1     1.18659520E+001   1.00002269E+000   1.55108470E-001   1.19999997E+001   0.00000000E+000  -2.86461837E-020   1.20345735E-019  -1.19999997E+001   3.81911862E-020   2.31296463E-019  -1.92747053E-020   4.42703083E-002   4.52640021E-002  -8.95343019E-002   4.47671187E-002   1.70534729E-003   4.57395742E-005
     244       1     1.18654025E+001   1.00002269E+000   1.55745721E-001   1.19999997E+001   0.00000000E+000   1.40160424E-020  -8.33703943E-020  -1.19999997E+001  -4.51534735E-020   2.89120579E-020  -1.06010879E-019   4.44539480E-002   4.54481153E-002  -8.99020547E-002   4.49509946E-002   1.71780466E-003   4.11257358E-005
     245       1     1.18648485E+001   1.00002269E+000   1.56388111E-001   1.19999997E+001   0.00000000E+000  -2.85014822E-020  -1.06389691E-019  -1.19999997E+001  -3.26357677E-020   1.34922937E-019   2.31296463E-019   4.46361638E-002   4.56366406E-002  -9.02727954E-002   4.51363647E-002   1.72833810E-003   3.72314198E-005
     246       1     1.18642834E+001   1.00002269E+000   1.57043469E-001   1.19999997E+001   0.00000000E+000  -3.07096501E-020  -8.92560968E-020  -1.19999997E+001   6.57951959E-020  -1.15648232E-019  -8.67361738E-020   4.48240407E-002   4.58269602E-002  -9.06509920E-002   4.53254624E-002   1.74112501E-003   3.15474079E-005
     247       1     1.18637357E+001   1.00002269E+000   1.57678655E-001   1.19999997E+001   0.00000000E+000  -5.09790309E-020  -1.11464830E-019  -1.19999997E+001  -7.02212371E-020  -3.37307343E-019  -6.74614685E-020   4.50072850E-002   4.60102890E-002  -9.10175649E-002   4.55087487E-002   1.75291150E-003   2.75605797E-005
     248       1     1.18631866E+001   1.00002269E+000   1.58315442E-001   1.19999997E+001   0.00000000E+000  -2.37069228E-020   5.25478065E-020  -1.19999997E+001   5.73820705E-021  -6.74614685E-020   2.50571169E-019   4.51893722E-002   4.61956876E-002  -9.13850503E-002   4.56924910E-002   1.76483208E-003   2.29206234E-005
     249       1     1.18626410E+001   1.00002269E+000   1.58948161E-001   1.19999997E+001   0.00000000E+000   4.87867449E-021   1.55574071E-019  -1.19999997E+001  -2.22552025E-021   2.02384406E-019   1.73472348E-019   4.53704531E-002   4.63797517E-002  -9.17501960E-002   4.58750639E-002   1.77630368E-003   1.71567776E-005
     250       1     1.18620879E+001   1.00002269E+000   1.59589561E-001   1.19999997E+001   0.00000000E+000   8.31209901E-021  -9.13419154E-020  -1.19999997E+001   4.96576742E-020  -1.44560290E-019  -3.08395285E-019   4.55544665E-002   4.65658894E-002  -9.21203474E-002   4.60601394E-002   1.78822773E-003   1.32350953E-005
     251       1     1.18615422E+001   1.00002269E+000   1.60222362E-001   1.19999997E+001   0.00000000E+000   2.19775639E-020  -1.09749588E-019  -1.19999997E+001   6.10453410E-020  -2.60208521E-019   4.81867632E-020   4.57379080E-002   4.67476772E-002  -9.24855768E-002   4.62427539E-002   1.79841666E-003   9.23483969E-006
     252       1     1.18609922E+001   1.00002269E+000   1.60860269E-001   1.19999997E+001   0.00000000E+000   1.34372366E-020  -2.47121862E-020  -1.19999997E+001   2.25422525E-020  -1.73472348E-019   2.60208521E-019   4.59214165E-002   4.69323300E-002  -9.28537365E-002   4.64268328E-002   1.80915229E-003   4.56179744E-006
     253       1     1.18604549E+001   1.00002268E+000   1.61483422E-001   1.19999997E+001   0.00000000E+000  -3.06149471E-020   8.49726983E-020  -1.19999997E+001   1.31148935E-020  -8.67361738E-020  -9.63735264E-020   4.60991327E-002   4.71142153E-002  -9.32133378E-002   4.66066333E-002   1.82136531E-003  -1.23793347E-006
     254       1     1.18599194E+001   1.00002268E+000   1.62104526E-001   1.19999997E+001   0.00000000E+000   5.71553128E-020  -1.35749971E-019  -1.19999997E+001  -4.05921423E-020  -4.81867632E-020  -2.40933816E-019   4.62783543E-002   4.72934280E-002  -9.35717719E-002   4.67858498E-002   1.83337502E-003  -4.42242251E-006
     255       1     1.18593786E+001   1.00002268E+000   1.62731758E-001   1.19999997E+001   0.00000000E+000   9.16971987E-021   2.07021911E-019  -1.19999997E+001  -7.29267427E-020   2.12021758E-019   1.63834995E-019   4.64597581E-002   4.74740055E-002  -9.39337540E-002   4.69668407E-002   1.84495064E-003  -1.06208561E-005
     256       1     1.18588388E+001   1.00002268E+000   1.63357793E-001   1.19999997E+001   0.00000000E+000   4.50327419E-020  -2.42636117E-019  -1.19999997E+001   4.03581789E-020  -9.63735264E-020  -7.70988212E-020   4.66406629E-002   4.76543735E-002  -9.42950270E-002   4.71474769E-002   1.85742218E-003  -1.32494848E-005
     257       1     1.18582963E+001   1.00002268E+000   1.63986969E-001   1.19999997E+001   0.00000000E+000   5.88417318E-020  -1.66560794E-019  -1.19999997E+001  -2.00001243E-020  -1.06010879E-019  -1.73472348E-019   4.68204694E-002   4.78376892E-002  -9.46581484E-002   4.73290372E-002   1.86754357E-003  -1.65001580E-005
     258       1     1.18577585E+001   1.00002268E+000   1.64610825E-001   1.19999997E+001   0.00000000E+000  -7.85828935E-020   7.06284306E-020  -1.19999997E+001   2.15183132E-020   9.63735264E-020  -6.74614685E-020   4.69988526E-002   4.80193149E-002  -9.50181573E-002   4.75090411E-002   1.87970620E-003  -2.23994917E-005
     259       1     1.18572279E+001   1.00002268E+000   1.65226327E-001   1.19999997E+001   0.00000000E+000  -1.36495830E-020  -6.88343677E-020  -1.19999997E+001   5.01942019E-020   8.67361738E-020   3.85494106E-019   4.71739413E-002   4.81994218E-002  -9.53733536E-002   4.76866392E-002   1.89102907E-003  -2.74132467E-005
     260       1     1.18566917E+001   1.00002268E+000   1.65848181E-001   1.19999997E+001   0.00000000E+000   2.61309664E-020  -4.19548360E-019  -1.19999997E+001   6.12554816E-021   2.12021758E-019   1.54197642E-019   4.73531653E-002   4.83791287E-002  -9.57322846E-002   4.78661038E-002   1.89961892E-003  -3.12781819E-005
     261       1     1.18561568E+001   1.00002268E+000   1.66468640E-001   1.19999997E+001   0.00000000E+000   2.49257091E-020  -3.58476108E-019  -1.19999997E+001   2.56052472E-020   1.25285584E-019   2.89120579E-020   4.75294450E-002   4.85609018E-002  -9.60903373E-002   4.80451297E-002   1.91113804E-003  -3.55602505E-005
     262       1     1.18556165E+001   1.00002268E+000   1.67095447E-001   1.19999997E+001   0.00000000E+000   2.50239414E-020  -2.37680974E-019  -1.19999997E+001  -5.19038555E-020   3.85494106E-020   1.15648232E-019   4.77066405E-002   4.87453901E-002  -9.64520215E-002   4.82259716E-002   1.92410582E-003  -4.20570210E-005
     263       1     1.18550825E+001   1.00002268E+000   1.67714782E-001   1.19999997E+001   0.00000000E+000   1.95299916E-020   2.77512699E-019  -1.19999997E+001  -3.89704271E-020   1.06010879E-019  -1.54197642E-019   4.78829502E-002   4.89264928E-002  -9.68094341E-002   4.84046777E-002   1.93525978E-003  -4.54944449E-005
     264       1     1.18545418E+001   1.00002268E+000   1.68342014E-001   1.19999997E+001   0.00000000E+000   2.83520750E-022  -1.45067333E-019  -1.19999997E+001   4.72567916E-020   1.15648232E-019   7.70988212E-020   4.80607606E-002   4.91106554E-002  -9.71714068E-002   4.85856637E-002   1.94622037E-003  -4.83399029E-005
     265       1     1.18539995E+001   1.00002268E+000   1.68971195E-001   1.19999997E+001   0.00000000E+000  -3.93987964E-020  -2.01544431E-019  -1.19999997E+001   5.59752018E-020   7.70988212E-020  -2.02384406E-019   4.82404968E-002   4.92939991E-002  -9.75344866E-002   4.87672035E-002   1.95840843E-003  -5.28777442E-005
     266       1     1.18534584E+001   1.00002268E+000   1.69598914E-001   1.19999997E+001   0.00000000E+000   2.36304546E-020  -1.10660149E-019  -1.19999997E+001   7.17363379E-020   2.89120579E-020   3.95131458E-019   4.84201410E-002   4.94765848E-002  -9.78967168E-002   4.89483183E-002   1.97092487E-003  -5.76201278E-005
     267       1     1.18529226E+001   1.00002268E+000   1.70220418E-001   1.19999997E+001   0.00000000E+000   3.23378356E-020  -2.87228872E-019  -1.19999997E+001  -2.45682200E-020  -5.78241159E-020   1.73472348E-019   4.85967640E-002   4.96586175E-002  -9.82553724E-002   4.91276457E-002   1.98239679E-003  -6.12728712E-005
     268       1     1.18523798E+001   1.00002268E+000   1.70850188E-001   1.19999997E+001   0.00000000E+000   3.88194023E-020   1.57585774E-019  -1.19999997E+001   1.04929147E-020  -6.74614685E-020   3.75856753E-019   4.87775300E-002   4.98412737E-002  -9.86187944E-002   4.93093564E-002   1.99462381E-003  -6.65608006E-005
     269       1     1.18518401E+001   1.00002268E+000   1.71476267E-001   1.19999997E+001   0.00000000E+000  -8.23616016E-020  -1.10010757E-019  -1.19999997E+001  -1.27834330E-020   1.44560290E-019  -8.67361738E-020   4.89546447E-002   5.00254591E-002  -9.89800945E-002   4.94900061E-002   2.00576414E-003  -6.95671915E-005
     270       1     1.18512956E+001   1.00002268E+000   1.72108032E-001   1.19999997E+001   0.00000000E+000   1.15708230E-020  -1.35668797E-019  -1.19999997E+001  -6.15129738E-020   1.34922937E-019   9.63735264E-021   4.91343832E-002   5.02103027E-002  -9.93446766E-002   4.96722969E-002   2.01715152E-003  -7.42155381E-005
     271       1     1.18507462E+001   1.00002268E+000   1.72745344E-001   1.19999997E+001   0.00000000E+000   3.15584477E-020   4.85796924E-020  -1.19999997E+001  -3.09825829E-020  -9.63735264E-020   7.70988212E-020   4.93158692E-002   5.03965794E-002  -9.97124390E-002   4.98561776E-002   2.02963631E-003  -7.99021475E-005
     272       1     1.18502003E+001   1.00002268E+000   1.73378796E-001   1.19999997E+001   0.00000000E+000  -5.46453894E-021  -2.59933236E-019  -1.19999997E+001  -4.50437710E-020  -1.34922937E-019   0.00000000E+000   4.94957436E-002   5.05822474E-002  -1.00077981E-001   5.00389484E-002   2.04162300E-003  -8.33775732E-005
     273       1     1.18496511E+001   1.00002268E+000   1.74015879E-001   1.19999997E+001   0.00000000E+000   5.81017544E-020  -3.81000125E-020  -1.19999997E+001   3.21973987E-020   1.34922937E-019   1.34922937E-019   4.96768283E-002   5.07688151E-002  -1.00445634E-001   5.02227744E-002   2.05298340E-003  -8.71969130E-005
     274       1     1.18491018E+001   1.00002268E+000   1.74653213E-001   1.19999997E+001   0.00000000E+000   7.18036888E-020  -1.47630784E-019  -1.19999997E+001  -3.43139517E-020   9.63735264E-021  -4.81867632E-019   4.98568718E-002   5.09565663E-002  -1.00813429E-001   5.04066713E-002   2.06420569E-003  -9.03362471E-005
     275       1     1.18485543E+001   1.00002268E+000   1.75288469E-001   1.19999997E+001   0.00000000E+000  -6.27910230E-020  -1.59404542E-019  -1.19999997E+001   2.33744330E-020   4.81867632E-020  -2.89120579E-019   5.00370303E-002   5.11430040E-002  -1.01180025E-001   5.05899693E-002   2.07555340E-003  -9.25024825E-005
     276       1     1.18480070E+001   1.00002268E+000   1.75923522E-001   1.19999997E+001   0.00000000E+000   4.35739630E-020  -6.67132561E-020  -1.19999997E+001  -3.28706135E-020  -1.15648232E-019  -2.98757932E-019   5.02174997E-002   5.13289765E-002  -1.01546467E-001   5.07731902E-002   2.08867378E-003  -9.67605331E-005
     277       1     1.18474581E+001   1.00002268E+000   1.76560448E-001   1.19999997E+001   0.00000000E+000   8.56938527E-020   3.02696635E-020  -1.19999997E+001  -3.59339022E-020   1.54197642E-019   2.69845874E-019   5.03997265E-002   5.15142969E-002  -1.01914015E-001   5.09569637E-002   2.10098393E-003  -1.00889054E-004
     278       1     1.18469088E+001   1.00002268E+000   1.77197788E-001   1.19999997E+001   0.00000000E+000  -2.54774570E-020  -7.01037407E-020  -1.19999997E+001   1.22488905E-020   2.31296463E-019   1.92747053E-020   5.05806688E-002   5.17011300E-002  -1.02281790E-001   5.11408510E-002   2.11341525E-003  -1.05134911E-004
     279       1     1.18463525E+001   1.00002268E+000   1.77843368E-001   1.19999997E+001   0.00000000E+000  -2.55639249E-020  -1.85429629E-020  -1.19999997E+001   3.77494350E-020   1.63834995E-019   2.31296463E-019   5.07646447E-002   5.18896711E-002  -1.02654308E-001   5.13271095E-002   2.12678126E-003  -1.09944101E-004
     280       1     1.18457963E+001   1.00002268E+000   1.78488756E-001   1.19999997E+001   0.00000000E+000   1.40942753E-020  -1.30970117E-019  -1.19999997E+001   6.27083784E-021   2.40933816E-019   1.92747053E-019   5.09475657E-002   5.20791784E-002  -1.03026737E-001   5.15133236E-002   2.13885050E-003  -1.13488022E-004
     281       1     1.18452383E+001   1.00002268E+000   1.79136222E-001   1.19999997E+001   0.00000000E+000   5.05525733E-020   5.50077313E-020  -1.19999997E+001  -3.46992341E-020  -2.02384406E-019   3.85494106E-019   5.11316539E-002   5.22687259E-002  -1.03400373E-001   5.17001409E-002   2.15073884E-003  -1.17019008E-004
     282       1     1.18446836E+001   1.00002268E+000   1.79779816E-001   1.19999997E+001   0.00000000E+000   2.70327036E-020  -7.48730068E-020  -1.19999997E+001  -4.94568715E-020   6.74614685E-020   2.31296463E-019   5.13163076E-002   5.24554996E-002  -1.03771800E-001   5.18858542E-002   2.16176350E-003  -1.19541437E-004
     283       1     1.18441230E+001   1.00002268E+000   1.80430390E-001   1.19999997E+001   0.00000000E+000  -5.44624539E-020  -1.49435435E-019  -1.19999997E+001   4.19534242E-020   1.34922937E-019  -1.25285584E-019   5.15004968E-002   5.26467246E-002  -1.04147214E-001   5.20735613E-002   2.17411128E-003  -1.24600936E-004
     284       1     1.18435552E+001   1.00002268E+000   1.81089232E-001   1.19999997E+001   0.00000000E+000  -6.58426944E-020  -1.31913617E-019  -1.19999997E+001   4.41162993E-022  -1.92747053E-020   2.21659111E-019   5.16880184E-002   5.28393916E-002  -1.04527403E-001   5.22636554E-002   2.18669160E-003  -1.29364164E-004
     285       1     1.18429938E+001   1.00002268E+000   1.81740757E-001   1.19999997E+001   0.00000000E+000   3.22184275E-020   2.67335362E-019  -1.19999997E+001  -1.13815347E-019  -1.92747053E-020  -3.08395285E-019   5.18731785E-002   5.30302073E-002  -1.04903379E-001   5.24516429E-002   2.19865714E-003  -1.33357489E-004
     286       1     1.18424262E+001   1.00002268E+000   1.82399395E-001   1.19999997E+001   0.00000000E+000  -8.94555025E-020  -1.62757381E-019  -1.19999997E+001  -6.80061578E-020  -1.25285584E-019   9.63735264E-021   5.20607136E-002   5.32227499E-002  -1.05283457E-001   5.26416815E-002   2.21092420E-003  -1.37753412E-004
     287       1     1.18418569E+001   1.00002268E+000   1.83060045E-001   1.19999997E+001   0.00000000E+000  -2.57068617E-020  -5.00643529E-020  -1.19999997E+001  -4.61735894E-020   9.63735264E-020   1.63834995E-019   5.22488024E-002   5.34159130E-002  -1.05664709E-001   5.28323071E-002   2.22260321E-003  -1.42190586E-004
     288       1     1.18412816E+001   1.00002268E+000   1.83727693E-001   1.19999997E+001   0.00000000E+000  -6.14392995E-020  -3.39777855E-019  -1.19999997E+001   4.70879733E-020   1.83109700E-019   6.74614685E-020   5.24387579E-002   5.36112261E-002  -1.06049977E-001   5.30249412E-002   2.23531030E-003  -1.47611281E-004
     289       1     1.18407100E+001   1.00002268E+000   1.84391123E-001   1.19999997E+001   0.00000000E+000  -4.72426744E-020  -5.24242808E-020  -1.19999997E+001   1.50924801E-020   2.12021758E-019  -2.89120579E-019   5.26270176E-002   5.38057846E-002  -1.06432796E-001   5.32163499E-002   2.24857527E-003  -1.52761501E-004
     290       1     1.18401301E+001   1.00002268E+000   1.85064148E-001   1.19999997E+001   0.00000000E+000   3.08831742E-020  -1.62387980E-019  -1.19999997E+001  -4.79191243E-021   1.06010879E-019  -1.25285584E-019   5.28203298E-002   5.40008390E-002  -1.06821162E-001   5.34105325E-002   2.26204857E-003  -1.58761825E-004
     291       1     1.18395502E+001   1.00002268E+000   1.85737103E-001   1.19999997E+001   0.00000000E+000   6.34880605E-020  -1.65411417E-019  -1.19999997E+001   3.36977941E-020  -1.92747053E-019   1.83109700E-019   5.30117051E-002   5.41977941E-002  -1.07209492E-001   5.36046974E-002   2.27484638E-003  -1.63672481E-004
     292       1     1.18389661E+001   1.00002268E+000   1.86415025E-001   1.19999997E+001   0.00000000E+000  -3.14466864E-020   2.48561818E-019  -1.19999997E+001   2.17211011E-020  -1.25285584E-019   7.70988212E-020   5.32044370E-002   5.43962712E-002  -1.07600702E-001   5.38003020E-002   2.28714901E-003  -1.67889805E-004
     293       1     1.18383827E+001   1.00002268E+000   1.87092089E-001   1.19999997E+001   0.00000000E+000   6.10646051E-020   2.84085439E-019  -1.19999997E+001  -1.97570435E-020   9.63735264E-020  -5.39691748E-019   5.33974418E-002   5.45939793E-002  -1.07991415E-001   5.39956581E-002   2.29957547E-003  -1.72808323E-004
     294       1     1.18377963E+001   1.00002268E+000   1.87772719E-001   1.19999997E+001   0.00000000E+000   1.68836019E-020   1.60230399E-019  -1.19999997E+001  -4.82664667E-020   1.44560290E-019   5.20417043E-019   5.35914524E-002   5.47927313E-002  -1.08384178E-001   5.41920392E-002   2.31241438E-003  -1.77891371E-004
     295       1     1.18372028E+001   1.00002268E+000   1.88461628E-001   1.19999997E+001   0.00000000E+000  -9.06001734E-020  -2.27522461E-019  -1.19999997E+001   4.38807183E-020   2.89120579E-020   2.21659111E-019   5.37875444E-002   5.49941734E-002  -1.08781712E-001   5.43908060E-002   2.32570744E-003  -1.81906847E-004
     296       1     1.18366101E+001   1.00002268E+000   1.89149543E-001   1.19999997E+001   0.00000000E+000   5.66112117E-020  -9.25265851E-020  -1.19999997E+001  -1.11865994E-019   2.02384406E-019   1.44560290E-019   5.39829181E-002   5.51957841E-002  -1.09178696E-001   5.45892979E-002   2.33769194E-003  -1.86413896E-004
     297       1     1.18360181E+001   1.00002268E+000   1.89836603E-001   1.19999997E+001   0.00000000E+000  -6.00893408E-020   2.30585897E-019  -1.19999997E+001  -1.90358891E-020   8.67361738E-020  -2.02384406E-019   5.41789927E-002   5.53961795E-002  -1.09575167E-001   5.47875326E-002   2.35084039E-003  -1.91294155E-004
     298       1     1.18354216E+001   1.00002268E+000   1.90529041E-001   1.19999997E+001   0.00000000E+000  -7.76052763E-020  -1.87257809E-019  -1.19999997E+001  -4.45304043E-020   4.81867632E-020  -4.04768811E-019   5.43777442E-002   5.55970063E-002  -1.09974744E-001   5.49873208E-002   2.36408119E-003  -1.97277143E-004
     299       1     1.18348197E+001   1.00002268E+000   1.91227576E-001   1.19999997E+001   0.00000000E+000   1.79265112E-020   6.23839766E-020  -1.19999997E+001   6.11548965E-020   1.06010879E-019  -1.54197642E-019   5.45761043E-002   5.58017672E-002  -1.10377865E-001   5.51888809E-002   2.37583796E-003  -2.01582924E-004
     300       1     1.18342192E+001   1.00002268E+000   1.91924617E-001   1.19999997E+001   0.00000000E+000  -3.22413680E-020   6.20145761E-020  -1.19999997E+001   2.59892060E-020  -9.63735264E-020   3.08395285E-019   5.47741670E-002   5.60059442E-002  -1.10780105E-001   5.53900005E-002   2.38844625E-003  -2.06488302E-004
     301       1     1.18336171E+001   1.00002268E+000   1.92623526E-001   1.19999997E+001   0.00000000E+000  -4.28981013E-020  -2.70403504E-019  -1.19999997E+001  -2.78726779E-020  -1.34922937E-019   3.85494106E-019   5.49722704E-002   5.62111627E-002  -1.11183427E-001   5.55916610E-002   2.40077004E-003  -2.11258579E-004
     302       1     1.18330112E+001   1.00002268E+000   1.93326925E-001   1.19999997E+001   0.00000000E+000   8.42097804E-020  -1.01465136E-019  -1.19999997E+001  -1.51789481E-020  -1.73472348E-019  -4.33680869E-019   5.51731785E-002   5.64161500E-002  -1.11589322E-001   5.57946086E-002   2.41429420E-003  -2.16744094E-004
     303       1     1.18324030E+001   1.00002268E+000   1.94032919E-001   1.19999997E+001   0.00000000E+000   5.06037482E-020  -1.84039084E-019  -1.19999997E+001   6.51341867E-020   6.74614685E-020   1.06010879E-019   5.53747867E-002   5.66219371E-002  -1.11996718E-001   5.59983058E-002   2.42769633E-003  -2.22348489E-004
     304       1     1.18317926E+001   1.00002268E+000   1.94741470E-001   1.19999997E+001   0.00000000E+000   3.38530835E-020  -3.11479896E-019  -1.19999997E+001   5.97687623E-020  -1.73472348E-019  -2.50571169E-019   5.55775179E-002   5.68281117E-002  -1.12405624E-001   5.62027584E-002   2.43966700E-003  -2.27692971E-004
     305       1     1.18311785E+001   1.00002268E+000   1.95454294E-001   1.19999997E+001   0.00000000E+000  -4.83691106E-020   2.24030803E-019  -1.19999997E+001   1.79776861E-020   2.60208521E-019  -9.63735264E-021   5.57813006E-002   5.70356790E-002  -1.12816974E-001   5.64084331E-002   2.45273236E-003  -2.32028252E-004
     306       1     1.18305667E+001   1.00002268E+000   1.96164507E-001   1.19999997E+001   0.00000000E+000  -9.43265302E-021  -6.31110132E-020  -1.19999997E+001   3.03758367E-020   3.85494106E-020  -5.78241159E-020   5.59833656E-002   5.72434556E-002  -1.13226816E-001   5.66133535E-002   2.46555509E-003  -2.36731094E-004
     307       1     1.18299537E+001   1.00002268E+000   1.96876090E-001   1.19999997E+001   0.00000000E+000  -3.63130083E-020  -1.44960277E-019  -1.19999997E+001  -5.67023854E-020  -2.02384406E-019   1.63834995E-019   5.61872866E-002   5.74501720E-002  -1.13637453E-001   5.68186717E-002   2.47847989E-003  -2.41951831E-004
     308       1     1.18293361E+001   1.00002268E+000   1.97593057E-001   1.19999997E+001   0.00000000E+000   1.66289038E-020  -9.43430002E-020  -1.19999997E+001   6.31539530E-021   8.67361738E-020   6.74614685E-020   5.63922135E-002   5.76589924E-002  -1.14051200E-001   5.70255450E-002   2.49120759E-003  -2.47171240E-004
     309       1     1.18287142E+001   1.00002268E+000   1.98315035E-001   1.19999997E+001   0.00000000E+000   4.59362437E-020  -9.93546118E-020  -1.19999997E+001   2.14237573E-020   1.63834995E-019  -2.40933816E-019   5.65980220E-002   5.78698259E-002  -1.14467842E-001   5.72338653E-002   2.50373098E-003  -2.52540637E-004
     310       1     1.18280920E+001   1.00002268E+000   1.99037427E-001   1.19999997E+001   0.00000000E+000   7.48541838E-020  -1.29934854E-019  -1.19999997E+001  -2.18866843E-020   5.78241159E-020   2.98757932E-019   5.68044776E-002   5.80802395E-002  -1.14884712E-001   5.74422992E-002   2.51683582E-003  -2.58834741E-004
     311       1     1.18274641E+001   1.00002268E+000   1.99766344E-001   1.19999997E+001   0.00000000E+000   3.08814095E-020  -1.68971309E-019  -1.19999997E+001  -4.14149113E-020   2.12021758E-019  -1.92747053E-019   5.70135989E-002   5.82917427E-002  -1.15305336E-001   5.76526111E-002   2.53070654E-003  -2.64861213E-004
     312       1     1.18268336E+001   1.00002268E+000   2.00498392E-001   1.19999997E+001   0.00000000E+000   9.31030381E-021   2.48208888E-019  -1.19999997E+001  -6.61591554E-020   5.78241159E-020  -2.21659111E-019   5.72225949E-002   5.85051748E-002  -1.15727765E-001   5.78638247E-002   2.54453410E-003  -2.70752668E-004
     313       1     1.18262021E+001   1.00002268E+000   2.01231674E-001   1.19999997E+001   0.00000000E+000  -3.46048252E-020  -1.69136009E-019  -1.19999997E+001  -2.84411900E-020  -2.79483227E-019   1.83109700E-019   5.74325307E-002   5.87183819E-002  -1.16150908E-001   5.80753962E-002   2.55837179E-003  -2.76797857E-004
     314       1     1.18255613E+001   1.00002268E+000   2.01975563E-001   1.19999997E+001   0.00000000E+000   5.38454139E-020   3.52384529E-019  -1.19999997E+001  -9.70864458E-020   4.81867632E-020  -2.12021758E-019   5.76443876E-002   5.89358011E-002  -1.16580184E-001   5.82900338E-002   2.57150135E-003  -2.83349346E-004
     315       1     1.18249185E+001   1.00002268E+000   2.02721931E-001   1.19999997E+001   0.00000000E+000   4.52327358E-020   1.17888163E-019  -1.19999997E+001   4.50312714E-020   1.44560290E-019  -2.89120579E-020   5.78568677E-002   5.91540283E-002  -1.17010892E-001   5.85053869E-002   2.58471108E-003  -2.89081417E-004
     316       1     1.18242672E+001   1.00002268E+000   2.03478211E-001   1.19999997E+001   0.00000000E+000   4.12457988E-020   1.20570434E-019  -1.19999997E+001   2.49830603E-020  -1.73472348E-019  -2.89120579E-020   5.80727251E-002   5.93745869E-002  -1.17447307E-001   5.87235947E-002   2.59873667E-003  -2.94953584E-004
     317       1     1.18235881E+001   1.00002268E+000   2.04266786E-001   1.19999997E+001   0.00000000E+000  -2.81509047E-020   2.58657981E-019  -1.19999997E+001  -5.20025290E-020  -2.89120579E-020  -2.60208521E-019   5.82997079E-002   5.96026305E-002  -1.17902334E-001   5.89511075E-002   2.61488908E-003  -3.01534125E-004
     318       1     1.18229350E+001   1.00002268E+000   2.05025020E-001   1.19999997E+001   0.00000000E+000  -1.09043728E-020   5.86970304E-020  -1.19999997E+001  -2.58421517E-020   6.74614685E-020  -1.92747053E-019   5.85182260E-002   5.98216603E-002  -1.18339882E-001   5.91698808E-002   2.62924705E-003  -3.07487076E-004
     319       1     1.18222726E+001   1.00002268E+000   2.05794254E-001   1.19999997E+001   0.00000000E+000  -8.85267073E-021  -1.01523957E-019  -1.19999997E+001   1.02795977E-019   8.67361738E-020  -1.92747053E-020   5.87385950E-002   6.00451804E-002  -1.18783771E-001   5.93918252E-002   2.64367785E-003  -3.13702535E-004
     320       1     1.18216037E+001   1.00002268E+000   2.06570903E-001   1.19999997E+001   0.00000000E+000   5.58312356E-020  -1.67159599E-019  -1.19999997E+001  -8.18039715E-020   1.06010879E-019  -3.95131458E-019   5.89582477E-002   6.02737408E-002  -1.19231985E-001   5.96159312E-002   2.65522265E-003  -3.22662904E-004
     321       1     1.18209390E+001   1.00002268E+000   2.07342785E-001   1.19999997E+001   0.00000000E+000  -4.53021455E-020   3.25719461E-019  -1.19999997E+001   6.60271006E-020   1.15648232E-019   4.14406164E-019   5.91785951E-002   6.04987715E-002  -1.19677363E-001   5.98386198E-002   2.67128821E-003  -3.28572440E-004
     322       1     1.18202829E+001   1.00002268E+000   2.08104665E-001   1.19999997E+001   0.00000000E+000   1.21055125E-020   1.33570037E-019  -1.19999997E+001  -5.98381720E-020  -5.78241159E-020  -1.73472348E-019   5.93966091E-002   6.07204041E-002  -1.20117010E-001   6.00584426E-002   2.68497896E-003  -3.38377425E-004
     323       1     1.18196350E+001   1.00002268E+000   2.08856979E-001   1.19999997E+001   0.00000000E+000   7.51529982E-020   5.94193612E-020  -1.19999997E+001  -4.05543493E-020   0.00000000E+000   3.18032637E-019   5.96157281E-002   6.09355055E-002  -1.20551230E-001   6.02755526E-002   2.69556484E-003  -3.45342181E-004
     324       1     1.18189853E+001   1.00002268E+000   2.09611386E-001   1.19999997E+001   0.00000000E+000   3.70000461E-020  -9.81358255E-020  -1.19999997E+001  -1.11758351E-020   9.63735264E-021   5.39691748E-019   5.98299888E-002   6.11566119E-002  -1.20986598E-001   6.04932357E-002   2.70773502E-003  -3.51013236E-004
     325       1     1.18183424E+001   1.00002268E+000   2.10357985E-001   1.19999997E+001   0.00000000E+000  -9.58264843E-020  -2.74838663E-020  -1.19999997E+001   7.44553725E-020  -2.79483227E-019   3.08395285E-019   6.00440613E-002   6.13733563E-002  -1.21417415E-001   6.07086438E-002   2.72205357E-003  -3.58156322E-004
     326       1     1.18176948E+001   1.00002268E+000   2.11110152E-001   1.19999997E+001   0.00000000E+000  -7.40247974E-020  -9.29383373E-021  -1.19999997E+001   1.15230597E-019  -2.89120579E-020  -1.34922937E-019   6.02613058E-002   6.15901336E-002  -1.21851437E-001   6.09256546E-002   2.73755079E-003  -3.62422859E-004
     327       1     1.18170588E+001   1.00002268E+000   2.11848742E-001   1.19999997E+001   0.00000000E+000   1.77347523E-020   2.31969384E-020  -1.19999997E+001   3.10134643E-020  -8.67361738E-020  -1.34922937E-019   6.04743434E-002   6.18032678E-002  -1.22277609E-001   6.11387403E-002   2.75333349E-003  -3.67263434E-004
     328       1     1.18164238E+001   1.00002268E+000   2.12586361E-001   1.19999997E+001   0.00000000E+000  -5.49712618E-020   2.62970790E-019  -1.19999997E+001   9.25504079E-020  -2.31296463E-019  -2.50571169E-019   6.06856305E-002   6.20175908E-002  -1.22703220E-001   6.13515452E-002   2.76854869E-003  -3.73563720E-004
     329       1     1.18157864E+001   1.00002268E+000   2.13326607E-001   1.19999997E+001   0.00000000E+000   1.58753974E-019  -2.52874628E-019  -1.19999997E+001   6.87081951E-020   9.63735264E-021  -7.70988212E-020   6.08972276E-002   6.22331393E-002  -1.23130365E-001   6.15651175E-002   2.78271149E-003  -3.80970743E-004
     330       1     1.18151473E+001   1.00002268E+000   2.14068840E-001   1.19999997E+001   0.00000000E+000   5.60253473E-020   1.98276296E-020  -1.19999997E+001   2.93288099E-020   1.92747053E-020  -4.24043516E-019   6.11108687E-002   6.24478062E-002  -1.23558673E-001   6.17792712E-002   2.79653435E-003  -3.88340948E-004
     331       1     1.18145033E+001   1.00002268E+000   2.14816886E-001   1.19999997E+001   0.00000000E+000   1.82100319E-020   1.30781887E-019  -1.19999997E+001   8.57659093E-020   5.78241159E-020   1.73472348E-019   6.13246676E-002   6.26656909E-002  -1.23990357E-001   6.19951124E-002   2.80907383E-003  -3.96476735E-004
     332       1     1.18138585E+001   1.00002268E+000   2.15565830E-001   1.19999997E+001   0.00000000E+000  -1.02634512E-019  -1.74985243E-019  -1.19999997E+001   4.75332538E-020  -2.89120579E-020  -1.25285584E-019   6.15405041E-002   6.28820152E-002  -1.24422517E-001   6.22111925E-002   2.82413651E-003  -4.02478102E-004
     333       1     1.18132152E+001   1.00002268E+000   2.16312955E-001   1.19999997E+001   0.00000000E+000  -4.57409556E-020  -1.54691745E-019  -1.19999997E+001   4.42007085E-020  -9.63735264E-020   1.92747053E-019   6.17567580E-002   6.30968973E-002  -1.24853654E-001   6.24267601E-002   2.83824053E-003  -4.08615767E-004
     334       1     1.18125651E+001   1.00002268E+000   2.17068084E-001   1.19999997E+001   0.00000000E+000   3.22766610E-020  -3.14279811E-019  -1.19999997E+001  -8.32339278E-020  -3.08395285E-019  -6.74614685E-020   6.19766126E-002   6.33127557E-002  -1.25289367E-001   6.26446162E-002   2.85428627E-003  -4.17157670E-004
     335       1     1.18119148E+001   1.00002268E+000   2.17823464E-001   1.19999997E+001   0.00000000E+000   2.93838082E-020   2.02353818E-019  -1.19999997E+001   2.76123918E-020  -2.89120579E-020   2.40933816E-019   6.21943870E-002   6.35308632E-002  -1.25725249E-001   6.28625567E-002   2.86891704E-003  -4.24523987E-004
     336       1     1.18112618E+001   1.00002268E+000   2.18582055E-001   1.19999997E+001   0.00000000E+000  -1.49543667E-019  -1.61512713E-019  -1.19999997E+001   5.09210915E-020  -6.74614685E-020  -1.54197642E-019   6.24125687E-002   6.37503979E-002  -1.26162965E-001   6.30814143E-002   2.88434153E-003  -4.31539676E-004
     337       1     1.18106054E+001   1.00002268E+000   2.19344513E-001   1.19999997E+001   0.00000000E+000   5.25889817E-020  -3.97211395E-020  -1.19999997E+001   8.00202025E-020  -1.54197642E-019   2.69845874E-019   6.26320314E-002   6.39708750E-002  -1.26602905E-001   6.33013839E-002   2.90006859E-003  -4.39410810E-004
     338       1     1.18099524E+001   1.00002268E+000   2.20103191E-001   1.19999997E+001   0.00000000E+000  -1.01738068E-020   2.28957711E-020  -1.19999997E+001  -1.12423036E-020  -3.37307343E-019   1.15648232E-019   6.28502928E-002   6.41903810E-002  -1.27040672E-001   6.35202672E-002   2.91529276E-003  -4.47062197E-004
     339       1     1.18092934E+001   1.00002268E+000   2.20868759E-001   1.19999997E+001   0.00000000E+000  -4.51739141E-020  -8.28186464E-020  -1.19999997E+001   7.39092127E-020   2.31296463E-019   1.63834995E-019   6.30689339E-002   6.44134903E-002  -1.27482423E-001   6.37411418E-002   2.93001222E-003  -4.54585085E-004
     340       1     1.18086285E+001   1.00002268E+000   2.21641145E-001   1.19999997E+001   0.00000000E+000   1.73935863E-020  -2.29720041E-019  -1.19999997E+001   2.93623383E-020   9.63735264E-020   1.15648232E-019   6.32887836E-002   6.46392980E-002  -1.27928080E-001   6.39639701E-002   2.94585703E-003  -4.62082371E-004
     341       1     1.18079637E+001   1.00002268E+000   2.22413602E-001   1.19999997E+001   0.00000000E+000  -1.15834108E-019   1.36301718E-019  -1.19999997E+001   3.30169325E-020   2.50571169E-019   0.00000000E+000   6.35127922E-002   6.48609832E-002  -1.28373774E-001   6.41868167E-002   2.96257633E-003  -4.71117154E-004
     342       1     1.18072995E+001   1.00002268E+000   2.23185253E-001   1.19999997E+001   0.00000000E+000  -8.49338759E-020  -2.16115751E-019  -1.19999997E+001  -3.71853346E-020   1.63834995E-019  -2.31296463E-019   6.37363488E-002   6.50826743E-002  -1.28819022E-001   6.44094401E-002   2.97851542E-003  -4.79182891E-004
     343       1     1.18066317E+001   1.00002268E+000   2.23961053E-001   1.19999997E+001   0.00000000E+000  -9.24748220E-020   4.71138548E-020  -1.19999997E+001   5.85952688E-020  -1.63834995E-019  -4.91504985E-019   6.39611439E-002   6.53055374E-002  -1.29266681E-001   6.46332689E-002   2.99385221E-003  -4.86997192E-004
     344       1     1.18059648E+001   1.00002268E+000   2.24735862E-001   1.19999997E+001   0.00000000E+000  -4.63256436E-020  -3.19663176E-019  -1.19999997E+001  -5.64900390E-020   1.63834995E-019   2.31296463E-019   6.41845221E-002   6.55292257E-002  -1.29713747E-001   6.48568017E-002   3.00985704E-003  -4.94322890E-004
     345       1     1.18052918E+001   1.00002268E+000   2.25517852E-001   1.19999997E+001   0.00000000E+000  -4.89326228E-020   2.60427338E-019  -1.19999997E+001  -3.96093782E-020   2.98757932E-019   1.92747053E-020   6.44107423E-002   6.57542170E-002  -1.30164959E-001   6.50824075E-002   3.02566125E-003  -5.04027888E-004
     346       1     1.18046188E+001   1.00002268E+000   2.26299743E-001   1.19999997E+001   0.00000000E+000  -3.71329833E-020  -6.14193002E-020  -1.19999997E+001   8.94602082E-020  -9.63735264E-021   2.40933816E-019   6.46362986E-002   6.59798104E-002  -1.30616109E-001   6.53079823E-002   3.04179054E-003  -5.12090700E-004
     347       1     1.18039370E+001   1.00002268E+000   2.27091882E-001   1.19999997E+001   0.00000000E+000  -1.03912120E-019   1.94196420E-019  -1.19999997E+001  -5.22107579E-020  -5.78241159E-020  -4.04768811E-019   6.48629996E-002   6.62101999E-002  -1.31073200E-001   6.55365268E-002   3.05666453E-003  -5.19580075E-004
     348       1     1.18032616E+001   1.00002268E+000   2.27876675E-001   1.19999997E+001   0.00000000E+000  -3.90458660E-020   3.55353850E-020  -1.19999997E+001   1.77447520E-020   1.15648232E-019  -2.02384406E-019   6.50901918E-002   6.64358562E-002  -1.31526048E-001   6.57629506E-002   3.07199445E-003  -5.27416473E-004
     349       1     1.18025761E+001   1.00002268E+000   2.28673117E-001   1.19999997E+001   0.00000000E+000  -9.11889789E-020   3.22081925E-019  -1.19999997E+001  -4.17581361E-020  -2.02384406E-019  -2.02384406E-019   6.53188507E-002   6.66667766E-002  -1.31985628E-001   6.59927401E-002   3.08666122E-003  -5.35618563E-004
     350       1     1.18018903E+001   1.00002268E+000   2.29469939E-001   1.19999997E+001   0.00000000E+000  -8.00152026E-020  -1.48146062E-019  -1.19999997E+001  -1.33413571E-020   2.98757932E-019   1.92747053E-019   6.55488584E-002   6.68965922E-002  -1.32445452E-001   6.62226515E-002   3.10077915E-003  -5.42468223E-004
     351       1     1.18012028E+001   1.00002268E+000   2.30268794E-001   1.19999997E+001   0.00000000E+000  -3.74788550E-020  -2.74384559E-019  -1.19999997E+001   1.54174702E-020   1.92747053E-020   4.04768811E-019   6.57793827E-002   6.71270184E-002  -1.32906402E-001   6.64531263E-002   3.11681326E-003  -5.49758223E-004
     352       1     1.18005101E+001   1.00002268E+000   2.31073704E-001   1.19999997E+001   0.00000000E+000   7.87858284E-021  -2.02979681E-019  -1.19999997E+001   7.69435318E-020   2.89120579E-020  -1.34922937E-019   6.60117411E-002   6.73590807E-002  -1.33370823E-001   6.66853361E-002   3.13379970E-003  -5.57998088E-004
     353       1     1.17998198E+001   1.00002268E+000   2.31875903E-001   1.19999997E+001   0.00000000E+000   1.75147591E-020  -4.01121864E-019  -1.19999997E+001  -4.66097526E-020  -5.78241159E-020   4.14406164E-019   6.62425080E-002   6.75912039E-002  -1.33833714E-001   6.69167811E-002   3.14903897E-003  -5.66481401E-004
     354       1     1.17991265E+001   1.00002268E+000   2.32681463E-001   1.19999997E+001   0.00000000E+000  -1.00326347E-020   2.45931310E-019  -1.19999997E+001   8.22357230E-021   7.70988212E-020   2.79483227E-019   6.64736859E-002   6.78248563E-002  -1.34298544E-001   6.71491958E-002   3.16432306E-003  -5.74281265E-004
     355       1     1.17984295E+001   1.00002268E+000   2.33491371E-001   1.19999997E+001   0.00000000E+000  -8.40774315E-020  -1.84276723E-019  -1.19999997E+001   7.93594506E-020   2.40933816E-019  -3.85494106E-020   6.67063826E-002   6.80595091E-002  -1.34765894E-001   6.73828699E-002   3.17932871E-003  -5.81941120E-004
     356       1     1.17977289E+001   1.00002268E+000   2.34305624E-001   1.19999997E+001   0.00000000E+000  -2.05640777E-021  -2.87332399E-019  -1.19999997E+001  -1.23499904E-019   9.63735264E-020  -1.54197642E-019   6.69401002E-002   6.82956074E-002  -1.35235710E-001   6.76177775E-002   3.19588122E-003  -5.90560981E-004
     357       1     1.17970237E+001   1.00002268E+000   2.35125224E-001   1.19999997E+001   0.00000000E+000  -4.89714451E-020   1.37153457E-019  -1.19999997E+001   1.43719139E-020  -7.70988212E-020  -2.31296463E-019   6.71762893E-002   6.85323263E-002  -1.35708618E-001   6.78542311E-002   3.21244531E-003  -5.99307085E-004
     358       1     1.17963180E+001   1.00002268E+000   2.35945345E-001   1.19999997E+001   0.00000000E+000  -5.54947753E-020   1.43266212E-020  -1.19999997E+001  -1.75082887E-020  -1.83109700E-019   1.83109700E-019   6.74126214E-002   6.87692077E-002  -1.36181832E-001   6.80908374E-002   3.22883192E-003  -6.07736546E-004
     359       1     1.17956045E+001   1.00002268E+000   2.36774498E-001   1.19999997E+001   0.00000000E+000  -6.59826902E-020   3.35587395E-019  -1.19999997E+001   5.48165607E-020   5.78241159E-020  -3.66219400E-019   6.76512645E-002   6.90090181E-002  -1.36660286E-001   6.83300638E-002   3.24426786E-003  -6.15492293E-004
     360       1     1.17948937E+001   1.00002268E+000   2.37600625E-001   1.19999997E+001   0.00000000E+000   1.11227190E-019  -3.42930700E-019  -1.19999997E+001   7.18272175E-020  -3.56582048E-019   5.78241159E-020   6.78880198E-002   6.92489103E-002  -1.37136933E-001   6.85683870E-002   3.26184334E-003  -6.23801603E-004
     361       1     1.17941788E+001   1.00002268E+000   2.38431493E-001   1.19999997E+001   0.00000000E+000   7.18448640E-021   1.06081465E-019  -1.19999997E+001   6.99831562E-020  -2.89120579E-020   2.69845874E-019   6.81281800E-002   6.94881801E-002  -1.37616363E-001   6.88081018E-002   3.27800602E-003  -6.31625047E-004
     362       1     1.17934591E+001   1.00002268E+000   2.39267938E-001   1.19999997E+001   0.00000000E+000   2.55345141E-020   1.75476992E-019  -1.19999997E+001   9.94934311E-020  -8.67361738E-020  -2.50571169E-019   6.83678460E-002   6.97311959E-002  -1.38099045E-001   6.90494424E-002   3.29272821E-003  -6.37968709E-004
     363       1     1.17927383E+001   1.00002268E+000   2.40105676E-001   1.19999997E+001   0.00000000E+000   4.64350520E-020   4.13232082E-019  -1.19999997E+001   7.81846703E-020   1.15648232E-019  -1.92747053E-019   6.86091075E-002   6.99733346E-002  -1.38582446E-001   6.92911422E-002   3.30861344E-003  -6.45624846E-004
     364       1     1.17920130E+001   1.00002268E+000   2.40948575E-001   1.19999997E+001   0.00000000E+000  -6.06852049E-020   1.59776295E-019  -1.19999997E+001  -5.86040920E-020  -2.12021758E-019   9.63735264E-021   6.88512578E-002   7.02175864E-002  -1.39068848E-001   6.95343425E-002   3.32377686E-003  -6.51749998E-004
     365       1     1.17912860E+001   1.00002268E+000   2.41793635E-001   1.19999997E+001   0.00000000E+000  -1.14352977E-019   1.08443746E-020  -1.19999997E+001  -1.14653556E-019   4.81867632E-020   4.81867632E-020   6.90940271E-002   7.04624149E-002  -1.39556447E-001   6.97781415E-002   3.34050029E-003  -6.60966486E-004
     366       1     1.17905553E+001   1.00002268E+000   2.42642980E-001   1.19999997E+001   0.00000000E+000  -3.91470394E-020  -8.60114901E-020  -1.19999997E+001  -4.17693122E-021   1.63834995E-019   7.70988212E-020   6.93394043E-002   7.07071096E-002  -1.40046519E-001   7.00231771E-002   3.35774759E-003  -6.68996468E-004
     367       1     1.17898172E+001   1.00002268E+000   2.43500936E-001   1.19999997E+001   0.00000000E+000  -5.27054487E-020   1.21316294E-019  -1.19999997E+001   2.98061483E-020   1.63834995E-019  -7.13164096E-019   6.95867262E-002   7.09548641E-002  -1.40541595E-001   7.02707150E-002   3.37361058E-003  -6.76829291E-004
     368       1     1.17890784E+001   1.00002268E+000   2.44359674E-001   1.19999997E+001   0.00000000E+000  -2.51898187E-020   2.66469507E-019  -1.19999997E+001   7.09678320E-020   8.67361738E-020   1.92747053E-020   6.98357071E-002   7.12014220E-002  -1.41037134E-001   7.05184840E-002   3.38923053E-003  -6.84934445E-004
     369       1     1.17883392E+001   1.00002268E+000   2.45218902E-001   1.19999997E+001   0.00000000E+000   3.62212464E-020   3.33702747E-019  -1.19999997E+001   4.01399502E-020  -2.21659111E-019  -2.50571169E-019   7.00832747E-002   7.14496478E-002  -1.41532928E-001   7.07663803E-002   3.40559862E-003  -6.93541648E-004
     370       1     1.17875909E+001   1.00002268E+000   2.46088762E-001   1.19999997E+001   0.00000000E+000   3.91317457E-020   2.70231745E-019  -1.19999997E+001  -8.31668711E-020   3.18032637E-019   2.89120579E-019   7.03357183E-002   7.16991175E-002  -1.42034842E-001   7.10173364E-002   3.42293484E-003  -7.03212173E-004
     371       1     1.17868422E+001   1.00002268E+000   2.46959021E-001   1.19999997E+001   0.00000000E+000  -5.06349237E-020   3.75052072E-019  -1.19999997E+001  -9.26665809E-020   2.21659111E-019   1.54197642E-019   7.05869338E-002   7.19500795E-002  -1.42537019E-001   7.12684251E-002   3.43900519E-003  -7.10799983E-004
     372       1     1.17860958E+001   1.00002268E+000   2.47826631E-001   1.19999997E+001   0.00000000E+000   3.69635767E-021   1.54844681E-019  -1.19999997E+001   6.65603196E-020  -2.89120579E-020   4.24043516E-019   7.08378831E-002   7.21997903E-002  -1.43037680E-001   7.15187548E-002   3.45451418E-003  -7.19040740E-004
     373       1     1.17853401E+001   1.00002268E+000   2.48705150E-001   1.19999997E+001   0.00000000E+000   2.09099495E-020   1.49322497E-019  -1.19999997E+001   5.14143117E-020   2.40933816E-019  -7.70988212E-020   7.10913462E-002   7.24532773E-002  -1.43544630E-001   7.17722296E-002   3.47047789E-003  -7.26488501E-004
     374       1     1.17845825E+001   1.00002268E+000   2.49585889E-001   1.19999997E+001   0.00000000E+000   9.62100020E-020  -2.23934335E-019  -1.19999997E+001   3.13861000E-020   0.00000000E+000   2.12021758E-019   7.13454664E-002   7.27073695E-002  -1.44052843E-001   7.20263356E-002   3.48680521E-003  -7.36127565E-004
     375       1     1.17838247E+001   1.00002268E+000   2.50466927E-001   1.19999997E+001   0.00000000E+000   4.27198714E-020  -3.06115354E-019  -1.19999997E+001   1.53283553E-020  -7.70988212E-020  -5.78241159E-020   7.16005174E-002   7.29606916E-002  -1.44561217E-001   7.22805219E-002   3.50391946E-003  -7.44974515E-004
     376       1     1.17830651E+001   1.00002268E+000   2.51350043E-001   1.19999997E+001   0.00000000E+000   8.58373777E-020   2.55589839E-019  -1.19999997E+001   2.86208904E-020  -3.37307343E-019   1.73472348E-019   7.18544525E-002   7.32163279E-002  -1.45070788E-001   7.25353074E-002   3.52068854E-003  -7.54065949E-004
     377       1     1.17822948E+001   1.00002268E+000   2.52245577E-001   1.19999997E+001   0.00000000E+000  -4.22692969E-021   1.44804988E-019  -1.19999997E+001  -8.69161683E-020   9.63735264E-021  -6.74614685E-019   7.21139084E-002   7.34735995E-002  -1.45587517E-001   7.27936715E-002   3.53832835E-003  -7.63790205E-004
     378       1     1.17815304E+001   1.00002268E+000   2.53134259E-001   1.19999997E+001   0.00000000E+000   2.88532362E-020   4.36770186E-019  -1.19999997E+001  -2.63109609E-021  -3.66219400E-019   9.63735264E-020   7.23695777E-002   7.37307374E-002  -1.46100324E-001   7.30500748E-002   3.55455595E-003  -7.71427231E-004
     379       1     1.17807529E+001   1.00002268E+000   2.54038281E-001   1.19999997E+001   0.00000000E+000  -5.64006299E-020   1.64006754E-019  -1.19999997E+001  -9.60335368E-020   2.12021758E-019  -6.36065275E-019   7.26294092E-002   7.39925339E-002  -1.46621953E-001   7.33108890E-002   3.57179775E-003  -7.81184544E-004
     380       1     1.17799769E+001   1.00002268E+000   2.54940622E-001   1.19999997E+001   0.00000000E+000  -1.23636223E-019  -8.47974095E-021  -1.19999997E+001   3.81241295E-020  -1.25285584E-019   3.85494106E-020   7.28908509E-002   7.42517203E-002  -1.47142582E-001   7.35712037E-002   3.59082816E-003  -7.89994319E-004
     381       1     1.17791944E+001   1.00002268E+000   2.55850457E-001   1.19999997E+001   0.00000000E+000  -6.93555283E-020  -3.75706169E-019  -1.19999997E+001   4.28869251E-020  -4.14406164E-019  -6.36065275E-019   7.31526063E-002   7.45149463E-002  -1.47667564E-001   7.38336943E-002   3.60840425E-003  -7.99133461E-004
     382       1     1.17784117E+001   1.00002268E+000   2.56760474E-001   1.19999997E+001   0.00000000E+000   2.80344377E-020   3.14717444E-019  -1.19999997E+001  -1.22772720E-020   1.06010879E-019  -3.37307343E-019   7.34159455E-002   7.47767697E-002  -1.48192723E-001   7.40962720E-002   3.62348369E-003  -8.07247236E-004
     383       1     1.17776322E+001   1.00002268E+000   2.57666787E-001   1.19999997E+001   0.00000000E+000  -9.93710819E-020  -1.90956519E-019  -1.19999997E+001   1.35337042E-020   1.34922937E-019  -3.85494106E-019   7.36789687E-002   7.50367254E-002  -1.48715703E-001   7.43577612E-002   3.64001199E-003  -8.17057353E-004
     384       1     1.17768459E+001   1.00002268E+000   2.58581222E-001   1.19999997E+001   0.00000000E+000   2.68391801E-020   2.02560871E-019  -1.19999997E+001   8.24504224E-021  -2.69845874E-019  -1.54197642E-019   7.39424824E-002   7.53007909E-002  -1.49243283E-001   7.46215513E-002   3.66023251E-003  -8.25158728E-004
     385       1     1.17760524E+001   1.00002268E+000   2.59503893E-001   1.19999997E+001   0.00000000E+000   2.58227405E-020   4.84575785E-019  -1.19999997E+001  -3.38672007E-020   6.74614685E-020  -2.50571169E-019   7.42086406E-002   7.55670746E-002  -1.49775724E-001   7.48877708E-002   3.67569145E-003  -8.35567303E-004
     386       1     1.17752653E+001   1.00002268E+000   2.60419106E-001   1.19999997E+001   0.00000000E+000   5.43630451E-020   1.77834567E-019  -1.19999997E+001  -7.57723911E-020  -9.63735264E-021  -1.25285584E-019   7.44720932E-002   7.58317440E-002  -1.50303846E-001   7.51518313E-002   3.69181290E-003  -8.44793911E-004
     387       1     1.17744833E+001   1.00002268E+000   2.61328414E-001   1.19999997E+001   0.00000000E+000  -1.69008955E-019  -1.88634237E-019  -1.19999997E+001  -4.80573554E-021   1.73472348E-019  -1.92747053E-019   7.47335884E-002   7.60949801E-002  -1.50828577E-001   7.54141958E-002   3.70726970E-003  -8.53099629E-004
     388       1     1.17736945E+001   1.00002268E+000   2.62245753E-001   1.19999997E+001   0.00000000E+000  -1.45369677E-019   6.23298606E-020  -1.19999997E+001  -9.62023552E-020  -1.44560290E-019   2.31296463E-019   7.49977459E-002   7.63601655E-002  -1.51357919E-001   7.56788663E-002   3.72359629E-003  -8.62620603E-004
     389       1     1.17728999E+001   1.00002268E+000   2.63169763E-001   1.19999997E+001   0.00000000E+000   4.22928256E-020   2.59850885E-019  -1.19999997E+001   3.43995374E-020   1.83109700E-019   1.06010879E-019   7.52637764E-002   7.66273092E-002  -1.51891094E-001   7.59454539E-002   3.74061868E-003  -8.72580488E-004
     390       1     1.17721011E+001   1.00002268E+000   2.64098615E-001   1.19999997E+001   0.00000000E+000  -6.24145639E-020   1.56677567E-020  -1.19999997E+001  -8.99878392E-020   3.08395285E-019   9.63735264E-021   7.55317998E-002   7.68953476E-002  -1.52427156E-001   7.62134841E-002   3.75410965E-003  -8.82249996E-004
     391       1     1.17713094E+001   1.00002268E+000   2.65019431E-001   1.19999997E+001   0.00000000E+000  -1.40710995E-019  -9.26465815E-020  -1.19999997E+001   1.54107057E-020  -9.63735264E-021  -2.60208521E-019   7.57968058E-002   7.71616148E-002  -1.52958430E-001   7.64791208E-002   3.77375262E-003  -8.90655291E-004
     392       1     1.17705010E+001   1.00002268E+000   2.65959630E-001   1.19999997E+001   0.00000000E+000   8.79973117E-020  -3.00308473E-019  -1.19999997E+001  -5.30630848E-021   1.34922937E-019   2.21659111E-019   7.60687194E-002   7.74322620E-002  -1.53500991E-001   7.67504005E-002   3.78980720E-003  -8.99220044E-004
     393       1     1.17697046E+001   1.00002268E+000   2.66885633E-001   1.19999997E+001   0.00000000E+000  -2.89520567E-020   2.23364941E-019  -1.19999997E+001  -7.10578292E-020  -2.02384406E-019  -7.70988212E-020   7.63338921E-002   7.77015020E-002  -1.54035404E-001   7.70176067E-002   3.80333174E-003  -9.07664654E-004
     394       1     1.17689044E+001   1.00002268E+000   2.67816488E-001   1.19999997E+001   0.00000000E+000  -1.34024141E-019  -2.09515952E-019  -1.19999997E+001  -7.07696027E-020   0.00000000E+000   2.02384406E-019   7.66035637E-002   7.79689188E-002  -1.54572490E-001   7.72861482E-002   3.82220038E-003  -9.17985852E-004
     395       1     1.17681130E+001   1.00002268E+000   2.68737064E-001   1.19999997E+001   0.00000000E+000  -4.85985153E-020  -2.15800466E-019  -1.19999997E+001   9.18313123E-020   8.67361738E-020   5.78241159E-020   7.68690516E-002   7.82345631E-002  -1.55103623E-001   7.75517137E-002   3.84193466E-003  -9.26580736E-004
     396       1     1.17673248E+001   1.00002268E+000   2.69653802E-001   1.19999997E+001   0.00000000E+000  -9.97193066E-020  -2.28988299E-019  -1.19999997E+001  -2.84456016E-020  -5.78241159E-020   1.92747053E-020   7.71315909E-002   7.85009857E-002  -1.55632585E-001   7.78161940E-002   3.85909890E-003  -9.36620770E-004
     397       1     1.17665210E+001   1.00002268E+000   2.70588823E-001   1.19999997E+001   0.00000000E+000   8.13292802E-020   6.69885418E-020  -1.19999997E+001   3.11866943E-020  -2.69845874E-019  -2.89120579E-019   7.74009517E-002   7.87711648E-002  -1.56172125E-001   7.80859636E-002   3.87586363E-003  -9.46253468E-004
     398       1     1.17657221E+001   1.00002268E+000   2.71518156E-001   1.19999997E+001   0.00000000E+000  -9.33336193E-020   1.54296463E-019  -1.19999997E+001  -6.69038385E-021   3.85494106E-020   4.33680869E-019   7.76668906E-002   7.90413879E-002  -1.56708289E-001   7.83540463E-002   3.89530220E-003  -9.58674439E-004
     399       1     1.17649407E+001   1.00002268E+000   2.72427140E-001   1.19999997E+001   0.00000000E+000  -1.06220284E-019  -3.65506481E-019  -1.19999997E+001   3.88611658E-020   1.44560290E-019  -2.89120579E-020   7.79288100E-002   7.93039650E-002  -1.57232785E-001   7.86162936E-002   3.91197011E-003  -9.69616090E-004
     400       1     1.17641491E+001   1.00002268E+000   2.73348046E-001   1.19999997E+001   0.00000000E+000   9.16748465E-020   8.64208893E-020  -1.19999997E+001   2.02634986E-020  -1.15648232E-019   7.70988212E-020   7.81939718E-002   7.95701740E-002  -1.57764157E-001   7.88819784E-002   3.92906728E-003  -9.80342441E-004
     401       1     1.17633545E+001   1.00002268E+000   2.74272179E-001   1.19999997E+001   0.00000000E+000   5.91040768E-021   7.43236118E-020  -1.19999997E+001  -8.19263207E-020  -1.92747053E-020  -3.85494106E-020   7.84586082E-002   7.98388604E-002  -1.58297479E-001   7.91486383E-002   3.94324245E-003  -9.87712743E-004
     402       1     1.17625682E+001   1.00002268E+000   2.75186999E-001   1.19999997E+001   0.00000000E+000   3.96434948E-020  -2.58602688E-019  -1.19999997E+001   1.07937879E-020  -4.14406164E-019   3.56582048E-019   7.87225567E-002   8.01027505E-002  -1.58825319E-001   7.94125584E-002   3.96116146E-003  -9.98099209E-004
     403       1     1.17617779E+001   1.00002268E+000   2.76106509E-001   1.19999997E+001   0.00000000E+000  -5.67700304E-020  -3.73776817E-020  -1.19999997E+001   2.34757534E-020  -8.67361738E-020   2.60208521E-019   7.89854652E-002   8.03703354E-002  -1.59355813E-001   7.96778051E-002   3.98082723E-003  -1.00841978E-003
     404       1     1.17609855E+001   1.00002268E+000   2.77028412E-001   1.19999997E+001   0.00000000E+000  -7.02778531E-020  -1.03914473E-020  -1.19999997E+001  -4.65238728E-020  -2.69845874E-019   2.98757932E-019   7.92506083E-002   8.06371440E-002  -1.59887767E-001   7.99437826E-002   3.99820756E-003  -1.01657699E-003
     405       1     1.17601961E+001   1.00002268E+000   2.77946747E-001   1.19999997E+001   0.00000000E+000  -2.01546784E-020   2.92818113E-019  -1.19999997E+001   3.83511813E-020  -2.79483227E-019   2.21659111E-019   7.95132083E-002   8.09044293E-002  -1.60417652E-001   8.02087249E-002   4.01470393E-003  -1.02825230E-003
     406       1     1.17594014E+001   1.00002268E+000   2.78871302E-001   1.19999997E+001   0.00000000E+000   9.88910966E-020   2.68527091E-019  -1.19999997E+001   5.32289621E-020   2.31296463E-019   2.50571169E-019   7.97783135E-002   8.11728398E-002  -1.60951167E-001   8.04754815E-002   4.03045950E-003  -1.03745408E-003
     407       1     1.17586154E+001   1.00002268E+000   2.79785773E-001   1.19999997E+001   0.00000000E+000   2.94438064E-020   1.67888989E-019  -1.19999997E+001   1.13011253E-019   2.31296463E-019   9.63735264E-020   8.00409007E-002   8.14378900E-002  -1.61478804E-001   8.07392992E-002   4.04842716E-003  -1.04663147E-003
     408       1     1.17578200E+001   1.00002268E+000   2.80711134E-001   1.19999997E+001   0.00000000E+000   3.88835180E-020  -6.27769057E-020  -1.19999997E+001  -1.69100716E-020   1.25285584E-019   2.21659111E-019   8.03067352E-002   8.17060402E-002  -1.62012789E-001   8.10062911E-002   4.06483045E-003  -1.05286325E-003
     409       1     1.17570338E+001   1.00002268E+000   2.81626054E-001   1.19999997E+001   0.00000000E+000   1.60126873E-019   2.06378401E-019  -1.19999997E+001  -3.10237581E-020   1.34922937E-019  -5.78241159E-020   8.05697891E-002   8.19708745E-002  -1.62540679E-001   8.12702354E-002   4.08296569E-003  -1.06268403E-003
     410       1     1.17562407E+001   1.00002268E+000   2.82548787E-001   1.19999997E+001   0.00000000E+000   9.97287181E-020  -1.09975464E-019  -1.19999997E+001   5.50271425E-020  -2.89120579E-020   3.75856753E-019   8.08350218E-002   8.22380955E-002  -1.63073134E-001   8.15364628E-002   4.09922012E-003  -1.07143708E-003
     411       1     1.17554565E+001   1.00002268E+000   2.83461362E-001   1.19999997E+001   0.00000000E+000   1.01220437E-019   2.66008344E-019  -1.19999997E+001  -6.53315336E-020  -2.98757932E-019  -4.33680869E-019   8.10961353E-002   8.25034934E-002  -1.63599645E-001   8.17997183E-002   4.11843716E-003  -1.07965516E-003
     412       1     1.17546604E+001   1.00002268E+000   2.84387553E-001   1.19999997E+001   0.00000000E+000  -1.16892900E-019  -4.36763128E-020  -1.19999997E+001  -1.91058281E-019  -5.78241159E-020  -8.67361738E-019   8.13635150E-002   8.27706428E-002  -1.64134172E-001   8.20669795E-002   4.13256790E-003  -1.08598872E-003
     413       1     1.17538662E+001   1.00002268E+000   2.85311834E-001   1.19999997E+001   0.00000000E+000   4.69350368E-020  -9.55817859E-020  -1.19999997E+001   7.94652195E-020  -2.31296463E-019  -4.24043516E-019   8.16273701E-002   8.30400275E-002  -1.64667410E-001   8.23335980E-002   4.15178152E-003  -1.09882131E-003
     414       1     1.17530760E+001   1.00002268E+000   2.86231320E-001   1.19999997E+001   0.00000000E+000   1.20488084E-019  -5.21081728E-019  -1.19999997E+001   4.31439761E-020   1.54197642E-019   4.43318222E-019   8.18879895E-002   8.33099595E-002  -1.65197962E-001   8.25988736E-002   4.16910708E-003  -1.10519004E-003
     415       1     1.17522663E+001   1.00002268E+000   2.87173411E-001   1.19999997E+001   0.00000000E+000   1.02815683E-019   2.00855040E-019  -1.19999997E+001   3.11608128E-020   7.70988212E-020   5.78241159E-020   8.21560820E-002   8.35855246E-002  -1.65741620E-001   8.28707021E-002   4.18372624E-003  -1.11476666E-003
     416       1     1.17514757E+001   1.00002268E+000   2.88093696E-001   1.19999997E+001   0.00000000E+000  -6.11534259E-020  -2.26164267E-019  -1.19999997E+001   1.60451569E-019  -3.27669990E-019   3.27669990E-019   8.24212099E-002   8.38513271E-002  -1.66272552E-001   8.31361681E-002   4.20410035E-003  -1.12451181E-003
     417       1     1.17506798E+001   1.00002268E+000   2.89019966E-001   1.19999997E+001   0.00000000E+000  -9.17501383E-020   2.37927437E-019  -1.19999997E+001  -7.21101500E-020   2.50571169E-019   7.70988212E-020   8.26883459E-002   8.41185986E-002  -1.66806960E-001   8.34033719E-002   4.22364841E-003  -1.13454308E-003
     418       1     1.17498844E+001   1.00002268E+000   2.89945696E-001   1.19999997E+001   0.00000000E+000  -1.08406100E-019  -2.31463517E-019  -1.19999997E+001  -9.03260641E-020   3.85494106E-020  -2.89120579E-020   8.29521767E-002   8.43889094E-002  -1.67341102E-001   8.36704431E-002   4.24137062E-003  -1.14247580E-003
     419       1     1.17490974E+001   1.00002268E+000   2.90861529E-001   1.19999997E+001   0.00000000E+000   1.85276693E-019   5.35260119E-019  -1.19999997E+001   9.79470078E-021  -3.85494106E-019   1.34922937E-019   8.32149895E-002   8.46545406E-002  -1.67869545E-001   8.39346637E-002   4.25842770E-003  -1.15152315E-003
     420       1     1.17483095E+001   1.00002268E+000   2.91778576E-001   1.19999997E+001   0.00000000E+000  -1.23744455E-019  -2.21200890E-019  -1.19999997E+001  -3.45952667E-020   1.92747053E-020   3.85494106E-020   8.34777299E-002   8.49209065E-002  -1.68398652E-001   8.41992164E-002   4.27705568E-003  -1.16004210E-003
     421       1     1.17475239E+001   1.00002268E+000   2.92692878E-001   1.19999997E+001   0.00000000E+000   3.53130389E-020  -5.76717676E-020  -1.19999997E+001   4.09310841E-020  -1.83109700E-019  -3.18032637E-019   8.37410079E-002   8.51852034E-002  -1.68926225E-001   8.44630022E-002   4.29353172E-003  -1.16959741E-003
     422       1     1.17467275E+001   1.00002268E+000   2.93619733E-001   1.19999997E+001   0.00000000E+000   9.13336804E-020  -1.64472034E-019  -1.19999997E+001   1.45257621E-019   1.92747053E-019   1.15648232E-019   8.40082724E-002   8.54528020E-002  -1.69461089E-001   8.47304337E-002   4.30896475E-003  -1.17745260E-003
     423       1     1.17459342E+001   1.00002268E+000   2.94543156E-001   1.19999997E+001   0.00000000E+000  -7.13625258E-020  -1.07879057E-019  -1.19999997E+001  -1.91052987E-020  -3.08395285E-019   1.92747053E-019   8.42733046E-002   8.57205394E-002  -1.69993859E-001   8.49968181E-002   4.32760630E-003  -1.18880403E-003
     424       1     1.17451325E+001   1.00002268E+000   2.95476423E-001   1.19999997E+001   0.00000000E+000   7.43253765E-020  -3.23322476E-019  -1.19999997E+001   1.29747507E-019   3.46944695E-019   3.56582048E-019   8.45398668E-002   8.59924377E-002  -1.70532319E-001   8.52660479E-002   4.34577522E-003  -1.20027605E-003
     425       1     1.17443352E+001   1.00002268E+000   2.96404480E-001   1.19999997E+001   0.00000000E+000  -9.60935350E-020   1.69541291E-019  -1.19999997E+001   9.06734065E-020   9.63735264E-021  -3.08395285E-019   8.48066550E-002   8.62611342E-002  -1.71067804E-001   8.55337896E-002   4.36364020E-003  -1.20914823E-003
     426       1     1.17435364E+001   1.00002268E+000   2.97334445E-001   1.19999997E+001   0.00000000E+000   1.09726060E-019  -1.50340113E-019  -1.19999997E+001   1.27114940E-019  -9.63735264E-020   1.92747053E-020   8.50737014E-002   8.65305980E-002  -1.71604313E-001   8.58020441E-002   4.38399968E-003  -1.21958980E-003
     427       1     1.17427445E+001   1.00002268E+000   2.98256370E-001   1.19999997E+001   0.00000000E+000   1.83006174E-020  -2.64080756E-019  -1.19999997E+001  -4.09437492E-020   1.25285584E-019  -5.78241159E-020   8.53380366E-002   8.67981410E-002  -1.72136193E-001   8.60679838E-002   4.40343255E-003  -1.23129372E-003
     428       1     1.17419492E+001   1.00002268E+000   2.99182204E-001   1.19999997E+001   0.00000000E+000   1.25829097E-019  -4.62282348E-019  -1.19999997E+001   1.01782773E-019  -1.06010879E-019   4.43318222E-019   8.56032577E-002   8.70670689E-002  -1.72670341E-001   8.63350571E-002   4.42271253E-003  -1.24168012E-003
     429       1     1.17411489E+001   1.00002268E+000   3.00113985E-001   1.19999997E+001   0.00000000E+000  -1.44320297E-019  -8.21563137E-021  -1.19999997E+001  -3.16134460E-020   9.63735264E-020   0.00000000E+000   8.58717528E-002   8.73361574E-002  -1.73207925E-001   8.66038489E-002   4.44207679E-003  -1.25252062E-003
     430       1     1.17403533E+001   1.00002268E+000   3.01040273E-001   1.19999997E+001   0.00000000E+000   3.39966085E-020   4.94209020E-019  -1.19999997E+001   5.23869290E-020  -9.63735264E-020  -2.89120579E-019   8.61363347E-002   8.76059397E-002  -1.73742290E-001   8.68710316E-002   4.46259938E-003  -1.26424176E-003
     431       1     1.17395500E+001   1.00002268E+000   3.01975660E-001   1.19999997E+001   0.00000000E+000  -8.13645732E-020   8.87202308E-020  -1.19999997E+001  -9.20748342E-020   3.85494106E-020   3.27669990E-019   8.64026197E-002   8.78792850E-002  -1.74281923E-001   8.71408484E-002   4.48250029E-003  -1.27586087E-003
     432       1     1.17387522E+001   1.00002268E+000   3.02904554E-001   1.19999997E+001   0.00000000E+000  -2.17805111E-020   1.95510498E-019  -1.19999997E+001  -1.00077531E-019   7.70988212E-020   0.00000000E+000   8.66684563E-002   8.81493266E-002  -1.74817802E-001   8.74087876E-002   4.50317107E-003  -1.28599295E-003
     433       1     1.17379546E+001   1.00002268E+000   3.03833337E-001   1.19999997E+001   0.00000000E+000  -1.16817608E-019  -1.12968314E-019  -1.19999997E+001   1.31620391E-019   4.81867632E-020   1.73472348E-019   8.69354666E-002   8.84181270E-002  -1.75353613E-001   8.76766923E-002   4.52364223E-003  -1.29803197E-003
     434       1     1.17371475E+001   1.00002268E+000   3.04773079E-001   1.19999997E+001   0.00000000E+000  -4.24434093E-020   3.44065960E-020  -1.19999997E+001  -2.33131113E-020   7.70988212E-020  -5.01142338E-019   8.72020944E-002   8.86936925E-002  -1.75895806E-001   8.79477885E-002   4.54294472E-003  -1.30484993E-003
     435       1     1.17363493E+001   1.00002268E+000   3.05702572E-001   1.19999997E+001   0.00000000E+000  -1.64856140E-019   2.54942212E-019  -1.19999997E+001   5.97567039E-020   3.27669990E-019   3.27669990E-019   8.74699067E-002   8.89621273E-002  -1.76432052E-001   8.82159106E-002   4.56320168E-003  -1.31436822E-003
     436       1     1.17355419E+001   1.00002267E+000   3.06642786E-001   1.19999997E+001   0.00000000E+000  -1.31038350E-019   4.52058543E-019  -1.19999997E+001  -7.37333357E-020  -5.01142338E-019  -5.78241159E-020   8.77379895E-002   8.92364628E-002  -1.76974470E-001   8.84871187E-002   4.58346894E-003  -1.32498818E-003
     437       1     1.17347353E+001   1.00002267E+000   3.07582020E-001   1.19999997E+001   0.00000000E+000   4.71985581E-021  -2.72829901E-019  -1.19999997E+001   5.76600032E-020   3.85494106E-020  -3.46944695E-019   8.80106698E-002   8.95056725E-002  -1.77516359E-001   8.87580621E-002   4.60330258E-003  -1.33490474E-003
     438       1     1.17339298E+001   1.00002267E+000   3.08519896E-001   1.19999997E+001   0.00000000E+000   2.05854888E-019  -5.94604776E-019  -1.19999997E+001   3.71218071E-020   3.85494106E-020   4.81867632E-019   8.82776082E-002   8.97798835E-002  -1.78057507E-001   8.90286356E-002   4.62118226E-003  -1.34248183E-003
     439       1     1.17331238E+001   1.00002267E+000   3.09458582E-001   1.19999997E+001   0.00000000E+000  -5.59253503E-020   1.44010306E-019  -1.19999997E+001  -2.30569427E-020   4.24043516E-019  -3.85494106E-020   8.85452828E-002   9.00537295E-002  -1.78599028E-001   8.92993955E-002   4.64212500E-003  -1.35264868E-003
     440       1     1.17323162E+001   1.00002267E+000   3.10399159E-001   1.19999997E+001   0.00000000E+000  -8.95549112E-020  -1.31231285E-020  -1.19999997E+001   3.03720133E-020  -3.27669990E-019  -1.15648232E-019   8.88131409E-002   9.03284461E-002  -1.79141603E-001   8.95706826E-002   4.66375303E-003  -1.36509312E-003
     441       1     1.17315120E+001   1.00002267E+000   3.11335701E-001   1.19999997E+001   0.00000000E+000   9.09125168E-020  -3.99123101E-020  -1.19999997E+001  -8.82073053E-020   5.78241159E-020   2.69845874E-019   8.90820193E-002   9.05998928E-002  -1.79681928E-001   8.98408443E-002   4.68311958E-003  -1.37585255E-003
     442       1     1.17306947E+001   1.00002267E+000   3.12287660E-001   1.19999997E+001   0.00000000E+000   8.45409467E-020   1.95437559E-019  -1.19999997E+001   8.15022160E-020  -5.10779690E-019  -7.70988212E-020   8.93533318E-002   9.08777133E-002  -1.80231063E-001   9.01154114E-002   4.70481271E-003  -1.38990709E-003
     443       1     1.17298826E+001   1.00002267E+000   3.13233527E-001   1.19999997E+001   0.00000000E+000  -3.89399869E-021  -3.43608915E-019  -1.19999997E+001   9.63441156E-020   3.08395285E-019   5.39691748E-019   8.96243337E-002   9.11523931E-002  -1.80776746E-001   9.03882537E-002   4.72467790E-003  -1.40207490E-003
     444       1     1.17290772E+001   1.00002267E+000   3.14171573E-001   1.19999997E+001   0.00000000E+000   9.94040221E-020  -3.18939668E-019  -1.19999997E+001  -1.01482194E-019  -9.63735264E-020  -1.34922937E-019   8.98913148E-002   9.14265754E-002  -1.81317909E-001   9.06588345E-002   4.74497417E-003  -1.41221262E-003
     445       1     1.17282631E+001   1.00002267E+000   3.15119998E-001   1.19999997E+001   0.00000000E+000  -4.18198989E-020   2.57336844E-019  -1.19999997E+001   7.35865755E-020   1.73472348E-019  -2.02384406E-019   9.01621106E-002   9.17028561E-002  -1.81864987E-001   9.09323733E-002   4.76819789E-003  -1.42315202E-003
     446       1     1.17274488E+001   1.00002267E+000   3.16068386E-001   1.19999997E+001   0.00000000E+000  -3.00579053E-020  -4.87343936E-019  -1.19999997E+001  -3.27448820E-020   1.73472348E-019  -1.34922937E-019   9.04327394E-002   9.19793866E-002  -1.82412147E-001   9.12059534E-002   4.78774456E-003  -1.43302870E-003
     447       1     1.17266396E+001   1.00002267E+000   3.17011025E-001   1.19999997E+001   0.00000000E+000  -8.51621042E-020   3.02720164E-020  -1.19999997E+001  -3.57594958E-020  -1.83109700E-019   3.85494106E-020   9.07018618E-002   9.22540359E-002  -1.82955918E-001   9.14778385E-002   4.80966412E-003  -1.44362727E-003
     448       1     1.17258399E+001   1.00002267E+000   3.17942576E-001   1.19999997E+001   0.00000000E+000   1.69874810E-019  -1.85698445E-019  -1.19999997E+001  -1.15461179E-020  -1.73472348E-019  -5.78241159E-020   9.09684237E-002   9.25248606E-002  -1.83493305E-001   9.17465312E-002   4.83123750E-003  -1.45327161E-003
     449       1     1.17250375E+001   1.00002267E+000   3.18877424E-001   1.19999997E+001   0.00000000E+000  -1.54592924E-019  -5.94005383E-020  -1.19999997E+001   1.78777480E-019  -2.02384406E-019  -1.54197642E-019   9.12369166E-002   9.27956160E-002  -1.84032553E-001   9.20161548E-002   4.85383761E-003  -1.46531335E-003
     450       1     1.17242325E+001   1.00002267E+000   3.19815220E-001   1.19999997E+001   0.00000000E+000  -3.46577648E-020   1.77773981E-019  -1.19999997E+001  -1.24339731E-019   2.40933816E-019   5.20417043E-019   9.15077986E-002   9.30657659E-002  -1.84573584E-001   9.22866692E-002   4.87449604E-003  -1.47441341E-003
     451       1     1.17234302E+001   1.00002267E+000   3.20749886E-001   1.19999997E+001   0.00000000E+000   7.91622875E-020  -3.42094843E-019  -1.19999997E+001   7.65347207E-020  -4.04768811E-019  -3.85494106E-020   9.17764041E-002   9.33363489E-002  -1.85112773E-001   9.25562633E-002   4.89547010E-003  -1.48604116E-003
     452       1     1.17226249E+001   1.00002267E+000   3.21687991E-001   1.19999997E+001   0.00000000E+000   4.36645484E-020  -1.19179889E-019  -1.19999997E+001  -8.83178902E-020   5.78241159E-020   1.92747053E-019   9.20453527E-002   9.36086164E-002  -1.85653987E-001   9.28268690E-002   4.91506911E-003  -1.49695101E-003
     453       1     1.17218179E+001   1.00002267E+000   3.22628205E-001   1.19999997E+001   0.00000000E+000   3.92529185E-020  -2.41503799E-019  -1.19999997E+001  -1.50674809E-019  -5.78241159E-019   2.12021758E-019   9.23126762E-002   9.38836664E-002  -1.86196362E-001   9.30980559E-002   4.93631057E-003  -1.50844763E-003
     454       1     1.17210136E+001   1.00002267E+000   3.23565206E-001   1.19999997E+001   0.00000000E+000  -2.90932289E-020   1.98499230E-019  -1.19999997E+001  -4.12457988E-020  -2.31296463E-019   7.70988212E-019   9.25794724E-002   9.41574200E-002  -1.86736911E-001   9.33683300E-002   4.95729515E-003  -1.51702902E-003
     455       1     1.17202069E+001   1.00002267E+000   3.24505094E-001   1.19999997E+001   0.00000000E+000   2.30651777E-020   1.79645688E-019  -1.19999997E+001   3.96511416E-020   5.39691748E-019  -7.70988212E-020   9.28485564E-002   9.44305262E-002  -1.87279102E-001   9.36394256E-002   4.97903176E-003  -1.52716434E-003
     456       1     1.17194038E+001   1.00002267E+000   3.25440817E-001   1.19999997E+001   0.00000000E+000   1.03102733E-019  -4.59721250E-019  -1.19999997E+001  -9.05266462E-021   3.08395285E-019   6.16790569E-019   9.31176968E-002   9.47011835E-002  -1.87818900E-001   9.39093243E-002   5.00002660E-003  -1.53868832E-003
     457       1     1.17186016E+001   1.00002267E+000   3.26375566E-001   1.19999997E+001   0.00000000E+000   1.88088372E-020  -2.69282950E-019  -1.19999997E+001   3.92364484E-020   2.89120579E-019  -3.27669990E-019   9.33852968E-002   9.49727619E-002  -1.88358079E-001   9.41789135E-002   5.02270932E-003  -1.55094544E-003
     458       1     1.17177948E+001   1.00002267E+000   3.27315686E-001   1.19999997E+001   0.00000000E+000  -6.42850950E-020   4.15702006E-019  -1.19999997E+001  -4.03752372E-020   2.69845874E-019  -2.89120579E-019   9.36531223E-002   9.52472799E-002  -1.88900423E-001   9.44500849E-002   5.04345491E-003  -1.56113925E-003
     459       1     1.17169889E+001   1.00002267E+000   3.28254749E-001   1.19999997E+001   0.00000000E+000   9.34912616E-020  -1.09681355E-019  -1.19999997E+001   1.29753683E-019   7.70988212E-020  -4.24043516E-019   9.39225301E-002   9.55195684E-002  -1.89442118E-001   9.47209327E-002   5.06545382E-003  -1.57266767E-003
     460       1     1.17161807E+001   1.00002267E+000   3.29196555E-001   1.19999997E+001   0.00000000E+000  -1.12194220E-019  -2.93295158E-019  -1.19999997E+001   9.84734623E-020  -1.73472348E-019  -1.73472348E-019   9.41907383E-002   9.57946609E-002  -1.89985419E-001   9.49925829E-002   5.08659769E-003  -1.58334912E-003
     461       1     1.17153678E+001   1.00002267E+000   3.30143770E-001   1.19999997E+001   0.00000000E+000   1.40278068E-020  -3.60577220E-021  -1.19999997E+001   1.31743622E-019  -2.12021758E-019  -3.46944695E-019   9.44634942E-002   9.60683374E-002  -1.90531852E-001   9.52657986E-002   5.10785367E-003  -1.59430262E-003
     462       1     1.17145543E+001   1.00002267E+000   3.31091818E-001   1.19999997E+001   0.00000000E+000   2.07240728E-020   9.79634779E-020  -1.19999997E+001   8.99666633E-020   7.70988212E-020   1.54197642E-019   9.47361811E-002   9.63425255E-002  -1.91078726E-001   9.55392353E-002   5.13034211E-003  -1.60580043E-003
     463       1     1.17137411E+001   1.00002267E+000   3.32039381E-001   1.19999997E+001   0.00000000E+000  -1.27501987E-020  -3.57071445E-020  -1.19999997E+001   3.23054837E-020   1.92747053E-019   5.78241159E-020   9.50061538E-002   9.66191722E-002  -1.91625346E-001   9.58125446E-002   5.15173427E-003  -1.61638188E-003
     464       1     1.17129280E+001   1.00002267E+000   3.32987009E-001   1.19999997E+001   0.00000000E+000  -1.09269603E-019  -5.50819055E-019  -1.19999997E+001   1.51494784E-019   1.73472348E-019  -5.20417043E-019   9.52764751E-002   9.68954776E-002  -1.92171973E-001   9.60858577E-002   5.17382774E-003  -1.62841418E-003
     465       1     1.17121150E+001   1.00002267E+000   3.33934538E-001   1.19999997E+001   0.00000000E+000  -9.61852969E-020  -4.09482196E-019  -1.19999997E+001  -8.55332694E-020   2.50571169E-019  -5.01142338E-019   9.55503195E-002   9.71682141E-002  -1.92718554E-001   9.63591474E-002   5.19591400E-003  -1.64086595E-003
     466       1     1.17113003E+001   1.00002267E+000   3.34884030E-001   1.19999997E+001   0.00000000E+000  -1.07792001E-019  -1.65799053E-019  -1.19999997E+001   4.54003778E-020  -5.78241159E-020   2.69845874E-019   9.58212535E-002   9.74450484E-002  -1.93266323E-001   9.66330316E-002   5.21652075E-003  -1.64988987E-003
     467       1     1.17104795E+001   1.00002267E+000   3.35840647E-001   1.19999997E+001   0.00000000E+000   4.55750783E-021  -8.56144434E-020  -1.19999997E+001   3.52948041E-020  -7.70988212E-020  -3.46944695E-019   9.60942856E-002   9.77238595E-002  -1.93818165E-001   9.69089523E-002   5.23816470E-003  -1.66049320E-003
     468       1     1.17096565E+001   1.00002267E+000   3.36799819E-001   1.19999997E+001   0.00000000E+000   7.62847284E-020   4.36404315E-020  -1.19999997E+001  -9.07736975E-021   1.54197642E-019   3.27669990E-019   9.63694404E-002   9.80020367E-002  -1.94371497E-001   9.71856178E-002   5.25941548E-003  -1.67134711E-003
     469       1     1.17088331E+001   1.00002267E+000   3.37759494E-001   1.19999997E+001   0.00000000E+000  -6.54238837E-020   1.10796615E-020  -1.19999997E+001  -1.44093245E-019  -7.70988212E-020   1.54197642E-019   9.66449307E-002   9.82801371E-002  -1.94925088E-001   9.74624130E-002   5.28174122E-003  -1.68254770E-003
     470       1     1.17080192E+001   1.00002267E+000   3.38708340E-001   1.19999997E+001   0.00000000E+000  -8.42797783E-021   2.22800252E-019  -1.19999997E+001  -4.16428455E-020  -3.46944695E-019  -3.46944695E-019   9.69165509E-002   9.85557761E-002  -1.95472348E-001   9.77360429E-002   5.30582857E-003  -1.69660691E-003
     471       1     1.17071946E+001   1.00002267E+000   3.39669623E-001   1.19999997E+001   0.00000000E+000  -4.09093385E-020   2.57370373E-019  -1.19999997E+001  -2.76032744E-020   1.54197642E-019   1.54197642E-019   9.71927152E-002   9.88340740E-002  -1.96026811E-001   9.80132738E-002   5.32943500E-003  -1.71030748E-003
     472       1     1.17063731E+001   1.00002267E+000   3.40627175E-001   1.19999997E+001   0.00000000E+000  -1.26822008E-019  -2.58128585E-019  -1.19999997E+001  -1.66522560E-019  -4.43318222E-019   5.97515864E-019   9.74644431E-002   9.91146886E-002  -1.96579153E-001   9.82894436E-002   5.35177161E-003  -1.72238096E-003
     473       1     1.17055450E+001   1.00002267E+000   3.41592501E-001   1.19999997E+001   0.00000000E+000   4.16904911E-020  -3.24141862E-019  -1.19999997E+001   6.62032717E-020  -4.81867632E-019   2.69845874E-019   9.77401121E-002   9.93958588E-002  -1.97135992E-001   9.85678631E-002   5.37485946E-003  -1.73202277E-003
     474       1     1.17047244E+001   1.00002267E+000   3.42549153E-001   1.19999997E+001   0.00000000E+000   5.52594883E-020   3.04448935E-019  -1.19999997E+001  -7.18160414E-020  -1.15648232E-019   7.70988212E-020   9.80146852E-002   9.96731203E-002  -1.97687827E-001   9.88437796E-002   5.39744429E-003  -1.74326852E-003
     475       1     1.17039038E+001   1.00002267E+000   3.43505713E-001   1.19999997E+001   0.00000000E+000  -1.90582413E-021   6.76471099E-019  -1.19999997E+001   7.56412186E-020   1.34922937E-019  -3.08395285E-019   9.82883688E-002   9.99512328E-002  -1.98239623E-001   9.91196769E-002   5.42006760E-003  -1.75231070E-003
     476       1     1.17030777E+001   1.00002267E+000   3.44468762E-001   1.19999997E+001   0.00000000E+000   7.80446746E-020  -8.83005378E-020  -1.19999997E+001  -1.47901952E-019   4.24043516E-019  -7.70988212E-019   9.85630368E-002   1.00232068E-001  -1.98795126E-001   9.93974276E-002   5.44354419E-003  -1.76288190E-003
     477       1     1.17022484E+001   1.00002267E+000   3.45435560E-001   1.19999997E+001   0.00000000E+000  -5.48053846E-020  -4.68182756E-019  -1.19999997E+001  -9.03484164E-020   7.70988212E-020  -1.34922937E-019   9.88397630E-002   1.00513075E-001  -1.99352860E-001   9.96762940E-002   5.46445338E-003  -1.77437840E-003
     478       1     1.17014187E+001   1.00002267E+000   3.46402893E-001   1.19999997E+001   0.00000000E+000  -7.98963827E-020   1.71905337E-019  -1.19999997E+001  -1.46731400E-019   2.69845874E-019  -1.34922937E-019   9.91158581E-002   1.00794949E-001  -1.99910829E-001   9.99552781E-002   5.48800554E-003  -1.78559796E-003
     479       1     1.17005881E+001   1.00002267E+000   3.47371207E-001   1.19999997E+001   0.00000000E+000   7.41153829E-021   2.89708797E-020  -1.19999997E+001   4.01899487E-020   1.92747053E-019  -7.70988212E-019   9.93939008E-002   1.01075475E-001  -2.00469397E-001   1.00234562E-001   5.51025381E-003  -1.79790868E-003
     480       1     1.16997594E+001   1.00002267E+000   3.48337494E-001   1.19999997E+001   0.00000000E+000   5.57371208E-020  -3.30658428E-019  -1.19999997E+001   2.42073781E-019  -3.27669990E-019   4.43318222E-019   9.96700163E-002   1.01356725E-001  -2.01026763E-001   1.00513243E-001   5.53296442E-003  -1.81171512E-003
     481       1     1.16989319E+001   1.00002267E+000   3.49302185E-001   1.19999997E+001   0.00000000E+000   1.38929873E-019  -1.40260421E-019  -1.19999997E+001   3.92293898E-020   1.92747053E-020   2.12021758E-019   9.99476383E-002   1.01635608E-001  -2.01583268E-001   1.00791495E-001   5.55476010E-003  -1.82230870E-003
     482       1     1.16981037E+001   1.00002267E+000   3.50267903E-001   1.19999997E+001   0.00000000E+000   1.51033033E-019  -4.53622613E-019  -1.19999997E+001  -6.60097482E-020  -2.31296463E-019  -5.01142338E-019   1.00225674E-001   1.01914611E-001  -2.02140306E-001   1.01070014E-001   5.57844702E-003  -1.83370225E-003
     483       1     1.16972759E+001   1.00002267E+000   3.51233123E-001   1.19999997E+001   0.00000000E+000  -1.65538472E-019  -1.08906085E-019  -1.19999997E+001  -4.26363445E-020  -1.34922937E-019   1.92747053E-019   1.00502893E-001   1.02194150E-001  -2.02697064E-001   1.01348393E-001   5.60113324E-003  -1.84708470E-003
     484       1     1.16964556E+001   1.00002267E+000   3.52189677E-001   1.19999997E+001   0.00000000E+000  -2.28769482E-020  -1.75166413E-019  -1.19999997E+001  -8.26210054E-021   0.00000000E+000   3.46944695E-019   1.00777018E-001   1.02471787E-001  -2.03248826E-001   1.01624273E-001   5.62402032E-003  -1.85848618E-003
     485       1     1.16956164E+001   1.00002267E+000   3.53168362E-001   1.19999997E+001   0.00000000E+000  -6.67391376E-020   9.91993225E-020  -1.19999997E+001  -8.30909910E-020   2.31296463E-019  -3.85494106E-020   1.01057525E-001   1.02755768E-001  -2.03813315E-001   1.01906517E-001   5.64788434E-003  -1.87290552E-003
     486       1     1.16947821E+001   1.00002267E+000   3.54141247E-001   1.19999997E+001   0.00000000E+000   1.71837103E-019   4.41250050E-019  -1.19999997E+001   6.18957562E-020  -2.12021758E-019  -4.04768811E-019   1.01336794E-001   1.03037683E-001  -2.04374498E-001   1.02187108E-001   5.67114614E-003  -1.88446975E-003
     487       1     1.16939502E+001   1.00002267E+000   3.55111418E-001   1.19999997E+001   0.00000000E+000   1.78540428E-019   2.45574851E-019  -1.19999997E+001  -1.77348112E-019   2.69845874E-019   2.12021758E-019   1.01613476E-001   1.03320579E-001  -2.04934077E-001   1.02466897E-001   5.69464819E-003  -1.89852710E-003
     488       1     1.16931146E+001   1.00002267E+000   3.56086006E-001   1.19999997E+001   0.00000000E+000  -8.43974217E-020   1.45476144E-019  -1.19999997E+001   9.13772085E-020  -3.85494106E-019   6.93889390E-019   1.01892382E-001   1.03603789E-001  -2.05496194E-001   1.02747955E-001   5.71916476E-003  -1.91115183E-003
     489       1     1.16922756E+001   1.00002267E+000   3.57064527E-001   1.19999997E+001   0.00000000E+000   8.36445035E-021   8.21657252E-020  -1.19999997E+001   1.70938896E-019  -3.08395285E-019  -2.89120579E-019   1.02174774E-001   1.03885761E-001  -2.06060557E-001   1.03030136E-001   5.74442361E-003  -1.92531623E-003
     490       1     1.16914433E+001   1.00002267E+000   3.58035167E-001   1.19999997E+001   0.00000000E+000   1.39529855E-019   1.04053174E-018  -1.19999997E+001  -6.50909527E-020  -3.08395285E-019  -3.85494106E-019   1.02452056E-001   1.04168367E-001  -2.06620445E-001   1.03310080E-001   5.76692835E-003  -1.93813687E-003
     491       1     1.16906049E+001   1.00002267E+000   3.59012874E-001   1.19999997E+001   0.00000000E+000   6.08381414E-020  -5.05059865E-019  -1.19999997E+001   1.08441981E-019   4.24043516E-019  -1.34922937E-019   1.02729842E-001   1.04454607E-001  -2.07184471E-001   1.03592092E-001   5.78897316E-003  -1.94570906E-003
     492       1     1.16897733E+001   1.00002267E+000   3.59982687E-001   1.19999997E+001   0.00000000E+000   2.46225419E-019  -2.67540062E-019  -1.19999997E+001   6.32580675E-020   1.15648232E-019  -5.01142338E-019   1.03008593E-001   1.04735351E-001  -2.07743965E-001   1.03871839E-001   5.80973019E-003  -1.95537242E-003
     493       1     1.16889308E+001   1.00002267E+000   3.60965357E-001   1.19999997E+001   0.00000000E+000  -9.35547890E-020   1.41070396E-019  -1.19999997E+001   9.54559074E-020  -1.92747053E-020  -6.36065275E-019   1.03289516E-001   1.05021189E-001  -2.08310726E-001   1.04155219E-001   5.83472308E-003  -1.96882011E-003
     494       1     1.16880908E+001   1.00002267E+000   3.61945092E-001   1.19999997E+001   0.00000000E+000  -1.30770123E-019  -3.49389915E-019  -1.19999997E+001   3.00708461E-020   3.27669990E-019   1.73472348E-019   1.03570147E-001   1.05305709E-001  -2.08875877E-001   1.04437794E-001   5.85734004E-003  -1.98043575E-003
     495       1     1.16872400E+001   1.00002267E+000   3.62937519E-001   1.19999997E+001   0.00000000E+000  -2.11320603E-019   6.30927196E-019  -1.19999997E+001   1.90185955E-019  -4.43318222E-019  -2.31296463E-019   1.03856173E-001   1.05592137E-001  -2.09448332E-001   1.04724021E-001   5.88066928E-003  -1.99352486E-003
     496       1     1.16863991E+001   1.00002267E+000   3.63918202E-001   1.19999997E+001   0.00000000E+000  -4.99443566E-020   9.62388247E-020  -1.19999997E+001  -1.50873038E-019  -3.66219400E-019  -6.93889390E-019   1.04138105E-001   1.05875935E-001  -2.10014062E-001   1.05006885E-001   5.90271240E-003  -2.00391670E-003
     497       1     1.16855583E+001   1.00002267E+000   3.64899002E-001   1.19999997E+001   0.00000000E+000  -6.18122293E-020  -4.18103698E-019  -1.19999997E+001  -3.39313164E-020   3.46944695E-019  -5.78241159E-020   1.04417283E-001   1.06162488E-001  -2.10579793E-001   1.05289750E-001   5.92535081E-003  -2.01823066E-003
     498       1     1.16847151E+001   1.00002267E+000   3.65882680E-001   1.19999997E+001   0.00000000E+000  -3.64224167E-021   3.33141293E-019  -1.19999997E+001  -5.29089719E-020  -2.89120579E-019  -3.66219400E-019   1.04699158E-001   1.06447976E-001  -2.11147156E-001   1.05573431E-001   5.95007316E-003  -2.03035355E-003
     499       1     1.16838691E+001   1.00002267E+000   3.66869603E-001   1.19999997E+001   0.00000000E+000  -3.69329894E-020   8.03369575E-020  -1.19999997E+001   7.14566406E-020   2.89120579E-019   6.16790569E-019   1.04980736E-001   1.06735662E-001  -2.11716420E-001   1.05858063E-001   5.97375722E-003  -2.04215074E-003
     500       1     1.16830150E+001   1.00002267E+000   3.67865783E-001   1.19999997E+001   0.00000000E+000  -8.52256317E-020   3.31471638E-019  -1.19999997E+001   7.57394509E-020  -4.43318222E-019   3.85494106E-019   1.05265305E-001   1.07025808E-001  -2.12291137E-001   1.06145421E-001   5.99497744E-003  -2.05031398E-003
