   iLoop            strain     Layer Density  B5                B4                B2                D6                D1                D4                C1                C5                C3                A6                C2                C3              
       1   7.67581893E+014   0.00000000E+000   1.67906641E+014   1.43922267E+014   0.00000000E+000   0.00000000E+000   0.00000000E+000   2.39868539E+014   0.00000000E+000   2.15884446E+014   0.00000000E+000   0.00000000E+000
   0.00000000E+000
       2   7.72963096E+014   0.00000000E+000   1.69082068E+014   1.44931818E+014   0.00000000E+000   0.00000000E+000   0.00000000E+000   2.41549452E+014   0.00000000E+000   2.17399758E+014   0.00000000E+000   0.00000000E+000
   0.00000000E+000
       3   7.78344138E+014   0.00000000E+000   1.70257511E+014   1.45941322E+014   0.00000000E+000   0.00000000E+000   0.00000000E+000   2.43230308E+014   0.00000000E+000   2.18914996E+014   0.00000000E+000   0.00000000E+000
   0.00000000E+000
       4   7.83726814E+014   0.00000000E+000   1.71433342E+014   1.46951128E+014   0.00000000E+000   0.00000000E+000   0.00000000E+000   2.44911672E+014   0.00000000E+000   2.20430672E+014   0.00000000E+000   0.00000000E+000
   0.00000000E+000
       5   7.89111093E+014   0.00000000E+000   1.72609552E+014   1.47961231E+014   0.00000000E+000   0.00000000E+000   0.00000000E+000   2.46593533E+014   0.00000000E+000   2.21946777E+014   0.00000000E+000   0.00000000E+000
   0.00000000E+000
       6   7.94496970E+014   0.00000000E+000   1.73786142E+014   1.48971630E+014   0.00000000E+000   0.00000000E+000   0.00000000E+000   2.48275889E+014   0.00000000E+000   2.23463309E+014   0.00000000E+000   0.00000000E+000
   0.00000000E+000
       7   7.99884430E+014   0.00000000E+000   1.74963109E+014   1.49982322E+014   0.00000000E+000   0.00000000E+000   0.00000000E+000   2.49958736E+014   0.00000000E+000   2.24980263E+014   0.00000000E+000   0.00000000E+000
   0.00000000E+000
       8   8.05273441E+014   0.00000000E+000   1.76140445E+014   1.50993301E+014   0.00000000E+000   0.00000000E+000   0.00000000E+000   2.51642063E+014   0.00000000E+000   2.26497632E+014   0.00000000E+000   0.00000000E+000
   0.00000000E+000
       9   8.10663966E+014   0.00000000E+000   1.77318142E+014   1.52004560E+014   0.00000000E+000   0.00000000E+000   0.00000000E+000   2.53325858E+014   0.00000000E+000   2.28015406E+014   0.00000000E+000   0.00000000E+000
   0.00000000E+000
      10   8.16055972E+014   0.00000000E+000   1.78496194E+014   1.53016092E+014   0.00000000E+000   0.00000000E+000   0.00000000E+000   2.55010112E+014   0.00000000E+000   2.29533575E+014   0.00000000E+000   0.00000000E+000
   0.00000000E+000
      11   8.21449443E+014   0.00000000E+000   1.79674596E+014   1.54027893E+014   0.00000000E+000   0.00000000E+000   0.00000000E+000   2.56694819E+014   0.00000000E+000   2.31052136E+014   0.00000000E+000   0.00000000E+000
   0.00000000E+000
      12   8.26844343E+014   0.00000000E+000   1.80853340E+014   1.55039958E+014   0.00000000E+000   0.00000000E+000   0.00000000E+000   2.58379967E+014   0.00000000E+000   2.32571077E+014   0.00000000E+000   0.00000000E+000
   0.00000000E+000
      13   8.32240651E+014   0.00000000E+000   1.82032422E+014   1.56052282E+014   0.00000000E+000   0.00000000E+000   0.00000000E+000   2.60065552E+014   0.00000000E+000   2.34090395E+014   0.00000000E+000   0.00000000E+000
   0.00000000E+000
      14   8.37638353E+014   0.00000000E+000   1.83211839E+014   1.57064861E+014   0.00000000E+000   0.00000000E+000   0.00000000E+000   2.61751568E+014   0.00000000E+000   2.35610085E+014   0.00000000E+000   0.00000000E+000
   0.00000000E+000
      15   8.43037436E+014   0.00000000E+000   1.84391587E+014   1.58077693E+014   0.00000000E+000   0.00000000E+000   0.00000000E+000   2.63438012E+014   0.00000000E+000   2.37130144E+014   0.00000000E+000   0.00000000E+000
   0.00000000E+000
      16   8.48437882E+014   0.00000000E+000   1.85571661E+014   1.59090775E+014   0.00000000E+000   0.00000000E+000   0.00000000E+000   2.65124879E+014   0.00000000E+000   2.38650567E+014   0.00000000E+000   0.00000000E+000
   0.00000000E+000
      17   8.53839669E+014   0.00000000E+000   1.86752058E+014   1.60104101E+014   0.00000000E+000   0.00000000E+000   0.00000000E+000   2.66812162E+014   0.00000000E+000   2.40171348E+014   0.00000000E+000   0.00000000E+000
   0.00000000E+000
      18   8.59242736E+014   0.00000000E+000   1.87932762E+014   1.61117659E+014   0.00000000E+000   0.00000000E+000   0.00000000E+000   2.68499843E+014   0.00000000E+000   2.41692472E+014   0.00000000E+000   0.00000000E+000
   0.00000000E+000
      19   8.64647044E+014   0.00000000E+000   1.89113765E+014   1.62131442E+014   0.00000000E+000   0.00000000E+000   0.00000000E+000   2.70187909E+014   0.00000000E+000   2.43213927E+014   0.00000000E+000   0.00000000E+000
   0.00000000E+000
      20   8.70052588E+014   0.00000000E+000   1.90295067E+014   1.63145448E+014   0.00000000E+000   0.00000000E+000   0.00000000E+000   2.71876360E+014   0.00000000E+000   2.44735714E+014   0.00000000E+000   0.00000000E+000
   0.00000000E+000
      21   8.75459359E+014   0.00000000E+000   1.91476665E+014   1.64159675E+014   0.00000000E+000   0.00000000E+000   0.00000000E+000   2.73565191E+014   0.00000000E+000   2.46257827E+014   0.00000000E+000   0.00000000E+000
   0.00000000E+000
      22   8.80867339E+014   0.00000000E+000   1.92658555E+014   1.65174120E+014   0.00000000E+000   0.00000000E+000   0.00000000E+000   2.75254400E+014   0.00000000E+000   2.47780265E+014   0.00000000E+000   0.00000000E+000
   0.00000000E+000
      23   8.86276512E+014   0.00000000E+000   1.93840730E+014   1.66188780E+014   0.00000000E+000   0.00000000E+000   0.00000000E+000   2.76943981E+014   0.00000000E+000   2.49303021E+014   0.00000000E+000   0.00000000E+000
   0.00000000E+000
      24   8.91686869E+014   0.00000000E+000   1.95023187E+014   1.67203654E+014   0.00000000E+000   0.00000000E+000   0.00000000E+000   2.78633934E+014   0.00000000E+000   2.50826094E+014   0.00000000E+000   0.00000000E+000
   0.00000000E+000
      25   8.97098405E+014   0.00000000E+000   1.96205925E+014   1.68218740E+014   0.00000000E+000   0.00000000E+000   0.00000000E+000   2.80324257E+014   0.00000000E+000   2.52349483E+014   0.00000000E+000   0.00000000E+000
   0.00000000E+000
      26   9.02511116E+014   0.00000000E+000   1.97388940E+014   1.69234038E+014   0.00000000E+000   0.00000000E+000   0.00000000E+000   2.82014951E+014   0.00000000E+000   2.53873187E+014   0.00000000E+000   0.00000000E+000
   0.00000000E+000
      27   9.07924994E+014   0.00000000E+000   1.98572229E+014   1.70249545E+014   0.00000000E+000   0.00000000E+000   0.00000000E+000   2.83706015E+014   0.00000000E+000   2.55397205E+014   0.00000000E+000   0.00000000E+000
   0.00000000E+000
      28   9.13340022E+014   0.00000000E+000   1.99755787E+014   1.71265258E+014   0.00000000E+000   0.00000000E+000   0.00000000E+000   2.85397444E+014   0.00000000E+000   2.56921533E+014   0.00000000E+000   0.00000000E+000
   0.00000000E+000
      29   9.18756183E+014   0.00000000E+000   2.00939608E+014   1.72281174E+014   0.00000000E+000   0.00000000E+000   0.00000000E+000   2.87089233E+014   0.00000000E+000   2.58446168E+014   0.00000000E+000   0.00000000E+000
   0.00000000E+000
      30   9.24173458E+014   0.00000000E+000   2.02123687E+014   1.73297286E+014   0.00000000E+000   0.00000000E+000   0.00000000E+000   2.88781379E+014   0.00000000E+000   2.59971106E+014   0.00000000E+000   0.00000000E+000
   0.00000000E+000
      31   9.29591835E+014   0.00000000E+000   2.03308021E+014   1.74313592E+014   0.00000000E+000   0.00000000E+000   0.00000000E+000   2.90473878E+014   0.00000000E+000   2.61496344E+014   0.00000000E+000   0.00000000E+000
   0.00000000E+000
      32   9.35011301E+014   0.00000000E+000   2.04492604E+014   1.75330089E+014   0.00000000E+000   0.00000000E+000   0.00000000E+000   2.92166728E+014   0.00000000E+000   2.63021880E+014   0.00000000E+000   0.00000000E+000
   0.00000000E+000
      33   9.40431849E+014   0.00000000E+000   2.05677435E+014   1.76346772E+014   0.00000000E+000   0.00000000E+000   0.00000000E+000   2.93859928E+014   0.00000000E+000   2.64547714E+014   0.00000000E+000   0.00000000E+000
   0.00000000E+000
      34   9.45853471E+014   0.00000000E+000   2.06862509E+014   1.77363640E+014   0.00000000E+000   0.00000000E+000   0.00000000E+000   2.95553477E+014   0.00000000E+000   2.66073846E+014   0.00000000E+000   0.00000000E+000
   0.00000000E+000
      35   9.51276145E+014   0.00000000E+000   2.08047820E+014   1.78380685E+014   0.00000000E+000   0.00000000E+000   0.00000000E+000   2.97247370E+014   0.00000000E+000   2.67600270E+014   0.00000000E+000   0.00000000E+000
   0.00000000E+000
      36   9.56699854E+014   0.00000000E+000   2.09233363E+014   1.79397905E+014   0.00000000E+000   0.00000000E+000   0.00000000E+000   2.98941604E+014   0.00000000E+000   2.69126982E+014   0.00000000E+000   0.00000000E+000
   0.00000000E+000
      37   9.62124584E+014   0.00000000E+000   2.10419135E+014   1.80415295E+014   0.00000000E+000   0.00000000E+000   0.00000000E+000   3.00636175E+014   0.00000000E+000   2.70653979E+014   0.00000000E+000   0.00000000E+000
   0.00000000E+000
      38   9.67550325E+014   0.00000000E+000   2.11605133E+014   1.81432855E+014   0.00000000E+000   0.00000000E+000   0.00000000E+000   3.02331081E+014   0.00000000E+000   2.72181257E+014   0.00000000E+000   0.00000000E+000
   0.00000000E+000
      39   9.72977074E+014   0.00000000E+000   2.12791357E+014   1.82450583E+014   0.00000000E+000   0.00000000E+000   0.00000000E+000   3.04026321E+014   0.00000000E+000   2.73708814E+014   0.00000000E+000   0.00000000E+000
   0.00000000E+000
      40   9.78404900E+014   0.00000000E+000   2.13977825E+014   1.83468498E+014   0.00000000E+000   0.00000000E+000   0.00000000E+000   3.05721908E+014   0.00000000E+000   2.75236669E+014   0.00000000E+000   0.00000000E+000
   0.00000000E+000
      41   9.83833894E+014   0.00000000E+000   2.15164567E+014   1.84486625E+014   0.00000000E+000   0.00000000E+000   0.00000000E+000   3.07417862E+014   0.00000000E+000   2.76764841E+014   0.00000000E+000   0.00000000E+000
   0.00000000E+000
      42   9.89264109E+014   0.00000000E+000   2.16351605E+014   1.85504975E+014   0.00000000E+000   0.00000000E+000   0.00000000E+000   3.09114192E+014   0.00000000E+000   2.78293337E+014   0.00000000E+000   0.00000000E+000
   0.00000000E+000
      43   9.94695586E+014   0.00000000E+000   2.17538949E+014   1.86523566E+014   0.00000000E+000   0.00000000E+000   0.00000000E+000   3.10810912E+014   0.00000000E+000   2.79822160E+014   0.00000000E+000   0.00000000E+000
   0.00000000E+000
      44   1.00012832E+015   0.00000000E+000   2.18726599E+014   1.87542391E+014   0.00000000E+000   0.00000000E+000   0.00000000E+000   3.12508024E+014   0.00000000E+000   2.81351303E+014   0.00000000E+000   0.00000000E+000
   0.00000000E+000
      45   1.00556226E+015   0.00000000E+000   2.19914542E+014   1.88561440E+014   0.00000000E+000   0.00000000E+000   0.00000000E+000   3.14205522E+014   0.00000000E+000   2.82880754E+014   0.00000000E+000   0.00000000E+000
   0.00000000E+000
      46   1.01099733E+015   0.00000000E+000   2.21102760E+014   1.89580700E+014   0.00000000E+000   0.00000000E+000   0.00000000E+000   3.15903381E+014   0.00000000E+000   2.84410492E+014   0.00000000E+000   0.00000000E+000
   0.00000000E+000
      47   1.02003563E+015   0.00000000E+000   2.23068089E+014   1.91538263E+014   0.00000000E+000   0.00000000E+000   0.00000000E+000   3.18444217E+014   0.00000000E+000   2.86985063E+014   0.00000000E+000   0.00000000E+000
   0.00000000E+000
      48   1.02677528E+015   0.00000000E+000   2.24903211E+014   1.92679251E+014   0.00000000E+000   0.00000000E+000   0.00000000E+000   3.20505724E+014   0.00000000E+000   2.88687094E+014   0.00000000E+000   0.00000000E+000
   0.00000000E+000
      49   1.03137633E+015   0.00000000E+000   2.25962452E+014   1.93653655E+014   0.00000000E+000   0.00000000E+000   0.00000000E+000   3.21884171E+014   0.00000000E+000   2.89876051E+014   0.00000000E+000   0.00000000E+000
   0.00000000E+000
      50   1.03447158E+015   0.00000000E+000   2.26163255E+014   1.94349072E+014   0.00000000E+000   0.00000000E+000   0.00000000E+000   3.23276856E+014   0.00000000E+000   2.90682396E+014   0.00000000E+000   0.00000000E+000
   0.00000000E+000
      51   1.04069423E+015   0.00000000E+000   2.28038785E+014   1.95367947E+014   0.00000000E+000   0.00000000E+000   0.00000000E+000   3.24702632E+014   0.00000000E+000   2.92584865E+014   0.00000000E+000   0.00000000E+000
   0.00000000E+000
      52   1.04411151E+015   0.00000000E+000   2.28536752E+014   1.95972695E+014   0.00000000E+000   0.00000000E+000   0.00000000E+000   3.26035963E+014   0.00000000E+000   2.93566103E+014   0.00000000E+000   0.00000000E+000
   0.00000000E+000
      53   1.05048784E+015   0.00000000E+000   2.29882727E+014   1.97027949E+014   0.00000000E+000   0.00000000E+000   0.00000000E+000   3.27940363E+014   0.00000000E+000   2.95636799E+014   0.00000000E+000   0.00000000E+000
   0.00000000E+000
      54   1.05445484E+015   0.00000000E+000   2.30567301E+014   1.97824251E+014   0.00000000E+000   0.00000000E+000   0.00000000E+000   3.29569588E+014   0.00000000E+000   2.96493703E+014   0.00000000E+000   0.00000000E+000
   0.00000000E+000
      55   1.05886732E+015   0.00000000E+000   2.31656609E+014   1.98368417E+014   0.00000000E+000   0.00000000E+000   0.00000000E+000   3.30843779E+014   0.00000000E+000   2.97998513E+014   0.00000000E+000   0.00000000E+000
   0.00000000E+000
      56   1.06437491E+015   0.00000000E+000   2.32761395E+014   1.99488173E+014   0.00000000E+000   0.00000000E+000   0.00000000E+000   3.32640220E+014   0.00000000E+000   2.99485118E+014   0.00000000E+000   0.00000000E+000
   0.00000000E+000
      57   1.06885035E+015   0.00000000E+000   2.33755210E+014   2.00333384E+014   0.00000000E+000   0.00000000E+000   0.00000000E+000   3.33776948E+014   0.00000000E+000   3.00984811E+014   0.00000000E+000   0.00000000E+000
   0.00000000E+000
      58   1.07444880E+015   0.00000000E+000   2.34893243E+014   2.01328928E+014   0.00000000E+000   0.00000000E+000   0.00000000E+000   3.35458693E+014   0.00000000E+000   3.02767939E+014   0.00000000E+000   0.00000000E+000
   0.00000000E+000
      59   1.08057244E+015   0.00000000E+000   2.36124356E+014   2.02699450E+014   0.00000000E+000   0.00000000E+000   0.00000000E+000   3.37510878E+014   0.00000000E+000   3.04237756E+014   0.00000000E+000   0.00000000E+000
   0.00000000E+000
      60   1.08505317E+015   0.00000000E+000   2.37180317E+014   2.03362287E+014   0.00000000E+000   0.00000000E+000   0.00000000E+000   3.38861142E+014   0.00000000E+000   3.05649420E+014   0.00000000E+000   0.00000000E+000
   0.00000000E+000
      61   1.09051868E+015   0.00000000E+000   2.38376527E+014   2.04367554E+014   0.00000000E+000   0.00000000E+000   0.00000000E+000   3.40569249E+014   0.00000000E+000   3.07205349E+014   0.00000000E+000   0.00000000E+000
   0.00000000E+000
      62   1.09599611E+015   0.00000000E+000   2.39564603E+014   2.05394728E+014   0.00000000E+000   0.00000000E+000   0.00000000E+000   3.42287030E+014   0.00000000E+000   3.08749751E+014   0.00000000E+000   0.00000000E+000
   0.00000000E+000
      63   1.10151665E+015   0.00000000E+000   2.40757142E+014   2.06433846E+014   0.00000000E+000   0.00000000E+000   0.00000000E+000   3.44017088E+014   0.00000000E+000   3.10308578E+014   0.00000000E+000   0.00000000E+000
   0.00000000E+000
      64   1.10744531E+015   0.00000000E+000   2.42148811E+014   2.07240537E+014   0.00000000E+000   0.00000000E+000   0.00000000E+000   3.46006771E+014   0.00000000E+000   3.12049194E+014   0.00000000E+000   0.00000000E+000
   0.00000000E+000
      65   1.11330261E+015   0.00000000E+000   2.43684093E+014   2.08427025E+014   0.00000000E+000   0.00000000E+000   0.00000000E+000   3.47504841E+014   0.00000000E+000   3.13686646E+014   0.00000000E+000   0.00000000E+000
   0.00000000E+000
      66   1.11876123E+015   0.00000000E+000   2.45036199E+014   2.09279963E+014   0.00000000E+000   0.00000000E+000   0.00000000E+000   3.49553039E+014   0.00000000E+000   3.14892032E+014   0.00000000E+000   0.00000000E+000
   0.00000000E+000
      67   1.12462138E+015   0.00000000E+000   2.46043111E+014   2.10601051E+014   0.00000000E+000   0.00000000E+000   0.00000000E+000   3.51379482E+014   0.00000000E+000   3.16597731E+014   0.00000000E+000   0.00000000E+000
   0.00000000E+000
      68   1.13027088E+015   0.00000000E+000   2.47354163E+014   2.11579357E+014   0.00000000E+000   0.00000000E+000   0.00000000E+000   3.53109710E+014   0.00000000E+000   3.18227647E+014   0.00000000E+000   0.00000000E+000
   0.00000000E+000
      69   1.13647756E+015   0.00000000E+000   2.48797721E+014   2.12858310E+014   0.00000000E+000   0.00000000E+000   0.00000000E+000   3.54984492E+014   0.00000000E+000   3.19837033E+014   0.00000000E+000   0.00000000E+000
   0.00000000E+000
      70   1.14269297E+015   0.00000000E+000   2.50258445E+014   2.14007646E+014   0.00000000E+000   0.00000000E+000   0.00000000E+000   3.56957131E+014   0.00000000E+000   3.21469751E+014   0.00000000E+000   0.00000000E+000
   0.00000000E+000
      71   1.14945918E+015   0.00000000E+000   2.51775201E+014   2.15363114E+014   0.00000000E+000   0.00000000E+000   0.00000000E+000   3.58954090E+014   0.00000000E+000   3.23366779E+014   0.00000000E+000   0.00000000E+000
   0.00000000E+000
      72   1.15546928E+015   0.00000000E+000   2.53067179E+014   2.16360729E+014   0.00000000E+000   0.00000000E+000   0.00000000E+000   3.60940618E+014   0.00000000E+000   3.25100753E+014   0.00000000E+000   0.00000000E+000
   0.00000000E+000
      73   1.16178842E+015   0.00000000E+000   2.54205465E+014   2.17782762E+014   0.00000000E+000   0.00000000E+000   0.00000000E+000   3.62859562E+014   0.00000000E+000   3.26940629E+014   0.00000000E+000   0.00000000E+000
   0.00000000E+000
      74   1.16765909E+015   0.00000000E+000   2.55522647E+014   2.18914482E+014   0.00000000E+000   0.00000000E+000   0.00000000E+000   3.64637943E+014   0.00000000E+000   3.28584019E+014   0.00000000E+000   0.00000000E+000
   0.00000000E+000
      75   1.17326420E+015   0.00000000E+000   2.56817773E+014   2.19742488E+014   0.00000000E+000   0.00000000E+000   0.00000000E+000   3.66471600E+014   0.00000000E+000   3.30232342E+014   0.00000000E+000   0.00000000E+000
   0.00000000E+000
      76   1.17923578E+015   0.00000000E+000   2.57854410E+014   2.20876408E+014   0.00000000E+000   0.00000000E+000   0.00000000E+000   3.68258579E+014   0.00000000E+000   3.32246379E+014   0.00000000E+000   0.00000000E+000
   0.00000000E+000
      77   1.18552028E+015   0.00000000E+000   2.59110512E+014   2.22002453E+014   0.00000000E+000   0.00000000E+000   0.00000000E+000   3.70184953E+014   0.00000000E+000   3.34222360E+014   0.00000000E+000   0.00000000E+000
   0.00000000E+000
      78   1.19166729E+015   0.00000000E+000   2.60288353E+014   2.23136311E+014   0.00000000E+000   0.00000000E+000   0.00000000E+000   3.72375575E+014   0.00000000E+000   3.35867053E+014   0.00000000E+000   0.00000000E+000
   0.00000000E+000
      79   1.19815653E+015   0.00000000E+000   2.61926965E+014   2.24176048E+014   0.00000000E+000   0.00000000E+000   0.00000000E+000   3.74411805E+014   0.00000000E+000   3.37641708E+014   0.00000000E+000   0.00000000E+000
   0.00000000E+000
      80   1.20425573E+015   0.00000000E+000   2.63034984E+014   2.25318082E+014   0.00000000E+000   0.00000000E+000   0.00000000E+000   3.76386262E+014   0.00000000E+000   3.39516399E+014   0.00000000E+000   0.00000000E+000
   0.00000000E+000
      81   1.21026528E+015   0.00000000E+000   2.64325441E+014   2.26415827E+014   0.00000000E+000   0.00000000E+000   0.00000000E+000   3.78220006E+014   0.00000000E+000   3.41304009E+014   0.00000000E+000   0.00000000E+000
   0.00000000E+000
      82   1.21654642E+015   0.00000000E+000   2.65813424E+014   2.27447526E+014   0.00000000E+000   0.00000000E+000   0.00000000E+000   3.80226799E+014   0.00000000E+000   3.43058672E+014   0.00000000E+000   0.00000000E+000
   0.00000000E+000
      83   1.22264307E+015   0.00000000E+000   2.67170825E+014   2.28637093E+014   0.00000000E+000   0.00000000E+000   0.00000000E+000   3.82040370E+014   0.00000000E+000   3.44794779E+014   0.00000000E+000   0.00000000E+000
   0.00000000E+000
      84   1.22864429E+015   0.00000000E+000   2.68488236E+014   2.29822399E+014   0.00000000E+000   0.00000000E+000   0.00000000E+000   3.83848776E+014   0.00000000E+000   3.46484882E+014   0.00000000E+000   0.00000000E+000
   0.00000000E+000
      85   1.23419099E+015   0.00000000E+000   2.69813743E+014   2.31204894E+014   0.00000000E+000   0.00000000E+000   0.00000000E+000   3.85324314E+014   0.00000000E+000   3.47848041E+014   0.00000000E+000   0.00000000E+000
   0.00000000E+000
      86   1.24061430E+015   0.00000000E+000   2.71203782E+014   2.32430820E+014   0.00000000E+000   0.00000000E+000   0.00000000E+000   3.87331378E+014   0.00000000E+000   3.49648320E+014   0.00000000E+000   0.00000000E+000
   0.00000000E+000
      87   1.24686750E+015   0.00000000E+000   2.72610607E+014   2.33409362E+014   0.00000000E+000   0.00000000E+000   0.00000000E+000   3.89412993E+014   0.00000000E+000   3.51434539E+014   0.00000000E+000   0.00000000E+000
   0.00000000E+000
      88   1.25272936E+015   0.00000000E+000   2.74020939E+014   2.34122913E+014   0.00000000E+000   0.00000000E+000   0.00000000E+000   3.91107454E+014   0.00000000E+000   3.53478053E+014   0.00000000E+000   0.00000000E+000
   0.00000000E+000
      89   1.25886482E+015   0.00000000E+000   2.75283950E+014   2.35358304E+014   0.00000000E+000   0.00000000E+000   0.00000000E+000   3.92907550E+014   0.00000000E+000   3.55315020E+014   0.00000000E+000   0.00000000E+000
   0.00000000E+000
      90   1.26462345E+015   0.00000000E+000   2.76986645E+014   2.36537408E+014   0.00000000E+000   0.00000000E+000   0.00000000E+000   3.94833551E+014   0.00000000E+000   3.56265847E+014   0.00000000E+000   0.00000000E+000
   0.00000000E+000
      91   1.26983217E+015   0.00000000E+000   2.77555005E+014   2.37836534E+014   0.00000000E+000   0.00000000E+000   0.00000000E+000   3.96671075E+014   0.00000000E+000   3.57769553E+014   0.00000000E+000   0.00000000E+000
   0.00000000E+000
      92   1.27564213E+015   0.00000000E+000   2.78947295E+014   2.38843206E+014   0.00000000E+000   0.00000000E+000   0.00000000E+000   3.98387995E+014   0.00000000E+000   3.59463637E+014   0.00000000E+000   0.00000000E+000
   0.00000000E+000
      93   1.28147018E+015   0.00000000E+000   2.80462365E+014   2.39736729E+014   0.00000000E+000   0.00000000E+000   0.00000000E+000   4.00325181E+014   0.00000000E+000   3.60945904E+014   0.00000000E+000   0.00000000E+000
   0.00000000E+000
      94   1.28681876E+015   0.00000000E+000   2.81836632E+014   2.40882976E+014   0.00000000E+000   0.00000000E+000   0.00000000E+000   4.02116358E+014   0.00000000E+000   3.61982795E+014   0.00000000E+000   0.00000000E+000
   0.00000000E+000
      95   1.29350076E+015   0.00000000E+000   2.83602702E+014   2.42023144E+014   0.00000000E+000   0.00000000E+000   0.00000000E+000   4.04023052E+014   0.00000000E+000   3.63851861E+014   0.00000000E+000   0.00000000E+000
   0.00000000E+000
      96   1.29913806E+015   0.00000000E+000   2.84794005E+014   2.43225826E+014   0.00000000E+000   0.00000000E+000   0.00000000E+000   4.05455218E+014   0.00000000E+000   3.65663010E+014   0.00000000E+000   0.00000000E+000
   0.00000000E+000
      97   1.30396725E+015   0.00000000E+000   2.86167408E+014   2.44366522E+014   0.00000000E+000   0.00000000E+000   0.00000000E+000   4.06976851E+014   0.00000000E+000   3.66456472E+014   0.00000000E+000   0.00000000E+000
   0.00000000E+000
      98   1.31041451E+015   0.00000000E+000   2.87721102E+014   2.45616133E+014   0.00000000E+000   0.00000000E+000   0.00000000E+000   4.08840777E+014   0.00000000E+000   3.68236503E+014   0.00000000E+000   0.00000000E+000
   0.00000000E+000
      99   1.31527419E+015   0.00000000E+000   2.88638752E+014   2.46864372E+014   0.00000000E+000   0.00000000E+000   0.00000000E+000   4.10284300E+014   0.00000000E+000   3.69486766E+014   0.00000000E+000   0.00000000E+000
   0.00000000E+000
     100   1.31883167E+015   0.00000000E+000   2.89998883E+014   2.48139851E+014   0.00000000E+000   0.00000000E+000   0.00000000E+000   4.09957082E+014   0.00000000E+000   3.70735858E+014   0.00000000E+000   0.00000000E+000
   0.00000000E+000
     101   1.32455827E+015   0.00000000E+000   2.91392565E+014   2.49480877E+014   0.00000000E+000   0.00000000E+000   0.00000000E+000   4.11828107E+014   0.00000000E+000   3.71856723E+014   0.00000000E+000   0.00000000E+000
   0.00000000E+000
     102   1.33102117E+015   0.00000000E+000   2.92856335E+014   2.50635736E+014   0.00000000E+000   0.00000000E+000   0.00000000E+000   4.13974381E+014   0.00000000E+000   3.73554722E+014   0.00000000E+000   0.00000000E+000
   0.00000000E+000
     103   1.33577297E+015   0.00000000E+000   2.93335528E+014   2.51192850E+014   0.00000000E+000   0.00000000E+000   0.00000000E+000   4.16015026E+014   0.00000000E+000   3.75229570E+014   0.00000000E+000   0.00000000E+000
   0.00000000E+000
     104   1.33964643E+015   0.00000000E+000   2.93725699E+014   2.51593438E+014   0.00000000E+000   0.00000000E+000   0.00000000E+000   4.17964440E+014   0.00000000E+000   3.76362854E+014   0.00000000E+000   0.00000000E+000
   0.00000000E+000
     105   1.34543479E+015   0.00000000E+000   2.94964764E+014   2.52757234E+014   0.00000000E+000   0.00000000E+000   0.00000000E+000   4.19619035E+014   0.00000000E+000   3.78093762E+014   0.00000000E+000   0.00000000E+000
   0.00000000E+000
     106   1.35166659E+015   0.00000000E+000   2.96440721E+014   2.53885050E+014   0.00000000E+000   0.00000000E+000   0.00000000E+000   4.21447507E+014   0.00000000E+000   3.79893311E+014   0.00000000E+000   0.00000000E+000
   0.00000000E+000
     107   1.35672841E+015   0.00000000E+000   2.97205133E+014   2.54967560E+014   0.00000000E+000   0.00000000E+000   0.00000000E+000   4.23064536E+014   0.00000000E+000   3.81491184E+014   0.00000000E+000   0.00000000E+000
   0.00000000E+000
     108   1.36244248E+015   0.00000000E+000   2.98537408E+014   2.56063852E+014   0.00000000E+000   0.00000000E+000   0.00000000E+000   4.24851563E+014   0.00000000E+000   3.82989659E+014   0.00000000E+000   0.00000000E+000
   0.00000000E+000
     109   1.36812611E+015   0.00000000E+000   2.99773200E+014   2.56971006E+014   0.00000000E+000   0.00000000E+000   0.00000000E+000   4.26817521E+014   0.00000000E+000   3.84564381E+014   0.00000000E+000   0.00000000E+000
   0.00000000E+000
     110   1.37302831E+015   0.00000000E+000   3.01087826E+014   2.57925226E+014   0.00000000E+000   0.00000000E+000   0.00000000E+000   4.27878903E+014   0.00000000E+000   3.86136356E+014   0.00000000E+000   0.00000000E+000
   0.00000000E+000
     111   1.37869920E+015   0.00000000E+000   3.02294043E+014   2.58911823E+014   0.00000000E+000   0.00000000E+000   0.00000000E+000   4.29685575E+014   0.00000000E+000   3.87807758E+014   0.00000000E+000   0.00000000E+000
   0.00000000E+000
     112   1.38450079E+015   0.00000000E+000   3.03592934E+014   2.60048480E+014   0.00000000E+000   0.00000000E+000   0.00000000E+000   4.31370679E+014   0.00000000E+000   3.89488693E+014   0.00000000E+000   0.00000000E+000
   0.00000000E+000
     113   1.38909976E+015   0.00000000E+000   3.04326812E+014   2.60441327E+014   0.00000000E+000   0.00000000E+000   0.00000000E+000   4.33167942E+014   0.00000000E+000   3.91163678E+014   0.00000000E+000   0.00000000E+000
   0.00000000E+000
     114   1.39479537E+015   0.00000000E+000   3.05344860E+014   2.61471012E+014   0.00000000E+000   0.00000000E+000   0.00000000E+000   4.35136458E+014   0.00000000E+000   3.92843043E+014   0.00000000E+000   0.00000000E+000
   0.00000000E+000
     115   1.39922134E+015   0.00000000E+000   3.06574921E+014   2.62533458E+014   0.00000000E+000   0.00000000E+000   0.00000000E+000   4.36714731E+014   0.00000000E+000   3.93398228E+014   0.00000000E+000   0.00000000E+000
   0.00000000E+000
     116   1.40500394E+015   0.00000000E+000   3.07980111E+014   2.63591479E+014   0.00000000E+000   0.00000000E+000   0.00000000E+000   4.38795220E+014   0.00000000E+000   3.94637132E+014   0.00000000E+000   0.00000000E+000
   0.00000000E+000
     117   1.41090905E+015   0.00000000E+000   3.09319095E+014   2.64672664E+014   0.00000000E+000   0.00000000E+000   0.00000000E+000   4.40737704E+014   0.00000000E+000   3.96179585E+014   0.00000000E+000   0.00000000E+000
   0.00000000E+000
     118   1.41665373E+015   0.00000000E+000   3.10490830E+014   2.65768070E+014   0.00000000E+000   0.00000000E+000   0.00000000E+000   4.42571612E+014   0.00000000E+000   3.97823214E+014   0.00000000E+000   0.00000000E+000
   0.00000000E+000
     119   1.42143180E+015   0.00000000E+000   3.11790846E+014   2.66861296E+014   0.00000000E+000   0.00000000E+000   0.00000000E+000   4.43707462E+014   0.00000000E+000   3.99072198E+014   0.00000000E+000   0.00000000E+000
   0.00000000E+000
     120   1.42640905E+015   0.00000000E+000   3.13028300E+014   2.67934806E+014   0.00000000E+000   0.00000000E+000   0.00000000E+000   4.45593284E+014   0.00000000E+000   3.99852655E+014   0.00000000E+000   0.00000000E+000
   0.00000000E+000
     121   1.43113110E+015   0.00000000E+000   3.14297549E+014   2.68049674E+014   0.00000000E+000   0.00000000E+000   0.00000000E+000   4.47433593E+014   0.00000000E+000   4.01350286E+014   0.00000000E+000   0.00000000E+000
   0.00000000E+000
     122   1.43584803E+015   0.00000000E+000   3.15540232E+014   2.69119938E+014   0.00000000E+000   0.00000000E+000   0.00000000E+000   4.48186545E+014   0.00000000E+000   4.03001317E+014   0.00000000E+000   0.00000000E+000
   0.00000000E+000
     123   1.44156959E+015   0.00000000E+000   3.16721548E+014   2.70093169E+014   0.00000000E+000   0.00000000E+000   0.00000000E+000   4.50102263E+014   0.00000000E+000   4.04652605E+014   0.00000000E+000   0.00000000E+000
   0.00000000E+000
     124   1.44710670E+015   0.00000000E+000   3.17753564E+014   2.71193543E+014   0.00000000E+000   0.00000000E+000   0.00000000E+000   4.51962212E+014   0.00000000E+000   4.06197380E+014   0.00000000E+000   0.00000000E+000
   0.00000000E+000
     125   1.45319168E+015   0.00000000E+000   3.19095887E+014   2.72289083E+014   0.00000000E+000   0.00000000E+000   0.00000000E+000   4.53914314E+014   0.00000000E+000   4.07892394E+014   0.00000000E+000   0.00000000E+000
   0.00000000E+000
     126   1.45887540E+015   0.00000000E+000   3.20419215E+014   2.73179945E+014   0.00000000E+000   0.00000000E+000   0.00000000E+000   4.55693957E+014   0.00000000E+000   4.09582283E+014   0.00000000E+000   0.00000000E+000
   0.00000000E+000
     127   1.46500984E+015   0.00000000E+000   3.21702825E+014   2.74265352E+014   0.00000000E+000   0.00000000E+000   0.00000000E+000   4.57594993E+014   0.00000000E+000   4.11446670E+014   0.00000000E+000   0.00000000E+000
   0.00000000E+000
     128   1.47075469E+015   0.00000000E+000   3.22646013E+014   2.75380406E+014   0.00000000E+000   0.00000000E+000   0.00000000E+000   4.59571915E+014   0.00000000E+000   4.13156351E+014   0.00000000E+000   0.00000000E+000
   0.00000000E+000
     129   1.47598673E+015   0.00000000E+000   3.23064666E+014   2.76374913E+014   0.00000000E+000   0.00000000E+000   0.00000000E+000   4.61691734E+014   0.00000000E+000   4.14855421E+014   0.00000000E+000   0.00000000E+000
   0.00000000E+000
     130   1.48195158E+015   0.00000000E+000   3.24332008E+014   2.77478248E+014   0.00000000E+000   0.00000000E+000   0.00000000E+000   4.63614962E+014   0.00000000E+000   4.16526360E+014   0.00000000E+000   0.00000000E+000
   0.00000000E+000
     131   1.48816246E+015   0.00000000E+000   3.25672064E+014   2.78619217E+014   0.00000000E+000   0.00000000E+000   0.00000000E+000   4.65611861E+014   0.00000000E+000   4.18259316E+014   0.00000000E+000   0.00000000E+000
   0.00000000E+000
     132   1.49430145E+015   0.00000000E+000   3.27035883E+014   2.79692715E+014   0.00000000E+000   0.00000000E+000   0.00000000E+000   4.67576045E+014   0.00000000E+000   4.19996811E+014   0.00000000E+000   0.00000000E+000
   0.00000000E+000
     133   1.49901924E+015   0.00000000E+000   3.28459500E+014   2.80805605E+014   0.00000000E+000   0.00000000E+000   0.00000000E+000   4.68711506E+014   0.00000000E+000   4.21042629E+014   0.00000000E+000   0.00000000E+000
   0.00000000E+000
     134   1.50476751E+015   0.00000000E+000   3.29776980E+014   2.81942567E+014   0.00000000E+000   0.00000000E+000   0.00000000E+000   4.70683065E+014   0.00000000E+000   4.22364898E+014   0.00000000E+000   0.00000000E+000
   0.00000000E+000
     135   1.51006329E+015   0.00000000E+000   3.31043076E+014   2.82984739E+014   0.00000000E+000   0.00000000E+000   0.00000000E+000   4.72528111E+014   0.00000000E+000   4.23507364E+014   0.00000000E+000   0.00000000E+000
   0.00000000E+000
     136   1.51605198E+015   0.00000000E+000   3.32528934E+014   2.84144109E+014   0.00000000E+000   0.00000000E+000   0.00000000E+000   4.74405579E+014   0.00000000E+000   4.24973359E+014   0.00000000E+000   0.00000000E+000
   0.00000000E+000
     137   1.52160851E+015   0.00000000E+000   3.33735831E+014   2.85287978E+014   0.00000000E+000   0.00000000E+000   0.00000000E+000   4.76349076E+014   0.00000000E+000   4.26235628E+014   0.00000000E+000   0.00000000E+000
   0.00000000E+000
     138   1.52631966E+015   0.00000000E+000   3.34775806E+014   2.86452105E+014   0.00000000E+000   0.00000000E+000   0.00000000E+000   4.77192389E+014   0.00000000E+000   4.27899358E+014   0.00000000E+000   0.00000000E+000
   0.00000000E+000
     139   1.53129072E+015   0.00000000E+000   3.35764556E+014   2.87650498E+014   0.00000000E+000   0.00000000E+000   0.00000000E+000   4.79091394E+014   0.00000000E+000   4.28784272E+014   0.00000000E+000   0.00000000E+000
   0.00000000E+000
     140   1.53627226E+015   0.00000000E+000   3.36810660E+014   2.88817876E+014   0.00000000E+000   0.00000000E+000   0.00000000E+000   4.81024125E+014   0.00000000E+000   4.29619595E+014   0.00000000E+000   0.00000000E+000
   0.00000000E+000
     141   1.54238380E+015   0.00000000E+000   3.38205133E+014   2.89971329E+014   0.00000000E+000   0.00000000E+000   0.00000000E+000   4.82969343E+014   0.00000000E+000   4.31237996E+014   0.00000000E+000   0.00000000E+000
   0.00000000E+000
     142   1.54710222E+015   0.00000000E+000   3.39437668E+014   2.91147177E+014   0.00000000E+000   0.00000000E+000   0.00000000E+000   4.83825128E+014   0.00000000E+000   4.32692243E+014   0.00000000E+000   0.00000000E+000
   0.00000000E+000
     143   1.55211480E+015   0.00000000E+000   3.40827285E+014   2.92363038E+014   0.00000000E+000   0.00000000E+000   0.00000000E+000   4.84638033E+014   0.00000000E+000   4.34286444E+014   0.00000000E+000   0.00000000E+000
   0.00000000E+000
     144   1.55833239E+015   0.00000000E+000   3.42243039E+014   2.93661155E+014   0.00000000E+000   0.00000000E+000   0.00000000E+000   4.86547170E+014   0.00000000E+000   4.35881028E+014   0.00000000E+000   0.00000000E+000
   0.00000000E+000
     145   1.56350510E+015   0.00000000E+000   3.43666557E+014   2.93723218E+014   0.00000000E+000   0.00000000E+000   0.00000000E+000   4.88590082E+014   0.00000000E+000   4.37525241E+014   0.00000000E+000   0.00000000E+000
   0.00000000E+000
     146   1.56850440E+015   0.00000000E+000   3.45062987E+014   2.94120456E+014   0.00000000E+000   0.00000000E+000   0.00000000E+000   4.90491820E+014   0.00000000E+000   4.38829140E+014   0.00000000E+000   0.00000000E+000
   0.00000000E+000
     147   1.57320567E+015   0.00000000E+000   3.46605234E+014   2.95163360E+014   0.00000000E+000   0.00000000E+000   0.00000000E+000   4.91291102E+014   0.00000000E+000   4.40145977E+014   0.00000000E+000   0.00000000E+000
   0.00000000E+000
     148   1.57933625E+015   0.00000000E+000   3.48044621E+014   2.96330309E+014   0.00000000E+000   0.00000000E+000   0.00000000E+000   4.93192694E+014   0.00000000E+000   4.41768623E+014   0.00000000E+000   0.00000000E+000
   0.00000000E+000
     149   1.58400387E+015   0.00000000E+000   3.48135780E+014   2.97313619E+014   0.00000000E+000   0.00000000E+000   0.00000000E+000   4.95151591E+014   0.00000000E+000   4.43402884E+014   0.00000000E+000   0.00000000E+000
   0.00000000E+000
     150   1.58977946E+015   0.00000000E+000   3.49070598E+014   2.98528218E+014   0.00000000E+000   0.00000000E+000   0.00000000E+000   4.97125654E+014   0.00000000E+000   4.45054986E+014   0.00000000E+000   0.00000000E+000
   0.00000000E+000
     151   1.59495802E+015   0.00000000E+000   3.50105960E+014   2.99752482E+014   0.00000000E+000   0.00000000E+000   0.00000000E+000   4.98234863E+014   0.00000000E+000   4.46864713E+014   0.00000000E+000   0.00000000E+000
   0.00000000E+000
     152   1.59846297E+015   0.00000000E+000   3.50646618E+014   3.00678232E+014   0.00000000E+000   0.00000000E+000   0.00000000E+000   4.98898456E+014   0.00000000E+000   4.48239661E+014   0.00000000E+000   0.00000000E+000
   0.00000000E+000
     153   1.60265553E+015   0.00000000E+000   3.51417204E+014   3.01397598E+014   0.00000000E+000   0.00000000E+000   0.00000000E+000   5.00635389E+014   0.00000000E+000   4.49205338E+014   0.00000000E+000   0.00000000E+000
   0.00000000E+000
     154   1.60562293E+015   0.00000000E+000   3.51321428E+014   3.02209969E+014   0.00000000E+000   0.00000000E+000   0.00000000E+000   5.02061982E+014   0.00000000E+000   4.50029551E+014   0.00000000E+000   0.00000000E+000
   0.00000000E+000
     155   1.60986450E+015   0.00000000E+000   3.51659195E+014   3.03098159E+014   0.00000000E+000   0.00000000E+000   0.00000000E+000   5.04029723E+014   0.00000000E+000   4.51077427E+014   0.00000000E+000   0.00000000E+000
   0.00000000E+000
     156   1.61161421E+015   0.00000000E+000   3.51173228E+014   3.04469432E+014   0.00000000E+000   0.00000000E+000   0.00000000E+000   5.04781801E+014   0.00000000E+000   4.51189744E+014   0.00000000E+000   0.00000000E+000
   0.00000000E+000
     157   1.61341375E+015   0.00000000E+000   3.50308046E+014   3.05638853E+014   0.00000000E+000   0.00000000E+000   0.00000000E+000   5.04960240E+014   0.00000000E+000   4.52506609E+014   0.00000000E+000   0.00000000E+000
   0.00000000E+000
     158   1.61611623E+015   0.00000000E+000   3.50794098E+014   3.06674341E+014   0.00000000E+000   0.00000000E+000   0.00000000E+000   5.05665322E+014   0.00000000E+000   4.52982465E+014   0.00000000E+000   0.00000000E+000
   0.00000000E+000
     159   1.61793939E+015   0.00000000E+000   3.50649086E+014   3.06348545E+014   0.00000000E+000   0.00000000E+000   0.00000000E+000   5.06500538E+014   0.00000000E+000   4.54441218E+014   0.00000000E+000   0.00000000E+000
   0.00000000E+000
     160   1.62366054E+015   0.00000000E+000   3.51873333E+014   3.07609773E+014   0.00000000E+000   0.00000000E+000   0.00000000E+000   5.08220457E+014   0.00000000E+000   4.55956981E+014   0.00000000E+000   0.00000000E+000
   0.00000000E+000
     161   1.62829082E+015   0.00000000E+000   3.52374957E+014   3.08627103E+014   0.00000000E+000   0.00000000E+000   0.00000000E+000   5.10026588E+014   0.00000000E+000   4.57262174E+014   0.00000000E+000   0.00000000E+000
   0.00000000E+000
     162   1.63270463E+015   0.00000000E+000   3.53348133E+014   3.09812018E+014   0.00000000E+000   0.00000000E+000   0.00000000E+000   5.11147901E+014   0.00000000E+000   4.58396574E+014   0.00000000E+000   0.00000000E+000
   0.00000000E+000
     163   1.63737400E+015   0.00000000E+000   3.54167147E+014   3.11031155E+014   0.00000000E+000   0.00000000E+000   0.00000000E+000   5.12288951E+014   0.00000000E+000   4.59886745E+014   0.00000000E+000   0.00000000E+000
   0.00000000E+000
     164   1.63983391E+015   0.00000000E+000   3.54598901E+014   3.11736604E+014   0.00000000E+000   0.00000000E+000   0.00000000E+000   5.13806324E+014   0.00000000E+000   4.59692085E+014   0.00000000E+000   0.00000000E+000
   0.00000000E+000
     165   1.64168147E+015   0.00000000E+000   3.54530599E+014   3.12009736E+014   0.00000000E+000   0.00000000E+000   0.00000000E+000   5.14006097E+014   0.00000000E+000   4.61135039E+014   0.00000000E+000   0.00000000E+000
   0.00000000E+000
     166   1.64518980E+015   0.00000000E+000   3.55376129E+014   3.12942815E+014   0.00000000E+000   0.00000000E+000   0.00000000E+000   5.14817600E+014   0.00000000E+000   4.62053258E+014   0.00000000E+000   0.00000000E+000
   0.00000000E+000
     167   1.64804679E+015   0.00000000E+000   3.55311698E+014   3.13637662E+014   0.00000000E+000   0.00000000E+000   0.00000000E+000   5.15901978E+014   0.00000000E+000   4.63195457E+014   0.00000000E+000   0.00000000E+000
   0.00000000E+000
     168   1.65339454E+015   0.00000000E+000   3.56331622E+014   3.14812653E+014   0.00000000E+000   0.00000000E+000   0.00000000E+000   5.17440320E+014   0.00000000E+000   4.64809941E+014   0.00000000E+000   0.00000000E+000
   0.00000000E+000
     169   1.65854385E+015   0.00000000E+000   3.57147290E+014   3.15997083E+014   0.00000000E+000   0.00000000E+000   0.00000000E+000   5.19096600E+014   0.00000000E+000   4.66302882E+014   0.00000000E+000   0.00000000E+000
   0.00000000E+000
     170   1.66213418E+015   0.00000000E+000   3.57748993E+014   3.17242563E+014   0.00000000E+000   0.00000000E+000   0.00000000E+000   5.19596428E+014   0.00000000E+000   4.67546198E+014   0.00000000E+000   0.00000000E+000
   0.00000000E+000
     171   1.66649009E+015   0.00000000E+000   3.58226287E+014   3.18437202E+014   0.00000000E+000   0.00000000E+000   0.00000000E+000   5.20753446E+014   0.00000000E+000   4.69073157E+014   0.00000000E+000   0.00000000E+000
   0.00000000E+000
     172   1.67191181E+015   0.00000000E+000   3.59376299E+014   3.19601427E+014   0.00000000E+000   0.00000000E+000   0.00000000E+000   5.22337235E+014   0.00000000E+000   4.70596844E+014   0.00000000E+000   0.00000000E+000
   0.00000000E+000
     173   1.67627099E+015   0.00000000E+000   3.60129280E+014   3.20411942E+014   0.00000000E+000   0.00000000E+000   0.00000000E+000   5.24038194E+014   0.00000000E+000   4.71691577E+014   0.00000000E+000   0.00000000E+000
   0.00000000E+000
     174   1.68109973E+015   0.00000000E+000   3.61312686E+014   3.20871052E+014   0.00000000E+000   0.00000000E+000   0.00000000E+000   5.25748822E+014   0.00000000E+000   4.73167168E+014   0.00000000E+000   0.00000000E+000
   0.00000000E+000
     175   1.68544259E+015   0.00000000E+000   3.61838943E+014   3.21825194E+014   0.00000000E+000   0.00000000E+000   0.00000000E+000   5.27384068E+014   0.00000000E+000   4.74394381E+014   0.00000000E+000   0.00000000E+000
   0.00000000E+000
     176   1.68887692E+015   0.00000000E+000   3.62482745E+014   3.22977646E+014   0.00000000E+000   0.00000000E+000   0.00000000E+000   5.28542024E+014   0.00000000E+000   4.74874509E+014   0.00000000E+000   0.00000000E+000
   0.00000000E+000
     177   1.69223614E+015   0.00000000E+000   3.62868870E+014   3.24169048E+014   0.00000000E+000   0.00000000E+000   0.00000000E+000   5.28811635E+014   0.00000000E+000   4.76386584E+014   0.00000000E+000   0.00000000E+000
   0.00000000E+000
     178   1.69358020E+015   0.00000000E+000   3.62340596E+014   3.24217156E+014   0.00000000E+000   0.00000000E+000   0.00000000E+000   5.29117567E+014   0.00000000E+000   4.77904883E+014   0.00000000E+000   0.00000000E+000
   0.00000000E+000
     179   1.69800021E+015   0.00000000E+000   3.63280564E+014   3.24730030E+014   0.00000000E+000   0.00000000E+000   0.00000000E+000   5.30767788E+014   0.00000000E+000   4.79221832E+014   0.00000000E+000   0.00000000E+000
   0.00000000E+000
     180   1.70330761E+015   0.00000000E+000   3.64439713E+014   3.25691097E+014   0.00000000E+000   0.00000000E+000   0.00000000E+000   5.32372538E+014   0.00000000E+000   4.80804261E+014   0.00000000E+000   0.00000000E+000
   0.00000000E+000
     181   1.70532282E+015   0.00000000E+000   3.64537423E+014   3.25315266E+014   0.00000000E+000   0.00000000E+000   0.00000000E+000   5.33499355E+014   0.00000000E+000   4.81970772E+014   0.00000000E+000   0.00000000E+000
   0.00000000E+000
     182   1.70895164E+015   0.00000000E+000   3.64679269E+014   3.26249615E+014   0.00000000E+000   0.00000000E+000   0.00000000E+000   5.35080396E+014   0.00000000E+000   4.82942364E+014   0.00000000E+000   0.00000000E+000
   0.00000000E+000
     183   1.70914060E+015   0.00000000E+000   3.64213019E+014   3.26311973E+014   0.00000000E+000   0.00000000E+000   0.00000000E+000   5.35569606E+014   0.00000000E+000   4.83046002E+014   0.00000000E+000   0.00000000E+000
   0.00000000E+000
     184   1.71167467E+015   0.00000000E+000   3.64600537E+014   3.26874341E+014   0.00000000E+000   0.00000000E+000   0.00000000E+000   5.35786703E+014   0.00000000E+000   4.84413091E+014   0.00000000E+000   0.00000000E+000
   0.00000000E+000
     185   1.71620100E+015   0.00000000E+000   3.65672642E+014   3.27904965E+014   0.00000000E+000   0.00000000E+000   0.00000000E+000   5.36733110E+014   0.00000000E+000   4.85890279E+014   0.00000000E+000   0.00000000E+000
   0.00000000E+000
     186   1.72126100E+015   0.00000000E+000   3.66618561E+014   3.28917345E+014   0.00000000E+000   0.00000000E+000   0.00000000E+000   5.38379977E+014   0.00000000E+000   4.87345122E+014   0.00000000E+000   0.00000000E+000
   0.00000000E+000
     187   1.72524579E+015   0.00000000E+000   3.67709291E+014   3.29578838E+014   0.00000000E+000   0.00000000E+000   0.00000000E+000   5.39957434E+014   0.00000000E+000   4.88000224E+014   0.00000000E+000   0.00000000E+000
   0.00000000E+000
     188   1.72703771E+015   0.00000000E+000   3.67417344E+014   3.29562013E+014   0.00000000E+000   0.00000000E+000   0.00000000E+000   5.41407440E+014   0.00000000E+000   4.88650908E+014   0.00000000E+000   0.00000000E+000
   0.00000000E+000
     189   1.73052652E+015   0.00000000E+000   3.67320655E+014   3.30578801E+014   0.00000000E+000   0.00000000E+000   0.00000000E+000   5.43002863E+014   0.00000000E+000   4.89624197E+014   0.00000000E+000   0.00000000E+000
   0.00000000E+000
     190   1.73575042E+015   0.00000000E+000   3.68429684E+014   3.31646226E+014   0.00000000E+000   0.00000000E+000   0.00000000E+000   5.44602657E+014   0.00000000E+000   4.91071854E+014   0.00000000E+000   0.00000000E+000
   0.00000000E+000
     191   1.73794109E+015   0.00000000E+000   3.68959085E+014   3.32028684E+014   0.00000000E+000   0.00000000E+000   0.00000000E+000   5.45914811E+014   0.00000000E+000   4.91038507E+014   0.00000000E+000   0.00000000E+000
   0.00000000E+000
     192   1.74198109E+015   0.00000000E+000   3.70077042E+014   3.32134910E+014   0.00000000E+000   0.00000000E+000   0.00000000E+000   5.47447516E+014   0.00000000E+000   4.92321617E+014   0.00000000E+000   0.00000000E+000
   0.00000000E+000
     193   1.74641259E+015   0.00000000E+000   3.71196964E+014   3.32389360E+014   0.00000000E+000   0.00000000E+000   0.00000000E+000   5.49071683E+014   0.00000000E+000   4.93754579E+014   0.00000000E+000   0.00000000E+000
   0.00000000E+000
     194   1.74759318E+015   0.00000000E+000   3.70839673E+014   3.33400140E+014   0.00000000E+000   0.00000000E+000   0.00000000E+000   5.48386288E+014   0.00000000E+000   4.94967083E+014   0.00000000E+000   0.00000000E+000
   0.00000000E+000
     195   1.75182937E+015   0.00000000E+000   3.71429684E+014   3.34417071E+014   0.00000000E+000   0.00000000E+000   0.00000000E+000   5.49722152E+014   0.00000000E+000   4.96260463E+014   0.00000000E+000   0.00000000E+000
   0.00000000E+000
     196   1.75627433E+015   0.00000000E+000   3.72522215E+014   3.35426264E+014   0.00000000E+000   0.00000000E+000   0.00000000E+000   5.50626148E+014   0.00000000E+000   4.97699704E+014   0.00000000E+000   0.00000000E+000
   0.00000000E+000
     197   1.76071940E+015   0.00000000E+000   3.73107286E+014   3.36304616E+014   0.00000000E+000   0.00000000E+000   0.00000000E+000   5.52155002E+014   0.00000000E+000   4.99152492E+014   0.00000000E+000   0.00000000E+000
   0.00000000E+000
     198   1.76507446E+015   0.00000000E+000   3.74238746E+014   3.36504260E+014   0.00000000E+000   0.00000000E+000   0.00000000E+000   5.53732250E+014   0.00000000E+000   5.00599206E+014   0.00000000E+000   0.00000000E+000
   0.00000000E+000
     199   1.76903136E+015   0.00000000E+000   3.75346455E+014   3.36300456E+014   0.00000000E+000   0.00000000E+000   0.00000000E+000   5.55326440E+014   0.00000000E+000   5.02058011E+014   0.00000000E+000   0.00000000E+000
   0.00000000E+000
     200   1.77343628E+015   0.00000000E+000   3.76486463E+014   3.36859761E+014   0.00000000E+000   0.00000000E+000   0.00000000E+000   5.56532629E+014   0.00000000E+000   5.03557429E+014   0.00000000E+000   0.00000000E+000
   0.00000000E+000
     201   1.77860854E+015   0.00000000E+000   3.77625483E+014   3.37824267E+014   0.00000000E+000   0.00000000E+000   0.00000000E+000   5.58119806E+014   0.00000000E+000   5.05038988E+014   0.00000000E+000   0.00000000E+000
   0.00000000E+000
     202   1.78313003E+015   0.00000000E+000   3.78258275E+014   3.38794890E+014   0.00000000E+000   0.00000000E+000   0.00000000E+000   5.59549605E+014   0.00000000E+000   5.06527260E+014   0.00000000E+000   0.00000000E+000
   0.00000000E+000
     203   1.78740785E+015   0.00000000E+000   3.79493314E+014   3.39219859E+014   0.00000000E+000   0.00000000E+000   0.00000000E+000   5.60946381E+014   0.00000000E+000   5.07748296E+014   0.00000000E+000   0.00000000E+000
   0.00000000E+000
     204   1.79165786E+015   0.00000000E+000   3.80364282E+014   3.40188822E+014   0.00000000E+000   0.00000000E+000   0.00000000E+000   5.61902444E+014   0.00000000E+000   5.09202307E+014   0.00000000E+000   0.00000000E+000
   0.00000000E+000
     205   1.79627552E+015   0.00000000E+000   3.81260748E+014   3.41162177E+014   0.00000000E+000   0.00000000E+000   0.00000000E+000   5.63435715E+014   0.00000000E+000   5.10416876E+014   0.00000000E+000   0.00000000E+000
   0.00000000E+000
     206   1.80087994E+015   0.00000000E+000   3.81661539E+014   3.42339622E+014   0.00000000E+000   0.00000000E+000   0.00000000E+000   5.64961141E+014   0.00000000E+000   5.11917639E+014   0.00000000E+000   0.00000000E+000
   0.00000000E+000
     207   1.80558415E+015   0.00000000E+000   3.82507587E+014   3.43321125E+014   0.00000000E+000   0.00000000E+000   0.00000000E+000   5.66543739E+014   0.00000000E+000   5.13211696E+014   0.00000000E+000   0.00000000E+000
   0.00000000E+000
     208   1.80850231E+015   0.00000000E+000   3.82195211E+014   3.44053527E+014   0.00000000E+000   0.00000000E+000   0.00000000E+000   5.67586212E+014   0.00000000E+000   5.14667362E+014   0.00000000E+000   0.00000000E+000
   0.00000000E+000
     209   1.81274489E+015   0.00000000E+000   3.83290668E+014   3.45000782E+014   0.00000000E+000   0.00000000E+000   0.00000000E+000   5.68974025E+014   0.00000000E+000   5.15479417E+014   0.00000000E+000   0.00000000E+000
   0.00000000E+000
     210   1.81610880E+015   0.00000000E+000   3.84391688E+014   3.45932575E+014   0.00000000E+000   0.00000000E+000   0.00000000E+000   5.70536234E+014   0.00000000E+000   5.15248302E+014   0.00000000E+000   0.00000000E+000
   0.00000000E+000
     211   1.82100332E+015   0.00000000E+000   3.85498924E+014   3.46824760E+014   0.00000000E+000   0.00000000E+000   0.00000000E+000   5.72074242E+014   0.00000000E+000   5.16605390E+014   0.00000000E+000   0.00000000E+000
   0.00000000E+000
     212   1.82569907E+015   0.00000000E+000   3.86599837E+014   3.47407900E+014   0.00000000E+000   0.00000000E+000   0.00000000E+000   5.73652239E+014   0.00000000E+000   5.18039094E+014   0.00000000E+000   0.00000000E+000
   0.00000000E+000
     213   1.83092018E+015   0.00000000E+000   3.87920844E+014   3.48371501E+014   0.00000000E+000   0.00000000E+000   0.00000000E+000   5.75157568E+014   0.00000000E+000   5.19470269E+014   0.00000000E+000   0.00000000E+000
   0.00000000E+000
     214   1.83591129E+015   0.00000000E+000   3.89033082E+014   3.49326198E+014   0.00000000E+000   0.00000000E+000   0.00000000E+000   5.76637566E+014   0.00000000E+000   5.20914445E+014   0.00000000E+000   0.00000000E+000
   0.00000000E+000
     215   1.84076424E+015   0.00000000E+000   3.90154125E+014   3.50407830E+014   0.00000000E+000   0.00000000E+000   0.00000000E+000   5.78162122E+014   0.00000000E+000   5.22040159E+014   0.00000000E+000   0.00000000E+000
   0.00000000E+000
     216   1.84541626E+015   0.00000000E+000   3.91287208E+014   3.51151083E+014   0.00000000E+000   0.00000000E+000   0.00000000E+000   5.79739710E+014   0.00000000E+000   5.23238260E+014   0.00000000E+000   0.00000000E+000
   0.00000000E+000
     217   1.84968118E+015   0.00000000E+000   3.91596891E+014   3.52123540E+014   0.00000000E+000   0.00000000E+000   0.00000000E+000   5.81261371E+014   0.00000000E+000   5.24699380E+014   0.00000000E+000   0.00000000E+000
   0.00000000E+000
     218   1.85413191E+015   0.00000000E+000   3.92372629E+014   3.53234843E+014   0.00000000E+000   0.00000000E+000   0.00000000E+000   5.82580177E+014   0.00000000E+000   5.25944258E+014   0.00000000E+000   0.00000000E+000
   0.00000000E+000
     219   1.85768432E+015   0.00000000E+000   3.93456767E+014   3.54221037E+014   0.00000000E+000   0.00000000E+000   0.00000000E+000   5.82656891E+014   0.00000000E+000   5.27349621E+014   0.00000000E+000   0.00000000E+000
   0.00000000E+000
     220   1.86171228E+015   0.00000000E+000   3.94151147E+014   3.55116718E+014   0.00000000E+000   0.00000000E+000   0.00000000E+000   5.84033475E+014   0.00000000E+000   5.28410940E+014   0.00000000E+000   0.00000000E+000
   0.00000000E+000
     221   1.86489744E+015   0.00000000E+000   3.94038339E+014   3.56257191E+014   0.00000000E+000   0.00000000E+000   0.00000000E+000   5.85328102E+014   0.00000000E+000   5.29273812E+014   0.00000000E+000   0.00000000E+000
   0.00000000E+000
     222   1.86883107E+015   0.00000000E+000   3.95022073E+014   3.57029586E+014   0.00000000E+000   0.00000000E+000   0.00000000E+000   5.86932641E+014   0.00000000E+000   5.29846768E+014   0.00000000E+000   0.00000000E+000
   0.00000000E+000
     223   1.87375009E+015   0.00000000E+000   3.95940102E+014   3.58020485E+014   0.00000000E+000   0.00000000E+000   0.00000000E+000   5.88504081E+014   0.00000000E+000   5.31285420E+014   0.00000000E+000   0.00000000E+000
   0.00000000E+000
     224   1.87895485E+015   0.00000000E+000   3.96997496E+014   3.59110387E+014   0.00000000E+000   0.00000000E+000   0.00000000E+000   5.90040503E+014   0.00000000E+000   5.32806467E+014   0.00000000E+000   0.00000000E+000
   0.00000000E+000
     225   1.88409164E+015   0.00000000E+000   3.98093696E+014   3.60122437E+014   0.00000000E+000   0.00000000E+000   0.00000000E+000   5.91638643E+014   0.00000000E+000   5.34236868E+014   0.00000000E+000   0.00000000E+000
   0.00000000E+000
     226   1.88921569E+015   0.00000000E+000   3.99187648E+014   3.61136293E+014   0.00000000E+000   0.00000000E+000   0.00000000E+000   5.93235506E+014   0.00000000E+000   5.35656247E+014   0.00000000E+000   0.00000000E+000
   0.00000000E+000
     227   1.89394240E+015   0.00000000E+000   4.00174525E+014   3.62069754E+014   0.00000000E+000   0.00000000E+000   0.00000000E+000   5.94591082E+014   0.00000000E+000   5.37107043E+014   0.00000000E+000   0.00000000E+000
   0.00000000E+000
     228   1.89905408E+015   0.00000000E+000   4.01299903E+014   3.63086186E+014   0.00000000E+000   0.00000000E+000   0.00000000E+000   5.96171827E+014   0.00000000E+000   5.38496163E+014   0.00000000E+000   0.00000000E+000
   0.00000000E+000
     229   1.90235988E+015   0.00000000E+000   4.02011636E+014   3.63621240E+014   0.00000000E+000   0.00000000E+000   0.00000000E+000   5.97184625E+014   0.00000000E+000   5.39542379E+014   0.00000000E+000   0.00000000E+000
   0.00000000E+000
     230   1.90755002E+015   0.00000000E+000   4.03153190E+014   3.64637519E+014   0.00000000E+000   0.00000000E+000   0.00000000E+000   5.98764798E+014   0.00000000E+000   5.40994508E+014   0.00000000E+000   0.00000000E+000
   0.00000000E+000
     231   1.91193029E+015   0.00000000E+000   4.03735463E+014   3.65658385E+014   0.00000000E+000   0.00000000E+000   0.00000000E+000   6.00345255E+014   0.00000000E+000   5.42191191E+014   0.00000000E+000   0.00000000E+000
   0.00000000E+000
     232   1.91431028E+015   0.00000000E+000   4.03375498E+014   3.66679957E+014   0.00000000E+000   0.00000000E+000   0.00000000E+000   6.01126094E+014   0.00000000E+000   5.43128728E+014   0.00000000E+000   0.00000000E+000
   0.00000000E+000
     233   1.91925406E+015   0.00000000E+000   4.04469735E+014   3.67606541E+014   0.00000000E+000   0.00000000E+000   0.00000000E+000   6.02698303E+014   0.00000000E+000   5.44479480E+014   0.00000000E+000   0.00000000E+000
   0.00000000E+000
     234   1.92442283E+015   0.00000000E+000   4.05564432E+014   3.68640163E+014   0.00000000E+000   0.00000000E+000   0.00000000E+000   6.04284614E+014   0.00000000E+000   5.45933618E+014   0.00000000E+000   0.00000000E+000
   0.00000000E+000
     235   1.92958233E+015   0.00000000E+000   4.06671663E+014   3.69671325E+014   0.00000000E+000   0.00000000E+000   0.00000000E+000   6.05866605E+014   0.00000000E+000   5.47372733E+014   0.00000000E+000   0.00000000E+000
   0.00000000E+000
     236   1.93471556E+015   0.00000000E+000   4.07740442E+014   3.70706790E+014   0.00000000E+000   0.00000000E+000   0.00000000E+000   6.07446902E+014   0.00000000E+000   5.48821425E+014   0.00000000E+000   0.00000000E+000
   0.00000000E+000
     237   1.93980290E+015   0.00000000E+000   4.08846026E+014   3.71586511E+014   0.00000000E+000   0.00000000E+000   0.00000000E+000   6.09037592E+014   0.00000000E+000   5.50332768E+014   0.00000000E+000   0.00000000E+000
   0.00000000E+000
     238   1.94529997E+015   0.00000000E+000   4.10140031E+014   3.72609619E+014   0.00000000E+000   0.00000000E+000   0.00000000E+000   6.10761027E+014   0.00000000E+000   5.51789296E+014   0.00000000E+000   0.00000000E+000
   0.00000000E+000
     239   1.95010311E+015   0.00000000E+000   4.11254329E+014   3.73582968E+014   0.00000000E+000   0.00000000E+000   0.00000000E+000   6.12154375E+014   0.00000000E+000   5.53111436E+014   0.00000000E+000   0.00000000E+000
   0.00000000E+000
     240   1.95475727E+015   0.00000000E+000   4.11927845E+014   3.74621206E+014   0.00000000E+000   0.00000000E+000   0.00000000E+000   6.13746331E+014   0.00000000E+000   5.54461889E+014   0.00000000E+000   0.00000000E+000
   0.00000000E+000
     241   1.95959259E+015   0.00000000E+000   4.12796281E+014   3.75760503E+014   0.00000000E+000   0.00000000E+000   0.00000000E+000   6.15217902E+014   0.00000000E+000   5.55817904E+014   0.00000000E+000   0.00000000E+000
   0.00000000E+000
     242   1.96513502E+015   0.00000000E+000   4.13917475E+014   3.77083749E+014   0.00000000E+000   0.00000000E+000   0.00000000E+000   6.16907785E+014   0.00000000E+000   5.57226013E+014   0.00000000E+000   0.00000000E+000
   0.00000000E+000
     243   1.97036934E+015   0.00000000E+000   4.15042205E+014   3.78065494E+014   0.00000000E+000   0.00000000E+000   0.00000000E+000   6.18455787E+014   0.00000000E+000   5.58805856E+014   0.00000000E+000   0.00000000E+000
   0.00000000E+000
     244   1.97587409E+015   0.00000000E+000   4.16359342E+014   3.79075864E+014   0.00000000E+000   0.00000000E+000   0.00000000E+000   6.20143950E+014   0.00000000E+000   5.60294933E+014   0.00000000E+000   0.00000000E+000
   0.00000000E+000
     245   1.98138751E+015   0.00000000E+000   4.17422510E+014   3.80153595E+014   0.00000000E+000   0.00000000E+000   0.00000000E+000   6.21748841E+014   0.00000000E+000   5.62062569E+014   0.00000000E+000   0.00000000E+000
   0.00000000E+000
     246   1.98630093E+015   0.00000000E+000   4.18530524E+014   3.81190977E+014   0.00000000E+000   0.00000000E+000   0.00000000E+000   6.23158831E+014   0.00000000E+000   5.63420601E+014   0.00000000E+000   0.00000000E+000
   0.00000000E+000
     247   1.99148746E+015   0.00000000E+000   4.19463153E+014   3.82418415E+014   0.00000000E+000   0.00000000E+000   0.00000000E+000   6.24986897E+014   0.00000000E+000   5.64618998E+014   0.00000000E+000   0.00000000E+000
   0.00000000E+000
     248   1.99625390E+015   0.00000000E+000   4.20136441E+014   3.83540248E+014   0.00000000E+000   0.00000000E+000   0.00000000E+000   6.26388156E+014   0.00000000E+000   5.66189060E+014   0.00000000E+000   0.00000000E+000
   0.00000000E+000
     249   2.00169002E+015   0.00000000E+000   4.21443829E+014   3.84543528E+014   0.00000000E+000   0.00000000E+000   0.00000000E+000   6.28139274E+014   0.00000000E+000   5.67563387E+014   0.00000000E+000   0.00000000E+000
   0.00000000E+000
     250   2.00669851E+015   0.00000000E+000   4.22377277E+014   3.85634046E+014   0.00000000E+000   0.00000000E+000   0.00000000E+000   6.29633455E+014   0.00000000E+000   5.69053735E+014   0.00000000E+000   0.00000000E+000
   0.00000000E+000
     251   2.01198422E+015   0.00000000E+000   4.23596781E+014   3.86659072E+014   0.00000000E+000   0.00000000E+000   0.00000000E+000   6.31361110E+014   0.00000000E+000   5.70367252E+014   0.00000000E+000   0.00000000E+000
   0.00000000E+000
     252   2.01697516E+015   0.00000000E+000   4.24456195E+014   3.87958597E+014   0.00000000E+000   0.00000000E+000   0.00000000E+000   6.32862787E+014   0.00000000E+000   5.71697585E+014   0.00000000E+000   0.00000000E+000
   0.00000000E+000
     253   2.02257346E+015   0.00000000E+000   4.25748118E+014   3.88809567E+014   0.00000000E+000   0.00000000E+000   0.00000000E+000   6.34728740E+014   0.00000000E+000   5.73287038E+014   0.00000000E+000   0.00000000E+000
   0.00000000E+000
     254   2.02833571E+015   0.00000000E+000   4.27083449E+014   3.89908500E+014   0.00000000E+000   0.00000000E+000   0.00000000E+000   6.36474174E+014   0.00000000E+000   5.74869589E+014   0.00000000E+000   0.00000000E+000
   0.00000000E+000
     255   2.03336189E+015   0.00000000E+000   4.28169718E+014   3.90964488E+014   0.00000000E+000   0.00000000E+000   0.00000000E+000   6.38163425E+014   0.00000000E+000   5.76064260E+014   0.00000000E+000   0.00000000E+000
   0.00000000E+000
     256   2.03891145E+015   0.00000000E+000   4.29204717E+014   3.92439963E+014   0.00000000E+000   0.00000000E+000   0.00000000E+000   6.39629742E+014   0.00000000E+000   5.77637030E+014   0.00000000E+000   0.00000000E+000
   0.00000000E+000
     257   2.04412803E+015   0.00000000E+000   4.30349122E+014   3.93573669E+014   0.00000000E+000   0.00000000E+000   0.00000000E+000   6.41051983E+014   0.00000000E+000   5.79153260E+014   0.00000000E+000   0.00000000E+000
   0.00000000E+000
     258   2.05002667E+015   0.00000000E+000   4.31463190E+014   3.94951371E+014   0.00000000E+000   0.00000000E+000   0.00000000E+000   6.42914818E+014   0.00000000E+000   5.80697296E+014   0.00000000E+000   0.00000000E+000
   0.00000000E+000
     259   2.05584246E+015   0.00000000E+000   4.32704990E+014   3.96216304E+014   0.00000000E+000   0.00000000E+000   0.00000000E+000   6.44653032E+014   0.00000000E+000   5.82268138E+014   0.00000000E+000   0.00000000E+000
   0.00000000E+000
     260   2.06196591E+015   0.00000000E+000   4.34149066E+014   3.97354466E+014   0.00000000E+000   0.00000000E+000   0.00000000E+000   6.46551567E+014   0.00000000E+000   5.83910807E+014   0.00000000E+000   0.00000000E+000
   0.00000000E+000
     261   2.06727855E+015   0.00000000E+000   4.35131371E+014   3.98543567E+014   0.00000000E+000   0.00000000E+000   0.00000000E+000   6.48214697E+014   0.00000000E+000   5.85388917E+014   0.00000000E+000   0.00000000E+000
   0.00000000E+000
     262   2.07331624E+015   0.00000000E+000   4.36506639E+014   3.99727039E+014   0.00000000E+000   0.00000000E+000   0.00000000E+000   6.49840091E+014   0.00000000E+000   5.87242471E+014   0.00000000E+000   0.00000000E+000
   0.00000000E+000
     263   2.07950198E+015   0.00000000E+000   4.38198295E+014   4.00755150E+014   0.00000000E+000   0.00000000E+000   0.00000000E+000   6.51775839E+014   0.00000000E+000   5.88772695E+014   0.00000000E+000   0.00000000E+000
   0.00000000E+000
     264   2.08475478E+015   0.00000000E+000   4.39377628E+014   4.01882905E+014   0.00000000E+000   0.00000000E+000   0.00000000E+000   6.53404419E+014   0.00000000E+000   5.90089828E+014   0.00000000E+000   0.00000000E+000
   0.00000000E+000
     265   2.09088744E+015   0.00000000E+000   4.40638624E+014   4.03407423E+014   0.00000000E+000   0.00000000E+000   0.00000000E+000   6.55272880E+014   0.00000000E+000   5.91568515E+014   0.00000000E+000   0.00000000E+000
   0.00000000E+000
     266   2.09661150E+015   0.00000000E+000   4.41795131E+014   4.04713624E+014   0.00000000E+000   0.00000000E+000   0.00000000E+000   6.56967755E+014   0.00000000E+000   5.93134989E+014   0.00000000E+000   0.00000000E+000
   0.00000000E+000
     267   2.10227860E+015   0.00000000E+000   4.42898428E+014   4.05974025E+014   0.00000000E+000   0.00000000E+000   0.00000000E+000   6.58649785E+014   0.00000000E+000   5.94756362E+014   0.00000000E+000   0.00000000E+000
   0.00000000E+000
     268   2.10870131E+015   0.00000000E+000   4.44264143E+014   4.07256584E+014   0.00000000E+000   0.00000000E+000   0.00000000E+000   6.60557853E+014   0.00000000E+000   5.96622727E+014   0.00000000E+000   0.00000000E+000
   0.00000000E+000
     269   2.11396923E+015   0.00000000E+000   4.45293952E+014   4.08491596E+014   0.00000000E+000   0.00000000E+000   0.00000000E+000   6.62141767E+014   0.00000000E+000   5.98041914E+014   0.00000000E+000   0.00000000E+000
   0.00000000E+000
     270   2.11976343E+015   0.00000000E+000   4.46443425E+014   4.09914394E+014   0.00000000E+000   0.00000000E+000   0.00000000E+000   6.64052524E+014   0.00000000E+000   5.99353085E+014   0.00000000E+000   0.00000000E+000
   0.00000000E+000
     271   2.12551610E+015   0.00000000E+000   4.47863409E+014   4.11166003E+014   0.00000000E+000   0.00000000E+000   0.00000000E+000   6.65644482E+014   0.00000000E+000   6.00842210E+014   0.00000000E+000   0.00000000E+000
   0.00000000E+000
     272   2.13105535E+015   0.00000000E+000   4.49153166E+014   4.11776602E+014   0.00000000E+000   0.00000000E+000   0.00000000E+000   6.67672105E+014   0.00000000E+000   6.02453477E+014   0.00000000E+000   0.00000000E+000
   0.00000000E+000
     273   2.13728310E+015   0.00000000E+000   4.50373135E+014   4.12951802E+014   0.00000000E+000   0.00000000E+000   0.00000000E+000   6.69322347E+014   0.00000000E+000   6.04635813E+014   0.00000000E+000   0.00000000E+000
   0.00000000E+000
     274   2.14318376E+015   0.00000000E+000   4.51728687E+014   4.14106651E+014   0.00000000E+000   0.00000000E+000   0.00000000E+000   6.71156769E+014   0.00000000E+000   6.06191655E+014   0.00000000E+000   0.00000000E+000
   0.00000000E+000
     275   2.14940937E+015   0.00000000E+000   4.53132652E+014   4.15326670E+014   0.00000000E+000   0.00000000E+000   0.00000000E+000   6.72975987E+014   0.00000000E+000   6.07974060E+014   0.00000000E+000   0.00000000E+000
   0.00000000E+000
     276   2.15483408E+015   0.00000000E+000   4.54253253E+014   4.16489944E+014   0.00000000E+000   0.00000000E+000   0.00000000E+000   6.74713152E+014   0.00000000E+000   6.09377731E+014   0.00000000E+000   0.00000000E+000
   0.00000000E+000
     277   2.15995245E+015   0.00000000E+000   4.55149042E+014   4.17518464E+014   0.00000000E+000   0.00000000E+000   0.00000000E+000   6.76316008E+014   0.00000000E+000   6.10968941E+014   0.00000000E+000   0.00000000E+000
   0.00000000E+000
     278   2.16648443E+015   0.00000000E+000   4.56607223E+014   4.18951152E+014   0.00000000E+000   0.00000000E+000   0.00000000E+000   6.78062426E+014   0.00000000E+000   6.12863626E+014   0.00000000E+000   0.00000000E+000
   0.00000000E+000
     279   2.17313550E+015   0.00000000E+000   4.57950292E+014   4.20430466E+014   0.00000000E+000   0.00000000E+000   0.00000000E+000   6.79925441E+014   0.00000000E+000   6.14829303E+014   0.00000000E+000   0.00000000E+000
   0.00000000E+000
     280   2.17877339E+015   0.00000000E+000   4.58926336E+014   4.21840772E+014   0.00000000E+000   0.00000000E+000   0.00000000E+000   6.81422403E+014   0.00000000E+000   6.16583876E+014   0.00000000E+000   0.00000000E+000
   0.00000000E+000
     281   2.18493388E+015   0.00000000E+000   4.60504367E+014   4.23078145E+014   0.00000000E+000   0.00000000E+000   0.00000000E+000   6.83440900E+014   0.00000000E+000   6.17910468E+014   0.00000000E+000   0.00000000E+000
   0.00000000E+000
     282   2.19043772E+015   0.00000000E+000   4.61812844E+014   4.24448283E+014   0.00000000E+000   0.00000000E+000   0.00000000E+000   6.85383943E+014   0.00000000E+000   6.18792648E+014   0.00000000E+000   0.00000000E+000
   0.00000000E+000
     283   2.19279926E+015   0.00000000E+000   4.63169215E+014   4.23660544E+014   0.00000000E+000   0.00000000E+000   0.00000000E+000   6.86724203E+014   0.00000000E+000   6.19245302E+014   0.00000000E+000   0.00000000E+000
   0.00000000E+000
     284   2.19670144E+015   0.00000000E+000   4.64426635E+014   4.23723053E+014   0.00000000E+000   0.00000000E+000   0.00000000E+000   6.88798690E+014   0.00000000E+000   6.19753063E+014   0.00000000E+000   0.00000000E+000
   0.00000000E+000
     285   2.20295729E+015   0.00000000E+000   4.65736607E+014   4.25005959E+014   0.00000000E+000   0.00000000E+000   0.00000000E+000   6.90792038E+014   0.00000000E+000   6.21422687E+014   0.00000000E+000   0.00000000E+000
   0.00000000E+000
     286   2.20839177E+015   0.00000000E+000   4.66910066E+014   4.26092498E+014   0.00000000E+000   0.00000000E+000   0.00000000E+000   6.92692850E+014   0.00000000E+000   6.22696352E+014   0.00000000E+000   0.00000000E+000
   0.00000000E+000
     287   2.21391667E+015   0.00000000E+000   4.68308334E+014   4.26571161E+014   0.00000000E+000   0.00000000E+000   0.00000000E+000   6.94927310E+014   0.00000000E+000   6.24109864E+014   0.00000000E+000   0.00000000E+000
   0.00000000E+000
     288   2.21929935E+015   0.00000000E+000   4.69777973E+014   4.27278656E+014   0.00000000E+000   0.00000000E+000   0.00000000E+000   6.96580253E+014   0.00000000E+000   6.25662472E+014   0.00000000E+000   0.00000000E+000
   0.00000000E+000
     289   2.22483524E+015   0.00000000E+000   4.71024196E+014   4.28640964E+014   0.00000000E+000   0.00000000E+000   0.00000000E+000   6.98019385E+014   0.00000000E+000   6.27150699E+014   0.00000000E+000   0.00000000E+000
   0.00000000E+000
     290   2.23097829E+015   0.00000000E+000   4.72721788E+014   4.29613023E+014   0.00000000E+000   0.00000000E+000   0.00000000E+000   7.00146732E+014   0.00000000E+000   6.28496750E+014   0.00000000E+000   0.00000000E+000
   0.00000000E+000
     291   2.23634322E+015   0.00000000E+000   4.74015281E+014   4.30178799E+014   0.00000000E+000   0.00000000E+000   0.00000000E+000   7.02063564E+014   0.00000000E+000   6.30085573E+014   0.00000000E+000   0.00000000E+000
   0.00000000E+000
     292   2.24267352E+015   0.00000000E+000   4.75463945E+014   4.31575057E+014   0.00000000E+000   0.00000000E+000   0.00000000E+000   7.04031824E+014   0.00000000E+000   6.31602694E+014   0.00000000E+000   0.00000000E+000
   0.00000000E+000
     293   2.24937435E+015   0.00000000E+000   4.76898121E+014   4.33006900E+014   0.00000000E+000   0.00000000E+000   0.00000000E+000   7.06008469E+014   0.00000000E+000   6.33460863E+014   0.00000000E+000   0.00000000E+000
   0.00000000E+000
     294   2.25410463E+015   0.00000000E+000   4.77990216E+014   4.33241973E+014   0.00000000E+000   0.00000000E+000   0.00000000E+000   7.07827854E+014   0.00000000E+000   6.35044591E+014   0.00000000E+000   0.00000000E+000
   0.00000000E+000
     295   2.25894024E+015   0.00000000E+000   4.79477164E+014   4.33974920E+014   0.00000000E+000   0.00000000E+000   0.00000000E+000   7.08678336E+014   0.00000000E+000   6.36809816E+014   0.00000000E+000   0.00000000E+000
   0.00000000E+000
     296   2.26532075E+015   0.00000000E+000   4.81209287E+014   4.35127756E+014   0.00000000E+000   0.00000000E+000   0.00000000E+000   7.10599463E+014   0.00000000E+000   6.38384247E+014   0.00000000E+000   0.00000000E+000
   0.00000000E+000
     297   2.27251140E+015   0.00000000E+000   4.82717069E+014   4.36564874E+014   0.00000000E+000   0.00000000E+000   0.00000000E+000   7.12629398E+014   0.00000000E+000   6.40600058E+014   0.00000000E+000   0.00000000E+000
   0.00000000E+000
     298   2.27770662E+015   0.00000000E+000   4.83308244E+014   4.37776656E+014   0.00000000E+000   0.00000000E+000   0.00000000E+000   7.14402184E+014   0.00000000E+000   6.42219534E+014   0.00000000E+000   0.00000000E+000
   0.00000000E+000
     299   2.28334790E+015   0.00000000E+000   4.84669144E+014   4.38880261E+014   0.00000000E+000   0.00000000E+000   0.00000000E+000   7.16175197E+014   0.00000000E+000   6.43623298E+014   0.00000000E+000   0.00000000E+000
   0.00000000E+000
     300   2.28950509E+015   0.00000000E+000   4.86285010E+014   4.40290791E+014   0.00000000E+000   0.00000000E+000   0.00000000E+000   7.17664237E+014   0.00000000E+000   6.45265056E+014   0.00000000E+000   0.00000000E+000
   0.00000000E+000
     301   2.29479254E+015   0.00000000E+000   4.87171179E+014   4.41426156E+014   0.00000000E+000   0.00000000E+000   0.00000000E+000   7.19828909E+014   0.00000000E+000   6.46366295E+014   0.00000000E+000   0.00000000E+000
   0.00000000E+000
     302   2.30068933E+015   0.00000000E+000   4.88652318E+014   4.42573429E+014   0.00000000E+000   0.00000000E+000   0.00000000E+000   7.21776460E+014   0.00000000E+000   6.47687124E+014   0.00000000E+000   0.00000000E+000
   0.00000000E+000
     303   2.30589077E+015   0.00000000E+000   4.90054765E+014   4.43851297E+014   0.00000000E+000   0.00000000E+000   0.00000000E+000   7.22874409E+014   0.00000000E+000   6.49110295E+014   0.00000000E+000   0.00000000E+000
   0.00000000E+000
     304   2.31161895E+015   0.00000000E+000   4.90544804E+014   4.45093979E+014   0.00000000E+000   0.00000000E+000   0.00000000E+000   7.24917072E+014   0.00000000E+000   6.51063096E+014   0.00000000E+000   0.00000000E+000
   0.00000000E+000
     305   2.31807443E+015   0.00000000E+000   4.91835588E+014   4.46316017E+014   0.00000000E+000   0.00000000E+000   0.00000000E+000   7.27173361E+014   0.00000000E+000   6.52749461E+014   0.00000000E+000   0.00000000E+000
   0.00000000E+000
     306   2.32462138E+015   0.00000000E+000   4.93325206E+014   4.47711545E+014   0.00000000E+000   0.00000000E+000   0.00000000E+000   7.29301953E+014   0.00000000E+000   6.54282681E+014   0.00000000E+000   0.00000000E+000
   0.00000000E+000
     307   2.32874726E+015   0.00000000E+000   4.93168087E+014   4.49060893E+014   0.00000000E+000   0.00000000E+000   0.00000000E+000   7.30676367E+014   0.00000000E+000   6.55841916E+014   0.00000000E+000   0.00000000E+000
   0.00000000E+000
     308   2.33391644E+015   0.00000000E+000   4.94797416E+014   4.49641734E+014   0.00000000E+000   0.00000000E+000   0.00000000E+000   7.32209528E+014   0.00000000E+000   6.57267765E+014   0.00000000E+000   0.00000000E+000
   0.00000000E+000
     309   2.33974273E+015   0.00000000E+000   4.96138943E+014   4.50879847E+014   0.00000000E+000   0.00000000E+000   0.00000000E+000   7.33987727E+014   0.00000000E+000   6.58736218E+014   0.00000000E+000   0.00000000E+000
   0.00000000E+000
     310   2.34580516E+015   0.00000000E+000   4.97559934E+014   4.51934869E+014   0.00000000E+000   0.00000000E+000   0.00000000E+000   7.35946876E+014   0.00000000E+000   6.60363481E+014   0.00000000E+000   0.00000000E+000
   0.00000000E+000
     311   2.35227400E+015   0.00000000E+000   4.99032358E+014   4.53241028E+014   0.00000000E+000   0.00000000E+000   0.00000000E+000   7.37971534E+014   0.00000000E+000   6.62029077E+014   0.00000000E+000   0.00000000E+000
   0.00000000E+000
     312   2.35946746E+015   0.00000000E+000   5.01307811E+014   4.54633986E+014   0.00000000E+000   0.00000000E+000   0.00000000E+000   7.39882190E+014   0.00000000E+000   6.63643478E+014   0.00000000E+000   0.00000000E+000
   0.00000000E+000
     313   2.36624379E+015   0.00000000E+000   5.02928295E+014   4.55989674E+014   0.00000000E+000   0.00000000E+000   0.00000000E+000   7.41866990E+014   0.00000000E+000   6.65458828E+014   0.00000000E+000   0.00000000E+000
   0.00000000E+000
     314   2.37206616E+015   0.00000000E+000   5.04059835E+014   4.57338488E+014   0.00000000E+000   0.00000000E+000   0.00000000E+000   7.43393983E+014   0.00000000E+000   6.67273858E+014   0.00000000E+000   0.00000000E+000
   0.00000000E+000
     315   2.37746636E+015   0.00000000E+000   5.05518934E+014   4.58411958E+014   0.00000000E+000   0.00000000E+000   0.00000000E+000   7.44988145E+014   0.00000000E+000   6.68547321E+014   0.00000000E+000   0.00000000E+000
   0.00000000E+000
     316   2.38376826E+015   0.00000000E+000   5.06896639E+014   4.59490007E+014   0.00000000E+000   0.00000000E+000   0.00000000E+000   7.46933461E+014   0.00000000E+000   6.70448156E+014   0.00000000E+000   0.00000000E+000
   0.00000000E+000
     317   2.38818606E+015   0.00000000E+000   5.07889699E+014   4.60279116E+014   0.00000000E+000   0.00000000E+000   0.00000000E+000   7.48900578E+014   0.00000000E+000   6.71116666E+014   0.00000000E+000   0.00000000E+000
   0.00000000E+000
     318   2.39551982E+015   0.00000000E+000   5.09785592E+014   4.61508818E+014   0.00000000E+000   0.00000000E+000   0.00000000E+000   7.51159090E+014   0.00000000E+000   6.73066315E+014   0.00000000E+000   0.00000000E+000
   0.00000000E+000
     319   2.40145527E+015   0.00000000E+000   5.10963673E+014   4.62944882E+014   0.00000000E+000   0.00000000E+000   0.00000000E+000   7.53193417E+014   0.00000000E+000   6.74353296E+014   0.00000000E+000   0.00000000E+000
   0.00000000E+000
     320   2.40597613E+015   0.00000000E+000   5.11823310E+014   4.64227804E+014   0.00000000E+000   0.00000000E+000   0.00000000E+000   7.54300078E+014   0.00000000E+000   6.75624941E+014   0.00000000E+000   0.00000000E+000
   0.00000000E+000
     321   2.41073007E+015   0.00000000E+000   5.13231784E+014   4.64553331E+014   0.00000000E+000   0.00000000E+000   0.00000000E+000   7.55654125E+014   0.00000000E+000   6.77290835E+014   0.00000000E+000   0.00000000E+000
   0.00000000E+000
     322   2.41509032E+015   0.00000000E+000   5.14736985E+014   4.64717406E+014   0.00000000E+000   0.00000000E+000   0.00000000E+000   7.56653611E+014   0.00000000E+000   6.78982319E+014   0.00000000E+000   0.00000000E+000
   0.00000000E+000
     323   2.41674522E+015   0.00000000E+000   5.13674349E+014   4.65229665E+014   0.00000000E+000   0.00000000E+000   0.00000000E+000   7.58052317E+014   0.00000000E+000   6.79788885E+014   0.00000000E+000   0.00000000E+000
   0.00000000E+000
     324   2.41819829E+015   0.00000000E+000   5.14901739E+014   4.65242772E+014   0.00000000E+000   0.00000000E+000   0.00000000E+000   7.57769216E+014   0.00000000E+000   6.80284567E+014   0.00000000E+000   0.00000000E+000
   0.00000000E+000
     325   2.42319443E+015   0.00000000E+000   5.16277992E+014   4.66268167E+014   0.00000000E+000   0.00000000E+000   0.00000000E+000   7.59460416E+014   0.00000000E+000   6.81187857E+014   0.00000000E+000   0.00000000E+000
   0.00000000E+000
     326   2.42872261E+015   0.00000000E+000   5.18121082E+014   4.67057923E+014   0.00000000E+000   0.00000000E+000   0.00000000E+000   7.60925435E+014   0.00000000E+000   6.82618166E+014   0.00000000E+000   0.00000000E+000
   0.00000000E+000
     327   2.43203923E+015   0.00000000E+000   5.18074835E+014   4.67613532E+014   0.00000000E+000   0.00000000E+000   0.00000000E+000   7.62203068E+014   0.00000000E+000   6.84147790E+014   0.00000000E+000   0.00000000E+000
   0.00000000E+000
     328   2.43782889E+015   0.00000000E+000   5.19570545E+014   4.68770527E+014   0.00000000E+000   0.00000000E+000   0.00000000E+000   7.63613527E+014   0.00000000E+000   6.85874288E+014   0.00000000E+000   0.00000000E+000
   0.00000000E+000
     329   2.44303029E+015   0.00000000E+000   5.20111185E+014   4.70043533E+014   0.00000000E+000   0.00000000E+000   0.00000000E+000   7.65445352E+014   0.00000000E+000   6.87430221E+014   0.00000000E+000   0.00000000E+000
   0.00000000E+000
     330   2.44675000E+015   0.00000000E+000   5.21682994E+014   4.69515590E+014   0.00000000E+000   0.00000000E+000   0.00000000E+000   7.66876698E+014   0.00000000E+000   6.88674721E+014   0.00000000E+000   0.00000000E+000
   0.00000000E+000
     331   2.45085572E+015   0.00000000E+000   5.22642370E+014   4.69920735E+014   0.00000000E+000   0.00000000E+000   0.00000000E+000   7.68483387E+014   0.00000000E+000   6.89809229E+014   0.00000000E+000   0.00000000E+000
   0.00000000E+000
     332   2.45693884E+015   0.00000000E+000   5.24258433E+014   4.71298609E+014   0.00000000E+000   0.00000000E+000   0.00000000E+000   7.69955336E+014   0.00000000E+000   6.91426466E+014   0.00000000E+000   0.00000000E+000
   0.00000000E+000
     333   2.46226214E+015   0.00000000E+000   5.25670677E+014   4.71791386E+014   0.00000000E+000   0.00000000E+000   0.00000000E+000   7.71919080E+014   0.00000000E+000   6.92880993E+014   0.00000000E+000   0.00000000E+000
   0.00000000E+000
     334   2.46703769E+015   0.00000000E+000   5.26097854E+014   4.73103488E+014   0.00000000E+000   0.00000000E+000   0.00000000E+000   7.73825807E+014   0.00000000E+000   6.94010546E+014   0.00000000E+000   0.00000000E+000
   0.00000000E+000
     335   2.47211734E+015   0.00000000E+000   5.26951713E+014   4.73954726E+014   0.00000000E+000   0.00000000E+000   0.00000000E+000   7.75602417E+014   0.00000000E+000   6.95608485E+014   0.00000000E+000   0.00000000E+000
   0.00000000E+000
     336   2.47854861E+015   0.00000000E+000   5.28493185E+014   4.75274604E+014   0.00000000E+000   0.00000000E+000   0.00000000E+000   7.77481377E+014   0.00000000E+000   6.97299445E+014   0.00000000E+000   0.00000000E+000
   0.00000000E+000
     337   2.48205883E+015   0.00000000E+000   5.29349386E+014   4.75840210E+014   0.00000000E+000   0.00000000E+000   0.00000000E+000   7.78242678E+014   0.00000000E+000   6.98626558E+014   0.00000000E+000   0.00000000E+000
   0.00000000E+000
     338   2.48487456E+015   0.00000000E+000   5.30949232E+014   4.76106875E+014   0.00000000E+000   0.00000000E+000   0.00000000E+000   7.78101977E+014   0.00000000E+000   6.99716480E+014   0.00000000E+000   0.00000000E+000
   0.00000000E+000
     339   2.49063413E+015   0.00000000E+000   5.32987029E+014   4.76447124E+014   0.00000000E+000   0.00000000E+000   0.00000000E+000   7.79833828E+014   0.00000000E+000   7.01366148E+014   0.00000000E+000   0.00000000E+000
   0.00000000E+000
     340   2.49514368E+015   0.00000000E+000   5.34479095E+014   4.77361180E+014   0.00000000E+000   0.00000000E+000   0.00000000E+000   7.81250984E+014   0.00000000E+000   7.02052421E+014   0.00000000E+000   0.00000000E+000
   0.00000000E+000
     341   2.49796300E+015   0.00000000E+000   5.34488657E+014   4.78432149E+014   0.00000000E+000   0.00000000E+000   0.00000000E+000   7.83093347E+014   0.00000000E+000   7.01948847E+014   0.00000000E+000   0.00000000E+000
   0.00000000E+000
     342   2.50373805E+015   0.00000000E+000   5.35377324E+014   4.79726982E+014   0.00000000E+000   0.00000000E+000   0.00000000E+000   7.84631492E+014   0.00000000E+000   7.04002257E+014   0.00000000E+000   0.00000000E+000
   0.00000000E+000
     343   2.50894774E+015   0.00000000E+000   5.36319076E+014   4.80334912E+014   0.00000000E+000   0.00000000E+000   0.00000000E+000   7.86668161E+014   0.00000000E+000   7.05625589E+014   0.00000000E+000   0.00000000E+000
   0.00000000E+000
     344   2.51388851E+015   0.00000000E+000   5.37360043E+014   4.81203038E+014   0.00000000E+000   0.00000000E+000   0.00000000E+000   7.88178822E+014   0.00000000E+000   7.07146610E+014   0.00000000E+000   0.00000000E+000
   0.00000000E+000
     345   2.52112429E+015   0.00000000E+000   5.39608231E+014   4.82207462E+014   0.00000000E+000   0.00000000E+000   0.00000000E+000   7.90966849E+014   0.00000000E+000   7.08341748E+014   0.00000000E+000   0.00000000E+000
   0.00000000E+000
     346   2.52707741E+015   0.00000000E+000   5.41745294E+014   4.83067697E+014   0.00000000E+000   0.00000000E+000   0.00000000E+000   7.92192263E+014   0.00000000E+000   7.10072156E+014   0.00000000E+000   0.00000000E+000
   0.00000000E+000
     347   2.53091347E+015   0.00000000E+000   5.43192610E+014   4.83521244E+014   0.00000000E+000   0.00000000E+000   0.00000000E+000   7.92471863E+014   0.00000000E+000   7.11727758E+014   0.00000000E+000   0.00000000E+000
   0.00000000E+000
     348   2.53717231E+015   0.00000000E+000   5.43743945E+014   4.85033733E+014   0.00000000E+000   0.00000000E+000   0.00000000E+000   7.94784529E+014   0.00000000E+000   7.13610105E+014   0.00000000E+000   0.00000000E+000
   0.00000000E+000
     349   2.54196748E+015   0.00000000E+000   5.44544760E+014   4.85622452E+014   0.00000000E+000   0.00000000E+000   0.00000000E+000   7.96789274E+014   0.00000000E+000   7.15010992E+014   0.00000000E+000   0.00000000E+000
   0.00000000E+000
     350   2.54726944E+015   0.00000000E+000   5.45742964E+014   4.86020128E+014   0.00000000E+000   0.00000000E+000   0.00000000E+000   7.98849772E+014   0.00000000E+000   7.16656576E+014   0.00000000E+000   0.00000000E+000
   0.00000000E+000
     351   2.55049105E+015   0.00000000E+000   5.47009708E+014   4.86343005E+014   0.00000000E+000   0.00000000E+000   0.00000000E+000   7.99098648E+014   0.00000000E+000   7.18039687E+014   0.00000000E+000   0.00000000E+000
   0.00000000E+000
     352   2.55626747E+015   0.00000000E+000   5.47848200E+014   4.87558321E+014   0.00000000E+000   0.00000000E+000   0.00000000E+000   8.01468898E+014   0.00000000E+000   7.19392055E+014   0.00000000E+000   0.00000000E+000
   0.00000000E+000
     353   2.56198444E+015   0.00000000E+000   5.49696748E+014   4.88862189E+014   0.00000000E+000   0.00000000E+000   0.00000000E+000   8.03023780E+014   0.00000000E+000   7.20401721E+014   0.00000000E+000   0.00000000E+000
   0.00000000E+000
     354   2.56628073E+015   0.00000000E+000   5.49483345E+014   4.90054793E+014   0.00000000E+000   0.00000000E+000   0.00000000E+000   8.05365010E+014   0.00000000E+000   7.21377586E+014   0.00000000E+000   0.00000000E+000
   0.00000000E+000
     355   2.57025156E+015   0.00000000E+000   5.50069459E+014   4.90195228E+014   0.00000000E+000   0.00000000E+000   0.00000000E+000   8.06850347E+014   0.00000000E+000   7.23136526E+014   0.00000000E+000   0.00000000E+000
   0.00000000E+000
     356   2.57441450E+015   0.00000000E+000   5.50813188E+014   4.91159804E+014   0.00000000E+000   0.00000000E+000   0.00000000E+000   8.08106810E+014   0.00000000E+000   7.24334703E+014   0.00000000E+000   0.00000000E+000
   0.00000000E+000
     357   2.57893752E+015   0.00000000E+000   5.51598721E+014   4.91591842E+014   0.00000000E+000   0.00000000E+000   0.00000000E+000   8.09349712E+014   0.00000000E+000   7.26397241E+014   0.00000000E+000   0.00000000E+000
   0.00000000E+000
     358   2.58049974E+015   0.00000000E+000   5.51560767E+014   4.92136559E+014   0.00000000E+000   0.00000000E+000   0.00000000E+000   8.09654362E+014   0.00000000E+000   7.27148047E+014   0.00000000E+000   0.00000000E+000
   0.00000000E+000
     359   2.58545484E+015   0.00000000E+000   5.52499896E+014   4.93124257E+014   0.00000000E+000   0.00000000E+000   0.00000000E+000   8.11125966E+014   0.00000000E+000   7.28704718E+014   0.00000000E+000   0.00000000E+000
   0.00000000E+000
     360   2.58923338E+015   0.00000000E+000   5.54116932E+014   4.94584959E+014   0.00000000E+000   0.00000000E+000   0.00000000E+000   8.12069623E+014   0.00000000E+000   7.28461861E+014   0.00000000E+000   0.00000000E+000
   0.00000000E+000
     361   2.59557644E+015   0.00000000E+000   5.55813659E+014   4.95791137E+014   0.00000000E+000   0.00000000E+000   0.00000000E+000   8.13632453E+014   0.00000000E+000   7.30339186E+014   0.00000000E+000   0.00000000E+000
   0.00000000E+000
     362   2.60085948E+015   0.00000000E+000   5.56931210E+014   4.97080969E+014   0.00000000E+000   0.00000000E+000   0.00000000E+000   8.15198039E+014   0.00000000E+000   7.31649259E+014   0.00000000E+000   0.00000000E+000
   0.00000000E+000
     363   2.60721818E+015   0.00000000E+000   5.58217319E+014   4.97749598E+014   0.00000000E+000   0.00000000E+000   0.00000000E+000   8.18010461E+014   0.00000000E+000   7.33240797E+014   0.00000000E+000   0.00000000E+000
   0.00000000E+000
     364   2.61351538E+015   0.00000000E+000   5.60118466E+014   4.99041621E+014   0.00000000E+000   0.00000000E+000   0.00000000E+000   8.19965107E+014   0.00000000E+000   7.34390190E+014   0.00000000E+000   0.00000000E+000
   0.00000000E+000
     365   2.61892073E+015   0.00000000E+000   5.60777700E+014   4.99900523E+014   0.00000000E+000   0.00000000E+000   0.00000000E+000   8.21939387E+014   0.00000000E+000   7.36303119E+014   0.00000000E+000   0.00000000E+000
   0.00000000E+000
     366   2.62515780E+015   0.00000000E+000   5.62235179E+014   5.01013285E+014   0.00000000E+000   0.00000000E+000   0.00000000E+000   8.23576604E+014   0.00000000E+000   7.38332735E+014   0.00000000E+000   0.00000000E+000
   0.00000000E+000
     367   2.63150613E+015   0.00000000E+000   5.63888408E+014   5.01934314E+014   0.00000000E+000   0.00000000E+000   0.00000000E+000   8.25632858E+014   0.00000000E+000   7.40050546E+014   0.00000000E+000   0.00000000E+000
   0.00000000E+000
     368   2.63572192E+015   0.00000000E+000   5.64794945E+014   5.02858571E+014   0.00000000E+000   0.00000000E+000   0.00000000E+000   8.27015507E+014   0.00000000E+000   7.41052901E+014   0.00000000E+000   0.00000000E+000
   0.00000000E+000
     369   2.64269040E+015   0.00000000E+000   5.66614907E+014   5.04207953E+014   0.00000000E+000   0.00000000E+000   0.00000000E+000   8.28973966E+014   0.00000000E+000   7.42893570E+014   0.00000000E+000   0.00000000E+000
   0.00000000E+000
     370   2.64746157E+015   0.00000000E+000   5.66810937E+014   5.05519046E+014   0.00000000E+000   0.00000000E+000   0.00000000E+000   8.30966888E+014   0.00000000E+000   7.44164701E+014   0.00000000E+000   0.00000000E+000
   0.00000000E+000
     371   2.65362674E+015   0.00000000E+000   5.68111648E+014   5.06948755E+014   0.00000000E+000   0.00000000E+000   0.00000000E+000   8.32755945E+014   0.00000000E+000   7.45810396E+014   0.00000000E+000   0.00000000E+000
   0.00000000E+000
     372   2.66040978E+015   0.00000000E+000   5.69709816E+014   5.08103114E+014   0.00000000E+000   0.00000000E+000   0.00000000E+000   8.34941666E+014   0.00000000E+000   7.47655183E+014   0.00000000E+000   0.00000000E+000
   0.00000000E+000
     373   2.66528503E+015   0.00000000E+000   5.70506526E+014   5.09238689E+014   0.00000000E+000   0.00000000E+000   0.00000000E+000   8.37145611E+014   0.00000000E+000   7.48394204E+014   0.00000000E+000   0.00000000E+000
   0.00000000E+000
     374   2.67175826E+015   0.00000000E+000   5.72189115E+014   5.10836865E+014   0.00000000E+000   0.00000000E+000   0.00000000E+000   8.38383413E+014   0.00000000E+000   7.50348872E+014   0.00000000E+000   0.00000000E+000
   0.00000000E+000
     375   2.67637685E+015   0.00000000E+000   5.72272217E+014   5.11963652E+014   0.00000000E+000   0.00000000E+000   0.00000000E+000   8.40235819E+014   0.00000000E+000   7.51905157E+014   0.00000000E+000   0.00000000E+000
   0.00000000E+000
     376   2.68046834E+015   0.00000000E+000   5.72603996E+014   5.12741577E+014   0.00000000E+000   0.00000000E+000   0.00000000E+000   8.41955897E+014   0.00000000E+000   7.53166867E+014   0.00000000E+000   0.00000000E+000
   0.00000000E+000
     377   2.68666537E+015   0.00000000E+000   5.73578319E+014   5.14232853E+014   0.00000000E+000   0.00000000E+000   0.00000000E+000   8.44101430E+014   0.00000000E+000   7.54752767E+014   0.00000000E+000   0.00000000E+000
   0.00000000E+000
     378   2.69397756E+015   0.00000000E+000   5.75356672E+014   5.15618147E+014   0.00000000E+000   0.00000000E+000   0.00000000E+000   8.46311912E+014   0.00000000E+000   7.56690831E+014   0.00000000E+000   0.00000000E+000
   0.00000000E+000
     379   2.69814042E+015   0.00000000E+000   5.75754124E+014   5.16347125E+014   0.00000000E+000   0.00000000E+000   0.00000000E+000   8.47486979E+014   0.00000000E+000   7.58552190E+014   0.00000000E+000   0.00000000E+000
   0.00000000E+000
     380   2.70342189E+015   0.00000000E+000   5.77389485E+014   5.16837970E+014   0.00000000E+000   0.00000000E+000   0.00000000E+000   8.48840091E+014   0.00000000E+000   7.60354343E+014   0.00000000E+000   0.00000000E+000
   0.00000000E+000
     381   2.70836633E+015   0.00000000E+000   5.78995685E+014   5.16839409E+014   0.00000000E+000   0.00000000E+000   0.00000000E+000   8.50459150E+014   0.00000000E+000   7.62072083E+014   0.00000000E+000   0.00000000E+000
   0.00000000E+000
     382   2.71460922E+015   0.00000000E+000   5.80353214E+014   5.18052221E+014   0.00000000E+000   0.00000000E+000   0.00000000E+000   8.52427961E+014   0.00000000E+000   7.63775824E+014   0.00000000E+000   0.00000000E+000
   0.00000000E+000
     383   2.72100402E+015   0.00000000E+000   5.81514351E+014   5.19446531E+014   0.00000000E+000   0.00000000E+000   0.00000000E+000   8.54434334E+014   0.00000000E+000   7.65608807E+014   0.00000000E+000   0.00000000E+000
   0.00000000E+000
     384   2.72628057E+015   0.00000000E+000   5.83049659E+014   5.20625193E+014   0.00000000E+000   0.00000000E+000   0.00000000E+000   8.55419301E+014   0.00000000E+000   7.67186419E+014   0.00000000E+000   0.00000000E+000
   0.00000000E+000
     385   2.73229655E+015   0.00000000E+000   5.84776336E+014   5.21775289E+014   0.00000000E+000   0.00000000E+000   0.00000000E+000   8.56952433E+014   0.00000000E+000   7.68792491E+014   0.00000000E+000   0.00000000E+000
   0.00000000E+000
     386   2.73750283E+015   0.00000000E+000   5.86446014E+014   5.23117616E+014   0.00000000E+000   0.00000000E+000   0.00000000E+000   8.58138391E+014   0.00000000E+000   7.69800805E+014   0.00000000E+000   0.00000000E+000
   0.00000000E+000
     387   2.74097475E+015   0.00000000E+000   5.87461369E+014   5.23521006E+014   0.00000000E+000   0.00000000E+000   0.00000000E+000   8.60362424E+014   0.00000000E+000   7.69629953E+014   0.00000000E+000   0.00000000E+000
   0.00000000E+000
     388   2.74646567E+015   0.00000000E+000   5.88884155E+014   5.25040277E+014   0.00000000E+000   0.00000000E+000   0.00000000E+000   8.62082343E+014   0.00000000E+000   7.70458897E+014   0.00000000E+000   0.00000000E+000
   0.00000000E+000
     389   2.75185098E+015   0.00000000E+000   5.90447410E+014   5.26167550E+014   0.00000000E+000   0.00000000E+000   0.00000000E+000   8.63938007E+014   0.00000000E+000   7.71298014E+014   0.00000000E+000   0.00000000E+000
   0.00000000E+000
     390   2.75888423E+015   0.00000000E+000   5.92486914E+014   5.27510746E+014   0.00000000E+000   0.00000000E+000   0.00000000E+000   8.65975664E+014   0.00000000E+000   7.72910907E+014   0.00000000E+000   0.00000000E+000
   0.00000000E+000
     391   2.76490949E+015   0.00000000E+000   5.94458435E+014   5.28118923E+014   0.00000000E+000   0.00000000E+000   0.00000000E+000   8.67425248E+014   0.00000000E+000   7.74906886E+014   0.00000000E+000   0.00000000E+000
   0.00000000E+000
     392   2.76822157E+015   0.00000000E+000   5.94873398E+014   5.29229869E+014   0.00000000E+000   0.00000000E+000   0.00000000E+000   8.69175471E+014   0.00000000E+000   7.74942831E+014   0.00000000E+000   0.00000000E+000
   0.00000000E+000
     393   2.77506495E+015   0.00000000E+000   5.96802538E+014   5.30313176E+014   0.00000000E+000   0.00000000E+000   0.00000000E+000   8.71382348E+014   0.00000000E+000   7.76566886E+014   0.00000000E+000   0.00000000E+000
   0.00000000E+000
     394   2.78167992E+015   0.00000000E+000   5.98247730E+014   5.31697804E+014   0.00000000E+000   0.00000000E+000   0.00000000E+000   8.73275406E+014   0.00000000E+000   7.78458977E+014   0.00000000E+000   0.00000000E+000
   0.00000000E+000
     395   2.78784156E+015   0.00000000E+000   5.99295330E+014   5.32937128E+014   0.00000000E+000   0.00000000E+000   0.00000000E+000   8.75330744E+014   0.00000000E+000   7.80278360E+014   0.00000000E+000   0.00000000E+000
   0.00000000E+000
     396   2.79302361E+015   0.00000000E+000   5.99783098E+014   5.34145751E+014   0.00000000E+000   0.00000000E+000   0.00000000E+000   8.77315912E+014   0.00000000E+000   7.81778845E+014   0.00000000E+000   0.00000000E+000
   0.00000000E+000
     397   2.79633621E+015   0.00000000E+000   6.01134601E+014   5.35411278E+014   0.00000000E+000   0.00000000E+000   0.00000000E+000   8.78278346E+014   0.00000000E+000   7.81511981E+014   0.00000000E+000   0.00000000E+000
   0.00000000E+000
     398   2.80090857E+015   0.00000000E+000   6.02763498E+014   5.36271324E+014   0.00000000E+000   0.00000000E+000   0.00000000E+000   8.78517276E+014   0.00000000E+000   7.83356475E+014   0.00000000E+000   0.00000000E+000
   0.00000000E+000
     399   2.80622991E+015   0.00000000E+000   6.04422283E+014   5.37696640E+014   0.00000000E+000   0.00000000E+000   0.00000000E+000   8.80457932E+014   0.00000000E+000   7.83653057E+014   0.00000000E+000   0.00000000E+000
   0.00000000E+000
     400   2.80994320E+015   0.00000000E+000   6.05775659E+014   5.37581259E+014   0.00000000E+000   0.00000000E+000   0.00000000E+000   8.81999619E+014   0.00000000E+000   7.84586660E+014   0.00000000E+000   0.00000000E+000
   0.00000000E+000
     401   2.81288846E+015   0.00000000E+000   6.06069171E+014   5.38606298E+014   0.00000000E+000   0.00000000E+000   0.00000000E+000   8.83471611E+014   0.00000000E+000   7.84741380E+014   0.00000000E+000   0.00000000E+000
   0.00000000E+000
     402   2.81637535E+015   0.00000000E+000   6.05798666E+014   5.39788628E+014   0.00000000E+000   0.00000000E+000   0.00000000E+000   8.84342118E+014   0.00000000E+000   7.86445936E+014   0.00000000E+000   0.00000000E+000
   0.00000000E+000
     403   2.82042414E+015   0.00000000E+000   6.07056184E+014   5.40771997E+014   0.00000000E+000   0.00000000E+000   0.00000000E+000   8.85779429E+014   0.00000000E+000   7.86816534E+014   0.00000000E+000   0.00000000E+000
   0.00000000E+000
     404   2.82540523E+015   0.00000000E+000   6.08172017E+014   5.42098645E+014   0.00000000E+000   0.00000000E+000   0.00000000E+000   8.87611748E+014   0.00000000E+000   7.87522822E+014   0.00000000E+000   0.00000000E+000
   0.00000000E+000
     405   2.83104932E+015   0.00000000E+000   6.08956268E+014   5.43359241E+014   0.00000000E+000   0.00000000E+000   0.00000000E+000   8.89575026E+014   0.00000000E+000   7.89158781E+014   0.00000000E+000   0.00000000E+000
   0.00000000E+000
     406   2.83596548E+015   0.00000000E+000   6.09348168E+014   5.44569796E+014   0.00000000E+000   0.00000000E+000   0.00000000E+000   8.91916321E+014   0.00000000E+000   7.90131200E+014   0.00000000E+000   0.00000000E+000
   0.00000000E+000
     407   2.84161972E+015   0.00000000E+000   6.10054124E+014   5.45783211E+014   0.00000000E+000   0.00000000E+000   0.00000000E+000   8.93783049E+014   0.00000000E+000   7.91999333E+014   0.00000000E+000   0.00000000E+000
   0.00000000E+000
     408   2.84559805E+015   0.00000000E+000   6.09859999E+014   5.46278626E+014   0.00000000E+000   0.00000000E+000   0.00000000E+000   8.95946605E+014   0.00000000E+000   7.93512825E+014   0.00000000E+000   0.00000000E+000
   0.00000000E+000
     409   2.85026033E+015   0.00000000E+000   6.11345017E+014   5.47667250E+014   0.00000000E+000   0.00000000E+000   0.00000000E+000   8.96771235E+014   0.00000000E+000   7.94476829E+014   0.00000000E+000   0.00000000E+000
   0.00000000E+000
     410   2.85506764E+015   0.00000000E+000   6.12552809E+014   5.48122439E+014   0.00000000E+000   0.00000000E+000   0.00000000E+000   8.98561775E+014   0.00000000E+000   7.95830618E+014   0.00000000E+000   0.00000000E+000
   0.00000000E+000
     411   2.86053751E+015   0.00000000E+000   6.13411461E+014   5.49481338E+014   0.00000000E+000   0.00000000E+000   0.00000000E+000   9.00522961E+014   0.00000000E+000   7.97121753E+014   0.00000000E+000   0.00000000E+000
   0.00000000E+000
     412   2.86493912E+015   0.00000000E+000   6.12901468E+014   5.50538780E+014   0.00000000E+000   0.00000000E+000   0.00000000E+000   9.02654010E+014   0.00000000E+000   7.98844862E+014   0.00000000E+000   0.00000000E+000
   0.00000000E+000
     413   2.86780745E+015   0.00000000E+000   6.12184151E+014   5.51698124E+014   0.00000000E+000   0.00000000E+000   0.00000000E+000   9.04005891E+014   0.00000000E+000   7.99919284E+014   0.00000000E+000   0.00000000E+000
   0.00000000E+000
     414   2.87347833E+015   0.00000000E+000   6.13520837E+014   5.52652592E+014   0.00000000E+000   0.00000000E+000   0.00000000E+000   9.06083157E+014   0.00000000E+000   8.01221741E+014   0.00000000E+000   0.00000000E+000
   0.00000000E+000
     415   2.87690786E+015   0.00000000E+000   6.13331067E+014   5.52458166E+014   0.00000000E+000   0.00000000E+000   0.00000000E+000   9.07773027E+014   0.00000000E+000   8.03345603E+014   0.00000000E+000   0.00000000E+000
   0.00000000E+000
     416   2.88194079E+015   0.00000000E+000   6.15002058E+014   5.53612714E+014   0.00000000E+000   0.00000000E+000   0.00000000E+000   9.08872779E+014   0.00000000E+000   8.04453234E+014   0.00000000E+000   0.00000000E+000
   0.00000000E+000
     417   2.88745073E+015   0.00000000E+000   6.16232157E+014   5.54958106E+014   0.00000000E+000   0.00000000E+000   0.00000000E+000   9.10487305E+014   0.00000000E+000   8.05773166E+014   0.00000000E+000   0.00000000E+000
   0.00000000E+000
     418   2.89345530E+015   0.00000000E+000   6.17724141E+014   5.56215406E+014   0.00000000E+000   0.00000000E+000   0.00000000E+000   9.12181708E+014   0.00000000E+000   8.07334041E+014   0.00000000E+000   0.00000000E+000
   0.00000000E+000
     419   2.89909180E+015   0.00000000E+000   6.19222352E+014   5.57442247E+014   0.00000000E+000   0.00000000E+000   0.00000000E+000   9.13875977E+014   0.00000000E+000   8.08551226E+014   0.00000000E+000   0.00000000E+000
   0.00000000E+000
     420   2.90382289E+015   0.00000000E+000   6.20351795E+014   5.57970860E+014   0.00000000E+000   0.00000000E+000   0.00000000E+000   9.15717993E+014   0.00000000E+000   8.09782240E+014   0.00000000E+000   0.00000000E+000
   0.00000000E+000
     421   2.90889684E+015   0.00000000E+000   6.20803122E+014   5.58985850E+014   0.00000000E+000   0.00000000E+000   0.00000000E+000   9.17543631E+014   0.00000000E+000   8.11564233E+014   0.00000000E+000   0.00000000E+000
   0.00000000E+000
     422   2.91360470E+015   0.00000000E+000   6.20954906E+014   5.60342414E+014   0.00000000E+000   0.00000000E+000   0.00000000E+000   9.18937570E+014   0.00000000E+000   8.13369808E+014   0.00000000E+000   0.00000000E+000
   0.00000000E+000
     423   2.91692159E+015   0.00000000E+000   6.21480293E+014   5.60346038E+014   0.00000000E+000   0.00000000E+000   0.00000000E+000   9.20038414E+014   0.00000000E+000   8.15056841E+014   0.00000000E+000   0.00000000E+000
   0.00000000E+000
     424   2.91878265E+015   0.00000000E+000   6.22038468E+014   5.61029123E+014   0.00000000E+000   0.00000000E+000   0.00000000E+000   9.20732656E+014   0.00000000E+000   8.14982406E+014   0.00000000E+000   0.00000000E+000
   0.00000000E+000
     425   2.92322053E+015   0.00000000E+000   6.22931440E+014   5.61942674E+014   0.00000000E+000   0.00000000E+000   0.00000000E+000   9.22427741E+014   0.00000000E+000   8.15918680E+014   0.00000000E+000   0.00000000E+000
   0.00000000E+000
     426   2.92902593E+015   0.00000000E+000   6.24223459E+014   5.63129444E+014   0.00000000E+000   0.00000000E+000   0.00000000E+000   9.24174785E+014   0.00000000E+000   8.17498246E+014   0.00000000E+000   0.00000000E+000
   0.00000000E+000
     427   2.93351307E+015   0.00000000E+000   6.24637236E+014   5.64418340E+014   0.00000000E+000   0.00000000E+000   0.00000000E+000   9.25767760E+014   0.00000000E+000   8.18689738E+014   0.00000000E+000   0.00000000E+000
   0.00000000E+000
     428   2.93895359E+015   0.00000000E+000   6.25800970E+014   5.65564723E+014   0.00000000E+000   0.00000000E+000   0.00000000E+000   9.27365552E+014   0.00000000E+000   8.20222343E+014   0.00000000E+000   0.00000000E+000
   0.00000000E+000
     429   2.94298518E+015   0.00000000E+000   6.26777450E+014   5.66788763E+014   0.00000000E+000   0.00000000E+000   0.00000000E+000   9.28581974E+014   0.00000000E+000   8.20836988E+014   0.00000000E+000   0.00000000E+000
   0.00000000E+000
     430   2.94701670E+015   0.00000000E+000   6.27178103E+014   5.67799095E+014   0.00000000E+000   0.00000000E+000   0.00000000E+000   9.29709480E+014   0.00000000E+000   8.22330017E+014   0.00000000E+000   0.00000000E+000
   0.00000000E+000
     431   2.95068477E+015   0.00000000E+000   6.28585547E+014   5.68839481E+014   0.00000000E+000   0.00000000E+000   0.00000000E+000   9.30262809E+014   0.00000000E+000   8.22996929E+014   0.00000000E+000   0.00000000E+000
   0.00000000E+000
     432   2.95515221E+015   0.00000000E+000   6.28513842E+014   5.70068987E+014   0.00000000E+000   0.00000000E+000   0.00000000E+000   9.32060869E+014   0.00000000E+000   8.24508509E+014   0.00000000E+000   0.00000000E+000
   0.00000000E+000
     433   2.96017426E+015   0.00000000E+000   6.29277592E+014   5.71244121E+014   0.00000000E+000   0.00000000E+000   0.00000000E+000   9.33760843E+014   0.00000000E+000   8.25891707E+014   0.00000000E+000   0.00000000E+000
   0.00000000E+000
     434   2.96439798E+015   0.00000000E+000   6.30354864E+014   5.71721530E+014   0.00000000E+000   0.00000000E+000   0.00000000E+000   9.35786488E+014   0.00000000E+000   8.26535101E+014   0.00000000E+000   0.00000000E+000
   0.00000000E+000
     435   2.96967521E+015   0.00000000E+000   6.31456100E+014   5.72930478E+014   0.00000000E+000   0.00000000E+000   0.00000000E+000   9.37599247E+014   0.00000000E+000   8.27689385E+014   0.00000000E+000   0.00000000E+000
   0.00000000E+000
     436   2.97361536E+015   0.00000000E+000   6.31766583E+014   5.74387520E+014   0.00000000E+000   0.00000000E+000   0.00000000E+000   9.39609991E+014   0.00000000E+000   8.27851261E+014   0.00000000E+000   0.00000000E+000
   0.00000000E+000
     437   2.97606662E+015   0.00000000E+000   6.30825624E+014   5.75347717E+014   0.00000000E+000   0.00000000E+000   0.00000000E+000   9.41099470E+014   0.00000000E+000   8.28793807E+014   0.00000000E+000   0.00000000E+000
   0.00000000E+000
     438   2.98056735E+015   0.00000000E+000   6.31108114E+014   5.76373142E+014   0.00000000E+000   0.00000000E+000   0.00000000E+000   9.42725602E+014   0.00000000E+000   8.30360491E+014   0.00000000E+000   0.00000000E+000
   0.00000000E+000
     439   2.98604525E+015   0.00000000E+000   6.32208621E+014   5.77700945E+014   0.00000000E+000   0.00000000E+000   0.00000000E+000   9.44110124E+014   0.00000000E+000   8.32025558E+014   0.00000000E+000   0.00000000E+000
   0.00000000E+000
     440   2.99133920E+015   0.00000000E+000   6.33057861E+014   5.78749261E+014   0.00000000E+000   0.00000000E+000   0.00000000E+000   9.45905220E+014   0.00000000E+000   8.33626853E+014   0.00000000E+000   0.00000000E+000
   0.00000000E+000
     441   2.99312379E+015   0.00000000E+000   6.33218715E+014   5.78867451E+014   0.00000000E+000   0.00000000E+000   0.00000000E+000   9.46670150E+014   0.00000000E+000   8.34367476E+014   0.00000000E+000   0.00000000E+000
   0.00000000E+000
     442   2.99589609E+015   0.00000000E+000   6.34370269E+014   5.78696246E+014   0.00000000E+000   0.00000000E+000   0.00000000E+000   9.48335277E+014   0.00000000E+000   8.34494295E+014   0.00000000E+000   0.00000000E+000
   0.00000000E+000
     443   2.99900344E+015   0.00000000E+000   6.33799393E+014   5.79825070E+014   0.00000000E+000   0.00000000E+000   0.00000000E+000   9.49829703E+014   0.00000000E+000   8.35549273E+014   0.00000000E+000   0.00000000E+000
   0.00000000E+000
     444   3.00428551E+015   0.00000000E+000   6.34993117E+014   5.80872105E+014   0.00000000E+000   0.00000000E+000   0.00000000E+000   9.51351454E+014   0.00000000E+000   8.37068837E+014   0.00000000E+000   0.00000000E+000
   0.00000000E+000
     445   3.00959683E+015   0.00000000E+000   6.36357625E+014   5.81792170E+014   0.00000000E+000   0.00000000E+000   0.00000000E+000   9.52858047E+014   0.00000000E+000   8.38588986E+014   0.00000000E+000   0.00000000E+000
   0.00000000E+000
     446   3.01497402E+015   0.00000000E+000   6.37907791E+014   5.82543586E+014   0.00000000E+000   0.00000000E+000   0.00000000E+000   9.54696135E+014   0.00000000E+000   8.39826509E+014   0.00000000E+000   0.00000000E+000
   0.00000000E+000
     447   3.02149644E+015   0.00000000E+000   6.39375645E+014   5.84069808E+014   0.00000000E+000   0.00000000E+000   0.00000000E+000   9.56768954E+014   0.00000000E+000   8.41282033E+014   0.00000000E+000   0.00000000E+000
   0.00000000E+000
     448   3.02487103E+015   0.00000000E+000   6.39817067E+014   5.83978416E+014   0.00000000E+000   0.00000000E+000   0.00000000E+000   9.58533681E+014   0.00000000E+000   8.42541865E+014   0.00000000E+000   0.00000000E+000
   0.00000000E+000
     449   3.03084779E+015   0.00000000E+000   6.41248314E+014   5.85169778E+014   0.00000000E+000   0.00000000E+000   0.00000000E+000   9.60477398E+014   0.00000000E+000   8.43952299E+014   0.00000000E+000   0.00000000E+000
   0.00000000E+000
     450   3.03611187E+015   0.00000000E+000   6.42358189E+014   5.86358352E+014   0.00000000E+000   0.00000000E+000   0.00000000E+000   9.61935786E+014   0.00000000E+000   8.45459548E+014   0.00000000E+000   0.00000000E+000
   0.00000000E+000
     451   3.04112166E+015   0.00000000E+000   6.43629835E+014   5.87195061E+014   0.00000000E+000   0.00000000E+000   0.00000000E+000   9.63212514E+014   0.00000000E+000   8.47084250E+014   0.00000000E+000   0.00000000E+000
   0.00000000E+000
     452   3.04476430E+015   0.00000000E+000   6.44171019E+014   5.88206092E+014   0.00000000E+000   0.00000000E+000   0.00000000E+000   9.64755844E+014   0.00000000E+000   8.47631350E+014   0.00000000E+000   0.00000000E+000
   0.00000000E+000
     453   3.04787110E+015   0.00000000E+000   6.45381199E+014   5.88071603E+014   0.00000000E+000   0.00000000E+000   0.00000000E+000   9.66107107E+014   0.00000000E+000   8.48311196E+014   0.00000000E+000   0.00000000E+000
   0.00000000E+000
     454   3.05194744E+015   0.00000000E+000   6.46602818E+014   5.88730739E+014   0.00000000E+000   0.00000000E+000   0.00000000E+000   9.66922490E+014   0.00000000E+000   8.49691393E+014   0.00000000E+000   0.00000000E+000
   0.00000000E+000
     455   3.05724685E+015   0.00000000E+000   6.48046757E+014   5.89577572E+014   0.00000000E+000   0.00000000E+000   0.00000000E+000   9.67988067E+014   0.00000000E+000   8.51634456E+014   0.00000000E+000   0.00000000E+000
   0.00000000E+000
     456   3.06034655E+015   0.00000000E+000   6.48225717E+014   5.90123050E+014   0.00000000E+000   0.00000000E+000   0.00000000E+000   9.68908337E+014   0.00000000E+000   8.53089442E+014   0.00000000E+000   0.00000000E+000
   0.00000000E+000
     457   3.06533325E+015   0.00000000E+000   6.49058231E+014   5.90818981E+014   0.00000000E+000   0.00000000E+000   0.00000000E+000   9.70638679E+014   0.00000000E+000   8.54817359E+014   0.00000000E+000   0.00000000E+000
   0.00000000E+000
     458   3.06817273E+015   0.00000000E+000   6.49189879E+014   5.91156075E+014   0.00000000E+000   0.00000000E+000   0.00000000E+000   9.71575352E+014   0.00000000E+000   8.56251427E+014   0.00000000E+000   0.00000000E+000
   0.00000000E+000
     459   3.07264589E+015   0.00000000E+000   6.49296953E+014   5.92097746E+014   0.00000000E+000   0.00000000E+000   0.00000000E+000   9.73434762E+014   0.00000000E+000   8.57816426E+014   0.00000000E+000   0.00000000E+000
   0.00000000E+000
     460   3.07786979E+015   0.00000000E+000   6.50840145E+014   5.93015470E+014   0.00000000E+000   0.00000000E+000   0.00000000E+000   9.74964318E+014   0.00000000E+000   8.59049856E+014   0.00000000E+000   0.00000000E+000
   0.00000000E+000
     461   3.08400557E+015   0.00000000E+000   6.52075400E+014   5.94253415E+014   0.00000000E+000   0.00000000E+000   0.00000000E+000   9.77202998E+014   0.00000000E+000   8.60473756E+014   0.00000000E+000   0.00000000E+000
   0.00000000E+000
     462   3.08857256E+015   0.00000000E+000   6.52620769E+014   5.95185237E+014   0.00000000E+000   0.00000000E+000   0.00000000E+000   9.78811122E+014   0.00000000E+000   8.61955431E+014   0.00000000E+000   0.00000000E+000
   0.00000000E+000
     463   3.09397320E+015   0.00000000E+000   6.53864008E+014   5.95642245E+014   0.00000000E+000   0.00000000E+000   0.00000000E+000   9.80741292E+014   0.00000000E+000   8.63725653E+014   0.00000000E+000   0.00000000E+000
   0.00000000E+000
     464   3.09768396E+015   0.00000000E+000   6.54701292E+014   5.96643740E+014   0.00000000E+000   0.00000000E+000   0.00000000E+000   9.82337060E+014   0.00000000E+000   8.64001866E+014   0.00000000E+000   0.00000000E+000
   0.00000000E+000
     465   3.10270243E+015   0.00000000E+000   6.55856153E+014   5.97352158E+014   0.00000000E+000   0.00000000E+000   0.00000000E+000   9.84039524E+014   0.00000000E+000   8.65454591E+014   0.00000000E+000   0.00000000E+000
   0.00000000E+000
     466   3.10652174E+015   0.00000000E+000   6.56572090E+014   5.98301117E+014   0.00000000E+000   0.00000000E+000   0.00000000E+000   9.85097501E+014   0.00000000E+000   8.66551029E+014   0.00000000E+000   0.00000000E+000
   0.00000000E+000
     467   3.11135300E+015   0.00000000E+000   6.57282876E+014   5.99322914E+014   0.00000000E+000   0.00000000E+000   0.00000000E+000   9.86168274E+014   0.00000000E+000   8.68578933E+014   0.00000000E+000   0.00000000E+000
   0.00000000E+000
     468   3.11692184E+015   0.00000000E+000   6.58433215E+014   6.00719092E+014   0.00000000E+000   0.00000000E+000   0.00000000E+000   9.87913874E+014   0.00000000E+000   8.69855660E+014   0.00000000E+000   0.00000000E+000
   0.00000000E+000
     469   3.12285929E+015   0.00000000E+000   6.59514673E+014   6.01953661E+014   0.00000000E+000   0.00000000E+000   0.00000000E+000   9.90001942E+014   0.00000000E+000   8.71389012E+014   0.00000000E+000   0.00000000E+000
   0.00000000E+000
     470   3.12916626E+015   0.00000000E+000   6.61022023E+014   6.03344911E+014   0.00000000E+000   0.00000000E+000   0.00000000E+000   9.92071668E+014   0.00000000E+000   8.72727658E+014   0.00000000E+000   0.00000000E+000
   0.00000000E+000
     471   3.13390665E+015   0.00000000E+000   6.62256009E+014   6.03812142E+014   0.00000000E+000   0.00000000E+000   0.00000000E+000   9.93445988E+014   0.00000000E+000   8.74392509E+014   0.00000000E+000   0.00000000E+000
   0.00000000E+000
     472   3.13870128E+015   0.00000000E+000   6.62498553E+014   6.04754294E+014   0.00000000E+000   0.00000000E+000   0.00000000E+000   9.95446891E+014   0.00000000E+000   8.76001543E+014   0.00000000E+000   0.00000000E+000
   0.00000000E+000
     473   3.14490049E+015   0.00000000E+000   6.63865045E+014   6.05485075E+014   0.00000000E+000   0.00000000E+000   0.00000000E+000   9.98225262E+014   0.00000000E+000   8.77325103E+014   0.00000000E+000   0.00000000E+000
   0.00000000E+000
     474   3.15087437E+015   0.00000000E+000   6.64943164E+014   6.06667648E+014   0.00000000E+000   0.00000000E+000   0.00000000E+000   1.00022074E+015   0.00000000E+000   8.79042812E+014   0.00000000E+000   0.00000000E+000
   0.00000000E+000
     475   3.15566815E+015   0.00000000E+000   6.66006778E+014   6.07826362E+014   0.00000000E+000   0.00000000E+000   0.00000000E+000   1.00174293E+015   0.00000000E+000   8.80092083E+014   0.00000000E+000   0.00000000E+000
   0.00000000E+000
     476   3.15991064E+015   0.00000000E+000   6.66557409E+014   6.08502503E+014   0.00000000E+000   0.00000000E+000   0.00000000E+000   1.00375056E+015   0.00000000E+000   8.81100167E+014   0.00000000E+000   0.00000000E+000
   0.00000000E+000
     477   3.16419614E+015   0.00000000E+000   6.67703882E+014   6.09573726E+014   0.00000000E+000   0.00000000E+000   0.00000000E+000   1.00537333E+015   0.00000000E+000   8.81545206E+014   0.00000000E+000   0.00000000E+000
   0.00000000E+000
     478   3.16937411E+015   0.00000000E+000   6.68629276E+014   6.10712289E+014   0.00000000E+000   0.00000000E+000   0.00000000E+000   1.00688528E+015   0.00000000E+000   8.83147258E+014   0.00000000E+000   0.00000000E+000
   0.00000000E+000
     479   3.17415549E+015   0.00000000E+000   6.69989901E+014   6.11986823E+014   0.00000000E+000   0.00000000E+000   0.00000000E+000   1.00741236E+015   0.00000000E+000   8.84766411E+014   0.00000000E+000   0.00000000E+000
   0.00000000E+000
     480   3.17872611E+015   0.00000000E+000   6.70497829E+014   6.13166805E+014   0.00000000E+000   0.00000000E+000   0.00000000E+000   1.00869835E+015   0.00000000E+000   8.86363126E+014   0.00000000E+000   0.00000000E+000
   0.00000000E+000
     481   3.18378759E+015   0.00000000E+000   6.71696207E+014   6.13822081E+014   0.00000000E+000   0.00000000E+000   0.00000000E+000   1.01034277E+015   0.00000000E+000   8.87926528E+014   0.00000000E+000   0.00000000E+000
   0.00000000E+000
     482   3.18918414E+015   0.00000000E+000   6.72839727E+014   6.15350910E+014   0.00000000E+000   0.00000000E+000   0.00000000E+000   1.01119959E+015   0.00000000E+000   8.89793916E+014   0.00000000E+000   0.00000000E+000
   0.00000000E+000
     483   3.19281706E+015   0.00000000E+000   6.73121361E+014   6.16684236E+014   0.00000000E+000   0.00000000E+000   0.00000000E+000   1.01278273E+015   0.00000000E+000   8.90228737E+014   0.00000000E+000   0.00000000E+000
   0.00000000E+000
     484   3.19788951E+015   0.00000000E+000   6.74666240E+014   6.17423090E+014   0.00000000E+000   0.00000000E+000   0.00000000E+000   1.01421835E+015   0.00000000E+000   8.91581834E+014   0.00000000E+000   0.00000000E+000
   0.00000000E+000
     485   3.20171250E+015   0.00000000E+000   6.75442641E+014   6.18081524E+014   0.00000000E+000   0.00000000E+000   0.00000000E+000   1.01514251E+015   0.00000000E+000   8.93045823E+014   0.00000000E+000   0.00000000E+000
   0.00000000E+000
     486   3.20657541E+015   0.00000000E+000   6.76387266E+014   6.18992804E+014   0.00000000E+000   0.00000000E+000   0.00000000E+000   1.01619006E+015   0.00000000E+000   8.95005277E+014   0.00000000E+000   0.00000000E+000
   0.00000000E+000
     487   3.21203337E+015   0.00000000E+000   6.77468127E+014   6.20481439E+014   0.00000000E+000   0.00000000E+000   0.00000000E+000   1.01713151E+015   0.00000000E+000   8.96952296E+014   0.00000000E+000   0.00000000E+000
   0.00000000E+000
     488   3.21632804E+015   0.00000000E+000   6.77663440E+014   6.21275434E+014   0.00000000E+000   0.00000000E+000   0.00000000E+000   1.01879130E+015   0.00000000E+000   8.98597866E+014   0.00000000E+000   0.00000000E+000
   0.00000000E+000
     489   3.22020041E+015   0.00000000E+000   6.77316672E+014   6.22516353E+014   0.00000000E+000   0.00000000E+000   0.00000000E+000   1.02025987E+015   0.00000000E+000   9.00107517E+014   0.00000000E+000   0.00000000E+000
   0.00000000E+000
     490   3.22502915E+015   0.00000000E+000   6.78758810E+014   6.23404948E+014   0.00000000E+000   0.00000000E+000   0.00000000E+000   1.02159578E+015   0.00000000E+000   9.01269608E+014   0.00000000E+000   0.00000000E+000
   0.00000000E+000
     491   3.23021275E+015   0.00000000E+000   6.79398621E+014   6.24488360E+014   0.00000000E+000   0.00000000E+000   0.00000000E+000   1.02353245E+015   0.00000000E+000   9.02793321E+014   0.00000000E+000   0.00000000E+000
   0.00000000E+000
     492   3.23537361E+015   0.00000000E+000   6.79946906E+014   6.25622054E+014   0.00000000E+000   0.00000000E+000   0.00000000E+000   1.02570035E+015   0.00000000E+000   9.04104309E+014   0.00000000E+000   0.00000000E+000
   0.00000000E+000
     493   3.24009919E+015   0.00000000E+000   6.80944654E+014   6.26645379E+014   0.00000000E+000   0.00000000E+000   0.00000000E+000   1.02690856E+015   0.00000000E+000   9.05600602E+014   0.00000000E+000   0.00000000E+000
   0.00000000E+000
     494   3.24557427E+015   0.00000000E+000   6.81833596E+014   6.27976769E+014   0.00000000E+000   0.00000000E+000   0.00000000E+000   1.02874319E+015   0.00000000E+000   9.07020716E+014   0.00000000E+000   0.00000000E+000
   0.00000000E+000
     495   3.25109758E+015   0.00000000E+000   6.82687868E+014   6.29474354E+014   0.00000000E+000   0.00000000E+000   0.00000000E+000   1.03046495E+015   0.00000000E+000   9.08470413E+014   0.00000000E+000   0.00000000E+000
   0.00000000E+000
     496   3.25708229E+015   0.00000000E+000   6.83501036E+014   6.31001661E+014   0.00000000E+000   0.00000000E+000   0.00000000E+000   1.03293782E+015   0.00000000E+000   9.09641764E+014   0.00000000E+000   0.00000000E+000
   0.00000000E+000
     497   3.26238447E+015   0.00000000E+000   6.84976223E+014   6.31763615E+014   0.00000000E+000   0.00000000E+000   0.00000000E+000   1.03496295E+015   0.00000000E+000   9.10681676E+014   0.00000000E+000   0.00000000E+000
   0.00000000E+000
     498   3.26538962E+015   0.00000000E+000   6.84886804E+014   6.32735974E+014   0.00000000E+000   0.00000000E+000   0.00000000E+000   1.03565104E+015   0.00000000E+000   9.12115796E+014   0.00000000E+000   0.00000000E+000
   0.00000000E+000
     499   3.27082222E+015   0.00000000E+000   6.86281781E+014   6.33911981E+014   0.00000000E+000   0.00000000E+000   0.00000000E+000   1.03689444E+015   0.00000000E+000   9.13734020E+014   0.00000000E+000   0.00000000E+000
   0.00000000E+000
     500   3.27605088E+015   0.00000000E+000   6.87734845E+014   6.34729458E+014   0.00000000E+000   0.00000000E+000   0.00000000E+000   1.03838404E+015   0.00000000E+000   9.15202536E+014   0.00000000E+000   0.00000000E+000
   0.00000000E+000
