    iLoop            EVM               SVM               E11               E22               E33               E12               E13               E23               S11               S22               S33               S12               S13               S23              EpVM              dEVM             dEpVM             TotDens         TotJunctDens         DTIME           DTIMETOT
         1     1.19999997E+001   7.18850031E+003  -9.79324043E-022   2.92169958E-021  -1.19999997E+001  -2.98138655E-021  -3.76459088E-020  -3.76459088E-020  -6.98629672E+003  -6.98628915E+003  -1.41660935E+004  -2.04124534E+002   6.75484215E-005   6.41801997E-003   4.35879458E-004   1.19996225E+001   0.00000000E+000   7.67615354E+014   0.00000000E+000   1.00000000E-014   1.00000000E-014
         2     1.19999997E+001   7.18828378E+003  -1.19541241E-020  -3.80740035E-022  -1.19999997E+001   5.83433391E-021  -3.76459088E-020   0.00000000E+000  -6.98637088E+003  -6.98636324E+003  -1.41659453E+004  -2.04189985E+002   4.43479435E-003   1.07766619E-002   8.77920941E-004   1.19992400E+001   0.00000000E+000   7.73026912E+014   0.00000000E+000   1.00000000E-014   2.00000000E-014
         3     1.19999997E+001   7.18806409E+003  -6.56216489E-021  -2.44499726E-020  -1.19999997E+001  -3.30031018E-021   3.76459088E-020  -3.76459088E-020  -6.98644612E+003  -6.98643841E+003  -1.41657948E+004  -2.04256394E+002   8.86604672E-003   1.51993044E-002   1.32643143E-003   1.19988519E+001   0.00000000E+000   7.78441613E+014   0.00000000E+000   1.00000000E-014   3.00000000E-014
         4     1.19999997E+001   7.18784278E+003   9.65367165E-021  -1.99699674E-020  -1.19999997E+001   3.27443610E-021   3.76459088E-020   0.00000000E+000  -6.98652192E+003  -6.98651414E+003  -1.41656433E+004  -2.04323290E+002   1.33297856E-002   1.96544429E-002   1.77823251E-003   1.19984610E+001   0.00000000E+000   7.83858068E+014   0.00000000E+000   1.00000000E-014   4.00000000E-014
         5     1.19999997E+001   7.18761987E+003   7.49470871E-022  -3.89166578E-020  -1.19999997E+001   4.48452882E-021  -3.76459088E-020   0.00000000E+000  -6.98659826E+003  -6.98659042E+003  -1.41654907E+004  -2.04390673E+002   1.78259988E-002   2.41420449E-002   2.23332308E-003   1.19980672E+001   0.00000000E+000   7.89276217E+014   0.00000000E+000   1.00000000E-014   5.00000000E-014
         6     1.19999997E+001   7.18739536E+003   1.21165378E-020   1.76022167E-020  -1.19999997E+001  -6.12128912E-021   0.00000000E+000   0.00000000E+000  -6.98667516E+003  -6.98666725E+003  -1.41653370E+004  -2.04458543E+002   2.23546416E-002   2.86620773E-002   2.69169702E-003   1.19976705E+001   0.00000000E+000   7.94695969E+014   0.00000000E+000   1.00000000E-014   6.00000000E-014
         7     1.19999997E+001   7.18716923E+003  -5.61111363E-022  -1.35158225E-021  -1.19999997E+001   2.92141236E-021  -3.76459088E-020   0.00000000E+000  -6.98675261E+003  -6.98674463E+003  -1.41651821E+004  -2.04526897E+002   2.69156606E-002   3.32144825E-002   3.15334885E-003   1.19972711E+001   0.00000000E+000   8.00117225E+014   0.00000000E+000   1.00000000E-014   7.00000000E-014
         8     1.19999997E+001   7.18694151E+003   3.56947821E-021   2.00121701E-020  -1.19999997E+001   3.96079137E-022   0.00000000E+000   3.76459088E-020  -6.98683060E+003  -6.98682255E+003  -1.41650262E+004  -2.04595737E+002   3.15090620E-002   3.77992638E-002   3.61827657E-003   1.19968688E+001   0.00000000E+000   8.05539928E+014   0.00000000E+000   1.00000000E-014   8.00000000E-014
         9     1.19999997E+001   7.18671219E+003  -2.45251512E-021  -2.57513291E-020  -1.19999997E+001  -3.99150547E-021   7.52918175E-020  -3.76459088E-020  -6.98690915E+003  -6.98690103E+003  -1.41648692E+004  -2.04665062E+002   3.61348744E-002   4.24164217E-002   4.08648178E-003   1.19964636E+001   0.00000000E+000   8.10964068E+014   0.00000000E+000   1.00000000E-014   9.00000000E-014
        10     1.19999997E+001   7.18648126E+003   1.29775806E-020   1.27869413E-020  -1.19999997E+001  -7.38910317E-021   3.76459088E-020   3.76459088E-020  -6.98698825E+003  -6.98698005E+003  -1.41647111E+004  -2.04734873E+002   4.07931383E-002   4.70659636E-002   4.55796639E-003   1.19960557E+001   0.00000000E+000   8.16389641E+014   0.00000000E+000   1.00000000E-014   1.00000000E-013
        11     1.19999997E+001   7.18624872E+003   3.96895906E-022  -5.21285345E-021  -1.19999997E+001  -1.39078716E-021   0.00000000E+000  -3.76459088E-020  -6.98706790E+003  -6.98705963E+003  -1.41645518E+004  -2.04805169E+002   4.54838881E-002   5.17478933E-002   5.03273150E-003   1.19956449E+001   0.00000000E+000   8.21816636E+014   0.00000000E+000   1.00000000E-014   1.10000000E-013
        12     1.19999997E+001   7.18601458E+003  -7.66992811E-021  -2.59399029E-020  -1.19999997E+001  -5.27675889E-021  -3.76459088E-020   0.00000000E+000  -6.98714810E+003  -6.98713975E+003  -1.41643915E+004  -2.04875952E+002   5.02071704E-002   5.64622208E-002   5.51078391E-003   1.19952313E+001   0.00000000E+000   8.27245103E+014   0.00000000E+000   1.00000000E-014   1.20000000E-013
        13     1.19999997E+001   7.18577883E+003  -4.01249913E-021   6.22225434E-021  -1.19999997E+001  -2.81913672E-021   3.76459088E-020   0.00000000E+000  -6.98722885E+003  -6.98722043E+003  -1.41642301E+004  -2.04947221E+002   5.49629780E-002   6.12089650E-002   5.99212094E-003   1.19948148E+001   0.00000000E+000   8.32674984E+014   0.00000000E+000   1.00000000E-014   1.30000000E-013
        14     1.19999997E+001   7.18554148E+003   5.87133086E-021  -2.26551450E-020  -1.19999997E+001   6.57680391E-021   3.76459088E-020   7.52918175E-020  -6.98731015E+003  -6.98730165E+003  -1.41640676E+004  -2.05018977E+002   5.97513421E-002   6.59881126E-002   6.47674318E-003   1.19943955E+001   0.00000000E+000   8.38106259E+014   0.00000000E+000   1.00000000E-014   1.40000000E-013
        15     1.19999997E+001   7.18530252E+003   1.00054882E-020   2.17714727E-020  -1.19999997E+001   7.50817643E-021   3.76459088E-020  -3.76459088E-020  -6.98739201E+003  -6.98738343E+003  -1.41639039E+004  -2.05091219E+002   6.45722603E-002   7.07996692E-002   6.96465109E-003   1.19939733E+001   0.00000000E+000   8.43538913E+014   0.00000000E+000   1.00000000E-014   1.50000000E-013
        16     1.19999997E+001   7.18506195E+003   6.03420897E-021  -1.84108720E-021  -1.19999997E+001   1.94866735E-021   0.00000000E+000   3.76459088E-020  -6.98747441E+003  -6.98746575E+003  -1.41637392E+004  -2.05163948E+002   6.94257566E-002   7.56436306E-002   7.45584501E-003   1.19935483E+001   0.00000000E+000   8.48972917E+014   0.00000000E+000   1.00000000E-014   1.60000000E-013
        17     1.19999997E+001   7.18481978E+003   3.64961134E-022   1.13400423E-020  -1.19999997E+001   5.24255557E-021   0.00000000E+000   0.00000000E+000  -6.98755737E+003  -6.98754863E+003  -1.41635734E+004  -2.05237163E+002   7.43118400E-002   8.05200000E-002   7.95032311E-003   1.19931205E+001   0.00000000E+000   8.54408226E+014   0.00000000E+000   1.00000000E-014   1.70000000E-013
        18     1.19999997E+001   7.18457600E+003   9.86481992E-021   2.15417272E-020  -1.19999997E+001  -2.98648462E-021  -7.52918175E-020  -1.12937726E-019  -6.98764088E+003  -6.98763205E+003  -1.41634064E+004  -2.05310865E+002   7.92305256E-002   8.54287680E-002   8.44808529E-003   1.19926899E+001   0.00000000E+000   8.59844823E+014   0.00000000E+000   1.00000000E-014   1.80000000E-013
        19     1.19999997E+001   7.18433061E+003   7.35280182E-021  -2.85562027E-020  -1.19999997E+001  -6.19556125E-021  -7.52918175E-020  -3.76459088E-020  -6.98772494E+003  -6.98771603E+003  -1.41632384E+004  -2.05385052E+002   8.41818318E-002   9.03699436E-002   8.94913206E-003   1.19922564E+001   0.00000000E+000   8.65282690E+014   0.00000000E+000   1.00000000E-014   1.90000000E-013
        20     1.19999997E+001   7.18408362E+003   1.28354000E-020  -1.19197660E-020  -1.19999997E+001   2.92962493E-021  -7.52918175E-020   0.00000000E+000  -6.98780956E+003  -6.98780056E+003  -1.41630693E+004  -2.05459726E+002   8.91657733E-002   9.53435288E-002   9.45346384E-003   1.19918201E+001   0.00000000E+000   8.70721811E+014   0.00000000E+000   1.00000000E-014   2.00000000E-013
        21     1.19999997E+001   7.18383503E+003   9.96819954E-021   2.42674202E-020  -1.19999997E+001   1.16334351E-020  -3.76459088E-020   0.00000000E+000  -6.98789472E+003  -6.98788563E+003  -1.41628990E+004  -2.05534886E+002   9.41823108E-002   1.00349466E-001   9.96107488E-003   1.19913809E+001   0.00000000E+000   8.76162109E+014   0.00000000E+000   1.00000000E-014   2.10000000E-013
        22     1.19999997E+001   7.18358483E+003  -1.22439605E-020   1.62099756E-020  -1.19999997E+001   5.50759039E-021   3.76459088E-020  -7.52918175E-020  -6.98798044E+003  -6.98797125E+003  -1.41627277E+004  -2.05610531E+002   9.92314183E-002   1.05387717E-001   1.04719615E-002   1.19909389E+001   0.00000000E+000   8.81603530E+014   0.00000000E+000   1.00000000E-014   2.20000000E-013
        23     1.19999997E+001   7.18333304E+003  -6.09702838E-021  -1.96327944E-020  -1.19999997E+001  -1.42178848E-021  -1.12937726E-019  -7.52918175E-020  -6.98806670E+003  -6.98805742E+003  -1.41625552E+004  -2.05686660E+002   1.04313121E-001   1.10458265E-001   1.09861225E-002   1.19904941E+001   0.00000000E+000   8.87046041E+014   0.00000000E+000   1.00000000E-014   2.30000000E-013
        24     1.19999997E+001   7.18307964E+003   2.34189677E-021   1.47531647E-020  -1.19999997E+001  -9.89134247E-021  -3.76459088E-020   3.76459088E-020  -6.98815351E+003  -6.98814414E+003  -1.41623817E+004  -2.05763274E+002   1.09427416E-001   1.15561108E-001   1.15035582E-002   1.19900464E+001   0.00000000E+000   8.92489625E+014   0.00000000E+000   1.00000000E-014   2.40000000E-013
        25     1.19999997E+001   7.18282464E+003  -6.09918250E-021   2.72122316E-020  -1.19999997E+001   4.42839614E-021   0.00000000E+000  -1.12937726E-019  -6.98824088E+003  -6.98823141E+003  -1.41622071E+004  -2.05840374E+002   1.14574319E-001   1.20696263E-001   1.20242697E-002   1.19895960E+001   0.00000000E+000   8.97934274E+014   0.00000000E+000   1.00000000E-014   2.50000000E-013
        26     1.19999997E+001   7.18256805E+003  -6.70023477E-021   3.01092666E-020  -1.19999997E+001  -8.53733236E-021   7.52918175E-020   3.76459088E-020  -6.98832879E+003  -6.98831923E+003  -1.41620314E+004  -2.05917958E+002   1.19753869E-001   1.25863720E-001   1.25482589E-002   1.19891427E+001   0.00000000E+000   9.03379988E+014   0.00000000E+000   1.00000000E-014   2.60000000E-013
        27     1.19999997E+001   7.18230984E+003  -3.87238285E-021  -1.47194079E-020  -1.19999997E+001   3.89975808E-021   3.76459088E-020   7.52918175E-020  -6.98841726E+003  -6.98840760E+003  -1.41618545E+004  -2.05996029E+002   1.24966090E-001   1.31063498E-001   1.30755288E-002   1.19886865E+001   0.00000000E+000   9.08826781E+014   0.00000000E+000   1.00000000E-014   2.70000000E-013
        28     1.19999997E+001   7.18205003E+003  -3.24409896E-021  -1.37636535E-020  -1.19999997E+001   1.47042663E-021  -3.76459088E-020   0.00000000E+000  -6.98850627E+003  -6.98849651E+003  -1.41616766E+004  -2.06074585E+002   1.30210944E-001   1.36295571E-001   1.36060809E-002   1.19882276E+001   0.00000000E+000   9.14274643E+014   0.00000000E+000   1.00000000E-014   2.80000000E-013
        29     1.19999997E+001   7.18178862E+003   8.30008339E-021  -2.51870752E-020  -1.19999997E+001   1.91250063E-021  -3.76459088E-020   3.76459088E-020  -6.98859584E+003  -6.98858598E+003  -1.41614976E+004  -2.06153628E+002   1.35488418E-001   1.41559921E-001   1.41399166E-002   1.19877658E+001   0.00000000E+000   9.19723574E+014   0.00000000E+000   1.00000000E-014   2.90000000E-013
        30     1.19999997E+001   7.18152561E+003   2.76001521E-021   4.61422456E-021  -1.19999997E+001   1.39112464E-020  -7.52918175E-020   1.12937726E-019  -6.98868595E+003  -6.98867600E+003  -1.41613174E+004  -2.06233156E+002   1.40798535E-001   1.46856548E-001   1.46770355E-002   1.19873011E+001   0.00000000E+000   9.25173558E+014   0.00000000E+000   1.00000000E-014   3.00000000E-013
        31     1.19999997E+001   7.18126098E+003  -1.86821201E-020  -5.56433340E-021  -1.19999997E+001  -1.12637299E-020   3.76459088E-020   1.12937726E-019  -6.98877662E+003  -6.98876657E+003  -1.41611362E+004  -2.06313171E+002   1.46141301E-001   1.52185457E-001   1.52174378E-002   1.19868336E+001   0.00000000E+000   9.30624575E+014   0.00000000E+000   1.00000000E-014   3.10000000E-013
        32     1.19999997E+001   7.18099476E+003   7.13730943E-021   3.73906460E-020  -1.19999997E+001   5.13020719E-021  -7.52918175E-020   3.76459088E-020  -6.98886784E+003  -6.98885769E+003  -1.41609538E+004  -2.06393672E+002   1.51516727E-001   1.57546641E-001   1.57611248E-002   1.19863633E+001   0.00000000E+000   9.36076618E+014   0.00000000E+000   1.00000000E-014   3.20000000E-013
        33     1.19999997E+001   7.18072693E+003   8.91377762E-022   1.68143847E-020  -1.19999997E+001   4.81759108E-021   3.76459088E-020   7.52918175E-020  -6.98895961E+003  -6.98894936E+003  -1.41607704E+004  -2.06474660E+002   1.56924835E-001   1.62940108E-001   1.63080989E-002   1.19858902E+001   0.00000000E+000   9.41529690E+014   0.00000000E+000   1.00000000E-014   3.30000000E-013
        34     1.19999997E+001   7.18045748E+003   4.78211099E-021  -2.35585275E-020  -1.19999997E+001  -9.20471794E-022  -3.76459088E-020  -3.76459088E-020  -6.98905193E+003  -6.98904158E+003  -1.41605859E+004  -2.06556137E+002   1.62365772E-001   1.68365799E-001   1.68583711E-002   1.19854142E+001   0.00000000E+000   9.46983850E+014   0.00000000E+000   1.00000000E-014   3.40000000E-013
        35     1.19999997E+001   7.18018641E+003   1.31506369E-020  -2.27954677E-020  -1.19999997E+001  -3.04329944E-021  -3.76459088E-020   3.76459088E-020  -6.98914481E+003  -6.98913436E+003  -1.41604002E+004  -2.06638105E+002   1.67839948E-001   1.73823547E-001   1.74119707E-002   1.19849353E+001   0.00000000E+000   9.52439304E+014   0.00000000E+000   1.00000000E-014   3.50000000E-013
        36     1.19999997E+001   7.17991370E+003  -1.54102599E-020  -3.47631269E-021  -1.19999997E+001  -9.90091034E-021   3.76459088E-020   3.76459088E-020  -6.98923826E+003  -6.98922770E+003  -1.41602134E+004  -2.06720571E+002   1.73347689E-001   1.79313214E-001   1.79689247E-002   1.19844536E+001   0.00000000E+000   9.57896274E+014   0.00000000E+000   1.00000000E-014   3.60000000E-013
        37     1.19999997E+001   7.17963934E+003   1.41641166E-020  -2.27252076E-021  -1.19999997E+001   2.76222318E-021   0.00000000E+000   3.76459088E-020  -6.98933227E+003  -6.98932160E+003  -1.41600255E+004  -2.06803536E+002   1.78889216E-001   1.84834702E-001   1.85292520E-002   1.19839689E+001   0.00000000E+000   9.63354931E+014   0.00000000E+000   1.00000000E-014   3.70000000E-013
        38     1.19999997E+001   7.17936333E+003  -2.38403397E-020  -2.57010832E-020  -1.19999997E+001   8.24492455E-021   1.88229544E-019  -3.76459088E-020  -6.98942685E+003  -6.98941607E+003  -1.41598364E+004  -2.06887002E+002   1.84464601E-001   1.90387950E-001   1.90929591E-002   1.19834813E+001   0.00000000E+000   9.68815333E+014   0.00000000E+000   1.00000000E-014   3.80000000E-013
        39     1.19999997E+001   7.17908567E+003   1.05825108E-020   1.96437624E-020  -1.19999997E+001   5.42857921E-021  -7.52918175E-020   3.76459088E-020  -6.98952201E+003  -6.98951110E+003  -1.41596463E+004  -2.06970967E+002   1.90073871E-001   1.95972917E-001   1.96600454E-002   1.19829908E+001   0.00000000E+000   9.74277461E+014   0.00000000E+000   1.00000000E-014   3.90000000E-013
        40     1.19999997E+001   7.17880637E+003   8.17303990E-021  -3.96525936E-020  -1.19999997E+001   2.53325858E-021   3.76459088E-020   3.76459088E-020  -6.98961773E+003  -6.98960670E+003  -1.41594549E+004  -2.07055433E+002   1.95716988E-001   2.01589625E-001   2.02305046E-002   1.19824974E+001   0.00000000E+000   9.79741222E+014   0.00000000E+000   1.00000000E-014   4.00000000E-013
        41     1.19999997E+001   7.17852542E+003  -1.39760853E-020   3.14235288E-020  -1.19999997E+001   6.30644886E-021  -3.76459088E-020   7.52918175E-020  -6.98971402E+003  -6.98970285E+003  -1.41592625E+004  -2.07140396E+002   2.01393915E-001   2.07238094E-001   2.08043273E-002   1.19820011E+001   0.00000000E+000   9.85206493E+014   0.00000000E+000   1.00000000E-014   4.10000000E-013
        42     1.19999997E+001   7.17824283E+003  -4.02106174E-021  -2.35512035E-020  -1.19999997E+001  -7.64467110E-021   3.76459088E-020  -7.52918175E-020  -6.98981088E+003  -6.98979956E+003  -1.41590689E+004  -2.07225856E+002   2.07104570E-001   2.12918410E-001   2.13815005E-002   1.19815019E+001   0.00000000E+000   9.90673098E+014   0.00000000E+000   1.00000000E-014   4.20000000E-013
        43     1.19999997E+001   7.17795861E+003   2.30505869E-020  -1.61786601E-020  -1.19999997E+001   2.79662621E-021  -7.52918175E-020   0.00000000E+000  -6.98990829E+003  -6.98989683E+003  -1.41588742E+004  -2.07311808E+002   2.12848895E-001   2.18630664E-001   2.19620058E-002   1.19809998E+001   0.00000000E+000   9.96140803E+014   0.00000000E+000   1.00000000E-014   4.30000000E-013
        44     1.19999997E+001   7.17767278E+003   4.10029732E-021  -1.58418371E-020  -1.19999997E+001  -6.86321161E-021   0.00000000E+000  -3.76459088E-020  -6.99000627E+003  -6.98999465E+003  -1.41586785E+004  -2.07398251E+002   2.18626814E-001   2.24374999E-001   2.25458196E-002   1.19804949E+001   0.00000000E+000   1.00160931E+015   0.00000000E+000   1.00000000E-014   4.40000000E-013
        45     1.19999997E+001   7.17738535E+003   2.51738095E-021  -5.77748320E-021  -1.19999997E+001   8.31460123E-021   2.25875453E-019   0.00000000E+000  -6.99010480E+003  -6.99009301E+003  -1.41584816E+004  -2.07485179E+002   2.24438238E-001   2.30151644E-001   2.31329091E-002   1.19799871E+001   0.00000000E+000   1.00707824E+015   0.00000000E+000   1.00000000E-014   4.50000000E-013
        46     1.19999997E+001   7.17700910E+003   2.15104409E-020   9.90275929E-021  -1.19999997E+001  -1.01315264E-022   1.88229544E-019  -3.76459088E-020  -6.99022892E+003  -6.99022663E+003  -1.41582238E+004  -2.07598968E+002   2.28056712E-001   2.38281452E-001   2.39011496E-002   1.19793225E+001   0.00000000E+000   1.01636233E+015   0.00000000E+000   1.00000000E-014   4.60000000E-013
        47     1.19999997E+001   7.17667530E+003   5.90195521E-021  -7.71450037E-021  -1.19999997E+001  -1.32829984E-021   7.52918175E-020  -1.12937726E-019  -6.99034458E+003  -6.99033963E+003  -1.41579952E+004  -2.07699923E+002   2.38747080E-001   2.39571698E-001   2.45828623E-002   1.19787328E+001   0.00000000E+000   1.02411879E+015   4.36806792E+011   1.00000000E-014   4.70000000E-013
        48     1.19999997E+001   7.17637489E+003   6.54914147E-021  -3.41961949E-020  -1.19999997E+001   1.50529280E-020  -1.50583635E-019  -3.76459088E-020  -6.99045303E+003  -6.99043698E+003  -1.41577894E+004  -2.07790780E+002   2.44458238E-001   2.45819412E-001   2.51964843E-002   1.19782021E+001   0.00000000E+000   1.03027035E+015   7.90307651E+011   1.00000000E-014   4.80000000E-013
        49     1.19999997E+001   7.17610436E+003   1.93127286E-021   3.66695197E-020  -1.19999997E+001   7.09403413E-021  -7.52918175E-020   0.00000000E+000  -6.99054595E+003  -6.99052939E+003  -1.41576040E+004  -2.07872601E+002   2.50148469E-001   2.51985886E-001   2.57491581E-002   1.19777242E+001   0.00000000E+000   1.03513235E+015   1.10970862E+012   1.00000000E-014   4.90000000E-013
        50     1.19999997E+001   7.17583239E+003  -4.72572251E-021   1.58229796E-020  -1.19999997E+001  -1.29831723E-020   7.52918175E-020   2.25875453E-019  -6.99063939E+003  -6.99062226E+003  -1.41574177E+004  -2.07954857E+002   2.55927774E-001   2.58197700E-001   2.63047751E-002   1.19772438E+001   0.00000000E+000   1.03994710E+015   1.34048371E+012   1.00000000E-014   5.00000000E-013
        51     1.19999997E+001   7.17555943E+003  -1.93608821E-021  -1.06139587E-020  -1.19999997E+001   1.01756499E-020  -7.52918175E-020  -7.52918175E-020  -6.99073317E+003  -6.99071548E+003  -1.41572307E+004  -2.08037418E+002   2.61729821E-001   2.64424785E-001   2.68624471E-002   1.19767616E+001   0.00000000E+000   1.04487922E+015   1.59568028E+012   1.00000000E-014   5.10000000E-013
        52     1.19999997E+001   7.17528542E+003  -1.97583973E-020   4.44663298E-020  -1.19999997E+001  -9.79882318E-021   3.01167270E-019  -7.52918175E-020  -6.99082731E+003  -6.99080905E+003  -1.41570430E+004  -2.08120293E+002   2.67568179E-001   2.70670241E-001   2.74222530E-002   1.19762775E+001   0.00000000E+000   1.04992530E+015   1.87384344E+012   1.00000000E-014   5.20000000E-013
        53     1.19999997E+001   7.17501014E+003  -3.51078214E-020   3.77505270E-021  -1.19999997E+001  -4.01920382E-021   0.00000000E+000   0.00000000E+000  -6.99092190E+003  -6.99090305E+003  -1.41568544E+004  -2.08203555E+002   2.73361802E-001   2.76981318E-001   2.79846611E-002   1.19757912E+001   0.00000000E+000   1.05508077E+015   2.17359318E+012   1.00000000E-014   5.30000000E-013
        54     1.19999997E+001   7.17473417E+003  -1.88468112E-020   2.64444328E-020  -1.19999997E+001   1.32043732E-021   0.00000000E+000  -7.52918175E-020  -6.99101676E+003  -6.99099726E+003  -1.41566654E+004  -2.08287026E+002   2.79194599E-001   2.83393091E-001   2.85484896E-002   1.19753037E+001   0.00000000E+000   1.06034705E+015   2.49526089E+012   1.00000000E-014   5.40000000E-013
        55     1.19999997E+001   7.17445701E+003  -4.30283809E-021   4.06640768E-020  -1.19999997E+001   1.89345466E-020  -2.25875453E-019   7.52918175E-020  -6.99111201E+003  -6.99109190E+003  -1.41564755E+004  -2.08370859E+002   2.85056463E-001   2.89841256E-001   2.91147733E-002   1.19748141E+001   0.00000000E+000   1.06572426E+015   2.84223545E+012   1.00000000E-014   5.50000000E-013
        56     1.19999997E+001   7.17417895E+003  -7.06077996E-021   1.22276251E-020  -1.19999997E+001  -9.48547108E-021   0.00000000E+000  -7.52918175E-020  -6.99120761E+003  -6.99118679E+003  -1.41562850E+004  -2.08454965E+002   2.90955696E-001   2.96265425E-001   2.96828879E-002   1.19743229E+001   0.00000000E+000   1.07121557E+015   3.21846199E+012   1.00000000E-014   5.60000000E-013
        57     1.19999997E+001   7.17389979E+003   2.95363435E-021   6.42714848E-020  -1.19999997E+001  -4.39305068E-021  -7.52918175E-020   0.00000000E+000  -6.99130359E+003  -6.99128207E+003  -1.41560937E+004  -2.08539406E+002   2.96845435E-001   3.02773518E-001   3.02532743E-002   1.19738298E+001   0.00000000E+000   1.07681393E+015   3.62237211E+012   1.00000000E-014   5.70000000E-013
        58     1.19999997E+001   7.17362013E+003  -1.97347200E-020   2.19147214E-020  -1.19999997E+001   3.05879112E-021  -2.25875453E-019  -1.50583635E-019  -6.99139985E+003  -6.99137742E+003  -1.41559021E+004  -2.08623997E+002   3.02738309E-001   3.09383923E-001   3.08246810E-002   1.19733358E+001   0.00000000E+000   1.08251230E+015   4.05360158E+012   1.00000000E-014   5.80000000E-013
        59     1.19999997E+001   7.17334273E+003  -1.92006607E-020   1.08544119E-020  -1.19999997E+001   8.68939950E-021   0.00000000E+000   1.50583635E-019  -6.99149565E+003  -6.99147167E+003  -1.41557120E+004  -2.08707908E+002   3.08620792E-001   3.16090363E-001   3.13915082E-002   1.19728457E+001   0.00000000E+000   1.08595920E+015   2.92185262E+012   1.00000000E-014   5.90000000E-013
        60     1.19999997E+001   7.17305528E+003   5.13509827E-021   4.87384223E-020  -1.19999997E+001   9.37202994E-021   0.00000000E+000   0.00000000E+000  -6.99159386E+003  -6.99157040E+003  -1.41555151E+004  -2.08794856E+002   3.14571314E-001   3.22843608E-001   3.19788273E-002   1.19723379E+001   0.00000000E+000   1.09175264E+015   3.22902026E+012   1.00000000E-014   6.00000000E-013
        61     1.19999997E+001   7.17277444E+003  -2.81106776E-021   4.25517109E-020  -1.19999997E+001  -7.05805141E-021  -7.52918175E-020   0.00000000E+000  -6.99169073E+003  -6.99166596E+003  -1.41553227E+004  -2.08879811E+002   3.20725521E-001   3.29453729E-001   3.25527035E-002   1.19718418E+001   0.00000000E+000   1.09788012E+015   3.84505090E+012   1.00000000E-014   6.10000000E-013
        62     1.19999997E+001   7.17249210E+003  -4.70753369E-021  -3.10974315E-020  -1.19999997E+001   1.69705401E-020   7.52918175E-020   0.00000000E+000  -6.99178803E+003  -6.99176211E+003  -1.41551292E+004  -2.08965219E+002   3.26754845E-001   3.36284527E-001   3.31296475E-002   1.19713431E+001   0.00000000E+000   1.10387008E+015   4.30586777E+012   1.00000000E-014   6.20000000E-013
        63     1.19999997E+001   7.17220835E+003   2.37219980E-020  -2.20754544E-020  -1.19999997E+001   6.56861827E-022   7.52918175E-020  -7.52918175E-020  -6.99188582E+003  -6.99185873E+003  -1.41549348E+004  -2.09051053E+002   3.32759718E-001   3.43131384E-001   3.37094655E-002   1.19708418E+001   0.00000000E+000   1.10996229E+015   4.79274602E+012   1.00000000E-014   6.30000000E-013
        64     1.19999997E+001   7.17192302E+003  -8.25188055E-021   2.44545680E-020  -1.19999997E+001   7.90755406E-021  -7.52918175E-020   0.00000000E+000  -6.99198417E+003  -6.99195589E+003  -1.41547393E+004  -2.09137365E+002   3.38813998E-001   3.49988819E-001   3.42925153E-002   1.19703378E+001   0.00000000E+000   1.11615719E+015   5.30742697E+012   1.00000000E-014   6.40000000E-013
        65     1.19999997E+001   7.17163632E+003   1.12493938E-020   2.08160863E-020  -1.19999997E+001  -2.10635045E-020   1.50583635E-019  -2.25875453E-019  -6.99208295E+003  -6.99205355E+003  -1.41545429E+004  -2.09224097E+002   3.44883455E-001   3.56855152E-001   3.48783889E-002   1.19698313E+001   0.00000000E+000   1.12244655E+015   5.84991064E+012   1.00000000E-014   6.50000000E-013
        66     1.19999997E+001   7.17134790E+003   2.34693964E-020  -1.81928754E-020  -1.19999997E+001   2.60532588E-020  -7.52918175E-020   0.00000000E+000  -6.99218234E+003  -6.99215179E+003  -1.41543452E+004  -2.09311348E+002   3.50989537E-001   3.63766147E-001   3.54677796E-002   1.19693218E+001   0.00000000E+000   1.12882906E+015   6.41936911E+012   1.00000000E-014   6.60000000E-013
        67     1.19999997E+001   7.17105754E+003   2.69612412E-020   5.29330969E-021  -1.19999997E+001   1.06845150E-020  -7.52918175E-020   1.50583635E-019  -6.99228234E+003  -6.99225075E+003  -1.41541463E+004  -2.09399187E+002   3.57043564E-001   3.70692393E-001   3.60611244E-002   1.19688089E+001   0.00000000E+000   1.13531273E+015   7.02471200E+012   1.00000000E-014   6.70000000E-013
        68     1.19999997E+001   7.17076234E+003  -2.47190935E-020   7.12181325E-021  -1.19999997E+001   6.33617118E-021  -7.52918175E-020  -1.50583635E-019  -6.99238427E+003  -6.99235109E+003  -1.41539440E+004  -2.09488489E+002   3.63521650E-001   3.77375601E-001   3.66643559E-002   1.19682874E+001   0.00000000E+000   1.14114488E+015   7.65993549E+012   1.00000000E-014   6.80000000E-013
        69     1.19999997E+001   7.17045665E+003  -5.27614856E-022  -6.04168555E-021  -1.19999997E+001  -1.61378575E-020   1.50583635E-019  -7.52918175E-020  -6.99248983E+003  -6.99245500E+003  -1.41537345E+004  -2.09580970E+002   3.70301319E-001   3.84653467E-001   3.72890916E-002   1.19677474E+001   0.00000000E+000   1.14580908E+015   7.02829908E+012   1.00000000E-014   6.90000000E-013
        70     1.19999997E+001   7.17015970E+003  -2.12519537E-020   4.05566224E-021  -1.19999997E+001   3.12558667E-021  -3.01167270E-019   1.50583635E-019  -6.99259214E+003  -6.99255617E+003  -1.41535311E+004  -2.09670806E+002   3.76593022E-001   3.91822460E-001   3.78959416E-002   1.19672229E+001   0.00000000E+000   1.15261711E+015   7.92528305E+012   1.00000000E-014   7.00000000E-013
        71     1.19999997E+001   7.16985789E+003   1.79056240E-020  -1.91749370E-020  -1.19999997E+001   3.65671992E-021  -1.50583635E-019   0.00000000E+000  -6.99269669E+003  -6.99265844E+003  -1.41533242E+004  -2.09762114E+002   3.81664055E-001   3.99045626E-001   3.85126307E-002   1.19666897E+001   0.00000000E+000   1.16142305E+015   5.72574721E+012   1.00000000E-014   7.10000000E-013
        72     1.19999997E+001   7.16955448E+003   1.22556376E-020  -3.47010345E-020  -1.19999997E+001  -1.01862410E-020   1.50583635E-019  -7.52918175E-020  -6.99280106E+003  -6.99276198E+003  -1.41531163E+004  -2.09853908E+002   3.88167619E-001   4.05740822E-001   3.91326679E-002   1.19661537E+001   0.00000000E+000   1.16858649E+015   5.54448686E+012   1.00000000E-014   7.20000000E-013
        73     1.19999997E+001   7.16924721E+003  -5.18940387E-021  -1.24793156E-020  -1.19999997E+001   1.46576835E-020   0.00000000E+000   7.52918175E-020  -6.99290708E+003  -6.99286652E+003  -1.41529058E+004  -2.09946870E+002   3.94464561E-001   4.13156845E-001   3.97606155E-002   1.19656110E+001   0.00000000E+000   1.17534845E+015   5.27494857E+012   1.00000000E-014   7.30000000E-013
        74     1.19999997E+001   7.16894062E+003   2.12815414E-020  -4.27587394E-020  -1.19999997E+001   4.33271748E-021  -7.52918175E-020   7.52918175E-020  -6.99301261E+003  -6.99297109E+003  -1.41526957E+004  -2.10039627E+002   4.00762318E-001   4.20367120E-001   4.03871739E-002   1.19650694E+001   0.00000000E+000   1.18220791E+015   5.78119343E+012   1.00000000E-014   7.40000000E-013
        75     1.19999997E+001   7.16863238E+003  -8.37274442E-021  -2.68708042E-022  -1.19999997E+001   1.22418422E-020   0.00000000E+000   0.00000000E+000  -6.99311884E+003  -6.99307609E+003  -1.41524844E+004  -2.10132887E+002   4.07057195E-001   4.27669663E-001   4.10171253E-002   1.19645249E+001   0.00000000E+000   1.18910150E+015   6.26744858E+012   1.00000000E-014   7.50000000E-013
        76     1.19999997E+001   7.16831936E+003   1.93451121E-020   5.32625330E-020  -1.19999997E+001   6.61087485E-021   0.00000000E+000   7.52918175E-020  -6.99322707E+003  -6.99318239E+003  -1.41522699E+004  -2.10227595E+002   4.12512862E-001   4.34960770E-001   4.16567765E-002   1.19639719E+001   0.00000000E+000   1.19568834E+015   6.43753701E+012   1.00000000E-014   7.60000000E-013
        77     1.19999997E+001   7.16800582E+003   8.12292080E-021  -6.10806464E-020  -1.19999997E+001  -9.67339977E-021   0.00000000E+000   0.00000000E+000  -6.99333497E+003  -6.99328935E+003  -1.41520550E+004  -2.10322459E+002   4.18824783E-001   4.42215646E-001   4.22975446E-002   1.19634180E+001   0.00000000E+000   1.20273339E+015   6.95130265E+012   1.00000000E-014   7.70000000E-013
        78     1.19999997E+001   7.16768974E+003   1.27884043E-021   3.66175158E-020  -1.19999997E+001   7.70060632E-022   1.50583635E-019   0.00000000E+000  -6.99344362E+003  -6.99339732E+003  -1.41518384E+004  -2.10418094E+002   4.25287551E-001   4.49514404E-001   4.29435200E-002   1.19628597E+001   0.00000000E+000   1.20977499E+015   7.42256252E+012   1.00000000E-014   7.80000000E-013
        79     1.19999997E+001   7.16737121E+003   1.92147881E-020  -3.68930272E-020  -1.19999997E+001   5.42684694E-021   0.00000000E+000   0.00000000E+000  -6.99355308E+003  -6.99350616E+003  -1.41516201E+004  -2.10514471E+002   4.31806635E-001   4.56787866E-001   4.35945120E-002   1.19622970E+001   0.00000000E+000   1.21687681E+015   7.88995536E+012   1.00000000E-014   7.90000000E-013
        80     1.19999997E+001   7.16705026E+003   1.34843185E-020  -7.45878883E-021  -1.19999997E+001   1.65685641E-021   2.25875453E-019   1.50583635E-019  -6.99366334E+003  -6.99361586E+003  -1.41514002E+004  -2.10611581E+002   4.38366979E-001   4.64107615E-001   4.42504430E-002   1.19617301E+001   0.00000000E+000   1.22403639E+015   8.34578677E+012   1.00000000E-014   8.00000000E-013
        81     1.19999997E+001   7.16671604E+003  -1.54070647E-020  -2.13876810E-020  -1.19999997E+001   5.89400293E-021   0.00000000E+000  -7.52918175E-020  -6.99377533E+003  -6.99373292E+003  -1.41511711E+004  -2.10712711E+002   4.44997130E-001   4.71170180E-001   4.49334634E-002   1.19611397E+001   0.00000000E+000   1.23063629E+015   6.93309106E+012   1.00000000E-014   8.10000000E-013
        82     1.19999997E+001   7.16638049E+003   7.13149892E-021  -3.31118173E-020  -1.19999997E+001  -6.33611733E-021   7.52918175E-020  -2.25875453E-019  -6.99389037E+003  -6.99384785E+003  -1.41509411E+004  -2.10814243E+002   4.53298197E-001   4.80385650E-001   4.56195108E-002   1.19605469E+001   0.00000000E+000   1.23681299E+015   7.18203442E+012   1.00000000E-014   8.20000000E-013
        83     1.19999997E+001   7.16603812E+003   1.49110076E-020  -2.23457870E-020  -1.19999997E+001  -1.59465631E-021   7.52918175E-020  -7.52918175E-020  -6.99400686E+003  -6.99396601E+003  -1.41507065E+004  -2.10917838E+002   4.62541379E-001   4.84039405E-001   4.63190778E-002   1.19599421E+001   0.00000000E+000   1.24371960E+015   6.28360652E+012   1.00000000E-014   8.30000000E-013
        84     1.19999997E+001   7.16569443E+003   2.87083551E-021  -2.98753655E-020  -1.19999997E+001   6.95714902E-021   1.50583635E-019   0.00000000E+000  -6.99412317E+003  -6.99408526E+003  -1.41504709E+004  -2.11021838E+002   4.68140632E-001   4.91582362E-001   4.70214101E-002   1.19593350E+001   0.00000000E+000   1.25066469E+015   4.53289591E+012   1.00000000E-014   8.40000000E-013
        85     1.19999997E+001   7.16534029E+003   1.55933418E-020  -6.34991444E-020  -1.19999997E+001   3.14123992E-022   0.00000000E+000   2.25875453E-019  -6.99424207E+003  -6.99420909E+003  -1.41502282E+004  -2.11128999E+002   4.74032649E-001   5.02545086E-001   4.77453591E-002   1.19587094E+001   0.00000000E+000   1.25331570E+015   3.29944008E+012   1.00000000E-014   8.50000000E-013
        86     1.19999997E+001   7.16500046E+003   6.02217285E-021  -8.39566781E-021  -1.19999997E+001   1.30552545E-020   7.52918175E-020  -7.52918175E-020  -6.99435884E+003  -6.99432524E+003  -1.41499953E+004  -2.11231832E+002   4.81735324E-001   5.10014150E-001   4.84399927E-002   1.19581091E+001   0.00000000E+000   1.26044354E+015   3.44387822E+012   1.00000000E-014   8.60000000E-013
        87     1.19999997E+001   7.16465233E+003   4.79894002E-021  -7.56088855E-020  -1.19999997E+001   1.01369117E-020   0.00000000E+000   7.52918175E-020  -6.99447817E+003  -6.99444452E+003  -1.41497567E+004  -2.11337180E+002   4.88892074E-001   5.16170164E-001   4.91514208E-002   1.19574942E+001   0.00000000E+000   1.26576094E+015   3.59139173E+012   1.00000000E-014   8.70000000E-013
        88     1.19999997E+001   7.16430784E+003   1.56479756E-020  -1.78986949E-020  -1.19999997E+001  -5.08448607E-021  -7.52918175E-020  -7.52918175E-020  -6.99459563E+003  -6.99456319E+003  -1.41495206E+004  -2.11441428E+002   4.96107821E-001   5.23088900E-001   4.98555084E-002   1.19568856E+001   0.00000000E+000   1.27334168E+015   3.19650115E+012   1.00000000E-014   8.80000000E-013
        89     1.19999997E+001   7.16396275E+003  -2.52467801E-020  -4.50941065E-020  -1.19999997E+001  -3.93287761E-021   1.50583635E-019   0.00000000E+000  -6.99471359E+003  -6.99468176E+003  -1.41492840E+004  -2.11545859E+002   5.03095399E-001   5.30636431E-001   5.05608576E-002   1.19562761E+001   0.00000000E+000   1.28020786E+015   3.16695483E+012   1.00000000E-014   8.90000000E-013
        90     1.19999997E+001   7.16361330E+003   1.49718345E-020   1.79024287E-020  -1.19999997E+001   4.59185765E-021  -1.50583635E-019   7.52918175E-020  -6.99483264E+003  -6.99480224E+003  -1.41490445E+004  -2.11651608E+002   5.10147999E-001   5.39064442E-001   5.12751746E-002   1.19556588E+001   0.00000000E+000   1.28711802E+015   3.28858011E+012   1.00000000E-014   9.00000000E-013
        91     1.19999997E+001   7.16326427E+003  -1.48372291E-020  -7.54545610E-021  -1.19999997E+001   1.07883883E-020  -7.52918175E-020   0.00000000E+000  -6.99495202E+003  -6.99492212E+003  -1.41488052E+004  -2.11757236E+002   5.17179840E-001   5.46546781E-001   5.19885979E-002   1.19550422E+001   0.00000000E+000   1.29392778E+015   3.07947305E+012   1.00000000E-014   9.10000000E-013
        92     1.19999997E+001   7.16290528E+003  -8.87822573E-021  -4.44975779E-021  -1.19999997E+001   2.64830274E-020   7.52918175E-020   1.50583635E-019  -6.99507290E+003  -6.99504730E+003  -1.41485592E+004  -2.11865876E+002   5.24043310E-001   5.52792295E-001   5.27222108E-002   1.19544081E+001   0.00000000E+000   1.29476752E+015   2.32480965E+012   1.00000000E-014   9.20000000E-013
        93     1.19999997E+001   7.16254739E+003  -1.53269405E-020   4.14535963E-020  -1.19999997E+001   5.33211968E-021   7.52918175E-020  -7.52918175E-020  -6.99519540E+003  -6.99517013E+003  -1.41483138E+004  -2.11974188E+002   5.30757202E-001   5.61256880E-001   5.34537831E-002   1.19537759E+001   0.00000000E+000   1.29869824E+015   2.06475482E+012   1.00000000E-014   9.30000000E-013
        94     1.19999997E+001   7.16218261E+003   1.21249007E-020  -2.66818164E-020  -1.19999997E+001  -1.55198685E-021  -7.52918175E-020  -7.52918175E-020  -6.99532006E+003  -6.99529553E+003  -1.41480638E+004  -2.12084586E+002   5.40049735E-001   5.66920611E-001   5.41993974E-002   1.19531315E+001   0.00000000E+000   1.29963961E+015   1.58989488E+012   1.00000000E-014   9.40000000E-013
        95     1.19999997E+001   7.16181759E+003  -1.47337597E-020  -2.04576413E-021  -1.19999997E+001   6.28951661E-021   0.00000000E+000  -1.50583635E-019  -6.99544565E+003  -6.99542016E+003  -1.41478136E+004  -2.12195060E+002   5.46178164E-001   5.75428445E-001   5.49455105E-002   1.19524867E+001   0.00000000E+000   1.30292163E+015   1.44352171E+012   1.00000000E-014   9.50000000E-013
        96     1.19999997E+001   7.16144313E+003   6.71026038E-021  -3.22908118E-020  -1.19999997E+001  -6.06582960E-021  -7.52918175E-020   0.00000000E+000  -6.99557478E+003  -6.99554773E+003  -1.41475569E+004  -2.12308391E+002   5.56662561E-001   5.84154318E-001   5.57112509E-002   1.19518253E+001   0.00000000E+000   1.30241927E+015   1.15722936E+012   1.00000000E-014   9.60000000E-013
        97     1.19999997E+001   7.16107591E+003  -9.60024060E-021  -4.26456124E-020  -1.19999997E+001  -1.79822746E-020  -7.52918175E-020   0.00000000E+000  -6.99570045E+003  -6.99567380E+003  -1.41473051E+004  -2.12419532E+002   5.64252526E-001   5.91598443E-001   5.64618897E-002   1.19511766E+001   0.00000000E+000   1.30498687E+015   7.10204563E+011   1.00000000E-014   9.70000000E-013
        98     1.19999997E+001   7.16070031E+003   2.47740414E-021   2.82986242E-021  -1.19999997E+001   7.30453616E-021  -1.50583635E-019   0.00000000E+000  -6.99583085E+003  -6.99580089E+003  -1.41470476E+004  -2.12533211E+002   5.74591932E-001   5.98791165E-001   5.72298410E-002   1.19505131E+001   0.00000000E+000   1.30878813E+015   5.84234528E+011   1.00000000E-014   9.80000000E-013
        99     1.19999997E+001   7.16014413E+003  -7.98941047E-021  -1.01076157E-020  -1.19999997E+001   8.60619676E-021   1.50583635E-019   0.00000000E+000  -6.99601958E+003  -6.99599345E+003  -1.41466663E+004  -2.12701553E+002   5.84001140E-001   6.10843124E-001   5.83666999E-002   1.19495306E+001   0.00000000E+000   1.31752612E+015   1.88828576E+011   1.00000000E-014   9.90000000E-013
       100     1.19999997E+001   7.15979285E+003   2.03658760E-020   3.68526196E-021  -1.19999997E+001  -2.07449286E-020   0.00000000E+000   0.00000000E+000  -6.99613984E+003  -6.99611401E+003  -1.41464255E+004  -2.12807876E+002   5.91336712E-001   6.18168369E-001   5.90848234E-002   1.19489101E+001   0.00000000E+000   1.32165122E+015   8.12770007E+011   1.00000000E-014   1.00000000E-012
       101     1.19999997E+001   7.15944082E+003  -1.23126498E-020  -3.18295797E-020  -1.19999997E+001   2.61082830E-020  -2.25875453E-019   2.25875453E-019  -6.99626044E+003  -6.99623476E+003  -1.41461842E+004  -2.12914428E+002   5.98641932E-001   6.25484926E-001   5.98044849E-002   1.19482883E+001   0.00000000E+000   1.32611565E+015   9.91287145E+011   1.00000000E-014   1.01000000E-012
       102     1.19999997E+001   7.15908694E+003   1.17747401E-020   1.32534152E-020  -1.19999997E+001   7.62453012E-021   7.52918175E-020   7.52918175E-020  -6.99638182E+003  -6.99635600E+003  -1.41459416E+004  -2.13021545E+002   6.06101520E-001   6.32814448E-001   6.05279649E-002   1.19476632E+001   0.00000000E+000   1.32962776E+015   1.22851199E+012   1.00000000E-014   1.02000000E-012
       103     1.19999997E+001   7.15873153E+003   2.72168383E-020  -2.63599197E-020  -1.19999997E+001   2.36881335E-020  -7.52918175E-020   7.52918175E-020  -6.99650344E+003  -6.99647805E+003  -1.41456979E+004  -2.13129124E+002   6.13474961E-001   6.40048177E-001   6.12545490E-002   1.19470354E+001   0.00000000E+000   1.33252194E+015   1.31490225E+012   1.00000000E-014   1.03000000E-012
       104     1.19999997E+001   7.15828924E+003  -1.01067451E-020  -1.34727042E-020  -1.19999997E+001   1.95017523E-020   7.52918175E-020  -7.52918175E-020  -6.99665820E+003  -6.99662654E+003  -1.41453946E+004  -2.13263001E+002   6.28472844E-001   6.49828782E-001   6.21592910E-002   1.19462541E+001   0.00000000E+000   1.31100659E+015   1.54895095E+012   1.00000000E-014   1.04000000E-012
       105     1.19999997E+001   7.15786075E+003  -1.32017949E-020   3.73947388E-020  -1.19999997E+001   7.16189776E-021   0.00000000E+000   1.50583635E-019  -6.99680212E+003  -6.99677640E+003  -1.41451009E+004  -2.13392710E+002   6.32391933E-001   6.59763802E-001   6.30350332E-002   1.19454972E+001   0.00000000E+000   1.29130971E+015   1.78028113E+012   1.00000000E-014   1.05000000E-012
       106     1.19999997E+001   7.15747569E+003   1.34991819E-020  -2.48141977E-020  -1.19999997E+001   1.43397719E-021  -1.50583635E-019  -7.52918175E-020  -6.99693435E+003  -6.99690818E+003  -1.41448368E+004  -2.13509269E+002   6.42219114E-001   6.69480597E-001   6.38225718E-002   1.19448170E+001   0.00000000E+000   1.28839973E+015   2.00862977E+012   1.00000000E-014   1.06000000E-012
       107     1.19999997E+001   7.15713307E+003  -4.62646712E-021  -3.76707170E-020  -1.19999997E+001  -8.64247567E-021   0.00000000E+000   7.52918175E-020  -6.99705227E+003  -6.99702518E+003  -1.41446019E+004  -2.13612985E+002   6.49047467E-001   6.76094739E-001   6.45230140E-002   1.19442118E+001   0.00000000E+000   1.29175658E+015   2.23493069E+012   1.00000000E-014   1.07000000E-012
       108     1.19999997E+001   7.15678929E+003   6.90685938E-021   2.38663148E-020  -1.19999997E+001  -1.16398745E-020   7.52918175E-020  -7.52918175E-020  -6.99717053E+003  -6.99714264E+003  -1.41443662E+004  -2.13717055E+002   6.55862555E-001   6.82875721E-001   6.52258548E-002   1.19436046E+001   0.00000000E+000   1.29512994E+015   2.47006741E+012   1.00000000E-014   1.08000000E-012
       109     1.19999997E+001   7.15644512E+003  -2.16571141E-020  -5.55835573E-020  -1.19999997E+001   5.96463999E-021   3.01167270E-019   0.00000000E+000  -6.99728903E+003  -6.99726013E+003  -1.41441302E+004  -2.13821244E+002   6.62700348E-001   6.89511730E-001   6.59294886E-002   1.19429966E+001   0.00000000E+000   1.29862420E+015   2.71413333E+012   1.00000000E-014   1.09000000E-012
       110     1.19999997E+001   7.15610016E+003  -1.28528932E-022  -2.82864894E-020  -1.19999997E+001  -1.24872858E-020   0.00000000E+000   2.25875453E-019  -6.99740784E+003  -6.99737786E+003  -1.41438937E+004  -2.13925673E+002   6.69537354E-001   6.96158600E-001   6.66347405E-002   1.19423873E+001   0.00000000E+000   1.30219260E+015   2.96663958E+012   1.00000000E-014   1.10000000E-012
       111     1.19999997E+001   7.15575388E+003  -4.30135714E-021  -7.75335703E-020  -1.19999997E+001   6.29326837E-021   2.25875453E-019   7.52918175E-020  -6.99752725E+003  -6.99749588E+003  -1.41436562E+004  -2.14030503E+002   6.76179504E-001   7.02824067E-001   6.73426835E-002   1.19417756E+001   0.00000000E+000   1.30576794E+015   3.22662096E+012   1.00000000E-014   1.11000000E-012
       112     1.19999997E+001   7.15538945E+003  -2.58714110E-020  -4.73514228E-020  -1.19999997E+001  -3.25874695E-021  -7.52918175E-020   7.52918175E-020  -6.99765293E+003  -6.99762010E+003  -1.41434063E+004  -2.14140832E+002   6.86045161E-001   7.12625128E-001   6.80882262E-002   1.19411318E+001   0.00000000E+000   1.30706099E+015   3.49208250E+012   1.00000000E-014   1.12000000E-012
       113     1.19999997E+001   7.15501080E+003   1.30007733E-020   6.82947456E-020  -1.19999997E+001  -1.38836378E-021  -7.52918175E-020   0.00000000E+000  -6.99778177E+003  -6.99775091E+003  -1.41431467E+004  -2.14255467E+002   6.89334193E-001   7.21871138E-001   6.88622196E-002   1.19404630E+001   0.00000000E+000   1.30206492E+015   3.76057474E+012   1.00000000E-014   1.13000000E-012
       114     1.19999997E+001   7.15462267E+003  -2.29898049E-021   8.00636157E-020  -1.19999997E+001  -1.11949777E-020   7.52918175E-020   7.52918175E-020  -6.99791429E+003  -6.99788454E+003  -1.41428805E+004  -2.14372972E+002   7.00370595E-001   7.25974863E-001   6.96557678E-002   1.19397774E+001   0.00000000E+000   1.29340021E+015   4.02982911E+012   1.00000000E-014   1.14000000E-012
       115     1.19999997E+001   7.15424903E+003   2.30597778E-020  -1.20365837E-019  -1.19999997E+001   2.63450204E-020   1.50583635E-019   0.00000000E+000  -6.99804451E+003  -6.99801054E+003  -1.41426243E+004  -2.14486092E+002   7.08838566E-001   7.31894123E-001   7.04196997E-002   1.19391174E+001   0.00000000E+000   1.28796444E+015   4.29753374E+012   1.00000000E-014   1.15000000E-012
       116     1.19999997E+001   7.15387397E+003   2.17469786E-020  -8.87522074E-020  -1.19999997E+001   2.13183005E-020   7.52918175E-020   7.52918175E-020  -6.99817550E+003  -6.99813676E+003  -1.41423671E+004  -2.14599647E+002   7.17162496E-001   7.41701947E-001   7.11868691E-002   1.19384549E+001   0.00000000E+000   1.28418481E+015   4.56187895E+012   1.00000000E-014   1.16000000E-012
       117     1.19999997E+001   7.15353501E+003  -2.85595057E-020  -1.31409703E-020  -1.19999997E+001  -1.24998695E-020   7.52918175E-020   2.25875453E-019  -6.99829302E+003  -6.99825169E+003  -1.41421347E+004  -2.14702273E+002   7.23729647E-001   7.47561995E-001   7.18798802E-002   1.19378562E+001   0.00000000E+000   1.28766424E+015   4.82085440E+012   1.00000000E-014   1.17000000E-012
       118     1.19999997E+001   7.15319530E+003   1.18174612E-020   3.77315528E-020  -1.19999997E+001  -2.10372781E-020   7.52918175E-020   7.52918175E-020  -6.99841075E+003  -6.99836692E+003  -1.41419017E+004  -2.14805125E+002   7.30251379E-001   7.53479240E-001   7.25744184E-002   1.19372561E+001   0.00000000E+000   1.29119524E+015   5.07256741E+012   1.00000000E-014   1.18000000E-012
       119     1.19999997E+001   7.15285483E+003   1.76191804E-020   1.99040335E-022  -1.19999997E+001   1.24934610E-020  -7.52918175E-020   7.52918175E-020  -6.99852879E+003  -6.99848238E+003  -1.41416682E+004  -2.14908210E+002   7.36795381E-001   7.59387039E-001   7.32705244E-002   1.19366547E+001   0.00000000E+000   1.29477911E+015   5.31558342E+012   1.00000000E-014   1.19000000E-012
       120     1.19999997E+001   7.15249598E+003   2.61342401E-020   3.80521751E-020  -1.19999997E+001  -6.55055959E-021  -1.50583635E-019  -1.50583635E-019  -6.99865305E+003  -6.99860421E+003  -1.41414221E+004  -2.15016862E+002   7.43229083E-001   7.65536790E-001   7.40041880E-002   1.19360208E+001   0.00000000E+000   1.29564973E+015   5.54819257E+012   1.00000000E-014   1.20000000E-012
       121     1.19999997E+001   7.15215493E+003  -1.98167379E-020   9.43646494E-022  -1.19999997E+001   5.14611175E-021  -7.52918175E-020   1.50583635E-019  -6.99877141E+003  -6.99871976E+003  -1.41411882E+004  -2.15120127E+002   7.49388066E-001   7.71693225E-001   7.47015008E-002   1.19354184E+001   0.00000000E+000   1.29915894E+015   5.76876087E+012   1.00000000E-014   1.21000000E-012
       122     1.19999997E+001   7.15181344E+003   7.91551531E-021   2.26671183E-020  -1.19999997E+001   1.23491172E-020  -7.52918175E-020  -7.52918175E-020  -6.99888991E+003  -6.99883546E+003  -1.41409540E+004  -2.15223528E+002   7.55677924E-001   7.77829599E-001   7.53997394E-002   1.19348152E+001   0.00000000E+000   1.30263873E+015   5.97507993E+012   1.00000000E-014   1.22000000E-012
       123     1.19999997E+001   7.15146959E+003   1.92183065E-022   3.94051036E-020  -1.19999997E+001  -1.77167439E-020  -1.50583635E-019  -1.50583635E-019  -6.99900968E+003  -6.99895151E+003  -1.41407182E+004  -2.15327644E+002   7.62835834E-001   7.83825636E-001   7.61028572E-002   1.19342078E+001   0.00000000E+000   1.30601448E+015   6.16538740E+012   1.00000000E-014   1.23000000E-012
       124     1.19999997E+001   7.15112619E+003   8.75528404E-021  -1.53047082E-020  -1.19999997E+001  -1.60805491E-020   0.00000000E+000  -3.01167270E-019  -6.99912872E+003  -6.99906799E+003  -1.41404827E+004  -2.15431624E+002   7.69280129E-001   7.90130040E-001   7.68050262E-002   1.19336012E+001   0.00000000E+000   1.30968094E+015   6.33955532E+012   1.00000000E-014   1.24000000E-012
       125     1.19999997E+001   7.15078171E+003  -1.14416419E-020   3.60455441E-020  -1.19999997E+001  -3.33099242E-020   7.52918175E-020  -1.50583635E-019  -6.99924812E+003  -6.99918486E+003  -1.41402464E+004  -2.15535934E+002   7.75825460E-001   7.96116848E-001   7.75094075E-002   1.19329928E+001   0.00000000E+000   1.31332009E+015   6.49750911E+012   1.00000000E-014   1.25000000E-012
       126     1.19999997E+001   7.15043676E+003  -5.08933373E-020   1.04001519E-019  -1.19999997E+001   4.04374279E-021   0.00000000E+000   2.25875453E-019  -6.99936784E+003  -6.99930173E+003  -1.41400098E+004  -2.15640390E+002   7.82382017E-001   8.01810725E-001   7.82147420E-002   1.19323834E+001   0.00000000E+000   1.31688621E+015   6.63961264E+012   1.00000000E-014   1.26000000E-012
       127     1.19999997E+001   7.15008798E+003  -7.22222199E-021   2.21088432E-020  -1.19999997E+001   3.00057972E-020   3.01167270E-019  -1.50583635E-019  -6.99948891E+003  -6.99941988E+003  -1.41397706E+004  -2.15746002E+002   7.89738614E-001   8.06888074E-001   7.89278944E-002   1.19317674E+001   0.00000000E+000   1.32003299E+015   6.76961714E+012   1.00000000E-014   1.27000000E-012
       128     1.19999997E+001   7.14973522E+003  -1.45392071E-020   3.23653084E-020  -1.19999997E+001  -9.56423993E-021  -1.50583635E-019  -1.50583635E-019  -6.99961161E+003  -6.99953914E+003  -1.41395286E+004  -2.15852827E+002   7.95966551E-001   8.12928685E-001   7.96492131E-002   1.19311442E+001   0.00000000E+000   1.32242064E+015   6.60372657E+012   1.00000000E-014   1.28000000E-012
       129     1.19999997E+001   7.14938522E+003  -2.11057386E-021  -2.59317532E-020  -1.19999997E+001  -4.49851262E-021  -1.50583635E-019   0.00000000E+000  -6.99973255E+003  -6.99965826E+003  -1.41392886E+004  -2.15958812E+002   8.02923083E-001   8.17619203E-001   8.03648160E-002   1.19305260E+001   0.00000000E+000   1.32621284E+015   5.97894181E+012   1.00000000E-014   1.29000000E-012
       130     1.19999997E+001   7.14903093E+003   3.35308288E-020   8.50474148E-020  -1.19999997E+001  -1.88888344E-020   0.00000000E+000   0.00000000E+000  -6.99985557E+003  -6.99977825E+003  -1.41390456E+004  -2.16066103E+002   8.09210044E-001   8.24558198E-001   8.10893501E-002   1.19299002E+001   0.00000000E+000   1.33060899E+015   5.41137438E+012   1.00000000E-014   1.30000000E-012
       131     1.19999997E+001   7.14866948E+003  -2.30702253E-021  -1.64927751E-020  -1.19999997E+001  -4.73117512E-021   4.51750905E-019   1.50583635E-019  -6.99998212E+003  -6.99989963E+003  -1.41387976E+004  -2.16175565E+002   8.13752408E-001   8.31043037E-001   8.18283468E-002   1.19292617E+001   0.00000000E+000   1.33503157E+015   4.47637924E+012   1.00000000E-014   1.31000000E-012
       132     1.19999997E+001   7.14831027E+003  -2.60558303E-020  -3.05692781E-020  -1.19999997E+001  -3.09821863E-020   1.50583635E-019   0.00000000E+000  -7.00010728E+003  -7.00002086E+003  -1.41385512E+004  -2.16284349E+002   8.19436345E-001   8.38023998E-001   8.25629015E-002   1.19286273E+001   0.00000000E+000   1.34088196E+015   2.51820679E+012   1.00000000E-014   1.32000000E-012
       133     1.19999997E+001   7.14795048E+003   3.39908762E-020  -6.12487033E-023  -1.19999997E+001   1.18795558E-020  -1.50583635E-019  -1.50583635E-019  -7.00023086E+003  -7.00014408E+003  -1.41383044E+004  -2.16393310E+002   8.26604364E-001   8.41647892E-001   8.32984997E-002   1.19279917E+001   0.00000000E+000   1.34602430E+015   1.41672361E+012   1.00000000E-014   1.33000000E-012
       134     1.19999997E+001   7.14759248E+003  -2.79710191E-021  -3.03993183E-020  -1.19999997E+001  -1.50940357E-020  -1.50583635E-019  -1.50583635E-019  -7.00035629E+003  -7.00026422E+003  -1.41380589E+004  -2.16501727E+002   8.35098956E-001   8.46616278E-001   8.40306585E-002   1.19273594E+001   0.00000000E+000   1.35044507E+015   9.61524825E+011   1.00000000E-014   1.34000000E-012
       135     1.19999997E+001   7.14723502E+003   3.35172220E-020  -1.48990882E-020  -1.19999997E+001   1.71173252E-021  -1.50583635E-019   1.50583635E-019  -7.00048134E+003  -7.00038439E+003  -1.41378136E+004  -2.16609988E+002   8.40519752E-001   8.52963039E-001   8.47616215E-002   1.19267280E+001   0.00000000E+000   1.35471603E+015   1.12741534E+012   1.00000000E-014   1.35000000E-012
       136     1.19999997E+001   7.14686654E+003   1.37324906E-022   7.43500020E-020  -1.19999997E+001  -2.58666271E-021   0.00000000E+000   0.00000000E+000  -7.00060850E+003  -7.00050999E+003  -1.41375609E+004  -2.16721585E+002   8.48648306E-001   8.59534377E-001   8.55153116E-002   1.19260771E+001   0.00000000E+000   1.35716698E+015   1.19367933E+012   1.00000000E-014   1.36000000E-012
       137     1.19999997E+001   7.14649813E+003  -2.20878047E-020   3.05832799E-020  -1.19999997E+001  -1.00810124E-020   1.50583635E-019   3.01167270E-019  -7.00073703E+003  -7.00063419E+003  -1.41373081E+004  -2.16833164E+002   8.55990738E-001   8.66941889E-001   8.62688907E-002   1.19254263E+001   0.00000000E+000   1.35966327E+015   1.32722600E+012   1.00000000E-014   1.37000000E-012
       138     1.19999997E+001   7.14610526E+003   3.11797367E-020  -8.88779001E-020  -1.19999997E+001  -4.32532168E-021  -4.51750905E-019   0.00000000E+000  -7.00087422E+003  -7.00076651E+003  -1.41370386E+004  -2.16952152E+002   8.62801029E-001   8.75742287E-001   8.70724955E-002   1.19247324E+001   0.00000000E+000   1.35382590E+015   1.42013723E+012   1.00000000E-014   1.38000000E-012
       139     1.19999997E+001   7.14574025E+003  -3.65844321E-021   1.88793563E-020  -1.19999997E+001   7.84895312E-021   1.50583635E-019  -3.01167270E-019  -7.00099922E+003  -7.00089192E+003  -1.41367882E+004  -2.17062704E+002   8.68978719E-001   8.81374582E-001   8.78189004E-002   1.19240877E+001   0.00000000E+000   1.35571496E+015   1.56362973E+012   1.00000000E-014   1.39000000E-012
       140     1.19999997E+001   7.14538225E+003  -5.74919247E-021  -3.68157124E-020  -1.19999997E+001  -1.85601522E-020   1.50583635E-019   1.50583635E-019  -7.00112385E+003  -7.00101289E+003  -1.41365426E+004  -2.17171138E+002   8.75330742E-001   8.87134646E-001   8.85510592E-002   1.19234553E+001   0.00000000E+000   1.35993632E+015   1.65913638E+012   1.00000000E-014   1.40000000E-012
       141     1.19999997E+001   7.14501434E+003   2.07505473E-020   2.49249552E-020  -1.19999997E+001   7.05372523E-021   0.00000000E+000   3.01167270E-019  -7.00125196E+003  -7.00113717E+003  -1.41362902E+004  -2.17282570E+002   8.83153939E-001   8.94339408E-001   8.93036677E-002   1.19228055E+001   0.00000000E+000   1.36316650E+015   1.76049491E+012   1.00000000E-014   1.41000000E-012
       142     1.19999997E+001   7.14465499E+003  -1.45747860E-020  -6.44558951E-020  -1.19999997E+001  -1.92431147E-020   1.50583635E-019   4.51750905E-019  -7.00137706E+003  -7.00125861E+003  -1.41360437E+004  -2.17391416E+002   8.89216139E-001   9.00040980E-001   9.00385789E-002   1.19221707E+001   0.00000000E+000   1.36752326E+015   1.86746031E+012   1.00000000E-014   1.42000000E-012
       143     1.19999997E+001   7.14429368E+003  -2.10707746E-020   6.72360693E-021  -1.19999997E+001   2.03299741E-020  -3.01167270E-019   0.00000000E+000  -7.00150308E+003  -7.00138048E+003  -1.41357958E+004  -2.17500856E+002   8.95264278E-001   9.05695543E-001   9.07774923E-002   1.19215325E+001   0.00000000E+000   1.37188447E+015   1.95968427E+012   1.00000000E-014   1.43000000E-012
       144     1.19999997E+001   7.14392907E+003   1.76645784E-020   5.61452431E-021  -1.19999997E+001  -1.07319145E-020   0.00000000E+000   1.50583635E-019  -7.00162931E+003  -7.00150440E+003  -1.41355457E+004  -2.17611295E+002   9.01413114E-001   9.10561855E-001   9.15230897E-002   1.19208885E+001   0.00000000E+000   1.37519680E+015   2.05231304E+012   1.00000000E-014   1.44000000E-012
       145     1.19999997E+001   7.14355616E+003  -7.43991338E-021  -8.07546203E-020  -1.19999997E+001   1.10262027E-020  -1.50583635E-019   1.50583635E-019  -7.00175907E+003  -7.00163048E+003  -1.41352898E+004  -2.17724253E+002   9.09543740E-001   9.16088073E-001   9.22858742E-002   1.19202298E+001   0.00000000E+000   1.38015707E+015   2.12103860E+012   1.00000000E-014   1.45000000E-012
       146     1.19999997E+001   7.14318716E+003   2.00424355E-021  -1.23140949E-020  -1.19999997E+001  -2.17780069E-020  -1.50583635E-019   4.51750905E-019  -7.00188738E+003  -7.00175534E+003  -1.41350366E+004  -2.17836025E+002   9.14985913E-001   9.22713406E-001   9.30405487E-002   1.19195780E+001   0.00000000E+000   1.37709308E+015   2.03896203E+012   1.00000000E-014   1.46000000E-012
       147     1.19999997E+001   7.14281269E+003  -2.14116770E-020   8.54639311E-020  -1.19999997E+001   1.06598952E-020   0.00000000E+000   1.50583635E-019  -7.00201863E+003  -7.00188103E+003  -1.41347797E+004  -2.17949460E+002   9.21507990E-001   9.29030722E-001   9.38064965E-002   1.19189166E+001   0.00000000E+000   1.38003455E+015   1.90482376E+012   1.00000000E-014   1.47000000E-012
       148     1.19999997E+001   7.14243918E+003  -1.71557403E-020  -3.30037166E-020  -1.19999997E+001  -2.33820336E-020   1.50583635E-019   1.50583635E-019  -7.00214938E+003  -7.00200655E+003  -1.41345234E+004  -2.18062605E+002   9.28894837E-001   9.35267897E-001   9.45705497E-002   1.19182568E+001   0.00000000E+000   1.38071865E+015   1.67379119E+012   1.00000000E-014   1.48000000E-012
       149     1.19999997E+001   7.14206996E+003   3.50403751E-020   3.75146872E-020  -1.19999997E+001   7.61817547E-021   0.00000000E+000   1.50583635E-019  -7.00227814E+003  -7.00213113E+003  -1.41342701E+004  -2.18174451E+002   9.35123667E-001   9.40661706E-001   9.53256902E-002   1.19176047E+001   0.00000000E+000   1.38175623E+015   1.70464655E+012   1.00000000E-014   1.49000000E-012
       150     1.19999997E+001   7.14169152E+003  -7.11188637E-021  -8.34792541E-020  -1.19999997E+001  -9.13230373E-021   3.01167270E-019   1.50583635E-019  -7.00241025E+003  -7.00225868E+003  -1.41340104E+004  -2.18289091E+002   9.41145360E-001   9.46262677E-001   9.60996659E-002   1.19169362E+001   0.00000000E+000   1.38560605E+015   1.50521613E+012   1.00000000E-014   1.50000000E-012
       151     1.19999997E+001   7.14121415E+003   6.25195466E-020  -2.17391251E-020  -1.19999997E+001  -1.88149483E-020  -3.01167270E-019   1.50583635E-019  -7.00257888E+003  -7.00241760E+003  -1.41336829E+004  -2.18433707E+002   9.50909730E-001   9.48923626E-001   9.70758616E-002   1.19160930E+001   0.00000000E+000   1.38639501E+015   5.45952413E+012   1.00000000E-014   1.51000000E-012
       152     1.19999997E+001   7.14074268E+003   4.62234648E-020   1.10772489E-019  -1.19999997E+001   5.17278689E-021   1.50583635E-019  -3.01167270E-019  -7.00274790E+003  -7.00257210E+003  -1.41333594E+004  -2.18576537E+002   9.62224690E-001   9.48387041E-001   9.80399161E-002   1.19152603E+001   0.00000000E+000   1.35980528E+015   2.07017418E+013   1.00000000E-014   1.52000000E-012
       153     1.19999997E+001   7.14027260E+003  -2.10903501E-020   5.34220094E-020  -1.19999997E+001   3.01468559E-021   0.00000000E+000  -4.51750905E-019  -7.00290755E+003  -7.00273502E+003  -1.41330368E+004  -2.18718948E+002   9.63328742E-001   9.58473164E-001   9.90011047E-002   1.19144300E+001   0.00000000E+000   1.32983833E+015   3.76919234E+013   1.00000000E-014   1.53000000E-012
       154     1.19999997E+001   7.13985403E+003  -2.51332762E-020  -4.16620430E-021  -1.19999997E+001   2.17665182E-020   0.00000000E+000   0.00000000E+000  -7.00305482E+003  -7.00287497E+003  -1.41327496E+004  -2.18845754E+002   9.69325353E-001   9.64083260E-001   9.98571439E-002   1.19136906E+001   0.00000000E+000   1.31332241E+015   4.85109022E+013   1.00000000E-014   1.54000000E-012
       155     1.19999997E+001   7.13944851E+003   2.31186659E-020  -5.35767468E-020  -1.19999997E+001  -2.27813583E-020   0.00000000E+000  -1.50583635E-019  -7.00319536E+003  -7.00301271E+003  -1.41324713E+004  -2.18968615E+002   9.77960778E-001   9.67068284E-001   1.00686561E-001   1.19129743E+001   0.00000000E+000   1.29851021E+015   5.79316028E+013   1.00000000E-014   1.55000000E-012
       156     1.19999997E+001   7.13909519E+003  -5.71122348E-020   5.01796697E-020  -1.19999997E+001  -5.57951992E-021   0.00000000E+000   0.00000000E+000  -7.00331644E+003  -7.00313409E+003  -1.41322288E+004  -2.19075659E+002   9.81491298E-001   9.74956098E-001   1.01409287E-001   1.19123503E+001   0.00000000E+000   1.29580921E+015   5.97393455E+013   1.00000000E-014   1.56000000E-012
       157     1.19999997E+001   7.13875552E+003   3.09712362E-020  -5.66762327E-021  -1.19999997E+001   3.02365031E-020   1.50583635E-019   0.00000000E+000  -7.00343437E+003  -7.00324926E+003  -1.41319957E+004  -2.19178571E+002   9.87107192E-001   9.81495361E-001   1.02104223E-001   1.19117503E+001   0.00000000E+000   1.29658900E+015   6.05276509E+013   1.00000000E-014   1.57000000E-012
       158     1.19999997E+001   7.13841210E+003  -1.40621445E-020   6.49734574E-020  -1.19999997E+001   3.33528988E-023  -1.50583635E-019  -3.01167270E-019  -7.00355481E+003  -7.00336449E+003  -1.41317601E+004  -2.19282620E+002   9.92171987E-001   9.87650263E-001   1.02806757E-001   1.19111437E+001   0.00000000E+000   1.29508588E+015   6.13038647E+013   1.00000000E-014   1.58000000E-012
       159     1.19999997E+001   7.13806906E+003  -2.83180904E-020   8.31463534E-020  -1.19999997E+001  -7.93396890E-021   1.50583635E-019  -1.50583635E-019  -7.00367344E+003  -7.00348128E+003  -1.41315246E+004  -2.19386556E+002   9.97373837E-001   9.95219835E-001   1.03508638E-001   1.19105378E+001   0.00000000E+000   1.29359598E+015   6.18791380E+013   1.00000000E-014   1.59000000E-012
       160     1.19999997E+001   7.13772525E+003  -1.91890464E-020  -8.19577660E-020  -1.19999997E+001  -1.40741335E-020   1.50583635E-019   3.01167270E-019  -7.00379376E+003  -7.00359691E+003  -1.41312887E+004  -2.19490726E+002   1.00366456E+000   1.00064831E+000   1.04212023E-001   1.19099306E+001   0.00000000E+000   1.29226287E+015   6.26393983E+013   1.00000000E-014   1.60000000E-012
       161     1.19999997E+001   7.13734157E+003  -3.48431459E-020  -4.49417926E-020  -1.19999997E+001  -3.46884509E-021   0.00000000E+000   0.00000000E+000  -7.00392778E+003  -7.00372620E+003  -1.41310254E+004  -2.19606981E+002   1.00896002E+000   1.00651625E+000   1.04996869E-001   1.19092528E+001   0.00000000E+000   1.28197982E+015   6.94369315E+013   1.00000000E-014   1.61000000E-012
       162     1.19999997E+001   7.13699755E+003  -2.93199423E-020   4.03585155E-020  -1.19999997E+001   2.31949486E-020   1.50583635E-019  -1.50583635E-019  -7.00404782E+003  -7.00384227E+003  -1.41307893E+004  -2.19711218E+002   1.01374817E+000   1.01351093E+000   1.05700712E-001   1.19086452E+001   0.00000000E+000   1.28019863E+015   7.12886615E+013   1.00000000E-014   1.62000000E-012
       163     1.19999997E+001   7.13666325E+003   3.44294363E-020   9.04703664E-020  -1.19999997E+001   2.67641037E-020   0.00000000E+000   1.50583635E-019  -7.00416479E+003  -7.00395473E+003  -1.41305598E+004  -2.19812511E+002   1.01979051E+000   1.01986571E+000   1.06384750E-001   1.19080547E+001   0.00000000E+000   1.28027082E+015   7.20306889E+013   1.00000000E-014   1.63000000E-012
       164     1.19999997E+001   7.13630957E+003  -1.48460969E-020  -3.86785203E-020  -1.19999997E+001   1.25907732E-020   1.50583635E-019  -1.50583635E-019  -7.00429125E+003  -7.00407101E+003  -1.41303171E+004  -2.19919682E+002   1.02488151E+000   1.02665146E+000   1.07108414E-001   1.19074300E+001   0.00000000E+000   1.27666793E+015   7.55951346E+013   1.00000000E-014   1.64000000E-012
       165     1.19999997E+001   7.13592446E+003   2.70629514E-020   2.40219856E-020  -1.19999997E+001   6.84721729E-021   1.50583635E-019  -1.50583635E-019  -7.00442416E+003  -7.00420241E+003  -1.41300528E+004  -2.20036376E+002   1.03250142E+000   1.03101057E+000   1.07896269E-001   1.19067498E+001   0.00000000E+000   1.26516690E+015   8.35920785E+013   1.00000000E-014   1.65000000E-012
       166     1.19999997E+001   7.13554230E+003  -1.46888677E-020   2.79256211E-020  -1.19999997E+001  -1.14061529E-020   1.50583635E-019   0.00000000E+000  -7.00455746E+003  -7.00433141E+003  -1.41297905E+004  -2.20152177E+002   1.03827922E+000   1.04002252E+000   1.08678325E-001   1.19060748E+001   0.00000000E+000   1.25432640E+015   8.98901593E+013   1.00000000E-014   1.66000000E-012
       167     1.19999997E+001   7.13519641E+003   7.16252605E-021  -3.20983864E-020  -1.19999997E+001   7.54066319E-021   1.50583635E-019  -1.50583635E-019  -7.00467625E+003  -7.00445002E+003  -1.41295531E+004  -2.20256993E+002   1.04137635E+000   1.05247996E+000   1.09386338E-001   1.19054639E+001   0.00000000E+000   1.24887744E+015   9.12086154E+013   1.00000000E-014   1.67000000E-012
       168     1.19999997E+001   7.13486397E+003   2.12230258E-020  -8.91372198E-020  -1.19999997E+001   2.96521272E-021   4.51750905E-019   1.50583635E-019  -7.00479242E+003  -7.00456202E+003  -1.41293249E+004  -2.20357732E+002   1.04556153E+000   1.06058605E+000   1.10066633E-001   1.19048767E+001   0.00000000E+000   1.24776486E+015   9.24761704E+013   1.00000000E-014   1.68000000E-012
       169     1.19999997E+001   7.13451005E+003  -2.90273976E-020  -4.47421419E-020  -1.19999997E+001   3.14823002E-020  -1.50583635E-019  -1.50583635E-019  -7.00491456E+003  -7.00468281E+003  -1.41290820E+004  -2.20464984E+002   1.05366052E+000   1.06207269E+000   1.10790634E-001   1.19042515E+001   0.00000000E+000   1.24222945E+015   9.68722145E+013   1.00000000E-014   1.69000000E-012
       170     1.19999997E+001   7.13415805E+003   1.50821880E-020  -4.17765701E-020  -1.19999997E+001  -1.73591965E-020   0.00000000E+000   0.00000000E+000  -7.00503588E+003  -7.00480309E+003  -1.41288404E+004  -2.20571653E+002   1.05583177E+000   1.07304475E+000   1.11510970E-001   1.19036298E+001   0.00000000E+000   1.23540543E+015   1.01241458E+014   1.00000000E-014   1.70000000E-012
       171     1.19999997E+001   7.13383035E+003  -5.24576206E-020   6.43464705E-020  -1.19999997E+001  -9.13923281E-021   1.50583635E-019  -1.50583635E-019  -7.00515006E+003  -7.00491386E+003  -1.41286154E+004  -2.20670963E+002   1.06218445E+000   1.08068314E+000   1.12181753E-001   1.19030510E+001   0.00000000E+000   1.23545416E+015   1.01799360E+014   1.00000000E-014   1.71000000E-012
       172     1.19999997E+001   7.13350994E+003   3.31164128E-020  -3.54044432E-020  -1.19999997E+001   1.54030077E-021  -4.51750905E-019   0.00000000E+000  -7.00526163E+003  -7.00502222E+003  -1.41283955E+004  -2.20768064E+002   1.06720188E+000   1.08675384E+000   1.12837424E-001   1.19024851E+001   0.00000000E+000   1.23654701E+015   1.02412342E+014   1.00000000E-014   1.72000000E-012
       173     1.19999997E+001   7.13318485E+003   5.09711278E-020  -5.03221644E-020  -1.19999997E+001   2.20297153E-020  -1.50583635E-019   1.50583635E-019  -7.00537564E+003  -7.00513136E+003  -1.41281723E+004  -2.20866584E+002   1.07229532E+000   1.09350769E+000   1.13502724E-001   1.19019109E+001   0.00000000E+000   1.23674526E+015   1.03684150E+014   1.00000000E-014   1.73000000E-012
       174     1.19999997E+001   7.13284554E+003  -5.26742439E-021  -5.16997756E-021  -1.19999997E+001  -2.67988208E-020   0.00000000E+000  -3.01167270E-019  -7.00549198E+003  -7.00524794E+003  -1.41279394E+004  -2.20969416E+002   1.07768544E+000   1.10023259E+000   1.14197099E-001   1.19013116E+001   0.00000000E+000   1.23110529E+015   1.06447815E+014   1.00000000E-014   1.74000000E-012
       175     1.19999997E+001   7.13250991E+003  -8.82157248E-021   1.04814985E-019  -1.19999997E+001   2.38080818E-020  -1.50583635E-019  -1.50583635E-019  -7.00560855E+003  -7.00536176E+003  -1.41277090E+004  -2.21071131E+002   1.08416098E+000   1.10407974E+000   1.14883822E-001   1.19007188E+001   0.00000000E+000   1.22741003E+015   1.09315751E+014   1.00000000E-014   1.75000000E-012
       176     1.19999997E+001   7.13216251E+003  -1.43979330E-020   8.79450242E-021  -1.19999997E+001  -4.32697317E-021   0.00000000E+000  -3.01167270E-019  -7.00573017E+003  -7.00547861E+003  -1.41274706E+004  -2.21176418E+002   1.08944367E+000   1.11126097E+000   1.15594802E-001   1.19001052E+001   0.00000000E+000   1.22065158E+015   1.13764183E+014   1.00000000E-014   1.76000000E-012
       177     1.19999997E+001   7.13182931E+003   1.37110213E-020  -2.39339136E-020  -1.19999997E+001  -7.53588824E-021   0.00000000E+000   0.00000000E+000  -7.00584543E+003  -7.00559208E+003  -1.41272418E+004  -2.21277403E+002   1.09201085E+000   1.12039670E+000   1.16276707E-001   1.18995166E+001   0.00000000E+000   1.21733719E+015   1.17138518E+014   1.00000000E-014   1.77000000E-012
       178     1.19999997E+001   7.13150745E+003   7.48250206E-021  -1.32474106E-020  -1.19999997E+001  -1.11397246E-020   0.00000000E+000   0.00000000E+000  -7.00595650E+003  -7.00570197E+003  -1.41270209E+004  -2.21374951E+002   1.09623055E+000   1.12643262E+000   1.16935324E-001   1.18989481E+001   0.00000000E+000   1.21568004E+015   1.18961409E+014   1.00000000E-014   1.78000000E-012
       179     1.19999997E+001   7.13119456E+003  -4.13157329E-020  -1.56680179E-020  -1.19999997E+001  -5.20538584E-021   0.00000000E+000   1.50583635E-019  -7.00606581E+003  -7.00580746E+003  -1.41268061E+004  -2.21469784E+002   1.10140038E+000   1.13313589E+000   1.17575767E-001   1.18983955E+001   0.00000000E+000   1.21209886E+015   1.19717752E+014   1.00000000E-014   1.79000000E-012
       180     1.19999997E+001   7.13087654E+003  -4.79473591E-020  -1.24655674E-019  -1.19999997E+001   2.43315680E-020   1.50583635E-019   1.50583635E-019  -7.00617750E+003  -7.00591409E+003  -1.41265878E+004  -2.21566172E+002   1.10554344E+000   1.13976835E+000   1.18226610E-001   1.18978338E+001   0.00000000E+000   1.21265815E+015   1.20330172E+014   1.00000000E-014   1.80000000E-012
       181     1.19999997E+001   7.13055386E+003  -1.82914621E-020   1.11215340E-019  -1.19999997E+001  -6.40845973E-021  -1.50583635E-019   1.50583635E-019  -7.00628946E+003  -7.00602365E+003  -1.41263662E+004  -2.21663972E+002   1.11158172E+000   1.14488445E+000   1.18886995E-001   1.18972638E+001   0.00000000E+000   1.21088560E+015   1.22139272E+014   1.00000000E-014   1.81000000E-012
       182     1.19999997E+001   7.13023462E+003  -1.08634592E-020  -2.96509066E-020  -1.19999997E+001  -1.89439080E-020   1.50583635E-019   0.00000000E+000  -7.00639983E+003  -7.00613244E+003  -1.41261471E+004  -2.21760734E+002   1.11605535E+000   1.15153363E+000   1.19540372E-001   1.18967000E+001   0.00000000E+000   1.21004476E+015   1.23810620E+014   1.00000000E-014   1.82000000E-012
       183     1.19999997E+001   7.12991440E+003   2.69382999E-020   4.83214112E-020  -1.19999997E+001   5.40377994E-021   0.00000000E+000   0.00000000E+000  -7.00651130E+003  -7.00624083E+003  -1.41259272E+004  -2.21857794E+002   1.12077406E+000   1.16015197E+000   1.20195944E-001   1.18961344E+001   0.00000000E+000   1.20905963E+015   1.25649608E+014   1.00000000E-014   1.83000000E-012
       184     1.19999997E+001   7.12960511E+003  -2.67588979E-020  -2.95779000E-020  -1.19999997E+001   3.59098347E-021  -1.50583635E-019  -1.50583635E-019  -7.00661995E+003  -7.00634452E+003  -1.41257149E+004  -2.21951543E+002   1.12436207E+000   1.16786428E+000   1.20829032E-001   1.18955881E+001   0.00000000E+000   1.21000637E+015   1.26358544E+014   1.00000000E-014   1.84000000E-012
       185     1.19999997E+001   7.12929614E+003   2.23916787E-020   4.92942920E-020  -1.19999997E+001   2.01054075E-020   0.00000000E+000  -1.50583635E-019  -7.00672724E+003  -7.00644935E+003  -1.41255028E+004  -2.22045195E+002   1.12869026E+000   1.17487467E+000   1.21461465E-001   1.18950424E+001   0.00000000E+000   1.21097536E+015   1.27048918E+014   1.00000000E-014   1.85000000E-012
       186     1.19999997E+001   7.12898422E+003   3.39472195E-020   7.63663894E-020  -1.19999997E+001  -1.29015403E-020  -1.50583635E-019   1.50583635E-019  -7.00683489E+003  -7.00655585E+003  -1.41252886E+004  -2.22139743E+002   1.13278583E+000   1.18340792E+000   1.22100022E-001   1.18944915E+001   0.00000000E+000   1.21153212E+015   1.27572945E+014   1.00000000E-014   1.86000000E-012
       187     1.19999997E+001   7.12866942E+003   2.23558485E-020   3.89591657E-021  -1.19999997E+001   1.13299690E-020   0.00000000E+000   3.01167270E-019  -7.00694317E+003  -7.00666370E+003  -1.41250725E+004  -2.22235165E+002   1.13663494E+000   1.19133514E+000   1.22744417E-001   1.18939354E+001   0.00000000E+000   1.21212858E+015   1.28071380E+014   1.00000000E-014   1.87000000E-012
       188     1.19999997E+001   7.12835886E+003   2.30566902E-020   3.00692718E-020  -1.19999997E+001   1.63764169E-020   0.00000000E+000  -1.50583635E-019  -7.00705133E+003  -7.00676877E+003  -1.41248592E+004  -2.22329304E+002   1.14110664E+000   1.19885125E+000   1.23380184E-001   1.18933869E+001   0.00000000E+000   1.21280862E+015   1.28707191E+014   1.00000000E-014   1.88000000E-012
       189     1.19999997E+001   7.12804276E+003  -3.68156406E-020  -1.06020752E-019  -1.19999997E+001  -9.29052357E-021   0.00000000E+000   0.00000000E+000  -7.00716195E+003  -7.00687519E+003  -1.41246422E+004  -2.22425124E+002   1.14845564E+000   1.20479621E+000   1.24027384E-001   1.18928286E+001   0.00000000E+000   1.21185495E+015   1.30411279E+014   1.00000000E-014   1.89000000E-012
       190     1.19999997E+001   7.12773145E+003  -1.58423397E-020   9.86123870E-020  -1.19999997E+001   5.18427550E-021  -1.50583635E-019  -1.50583635E-019  -7.00726963E+003  -7.00698125E+003  -1.41244285E+004  -2.22519493E+002   1.15412029E+000   1.21165987E+000   1.24664730E-001   1.18922787E+001   0.00000000E+000   1.21136978E+015   1.32196305E+014   1.00000000E-014   1.90000000E-012
       191     1.19999997E+001   7.12741620E+003  -1.32640422E-020  -6.52731668E-020  -1.19999997E+001  -1.13046940E-020   3.01167270E-019   1.50583635E-019  -7.00738039E+003  -7.00708695E+003  -1.41242120E+004  -2.22615056E+002   1.15899265E+000   1.22000086E+000   1.25310203E-001   1.18917219E+001   0.00000000E+000   1.21130431E+015   1.33346946E+014   1.00000000E-014   1.91000000E-012
       192     1.19999997E+001   7.12711298E+003  -2.65811474E-020  -2.43892803E-020  -1.19999997E+001   1.25997845E-021   1.50583635E-019   1.50583635E-019  -7.00748600E+003  -7.00718954E+003  -1.41240038E+004  -2.22706974E+002   1.16313200E+000   1.22754817E+000   1.25930972E-001   1.18911864E+001   0.00000000E+000   1.21280969E+015   1.33932299E+014   1.00000000E-014   1.92000000E-012
       193     1.19999997E+001   7.12678391E+003   2.33693961E-020  -1.13257666E-019  -1.19999997E+001  -7.54199156E-021  -1.50583635E-019  -1.50583635E-019  -7.00760066E+003  -7.00730083E+003  -1.41237779E+004  -2.22806730E+002   1.17134415E+000   1.23196183E+000   1.26604654E-001   1.18906052E+001   0.00000000E+000   1.20596859E+015   1.38995697E+014   1.00000000E-014   1.93000000E-012
       194     1.19999997E+001   7.12646887E+003  -4.18608320E-020   1.34261466E-019  -1.19999997E+001  -4.38434446E-021   1.50583635E-019  -1.50583635E-019  -7.00771044E+003  -7.00740737E+003  -1.41235615E+004  -2.22902235E+002   1.17210505E+000   1.24188511E+000   1.27249550E-001   1.18900487E+001   0.00000000E+000   1.20459578E+015   1.41234902E+014   1.00000000E-014   1.94000000E-012
       195     1.19999997E+001   7.12616857E+003  -4.62957623E-020  -4.77629667E-020  -1.19999997E+001  -2.27094826E-020   1.50583635E-019   0.00000000E+000  -7.00781502E+003  -7.00750899E+003  -1.41233553E+004  -2.22993276E+002   1.17623834E+000   1.24978509E+000   1.27864428E-001   1.18895183E+001   0.00000000E+000   1.20612477E+015   1.41785876E+014   1.00000000E-014   1.95000000E-012
       196     1.19999997E+001   7.12586510E+003  -4.73316768E-021   5.78142882E-020  -1.19999997E+001   4.22806333E-021   1.50583635E-019  -1.50583635E-019  -7.00792206E+003  -7.00761034E+003  -1.41231470E+004  -2.23085276E+002   1.18100835E+000   1.25729528E+000   1.28485807E-001   1.18889823E+001   0.00000000E+000   1.20753111E+015   1.42315380E+014   1.00000000E-014   1.96000000E-012
       197     1.19999997E+001   7.12556071E+003   1.01632637E-020   4.14353222E-020  -1.19999997E+001   1.40234758E-020  -1.50583635E-019  -3.01167270E-019  -7.00802649E+003  -7.00771493E+003  -1.41229379E+004  -2.23177556E+002   1.18410362E+000   1.26568828E+000   1.29108996E-001   1.18884447E+001   0.00000000E+000   1.20843354E+015   1.42832934E+014   1.00000000E-014   1.97000000E-012
       198     1.19999997E+001   7.12525402E+003  -5.62863377E-021  -4.14085753E-020  -1.19999997E+001   5.91541844E-021   0.00000000E+000  -1.50583635E-019  -7.00813219E+003  -7.00781983E+003  -1.41227273E+004  -2.23270534E+002   1.18905005E+000   1.27465051E+000   1.29737072E-001   1.18879030E+001   0.00000000E+000   1.20929397E+015   1.43327096E+014   1.00000000E-014   1.98000000E-012
       199     1.19999997E+001   7.12495004E+003   2.31825983E-021   5.76778968E-020  -1.19999997E+001   3.14224158E-020  -4.51750905E-019   0.00000000E+000  -7.00823661E+003  -7.00792415E+003  -1.41225186E+004  -2.23362696E+002   1.19206712E+000   1.28409616E+000   1.30359538E-001   1.18873661E+001   0.00000000E+000   1.20976359E+015   1.44268227E+014   1.00000000E-014   1.99000000E-012
       200     1.19999997E+001   7.12465056E+003   2.00395633E-020   4.38631009E-020  -1.19999997E+001   5.92058832E-021   0.00000000E+000   0.00000000E+000  -7.00834119E+003  -7.00802523E+003  -1.41223129E+004  -2.23453490E+002   1.19760825E+000   1.29201585E+000   1.30972867E-001   1.18868372E+001   0.00000000E+000   1.21127723E+015   1.44722088E+014   1.00000000E-014   2.00000000E-012
       201     1.19999997E+001   7.12434535E+003   2.82111312E-020  -8.12065897E-020  -1.19999997E+001  -4.54784188E-021  -3.01167270E-019  -1.50583635E-019  -7.00844640E+003  -7.00812960E+003  -1.41221033E+004  -2.23546025E+002   1.19997909E+000   1.30276662E+000   1.31597909E-001   1.18862981E+001   0.00000000E+000   1.21214421E+015   1.45154760E+014   1.00000000E-014   2.01000000E-012
       202     1.19999997E+001   7.12404613E+003   2.69436852E-021  -5.94093394E-020  -1.19999997E+001  -1.59013266E-021   0.00000000E+000   3.01167270E-019  -7.00855091E+003  -7.00823058E+003  -1.41218979E+004  -2.23636746E+002   1.20302420E+000   1.31124494E+000   1.32210607E-001   1.18857696E+001   0.00000000E+000   1.21400749E+015   1.45562801E+014   1.00000000E-014   2.02000000E-012
       203     1.19999997E+001   7.12374166E+003   1.24383335E-020   1.05314489E-019  -1.19999997E+001   2.09494261E-020  -1.50583635E-019   1.50583635E-019  -7.00865615E+003  -7.00833443E+003  -1.41216888E+004  -2.23729058E+002   1.20759295E+000   1.31985505E+000   1.32834149E-001   1.18852319E+001   0.00000000E+000   1.21469413E+015   1.46520330E+014   1.00000000E-014   2.03000000E-012
       204     1.19999997E+001   7.12344087E+003  -3.85704554E-020  -9.78869166E-020  -1.19999997E+001   6.31095007E-021   3.01167270E-019  -1.50583635E-019  -7.00876110E+003  -7.00843605E+003  -1.41214822E+004  -2.23820257E+002   1.21229051E+000   1.32814605E+000   1.33450173E-001   1.18847006E+001   0.00000000E+000   1.21535848E+015   1.46892299E+014   1.00000000E-014   2.04000000E-012
       205     1.19999997E+001   7.12312744E+003  -1.32767515E-020   1.00257198E-019  -1.19999997E+001  -3.70167632E-020  -3.01167270E-019  -1.50583635E-019  -7.00887115E+003  -7.00854124E+003  -1.41212670E+004  -2.23915288E+002   1.21595260E+000   1.33584571E+000   1.34091923E-001   1.18841470E+001   0.00000000E+000   1.21309685E+015   1.49715122E+014   1.00000000E-014   2.05000000E-012
       206     1.19999997E+001   7.12282241E+003  -2.33355406E-021   9.18822100E-020  -1.19999997E+001  -1.43762842E-020   0.00000000E+000   3.01167270E-019  -7.00897538E+003  -7.00864650E+003  -1.41210575E+004  -2.24007776E+002   1.21936938E+000   1.34612060E+000   1.34716689E-001   1.18836083E+001   0.00000000E+000   1.21305927E+015   1.51296269E+014   1.00000000E-014   2.06000000E-012
       207     1.19999997E+001   7.12252091E+003  -1.59754282E-020   7.06078355E-020  -1.19999997E+001   3.03668989E-020  -1.50583635E-019  -1.50583635E-019  -7.00908115E+003  -7.00874779E+003  -1.41208504E+004  -2.24099195E+002   1.22386391E+000   1.35413533E+000   1.35334166E-001   1.18830757E+001   0.00000000E+000   1.21254658E+015   1.53118919E+014   1.00000000E-014   2.07000000E-012
       208     1.19999997E+001   7.12221444E+003   1.09004023E-020   5.71463327E-020  -1.19999997E+001  -1.57673765E-020   6.02334540E-019   0.00000000E+000  -7.00918931E+003  -7.00885011E+003  -1.41206399E+004  -2.24192121E+002   1.22845916E+000   1.36171906E+000   1.35961786E-001   1.18825345E+001   0.00000000E+000   1.21128589E+015   1.55439207E+014   1.00000000E-014   2.08000000E-012
       209     1.19999997E+001   7.12191436E+003  -5.07157933E-021  -1.00614064E-019  -1.19999997E+001   1.41302841E-020  -1.50583635E-019  -6.02334540E-019  -7.00929452E+003  -7.00895100E+003  -1.41204338E+004  -2.24283109E+002   1.23419841E+000   1.36840435E+000   1.36576344E-001   1.18820045E+001   0.00000000E+000   1.21113054E+015   1.56277709E+014   1.00000000E-014   2.09000000E-012
       210     1.19999997E+001   7.12161259E+003  -3.56201061E-020  -2.96022953E-020  -1.19999997E+001  -3.77092757E-020   0.00000000E+000  -1.50583635E-019  -7.00939936E+003  -7.00905341E+003  -1.41202266E+004  -2.24374611E+002   1.23923038E+000   1.37517722E+000   1.37194315E-001   1.18814715E+001   0.00000000E+000   1.21058734E+015   1.57601950E+014   1.00000000E-014   2.10000000E-012
       211     1.19999997E+001   7.12131452E+003   1.47106389E-020   6.26938640E-020  -1.19999997E+001   1.55359885E-020   0.00000000E+000  -1.50583635E-019  -7.00950328E+003  -7.00915422E+003  -1.41200218E+004  -2.24464996E+002   1.24395240E+000   1.38392230E+000   1.37804892E-001   1.18809450E+001   0.00000000E+000   1.21209476E+015   1.57931599E+014   1.00000000E-014   2.11000000E-012
       212     1.19999997E+001   7.12101353E+003   1.93826656E-020   2.51641698E-020  -1.19999997E+001  -1.14854602E-020   1.50583635E-019   1.50583635E-019  -7.00960852E+003  -7.00925570E+003  -1.41198151E+004  -2.24556264E+002   1.24677739E+000   1.39334311E+000   1.38421346E-001   1.18804134E+001   0.00000000E+000   1.21277228E+015   1.58778901E+014   1.00000000E-014   2.12000000E-012
       213     1.19999997E+001   7.12071297E+003   1.42796361E-021   1.80749016E-020  -1.19999997E+001   5.12431927E-021   1.50583635E-019   1.50583635E-019  -7.00971441E+003  -7.00935624E+003  -1.41196087E+004  -2.24647406E+002   1.25087203E+000   1.40100774E+000   1.39036902E-001   1.18798826E+001   0.00000000E+000   1.21306950E+015   1.60139380E+014   1.00000000E-014   2.13000000E-012
       214     1.19999997E+001   7.12041138E+003  -1.29705797E-020  -4.85035160E-022  -1.19999997E+001  -6.41912260E-021   4.51750905E-019  -3.01167270E-019  -7.00981891E+003  -7.00945890E+003  -1.41194015E+004  -2.24738862E+002   1.25371354E+000   1.41033866E+000   1.39654611E-001   1.18793499E+001   0.00000000E+000   1.21319065E+015   1.61551361E+014   1.00000000E-014   2.14000000E-012
       215     1.19999997E+001   7.12010917E+003   4.14250902E-021  -5.79084590E-020  -1.19999997E+001  -3.82122259E-021   0.00000000E+000   1.50583635E-019  -7.00992658E+003  -7.00955880E+003  -1.41191940E+004  -2.24830506E+002   1.26124036E+000   1.41953774E+000   1.40273940E-001   1.18788161E+001   0.00000000E+000   1.21394181E+015   1.61908918E+014   1.00000000E-014   2.15000000E-012
       216     1.19999997E+001   7.11980840E+003   1.29577269E-021  -1.03494440E-019  -1.19999997E+001  -2.04066606E-022   0.00000000E+000   0.00000000E+000  -7.01003194E+003  -7.00966003E+003  -1.41189874E+004  -2.24921714E+002   1.26429675E+000   1.42870099E+000   1.40889987E-001   1.18782849E+001   0.00000000E+000   1.21502785E+015   1.62312104E+014   1.00000000E-014   2.16000000E-012
       217     1.19999997E+001   7.11950810E+003  -1.84686741E-021  -7.81628954E-020  -1.19999997E+001   1.11108953E-020  -3.01167270E-019  -1.50583635E-019  -7.01013511E+003  -7.00976314E+003  -1.41187811E+004  -2.25012781E+002   1.26826914E+000   1.43668849E+000   1.41505039E-001   1.18777545E+001   0.00000000E+000   1.21632109E+015   1.63134195E+014   1.00000000E-014   2.17000000E-012
       218     1.19999997E+001   7.11920560E+003   2.66893199E-020   3.32187692E-020  -1.19999997E+001   1.66988163E-020  -3.01167270E-019  -1.50583635E-019  -7.01023980E+003  -7.00986622E+003  -1.41185733E+004  -2.25104516E+002   1.27337057E+000   1.44358214E+000   1.42124593E-001   1.18772202E+001   0.00000000E+000   1.21687586E+015   1.63964285E+014   1.00000000E-014   2.18000000E-012
       219     1.19999997E+001   7.11890650E+003   4.23336964E-020   4.56202314E-020  -1.19999997E+001  -8.16876757E-021   3.01167270E-019  -1.50583635E-019  -7.01034420E+003  -7.00996727E+003  -1.41183679E+004  -2.25195220E+002   1.27711688E+000   1.45168223E+000   1.42737203E-001   1.18766920E+001   0.00000000E+000   1.21789829E+015   1.64540856E+014   1.00000000E-014   2.19000000E-012
       220     1.19999997E+001   7.11860681E+003   3.78921960E-020  -2.40415162E-020  -1.19999997E+001   2.21835551E-020   0.00000000E+000   0.00000000E+000  -7.01044971E+003  -7.01006762E+003  -1.41181620E+004  -2.25286105E+002   1.27884784E+000   1.46183618E+000   1.43351076E-001   1.18761627E+001   0.00000000E+000   1.21918823E+015   1.65133246E+014   1.00000000E-014   2.20000000E-012
       221     1.19999997E+001   7.11830796E+003   1.54040848E-021  -6.76113881E-020  -1.19999997E+001   2.36721212E-020   1.50583635E-019   3.01167270E-019  -7.01055420E+003  -7.01016842E+003  -1.41179567E+004  -2.25376738E+002   1.28249076E+000   1.47049727E+000   1.43963252E-001   1.18756348E+001   0.00000000E+000   1.22038622E+015   1.65904663E+014   1.00000000E-014   2.21000000E-012
       222     1.19999997E+001   7.11801111E+003   8.85700769E-021  -4.75564229E-021  -1.19999997E+001   3.75971539E-020  -3.01167270E-019   1.50583635E-019  -7.01065775E+003  -7.01026879E+003  -1.41177528E+004  -2.25466766E+002   1.28563923E+000   1.47881936E+000   1.44571279E-001   1.18751106E+001   0.00000000E+000   1.22273623E+015   1.65928428E+014   1.00000000E-014   2.22000000E-012
       223     1.19999997E+001   7.11770988E+003   1.63205535E-020   4.86843181E-020  -1.19999997E+001   2.51411207E-020  -3.01167270E-019   3.01167270E-019  -7.01076291E+003  -7.01037055E+003  -1.41175459E+004  -2.25558121E+002   1.29108559E+000   1.48610362E+000   1.45188339E-001   1.18745785E+001   0.00000000E+000   1.22151999E+015   1.68234521E+014   1.00000000E-014   2.23000000E-012
       224     1.19999997E+001   7.11740876E+003  -2.67776746E-020   3.09474691E-021  -1.19999997E+001   1.88852442E-020   1.50583635E-019   3.01167270E-019  -7.01086708E+003  -7.01047324E+003  -1.41173390E+004  -2.25649448E+002   1.29543637E+000   1.49353111E+000   1.45805134E-001   1.18740467E+001   0.00000000E+000   1.22337307E+015   1.68151268E+014   1.00000000E-014   2.24000000E-012
       225     1.19999997E+001   7.11711010E+003   5.44490202E-020   9.49357774E-020  -1.19999997E+001   2.95422673E-021  -4.51750905E-019   1.50583635E-019  -7.01097083E+003  -7.01057465E+003  -1.41171339E+004  -2.25740027E+002   1.29848866E+000   1.50255124E+000   1.46416929E-001   1.18735192E+001   0.00000000E+000   1.22461992E+015   1.68991311E+014   1.00000000E-014   2.25000000E-012
       226     1.19999997E+001   7.11680525E+003   1.33964126E-020   9.50956128E-020  -1.19999997E+001   6.43183189E-021   3.01167270E-019   0.00000000E+000  -7.01107734E+003  -7.01067756E+003  -1.41169245E+004  -2.25832485E+002   1.30282105E+000   1.51159968E+000   1.47041489E-001   1.18729808E+001   0.00000000E+000   1.22503997E+015   1.69768297E+014   1.00000000E-014   2.26000000E-012
       227     1.19999997E+001   7.11650222E+003   3.82301769E-020   8.09511834E-020  -1.19999997E+001   2.05472526E-020   3.01167270E-019  -1.50583635E-019  -7.01118203E+003  -7.01078105E+003  -1.41167163E+004  -2.25924396E+002   1.30665467E+000   1.52122390E+000   1.47662363E-001   1.18724456E+001   0.00000000E+000   1.22625042E+015   1.70492170E+014   1.00000000E-014   2.27000000E-012
       228     1.19999997E+001   7.11620173E+003  -5.17912717E-020  -6.67767399E-020  -1.19999997E+001  -3.15032311E-021   1.50583635E-019  -1.50583635E-019  -7.01128655E+003  -7.01088296E+003  -1.41165098E+004  -2.26015533E+002   1.30994639E+000   1.52870790E+000   1.48277818E-001   1.18719149E+001   0.00000000E+000   1.22806054E+015   1.70763863E+014   1.00000000E-014   2.28000000E-012
       229     1.19999997E+001   7.11589818E+003   4.46468582E-020  -1.07759087E-019  -1.19999997E+001  -1.44670443E-021   0.00000000E+000   4.51750905E-019  -7.01139391E+003  -7.01098413E+003  -1.41163013E+004  -2.26107600E+002   1.31352013E+000   1.53683436E+000   1.48899630E-001   1.18713788E+001   0.00000000E+000   1.22932270E+015   1.70787949E+014   1.00000000E-014   2.29000000E-012
       230     1.19999997E+001   7.11559532E+003  -6.62868221E-020  -4.42016741E-020  -1.19999997E+001  -1.17884008E-020   0.00000000E+000  -1.50583635E-019  -7.01149788E+003  -7.01108823E+003  -1.41160932E+004  -2.26199463E+002   1.31824573E+000   1.54580197E+000   1.49520182E-001   1.18708438E+001   0.00000000E+000   1.23079002E+015   1.71055720E+014   1.00000000E-014   2.30000000E-012
       231     1.19999997E+001   7.11528849E+003  -3.32358854E-020  -1.44119707E-020  -1.19999997E+001  -1.24787950E-021   1.50583635E-019   3.01167270E-019  -7.01160507E+003  -7.01119184E+003  -1.41158824E+004  -2.26292527E+002   1.32304867E+000   1.55359279E+000   1.50148767E-001   1.18703019E+001   0.00000000E+000   1.23058193E+015   1.72537529E+014   1.00000000E-014   2.31000000E-012
       232     1.19999997E+001   7.11498485E+003   1.14977028E-020  -3.38805137E-020  -1.19999997E+001  -2.81574219E-020  -1.50583635E-019   0.00000000E+000  -7.01171064E+003  -7.01129488E+003  -1.41156738E+004  -2.26384628E+002   1.32614473E+000   1.56339359E+000   1.50770894E-001   1.18697657E+001   0.00000000E+000   1.23190340E+015   1.72797740E+014   1.00000000E-014   2.32000000E-012
       233     1.19999997E+001   7.11468112E+003   2.49658654E-020  -1.34846021E-019  -1.19999997E+001   3.82894510E-020  -3.01167270E-019  -1.50583635E-019  -7.01181547E+003  -7.01139872E+003  -1.41154652E+004  -2.26476757E+002   1.32854625E+000   1.57441698E+000   1.51393263E-001   1.18692292E+001   0.00000000E+000   1.23260022E+015   1.73616991E+014   1.00000000E-014   2.33000000E-012
       234     1.19999997E+001   7.11438257E+003   4.91049093E-020   1.20492714E-019  -1.19999997E+001  -1.84451942E-020  -1.50583635E-019  -1.50583635E-019  -7.01191990E+003  -7.01149941E+003  -1.41152600E+004  -2.26567316E+002   1.33218144E+000   1.58235625E+000   1.52004886E-001   1.18687019E+001   0.00000000E+000   1.23478419E+015   1.73866424E+014   1.00000000E-014   2.34000000E-012
       235     1.19999997E+001   7.11408191E+003   8.68699407E-021  -9.90232846E-021  -1.19999997E+001   4.13277959E-021   1.50583635E-019   1.50583635E-019  -7.01202487E+003  -7.01160101E+003  -1.41150535E+004  -2.26658513E+002   1.33575393E+000   1.59011989E+000   1.52620793E-001   1.18681709E+001   0.00000000E+000   1.23672719E+015   1.74110276E+014   1.00000000E-014   2.35000000E-012
       236     1.19999997E+001   7.11378239E+003   2.65433427E-020  -3.40228290E-020  -1.19999997E+001   1.87149614E-021  -1.50583635E-019   4.51750905E-019  -7.01212978E+003  -7.01170188E+003  -1.41148477E+004  -2.26749370E+002   1.33925072E+000   1.59930592E+000   1.53234519E-001   1.18676419E+001   0.00000000E+000   1.23868151E+015   1.74349953E+014   1.00000000E-014   2.36000000E-012
       237     1.19999997E+001   7.11347905E+003  -1.03189704E-020   1.03542261E-019  -1.19999997E+001  -1.33327944E-020   3.01167270E-019   3.01167270E-019  -7.01223762E+003  -7.01180246E+003  -1.41146393E+004  -2.26841384E+002   1.34205873E+000   1.60838019E+000   1.53856020E-001   1.18671062E+001   0.00000000E+000   1.24025424E+015   1.74936821E+014   1.00000000E-014   2.37000000E-012
       238     1.19999997E+001   7.11317275E+003  -2.67671553E-020   5.11710298E-020  -1.19999997E+001   2.93805650E-020  -1.50583635E-019   0.00000000E+000  -7.01234429E+003  -7.01190624E+003  -1.41144288E+004  -2.26934302E+002   1.34738987E+000   1.61593311E+000   1.54483623E-001   1.18665652E+001   0.00000000E+000   1.24089399E+015   1.76248512E+014   1.00000000E-014   2.38000000E-012
       239     1.19999997E+001   7.11287100E+003  -2.21126847E-020  -1.01061797E-020  -1.19999997E+001   2.45323316E-020   0.00000000E+000   0.00000000E+000  -7.01245013E+003  -7.01200774E+003  -1.41142215E+004  -2.27025838E+002   1.34980606E+000   1.62542337E+000   1.55101890E-001   1.18660322E+001   0.00000000E+000   1.24314598E+015   1.76075866E+014   1.00000000E-014   2.39000000E-012
       240     1.19999997E+001   7.11257122E+003   7.94669255E-020   3.38428885E-020  -1.19999997E+001   1.27268415E-020   0.00000000E+000  -1.50583635E-019  -7.01255530E+003  -7.01210854E+003  -1.41140155E+004  -2.27116776E+002   1.35365422E+000   1.63403310E+000   1.55716146E-001   1.18655028E+001   0.00000000E+000   1.24590945E+015   1.76113746E+014   1.00000000E-014   2.40000000E-012
       241     1.19999997E+001   7.11226649E+003   1.71403742E-020  -6.78765239E-020  -1.19999997E+001   6.40077671E-021   0.00000000E+000  -1.50583635E-019  -7.01266118E+003  -7.01221206E+003  -1.41138061E+004  -2.27209220E+002   1.35704885E+000   1.64252046E+000   1.56340506E-001   1.18649646E+001   0.00000000E+000   1.24935795E+015   1.75928195E+014   1.00000000E-014   2.41000000E-012
       242     1.19999997E+001   7.11196159E+003  -5.09530333E-020   1.10999740E-019  -1.19999997E+001   1.10978629E-020  -1.50583635E-019  -4.51750905E-019  -7.01276870E+003  -7.01231404E+003  -1.41135966E+004  -2.27301714E+002   1.36004372E+000   1.65184144E+000   1.56965269E-001   1.18644261E+001   0.00000000E+000   1.25138519E+015   1.76178470E+014   1.00000000E-014   2.42000000E-012
       243     1.19999997E+001   7.11165419E+003   2.76010317E-020   4.35540750E-020  -1.19999997E+001   7.67436200E-021   1.50583635E-019  -1.50583635E-019  -7.01287591E+003  -7.01241805E+003  -1.41133854E+004  -2.27394968E+002   1.36428474E+000   1.65996741E+000   1.57595121E-001   1.18638832E+001   0.00000000E+000   1.25224185E+015   1.76798835E+014   1.00000000E-014   2.43000000E-012
       244     1.19999997E+001   7.11133070E+003  -3.90493155E-020   3.79092136E-020  -1.19999997E+001  -1.03612988E-022   0.00000000E+000   4.51750905E-019  -7.01298690E+003  -7.01252935E+003  -1.41131631E+004  -2.27493108E+002   1.36875756E+000   1.67032862E+000   1.58258114E-001   1.18633119E+001   0.00000000E+000   1.25291545E+015   1.78113303E+014   1.00000000E-014   2.44000000E-012
       245     1.19999997E+001   7.11102156E+003   1.66537235E-020   1.16458342E-019  -1.19999997E+001  -2.21846322E-020  -1.50583635E-019   0.00000000E+000  -7.01309525E+003  -7.01263342E+003  -1.41129507E+004  -2.27586892E+002   1.37459658E+000   1.67916245E+000   1.58891713E-001   1.18627659E+001   0.00000000E+000   1.25307756E+015   1.78502654E+014   1.00000000E-014   2.45000000E-012
       246     1.19999997E+001   7.11071785E+003   3.30888221E-020  -8.26718196E-020  -1.19999997E+001   1.39010502E-020   1.50583635E-019   1.50583635E-019  -7.01320107E+003  -7.01273630E+003  -1.41127420E+004  -2.27679032E+002   1.37829873E+000   1.68908814E+000   1.59514177E-001   1.18622295E+001   0.00000000E+000   1.25494268E+015   1.78677405E+014   1.00000000E-014   2.46000000E-012
       247     1.19999997E+001   7.11041625E+003   1.71417026E-020   1.98307935E-020  -1.19999997E+001   1.67236246E-020   0.00000000E+000   6.02334540E-019  -7.01330710E+003  -7.01283753E+003  -1.41125347E+004  -2.27770535E+002   1.38203228E+000   1.69789540E+000   1.60132258E-001   1.18616968E+001   0.00000000E+000   1.25765761E+015   1.78773974E+014   1.00000000E-014   2.47000000E-012
       248     1.19999997E+001   7.11011300E+003  -2.04752086E-020   6.21370250E-020  -1.19999997E+001   4.86381482E-021  -3.01167270E-019   3.01167270E-019  -7.01341349E+003  -7.01293953E+003  -1.41123263E+004  -2.27862537E+002   1.38581597E+000   1.70710538E+000   1.60753738E-001   1.18611612E+001   0.00000000E+000   1.26003139E+015   1.78888538E+014   1.00000000E-014   2.48000000E-012
       249     1.19999997E+001   7.10980121E+003  -5.55465873E-020  -4.62678306E-020  -1.19999997E+001  -1.29479974E-020   0.00000000E+000  -3.01167270E-019  -7.01352129E+003  -7.01304599E+003  -1.41121121E+004  -2.27957134E+002   1.39117543E+000   1.71658673E+000   1.61392832E-001   1.18606106E+001   0.00000000E+000   1.26215649E+015   1.79574515E+014   1.00000000E-014   2.49000000E-012
       250     1.19999997E+001   7.10948845E+003  -2.75203062E-020   2.56183293E-020  -1.19999997E+001   2.25215001E-020   1.50583635E-019   1.50583635E-019  -7.01363144E+003  -7.01315077E+003  -1.41118971E+004  -2.28052023E+002   1.39510114E+000   1.72384028E+000   1.62033636E-001   1.18600582E+001   0.00000000E+000   1.26256318E+015   1.81095830E+014   1.00000000E-014   2.50000000E-012
       251     1.19999997E+001   7.10917256E+003  -2.13075299E-020   8.11001046E-020  -1.19999997E+001  -2.78835620E-020   0.00000000E+000  -1.50583635E-019  -7.01374481E+003  -7.01325449E+003  -1.41116801E+004  -2.28147867E+002   1.39792753E+000   1.73235218E+000   1.62680932E-001   1.18595003E+001   0.00000000E+000   1.26106931E+015   1.82093173E+014   1.00000000E-014   2.51000000E-012
       252     1.19999997E+001   7.10886051E+003   2.07281265E-020   1.52075576E-020  -1.19999997E+001  -2.33042341E-020   1.50583635E-019   0.00000000E+000  -7.01385276E+003  -7.01336098E+003  -1.41114656E+004  -2.28242543E+002   1.40023633E+000   1.74126252E+000   1.63320313E-001   1.18589492E+001   0.00000000E+000   1.26134532E+015   1.82919811E+014   1.00000000E-014   2.52000000E-012
       253     1.19999997E+001   7.10855159E+003   1.84080896E-020  -5.77884747E-020  -1.19999997E+001   2.97960222E-020  -3.01167270E-019   3.01167270E-019  -7.01396099E+003  -7.01346505E+003  -1.41112533E+004  -2.28336274E+002   1.40143999E+000   1.74905715E+000   1.63953163E-001   1.18584036E+001   0.00000000E+000   1.26260283E+015   1.83518261E+014   1.00000000E-014   2.53000000E-012
       254     1.19999997E+001   7.10824416E+003   9.06281554E-021  -1.46361783E-019  -1.19999997E+001  -9.96813671E-021   1.50583635E-019   0.00000000E+000  -7.01406733E+003  -7.01356999E+003  -1.41110420E+004  -2.28429554E+002   1.40528924E+000   1.75841549E+000   1.64583264E-001   1.18578606E+001   0.00000000E+000   1.26520383E+015   1.83872965E+014   1.00000000E-014   2.54000000E-012
       255     1.19999997E+001   7.10793319E+003   7.13597657E-021  -9.70001387E-020  -1.19999997E+001  -3.80632329E-022   1.50583635E-019   6.02334540E-019  -7.01417556E+003  -7.01367547E+003  -1.41108283E+004  -2.28523908E+002   1.41021192E+000   1.76719770E+000   1.65220640E-001   1.18573114E+001   0.00000000E+000   1.26839996E+015   1.84129052E+014   1.00000000E-014   2.55000000E-012
       256     1.19999997E+001   7.10763198E+003   1.96979833E-020   1.41450290E-019  -1.19999997E+001   7.19844594E-021   1.50583635E-019   1.50583635E-019  -7.01428058E+003  -7.01377748E+003  -1.41106213E+004  -2.28615305E+002   1.41687936E+000   1.77506185E+000   1.65838112E-001   1.18567794E+001   0.00000000E+000   1.27207587E+015   1.84034011E+014   1.00000000E-014   2.56000000E-012
       257     1.19999997E+001   7.10733127E+003   5.67072879E-020  -1.05275248E-020  -1.19999997E+001  -2.43170995E-021  -1.50583635E-019  -1.50583635E-019  -7.01438448E+003  -7.01388025E+003  -1.41104146E+004  -2.28706548E+002   1.42137453E+000   1.78253095E+000   1.66454360E-001   1.18562483E+001   0.00000000E+000   1.27449200E+015   1.84290176E+014   1.00000000E-014   2.57000000E-012
       258     1.19999997E+001   7.10702337E+003   2.78021723E-020  -5.70587320E-020  -1.19999997E+001   3.39513841E-021  -3.01167270E-019  -1.50583635E-019  -7.01449265E+003  -7.01398368E+003  -1.41102030E+004  -2.28799974E+002   1.42633516E+000   1.78936801E+000   1.67085322E-001   1.18557046E+001   0.00000000E+000   1.27710433E+015   1.84870424E+014   1.00000000E-014   2.58000000E-012
       259     1.19999997E+001   7.10671205E+003  -2.77750483E-020  -4.63893227E-020  -1.19999997E+001   2.67879067E-020   0.00000000E+000   3.01167270E-019  -7.01459930E+003  -7.01409101E+003  -1.41099890E+004  -2.28894442E+002   1.43062670E+000   1.79524772E+000   1.67723153E-001   1.18551547E+001   0.00000000E+000   1.28073200E+015   1.84394241E+014   1.00000000E-014   2.59000000E-012
       260     1.19999997E+001   7.10641058E+003   1.23948563E-020  -3.23558662E-020  -1.19999997E+001  -2.33265651E-021   0.00000000E+000   1.50583635E-019  -7.01470512E+003  -7.01419239E+003  -1.41097818E+004  -2.28985921E+002   1.43622671E+000   1.80389686E+000   1.68341182E-001   1.18546223E+001   0.00000000E+000   1.28332474E+015   1.84111044E+014   1.00000000E-014   2.60000000E-012
       261     1.19999997E+001   7.10610707E+003  -4.78777542E-020   6.04307136E-020  -1.19999997E+001   1.99498085E-020  -3.01167270E-019  -3.01167270E-019  -7.01481188E+003  -7.01429424E+003  -1.41095732E+004  -2.29078021E+002   1.44279378E+000   1.81140719E+000   1.68963371E-001   1.18540863E+001   0.00000000E+000   1.28729070E+015   1.83801604E+014   1.00000000E-014   2.61000000E-012
       262     1.19999997E+001   7.10580352E+003  -1.49552747E-020   3.49248292E-020  -1.19999997E+001  -2.82066794E-020  -1.50583635E-019  -6.02334540E-019  -7.01491687E+003  -7.01439789E+003  -1.41093646E+004  -2.29170133E+002   1.44720953E+000   1.82070986E+000   1.69585631E-001   1.18535502E+001   0.00000000E+000   1.28955478E+015   1.83941823E+014   1.00000000E-014   2.62000000E-012
       263     1.19999997E+001   7.10549889E+003  -7.27949456E-021  -5.50469311E-020  -1.19999997E+001  -2.56624887E-020   0.00000000E+000  -1.50583635E-019  -7.01502364E+003  -7.01450051E+003  -1.41091552E+004  -2.29262577E+002   1.45315596E+000   1.82994107E+000   1.70210245E-001   1.18530122E+001   0.00000000E+000   1.29001263E+015   1.84149568E+014   1.00000000E-014   2.63000000E-012
       264     1.19999997E+001   7.10519928E+003   2.98159208E-020   9.23493301E-020  -1.19999997E+001  -2.31236114E-020  -3.01167270E-019  -1.50583635E-019  -7.01512844E+003  -7.01460164E+003  -1.41089493E+004  -2.29353496E+002   1.45762301E+000   1.83885414E+000   1.70824442E-001   1.18524830E+001   0.00000000E+000   1.29412624E+015   1.83875661E+014   1.00000000E-014   2.64000000E-012
       265     1.19999997E+001   7.10489965E+003   1.47934108E-020  -6.14743829E-020  -1.19999997E+001   1.53225156E-020   1.50583635E-019   1.50583635E-019  -7.01523187E+003  -7.01470416E+003  -1.41087433E+004  -2.29444425E+002   1.46188250E+000   1.84813120E+000   1.71438712E-001   1.18519538E+001   0.00000000E+000   1.29839897E+015   1.83412084E+014   1.00000000E-014   2.65000000E-012
       266     1.19999997E+001   7.10459437E+003  -3.92493610E-020   9.00837025E-021  -1.19999997E+001  -1.29458433E-020   3.01167270E-019   0.00000000E+000  -7.01533718E+003  -7.01480870E+003  -1.41085335E+004  -2.29537067E+002   1.46619761E+000   1.85513376E+000   1.72064335E-001   1.18514147E+001   0.00000000E+000   1.30261455E+015   1.82879820E+014   1.00000000E-014   2.66000000E-012
       267     1.19999997E+001   7.10428973E+003   4.72274355E-020  -9.43294655E-021  -1.19999997E+001   1.38463357E-020   0.00000000E+000  -1.50583635E-019  -7.01544314E+003  -7.01491214E+003  -1.41083241E+004  -2.29629519E+002   1.47016583E+000   1.86412756E+000   1.72688847E-001   1.18508767E+001   0.00000000E+000   1.30751300E+015   1.82232350E+014   1.00000000E-014   2.67000000E-012
       268     1.19999997E+001   7.10398253E+003   3.44759114E-020   6.69866944E-020  -1.19999997E+001  -7.62707915E-021   1.50583635E-019  -1.50583635E-019  -7.01554974E+003  -7.01501670E+003  -1.41081129E+004  -2.29722746E+002   1.47539308E+000   1.87269259E+000   1.73318621E-001   1.18503341E+001   0.00000000E+000   1.31039663E+015   1.82631520E+014   1.00000000E-014   2.68000000E-012
       269     1.19999997E+001   7.10367524E+003   5.31242926E-020  -4.07143037E-020  -1.19999997E+001  -3.51935911E-021  -1.50583635E-019  -3.01167270E-019  -7.01565560E+003  -7.01512207E+003  -1.41079017E+004  -2.29816005E+002   1.48033748E+000   1.88207407E+000   1.73948658E-001   1.18497914E+001   0.00000000E+000   1.31490147E+015   1.81964023E+014   1.00000000E-014   2.69000000E-012
       270     1.19999997E+001   7.10336752E+003  -2.85760026E-020   6.52616064E-020  -1.19999997E+001   2.76455680E-020   1.50583635E-019   0.00000000E+000  -7.01576242E+003  -7.01522678E+003  -1.41076901E+004  -2.29909393E+002   1.48344199E+000   1.89154515E+000   1.74579459E-001   1.18492480E+001   0.00000000E+000   1.32016070E+015   1.81153301E+014   1.00000000E-014   2.70000000E-012
       271     1.19999997E+001   7.10306075E+003   1.63742090E-020  -3.27695642E-020  -1.19999997E+001  -9.46534805E-021   1.50583635E-019  -1.50583635E-019  -7.01586809E+003  -7.01533199E+003  -1.41074793E+004  -2.30002496E+002   1.48758678E+000   1.90150343E+000   1.75208441E-001   1.18487062E+001   0.00000000E+000   1.32487348E+015   1.80730762E+014   1.00000000E-014   2.71000000E-012
       272     1.19999997E+001   7.10275497E+003  -3.84276375E-021  -3.33058493E-020  -1.19999997E+001   1.06277989E-020  -1.50583635E-019   6.02334540E-019  -7.01597328E+003  -7.01543700E+003  -1.41072691E+004  -2.30095301E+002   1.49132669E+000   1.91128950E+000   1.75835369E-001   1.18481661E+001   0.00000000E+000   1.32895608E+015   1.80576720E+014   1.00000000E-014   2.72000000E-012
       273     1.19999997E+001   7.10243841E+003   2.70741348E-020   6.78560957E-020  -1.19999997E+001   2.43206897E-021  -1.50583635E-019   1.50583635E-019  -7.01608144E+003  -7.01554646E+003  -1.41070514E+004  -2.30191378E+002   1.49558286E+000   1.92106023E+000   1.76484386E-001   1.18476071E+001   0.00000000E+000   1.33263828E+015   1.80158685E+014   1.00000000E-014   2.73000000E-012
       274     1.19999997E+001   7.10212318E+003   1.18351810E-020   2.89332987E-020  -1.19999997E+001   1.14602212E-020   3.01167270E-019  -1.50583635E-019  -7.01619173E+003  -7.01565288E+003  -1.41068347E+004  -2.30287052E+002   1.49767218E+000   1.93199119E+000   1.77130684E-001   1.18470503E+001   0.00000000E+000   1.33743649E+015   1.79641085E+014   1.00000000E-014   2.74000000E-012
       275     1.19999997E+001   7.10180584E+003   1.31120424E-020  -8.17431801E-020  -1.19999997E+001   1.05594775E-020   4.51750905E-019  -3.01167270E-019  -7.01630044E+003  -7.01576232E+003  -1.41066166E+004  -2.30383368E+002   1.49962165E+000   1.94290414E+000   1.77781267E-001   1.18464899E+001   0.00000000E+000   1.34099878E+015   1.79432482E+014   1.00000000E-014   2.75000000E-012
       276     1.19999997E+001   7.10148970E+003  -4.64146830E-020   1.64712806E-019  -1.19999997E+001   2.46405759E-020   0.00000000E+000  -3.01167270E-019  -7.01640951E+003  -7.01587059E+003  -1.41063992E+004  -2.30479321E+002   1.50497767E+000   1.95172710E+000   1.78429451E-001   1.18459316E+001   0.00000000E+000   1.34435524E+015   1.78565054E+014   1.00000000E-014   2.76000000E-012
       277     1.19999997E+001   7.10117090E+003  -5.90181878E-020  -3.29785763E-020  -1.19999997E+001  -6.90035216E-021   4.51750905E-019   0.00000000E+000  -7.01651784E+003  -7.01598143E+003  -1.41061801E+004  -2.30576084E+002   1.50782317E+000   1.96343347E+000   1.79083172E-001   1.18453685E+001   0.00000000E+000   1.34911798E+015   1.78009471E+014   1.00000000E-014   2.77000000E-012
       278     1.19999997E+001   7.10085085E+003  -5.33987091E-020  -9.04506203E-020  -1.19999997E+001   1.02515646E-020  -6.02334540E-019   0.00000000E+000  -7.01662931E+003  -7.01609000E+003  -1.41059600E+004  -2.30673230E+002   1.50989159E+000   1.97589066E+000   1.79739528E-001   1.18448033E+001   0.00000000E+000   1.35402798E+015   1.77489695E+014   1.00000000E-014   2.78000000E-012
       279     1.19999997E+001   7.10053397E+003  -6.57825480E-020   8.55086111E-020  -1.19999997E+001   1.05128050E-020  -1.50583635E-019  -3.01167270E-019  -7.01673840E+003  -7.01619876E+003  -1.41057422E+004  -2.30769411E+002   1.51298390E+000   1.98581634E+000   1.80389201E-001   1.18442437E+001   0.00000000E+000   1.35842161E+015   1.77225309E+014   1.00000000E-014   2.79000000E-012
       280     1.19999997E+001   7.10020932E+003  -4.74919789E-020   2.06600116E-020  -1.19999997E+001  -8.38712314E-021   0.00000000E+000   1.50583635E-019  -7.01685132E+003  -7.01630904E+003  -1.41055190E+004  -2.30867952E+002   1.51402327E+000   1.99668321E+000   1.81054760E-001   1.18436703E+001   0.00000000E+000   1.36111672E+015   1.77649910E+014   1.00000000E-014   2.80000000E-012
       281     1.19999997E+001   7.09988710E+003  -5.31902729E-021  -5.52218094E-020  -1.19999997E+001   2.85895017E-020  -3.01167270E-019   0.00000000E+000  -7.01696229E+003  -7.01641960E+003  -1.41052974E+004  -2.30965759E+002   1.51795213E+000   2.00544232E+000   1.81715344E-001   1.18431013E+001   0.00000000E+000   1.36547460E+015   1.75841807E+014   1.00000000E-014   2.81000000E-012
       282     1.19999997E+001   7.09956484E+003  -6.50978217E-020  -2.22887658E-020  -1.19999997E+001   1.03794652E-020  -1.50583635E-019   6.02334540E-019  -7.01707382E+003  -7.01652964E+003  -1.41050759E+004  -2.31063580E+002   1.52077410E+000   2.01481676E+000   1.82376019E-001   1.18425321E+001   0.00000000E+000   1.37079588E+015   1.74904035E+014   1.00000000E-014   2.82000000E-012
       283     1.19999997E+001   7.09923625E+003  -8.08705476E-021   6.12561350E-020  -1.19999997E+001  -2.69345302E-020  -1.50583635E-019   1.50583635E-019  -7.01718839E+003  -7.01664099E+003  -1.41048500E+004  -2.31163323E+002   1.52581419E+000   2.02347022E+000   1.83049744E-001   1.18419518E+001   0.00000000E+000   1.37609903E+015   1.74015347E+014   1.00000000E-014   2.83000000E-012
       284     1.19999997E+001   7.09891016E+003  -2.86406844E-020  -1.52815694E-020  -1.19999997E+001   9.65706439E-021  -9.03501810E-019   0.00000000E+000  -7.01730154E+003  -7.01675204E+003  -1.41046258E+004  -2.31262308E+002   1.52782784E+000   2.03306258E+000   1.83718241E-001   1.18413759E+001   0.00000000E+000   1.38098600E+015   1.73056317E+014   1.00000000E-014   2.84000000E-012
       285     1.19999997E+001   7.09857848E+003  -2.81360917E-020   2.23456344E-020  -1.19999997E+001  -1.92261331E-020   0.00000000E+000  -4.51750905E-019  -7.01741538E+003  -7.01686625E+003  -1.41043977E+004  -2.31362993E+002   1.53115739E+000   2.04104360E+000   1.84398123E-001   1.18407901E+001   0.00000000E+000   1.38585382E+015   1.72239562E+014   1.00000000E-014   2.85000000E-012
       286     1.19999997E+001   7.09824489E+003  -1.42311685E-021   8.64681801E-020  -1.19999997E+001   3.21014112E-020   4.51750905E-019   0.00000000E+000  -7.01753011E+003  -7.01698090E+003  -1.41041683E+004  -2.31464258E+002   1.53482072E+000   2.05155125E+000   1.85082172E-001   1.18402010E+001   0.00000000E+000   1.38943719E+015   1.72110602E+014   1.00000000E-014   2.86000000E-012
       287     1.19999997E+001   7.09791799E+003  -2.49201752E-021   1.57605192E-020  -1.19999997E+001  -1.32586569E-020   3.01167270E-019  -3.01167270E-019  -7.01764293E+003  -7.01709285E+003  -1.41039436E+004  -2.31563495E+002   1.53829954E+000   2.06265611E+000   1.85752592E-001   1.18396237E+001   0.00000000E+000   1.39395014E+015   1.71531021E+014   1.00000000E-014   2.87000000E-012
       288     1.19999997E+001   7.09758780E+003  -1.33542637E-020  -8.27416129E-020  -1.19999997E+001   2.66928383E-020   0.00000000E+000   3.01167270E-019  -7.01775641E+003  -7.01720641E+003  -1.41037165E+004  -2.31663731E+002   1.54176399E+000   2.07252107E+000   1.86429631E-001   1.18390405E+001   0.00000000E+000   1.39847231E+015   1.71049654E+014   1.00000000E-014   2.88000000E-012
       289     1.19999997E+001   7.09725437E+003   7.13240432E-021   2.91211107E-020  -1.19999997E+001   2.58580106E-021  -3.01167270E-019  -3.01167270E-019  -7.01787237E+003  -7.01731972E+003  -1.41034873E+004  -2.31764952E+002   1.54616909E+000   2.08257727E+000   1.87113410E-001   1.18384517E+001   0.00000000E+000   1.40336784E+015   1.70583101E+014   1.00000000E-014   2.89000000E-012
       290     1.19999997E+001   7.09692039E+003  -4.74639754E-021   8.36931040E-020  -1.19999997E+001  -6.69933722E-021  -4.51750905E-019  -7.52918175E-019  -7.01798727E+003  -7.01743447E+003  -1.41032576E+004  -2.31866345E+002   1.54970383E+000   2.09268851E+000   1.87798275E-001   1.18378619E+001   0.00000000E+000   1.40884595E+015   1.69142854E+014   1.00000000E-014   2.90000000E-012
       291     1.19999997E+001   7.09658341E+003   5.76195561E-020   1.49617442E-019  -1.19999997E+001  -2.42327300E-020   3.01167270E-019  -3.01167270E-019  -7.01810264E+003  -7.01755081E+003  -1.41030259E+004  -2.31968645E+002   1.55344215E+000   2.10109407E+000   1.88489115E-001   1.18372667E+001   0.00000000E+000   1.41185274E+015   1.68811887E+014   1.00000000E-014   2.91000000E-012
       292     1.19999997E+001   7.09624476E+003  -4.01171153E-020  -5.20144381E-020  -1.19999997E+001  -2.40257194E-020  -1.50583635E-019   1.50583635E-019  -7.01821959E+003  -7.01766674E+003  -1.41027930E+004  -2.32071457E+002   1.55653152E+000   2.11050045E+000   1.89183470E-001   1.18366687E+001   0.00000000E+000   1.41711160E+015   1.67719995E+014   1.00000000E-014   2.92000000E-012
       293     1.19999997E+001   7.09590451E+003   2.81108235E-021  -2.39760311E-020  -1.19999997E+001   1.47361293E-020  -3.01167270E-019  -4.51750905E-019  -7.01833787E+003  -7.01778243E+003  -1.41025590E+004  -2.32174755E+002   1.56022500E+000   2.12025335E+000   1.89881175E-001   1.18360678E+001   0.00000000E+000   1.42156125E+015   1.67334289E+014   1.00000000E-014   2.93000000E-012
       294     1.19999997E+001   7.09556523E+003   3.30174491E-020   9.81684214E-020  -1.19999997E+001  -1.69094171E-020   0.00000000E+000  -1.50583635E-019  -7.01845414E+003  -7.01789947E+003  -1.41023257E+004  -2.32277761E+002   1.56394768E+000   2.13013880E+000   1.90576913E-001   1.18354686E+001   0.00000000E+000   1.42663470E+015   1.66751304E+014   1.00000000E-014   2.94000000E-012
       295     1.19999997E+001   7.09522133E+003  -7.84200610E-021   5.26102218E-020  -1.19999997E+001   2.30302305E-020  -1.50583635E-019   3.01167270E-019  -7.01857369E+003  -7.01801641E+003  -1.41020892E+004  -2.32382172E+002   1.56939829E+000   2.13769668E+000   1.91282033E-001   1.18348612E+001   0.00000000E+000   1.43126130E+015   1.66645463E+014   1.00000000E-014   2.95000000E-012
       296     1.19999997E+001   7.09487840E+003   9.45793430E-021  -5.38082155E-020  -1.19999997E+001   2.67369618E-020   1.50583635E-019  -6.02334540E-019  -7.01869185E+003  -7.01813408E+003  -1.41018534E+004  -2.32486290E+002   1.57355850E+000   2.14756950E+000   1.91985303E-001   1.18342556E+001   0.00000000E+000   1.43603784E+015   1.66571596E+014   1.00000000E-014   2.96000000E-012
       297     1.19999997E+001   7.09453679E+003   2.13457128E-020   9.91875719E-020  -1.19999997E+001   4.02924559E-020   0.00000000E+000  -1.50583635E-019  -7.01880958E+003  -7.01825128E+003  -1.41016185E+004  -2.32590010E+002   1.57781292E+000   2.15720601E+000   1.92685871E-001   1.18336523E+001   0.00000000E+000   1.44063415E+015   1.66297919E+014   1.00000000E-014   2.97000000E-012
       298     1.19999997E+001   7.09418722E+003  -2.07303031E-020  -1.07201591E-019  -1.19999997E+001  -1.35172585E-020  -3.01167270E-019   4.51750905E-019  -7.01892938E+003  -7.01837189E+003  -1.41013781E+004  -2.32696146E+002   1.58280959E+000   2.16627421E+000   1.93402716E-001   1.18330350E+001   0.00000000E+000   1.44484424E+015   1.66423296E+014   1.00000000E-014   2.98000000E-012
       299     1.19999997E+001   7.09384179E+003   2.95925300E-020   7.39145475E-020  -1.19999997E+001   1.37045230E-020  -1.50583635E-019   1.50583635E-019  -7.01904811E+003  -7.01849072E+003  -1.41011405E+004  -2.32801028E+002   1.58658566E+000   2.17639242E+000   1.94111135E-001   1.18324249E+001   0.00000000E+000   1.44993068E+015   1.66303809E+014   1.00000000E-014   2.99000000E-012
       300     1.19999997E+001   7.09349458E+003  -1.75416087E-020  -7.57532494E-020  -1.19999997E+001   2.12822370E-020   1.50583635E-019  -4.51750905E-019  -7.01916665E+003  -7.01861096E+003  -1.41009017E+004  -2.32906451E+002   1.59012556E+000   2.18719353E+000   1.94823237E-001   1.18318118E+001   0.00000000E+000   1.45389444E+015   1.66045839E+014   1.00000000E-014   3.00000000E-012
       301     1.19999997E+001   7.09314544E+003  -2.36047871E-020   4.84562511E-020  -1.19999997E+001   4.15236410E-020  -4.51750905E-019   1.50583635E-019  -7.01928641E+003  -7.01873132E+003  -1.41006616E+004  -2.33012464E+002   1.59449267E+000   2.19789446E+000   1.95539367E-001   1.18311952E+001   0.00000000E+000   1.45817987E+015   1.65495934E+014   1.00000000E-014   3.01000000E-012
       302     1.19999997E+001   7.09279757E+003  -3.42599747E-020   2.70270136E-020  -1.19999997E+001   3.43168658E-020   0.00000000E+000   0.00000000E+000  -7.01940562E+003  -7.01885136E+003  -1.41004224E+004  -2.33118092E+002   1.59822242E+000   2.20822282E+000   1.96252825E-001   1.18305808E+001   0.00000000E+000   1.46305456E+015   1.65054859E+014   1.00000000E-014   3.02000000E-012
       303     1.19999997E+001   7.09244790E+003   1.42650241E-020   1.14079911E-019  -1.19999997E+001   1.56931313E-020  -3.01167270E-019  -3.01167270E-019  -7.01952552E+003  -7.01897195E+003  -1.41001819E+004  -2.33224268E+002   1.60205112E+000   2.21852724E+000   1.96969991E-001   1.18299633E+001   0.00000000E+000   1.46817440E+015   1.64793729E+014   1.00000000E-014   3.03000000E-012
       304     1.19999997E+001   7.09209456E+003   3.10415322E-021  -2.29910346E-020  -1.19999997E+001  -2.47029017E-020  -3.01167270E-019  -6.02334540E-019  -7.01964614E+003  -7.01909435E+003  -1.40999388E+004  -2.33331562E+002   1.60599776E+000   2.22882008E+000   1.97694690E-001   1.18293393E+001   0.00000000E+000   1.47326620E+015   1.64557712E+014   1.00000000E-014   3.04000000E-012
       305     1.19999997E+001   7.09174054E+003   2.52270520E-020  -5.59880734E-020  -1.19999997E+001  -1.11315390E-020   0.00000000E+000   0.00000000E+000  -7.01976665E+003  -7.01921734E+003  -1.40996953E+004  -2.33439063E+002   1.60942788E+000   2.23828512E+000   1.98420677E-001   1.18287141E+001   0.00000000E+000   1.47758513E+015   1.64298593E+014   1.00000000E-014   3.05000000E-012
       306     1.19999997E+001   7.09138122E+003  -3.18555727E-020   1.44925885E-019  -1.19999997E+001  -2.61813075E-020  -6.02334540E-019   6.02334540E-019  -7.01989079E+003  -7.01934035E+003  -1.40994482E+004  -2.33548175E+002   1.61305750E+000   2.24793800E+000   1.99157573E-001   1.18280795E+001   0.00000000E+000   1.48189946E+015   1.64047800E+014   1.00000000E-014   3.06000000E-012
       307     1.19999997E+001   7.09102421E+003   1.82579297E-020  -2.34409127E-021  -1.19999997E+001  -1.66850659E-021  -6.02334540E-019   0.00000000E+000  -7.02001292E+003  -7.01946377E+003  -1.40992026E+004  -2.33656587E+002   1.61689694E+000   2.25811752E+000   1.99889798E-001   1.18274490E+001   0.00000000E+000   1.48657914E+015   1.63649591E+014   1.00000000E-014   3.07000000E-012
       308     1.19999997E+001   7.09066395E+003   1.97098040E-020   7.47570133E-020  -1.19999997E+001  -1.11019558E-021   3.01167270E-019   3.01167270E-019  -7.02013628E+003  -7.01958821E+003  -1.40989549E+004  -2.33765988E+002   1.61979759E+000   2.26833377E+000   2.00628639E-001   1.18268128E+001   0.00000000E+000   1.49031996E+015   1.63254842E+014   1.00000000E-014   3.08000000E-012
       309     1.19999997E+001   7.09030615E+003   7.91698729E-021   6.47020388E-020  -1.19999997E+001  -2.90958267E-020  -3.01167270E-019   3.01167270E-019  -7.02025840E+003  -7.01971220E+003  -1.40987087E+004  -2.33874647E+002   1.62353981E+000   2.27857651E+000   2.01362531E-001   1.18261809E+001   0.00000000E+000   1.49461045E+015   1.63022579E+014   1.00000000E-014   3.09000000E-012
       310     1.19999997E+001   7.08994568E+003   2.96518400E-020   1.90051836E-021  -1.19999997E+001  -3.09988089E-020  -6.02334540E-019  -3.01167270E-019  -7.02038160E+003  -7.01983694E+003  -1.40984608E+004  -2.33984114E+002   1.62710933E+000   2.28888117E+000   2.02101866E-001   1.18255443E+001   0.00000000E+000   1.49973272E+015   1.62882763E+014   1.00000000E-014   3.10000000E-012
       311     1.19999997E+001   7.08957626E+003   5.23288673E-020  -1.52093078E-019  -1.19999997E+001  -1.55521803E-020   3.01167270E-019  -3.01167270E-019  -7.02050799E+003  -7.01996467E+003  -1.40982067E+004  -2.34096305E+002   1.63104692E+000   2.29879646E+000   2.02859558E-001   1.18248919E+001   0.00000000E+000   1.50136746E+015   1.63614902E+014   1.00000000E-014   3.11000000E-012
       312     1.19999997E+001   7.08920749E+003  -2.11818552E-020   5.74516697E-020  -1.19999997E+001   2.30209139E-020   6.02334540E-019  -3.01167270E-019  -7.02063185E+003  -7.02009448E+003  -1.40979530E+004  -2.34208298E+002   1.63551718E+000   2.30888460E+000   2.03615946E-001   1.18242407E+001   0.00000000E+000   1.50466575E+015   1.64564155E+014   1.00000000E-014   3.12000000E-012
       313     1.19999997E+001   7.08883839E+003  -7.15516907E-020   1.64086089E-019  -1.19999997E+001   8.75895950E-021   3.01167270E-019  -6.02334540E-019  -7.02075602E+003  -7.02022420E+003  -1.40976991E+004  -2.34320391E+002   1.63924271E+000   2.31781763E+000   2.04372853E-001   1.18235889E+001   0.00000000E+000   1.50852657E+015   1.64897359E+014   1.00000000E-014   3.13000000E-012
       314     1.19999997E+001   7.08846934E+003   5.74477294E-020  -1.74003285E-019  -1.19999997E+001  -2.63528111E-020  -3.01167270E-019  -3.01167270E-019  -7.02088305E+003  -7.02035105E+003  -1.40974452E+004  -2.34432476E+002   1.64224202E+000   2.32773479E+000   2.05129782E-001   1.18229371E+001   0.00000000E+000   1.51237040E+015   1.64743841E+014   1.00000000E-014   3.14000000E-012
       315     1.19999997E+001   7.08809109E+003  -3.74498842E-020  -7.47212640E-020  -1.19999997E+001  -3.93341614E-021   0.00000000E+000   0.00000000E+000  -7.02100851E+003  -7.02048579E+003  -1.40971850E+004  -2.34547355E+002   1.64579010E+000   2.34059971E+000   2.05905816E-001   1.18222691E+001   0.00000000E+000   1.51690750E+015   1.65578871E+014   1.00000000E-014   3.15000000E-012
       316     1.19999997E+001   7.08772543E+003  -1.18776889E-020  -1.11798091E-020  -1.19999997E+001  -3.01743568E-020  -3.01167270E-019   6.02334540E-019  -7.02113353E+003  -7.02061232E+003  -1.40969335E+004  -2.34658410E+002   1.64896374E+000   2.35059979E+000   2.06655814E-001   1.18216234E+001   0.00000000E+000   1.52288980E+015   1.64205151E+014   1.00000000E-014   3.16000000E-012
       317     1.19999997E+001   7.08735288E+003   3.95374382E-020   6.62757104E-020  -1.19999997E+001   1.17143710E-020  -3.01167270E-019   3.01167270E-019  -7.02126329E+003  -7.02073885E+003  -1.40966772E+004  -2.34771561E+002   1.65085919E+000   2.36273822E+000   2.07420094E-001   1.18209655E+001   0.00000000E+000   1.52601547E+015   1.63763196E+014   1.00000000E-014   3.17000000E-012
       318     1.19999997E+001   7.08697923E+003  -6.45570668E-022  -3.05822746E-020  -1.19999997E+001   5.29022212E-021  -3.01167270E-019  -3.01167270E-019  -7.02139027E+003  -7.02086891E+003  -1.40964201E+004  -2.34885049E+002   1.65618374E+000   2.37090344E+000   2.08186445E-001   1.18203056E+001   0.00000000E+000   1.52916297E+015   1.63280603E+014   1.00000000E-014   3.18000000E-012
       319     1.19999997E+001   7.08659318E+003   1.82078824E-020  -1.14919064E-019  -1.19999997E+001  -2.35550809E-021   0.00000000E+000  -3.01167270E-019  -7.02152097E+003  -7.02100381E+003  -1.40961546E+004  -2.35002305E+002   1.65828416E+000   2.38211326E+000   2.08978299E-001   1.18196238E+001   0.00000000E+000   1.52711638E+015   1.64070254E+014   1.00000000E-014   3.19000000E-012
       320     1.19999997E+001   7.08621565E+003   1.52099271E-020  -8.14790854E-021  -1.19999997E+001   1.37610686E-020   0.00000000E+000  -3.01167270E-019  -7.02165031E+003  -7.02113420E+003  -1.40958948E+004  -2.35116976E+002   1.66338014E+000   2.39632789E+000   2.09753195E-001   1.18189571E+001   0.00000000E+000   1.52825015E+015   1.65640184E+014   1.00000000E-014   3.20000000E-012
       321     1.19999997E+001   7.08583968E+003  -1.50376068E-020   8.25033767E-020  -1.19999997E+001  -2.74111643E-020  -3.01167270E-019   0.00000000E+000  -7.02178040E+003  -7.02126278E+003  -1.40956362E+004  -2.35231175E+002   1.66843904E+000   2.40590304E+000   2.10524477E-001   1.18182932E+001   0.00000000E+000   1.52977156E+015   1.66761177E+014   1.00000000E-014   3.21000000E-012
       322     1.19999997E+001   7.08546980E+003   2.41660601E-020   7.89578361E-020  -1.19999997E+001   1.04171263E-020   3.01167270E-019   0.00000000E+000  -7.02190743E+003  -7.02139023E+003  -1.40953817E+004  -2.35343528E+002   1.67369520E+000   2.41707369E+000   2.11283467E-001   1.18176400E+001   0.00000000E+000   1.53235010E+015   1.67167632E+014   1.00000000E-014   3.22000000E-012
       323     1.19999997E+001   7.08509618E+003  -2.86444574E-021   6.54120893E-020  -1.19999997E+001   1.28462513E-020  -3.01167270E-019   3.01167270E-019  -7.02203405E+003  -7.02152066E+003  -1.40951246E+004  -2.35457015E+002   1.67628670E+000   2.42637201E+000   2.12049760E-001   1.18169802E+001   0.00000000E+000   1.53253697E+015   1.68847723E+014   1.00000000E-014   3.23000000E-012
       324     1.19999997E+001   7.08472369E+003   6.01142022E-021   3.91298794E-020  -1.19999997E+001  -5.93760583E-021  -6.02334540E-019   3.01167270E-019  -7.02216114E+003  -7.02164985E+003  -1.40948683E+004  -2.35570163E+002   1.67816043E+000   2.43605917E+000   2.12813762E-001   1.18163224E+001   0.00000000E+000   1.53599529E+015   1.68487292E+014   1.00000000E-014   3.24000000E-012
       325     1.19999997E+001   7.08435255E+003  -4.65630881E-020  -3.87661928E-021  -1.19999997E+001  -2.90813942E-020   3.01167270E-019   6.02334540E-019  -7.02228657E+003  -7.02177978E+003  -1.40946130E+004  -2.35682905E+002   1.68117992E+000   2.44924286E+000   2.13575420E-001   1.18156669E+001   0.00000000E+000   1.53632065E+015   1.68097404E+014   1.00000000E-014   3.25000000E-012
       326     1.19999997E+001   7.08397837E+003  -8.18924244E-020   1.77522868E-020  -1.19999997E+001  -1.57920411E-020  -3.01167270E-019   0.00000000E+000  -7.02241293E+003  -7.02191087E+003  -1.40943555E+004  -2.35796571E+002   1.68494709E+000   2.46105560E+000   2.14343217E-001   1.18150061E+001   0.00000000E+000   1.53977700E+015   1.67666799E+014   1.00000000E-014   3.26000000E-012
       327     1.19999997E+001   7.08360402E+003   4.67491319E-020  -3.03530407E-020  -1.19999997E+001  -5.70165831E-021   3.01167270E-019   0.00000000E+000  -7.02253830E+003  -7.02204308E+003  -1.40940979E+004  -2.35910289E+002   1.68513379E+000   2.47313541E+000   2.15111178E-001   1.18143450E+001   0.00000000E+000   1.54321144E+015   1.67450230E+014   1.00000000E-014   3.27000000E-012
       328     1.19999997E+001   7.08323493E+003  -6.37966279E-020  -4.97464185E-020  -1.19999997E+001  -7.08198005E-021  -3.01167270E-019   0.00000000E+000  -7.02266415E+003  -7.02217119E+003  -1.40938440E+004  -2.36022411E+002   1.68727565E+000   2.48465036E+000   2.15868458E-001   1.18136933E+001   0.00000000E+000   1.54521769E+015   1.67838495E+014   1.00000000E-014   3.28000000E-012
       329     1.19999997E+001   7.08286013E+003   3.46944465E-020  -6.47283190E-021  -1.19999997E+001   4.61892771E-021  -6.02334540E-019   3.01167270E-019  -7.02279178E+003  -7.02230146E+003  -1.40935861E+004  -2.36136273E+002   1.68962556E+000   2.49710812E+000   2.16637576E-001   1.18130314E+001   0.00000000E+000   1.54897361E+015   1.67188934E+014   1.00000000E-014   3.29000000E-012
       330     1.19999997E+001   7.08248814E+003  -1.55287038E-020   5.91360539E-021  -1.19999997E+001  -2.32108531E-020  -3.01167270E-019  -3.01167270E-019  -7.02291735E+003  -7.02243186E+003  -1.40933301E+004  -2.36249281E+002   1.69357389E+000   2.50738044E+000   2.17400806E-001   1.18123744E+001   0.00000000E+000   1.55398632E+015   1.66494344E+014   1.00000000E-014   3.30000000E-012
       331     1.19999997E+001   7.08210912E+003   2.04532972E-020   1.88305656E-022  -1.19999997E+001  -9.17339350E-021   3.01167270E-019  -6.02334540E-019  -7.02304810E+003  -7.02256192E+003  -1.40930693E+004  -2.36364427E+002   1.69245052E+000   2.51961984E+000   2.18178376E-001   1.18117051E+001   0.00000000E+000   1.55477864E+015   1.65794264E+014   1.00000000E-014   3.31000000E-012
       332     1.19999997E+001   7.08174007E+003  -8.18373150E-020   1.37226544E-019  -1.19999997E+001  -1.19132498E-020   0.00000000E+000   3.01167270E-019  -7.02317282E+003  -7.02269115E+003  -1.40928154E+004  -2.36476547E+002   1.69545619E+000   2.53072768E+000   2.18935648E-001   1.18110534E+001   0.00000000E+000   1.55732437E+015   1.65497146E+014   1.00000000E-014   3.32000000E-012
       333     1.19999997E+001   7.08136490E+003  -4.37680147E-020   1.18458744E-019  -1.19999997E+001   2.26129243E-020   0.00000000E+000   0.00000000E+000  -7.02330161E+003  -7.02282053E+003  -1.40925572E+004  -2.36590527E+002   1.70164693E+000   2.53971082E+000   2.19705457E-001   1.18103909E+001   0.00000000E+000   1.55859601E+015   1.65491458E+014   1.00000000E-014   3.33000000E-012
       334     1.19999997E+001   7.08099212E+003   5.35362494E-021  -5.41623792E-020  -1.19999997E+001   2.31776438E-020   0.00000000E+000   0.00000000E+000  -7.02343116E+003  -7.02294751E+003  -1.40923007E+004  -2.36703785E+002   1.70849508E+000   2.54992341E+000   2.20470570E-001   1.18097325E+001   0.00000000E+000   1.56140276E+015   1.64751317E+014   1.00000000E-014   3.34000000E-012
       335     1.19999997E+001   7.08062032E+003   1.11697027E-020   4.21228084E-020  -1.19999997E+001  -4.51720317E-020   3.01167270E-019   0.00000000E+000  -7.02355829E+003  -7.02307625E+003  -1.40920448E+004  -2.36816747E+002   1.71366830E+000   2.56069562E+000   2.21233626E-001   1.18090760E+001   0.00000000E+000   1.55913466E+015   1.65789677E+014   1.00000000E-014   3.35000000E-012
       336     1.19999997E+001   7.08024416E+003   2.13022703E-020   4.79437689E-020  -1.19999997E+001   1.60121200E-020  -3.01167270E-019  -9.03501810E-019  -7.02368629E+003  -7.02320711E+003  -1.40917859E+004  -2.36931034E+002   1.71698427E+000   2.57091893E+000   2.22005451E-001   1.18084117E+001   0.00000000E+000   1.56385901E+015   1.65045277E+014   1.00000000E-014   3.36000000E-012
       337     1.19999997E+001   7.07987461E+003   3.19537106E-020   5.30029979E-020  -1.19999997E+001  -7.36574896E-021   3.01167270E-019  -3.01167270E-019  -7.02381170E+003  -7.02333602E+003  -1.40915316E+004  -2.37043315E+002   1.71984642E+000   2.58427905E+000   2.22764029E-001   1.18077591E+001   0.00000000E+000   1.56689981E+015   1.65205144E+014   1.00000000E-014   3.37000000E-012
       338     1.19999997E+001   7.07950230E+003  -1.16833876E-020   5.53399627E-021  -1.19999997E+001  -7.36011235E-021   0.00000000E+000   6.02334540E-019  -7.02393756E+003  -7.02346638E+003  -1.40912754E+004  -2.37156438E+002   1.72310769E+000   2.59640248E+000   2.23528176E-001   1.18071016E+001   0.00000000E+000   1.57208813E+015   1.64197483E+014   1.00000000E-014   3.38000000E-012
       339     1.19999997E+001   7.07912124E+003  -5.45472300E-020  -9.85158287E-020  -1.19999997E+001   1.46030049E-020   3.01167270E-019   0.00000000E+000  -7.02406905E+003  -7.02359714E+003  -1.40910131E+004  -2.37272219E+002   1.72331087E+000   2.61012777E+000   2.24310257E-001   1.18064287E+001   0.00000000E+000   1.57175516E+015   1.66650118E+014   1.00000000E-014   3.39000000E-012
       340     1.19999997E+001   7.07873916E+003  -5.45801700E-020  -1.51971101E-020  -1.19999997E+001  -3.07748526E-020   0.00000000E+000  -3.01167270E-019  -7.02419707E+003  -7.02373208E+003  -1.40907502E+004  -2.37388315E+002   1.72652307E+000   2.62500771E+000   2.25094710E-001   1.18057540E+001   0.00000000E+000   1.57650889E+015   1.64044574E+014   1.00000000E-014   3.40000000E-012
       341     1.19999997E+001   7.07836008E+003   4.28428577E-021   8.68104512E-020  -1.19999997E+001  -3.97779094E-021   3.01167270E-019  -3.01167270E-019  -7.02432514E+003  -7.02386491E+003  -1.40904893E+004  -2.37503501E+002   1.72835214E+000   2.63783102E+000   2.25872764E-001   1.18050845E+001   0.00000000E+000   1.57798760E+015   1.63803631E+014   1.00000000E-014   3.41000000E-012
       342     1.19999997E+001   7.07798181E+003  -3.94860266E-021   6.95773422E-020  -1.19999997E+001  -1.46298595E-020  -6.02334540E-019   3.01167270E-019  -7.02445372E+003  -7.02399668E+003  -1.40902289E+004  -2.37618441E+002   1.73007982E+000   2.64941733E+000   2.26649044E-001   1.18044165E+001   0.00000000E+000   1.57898229E+015   1.63952896E+014   1.00000000E-014   3.42000000E-012
       343     1.19999997E+001   7.07760162E+003   5.34623991E-020   9.17129324E-021  -1.19999997E+001  -3.57795107E-021   3.01167270E-019   0.00000000E+000  -7.02458210E+003  -7.02412997E+003  -1.40899673E+004  -2.37733969E+002   1.73282798E+000   2.66198382E+000   2.27429433E-001   1.18037451E+001   0.00000000E+000   1.58359066E+015   1.63497678E+014   1.00000000E-014   3.43000000E-012
       344     1.19999997E+001   7.07721978E+003  -2.89970246E-020  -4.66868780E-021  -1.19999997E+001   3.93693812E-020   3.01167270E-019  -3.01167270E-019  -7.02471252E+003  -7.02426236E+003  -1.40897044E+004  -2.37850000E+002   1.73560503E+000   2.67483928E+000   2.28213255E-001   1.18030708E+001   0.00000000E+000   1.58832318E+015   1.62802542E+014   1.00000000E-014   3.44000000E-012
       345     1.19999997E+001   7.07683423E+003  -2.88052006E-020  -3.57235037E-020  -1.19999997E+001  -3.99925132E-020   0.00000000E+000   0.00000000E+000  -7.02484526E+003  -7.02439499E+003  -1.40894391E+004  -2.37967162E+002   1.73309904E+000   2.69340509E+000   2.29004974E-001   1.18023900E+001   0.00000000E+000   1.59299995E+015   1.62054136E+014   1.00000000E-014   3.45000000E-012
       346     1.19999997E+001   7.07645194E+003  -1.16112965E-020  -1.34486499E-020  -1.19999997E+001  -5.32109060E-020   0.00000000E+000   0.00000000E+000  -7.02497411E+003  -7.02452928E+003  -1.40891759E+004  -2.38083334E+002   1.73559445E+000   2.70589613E+000   2.29789680E-001   1.18017149E+001   0.00000000E+000   1.59739926E+015   1.61846734E+014   1.00000000E-014   3.46000000E-012
       347     1.19999997E+001   7.07606533E+003   7.87885943E-021   2.96578715E-021  -1.19999997E+001   3.51890675E-020   3.01167270E-019   0.00000000E+000  -7.02510433E+003  -7.02466517E+003  -1.40889098E+004  -2.38200821E+002   1.73774397E+000   2.71885122E+000   2.30583289E-001   1.18010322E+001   0.00000000E+000   1.60152336E+015   1.61629138E+014   1.00000000E-014   3.47000000E-012
       348     1.19999997E+001   7.07567508E+003  -4.71827196E-020  -1.26707986E-019  -1.19999997E+001   3.68670522E-020   0.00000000E+000   6.02334540E-019  -7.02523441E+003  -7.02480371E+003  -1.40886412E+004  -2.38319415E+002   1.74012612E+000   2.73277250E+000   2.31384463E-001   1.18003430E+001   0.00000000E+000   1.60656395E+015   1.60943137E+014   1.00000000E-014   3.48000000E-012
       349     1.19999997E+001   7.07528276E+003   5.42965088E-020  -1.20710208E-020  -1.19999997E+001   9.09220127E-021   3.01167270E-019   6.02334540E-019  -7.02536755E+003  -7.02494063E+003  -1.40883712E+004  -2.38438642E+002   1.74138199E+000   2.74583838E+000   2.32189777E-001   1.17996502E+001   0.00000000E+000   1.61050299E+015   1.60813110E+014   1.00000000E-014   3.49000000E-012
       350     1.19999997E+001   7.07489678E+003  -4.00319515E-020  -9.08017053E-020  -1.19999997E+001  -7.55100295E-021   0.00000000E+000  -3.01167270E-019  -7.02549785E+003  -7.02507602E+003  -1.40881055E+004  -2.38555945E+002   1.74312094E+000   2.75988975E+000   2.32982235E-001   1.17989686E+001   0.00000000E+000   1.61454070E+015   1.60648239E+014   1.00000000E-014   3.50000000E-012
       351     1.19999997E+001   7.07450557E+003  -6.18598261E-020   4.92011624E-020  -1.19999997E+001   4.74525227E-020  -3.01167270E-019   0.00000000E+000  -7.02562911E+003  -7.02521406E+003  -1.40878362E+004  -2.38674840E+002   1.74308357E+000   2.77332242E+000   2.33785267E-001   1.17982778E+001   0.00000000E+000   1.61766307E+015   1.60845547E+014   1.00000000E-014   3.51000000E-012
       352     1.19999997E+001   7.07411299E+003  -2.49872450E-020   6.38632260E-020  -1.19999997E+001   1.24125021E-020   6.02334540E-019   6.02334540E-019  -7.02576057E+003  -7.02535284E+003  -1.40875659E+004  -2.38794153E+002   1.74489769E+000   2.78633212E+000   2.34591171E-001   1.17975845E+001   0.00000000E+000   1.62220456E+015   1.60493397E+014   1.00000000E-014   3.52000000E-012
       353     1.19999997E+001   7.07372008E+003  -3.94823646E-020   6.41592733E-020  -1.19999997E+001   2.36982309E-020   3.01167270E-019   0.00000000E+000  -7.02589243E+003  -7.02549146E+003  -1.40872954E+004  -2.38913566E+002   1.74704123E+000   2.79916454E+000   2.35397763E-001   1.17968907E+001   0.00000000E+000   1.62654036E+015   1.60207659E+014   1.00000000E-014   3.53000000E-012
       354     1.19999997E+001   7.07332317E+003   3.20811804E-020   4.92184312E-020  -1.19999997E+001  -1.86364618E-020   0.00000000E+000   3.01167270E-019  -7.02602509E+003  -7.02563203E+003  -1.40870222E+004  -2.39034199E+002   1.74975676E+000   2.81287320E+000   2.36212694E-001   1.17961898E+001   0.00000000E+000   1.63053813E+015   1.59878218E+014   1.00000000E-014   3.54000000E-012
       355     1.19999997E+001   7.07292752E+003   2.74056354E-020  -1.50121182E-019  -1.19999997E+001  -2.32299889E-020   3.01167270E-019   3.01167270E-019  -7.02615831E+003  -7.02577119E+003  -1.40867498E+004  -2.39154453E+002   1.75217046E+000   2.82551966E+000   2.37024958E-001   1.17954911E+001   0.00000000E+000   1.63663443E+015   1.58567681E+014   1.00000000E-014   3.55000000E-012
       356     1.19999997E+001   7.07252990E+003  -4.28420678E-020   2.05165205E-020  -1.19999997E+001  -3.13670909E-020   6.02334540E-019  -3.01167270E-019  -7.02629189E+003  -7.02591135E+003  -1.40864761E+004  -2.39275306E+002   1.75381380E+000   2.83847025E+000   2.37841247E-001   1.17947889E+001   0.00000000E+000   1.63988957E+015   1.58452144E+014   1.00000000E-014   3.56000000E-012
       357     1.19999997E+001   7.07212950E+003  -1.51587310E-020   1.22300018E-019  -1.19999997E+001  -6.32326443E-021   0.00000000E+000  -3.01167270E-019  -7.02642527E+003  -7.02605363E+003  -1.40862004E+004  -2.39397007E+002   1.75713257E+000   2.85085308E+000   2.38663284E-001   1.17940819E+001   0.00000000E+000   1.64340187E+015   1.58317943E+014   1.00000000E-014   3.57000000E-012
       358     1.19999997E+001   7.07172469E+003  -8.02379555E-021  -8.97452191E-020  -1.19999997E+001   9.39704461E-021  -3.01167270E-019   0.00000000E+000  -7.02655991E+003  -7.02619768E+003  -1.40859217E+004  -2.39520048E+002   1.75936729E+000   2.86218853E+000   2.39494192E-001   1.17933670E+001   0.00000000E+000   1.64865166E+015   1.57676431E+014   1.00000000E-014   3.58000000E-012
       359     1.19999997E+001   7.07131675E+003  -3.17813275E-020   2.31527997E-020  -1.19999997E+001   2.83429272E-020   3.01167270E-019   3.01167270E-019  -7.02669708E+003  -7.02634138E+003  -1.40856409E+004  -2.39644046E+002   1.76059944E+000   2.87451355E+000   2.40331613E-001   1.17926466E+001   0.00000000E+000   1.65324939E+015   1.56995417E+014   1.00000000E-014   3.59000000E-012
       360     1.19999997E+001   7.07091302E+003  -4.93056370E-020  -2.02769828E-020  -1.19999997E+001   1.91806633E-020   0.00000000E+000  -3.01167270E-019  -7.02683242E+003  -7.02648399E+003  -1.40853629E+004  -2.39766763E+002   1.76341455E+000   2.88673511E+000   2.41160471E-001   1.17919337E+001   0.00000000E+000   1.65785814E+015   1.56571722E+014   1.00000000E-014   3.60000000E-012
       361     1.19999997E+001   7.07050041E+003   3.20434834E-020   5.55973077E-020  -1.19999997E+001  -1.78447882E-020   0.00000000E+000  -6.02334540E-019  -7.02697066E+003  -7.02662983E+003  -1.40850788E+004  -2.39892187E+002   1.76747571E+000   2.90008364E+000   2.42007749E-001   1.17912051E+001   0.00000000E+000   1.66233752E+015   1.56597192E+014   1.00000000E-014   3.61000000E-012
       362     1.19999997E+001   7.07008368E+003  -5.35298588E-020   1.46701774E-020  -1.19999997E+001  -2.19369806E-021   3.01167270E-019   3.01167270E-019  -7.02711023E+003  -7.02677719E+003  -1.40847919E+004  -2.40018866E+002   1.76975503E+000   2.91396034E+000   2.42863448E-001   1.17904692E+001   0.00000000E+000   1.66741578E+015   1.56236695E+014   1.00000000E-014   3.62000000E-012
       363     1.19999997E+001   7.06964752E+003  -5.68561014E-021  -1.21933926E-019  -1.19999997E+001  -2.95408671E-020   3.01167270E-019   3.01167270E-019  -7.02725594E+003  -7.02693177E+003  -1.40844916E+004  -2.40151451E+002   1.76805339E+000   2.92331574E+000   2.43758310E-001   1.17896990E+001   0.00000000E+000   1.66573761E+015   1.57303108E+014   1.00000000E-014   3.63000000E-012
       364     1.19999997E+001   7.06922008E+003  -2.01007761E-020  -1.69908786E-020  -1.19999997E+001  -2.06012491E-020   3.01167270E-019   3.01167270E-019  -7.02739781E+003  -7.02708422E+003  -1.40841973E+004  -2.40281389E+002   1.77281896E+000   2.93429540E+000   2.44635832E-001   1.17889442E+001   0.00000000E+000   1.66555422E+015   1.56761504E+014   1.00000000E-014   3.64000000E-012
       365     1.19999997E+001   7.06879781E+003   3.18300823E-020   1.31790982E-020  -1.19999997E+001  -1.04725051E-020   1.20466908E-018   0.00000000E+000  -7.02754129E+003  -7.02723151E+003  -1.40839065E+004  -2.40409756E+002   1.77778449E+000   2.94766288E+000   2.45503035E-001   1.17881985E+001   0.00000000E+000   1.66517641E+015   1.57906644E+014   1.00000000E-014   3.65000000E-012
       366     1.19999997E+001   7.06839019E+003  -3.34285801E-020  -5.39168817E-020  -1.19999997E+001   9.67463838E-021  -6.02334540E-019   3.01167270E-019  -7.02767810E+003  -7.02737537E+003  -1.40836258E+004  -2.40533674E+002   1.78044072E+000   2.96002435E+000   2.46339996E-001   1.17874787E+001   0.00000000E+000   1.67199634E+015   1.55044618E+014   1.00000000E-014   3.66000000E-012
       367     1.19999997E+001   7.06797827E+003   1.95411367E-020  -4.26543725E-020  -1.19999997E+001   3.03254321E-020  -3.01167270E-019   0.00000000E+000  -7.02781626E+003  -7.02752085E+003  -1.40833422E+004  -2.40658906E+002   1.78115037E+000   2.97619133E+000   2.47186095E-001   1.17867513E+001   0.00000000E+000   1.67197242E+015   1.54867052E+014   1.00000000E-014   3.67000000E-012
       368     1.19999997E+001   7.06755493E+003  -1.46487799E-020  -1.23906773E-019  -1.19999997E+001  -2.13110842E-020  -3.01167270E-019   0.00000000E+000  -7.02796179E+003  -7.02766683E+003  -1.40830507E+004  -2.40787603E+002   1.78235042E+000   2.98783519E+000   2.48055168E-001   1.17860038E+001   0.00000000E+000   1.67244019E+015   1.54549866E+014   1.00000000E-014   3.68000000E-012
       369     1.19999997E+001   7.06713994E+003   2.78311092E-020   5.22747271E-020  -1.19999997E+001   2.00677822E-020   0.00000000E+000   6.02334540E-019  -7.02809993E+003  -7.02781446E+003  -1.40827649E+004  -2.40913772E+002   1.78542130E+000   3.00087832E+000   2.48907391E-001   1.17852709E+001   0.00000000E+000   1.67121972E+015   1.53845496E+014   1.00000000E-014   3.69000000E-012
       370     1.19999997E+001   7.06673123E+003  -9.68403033E-020  -1.37378616E-019  -1.19999997E+001  -3.62069951E-020   6.02334540E-019   0.00000000E+000  -7.02823484E+003  -7.02796100E+003  -1.40824835E+004  -2.41038031E+002   1.78897343E+000   3.01342647E+000   2.49746712E-001   1.17845492E+001   0.00000000E+000   1.67397736E+015   1.53480023E+014   1.00000000E-014   3.70000000E-012
       371     1.19999997E+001   7.06631554E+003  -3.52388275E-020  -1.42305438E-019  -1.19999997E+001  -3.74506381E-020  -3.01167270E-019  -3.01167270E-019  -7.02837342E+003  -7.02810869E+003  -1.40821972E+004  -2.41164415E+002   1.79063605E+000   3.02651494E+000   2.50600338E-001   1.17838152E+001   0.00000000E+000   1.67519393E+015   1.53102710E+014   1.00000000E-014   3.71000000E-012
       372     1.19999997E+001   7.06591046E+003   5.45270710E-020  -7.62120560E-020  -1.19999997E+001   2.89164248E-020   0.00000000E+000   3.01167270E-019  -7.02851102E+003  -7.02825006E+003  -1.40819182E+004  -2.41287575E+002   1.79177985E+000   3.03816794E+000   2.51432060E-001   1.17830999E+001   0.00000000E+000   1.67620960E+015   1.53588066E+014   1.00000000E-014   3.72000000E-012
       373     1.19999997E+001   7.06549566E+003  -4.18401884E-020  -1.22144993E-019  -1.19999997E+001   3.66448551E-020   0.00000000E+000   3.01167270E-019  -7.02865177E+003  -7.02839498E+003  -1.40816326E+004  -2.41413691E+002   1.79395902E+000   3.05294107E+000   2.52284091E-001   1.17823674E+001   0.00000000E+000   1.67094083E+015   1.54835135E+014   1.00000000E-014   3.73000000E-012
       374     1.19999997E+001   7.06507902E+003  -3.36307798E-020  -6.38590613E-020  -1.19999997E+001  -3.84287864E-020  -3.01167270E-019   0.00000000E+000  -7.02878987E+003  -7.02854381E+003  -1.40813457E+004  -2.41540370E+002   1.79310784E+000   3.06177227E+000   2.53139140E-001   1.17816317E+001   0.00000000E+000   1.66632206E+015   1.52420122E+014   1.00000000E-014   3.74000000E-012
       375     1.19999997E+001   7.06467470E+003   4.73367030E-020   4.44043047E-020  -1.19999997E+001   5.94180636E-021   0.00000000E+000  -6.02334540E-019  -7.02892733E+003  -7.02868480E+003  -1.40810672E+004  -2.41663305E+002   1.79299221E+000   3.07368032E+000   2.53969310E-001   1.17809177E+001   0.00000000E+000   1.66529313E+015   1.52173125E+014   1.00000000E-014   3.75000000E-012
       376     1.19999997E+001   7.06425924E+003  -4.80978241E-020  -2.93382725E-020  -1.19999997E+001  -3.42190330E-020   0.00000000E+000  -3.01167270E-019  -7.02906484E+003  -7.02883342E+003  -1.40807811E+004  -2.41789634E+002   1.79102940E+000   3.08731065E+000   2.54822427E-001   1.17801841E+001   0.00000000E+000   1.66457888E+015   1.52834574E+014   1.00000000E-014   3.76000000E-012
       377     1.19999997E+001   7.06386074E+003   6.68652023E-021   5.40500779E-020  -1.19999997E+001  -1.66260969E-020   6.02334540E-019   3.01167270E-019  -7.02919784E+003  -7.02897487E+003  -1.40805066E+004  -2.41910803E+002   1.79330132E+000   3.09759532E+000   2.55640640E-001   1.17794804E+001   0.00000000E+000   1.66667362E+015   1.52965749E+014   1.00000000E-014   3.77000000E-012
       378     1.19999997E+001   7.06344997E+003   1.61330377E-020   3.60124425E-020  -1.19999997E+001   7.86474997E-020   0.00000000E+000   0.00000000E+000  -7.02933397E+003  -7.02912166E+003  -1.40802237E+004  -2.42035710E+002   1.79376484E+000   3.11012702E+000   2.56484189E-001   1.17787550E+001   0.00000000E+000   1.66962928E+015   1.52322783E+014   1.00000000E-014   3.78000000E-012
       379     1.19999997E+001   7.06304695E+003  -3.07770785E-020  -2.69622824E-020  -1.19999997E+001  -2.99981321E-020   0.00000000E+000   0.00000000E+000  -7.02947029E+003  -7.02926292E+003  -1.40799461E+004  -2.42158260E+002   1.79515985E+000   3.12294088E+000   2.57311935E-001   1.17780434E+001   0.00000000E+000   1.67280480E+015   1.51991400E+014   1.00000000E-014   3.79000000E-012
       380     1.19999997E+001   7.06264154E+003   1.64687208E-020   1.17503376E-019  -1.19999997E+001  -2.34489548E-020   6.02334540E-019   3.01167270E-019  -7.02960667E+003  -7.02940578E+003  -1.40796669E+004  -2.42281540E+002   1.79684987E+000   3.13648667E+000   2.58144693E-001   1.17773275E+001   0.00000000E+000   1.67513508E+015   1.51902227E+014   1.00000000E-014   3.80000000E-012
       381     1.19999997E+001   7.06222599E+003   1.80680803E-020  -9.32903917E-020  -1.19999997E+001   1.20774114E-021  -3.01167270E-019  -6.02334540E-019  -7.02974739E+003  -7.02955128E+003  -1.40793807E+004  -2.42407908E+002   1.79933455E+000   3.14765395E+000   2.58998077E-001   1.17765937E+001   0.00000000E+000   1.67644449E+015   1.52060138E+014   1.00000000E-014   3.81000000E-012
       382     1.19999997E+001   7.06182076E+003   1.31072225E-020  -1.24042985E-019  -1.19999997E+001  -4.59406921E-020   3.01167270E-019  -3.01167270E-019  -7.02988252E+003  -7.02969527E+003  -1.40791015E+004  -2.42531138E+002   1.80330856E+000   3.15896793E+000   2.59830378E-001   1.17758781E+001   0.00000000E+000   1.67986333E+015   1.51700621E+014   1.00000000E-014   3.82000000E-012
       383     1.19999997E+001   7.06141496E+003  -1.73237613E-020  -1.00601677E-019  -1.19999997E+001   8.16088709E-021   9.03501810E-019   3.01167270E-019  -7.03001765E+003  -7.02983966E+003  -1.40788220E+004  -2.42654546E+002   1.80678257E+000   3.17149652E+000   2.60663981E-001   1.17751616E+001   0.00000000E+000   1.68363096E+015   1.51493131E+014   1.00000000E-014   3.83000000E-012
       384     1.19999997E+001   7.06100148E+003   9.94067173E-021   7.62463064E-020  -1.19999997E+001  -3.23566380E-020  -6.02334540E-019   6.02334540E-019  -7.03015515E+003  -7.02998698E+003  -1.40785372E+004  -2.42780289E+002   1.81153147E+000   3.18333166E+000   2.61513326E-001   1.17744314E+001   0.00000000E+000   1.68430204E+015   1.52664637E+014   1.00000000E-014   3.84000000E-012
       385     1.19999997E+001   7.06059830E+003   5.01664936E-020   1.44032250E-019  -1.19999997E+001   3.82769212E-020   3.01167270E-019   3.01167270E-019  -7.03028794E+003  -7.03013192E+003  -1.40782595E+004  -2.42902904E+002   1.81398236E+000   3.19611667E+000   2.62341550E-001   1.17737195E+001   0.00000000E+000   1.68809149E+015   1.51361653E+014   1.00000000E-014   3.85000000E-012
       386     1.19999997E+001   7.06018859E+003   1.44378919E-020  -1.24931271E-019  -1.19999997E+001  -1.93519335E-020  -9.03501810E-019   0.00000000E+000  -7.03042734E+003  -7.03027476E+003  -1.40779772E+004  -2.43027506E+002   1.81404613E+000   3.20765840E+000   2.63182958E-001   1.17729960E+001   0.00000000E+000   1.68720239E+015   1.52418877E+014   1.00000000E-014   3.86000000E-012
       387     1.19999997E+001   7.05978442E+003  -3.83685429E-020  -2.99931956E-020  -1.19999997E+001  -4.99801267E-020   0.00000000E+000   3.01167270E-019  -7.03056010E+003  -7.03042040E+003  -1.40776988E+004  -2.43150424E+002   1.81564790E+000   3.21823284E+000   2.64012965E-001   1.17722823E+001   0.00000000E+000   1.69018072E+015   1.51399922E+014   1.00000000E-014   3.87000000E-012
       388     1.19999997E+001   7.05937564E+003   6.72303250E-020   4.31245442E-020  -1.19999997E+001   7.88815803E-021  -3.01167270E-019  -3.01167270E-019  -7.03069832E+003  -7.03056379E+003  -1.40774172E+004  -2.43274750E+002   1.81651184E+000   3.22890393E+000   2.64852453E-001   1.17715605E+001   0.00000000E+000   1.69148388E+015   1.51119398E+014   1.00000000E-014   3.88000000E-012
       389     1.19999997E+001   7.05897137E+003   3.19991086E-020  -1.12496563E-019  -1.19999997E+001   1.89776738E-020   0.00000000E+000  -3.01167270E-019  -7.03083539E+003  -7.03070522E+003  -1.40771387E+004  -2.43397704E+002   1.81752966E+000   3.23893167E+000   2.65682628E-001   1.17708466E+001   0.00000000E+000   1.69415492E+015   1.51282490E+014   1.00000000E-014   3.89000000E-012
       390     1.19999997E+001   7.05856313E+003  -1.80210487E-020   1.06558957E-019  -1.19999997E+001   2.79939066E-020   0.00000000E+000   0.00000000E+000  -7.03097234E+003  -7.03084951E+003  -1.40768575E+004  -2.43521871E+002   1.82097890E+000   3.24942380E+000   2.66521150E-001   1.17701258E+001   0.00000000E+000   1.69617966E+015   1.51745819E+014   1.00000000E-014   3.90000000E-012
       391     1.19999997E+001   7.05815983E+003   5.25624453E-020   1.98723249E-019  -1.19999997E+001  -2.58693915E-020   0.00000000E+000  -6.02334540E-019  -7.03110655E+003  -7.03099314E+003  -1.40765797E+004  -2.43644537E+002   1.82323230E+000   3.26187166E+000   2.67349687E-001   1.17694136E+001   0.00000000E+000   1.69949771E+015   1.51631345E+014   1.00000000E-014   3.91000000E-012
       392     1.19999997E+001   7.05775370E+003   1.74718927E-020   1.14157387E-019  -1.19999997E+001  -3.56704765E-020   0.00000000E+000  -6.02334540E-019  -7.03124348E+003  -7.03113601E+003  -1.40762999E+004  -2.43768065E+002   1.82513856E+000   3.27328177E+000   2.68183928E-001   1.17686965E+001   0.00000000E+000   1.69690518E+015   1.53502809E+014   1.00000000E-014   3.92000000E-012
       393     1.19999997E+001   7.05734084E+003   4.45041839E-020   2.05639254E-019  -1.19999997E+001   1.15257961E-020   0.00000000E+000   3.01167270E-019  -7.03138172E+003  -7.03128219E+003  -1.40760154E+004  -2.43893644E+002   1.82341048E+000   3.28715094E+000   2.69032057E-001   1.17679675E+001   0.00000000E+000   1.69791591E+015   1.51094242E+014   1.00000000E-014   3.93000000E-012
       394     1.19999997E+001   7.05692947E+003  -9.48358264E-020  -1.85390419E-019  -1.19999997E+001   6.42876227E-020   0.00000000E+000  -6.02334540E-019  -7.03151859E+003  -7.03142874E+003  -1.40757320E+004  -2.44018777E+002   1.82328812E+000   3.30254004E+000   2.69877410E-001   1.17672411E+001   0.00000000E+000   1.70021407E+015   1.50122938E+014   1.00000000E-014   3.94000000E-012
       395     1.19999997E+001   7.05652921E+003   9.34358663E-020   9.85579956E-022  -1.19999997E+001   1.95804538E-020   0.00000000E+000   0.00000000E+000  -7.03165299E+003  -7.03157011E+003  -1.40754562E+004  -2.44140528E+002   1.82472764E+000   3.31474937E+000   2.70699726E-001   1.17665343E+001   0.00000000E+000   1.70442371E+015   1.50063751E+014   1.00000000E-014   3.95000000E-012
       396     1.19999997E+001   7.05612834E+003   4.95661415E-020  -4.29119330E-020  -1.19999997E+001   1.74502977E-020   6.02334540E-019  -3.01167270E-019  -7.03178605E+003  -7.03171325E+003  -1.40751800E+004  -2.44262467E+002   1.82508181E+000   3.32838084E+000   2.71523397E-001   1.17658264E+001   0.00000000E+000   1.70827204E+015   1.49829773E+014   1.00000000E-014   3.96000000E-012
       397     1.19999997E+001   7.05572448E+003  -4.17275999E-020   9.94779468E-020  -1.19999997E+001  -4.20978925E-020   0.00000000E+000   0.00000000E+000  -7.03192233E+003  -7.03185523E+003  -1.40749018E+004  -2.44385315E+002   1.82660724E+000   3.34032187E+000   2.72353096E-001   1.17651133E+001   0.00000000E+000   1.71220323E+015   1.49186593E+014   1.00000000E-014   3.97000000E-012
       398     1.19999997E+001   7.05530994E+003  -8.69401290E-020  -2.44051310E-020  -1.19999997E+001  -2.53338423E-020  -6.02334540E-019   0.00000000E+000  -7.03206182E+003  -7.03200137E+003  -1.40746161E+004  -2.44511418E+002   1.82659981E+000   3.35421702E+000   2.73204866E-001   1.17643813E+001   0.00000000E+000   1.71646326E+015   1.48203995E+014   1.00000000E-014   3.98000000E-012
       399     1.19999997E+001   7.05489196E+003   2.95867857E-021  -6.18657140E-020  -1.19999997E+001   8.53979613E-021   6.02334540E-019  -3.01167270E-019  -7.03219971E+003  -7.03215148E+003  -1.40743281E+004  -2.44638573E+002   1.82734294E+000   3.36975206E+000   2.74063924E-001   1.17636433E+001   0.00000000E+000   1.71782821E+015   1.48168954E+014   1.00000000E-014   3.99000000E-012
       400     1.19999997E+001   7.05448733E+003   2.93620396E-021   1.31398071E-019  -1.19999997E+001   7.55292370E-021   9.03501810E-019   0.00000000E+000  -7.03233728E+003  -7.03229271E+003  -1.40740493E+004  -2.44761666E+002   1.82962431E+000   3.38011209E+000   2.74895145E-001   1.17629288E+001   0.00000000E+000   1.71816015E+015   1.47944686E+014   1.00000000E-014   4.00000000E-012
       401     1.19999997E+001   7.05407873E+003  -1.20958650E-020   5.75868494E-020  -1.19999997E+001   4.24962065E-020   0.00000000E+000   3.01167270E-019  -7.03247233E+003  -7.03243921E+003  -1.40737678E+004  -2.44885969E+002   1.83009584E+000   3.39378309E+000   2.75734776E-001   1.17622073E+001   0.00000000E+000   1.72000280E+015   1.47806651E+014   1.00000000E-014   4.01000000E-012
       402     1.19999997E+001   7.05366902E+003  -1.19805695E-019   6.80155003E-021  -1.19999997E+001   2.35751950E-020   0.00000000E+000   0.00000000E+000  -7.03261138E+003  -7.03258248E+003  -1.40734854E+004  -2.45010614E+002   1.83125134E+000   3.40596031E+000   2.76576595E-001   1.17614838E+001   0.00000000E+000   1.72151014E+015   1.47600819E+014   1.00000000E-014   4.02000000E-012
       403     1.19999997E+001   7.05325661E+003  -8.30507286E-020  -2.17113370E-020  -1.19999997E+001   4.55265274E-021   3.01167270E-019   6.02334540E-019  -7.03275088E+003  -7.03272717E+003  -1.40732013E+004  -2.45136080E+002   1.83452987E+000   3.41686479E+000   2.77423924E-001   1.17607556E+001   0.00000000E+000   1.72345718E+015   1.47923103E+014   1.00000000E-014   4.03000000E-012
       404     1.19999997E+001   7.05284343E+003   2.69861931E-020   1.72760118E-021  -1.19999997E+001  -2.66700406E-020   0.00000000E+000  -3.01167270E-019  -7.03289016E+003  -7.03287261E+003  -1.40729165E+004  -2.45261781E+002   1.83566918E+000   3.42912822E+000   2.78272877E-001   1.17600260E+001   0.00000000E+000   1.72616442E+015   1.47636162E+014   1.00000000E-014   4.04000000E-012
       405     1.19999997E+001   7.05243266E+003   2.47586933E-021   1.60888065E-020  -1.19999997E+001   2.52164610E-020   3.01167270E-019   0.00000000E+000  -7.03302683E+003  -7.03301901E+003  -1.40726335E+004  -2.45386756E+002   1.83663675E+000   3.44112212E+000   2.79116894E-001   1.17593007E+001   0.00000000E+000   1.73068407E+015   1.47258225E+014   1.00000000E-014   4.05000000E-012
       406     1.19999997E+001   7.05201467E+003  -1.72225179E-020   7.34803494E-020  -1.19999997E+001   1.62052365E-020   6.02334540E-019   3.01167270E-019  -7.03316780E+003  -7.03316609E+003  -1.40723454E+004  -2.45513928E+002   1.83876754E+000   3.45188543E+000   2.79975662E-001   1.17585626E+001   0.00000000E+000   1.73075201E+015   1.47142140E+014   1.00000000E-014   4.06000000E-012
       407     1.19999997E+001   7.05160977E+003  -4.65448499E-020  -1.51125611E-019  -1.19999997E+001  -4.15043886E-020   3.01167270E-019   3.01167270E-019  -7.03330329E+003  -7.03330963E+003  -1.40720664E+004  -2.45637120E+002   1.84052198E+000   3.46447283E+000   2.80807759E-001   1.17578477E+001   0.00000000E+000   1.73351124E+015   1.46771150E+014   1.00000000E-014   4.07000000E-012
       408     1.19999997E+001   7.05120718E+003  -3.66485530E-020  -7.49846406E-020  -1.19999997E+001   4.33951371E-020   0.00000000E+000  -6.02334540E-019  -7.03343652E+003  -7.03345385E+003  -1.40717889E+004  -2.45759612E+002   1.84205941E+000   3.47599991E+000   2.81635017E-001   1.17571368E+001   0.00000000E+000   1.73789244E+015   1.46121027E+014   1.00000000E-014   4.08000000E-012
       409     1.19999997E+001   7.05080231E+003   3.91344749E-020   3.57406648E-020  -1.19999997E+001   4.25344421E-020   6.02334540E-019   0.00000000E+000  -7.03357166E+003  -7.03359773E+003  -1.40715099E+004  -2.45882801E+002   1.84394807E+000   3.48932381E+000   2.82467179E-001   1.17564219E+001   0.00000000E+000   1.74149349E+015   1.46084782E+014   1.00000000E-014   4.09000000E-012
       410     1.19999997E+001   7.05040069E+003   8.67422375E-020  -5.96919954E-020  -1.19999997E+001  -2.34405537E-021  -3.01167270E-019   6.02334540E-019  -7.03370696E+003  -7.03373923E+003  -1.40712331E+004  -2.46005004E+002   1.84475040E+000   3.50334700E+000   2.83292719E-001   1.17557128E+001   0.00000000E+000   1.74350345E+015   1.45726038E+014   1.00000000E-014   4.10000000E-012
       411     1.19999997E+001   7.04999090E+003  -1.55555192E-020   3.67147561E-021  -1.19999997E+001  -9.44113219E-022  -3.01167270E-019   6.02334540E-019  -7.03384330E+003  -7.03388531E+003  -1.40709507E+004  -2.46129696E+002   1.84419668E+000   3.52020686E+000   2.84135270E-001   1.17549892E+001   0.00000000E+000   1.74712650E+015   1.46149646E+014   1.00000000E-014   4.11000000E-012
       412     1.19999997E+001   7.04957875E+003   5.22067289E-020   7.26547485E-020  -1.19999997E+001  -4.16198582E-020   0.00000000E+000   0.00000000E+000  -7.03398208E+003  -7.03403060E+003  -1.40706666E+004  -2.46255111E+002   1.84339250E+000   3.53449414E+000   2.84982416E-001   1.17542614E+001   0.00000000E+000   1.75092933E+015   1.45524871E+014   1.00000000E-014   4.12000000E-012
       413     1.19999997E+001   7.04916301E+003   3.00441764E-021   1.35516167E-019  -1.19999997E+001   1.71572661E-020   0.00000000E+000  -3.01167270E-019  -7.03412005E+003  -7.03417916E+003  -1.40703801E+004  -2.46381617E+002   1.84460901E+000   3.54816778E+000   2.85836960E-001   1.17535273E+001   0.00000000E+000   1.75174114E+015   1.45148461E+014   1.00000000E-014   4.13000000E-012
       414     1.19999997E+001   7.04874785E+003   2.22238730E-020   9.97663111E-020  -1.19999997E+001  -1.63059684E-020   0.00000000E+000   0.00000000E+000  -7.03426018E+003  -7.03432517E+003  -1.40700939E+004  -2.46507951E+002   1.84424674E+000   3.56249167E+000   2.86690336E-001   1.17527943E+001   0.00000000E+000   1.75319623E+015   1.45099446E+014   1.00000000E-014   4.14000000E-012
       415     1.19999997E+001   7.04833932E+003   5.65217826E-020   1.22398317E-020  -1.19999997E+001  -2.77053627E-020   0.00000000E+000  -3.01167270E-019  -7.03439702E+003  -7.03446992E+003  -1.40698124E+004  -2.46632266E+002   1.84476845E+000   3.57736656E+000   2.87530206E-001   1.17520729E+001   0.00000000E+000   1.75527477E+015   1.44978617E+014   1.00000000E-014   4.15000000E-012
       416     1.19999997E+001   7.04793219E+003   3.09500181E-020   4.22005720E-020  -1.19999997E+001  -2.98202560E-020  -3.01167270E-019   0.00000000E+000  -7.03453440E+003  -7.03461317E+003  -1.40695317E+004  -2.46756160E+002   1.84567034E+000   3.59082116E+000   2.88367106E-001   1.17513540E+001   0.00000000E+000   1.75872356E+015   1.44680637E+014   1.00000000E-014   4.16000000E-012
       417     1.19999997E+001   7.04752237E+003  -2.61346709E-020   8.72833515E-020  -1.19999997E+001   1.38611452E-020   6.02334540E-019   3.01167270E-019  -7.03467283E+003  -7.03475722E+003  -1.40692493E+004  -2.46880873E+002   1.84657731E+000   3.60403257E+000   2.89209505E-001   1.17506304E+001   0.00000000E+000   1.76111914E+015   1.44536850E+014   1.00000000E-014   4.17000000E-012
       418     1.19999997E+001   7.04710271E+003   3.24699984E-020   1.78746981E-019  -1.19999997E+001   2.00438356E-020   3.01167270E-019   0.00000000E+000  -7.03481570E+003  -7.03490363E+003  -1.40689600E+004  -2.47008585E+002   1.84566270E+000   3.61789723E+000   2.90072119E-001   1.17498894E+001   0.00000000E+000   1.76430612E+015   1.43942280E+014   1.00000000E-014   4.18000000E-012
       419     1.19999997E+001   7.04669056E+003   2.12286713E-020  -1.16748645E-019  -1.19999997E+001  -1.38459767E-020  -3.01167270E-019   0.00000000E+000  -7.03495421E+003  -7.03504922E+003  -1.40686759E+004  -2.47134014E+002   1.84481074E+000   3.63083714E+000   2.90919239E-001   1.17491617E+001   0.00000000E+000   1.76752667E+015   1.43697689E+014   1.00000000E-014   4.19000000E-012
       420     1.19999997E+001   7.04627160E+003  -8.11721239E-021  -4.74380901E-020  -1.19999997E+001   1.96466884E-020   3.01167270E-019  -3.01167270E-019  -7.03509415E+003  -7.03519808E+003  -1.40683871E+004  -2.47261518E+002   1.84493640E+000   3.64588678E+000   2.91780613E-001   1.17484219E+001   0.00000000E+000   1.77065858E+015   1.43539559E+014   1.00000000E-014   4.20000000E-012
       421     1.19999997E+001   7.04585151E+003   3.59134249E-020  -6.94521522E-020  -1.19999997E+001  -4.28016243E-020   0.00000000E+000   3.01167270E-019  -7.03523408E+003  -7.03534774E+003  -1.40680975E+004  -2.47389370E+002   1.84608671E+000   3.66025792E+000   2.92644316E-001   1.17476801E+001   0.00000000E+000   1.77384293E+015   1.43167489E+014   1.00000000E-014   4.21000000E-012
       422     1.19999997E+001   7.04543979E+003   7.83789532E-021   2.74562786E-019  -1.19999997E+001   2.62155311E-020  -3.01167270E-019  -3.01167270E-019  -7.03537208E+003  -7.03549356E+003  -1.40678137E+004  -2.47514676E+002   1.84590830E+000   3.67407683E+000   2.93490738E-001   1.17469531E+001   0.00000000E+000   1.77793670E+015   1.43013272E+014   1.00000000E-014   4.22000000E-012
       423     1.19999997E+001   7.04502590E+003  -3.12129280E-020  -1.08376457E-019  -1.19999997E+001  -3.17448511E-020  -3.01167270E-019  -3.01167270E-019  -7.03551062E+003  -7.03564035E+003  -1.40675284E+004  -2.47640645E+002   1.84521698E+000   3.68714157E+000   2.94341528E-001   1.17462223E+001   0.00000000E+000   1.78074095E+015   1.42934919E+014   1.00000000E-014   4.23000000E-012
       424     1.19999997E+001   7.04460292E+003  -2.94859731E-020   5.17400037E-020  -1.19999997E+001   4.25506159E-021   6.02334540E-019   0.00000000E+000  -7.03565097E+003  -7.03579159E+003  -1.40672368E+004  -2.47769385E+002   1.84301847E+000   3.70328750E+000   2.95211261E-001   1.17454755E+001   0.00000000E+000   1.78203529E+015   1.42458910E+014   1.00000000E-014   4.24000000E-012
       425     1.19999997E+001   7.04418496E+003   2.48547669E-020   1.00486217E-019  -1.19999997E+001   1.93871174E-020  -3.01167270E-019   6.02334540E-019  -7.03578989E+003  -7.03594081E+003  -1.40669486E+004  -2.47896597E+002   1.84287750E+000   3.71801749E+000   2.96070637E-001   1.17447375E+001   0.00000000E+000   1.78384954E+015   1.42303798E+014   1.00000000E-014   4.25000000E-012
       426     1.19999997E+001   7.04376281E+003  -6.78563111E-020  -6.88383727E-021  -1.19999997E+001   4.89215312E-020  -9.03501810E-019   0.00000000E+000  -7.03592906E+003  -7.03609267E+003  -1.40666576E+004  -2.48025090E+002   1.84166847E+000   3.73325237E+000   2.96938657E-001   1.17439921E+001   0.00000000E+000   1.78467655E+015   1.43034257E+014   1.00000000E-014   4.26000000E-012
       427     1.19999997E+001   7.04333671E+003  -1.18808124E-020   9.64929162E-020  -1.19999997E+001  -3.99121467E-020  -3.01167270E-019   0.00000000E+000  -7.03607030E+003  -7.03624519E+003  -1.40663638E+004  -2.48154787E+002   1.83963460E+000   3.74659227E+000   2.97814569E-001   1.17432397E+001   0.00000000E+000   1.78666908E+015   1.43076968E+014   1.00000000E-014   4.27000000E-012
       428     1.19999997E+001   7.04292255E+003   4.39401644E-020  -1.30892141E-019  -1.19999997E+001   5.86490441E-021   3.01167270E-019  -3.01167270E-019  -7.03620708E+003  -7.03639395E+003  -1.40660783E+004  -2.48280850E+002   1.84211434E+000   3.75702059E+000   2.98665864E-001   1.17425085E+001   0.00000000E+000   1.78805026E+015   1.42128185E+014   1.00000000E-014   4.28000000E-012
       429     1.19999997E+001   7.04249531E+003   1.12970469E-020  -8.16075426E-020  -1.19999997E+001  -2.89084904E-020   3.01167270E-019  -3.01167270E-019  -7.03635405E+003  -7.03654154E+003  -1.40657837E+004  -2.48410895E+002   1.83961171E+000   3.76986978E+000   2.99544043E-001   1.17417541E+001   0.00000000E+000   1.79188496E+015   1.41039240E+014   1.00000000E-014   4.29000000E-012
       430     1.19999997E+001   7.04207343E+003  -3.94858112E-020   2.44535269E-020  -1.19999997E+001  -4.03876678E-020   6.02334540E-019  -3.01167270E-019  -7.03649723E+003  -7.03668924E+003  -1.40654928E+004  -2.48539314E+002   1.84222789E+000   3.78224298E+000   3.00411433E-001   1.17410092E+001   0.00000000E+000   1.79400048E+015   1.40671715E+014   1.00000000E-014   4.30000000E-012
       431     1.19999997E+001   7.04164761E+003  -3.21936971E-020   3.44174630E-020  -1.19999997E+001  -1.42697272E-020  -6.02334540E-019   3.01167270E-019  -7.03663857E+003  -7.03684149E+003  -1.40651992E+004  -2.48668938E+002   1.84050743E+000   3.79815406E+000   3.01287144E-001   1.17402573E+001   0.00000000E+000   1.79714585E+015   1.40134623E+014   1.00000000E-014   4.31000000E-012
       432     1.19999997E+001   7.04123075E+003   2.71578043E-020  -1.66000501E-020  -1.19999997E+001   3.64722116E-020  -6.02334540E-019  -9.03501810E-019  -7.03677884E+003  -7.03698865E+003  -1.40649118E+004  -2.48795835E+002   1.84158046E+000   3.81033059E+000   3.02144183E-001   1.17395213E+001   0.00000000E+000   1.80100285E+015   1.40264994E+014   1.00000000E-014   4.32000000E-012
       433     1.19999997E+001   7.04080692E+003   5.12829721E-020  -2.45464411E-020  -1.19999997E+001   6.17770362E-020   3.01167270E-019  -3.01167270E-019  -7.03692048E+003  -7.03713924E+003  -1.40646196E+004  -2.48924854E+002   1.83968892E+000   3.82496442E+000   3.03015678E-001   1.17387729E+001   0.00000000E+000   1.80428884E+015   1.40083618E+014   1.00000000E-014   4.33000000E-012
       434     1.19999997E+001   7.04037796E+003  -5.69686899E-020   1.08800100E-020  -1.19999997E+001   4.06968194E-020   0.00000000E+000   0.00000000E+000  -7.03706669E+003  -7.03728881E+003  -1.40643238E+004  -2.49055440E+002   1.84269916E+000   3.83796705E+000   3.03897762E-001   1.17380155E+001   0.00000000E+000   1.80569272E+015   1.39633030E+014   1.00000000E-014   4.34000000E-012
       435     1.19999997E+001   7.03994981E+003   6.26589314E-021   1.11592983E-019  -1.19999997E+001  -4.52175553E-020  -3.01167270E-019  -9.03501810E-019  -7.03720859E+003  -7.03744214E+003  -1.40640286E+004  -2.49185783E+002   1.84216816E+000   3.85083645E+000   3.04778057E-001   1.17372595E+001   0.00000000E+000   1.80748894E+015   1.39871191E+014   1.00000000E-014   4.35000000E-012
       436     1.19999997E+001   7.03953187E+003   3.03579593E-020   1.35779687E-020  -1.19999997E+001  -1.59524330E-020  -3.01167270E-019  -3.01167270E-019  -7.03734722E+003  -7.03759171E+003  -1.40637404E+004  -2.49313020E+002   1.84171905E+000   3.86516812E+000   3.05637564E-001   1.17365216E+001   0.00000000E+000   1.81016303E+015   1.39882788E+014   1.00000000E-014   4.36000000E-012
       437     1.19999997E+001   7.03910627E+003  -2.76522458E-020  -1.04206519E-019  -1.19999997E+001  -2.77926403E-020  -3.01167270E-019  -3.01167270E-019  -7.03748980E+003  -7.03774260E+003  -1.40634469E+004  -2.49442588E+002   1.84327523E+000   3.87640377E+000   3.06512545E-001   1.17357701E+001   0.00000000E+000   1.81337804E+015   1.39093996E+014   1.00000000E-014   4.37000000E-012
       438     1.19999997E+001   7.03868649E+003  -3.64576265E-020  -3.25721035E-020  -1.19999997E+001  -3.51422917E-020  -3.01167270E-019   3.01167270E-019  -7.03762952E+003  -7.03789236E+003  -1.40631574E+004  -2.49570390E+002   1.84114293E+000   3.89080004E+000   3.07375810E-001   1.17350289E+001   0.00000000E+000   1.81351940E+015   1.40520600E+014   1.00000000E-014   4.38000000E-012
       439     1.19999997E+001   7.03826334E+003  -1.37974731E-019  -3.49212390E-020  -1.19999997E+001  -1.53890419E-020   3.01167270E-019  -3.01167270E-019  -7.03776721E+003  -7.03804648E+003  -1.40628656E+004  -2.49699222E+002   1.83958715E+000   3.90653333E+000   3.08246196E-001   1.17342818E+001   0.00000000E+000   1.81432192E+015   1.40082188E+014   1.00000000E-014   4.39000000E-012
       440     1.19999997E+001   7.03783827E+003  -1.33454678E-020  -1.76785443E-019  -1.19999997E+001  -3.08573014E-020  -3.01167270E-019  -6.02334540E-019  -7.03790781E+003  -7.03819902E+003  -1.40625725E+004  -2.49828640E+002   1.83960626E+000   3.92203599E+000   3.09120576E-001   1.17335313E+001   0.00000000E+000   1.81792739E+015   1.39489526E+014   1.00000000E-014   4.40000000E-012
       441     1.19999997E+001   7.03742448E+003   2.32274757E-020  -7.41646403E-020  -1.19999997E+001  -3.65601983E-021   6.02334540E-019   0.00000000E+000  -7.03804452E+003  -7.03834767E+003  -1.40622871E+004  -2.49954628E+002   1.83898922E+000   3.93607305E+000   3.09971636E-001   1.17328006E+001   0.00000000E+000   1.82162189E+015   1.39255201E+014   1.00000000E-014   4.41000000E-012
       442     1.19999997E+001   7.03700493E+003  -2.81189709E-020   2.16286189E-020  -1.19999997E+001  -2.52106987E-020   0.00000000E+000  -3.01167270E-019  -7.03818431E+003  -7.03849722E+003  -1.40619978E+004  -2.50082369E+002   1.83687583E+000   3.94941849E+000   3.10834386E-001   1.17320599E+001   0.00000000E+000   1.82499709E+015   1.38586724E+014   1.00000000E-014   4.42000000E-012
       443     1.19999997E+001   7.03658423E+003   3.48704019E-020  -1.51389849E-020  -1.19999997E+001  -2.27191761E-020  -9.03501810E-019  -3.01167270E-019  -7.03832336E+003  -7.03864830E+003  -1.40617076E+004  -2.50210466E+002   1.83547740E+000   3.96456353E+000   3.11699758E-001   1.17313171E+001   0.00000000E+000   1.82785044E+015   1.38951249E+014   1.00000000E-014   4.43000000E-012
       444     1.19999997E+001   7.03616724E+003  -5.10661244E-020  -2.67436396E-020  -1.19999997E+001  -5.40080367E-020  -6.02334540E-019   3.01167270E-019  -7.03846152E+003  -7.03879774E+003  -1.40614200E+004  -2.50337433E+002   1.83437963E+000   3.97851346E+000   3.12557399E-001   1.17305808E+001   0.00000000E+000   1.83069341E+015   1.39371430E+014   1.00000000E-014   4.44000000E-012
       445     1.19999997E+001   7.03574823E+003  -8.43619391E-020  -6.28436110E-020  -1.19999997E+001  -3.04665088E-020   0.00000000E+000   0.00000000E+000  -7.03859916E+003  -7.03894908E+003  -1.40611311E+004  -2.50465020E+002   1.83373723E+000   3.99226822E+000   3.13419228E-001   1.17298410E+001   0.00000000E+000   1.83432123E+015   1.38823141E+014   1.00000000E-014   4.45000000E-012
       446     1.19999997E+001   7.03532607E+003  -2.54116059E-020   1.90318462E-019  -1.19999997E+001  -1.90718984E-020   0.00000000E+000  -3.01167270E-019  -7.03874140E+003  -7.03909801E+003  -1.40608399E+004  -2.50593569E+002   1.83131624E+000   4.00884460E+000   3.14287767E-001   1.17290956E+001   0.00000000E+000   1.83476831E+015   1.38867398E+014   1.00000000E-014   4.46000000E-012
       447     1.19999997E+001   7.03490394E+003  -2.85011112E-021  -1.13080042E-019  -1.19999997E+001  -3.70456104E-020   0.00000000E+000  -6.02334540E-019  -7.03888253E+003  -7.03924803E+003  -1.40605487E+004  -2.50722110E+002   1.82877910E+000   4.02401420E+000   3.15156096E-001   1.17283503E+001   0.00000000E+000   1.83457839E+015   1.39341783E+014   1.00000000E-014   4.47000000E-012
       448     1.19999997E+001   7.03447723E+003   5.76422102E-020   1.47877778E-019  -1.19999997E+001   3.94713248E-020   0.00000000E+000   3.01167270E-019  -7.03902244E+003  -7.03940243E+003  -1.40602544E+004  -2.50852052E+002   1.82802157E+000   4.03921370E+000   3.16033960E-001   1.17275968E+001   0.00000000E+000   1.83564542E+015   1.39367208E+014   1.00000000E-014   4.48000000E-012
       449     1.19999997E+001   7.03405545E+003   2.13201495E-020   9.72681108E-020  -1.19999997E+001  -1.96073937E-020   3.01167270E-019   6.02334540E-019  -7.03916246E+003  -7.03955333E+003  -1.40599635E+004  -2.50980492E+002   1.82650383E+000   4.05322336E+000   3.16901540E-001   1.17268521E+001   0.00000000E+000   1.84009630E+015   1.38671709E+014   1.00000000E-014   4.49000000E-012
       450     1.19999997E+001   7.03363178E+003  -1.79460855E-020  -5.43179063E-020  -1.19999997E+001   7.64446915E-021  -3.01167270E-019  -9.03501810E-019  -7.03930392E+003  -7.03970411E+003  -1.40596713E+004  -2.51109511E+002   1.82622751E+000   4.06791840E+000   3.17773141E-001   1.17261041E+001   0.00000000E+000   1.84161549E+015   1.38424636E+014   1.00000000E-014   4.50000000E-012
       451     1.19999997E+001   7.03320048E+003   2.30284354E-020  -7.14017709E-020  -1.19999997E+001   1.26639682E-020   3.01167270E-019  -3.01167270E-019  -7.03944584E+003  -7.03985968E+003  -1.40593738E+004  -2.51240855E+002   1.82333467E+000   4.08280221E+000   3.18660357E-001   1.17253426E+001   0.00000000E+000   1.84346395E+015   1.38503541E+014   1.00000000E-014   4.51000000E-012
       452     1.19999997E+001   7.03278003E+003  -2.81494876E-020   1.52511425E-021  -1.19999997E+001   2.73454817E-020   6.02334540E-019  -3.01167270E-019  -7.03958614E+003  -7.04000941E+003  -1.40590837E+004  -2.51368900E+002   1.82207824E+000   4.09705312E+000   3.19525303E-001   1.17246002E+001   0.00000000E+000   1.84916933E+015   1.36872791E+014   1.00000000E-014   4.52000000E-012
       453     1.19999997E+001   7.03235613E+003   6.09498556E-020  -1.77048819E-019  -1.19999997E+001  -5.01217060E-020  -3.01167270E-019  -3.01167270E-019  -7.03972697E+003  -7.04016099E+003  -1.40587913E+004  -2.51497996E+002   1.82100303E+000   4.11097496E+000   3.20397319E-001   1.17238518E+001   0.00000000E+000   1.85340789E+015   1.36593929E+014   1.00000000E-014   4.53000000E-012
       454     1.19999997E+001   7.03192611E+003   6.44006779E-020   3.37307308E-020  -1.19999997E+001   7.75122805E-023  -3.01167270E-019   3.01167270E-019  -7.03987067E+003  -7.04031392E+003  -1.40584947E+004  -2.51628958E+002   1.82013381E+000   4.12261545E+000   3.21281670E-001   1.17230925E+001   0.00000000E+000   1.85460083E+015   1.36296803E+014   1.00000000E-014   4.54000000E-012
       455     1.19999997E+001   7.03149855E+003  -3.16315446E-020   1.19807059E-019  -1.19999997E+001  -4.24171325E-020   6.02334540E-019   3.01167270E-019  -7.04001131E+003  -7.04046822E+003  -1.40581998E+004  -2.51759175E+002   1.81937674E+000   4.13575446E+000   3.22161187E-001   1.17223376E+001   0.00000000E+000   1.85855874E+015   1.36063865E+014   1.00000000E-014   4.55000000E-012
       456     1.19999997E+001   7.03106587E+003  -1.77082711E-021   2.57146901E-020  -1.19999997E+001  -2.60958789E-020   0.00000000E+000   0.00000000E+000  -7.04015538E+003  -7.04062263E+003  -1.40579013E+004  -2.51890956E+002   1.81763694E+000   4.15187623E+000   3.23051518E-001   1.17215737E+001   0.00000000E+000   1.86239228E+015   1.35136988E+014   1.00000000E-014   4.56000000E-012
       457     1.19999997E+001   7.03063648E+003   5.55968769E-020  -1.12336871E-019  -1.19999997E+001   3.18238758E-020  -6.02334540E-019   3.01167270E-019  -7.04029960E+003  -7.04077464E+003  -1.40576050E+004  -2.52021738E+002   1.81625245E+000   4.16598337E+000   3.23934910E-001   1.17208155E+001   0.00000000E+000   1.86714767E+015   1.34912927E+014   1.00000000E-014   4.57000000E-012
       458     1.19999997E+001   7.03021047E+003   3.54614914E-020  -8.41973646E-020  -1.19999997E+001   4.51519984E-020  -6.02334540E-019  -6.02334540E-019  -7.04044070E+003  -7.04092743E+003  -1.40573112E+004  -2.52151490E+002   1.81341191E+000   4.18105494E+000   3.24811424E-001   1.17200634E+001   0.00000000E+000   1.87079725E+015   1.34564417E+014   1.00000000E-014   4.58000000E-012
       459     1.19999997E+001   7.02977457E+003   1.42886978E-019  -7.29356453E-020  -1.19999997E+001  -7.66351962E-021  -6.02334540E-019   3.01167270E-019  -7.04058448E+003  -7.04108438E+003  -1.40570104E+004  -2.52284259E+002   1.81207775E+000   4.19454765E+000   3.25708163E-001   1.17192937E+001   0.00000000E+000   1.87321955E+015   1.34192511E+014   1.00000000E-014   4.59000000E-012
       460     1.19999997E+001   7.02935024E+003   8.74397403E-020  -1.19916776E-019  -1.19999997E+001  -4.42804609E-021  -6.02334540E-019   0.00000000E+000  -7.04072578E+003  -7.04123582E+003  -1.40567177E+004  -2.52413504E+002   1.81102913E+000   4.20843136E+000   3.26581196E-001   1.17185445E+001   0.00000000E+000   1.87723307E+015   1.33234733E+014   1.00000000E-014   4.60000000E-012
       461     1.19999997E+001   7.02891106E+003  -9.75177010E-020   1.12294938E-019  -1.19999997E+001   3.20136309E-020   0.00000000E+000  -3.01167270E-019  -7.04087239E+003  -7.04139222E+003  -1.40564147E+004  -2.52547280E+002   1.81115923E+000   4.22381664E+000   3.27484983E-001   1.17177691E+001   0.00000000E+000   1.88218946E+015   1.32311302E+014   1.00000000E-014   4.61000000E-012
       462     1.19999997E+001   7.02847779E+003  -5.81057042E-020   6.73382462E-020  -1.19999997E+001  -2.94317432E-020   3.01167270E-019   3.01167270E-019  -7.04101658E+003  -7.04154697E+003  -1.40561157E+004  -2.52679258E+002   1.81032660E+000   4.23889400E+000   3.28376585E-001   1.17170041E+001   0.00000000E+000   1.88510145E+015   1.32627711E+014   1.00000000E-014   4.62000000E-012
       463     1.19999997E+001   7.02804209E+003  -1.40712613E-020   1.25567453E-019  -1.19999997E+001  -7.43272402E-021   0.00000000E+000   0.00000000E+000  -7.04116243E+003  -7.04170172E+003  -1.40558151E+004  -2.52811976E+002   1.81223343E+000   4.25183670E+000   3.29273033E-001   1.17162349E+001   0.00000000E+000   1.88978462E+015   1.31185306E+014   1.00000000E-014   4.63000000E-012
       464     1.19999997E+001   7.02761412E+003   3.03190416E-020  -8.91109395E-020  -1.19999997E+001  -2.98946807E-020   9.03501810E-019  -3.01167270E-019  -7.04130596E+003  -7.04185348E+003  -1.40555198E+004  -2.52942345E+002   1.81264155E+000   4.26475512E+000   3.30153582E-001   1.17154792E+001   0.00000000E+000   1.89456131E+015   1.30852707E+014   1.00000000E-014   4.64000000E-012
       465     1.19999997E+001   7.02717949E+003  -2.17939114E-021  -3.60745528E-020  -1.19999997E+001  -1.39842350E-020   0.00000000E+000  -3.01167270E-019  -7.04145297E+003  -7.04200636E+003  -1.40552200E+004  -2.53074742E+002   1.81157472E+000   4.27905393E+000   3.31047902E-001   1.17147119E+001   0.00000000E+000   1.89741669E+015   1.30502041E+014   1.00000000E-014   4.65000000E-012
       466     1.19999997E+001   7.02674530E+003   5.22295625E-020  -1.92016480E-019  -1.19999997E+001   1.04119924E-020   6.02334540E-019   3.01167270E-019  -7.04159806E+003  -7.04216086E+003  -1.40549204E+004  -2.53207009E+002   1.81093917E+000   4.29287604E+000   3.31941326E-001   1.17139453E+001   0.00000000E+000   1.90096922E+015   1.30708459E+014   1.00000000E-014   4.66000000E-012
       467     1.19999997E+001   7.02630998E+003   7.87366801E-020  -6.08646962E-020  -1.19999997E+001   1.02212813E-020   6.02334540E-019   0.00000000E+000  -7.04174605E+003  -7.04231324E+003  -1.40546200E+004  -2.53339626E+002   1.80696433E+000   4.31142762E+000   3.32837490E-001   1.17131767E+001   0.00000000E+000   1.90164106E+015   1.29158172E+014   1.00000000E-014   4.67000000E-012
       468     1.19999997E+001   7.02586849E+003   2.16123912E-020   5.85095292E-020  -1.19999997E+001  -3.41109323E-020  -3.01167270E-019   0.00000000E+000  -7.04189744E+003  -7.04246650E+003  -1.40543153E+004  -2.53474122E+002   1.80849864E+000   4.32496620E+000   3.33745972E-001   1.17123972E+001   0.00000000E+000   1.90642472E+015   1.28883966E+014   1.00000000E-014   4.68000000E-012
       469     1.19999997E+001   7.02542794E+003  -1.12111695E-020  -1.87838931E-020  -1.19999997E+001   4.00390600E-020   0.00000000E+000   0.00000000E+000  -7.04204487E+003  -7.04262307E+003  -1.40540113E+004  -2.53608337E+002   1.80859411E+000   4.33933231E+000   3.34652617E-001   1.17116194E+001   0.00000000E+000   1.91138875E+015   1.28147216E+014   1.00000000E-014   4.69000000E-012
       470     1.19999997E+001   7.02498904E+003  -6.45085992E-020   2.41652774E-019  -1.19999997E+001  -5.86824329E-021   3.01167270E-019   3.01167270E-019  -7.04219268E+003  -7.04277812E+003  -1.40537085E+004  -2.53742051E+002   1.80888791E+000   4.35193935E+000   3.35555689E-001   1.17108445E+001   0.00000000E+000   1.91599603E+015   1.27656997E+014   1.00000000E-014   4.70000000E-012
       471     1.19999997E+001   7.02454816E+003   2.20236838E-021  -1.78067285E-019  -1.19999997E+001  -2.96226158E-020   9.03501810E-019  -3.01167270E-019  -7.04233772E+003  -7.04293732E+003  -1.40534042E+004  -2.53876373E+002   1.80716591E+000   4.36669490E+000   3.36463044E-001   1.17100661E+001   0.00000000E+000   1.91672389E+015   1.27441968E+014   1.00000000E-014   4.71000000E-012
       472     1.19999997E+001   7.02409965E+003  -5.68066286E-020  -6.08236244E-020  -1.19999997E+001   2.65419784E-020   0.00000000E+000   3.01167270E-019  -7.04248386E+003  -7.04310069E+003  -1.40530947E+004  -2.54013026E+002   1.80267578E+000   4.38596999E+000   3.37386544E-001   1.17092742E+001   0.00000000E+000   1.92153477E+015   1.26652110E+014   1.00000000E-014   4.72000000E-012
       473     1.19999997E+001   7.02366781E+003  -4.75031444E-020  -1.42289426E-019  -1.19999997E+001   3.75742126E-020   3.01167270E-019   3.01167270E-019  -7.04262802E+003  -7.04325454E+003  -1.40527967E+004  -2.54144598E+002   1.80091534E+000   4.39992799E+000   3.38275264E-001   1.17085117E+001   0.00000000E+000   1.92573239E+015   1.26482926E+014   1.00000000E-014   4.73000000E-012
       474     1.19999997E+001   7.02322745E+003   3.02035810E-021  -4.54122156E-020  -1.19999997E+001   3.55393268E-021   3.01167270E-019  -3.01167270E-019  -7.04277704E+003  -7.04340943E+003  -1.40524928E+004  -2.54278767E+002   1.79859420E+000   4.41402486E+000   3.39181484E-001   1.17077343E+001   0.00000000E+000   1.92880101E+015   1.26322844E+014   1.00000000E-014   4.74000000E-012
       475     1.19999997E+001   7.02279086E+003   2.25211410E-020   1.34273242E-020  -1.19999997E+001   2.79466417E-020   0.00000000E+000   0.00000000E+000  -7.04292156E+003  -7.04356622E+003  -1.40521915E+004  -2.54411794E+002   1.79623432E+000   4.42870151E+000   3.40080087E-001   1.17069634E+001   0.00000000E+000   1.93191276E+015   1.26114886E+014   1.00000000E-014   4.75000000E-012
       476     1.19999997E+001   7.02234381E+003   7.29274596E-020  -1.51224700E-020  -1.19999997E+001   3.89930212E-020   0.00000000E+000  -3.01167270E-019  -7.04307057E+003  -7.04372574E+003  -1.40518830E+004  -2.54548010E+002   1.79637070E+000   4.44408057E+000   3.41000353E-001   1.17061741E+001   0.00000000E+000   1.93425578E+015   1.26670390E+014   1.00000000E-014   4.76000000E-012
       477     1.19999997E+001   7.02190132E+003   1.53890060E-020   4.85394179E-020  -1.19999997E+001  -2.23525455E-021   3.01167270E-019   0.00000000E+000  -7.04322025E+003  -7.04388145E+003  -1.40515776E+004  -2.54682839E+002   1.79275852E+000   4.45770133E+000   3.41910928E-001   1.17053929E+001   0.00000000E+000   1.93887494E+015   1.26429800E+014   1.00000000E-014   4.77000000E-012
       478     1.19999997E+001   7.02145287E+003  -3.21554975E-020   6.03072110E-020  -1.19999997E+001   5.96000864E-021   6.02334540E-019   3.01167270E-019  -7.04337469E+003  -7.04403652E+003  -1.40512681E+004  -2.54819487E+002   1.78960281E+000   4.47170729E+000   3.42833811E-001   1.17046011E+001   0.00000000E+000   1.93749607E+015   1.28870011E+014   1.00000000E-014   4.78000000E-012
       479     1.19999997E+001   7.02101110E+003  -3.78033029E-020   4.79994528E-020  -1.19999997E+001  -5.24264487E-020  -9.03501810E-019   3.01167270E-019  -7.04352391E+003  -7.04419221E+003  -1.40509632E+004  -2.54954100E+002   1.78829086E+000   4.48581543E+000   3.43743065E-001   1.17038212E+001   0.00000000E+000   1.94135495E+015   1.27963183E+014   1.00000000E-014   4.79000000E-012
       480     1.19999997E+001   7.02057500E+003   6.31563886E-020   1.62153824E-019  -1.19999997E+001  -3.87173662E-020   0.00000000E+000   0.00000000E+000  -7.04366808E+003  -7.04434904E+003  -1.40506621E+004  -2.55086992E+002   1.78578874E+000   4.50059313E+000   3.44640783E-001   1.17030512E+001   0.00000000E+000   1.94257117E+015   1.27751489E+014   1.00000000E-014   4.80000000E-012
       481     1.19999997E+001   7.02012875E+003  -4.90564058E-021   4.11981900E-021  -1.19999997E+001  -1.91750806E-020   3.01167270E-019   0.00000000E+000  -7.04381768E+003  -7.04450745E+003  -1.40503541E+004  -2.55222980E+002   1.78354713E+000   4.51510995E+000   3.45559335E-001   1.17022633E+001   0.00000000E+000   1.94386842E+015   1.28549459E+014   1.00000000E-014   4.81000000E-012
       482     1.19999997E+001   7.01968615E+003  -7.80215136E-020   4.14727680E-020  -1.19999997E+001  -3.40822108E-020   3.01167270E-019  -3.01167270E-019  -7.04396604E+003  -7.04466460E+003  -1.40500486E+004  -2.55357856E+002   1.77924634E+000   4.53136606E+000   3.46470524E-001   1.17014819E+001   0.00000000E+000   1.94689160E+015   1.28213559E+014   1.00000000E-014   4.82000000E-012
       483     1.19999997E+001   7.01925191E+003   5.10577233E-020   3.50862443E-020  -1.19999997E+001  -6.03504369E-021   3.01167270E-019   0.00000000E+000  -7.04411131E+003  -7.04481906E+003  -1.40497489E+004  -2.55490191E+002   1.77823357E+000   4.54462148E+000   3.47364345E-001   1.17007153E+001   0.00000000E+000   1.94993197E+015   1.28013541E+014   1.00000000E-014   4.83000000E-012
       484     1.19999997E+001   7.01881415E+003  -9.36563760E-020   4.92298839E-020  -1.19999997E+001  -2.09875539E-020   0.00000000E+000   3.01167270E-019  -7.04425621E+003  -7.04497634E+003  -1.40494467E+004  -2.55623600E+002   1.77567342E+000   4.55978049E+000   3.48265597E-001   1.16999424E+001   0.00000000E+000   1.95384347E+015   1.27367122E+014   1.00000000E-014   4.84000000E-012
       485     1.19999997E+001   7.01836803E+003   1.17743416E-019  -6.49405713E-020  -1.19999997E+001   1.74886948E-020  -3.01167270E-019   3.01167270E-019  -7.04440104E+003  -7.04513946E+003  -1.40491388E+004  -2.55759560E+002   1.77332363E+000   4.57431264E+000   3.49184008E-001   1.16991547E+001   0.00000000E+000   1.95134878E+015   1.28722410E+014   1.00000000E-014   4.85000000E-012
       486     1.19999997E+001   7.01793245E+003   6.85537421E-020   1.92147163E-020  -1.19999997E+001   4.22231184E-020   0.00000000E+000  -6.02334540E-019  -7.04454377E+003  -7.04529741E+003  -1.40488381E+004  -2.55892309E+002   1.77103246E+000   4.58853472E+000   3.50080726E-001   1.16983857E+001   0.00000000E+000   1.95287855E+015   1.28347765E+014   1.00000000E-014   4.86000000E-012
       487     1.19999997E+001   7.01748939E+003  -4.19288662E-020   4.56017779E-020  -1.19999997E+001  -2.89155631E-020  -3.01167270E-019   9.03501810E-019  -7.04468930E+003  -7.04545773E+003  -1.40485322E+004  -2.56027342E+002   1.77193074E+000   4.60143529E+000   3.50992797E-001   1.16976035E+001   0.00000000E+000   1.95624576E+015   1.27913230E+014   1.00000000E-014   4.87000000E-012
       488     1.19999997E+001   7.01704884E+003   2.14492528E-020   6.45614468E-020  -1.19999997E+001  -3.07457002E-020  -9.03501810E-019  -6.02334540E-019  -7.04483437E+003  -7.04561679E+003  -1.40482281E+004  -2.56161611E+002   1.76909393E+000   4.61551954E+000   3.51899730E-001   1.16968257E+001   0.00000000E+000   1.95965960E+015   1.27545574E+014   1.00000000E-014   4.88000000E-012
       489     1.19999997E+001   7.01660726E+003  -4.56052244E-020  -8.96468477E-020  -1.19999997E+001  -2.10682615E-020  -3.01167270E-019  -3.01167270E-019  -7.04498012E+003  -7.04577588E+003  -1.40479233E+004  -2.56296199E+002   1.76581778E+000   4.63039783E+000   3.52808886E-001   1.16960461E+001   0.00000000E+000   1.96274294E+015   1.28108950E+014   1.00000000E-014   4.89000000E-012
       490     1.19999997E+001   7.01615633E+003  -2.94384389E-020   1.68526561E-020  -1.19999997E+001   1.18581942E-020   0.00000000E+000  -3.01167270E-019  -7.04512840E+003  -7.04593891E+003  -1.40476120E+004  -2.56433639E+002   1.76113385E+000   4.64712290E+000   3.53737455E-001   1.16952500E+001   0.00000000E+000   1.96466133E+015   1.28584881E+014   1.00000000E-014   4.90000000E-012
       491     1.19999997E+001   7.01571867E+003  -5.05499263E-021   3.21187339E-020  -1.19999997E+001   9.10201686E-020   3.01167270E-019   0.00000000E+000  -7.04527339E+003  -7.04609608E+003  -1.40473098E+004  -2.56567041E+002   1.75982674E+000   4.66047396E+000   3.54638500E-001   1.16944772E+001   0.00000000E+000   1.96853794E+015   1.28056146E+014   1.00000000E-014   4.91000000E-012
       492     1.19999997E+001   7.01526120E+003   2.58367567E-020  -5.87321212E-020  -1.19999997E+001   4.09506102E-020   3.01167270E-019   6.02334540E-019  -7.04542613E+003  -7.04625917E+003  -1.40469940E+004  -2.56706479E+002   1.76003662E+000   4.67546502E+000   3.55580483E-001   1.16936696E+001   0.00000000E+000   1.97070280E+015   1.28577745E+014   1.00000000E-014   4.92000000E-012
       493     1.19999997E+001   7.01482019E+003   3.24610947E-020   1.14592088E-019  -1.19999997E+001   3.44647818E-020   0.00000000E+000   6.02334540E-019  -7.04557152E+003  -7.04641826E+003  -1.40466895E+004  -2.56840907E+002   1.75838992E+000   4.69069653E+000   3.56488656E-001   1.16928910E+001   0.00000000E+000   1.97579630E+015   1.27642882E+014   1.00000000E-014   4.93000000E-012
       494     1.19999997E+001   7.01437318E+003   1.78291888E-020   3.37684996E-020  -1.19999997E+001   5.40877031E-020  -6.02334540E-019   0.00000000E+000  -7.04572121E+003  -7.04657720E+003  -1.40463809E+004  -2.56977163E+002   1.75513224E+000   4.70580652E+000   3.57409090E-001   1.16921018E+001   0.00000000E+000   1.97805649E+015   1.27605985E+014   1.00000000E-014   4.94000000E-012
       495     1.19999997E+001   7.01392502E+003  -2.80724420E-020   1.48429519E-019  -1.19999997E+001   1.00331551E-020  -6.02334540E-019  -3.01167270E-019  -7.04586896E+003  -7.04673888E+003  -1.40460714E+004  -2.57113775E+002   1.75210947E+000   4.72191533E+000   3.58332061E-001   1.16913106E+001   0.00000000E+000   1.97868498E+015   1.26828856E+014   1.00000000E-014   4.95000000E-012
       496     1.19999997E+001   7.01348666E+003  -5.61713079E-020  -2.83160008E-020  -1.19999997E+001   1.73076055E-021   3.01167270E-019  -3.01167270E-019  -7.04601219E+003  -7.04689832E+003  -1.40457687E+004  -2.57247404E+002   1.75014829E+000   4.73609911E+000   3.59234748E-001   1.16905366E+001   0.00000000E+000   1.98284193E+015   1.26485719E+014   1.00000000E-014   4.96000000E-012
       497     1.19999997E+001   7.01304219E+003  -5.20802105E-020   5.17412962E-020  -1.19999997E+001   7.17607903E-022   0.00000000E+000  -6.02334540E-019  -7.04616150E+003  -7.04705590E+003  -1.40454619E+004  -2.57382895E+002   1.74489394E+000   4.74880972E+000   3.60149682E-001   1.16897519E+001   0.00000000E+000   1.98525640E+015   1.26774469E+014   1.00000000E-014   4.97000000E-012
       498     1.19999997E+001   7.01259546E+003  -1.27144553E-020   1.26363327E-020  -1.19999997E+001  -1.36873978E-020   3.01167270E-019   0.00000000E+000  -7.04630915E+003  -7.04721671E+003  -1.40451534E+004  -2.57519079E+002   1.74157888E+000   4.76380232E+000   3.61069638E-001   1.16889632E+001   0.00000000E+000   1.98651407E+015   1.27936602E+014   1.00000000E-014   4.98000000E-012
       499     1.19999997E+001   7.01215388E+003   5.56187053E-020  -1.12852711E-019  -1.19999997E+001  -1.42196081E-020  -3.01167270E-019   3.01167270E-019  -7.04645256E+003  -7.04737822E+003  -1.40448485E+004  -2.57653699E+002   1.73891016E+000   4.77901201E+000   3.61979116E-001   1.16881836E+001   0.00000000E+000   1.99187961E+015   1.26230050E+014   1.00000000E-014   4.99000000E-012
       500     1.19999997E+001   7.01170205E+003   3.33985661E-020   1.38373530E-019  -1.19999997E+001  -3.74572082E-020   0.00000000E+000   6.02334540E-019  -7.04660013E+003  -7.04754265E+003  -1.40445365E+004  -2.57791443E+002   1.73615595E+000   4.79506363E+000   3.62909751E-001   1.16873859E+001   0.00000000E+000   1.99508126E+015   1.26406708E+014   1.00000000E-014   5.00000000E-012
