   iLoop   Phase     EVM               SVM                    B5                B4                B2                D6                D1                D4                C1                C5                C3                A6                C2                C3              
       1       1     1.19999997E+001   7.18850031E+003   5.51821413E-002   2.84782669E+003   2.84777150E+003  -6.91386789E-002  -1.66703296E+002  -1.66634157E+002   2.84779243E+003  -4.82128130E-002   2.84784064E+003   3.42562754E-002  -1.66682370E+002  -1.66648113E+002
       2       1     1.19999997E+001   7.18828378E+003   5.52063775E-002   2.84770741E+003   2.84765221E+003  -7.27042157E-002  -1.66758529E+002  -1.66685825E+002   2.84767671E+003  -4.81962140E-002   2.84772491E+003   3.06983758E-002  -1.66734021E+002  -1.66703323E+002
       3       1     1.19999997E+001   7.18806409E+003   5.52299266E-002   2.84758639E+003   2.84753116E+003  -7.63219888E-002  -1.66814571E+002  -1.66738249E+002   2.84755931E+003  -4.81802753E-002   2.84760749E+003   2.70882131E-002  -1.66786429E+002  -1.66759341E+002
       4       1     1.19999997E+001   7.18784278E+003   5.52536422E-002   2.84746449E+003   2.84740924E+003  -7.99662723E-002  -1.66871023E+002  -1.66791057E+002   2.84744104E+003  -4.81641420E-002   2.84748920E+003   2.34515119E-002  -1.66839221E+002  -1.66815769E+002
       5       1     1.19999997E+001   7.18761987E+003   5.52775514E-002   2.84734170E+003   2.84728642E+003  -8.36370597E-002  -1.66927887E+002  -1.66844250E+002   2.84732191E+003  -4.81478105E-002   2.84737005E+003   1.97883021E-002  -1.66892397E+002  -1.66872609E+002
       6       1     1.19999997E+001   7.18739536E+003   5.53016442E-002   2.84721802E+003   2.84716271E+003  -8.73343126E-002  -1.66985161E+002  -1.66897826E+002   2.84720192E+003  -4.81312773E-002   2.84725005E+003   1.60986089E-002  -1.66945958E+002  -1.66929859E+002
       7       1     1.19999997E+001   7.18716923E+003   5.53259836E-002   2.84709345E+003   2.84703813E+003  -9.10579880E-002  -1.67042844E+002  -1.66951786E+002   2.84708107E+003  -4.81144844E-002   2.84712918E+003   1.23824800E-002  -1.66999901E+002  -1.66987518E+002
       8       1     1.19999997E+001   7.18694151E+003   5.53505858E-002   2.84696800E+003   2.84691265E+003  -9.48080916E-002  -1.67100937E+002  -1.67006129E+002   2.84695936E+003  -4.80974190E-002   2.84700746E+003   8.63991324E-003  -1.67054226E+002  -1.67045586E+002
       9       1     1.19999997E+001   7.18671219E+003   5.53754453E-002   2.84684167E+003   2.84678630E+003  -9.85846514E-002  -1.67159439E+002  -1.67060855E+002   2.84683680E+003  -4.80801190E-002   2.84688488E+003   4.87091289E-003  -1.67108935E+002  -1.67104064E+002
      10       1     1.19999997E+001   7.18648126E+003   5.54007081E-002   2.84671445E+003   2.84665905E+003  -1.02387706E-001  -1.67218352E+002  -1.67115964E+002   2.84671338E+003  -4.80624766E-002   2.84676144E+003   1.07547861E-003  -1.67164027E+002  -1.67162951E+002
      11       1     1.19999997E+001   7.18624872E+003   5.54264301E-002   2.84658635E+003   2.84653093E+003  -1.06217289E-001  -1.67277674E+002  -1.67171457E+002   2.84658910E+003  -4.80444713E-002   2.84663714E+003  -2.74638771E-003  -1.67219501E+002  -1.67222248E+002
      12       1     1.19999997E+001   7.18601458E+003   5.54525215E-002   2.84645736E+003   2.84640191E+003  -1.10073444E-001  -1.67337408E+002  -1.67227334E+002   2.84646396E+003  -4.80262350E-002   2.84651198E+003  -6.59468784E-003  -1.67275360E+002  -1.67281955E+002
      13       1     1.19999997E+001   7.18577883E+003   5.54791158E-002   2.84632749E+003   2.84627201E+003  -1.13956162E-001  -1.67397551E+002  -1.67283595E+002   2.84633796E+003  -4.80076040E-002   2.84638596E+003  -1.04694418E-002  -1.67331603E+002  -1.67342072E+002
      14       1     1.19999997E+001   7.18554148E+003   5.55062433E-002   2.84619673E+003   2.84614122E+003  -1.17865474E-001  -1.67458106E+002  -1.67340240E+002   2.84621110E+003  -4.79885996E-002   2.84625909E+003  -1.43706311E-002  -1.67388229E+002  -1.67402600E+002
      15       1     1.19999997E+001   7.18530252E+003   5.55338562E-002   2.84606508E+003   2.84600954E+003  -1.21801378E-001  -1.67519071E+002  -1.67397270E+002   2.84608338E+003  -4.79692604E-002   2.84613135E+003  -1.82982617E-002  -1.67445239E+002  -1.67463537E+002
      16       1     1.19999997E+001   7.18506195E+003   5.55620091E-002   2.84593254E+003   2.84587698E+003  -1.25763899E-001  -1.67580447E+002  -1.67454683E+002   2.84595480E+003  -4.79495640E-002   2.84600275E+003  -2.22523255E-002  -1.67502633E+002  -1.67524885E+002
      17       1     1.19999997E+001   7.18481978E+003   5.55907351E-002   2.84579912E+003   2.84574353E+003  -1.29753043E-001  -1.67642234E+002  -1.67512481E+002   2.84582536E+003  -4.79294842E-002   2.84587329E+003  -2.62328240E-002  -1.67560410E+002  -1.67586643E+002
      18       1     1.19999997E+001   7.18457600E+003   5.56200845E-002   2.84566482E+003   2.84560920E+003  -1.33768829E-001  -1.67704431E+002  -1.67570662E+002   2.84569506E+003  -4.79089992E-002   2.84574297E+003  -3.02397454E-002  -1.67618571E+002  -1.67648811E+002
      19       1     1.19999997E+001   7.18433061E+003   5.56500468E-002   2.84552963E+003   2.84547398E+003  -1.37811272E-001  -1.67767039E+002  -1.67629228E+002   2.84556390E+003  -4.78881301E-002   2.84561179E+003  -3.42730954E-002  -1.67677116E+002  -1.67711389E+002
      20       1     1.19999997E+001   7.18408362E+003   5.56806398E-002   2.84539355E+003   2.84533787E+003  -1.41880387E-001  -1.67830058E+002  -1.67688177E+002   2.84543188E+003  -4.78668738E-002   2.84547975E+003  -3.83328736E-002  -1.67736044E+002  -1.67774377E+002
      21       1     1.19999997E+001   7.18383503E+003   5.57118652E-002   2.84525658E+003   2.84520087E+003  -1.45976145E-001  -1.67893487E+002  -1.67747510E+002   2.84529900E+003  -4.78452498E-002   2.84534685E+003  -4.24190299E-002  -1.67795356E+002  -1.67837775E+002
      22       1     1.19999997E+001   7.18358483E+003   5.57437157E-002   2.84511874E+003   2.84506299E+003  -1.50098526E-001  -1.67957325E+002  -1.67807226E+002   2.84516527E+003  -4.78232797E-002   2.84521309E+003  -4.65315309E-002  -1.67855050E+002  -1.67901581E+002
      23       1     1.19999997E+001   7.18333304E+003   5.57761561E-002   2.84498001E+003   2.84492423E+003  -1.54247558E-001  -1.68021572E+002  -1.67867325E+002   2.84503068E+003  -4.78010464E-002   2.84507848E+003  -5.06703560E-002  -1.67915126E+002  -1.67965796E+002
      24       1     1.19999997E+001   7.18307964E+003   5.58091716E-002   2.84484039E+003   2.84478459E+003  -1.58423240E-001  -1.68086229E+002  -1.67927806E+002   2.84489523E+003  -4.77785662E-002   2.84494301E+003  -5.48355027E-002  -1.67975585E+002  -1.68030420E+002
      25       1     1.19999997E+001   7.18282464E+003   5.58426836E-002   2.84469990E+003   2.84464405E+003  -1.62625582E-001  -1.68151296E+002  -1.67988670E+002   2.84475892E+003  -4.77559110E-002   2.84480668E+003  -5.90269876E-002  -1.68036426E+002  -1.68095453E+002
      26       1     1.19999997E+001   7.18256805E+003   5.58766615E-002   2.84455852E+003   2.84450264E+003  -1.66854627E-001  -1.68216772E+002  -1.68049918E+002   2.84462176E+003  -4.77331736E-002   2.84466949E+003  -6.32447917E-002  -1.68097651E+002  -1.68160896E+002
      27       1     1.19999997E+001   7.18230984E+003   5.59110277E-002   2.84441625E+003   2.84436034E+003  -1.71110392E-001  -1.68282659E+002  -1.68111548E+002   2.84448374E+003  -4.77104343E-002   2.84453145E+003  -6.74889304E-002  -1.68159259E+002  -1.68226748E+002
      28       1     1.19999997E+001   7.18205003E+003   5.59457834E-002   2.84427310E+003   2.84421715E+003  -1.75392848E-001  -1.68348955E+002  -1.68173563E+002   2.84434486E+003  -4.76876800E-002   2.84439254E+003  -7.17593842E-002  -1.68221250E+002  -1.68293010E+002
      29       1     1.19999997E+001   7.18178862E+003   5.59808781E-002   2.84412906E+003   2.84407308E+003  -1.79701982E-001  -1.68415662E+002  -1.68235960E+002   2.84420512E+003  -4.76649646E-002   2.84425278E+003  -7.60561389E-002  -1.68283625E+002  -1.68359682E+002
      30       1     1.19999997E+001   7.18152561E+003   5.60162904E-002   2.84398414E+003   2.84392812E+003  -1.84037816E-001  -1.68482780E+002  -1.68298742E+002   2.84406451E+003  -4.76423354E-002   2.84411216E+003  -8.03791905E-002  -1.68346384E+002  -1.68426763E+002
      31       1     1.19999997E+001   7.18126098E+003   5.60519918E-002   2.84383833E+003   2.84378227E+003  -1.88400359E-001  -1.68550307E+002  -1.68361907E+002   2.84392305E+003  -4.76198261E-002   2.84397067E+003  -8.47285410E-002  -1.68409527E+002  -1.68494255E+002
      32       1     1.19999997E+001   7.18099476E+003   5.60879663E-002   2.84369163E+003   2.84363554E+003  -1.92789621E-001  -1.68618246E+002  -1.68425456E+002   2.84378073E+003  -4.75974716E-002   2.84382833E+003  -8.91041827E-002  -1.68473054E+002  -1.68562158E+002
      33       1     1.19999997E+001   7.18072693E+003   5.61241558E-002   2.84354405E+003   2.84348792E+003  -1.97205620E-001  -1.68686595E+002  -1.68489389E+002   2.84363755E+003  -4.75753440E-002   2.84368513E+003  -9.35061202E-002  -1.68536964E+002  -1.68630470E+002
      34       1     1.19999997E+001   7.18045748E+003   5.61607339E-002   2.84339557E+003   2.84333941E+003  -2.01648514E-001  -1.68755356E+002  -1.68553707E+002   2.84349351E+003  -4.75535093E-002   2.84354106E+003  -9.79342712E-002  -1.68601261E+002  -1.68699195E+002
      35       1     1.19999997E+001   7.18018641E+003   5.61985136E-002   2.84324620E+003   2.84319001E+003  -2.06118735E-001  -1.68824533E+002  -1.68618414E+002   2.84334859E+003  -4.75318226E-002   2.84339612E+003  -1.02388399E-001  -1.68665946E+002  -1.68768335E+002
      36       1     1.19999997E+001   7.17991370E+003   5.62382946E-002   2.84309593E+003   2.84303969E+003  -2.10616626E-001  -1.68894130E+002  -1.68683514E+002   2.84320280E+003  -4.75100159E-002   2.84325031E+003  -1.06868315E-001  -1.68731024E+002  -1.68837892E+002
      37       1     1.19999997E+001   7.17963934E+003   5.62806597E-002   2.84294475E+003   2.84288847E+003  -2.15142422E-001  -1.68964150E+002  -1.68749008E+002   2.84305612E+003  -4.74878764E-002   2.84310361E+003  -1.11373886E-001  -1.68796496E+002  -1.68907869E+002
      38       1     1.19999997E+001   7.17936333E+003   5.63259462E-002   2.84279265E+003   2.84273633E+003  -2.19696204E-001  -1.69034593E+002  -1.68814897E+002   2.84290856E+003  -4.74652217E-002   2.84295602E+003  -1.15905036E-001  -1.68862362E+002  -1.68978267E+002
      39       1     1.19999997E+001   7.17908567E+003   5.63743104E-002   2.84263965E+003   2.84258328E+003  -2.24278006E-001  -1.69105460E+002  -1.68881182E+002   2.84276011E+003  -4.74419722E-002   2.84280755E+003  -1.20461723E-001  -1.68928624E+002  -1.69049086E+002
      40       1     1.19999997E+001   7.17880637E+003   5.64258229E-002   2.84248574E+003   2.84242931E+003  -2.28887786E-001  -1.69176749E+002  -1.68947862E+002   2.84261078E+003  -4.74179884E-002   2.84265820E+003  -1.25043975E-001  -1.68995280E+002  -1.69120324E+002
      41       1     1.19999997E+001   7.17852542E+003   5.64805239E-002   2.84233092E+003   2.84227444E+003  -2.33525506E-001  -1.69248460E+002  -1.69014935E+002   2.84246057E+003  -4.73931645E-002   2.84250797E+003  -1.29651818E-001  -1.69062328E+002  -1.69191980E+002
      42       1     1.19999997E+001   7.17824283E+003   5.65383825E-002   2.84217520E+003   2.84211866E+003  -2.38191069E-001  -1.69320591E+002  -1.69082400E+002   2.84230949E+003  -4.73673386E-002   2.84235685E+003  -1.34285348E-001  -1.69129768E+002  -1.69264053E+002
      43       1     1.19999997E+001   7.17795861E+003   5.65994287E-002   2.84201858E+003   2.84196198E+003  -2.42884404E-001  -1.69393140E+002  -1.69150256E+002   2.84215753E+003  -4.73403071E-002   2.84220487E+003  -1.38944668E-001  -1.69197596E+002  -1.69336541E+002
      44       1     1.19999997E+001   7.17767278E+003   5.66637634E-002   2.84186107E+003   2.84180441E+003  -2.47605409E-001  -1.69466104E+002  -1.69218499E+002   2.84200470E+003  -4.73117159E-002   2.84205202E+003  -1.43629930E-001  -1.69265811E+002  -1.69409440E+002
      45       1     1.19999997E+001   7.17738535E+003   5.67315398E-002   2.84170268E+003   2.84164595E+003  -2.52353961E-001  -1.69539479E+002  -1.69287125E+002   2.84185102E+003  -4.72810473E-002   2.84189831E+003  -1.48341374E-001  -1.69334406E+002  -1.69482748E+002
      46       1     1.19999997E+001   7.17700910E+003   5.13847687E-002   2.84149333E+003   2.84144194E+003  -2.54542538E-001  -1.69632112E+002  -1.69377569E+002   2.84164907E+003  -4.74145908E-002   2.84169649E+003  -1.55743178E-001  -1.69424984E+002  -1.69580727E+002
      47       1     1.19999997E+001   7.17667530E+003   5.75769729E-002   2.84131274E+003   2.84125516E+003  -2.64858015E-001  -1.69720082E+002  -1.69455224E+002   2.84146794E+003  -5.20731510E-002   2.84152002E+003  -1.55207891E-001  -1.69507298E+002  -1.69662506E+002
      48       1     1.19999997E+001   7.17637489E+003   6.04722259E-002   2.84114863E+003   2.84108815E+003  -2.69427936E-001  -1.69798156E+002  -1.69528728E+002   2.84130903E+003  -4.85551122E-002   2.84135758E+003  -1.60400598E-001  -1.69577283E+002  -1.69737684E+002
      49       1     1.19999997E+001   7.17610436E+003   6.03437748E-002   2.84099925E+003   2.84093891E+003  -2.73991259E-001  -1.69867318E+002  -1.69593327E+002   2.84116477E+003  -4.81307778E-002   2.84121290E+003  -1.65516706E-001  -1.69641458E+002  -1.69806974E+002
      50       1     1.19999997E+001   7.17583239E+003   6.02558353E-002   2.84084909E+003   2.84078883E+003  -2.78634695E-001  -1.69936883E+002  -1.69658248E+002   2.84101975E+003  -4.77164158E-002   2.84106747E+003  -1.70662444E-001  -1.69705965E+002  -1.69876627E+002
      51       1     1.19999997E+001   7.17555943E+003   6.01720881E-002   2.84069837E+003   2.84063820E+003  -2.83297954E-001  -1.70006706E+002  -1.69723408E+002   2.84087419E+003  -4.73064775E-002   2.84092150E+003  -1.75819388E-001  -1.69770715E+002  -1.69946534E+002
      52       1     1.19999997E+001   7.17528542E+003   6.01000763E-002   2.84054708E+003   2.84048698E+003  -2.87993887E-001  -1.70076804E+002  -1.69788811E+002   2.84072807E+003  -4.69055093E-002   2.84077498E+003  -1.80988301E-001  -1.69835716E+002  -1.70016704E+002
      53       1     1.19999997E+001   7.17501014E+003   5.99690619E-002   2.84039507E+003   2.84033510E+003  -2.92634622E-001  -1.70147192E+002  -1.69854558E+002   2.84058130E+003  -4.64361010E-002   2.84062773E+003  -1.86229459E-001  -1.69900994E+002  -1.70087223E+002
      54       1     1.19999997E+001   7.17473417E+003   5.98244747E-002   2.84024264E+003   2.84018282E+003  -2.97296933E-001  -1.70217772E+002  -1.69920475E+002   2.84043421E+003  -4.59092200E-002   2.84048011E+003  -1.91563239E-001  -1.69966385E+002  -1.70157948E+002
      55       1     1.19999997E+001   7.17445701E+003   5.96595107E-002   2.84008954E+003   2.84002988E+003  -3.01981729E-001  -1.70288652E+002  -1.69986671E+002   2.84028647E+003  -4.53942436E-002   2.84033186E+003  -1.96927975E-001  -1.70032065E+002  -1.70228993E+002
      56       1     1.19999997E+001   7.17417895E+003   5.95626065E-002   2.83993599E+003   2.83987642E+003  -3.06707406E-001  -1.70359791E+002  -1.70053083E+002   2.84013825E+003  -4.48820563E-002   2.84018313E+003  -2.02262744E-001  -1.70097965E+002  -1.70300228E+002
      57       1     1.19999997E+001   7.17389979E+003   5.94038531E-002   2.83978178E+003   2.83972238E+003  -3.11409525E-001  -1.70431187E+002  -1.70119778E+002   2.83998946E+003  -4.43238365E-002   2.84003379E+003  -2.07681836E-001  -1.70164102E+002  -1.70371784E+002
      58       1     1.19999997E+001   7.17362013E+003   5.92516271E-002   2.83962729E+003   2.83956803E+003  -3.16097429E-001  -1.70502732E+002  -1.70186634E+002   2.83984049E+003  -4.36445655E-002   2.83988413E+003  -2.13201237E-001  -1.70230279E+002  -1.70443480E+002
      59       1     1.19999997E+001   7.17334273E+003   5.92230564E-002   2.83947406E+003   2.83941484E+003  -3.20758868E-001  -1.70573800E+002  -1.70253041E+002   2.83969288E+003  -4.27187711E-002   2.83973559E+003  -2.18817041E-001  -1.70295760E+002  -1.70514577E+002
      60       1     1.19999997E+001   7.17305528E+003   5.86081213E-002   2.83931506E+003   2.83925645E+003  -3.25479378E-001  -1.70647078E+002  -1.70321599E+002   2.83953953E+003  -4.24037582E-002   2.83958193E+003  -2.24467499E-001  -1.70364003E+002  -1.70588470E+002
      61       1     1.19999997E+001   7.17277444E+003   5.87225519E-002   2.83915999E+003   2.83910127E+003  -3.30424888E-001  -1.70719105E+002  -1.70388680E+002   2.83938994E+003  -4.17599061E-002   2.83943170E+003  -2.29942430E-001  -1.70430440E+002  -1.70660383E+002
      62       1     1.19999997E+001   7.17249210E+003   5.85898787E-002   2.83900397E+003   2.83894538E+003  -3.35209985E-001  -1.70791399E+002  -1.70456189E+002   2.83923963E+003  -4.09641239E-002   2.83928059E+003  -2.35655983E-001  -1.70497153E+002  -1.70732809E+002
      63       1     1.19999997E+001   7.17220835E+003   5.84422131E-002   2.83884718E+003   2.83878874E+003  -3.39968257E-001  -1.70864031E+002  -1.70524063E+002   2.83908857E+003  -4.01365423E-002   2.83912870E+003  -2.41389501E-001  -1.70564200E+002  -1.70805589E+002
      64       1     1.19999997E+001   7.17192302E+003   5.83197413E-002   2.83868953E+003   2.83863121E+003  -3.44773422E-001  -1.70937079E+002  -1.70592306E+002   2.83893665E+003  -3.93285858E-002   2.83897598E+003  -2.47125094E-001  -1.70631635E+002  -1.70878760E+002
      65       1     1.19999997E+001   7.17163632E+003   5.81837194E-002   2.83853111E+003   2.83847293E+003  -3.49592030E-001  -1.71010467E+002  -1.70660875E+002   2.83878398E+003  -3.85414157E-002   2.83882252E+003  -2.52866895E-001  -1.70699417E+002  -1.70952284E+002
      66       1     1.19999997E+001   7.17134790E+003   5.80516573E-002   2.83837175E+003   2.83831369E+003  -3.54439169E-001  -1.71084299E+002  -1.70729860E+002   2.83863039E+003  -3.77409873E-002   2.83866813E+003  -2.58646525E-001  -1.70767601E+002  -1.71026247E+002
      67       1     1.19999997E+001   7.17105754E+003   5.78481525E-002   2.83821130E+003   2.83815345E+003  -3.59232408E-001  -1.71158566E+002  -1.70799334E+002   2.83847575E+003  -3.69342608E-002   2.83851268E+003  -2.64449994E-001  -1.70836268E+002  -1.71100718E+002
      68       1     1.19999997E+001   7.17076234E+003   5.81839007E-002   2.83804846E+003   2.83799027E+003  -3.64484654E-001  -1.71234335E+002  -1.70869851E+002   2.83831840E+003  -3.63585261E-002   2.83835476E+003  -2.69942227E-001  -1.70906209E+002  -1.71176151E+002
      69       1     1.19999997E+001   7.17045665E+003   5.83738682E-002   2.83787965E+003   2.83782128E+003  -3.69933499E-001  -1.71312810E+002  -1.70942876E+002   2.83815562E+003  -3.55900506E-002   2.83819121E+003  -2.75969580E-001  -1.70978466E+002  -1.71254436E+002
      70       1     1.19999997E+001   7.17015970E+003   5.81960289E-002   2.83771554E+003   2.83765734E+003  -3.74919888E-001  -1.71388818E+002  -1.71013899E+002   2.83799751E+003  -3.47517351E-002   2.83803226E+003  -2.81972125E-001  -1.71048650E+002  -1.71330622E+002
      71       1     1.19999997E+001   7.16985789E+003   5.76076839E-002   2.83754881E+003   2.83749120E+003  -3.78693981E-001  -1.71465586E+002  -1.71086892E+002   2.83783704E+003  -3.28517995E-002   2.83786990E+003  -2.88234498E-001  -1.71119744E+002  -1.71407978E+002
      72       1     1.19999997E+001   7.16955448E+003   5.77382503E-002   2.83738138E+003   2.83732364E+003  -3.83969246E-001  -1.71543295E+002  -1.71159326E+002   2.83767512E+003  -3.24967363E-002   2.83770761E+003  -2.93734259E-001  -1.71191823E+002  -1.71485557E+002
      73       1     1.19999997E+001   7.16924721E+003   5.75182904E-002   2.83721158E+003   2.83715406E+003  -3.88918941E-001  -1.71621886E+002  -1.71232967E+002   2.83751156E+003  -3.14212345E-002   2.83754298E+003  -2.99979417E-001  -1.71264389E+002  -1.71564368E+002
      74       1     1.19999997E+001   7.16894062E+003   5.72661887E-002   2.83704217E+003   2.83698491E+003  -3.93904238E-001  -1.71700254E+002  -1.71306349E+002   2.83734819E+003  -3.06163984E-002   2.83737881E+003  -3.06021651E-001  -1.71336966E+002  -1.71642987E+002
      75       1     1.19999997E+001   7.16863238E+003   5.70386037E-002   2.83687186E+003   2.83681482E+003  -3.98871079E-001  -1.71779061E+002  -1.71380190E+002   2.83718401E+003  -2.96771610E-002   2.83721369E+003  -3.12155315E-001  -1.71409867E+002  -1.71722023E+002
      76       1     1.19999997E+001   7.16831936E+003   5.65364958E-002   2.83669897E+003   2.83664244E+003  -4.03012687E-001  -1.71858740E+002  -1.71455728E+002   2.83701739E+003  -2.80565560E-002   2.83704545E+003  -3.18419636E-001  -1.71483784E+002  -1.71802204E+002
      77       1     1.19999997E+001   7.16800582E+003   5.62604509E-002   2.83652576E+003   2.83646950E+003  -4.08004345E-001  -1.71938828E+002  -1.71530823E+002   2.83685026E+003  -2.72404426E-002   2.83687750E+003  -3.24503451E-001  -1.71558064E+002  -1.71882567E+002
      78       1     1.19999997E+001   7.16768974E+003   5.59736598E-002   2.83635112E+003   2.83629514E+003  -4.13137237E-001  -1.72019578E+002  -1.71606441E+002   2.83668172E+003  -2.65585633E-002   2.83670828E+003  -3.30605014E-001  -1.71632999E+002  -1.71963604E+002
      79       1     1.19999997E+001   7.16737121E+003   5.57150900E-002   2.83617515E+003   2.83611943E+003  -4.18329892E-001  -1.72100956E+002  -1.71682626E+002   2.83651182E+003  -2.59426730E-002   2.83653776E+003  -3.36672129E-001  -1.71708569E+002  -1.72045241E+002
      80       1     1.19999997E+001   7.16705026E+003   5.54383805E-002   2.83599784E+003   2.83594240E+003  -4.23555365E-001  -1.72182940E+002  -1.71759384E+002   2.83634061E+003  -2.53390918E-002   2.83636595E+003  -3.42777893E-001  -1.71784723E+002  -1.72127501E+002
      81       1     1.19999997E+001   7.16671604E+003   5.37247330E-002   2.83581263E+003   2.83575890E+003  -4.28893044E-001  -1.72267450E+002  -1.71838557E+002   2.83616124E+003  -2.65498975E-002   2.83618779E+003  -3.48618413E-001  -1.71865107E+002  -1.72213725E+002
      82       1     1.19999997E+001   7.16638049E+003   5.32273331E-002   2.83562652E+003   2.83557330E+003  -4.35513494E-001  -1.72353677E+002  -1.71918164E+002   2.83598282E+003  -2.59878959E-002   2.83600881E+003  -3.56298265E-001  -1.71944152E+002  -1.72300450E+002
      83       1     1.19999997E+001   7.16603812E+003   5.59691325E-002   2.83543928E+003   2.83538331E+003  -4.44002911E-001  -1.72442265E+002  -1.71998262E+002   2.83579762E+003  -2.96965740E-002   2.83582731E+003  -3.58337205E-001  -1.72027959E+002  -1.72386296E+002
      84       1     1.19999997E+001   7.16569443E+003   5.39996528E-002   2.83524890E+003   2.83519490E+003  -4.48243217E-001  -1.72528878E+002  -1.72080635E+002   2.83561373E+003  -2.94180113E-002   2.83564315E+003  -3.64825552E-001  -1.72110053E+002  -1.72474879E+002
      85       1     1.19999997E+001   7.16534029E+003   4.96456896E-002   2.83505090E+003   2.83500126E+003  -4.52193721E-001  -1.72617637E+002  -1.72165444E+002   2.83542554E+003  -2.79130952E-002   2.83545345E+003  -3.74634936E-001  -1.72193357E+002  -1.72567992E+002
      86       1     1.19999997E+001   7.16500046E+003   4.99601877E-002   2.83486335E+003   2.83481339E+003  -4.58519671E-001  -1.72704855E+002  -1.72246335E+002   2.83524404E+003  -2.78647448E-002   2.83527191E+003  -3.80694738E-001  -1.72274200E+002  -1.72654894E+002
      87       1     1.19999997E+001   7.16465233E+003   5.05495417E-002   2.83467179E+003   2.83462125E+003  -4.64529522E-001  -1.72793882E+002  -1.72329352E+002   2.83505735E+003  -2.84272383E-002   2.83508577E+003  -3.85552742E-001  -1.72357780E+002  -1.72743332E+002
      88       1     1.19999997E+001   7.16430784E+003   5.03695199E-002   2.83448166E+003   2.83443129E+003  -4.70468584E-001  -1.72881795E+002  -1.72411327E+002   2.83487282E+003  -2.89465654E-002   2.83490176E+003  -3.91152499E-001  -1.72440273E+002  -1.72831426E+002
      89       1     1.19999997E+001   7.16396275E+003   4.98715601E-002   2.83429097E+003   2.83424109E+003  -4.76076426E-001  -1.72969780E+002  -1.72493704E+002   2.83468838E+003  -2.87942854E-002   2.83471717E+003  -3.97410581E-001  -1.72522498E+002  -1.72919908E+002
      90       1     1.19999997E+001   7.16361330E+003   4.86647896E-002   2.83409735E+003   2.83404869E+003  -4.81599437E-001  -1.73058680E+002  -1.72577080E+002   2.83450188E+003  -2.84091695E-002   2.83453029E+003  -4.04525478E-001  -1.72605490E+002  -1.73010015E+002
      91       1     1.19999997E+001   7.16326427E+003   4.82576159E-002   2.83390455E+003   2.83385630E+003  -4.87261896E-001  -1.73147684E+002  -1.72660422E+002   2.83431527E+003  -2.82924492E-002   2.83434356E+003  -4.10711831E-001  -1.72688714E+002  -1.73099426E+002
      92       1     1.19999997E+001   7.16290528E+003   4.73718880E-002   2.83370640E+003   2.83365902E+003  -4.92967486E-001  -1.73238620E+002  -1.72745653E+002   2.83412210E+003  -2.98879218E-002   2.83415199E+003  -4.15707676E-001  -1.72775541E+002  -1.73191249E+002
      93       1     1.19999997E+001   7.16254739E+003   4.62650609E-002   2.83350829E+003   2.83346203E+003  -4.98150406E-001  -1.73329601E+002  -1.72831450E+002   2.83393121E+003  -2.89694261E-002   2.83396018E+003  -4.22915919E-001  -1.72860420E+002  -1.73283336E+002
      94       1     1.19999997E+001   7.16218261E+003   4.81461745E-002   2.83330799E+003   2.83325984E+003  -5.06348394E-001  -1.73423733E+002  -1.72917385E+002   2.83373491E+003  -3.12746204E-002   2.83376619E+003  -4.26927599E-001  -1.72948660E+002  -1.73375587E+002
      95       1     1.19999997E+001   7.16181759E+003   4.70452542E-002   2.83310612E+003   2.83305907E+003  -5.10946904E-001  -1.73516372E+002  -1.73005425E+002   2.83354039E+003  -2.96241587E-002   2.83357002E+003  -4.34277491E-001  -1.73035049E+002  -1.73469327E+002
      96       1     1.19999997E+001   7.16144313E+003   4.85134157E-002   2.83289947E+003   2.83285095E+003  -5.19801705E-001  -1.73613561E+002  -1.73093759E+002   2.83334057E+003  -3.01826081E-002   2.83337076E+003  -4.41105681E-001  -1.73123942E+002  -1.73565048E+002
      97       1     1.19999997E+001   7.16107591E+003   4.84783085E-002   2.83269685E+003   2.83264837E+003  -5.26020563E-001  -1.73707358E+002  -1.73181338E+002   2.83314401E+003  -3.03822184E-002   2.83317439E+003  -4.47160036E-001  -1.73211720E+002  -1.73658880E+002
      98       1     1.19999997E+001   7.16070031E+003   5.12510454E-002   2.83249057E+003   2.83243932E+003  -5.34991694E-001  -1.73805141E+002  -1.73270149E+002   2.83294307E+003  -3.12389742E-002   2.83297431E+003  -4.52501674E-001  -1.73301388E+002  -1.73753890E+002
      99       1     1.19999997E+001   7.16014413E+003   4.86191463E-002   2.83218266E+003   2.83213404E+003  -5.42222880E-001  -1.73945656E+002  -1.73403433E+002   2.83264545E+003  -3.08133822E-002   2.83267626E+003  -4.62790351E-001  -1.73434246E+002  -1.73897036E+002
     100       1     1.19999997E+001   7.15979285E+003   4.85349199E-002   2.83198874E+003   2.83194020E+003  -5.48211240E-001  -1.74035419E+002  -1.73487207E+002   2.83245751E+003  -3.09058044E-002   2.83248842E+003  -4.68770516E-001  -1.73518113E+002  -1.73986884E+002
     101       1     1.19999997E+001   7.15944082E+003   4.84870406E-002   2.83179444E+003   2.83174595E+003  -5.54171148E-001  -1.74125378E+002  -1.73571207E+002   2.83226919E+003  -3.09368557E-002   2.83230012E+003  -4.74747252E-001  -1.73602144E+002  -1.74076891E+002
     102       1     1.19999997E+001   7.15908694E+003   4.85974392E-002   2.83159917E+003   2.83155057E+003  -5.60280992E-001  -1.74215912E+002  -1.73655631E+002   2.83207988E+003  -3.09728875E-002   2.83211086E+003  -4.80710665E-001  -1.73686604E+002  -1.74167315E+002
     103       1     1.19999997E+001   7.15873153E+003   4.85515304E-002   2.83140303E+003   2.83135448E+003  -5.66322118E-001  -1.74306708E+002  -1.73740386E+002   2.83188963E+003  -3.11763484E-002   2.83192080E+003  -4.86594239E-001  -1.73771562E+002  -1.74258157E+002
     104       1     1.19999997E+001   7.15828924E+003   5.33735094E-002   2.83116004E+003   2.83110666E+003  -5.79446476E-001  -1.74423486E+002  -1.73844040E+002   2.83165373E+003  -3.23740880E-002   2.83168611E+003  -4.93698879E-001  -1.73876414E+002  -1.74370113E+002
     105       1     1.19999997E+001   7.15786075E+003   4.81844028E-002   2.83092175E+003   2.83087357E+003  -5.81625634E-001  -1.74529627E+002  -1.73948001E+002   2.83142458E+003  -3.06120385E-002   2.83145519E+003  -5.02829193E-001  -1.73978613E+002  -1.74481442E+002
     106       1     1.19999997E+001   7.15747569E+003   4.83770034E-002   2.83070860E+003   2.83066022E+003  -5.89665038E-001  -1.74628882E+002  -1.74039217E+002   2.83121935E+003  -3.05428333E-002   2.83124989E+003  -5.10745201E-001  -1.74069760E+002  -1.74580505E+002
     107       1     1.19999997E+001   7.15713307E+003   4.87684408E-002   2.83051985E+003   2.83047108E+003  -5.95273794E-001  -1.74716505E+002  -1.74121231E+002   2.83103596E+003  -3.03950987E-002   2.83106636E+003  -5.16110255E-001  -1.74151626E+002  -1.74667737E+002
     108       1     1.19999997E+001   7.15678929E+003   4.90173213E-002   2.83033037E+003   2.83028135E+003  -6.00841256E-001  -1.74804377E+002  -1.74203536E+002   2.83085201E+003  -3.01819428E-002   2.83088219E+003  -5.21641992E-001  -1.74233718E+002  -1.74755360E+002
     109       1     1.19999997E+001   7.15644512E+003   4.94248040E-002   2.83014077E+003   2.83009135E+003  -6.06455607E-001  -1.74892401E+002  -1.74285945E+002   2.83066780E+003  -3.00037972E-002   2.83069780E+003  -5.27027006E-001  -1.74315949E+002  -1.74842976E+002
     110       1     1.19999997E+001   7.15610016E+003   4.98425392E-002   2.82995075E+003   2.82990091E+003  -6.12067338E-001  -1.74980627E+002  -1.74368560E+002   2.83048317E+003  -2.98019400E-002   2.83051297E+003  -5.32422859E-001  -1.74398362E+002  -1.74930785E+002
     111       1     1.19999997E+001   7.15575388E+003   5.02298942E-002   2.82976003E+003   2.82970980E+003  -6.17483862E-001  -1.75069130E+002  -1.74451646E+002   2.83029790E+003  -2.93839717E-002   2.83032728E+003  -5.37869996E-001  -1.74481030E+002  -1.75018900E+002
     112       1     1.19999997E+001   7.15538945E+003   5.06870670E-002   2.82955817E+003   2.82950748E+003  -6.25547105E-001  -1.75163456E+002  -1.74537909E+002   2.83010403E+003  -2.89975430E-002   2.83013303E+003  -5.45862495E-001  -1.74566907E+002  -1.75112769E+002
     113       1     1.19999997E+001   7.15501080E+003   4.66764758E-002   2.82934780E+003   2.82930113E+003  -6.27222183E-001  -1.75257608E+002  -1.74630386E+002   2.82990222E+003  -2.61255719E-002   2.82992835E+003  -5.54420135E-001  -1.74656512E+002  -1.75210932E+002
     114       1     1.19999997E+001   7.15462267E+003   5.03597520E-002   2.82913560E+003   2.82908524E+003  -6.37402526E-001  -1.75358482E+002  -1.74721079E+002   2.82969220E+003  -3.04433375E-002   2.82972264E+003  -5.56599437E-001  -1.74751523E+002  -1.75308122E+002
     115       1     1.19999997E+001   7.15424903E+003   5.30474691E-002   2.82893092E+003   2.82887788E+003  -6.44744521E-001  -1.75455124E+002  -1.74810379E+002   2.82949193E+003  -3.06946294E-002   2.82952262E+003  -5.61002423E-001  -1.74841074E+002  -1.75402076E+002
     116       1     1.19999997E+001   7.15387397E+003   5.35674767E-002   2.82872362E+003   2.82867005E+003  -6.51286993E-001  -1.75551802E+002  -1.74900515E+002   2.82929288E+003  -2.84571871E-002   2.82932134E+003  -5.69262329E-001  -1.74928972E+002  -1.75498234E+002
     117       1     1.19999997E+001   7.15353501E+003   5.47221331E-002   2.82853742E+003   2.82848270E+003  -6.56765847E-001  -1.75638709E+002  -1.74981943E+002   2.82911135E+003  -2.81154043E-002   2.82913946E+003  -5.73928310E-001  -1.75010059E+002  -1.75583987E+002
     118       1     1.19999997E+001   7.15319530E+003   5.57915187E-002   2.82835077E+003   2.82829497E+003  -6.62190260E-001  -1.75725761E+002  -1.75063571E+002   2.82892942E+003  -2.77403953E-002   2.82895716E+003  -5.78658346E-001  -1.75091311E+002  -1.75669969E+002
     119       1     1.19999997E+001   7.15285483E+003   5.69022312E-002   2.82816371E+003   2.82810681E+003  -6.67638211E-001  -1.75813026E+002  -1.75145387E+002   2.82874709E+003  -2.73606713E-002   2.82877445E+003  -5.83375308E-001  -1.75172748E+002  -1.75756123E+002
     120       1     1.19999997E+001   7.15249598E+003   5.77649607E-002   2.82796651E+003   2.82790875E+003  -6.72936386E-001  -1.75904740E+002  -1.75231803E+002   2.82855486E+003  -2.68219871E-002   2.82858168E+003  -5.88349438E-001  -1.75258625E+002  -1.75846975E+002
     121       1     1.19999997E+001   7.15215493E+003   5.85779384E-002   2.82777902E+003   2.82772044E+003  -6.77962814E-001  -1.75991975E+002  -1.75314012E+002   2.82837239E+003  -2.60083086E-002   2.82839840E+003  -5.93376567E-001  -1.75340021E+002  -1.75933397E+002
     122       1     1.19999997E+001   7.15181344E+003   5.94716509E-002   2.82759129E+003   2.82753182E+003  -6.83121620E-001  -1.76079385E+002  -1.75396263E+002   2.82818965E+003  -2.52881775E-002   2.82821494E+003  -5.98361792E-001  -1.75421551E+002  -1.76019913E+002
     123       1     1.19999997E+001   7.15146959E+003   6.12150610E-002   2.82740256E+003   2.82734135E+003  -6.89159685E-001  -1.76167951E+002  -1.75478791E+002   2.82800562E+003  -2.48827116E-002   2.82803051E+003  -6.03061913E-001  -1.75503674E+002  -1.76106736E+002
     124       1     1.19999997E+001   7.15112619E+003   6.20347863E-002   2.82721370E+003   2.82715166E+003  -6.94442277E-001  -1.76255862E+002  -1.75561419E+002   2.82782188E+003  -2.42208536E-002   2.82784610E+003  -6.08186637E-001  -1.75585640E+002  -1.76193827E+002
     125       1     1.19999997E+001   7.15078171E+003   6.30874627E-002   2.82702440E+003   2.82696131E+003  -6.99878144E-001  -1.76344115E+002  -1.75644237E+002   2.82763738E+003  -2.38094255E-002   2.82766119E+003  -6.12981256E-001  -1.75668046E+002  -1.76281028E+002
     126       1     1.19999997E+001   7.15043676E+003   6.44052627E-002   2.82683503E+003   2.82677062E+003  -7.05374605E-001  -1.76432561E+002  -1.75727187E+002   2.82745251E+003  -2.34840766E-002   2.82747600E+003  -6.17485266E-001  -1.75750671E+002  -1.76368156E+002
     127       1     1.19999997E+001   7.15008798E+003   6.65641383E-002   2.82664397E+003   2.82657740E+003  -7.11763805E-001  -1.76522410E+002  -1.75810647E+002   2.82726521E+003  -2.39533233E-002   2.82728917E+003  -6.21246344E-001  -1.75834600E+002  -1.76455846E+002
     128       1     1.19999997E+001   7.14973522E+003   6.76660430E-002   2.82645023E+003   2.82638257E+003  -7.16877680E-001  -1.76612688E+002  -1.75895810E+002   2.82707638E+003  -2.30639512E-002   2.82709944E+003  -6.26147686E-001  -1.75918874E+002  -1.76545022E+002
     129       1     1.19999997E+001   7.14938522E+003   6.94990856E-002   2.82625850E+003   2.82618900E+003  -7.22937983E-001  -1.76702518E+002  -1.75979580E+002   2.82688809E+003  -2.38437342E-002   2.82691194E+003  -6.29595163E-001  -1.76003424E+002  -1.76633019E+002
     130       1     1.19999997E+001   7.14903093E+003   6.99937869E-002   2.82606343E+003   2.82599343E+003  -7.27958106E-001  -1.76793067E+002  -1.76065109E+002   2.82669880E+003  -2.25923467E-002   2.82672139E+003  -6.35371973E-001  -1.76087701E+002  -1.76723073E+002
     131       1     1.19999997E+001   7.14866948E+003   7.03618451E-002   2.82586485E+003   2.82579449E+003  -7.31335484E-001  -1.76884876E+002  -1.76153541E+002   2.82650584E+003  -1.99774307E-002   2.82652582E+003  -6.40996208E-001  -1.76173518E+002  -1.76814514E+002
     132       1     1.19999997E+001   7.14831027E+003   7.07469305E-002   2.82566716E+003   2.82559641E+003  -7.35754127E-001  -1.76976475E+002  -1.76240721E+002   2.82631408E+003  -1.80908289E-002   2.82633217E+003  -6.46916367E-001  -1.76258812E+002  -1.76905728E+002
     133       1     1.19999997E+001   7.14795048E+003   7.28969839E-002   2.82547042E+003   2.82539752E+003  -7.42203157E-001  -1.77068719E+002  -1.76326516E+002   2.82611969E+003  -2.00293281E-002   2.82613972E+003  -6.49276845E-001  -1.76346545E+002  -1.76995822E+002
     134       1     1.19999997E+001   7.14759248E+003   7.64580868E-002   2.82527481E+003   2.82519835E+003  -7.49732304E-001  -1.77161770E+002  -1.76412037E+002   2.82592755E+003  -2.05361094E-002   2.82594808E+003  -6.52738108E-001  -1.76432573E+002  -1.77085312E+002
     135       1     1.19999997E+001   7.14723502E+003   7.73334725E-002   2.82507849E+003   2.82500115E+003  -7.53998847E-001  -1.77253003E+002  -1.76499004E+002   2.82573656E+003  -1.85876795E-002   2.82575515E+003  -6.58077695E-001  -1.76517592E+002  -1.77175670E+002
     136       1     1.19999997E+001   7.14686654E+003   7.86799290E-002   2.82487581E+003   2.82479713E+003  -7.60896102E-001  -1.77347795E+002  -1.76586899E+002   2.82553899E+003  -1.90354182E-002   2.82555803E+003  -6.63180755E-001  -1.76605935E+002  -1.77269115E+002
     137       1     1.19999997E+001   7.14649813E+003   7.98913159E-002   2.82467309E+003   2.82459320E+003  -7.66877150E-001  -1.77442515E+002  -1.76675638E+002   2.82534233E+003  -1.77449520E-002   2.82536007E+003  -6.69240882E-001  -1.76693383E+002  -1.77362624E+002
     138       1     1.19999997E+001   7.14610526E+003   8.01487085E-002   2.82445641E+003   2.82437626E+003  -7.72097983E-001  -1.77542983E+002  -1.76770885E+002   2.82513318E+003  -1.51853886E-002   2.82514836E+003  -6.76763886E-001  -1.76786071E+002  -1.77462835E+002
     139       1     1.19999997E+001   7.14574025E+003   8.03423534E-002   2.82425563E+003   2.82417529E+003  -7.77231293E-001  -1.77635756E+002  -1.76858524E+002   2.82493690E+003  -1.56176124E-002   2.82495252E+003  -6.81271327E-001  -1.76874142E+002  -1.77555413E+002
     140       1     1.19999997E+001   7.14538225E+003   8.17403860E-002   2.82405919E+003   2.82397745E+003  -7.82514861E-001  -1.77727462E+002  -1.76944947E+002   2.82474506E+003  -1.48992832E-002   2.82475996E+003  -6.85875192E-001  -1.76959847E+002  -1.77645722E+002
     141       1     1.19999997E+001   7.14501434E+003   8.32004486E-002   2.82385680E+003   2.82377360E+003  -7.89004042E-001  -1.77822243E+002  -1.77033239E+002   2.82454845E+003  -1.41494067E-002   2.82456260E+003  -6.91654186E-001  -1.77047389E+002  -1.77739043E+002
     142       1     1.19999997E+001   7.14465499E+003   8.44649002E-002   2.82365962E+003   2.82357515E+003  -7.94011840E-001  -1.77914149E+002  -1.77120137E+002   2.82435587E+003  -1.32975221E-002   2.82436916E+003  -6.96249417E-001  -1.77133434E+002  -1.77829684E+002
     143       1     1.19999997E+001   7.14429368E+003   8.58886310E-002   2.82346147E+003   2.82337558E+003  -7.99013710E-001  -1.78006606E+002  -1.77207592E+002   2.82416227E+003  -1.23243813E-002   2.82417459E+003  -7.00800698E-001  -1.77219917E+002  -1.77920717E+002
     144       1     1.19999997E+001   7.14392907E+003   8.72956386E-002   2.82326165E+003   2.82317435E+003  -8.04248098E-001  -1.78099731E+002  -1.77295483E+002   2.82396621E+003  -1.23943978E-002   2.82397860E+003  -7.04558062E-001  -1.77307877E+002  -1.78012435E+002
     145       1     1.19999997E+001   7.14355616E+003   8.98587911E-002   2.82305735E+003   2.82296750E+003  -8.11324075E-001  -1.78196029E+002  -1.77384705E+002   2.82376598E+003  -1.28345709E-002   2.82377882E+003  -7.08630713E-001  -1.77397539E+002  -1.78106170E+002
     146       1     1.19999997E+001   7.14318716E+003   9.01722567E-002   2.82285438E+003   2.82276421E+003  -8.15564492E-001  -1.78289911E+002  -1.77474346E+002   2.82356862E+003  -1.11509583E-002   2.82357978E+003  -7.14241277E-001  -1.77485497E+002  -1.78199738E+002
     147       1     1.19999997E+001   7.14281269E+003   9.18940938E-002   2.82264898E+003   2.82255708E+003  -8.20921291E-001  -1.78386011E+002  -1.77565089E+002   2.82336834E+003  -9.66154533E-003   2.82337800E+003  -7.19365652E-001  -1.77574751E+002  -1.78294117E+002
     148       1     1.19999997E+001   7.14243918E+003   9.40641436E-002   2.82244415E+003   2.82235009E+003  -8.27143968E-001  -1.78482259E+002  -1.77655115E+002   2.82316842E+003  -8.81502469E-003   2.82317723E+003  -7.24264799E-001  -1.77663930E+002  -1.78388194E+002
     149       1     1.19999997E+001   7.14206996E+003   9.57514909E-002   2.82224183E+003   2.82214608E+003  -8.32367954E-001  -1.78576797E+002  -1.77744429E+002   2.82297036E+003  -8.08791688E-003   2.82297844E+003  -7.28528546E-001  -1.77752517E+002  -1.78481045E+002
     150       1     1.19999997E+001   7.14169152E+003   9.73115942E-002   2.82203442E+003   2.82193711E+003  -8.37352677E-001  -1.78673551E+002  -1.77836199E+002   2.82276746E+003  -7.00955996E-003   2.82277447E+003  -7.33031523E-001  -1.77843208E+002  -1.78576240E+002
     151       1     1.19999997E+001   7.14121415E+003   1.04214199E-001   2.82177571E+003   2.82167150E+003  -8.46522490E-001  -1.78797616E+002  -1.77951094E+002   2.82250972E+003  -8.30412972E-003   2.82251802E+003  -7.34004161E-001  -1.77959398E+002  -1.78693402E+002
     152       1     1.19999997E+001   7.14074268E+003   1.15244920E-001   2.82152261E+003   2.82140736E+003  -8.57761283E-001  -1.78921951E+002  -1.78064190E+002   2.82225417E+003  -1.09532839E-002   2.82226513E+003  -7.31563079E-001  -1.78075143E+002  -1.78806706E+002
     153       1     1.19999997E+001   7.14027260E+003   1.09115233E-001   2.82126159E+003   2.82115248E+003  -8.57140033E-001  -1.79037448E+002  -1.78180308E+002   2.82200291E+003  -6.70632996E-003   2.82200962E+003  -7.41318470E-001  -1.78187014E+002  -1.78928333E+002
     154       1     1.19999997E+001   7.13985403E+003   1.11449929E-001   2.82103274E+003   2.82092129E+003  -8.62098150E-001  -1.79144521E+002  -1.78282423E+002   2.82177857E+003  -4.81343559E-003   2.82178338E+003  -7.45834785E-001  -1.78287237E+002  -1.79033072E+002
     155       1     1.19999997E+001   7.13944851E+003   1.15518751E-001   2.82081183E+003   2.82069631E+003  -8.70101097E-001  -1.79249242E+002  -1.78379141E+002   2.82155915E+003  -7.26478422E-003   2.82156641E+003  -7.47317562E-001  -1.78386406E+002  -1.79133723E+002
     156       1     1.19999997E+001   7.13909519E+003   1.12915284E-001   2.82061602E+003   2.82050311E+003  -8.72244052E-001  -1.79337672E+002  -1.78465428E+002   2.82137052E+003  -4.83310599E-003   2.82137535E+003  -7.54495662E-001  -1.78470261E+002  -1.79224757E+002
     157       1     1.19999997E+001   7.13875552E+003   1.13179188E-001   2.82042892E+003   2.82031574E+003  -8.76670486E-001  -1.79424312E+002  -1.78547642E+002   2.82118891E+003  -3.49935522E-003   2.82119241E+003  -7.59991942E-001  -1.78551141E+002  -1.79311133E+002
     158       1     1.19999997E+001   7.13841210E+003   1.14052092E-001   2.82024027E+003   2.82012621E+003  -8.80618710E-001  -1.79511994E+002  -1.78631375E+002   2.82100547E+003  -1.36401978E-003   2.82100683E+003  -7.65202599E-001  -1.78632739E+002  -1.79397942E+002
     159       1     1.19999997E+001   7.13806906E+003   1.13214744E-001   2.82005064E+003   2.81993743E+003  -8.84462817E-001  -1.79599046E+002  -1.78714583E+002   2.82082243E+003   5.36303949E-004   2.82082189E+003  -7.71784377E-001  -1.78714046E+002  -1.79485831E+002
     160       1     1.19999997E+001   7.13772525E+003   1.15065612E-001   2.81986216E+003   2.81974710E+003  -8.89742154E-001  -1.79687417E+002  -1.78797674E+002   2.82063824E+003   1.39521498E-003   2.82063684E+003  -7.76071757E-001  -1.78796279E+002  -1.79572351E+002
     161       1     1.19999997E+001   7.13734157E+003   1.16099203E-001   2.81965169E+003   2.81953559E+003  -8.93965906E-001  -1.79785134E+002  -1.78891168E+002   2.82043265E+003   3.09398168E-003   2.82042956E+003  -7.80960685E-001  -1.78888074E+002  -1.79669035E+002
     162       1     1.19999997E+001   7.13699755E+003   1.15970924E-001   2.81946209E+003   2.81934612E+003  -8.97499467E-001  -1.79872584E+002  -1.78975084E+002   2.82024913E+003   5.51726221E-003   2.82024362E+003  -7.87045805E-001  -1.78969567E+002  -1.79756613E+002
     163       1     1.19999997E+001   7.13666325E+003   1.17089805E-001   2.81927827E+003   2.81916118E+003  -9.02377442E-001  -1.79958378E+002  -1.79056001E+002   2.82007055E+003   7.00049741E-003   2.82006355E+003  -7.92288135E-001  -1.79049000E+002  -1.79841288E+002
     164       1     1.19999997E+001   7.13630957E+003   1.19047334E-001   2.81908442E+003   2.81896537E+003  -9.06244718E-001  -1.80049286E+002  -1.79143041E+002   2.81988253E+003   1.09187571E-002   2.81987162E+003  -7.98116141E-001  -1.79132122E+002  -1.79930238E+002
     165       1     1.19999997E+001   7.13592446E+003   1.21366629E-001   2.81887363E+003   2.81875227E+003  -9.13014595E-001  -1.80148170E+002  -1.79235155E+002   2.81967476E+003   9.47692878E-003   2.81966528E+003  -8.01124895E-001  -1.79225679E+002  -1.80026803E+002
     166       1     1.19999997E+001   7.13554230E+003   1.20738602E-001   2.81866241E+003   2.81854167E+003  -9.17182116E-001  -1.80245425E+002  -1.79328243E+002   2.81947144E+003   1.25874653E-002   2.81945885E+003  -8.09030979E-001  -1.79315656E+002  -1.80124687E+002
     167       1     1.19999997E+001   7.13519641E+003   1.15386389E-001   2.81846838E+003   2.81835300E+003  -9.18125278E-001  -1.80331506E+002  -1.79413381E+002   2.81928917E+003   1.80472709E-002   2.81927112E+003  -8.20786160E-001  -1.79395333E+002  -1.80216120E+002
     168       1     1.19999997E+001   7.13486397E+003   1.14322984E-001   2.81828449E+003   2.81817016E+003  -9.20876705E-001  -1.80415736E+002  -1.79494859E+002   2.81911256E+003   2.15148998E-002   2.81909104E+003  -8.28068621E-001  -1.79473344E+002  -1.80301413E+002
     169       1     1.19999997E+001   7.13451005E+003   1.18531342E-001   2.81809209E+003   2.81797355E+003  -9.28604753E-001  -1.80507367E+002  -1.79578763E+002   2.81892025E+003   1.80917702E-002   2.81890216E+003  -8.28165180E-001  -1.79560671E+002  -1.80388836E+002
     170       1     1.19999997E+001   7.13415805E+003   1.13749417E-001   2.81789551E+003   2.81778176E+003  -9.28886481E-001  -1.80594753E+002  -1.79665867E+002   2.81873413E+003   2.34758961E-002   2.81871065E+003  -8.38612960E-001  -1.79642391E+002  -1.80481004E+002
     171       1     1.19999997E+001   7.13383035E+003   1.13990852E-001   2.81771449E+003   2.81760050E+003  -9.33853327E-001  -1.80678816E+002  -1.79744962E+002   2.81855956E+003   2.52054355E-002   2.81853435E+003  -8.45067910E-001  -1.79719757E+002  -1.80564825E+002
     172       1     1.19999997E+001   7.13350994E+003   1.14307146E-001   2.81753806E+003   2.81742375E+003  -9.37769303E-001  -1.80760520E+002  -1.79822750E+002   2.81838826E+003   2.67413784E-002   2.81836152E+003  -8.50203535E-001  -1.79796009E+002  -1.80646213E+002
     173       1     1.19999997E+001   7.13318485E+003   1.14751656E-001   2.81735899E+003   2.81724424E+003  -9.41644631E-001  -1.80843601E+002  -1.79901956E+002   2.81821499E+003   2.91066449E-002   2.81818588E+003  -8.55999619E-001  -1.79872850E+002  -1.80728849E+002
     174       1     1.19999997E+001   7.13284554E+003   1.13913076E-001   2.81717149E+003   2.81705757E+003  -9.45817167E-001  -1.80929616E+002  -1.79983799E+002   2.81803320E+003   2.98129573E-002   2.81800339E+003  -8.61717049E-001  -1.79953986E+002  -1.80815703E+002
     175       1     1.19999997E+001   7.13250991E+003   1.16222672E-001   2.81698793E+003   2.81687171E+003  -9.51546131E-001  -1.81015927E+002  -1.80064381E+002   2.81785234E+003   2.90911446E-002   2.81782325E+003  -8.64414604E-001  -1.80035290E+002  -1.80899705E+002
     176       1     1.19999997E+001   7.13216251E+003   1.16500739E-001   2.81679650E+003   2.81668000E+003  -9.55535528E-001  -1.81104576E+002  -1.80149041E+002   2.81766710E+003   3.15651761E-002   2.81763554E+003  -8.70599965E-001  -1.80117476E+002  -1.80988076E+002
     177       1     1.19999997E+001   7.13182931E+003   1.13224667E-001   2.81661118E+003   2.81649796E+003  -9.56518152E-001  -1.81187781E+002  -1.80231263E+002   2.81749035E+003   3.58773828E-002   2.81745447E+003  -8.79170868E-001  -1.80195385E+002  -1.81074556E+002
     178       1     1.19999997E+001   7.13150745E+003   1.12516680E-001   2.81643361E+003   2.81632109E+003  -9.59653772E-001  -1.81269168E+002  -1.80309514E+002   2.81731801E+003   3.72700180E-002   2.81728074E+003  -8.84407110E-001  -1.80272244E+002  -1.81156651E+002
     179       1     1.19999997E+001   7.13119456E+003   1.12730523E-001   2.81626103E+003   2.81614830E+003  -9.63613045E-001  -1.81349129E+002  -1.80385516E+002   2.81715118E+003   3.92578745E-002   2.81711192E+003  -8.90140397E-001  -1.80346258E+002  -1.81236398E+002
     180       1     1.19999997E+001   7.13087654E+003   1.12754477E-001   2.81608580E+003   2.81597305E+003  -9.66572267E-001  -1.81430040E+002  -1.80463468E+002   2.81698178E+003   4.21597536E-002   2.81693962E+003  -8.95977544E-001  -1.80421308E+002  -1.81317285E+002
     181       1     1.19999997E+001   7.13055386E+003   1.13981024E-001   2.81590856E+003   2.81579458E+003  -9.71655795E-001  -1.81512783E+002  -1.80541128E+002   2.81680856E+003   4.23249141E-002   2.81676624E+003  -8.99999684E-001  -1.80498803E+002  -1.81398802E+002
     182       1     1.19999997E+001   7.13023462E+003   1.13179456E-001   2.81573218E+003   2.81561900E+003  -9.74938001E-001  -1.81593658E+002  -1.80618720E+002   2.81663797E+003   4.40388623E-002   2.81659393E+003  -9.05797407E-001  -1.80574681E+002  -1.81480479E+002
     183       1     1.19999997E+001   7.12991440E+003   1.11813882E-001   2.81555452E+003   2.81544271E+003  -9.78128768E-001  -1.81674947E+002  -1.80696818E+002   2.81646801E+003   4.71796064E-002   2.81642083E+003  -9.13494493E-001  -1.80649639E+002  -1.81563133E+002
     184       1     1.19999997E+001   7.12960511E+003   1.10865388E-001   2.81538343E+003   2.81527257E+003  -9.80358399E-001  -1.81753324E+002  -1.80772966E+002   2.81630392E+003   5.09967645E-002   2.81625293E+003  -9.20489776E-001  -1.80721969E+002  -1.81642459E+002
     185       1     1.19999997E+001   7.12929614E+003   1.10027325E-001   2.81521257E+003   2.81510254E+003  -9.83436258E-001  -1.81831686E+002  -1.80848250E+002   2.81613924E+003   5.32591419E-002   2.81608598E+003  -9.26668076E-001  -1.80794991E+002  -1.81721659E+002
     186       1     1.19999997E+001   7.12898422E+003   1.07794398E-001   2.81503913E+003   2.81493134E+003  -9.86027327E-001  -1.81910345E+002  -1.80924317E+002   2.81597352E+003   5.61537204E-002   2.81591737E+003  -9.34386649E-001  -1.80868164E+002  -1.81802550E+002
     187       1     1.19999997E+001   7.12866942E+003   1.05563615E-001   2.81486431E+003   2.81475874E+003  -9.88477928E-001  -1.81989545E+002  -1.81001067E+002   2.81580586E+003   5.86353005E-002   2.81574722E+003  -9.41549614E-001  -1.80942432E+002  -1.81883981E+002
     188       1     1.19999997E+001   7.12835886E+003   1.04694320E-001   2.81469242E+003   2.81458772E+003  -9.91611709E-001  -1.82068421E+002  -1.81076809E+002   2.81564062E+003   6.12846981E-002   2.81557934E+003  -9.48202087E-001  -1.81015525E+002  -1.81963727E+002
     189       1     1.19999997E+001   7.12804276E+003   1.06716134E-001   2.81451869E+003   2.81441197E+003  -9.97846967E-001  -1.82150382E+002  -1.81152535E+002   2.81547151E+003   6.16886446E-002   2.81540982E+003  -9.52819478E-001  -1.81090846E+002  -1.82043666E+002
     190       1     1.19999997E+001   7.12773145E+003   1.06493133E-001   2.81434660E+003   2.81424011E+003  -1.00226684E+000  -1.82229879E+002  -1.81227612E+002   2.81530523E+003   6.28534593E-002   2.81524238E+003  -9.58627170E-001  -1.81164759E+002  -1.82123386E+002
     191       1     1.19999997E+001   7.12741620E+003   1.05947562E-001   2.81417207E+003   2.81406612E+003  -1.00565597E+000  -1.82310330E+002  -1.81304674E+002   2.81513809E+003   6.63164901E-002   2.81507178E+003  -9.66024900E-001  -1.81238357E+002  -1.82204382E+002
     192       1     1.19999997E+001   7.12711298E+003   1.04854560E-001   2.81400412E+003   2.81389926E+003  -1.00845697E+000  -1.82387219E+002  -1.81378762E+002   2.81497688E+003   6.91618833E-002   2.81490772E+003  -9.72764297E-001  -1.81309600E+002  -1.82282365E+002
     193       1     1.19999997E+001   7.12678391E+003   1.08017156E-001   2.81382403E+003   2.81371602E+003  -1.01580179E+000  -1.82472828E+002  -1.81457026E+002   2.81479976E+003   6.79418840E-002   2.81473182E+003  -9.75726517E-001  -1.81389084E+002  -1.82364811E+002
     194       1     1.19999997E+001   7.12646887E+003   1.03662696E-001   2.81364822E+003   2.81354455E+003  -1.01487112E+000  -1.82550811E+002  -1.81535939E+002   2.81463359E+003   7.41705960E-002   2.81455942E+003  -9.85379024E-001  -1.81461769E+002  -1.82447148E+002
     195       1     1.19999997E+001   7.12616857E+003   1.02341298E-001   2.81348166E+003   2.81337931E+003  -1.01760653E+000  -1.82626940E+002  -1.81609334E+002   2.81447412E+003   7.72018161E-002   2.81439692E+003  -9.92467044E-001  -1.81532132E+002  -1.82524599E+002
     196       1     1.19999997E+001   7.12586510E+003   1.02400038E-001   2.81331401E+003   2.81321161E+003  -1.02103536E+000  -1.82704593E+002  -1.81683558E+002   2.81431307E+003   8.04278963E-002   2.81423265E+003  -9.99063219E-001  -1.81603130E+002  -1.82602193E+002
     197       1     1.19999997E+001   7.12556071E+003   9.92935128E-002   2.81314444E+003   2.81304515E+003  -1.02266432E+000  -1.82780732E+002  -1.81758067E+002   2.81415126E+003   8.34418965E-002   2.81406781E+003  -1.00681270E+000  -1.81674625E+002  -1.82681438E+002
     198       1     1.19999997E+001   7.12525402E+003   9.72059550E-002   2.81297364E+003   2.81287643E+003  -1.02602149E+000  -1.82858443E+002  -1.81832421E+002   2.81398845E+003   8.59946495E-002   2.81390245E+003  -1.01481018E+000  -1.81746426E+002  -1.82761237E+002
     199       1     1.19999997E+001   7.12495004E+003   9.35216360E-002   2.81280380E+003   2.81271028E+003  -1.02739537E+000  -1.82934394E+002  -1.81906998E+002   2.81382741E+003   8.97366343E-002   2.81373767E+003  -1.02361037E+000  -1.81817262E+002  -1.82840872E+002
     200       1     1.19999997E+001   7.12465056E+003   9.31595121E-002   2.81263787E+003   2.81254471E+003  -1.03151502E+000  -1.83011093E+002  -1.81979578E+002   2.81366835E+003   9.21242293E-002   2.81357622E+003  -1.03047974E+000  -1.81887454E+002  -1.82917934E+002
     201       1     1.19999997E+001   7.12434535E+003   8.85629915E-002   2.81246677E+003   2.81237820E+003  -1.03203127E+000  -1.83087027E+002  -1.82054996E+002   2.81350744E+003   9.72072656E-002   2.81341023E+003  -1.04067555E+000  -1.81957789E+002  -1.82998464E+002
     202       1     1.19999997E+001   7.12404613E+003   8.64413610E-002   2.81230048E+003   2.81221404E+003  -1.03359638E+000  -1.83162392E+002  -1.82128795E+002   2.81334900E+003   1.01362569E-001   2.81324764E+003  -1.04851759E+000  -1.82027433E+002  -1.83075950E+002
     203       1     1.19999997E+001   7.12374166E+003   8.45099673E-002   2.81213110E+003   2.81204659E+003  -1.03664088E+000  -1.83239489E+002  -1.82202848E+002   2.81318733E+003   1.04100971E-001   2.81308323E+003  -1.05623188E+000  -1.82098747E+002  -1.83154979E+002
     204       1     1.19999997E+001   7.12344087E+003   8.33961990E-002   2.81196416E+003   2.81188077E+003  -1.03986631E+000  -1.83316046E+002  -1.82276180E+002   2.81302777E+003   1.07139756E-001   2.81292063E+003  -1.06360986E+000  -1.82169040E+002  -1.83232650E+002
     205       1     1.19999997E+001   7.12312744E+003   8.24668486E-002   2.81179077E+003   2.81170831E+003  -1.04217106E+000  -1.83395492E+002  -1.82353321E+002   2.81286135E+003   1.10875943E-001   2.81275048E+003  -1.07058016E+000  -1.82242445E+002  -1.83313025E+002
     206       1     1.19999997E+001   7.12282241E+003   7.82064587E-002   2.81161981E+003   2.81154160E+003  -1.04379867E+000  -1.83471673E+002  -1.82427874E+002   2.81269994E+003   1.14537857E-001   2.81258540E+003  -1.08013007E+000  -1.82313337E+002  -1.83393467E+002
     207       1     1.19999997E+001   7.12252091E+003   7.74691281E-002   2.81145276E+003   2.81137529E+003  -1.04687070E+000  -1.83548501E+002  -1.82501630E+002   2.81254003E+003   1.17868522E-001   2.81242216E+003  -1.08727009E+000  -1.82383761E+002  -1.83471031E+002
     208       1     1.19999997E+001   7.12221444E+003   7.74287206E-002   2.81128343E+003   2.81120600E+003  -1.05011482E+000  -1.83626840E+002  -1.82576725E+002   2.81237739E+003   1.21282200E-001   2.81225611E+003  -1.09396830E+000  -1.82455443E+002  -1.83549411E+002
     209       1     1.19999997E+001   7.12191436E+003   7.81261110E-002   2.81111789E+003   2.81103976E+003  -1.05463847E+000  -1.83704015E+002  -1.82649377E+002   2.81221748E+003   1.23075186E-001   2.81209440E+003  -1.09958754E+000  -1.82526302E+002  -1.83625889E+002
     210       1     1.19999997E+001   7.12161259E+003   7.78236925E-002   2.81095106E+003   2.81087323E+003  -1.05845019E+000  -1.83780985E+002  -1.82722535E+002   2.81205647E+003   1.24786208E-001   2.81193168E+003  -1.10541271E+000  -1.82597749E+002  -1.83703161E+002
     211       1     1.19999997E+001   7.12131452E+003   7.63987629E-002   2.81078533E+003   2.81070893E+003  -1.06162297E+000  -1.83856820E+002  -1.82795197E+002   2.81189856E+003   1.28009885E-001   2.81177055E+003  -1.11323409E+000  -1.82667187E+002  -1.83780422E+002
     212       1     1.19999997E+001   7.12101353E+003   7.36718656E-002   2.81061761E+003   2.81054394E+003  -1.06281175E+000  -1.83932476E+002  -1.82869664E+002   2.81173965E+003   1.32902396E-001   2.81160675E+003  -1.12204228E+000  -1.82736762E+002  -1.83858804E+002
     213       1     1.19999997E+001   7.12071297E+003   7.31548879E-002   2.81045133E+003   2.81037817E+003  -1.06554885E+000  -1.84009034E+002  -1.82943485E+002   2.81158023E+003   1.36510906E-001   2.81144372E+003  -1.12890486E+000  -1.82806974E+002  -1.83935879E+002
     214       1     1.19999997E+001   7.12041138E+003   6.99398019E-002   2.81028305E+003   2.81021311E+003  -1.06676911E+000  -1.84084585E+002  -1.83017816E+002   2.81142067E+003   1.40792363E-001   2.81127988E+003  -1.13762167E+000  -1.82877023E+002  -1.84014645E+002
     215       1     1.19999997E+001   7.12010917E+003   7.12165046E-002   2.81011574E+003   2.81004453E+003  -1.07262947E+000  -1.84163464E+002  -1.83090835E+002   2.81126116E+003   1.44003243E-001   2.81111716E+003  -1.14541621E+000  -1.82946831E+002  -1.84092248E+002
     216       1     1.19999997E+001   7.11980840E+003   6.88834201E-002   2.80994834E+003   2.80987946E+003  -1.07408987E+000  -1.84239262E+002  -1.83165172E+002   2.81110227E+003   1.48724954E-001   2.81095355E+003  -1.15393140E+000  -1.83016447E+002  -1.84170378E+002
     217       1     1.19999997E+001   7.11950810E+003   6.65803329E-002   2.80978125E+003   2.80971467E+003  -1.07665191E+000  -1.84314907E+002  -1.83238256E+002   2.81094239E+003   1.51061323E-001   2.81079133E+003  -1.16113290E+000  -1.83087194E+002  -1.84248327E+002
     218       1     1.19999997E+001   7.11920560E+003   6.60089960E-002   2.80961383E+003   2.80954782E+003  -1.08051167E+000  -1.84391971E+002  -1.83311460E+002   2.81078090E+003   1.52562693E-001   2.81062833E+003  -1.16706537E+000  -1.83158897E+002  -1.84325962E+002
     219       1     1.19999997E+001   7.11890650E+003   6.44623507E-002   2.80944780E+003   2.80938334E+003  -1.08283184E+000  -1.84467675E+002  -1.83384843E+002   2.81062222E+003   1.56046551E-001   2.81046617E+003  -1.17441604E+000  -1.83228797E+002  -1.84403213E+002
     220       1     1.19999997E+001   7.11860681E+003   6.10859194E-002   2.80928052E+003   2.80921943E+003  -1.08281838E+000  -1.84542620E+002  -1.83459802E+002   2.81046465E+003   1.62399359E-001   2.81030225E+003  -1.18413182E+000  -1.83297402E+002  -1.84481534E+002
     221       1     1.19999997E+001   7.11830796E+003   5.92520586E-002   2.80911438E+003   2.80905513E+003  -1.08494178E+000  -1.84618216E+002  -1.83533274E+002   2.81030643E+003   1.66363179E-001   2.81014007E+003  -1.19205290E+000  -1.83366911E+002  -1.84558964E+002
     222       1     1.19999997E+001   7.11801111E+003   5.71833721E-002   2.80894938E+003   2.80889220E+003  -1.08663521E+000  -1.84693030E+002  -1.83606394E+002   2.81014910E+003   1.70271645E-001   2.80997883E+003  -1.19972348E+000  -1.83436123E+002  -1.84635846E+002
     223       1     1.19999997E+001   7.11770988E+003   5.71028493E-002   2.80878273E+003   2.80872563E+003  -1.09076889E+000  -1.84770179E+002  -1.83679410E+002   2.80998871E+003   1.72316555E-001   2.80981640E+003  -1.20598260E+000  -1.83507093E+002  -1.84713076E+002
     224       1     1.19999997E+001   7.11740876E+003   5.57518484E-002   2.80861569E+003   2.80855994E+003  -1.09379855E+000  -1.84846476E+002  -1.83752677E+002   2.80982826E+003   1.74521440E-001   2.80965374E+003  -1.21256814E+000  -1.83578156E+002  -1.84790724E+002
     225       1     1.19999997E+001   7.11711010E+003   5.29820461E-002   2.80844923E+003   2.80839625E+003  -1.09527913E+000  -1.84921512E+002  -1.83826233E+002   2.80967017E+003   1.78645896E-001   2.80949153E+003  -1.22094298E+000  -1.83647587E+002  -1.84868530E+002
     226       1     1.19999997E+001   7.11680525E+003   5.12960598E-002   2.80827967E+003   2.80822837E+003  -1.09801653E+000  -1.84998891E+002  -1.83900875E+002   2.80950880E+003   1.82408788E-001   2.80932639E+003  -1.22912926E+000  -1.83718466E+002  -1.84947595E+002
     227       1     1.19999997E+001   7.11650222E+003   4.82998965E-002   2.80811042E+003   2.80806212E+003  -1.10016501E+000  -1.85075185E+002  -1.83975020E+002   2.80934838E+003   1.86102260E-001   2.80916228E+003  -1.23796737E+000  -1.83788918E+002  -1.85026885E+002
     228       1     1.19999997E+001   7.11620173E+003   4.66330634E-002   2.80794376E+003   2.80789713E+003  -1.10214131E+000  -1.85150964E+002  -1.84048823E+002   2.80918855E+003   1.89279471E-001   2.80899927E+003  -1.24478771E+000  -1.83859543E+002  -1.85104331E+002
     229       1     1.19999997E+001   7.11589818E+003   4.57902374E-002   2.80777567E+003   2.80772988E+003  -1.10428689E+000  -1.85228103E+002  -1.84123816E+002   2.80902786E+003   1.93696929E-001   2.80883417E+003  -1.25219358E+000  -1.83930119E+002  -1.85182312E+002
     230       1     1.19999997E+001   7.11559532E+003   4.33009919E-002   2.80760671E+003   2.80756341E+003  -1.10742554E+000  -1.85304659E+002  -1.84197233E+002   2.80886694E+003   1.96109151E-001   2.80867083E+003  -1.26023370E+000  -1.84001124E+002  -1.85261358E+002
     231       1     1.19999997E+001   7.11528849E+003   4.26065276E-002   2.80743671E+003   2.80739411E+003  -1.11083936E+000  -1.85382868E+002  -1.84272029E+002   2.80870382E+003   1.98868061E-001   2.80850495E+003  -1.26710089E+000  -1.84073161E+002  -1.85340262E+002
     232       1     1.19999997E+001   7.11498485E+003   3.94675243E-002   2.80726717E+003   2.80722770E+003  -1.11223103E+000  -1.85459131E+002  -1.84346900E+002   2.80854340E+003   2.03474264E-001   2.80833993E+003  -1.27623776E+000  -1.84143425E+002  -1.85419663E+002
     233       1     1.19999997E+001   7.11468112E+003   3.47717212E-002   2.80709668E+003   2.80706191E+003  -1.11273143E+000  -1.85534746E+002  -1.84422015E+002   2.80838338E+003   2.08737366E-001   2.80817464E+003  -1.28669708E+000  -1.84213277E+002  -1.85499974E+002
     234       1     1.19999997E+001   7.11438257E+003   3.33666600E-002   2.80693104E+003   2.80689767E+003  -1.11496928E+000  -1.85610347E+002  -1.84495377E+002   2.80822494E+003   2.12305415E-001   2.80801264E+003  -1.29390804E+000  -1.84283072E+002  -1.85576980E+002
     235       1     1.19999997E+001   7.11408191E+003   3.19195787E-002   2.80676427E+003   2.80673235E+003  -1.11717501E+000  -1.85686399E+002  -1.84569224E+002   2.80806523E+003   2.15701084E-001   2.80784953E+003  -1.30095652E+000  -1.84353523E+002  -1.85654480E+002
     236       1     1.19999997E+001   7.11378239E+003   2.97998667E-002   2.80659751E+003   2.80656771E+003  -1.11906563E+000  -1.85762112E+002  -1.84643046E+002   2.80790693E+003   2.20153932E-001   2.80768678E+003  -1.30941970E+000  -1.84422892E+002  -1.85732312E+002
     237       1     1.19999997E+001   7.11347905E+003   2.82775263E-002   2.80642913E+003   2.80640085E+003  -1.12029623E+000  -1.85838905E+002  -1.84718609E+002   2.80774702E+003   2.25870506E-001   2.80752115E+003  -1.31788921E+000  -1.84492739E+002  -1.85810628E+002
     238       1     1.19999997E+001   7.11317275E+003   2.78278796E-002   2.80625947E+003   2.80623164E+003  -1.12427088E+000  -1.85917177E+002  -1.84792906E+002   2.80758390E+003   2.27989617E-001   2.80735591E+003  -1.32443261E+000  -1.84564916E+002  -1.85889349E+002
     239       1     1.19999997E+001   7.11287100E+003   2.49953446E-002   2.80609129E+003   2.80606629E+003  -1.12504498E+000  -1.85992929E+002  -1.84867884E+002   2.80742466E+003   2.33328745E-001   2.80719133E+003  -1.33337838E+000  -1.84634556E+002  -1.85967934E+002
     240       1     1.19999997E+001   7.11257122E+003   2.35072986E-002   2.80592474E+003   2.80590123E+003  -1.12737935E+000  -1.86068979E+002  -1.84941599E+002   2.80726595E+003   2.37342084E-001   2.80702861E+003  -1.34121414E+000  -1.84704257E+002  -1.86045471E+002
     241       1     1.19999997E+001   7.11226649E+003   2.12484133E-002   2.80575522E+003   2.80573397E+003  -1.12928738E+000  -1.86145754E+002  -1.85016467E+002   2.80710423E+003   2.40967042E-001   2.80686326E+003  -1.34900601E+000  -1.84775500E+002  -1.86124506E+002
     242       1     1.19999997E+001   7.11196159E+003   1.91929140E-002   2.80558563E+003   2.80556643E+003  -1.13066043E+000  -1.86222762E+002  -1.85092101E+002   2.80694331E+003   2.46219564E-001   2.80669709E+003  -1.35768708E+000  -1.84845882E+002  -1.86203569E+002
     243       1     1.19999997E+001   7.11165419E+003   1.78706487E-002   2.80541502E+003   2.80539715E+003  -1.13346375E+000  -1.86300766E+002  -1.85167302E+002   2.80678000E+003   2.49386528E-001   2.80653062E+003  -1.36497963E+000  -1.84917915E+002  -1.86282895E+002
     244       1     1.19999997E+001   7.11133070E+003   1.43827549E-002   2.80523406E+003   2.80521968E+003  -1.13611743E+000  -1.86382180E+002  -1.85246063E+002   2.80660850E+003   2.52701402E-001   2.80635580E+003  -1.37443608E+000  -1.84993362E+002  -1.86367798E+002
     245       1     1.19999997E+001   7.11102156E+003   1.38888427E-002   2.80506245E+003   2.80504856E+003  -1.14037602E+000  -1.86461502E+002  -1.85321126E+002   2.80644461E+003   2.55668890E-001   2.80618894E+003  -1.38215606E+000  -1.85065457E+002  -1.86447613E+002
     246       1     1.19999997E+001   7.11071785E+003   1.11412580E-002   2.80489288E+003   2.80488174E+003  -1.14234392E+000  -1.86538142E+002  -1.85395798E+002   2.80628419E+003   2.60110869E-001   2.80602408E+003  -1.39131353E+000  -1.85135687E+002  -1.86527001E+002
     247       1     1.19999997E+001   7.11041625E+003   9.59614414E-003   2.80472527E+003   2.80471568E+003  -1.14453192E+000  -1.86614641E+002  -1.85470109E+002   2.80612463E+003   2.64427590E-001   2.80586021E+003  -1.39936336E+000  -1.85205681E+002  -1.86605045E+002
     248       1     1.19999997E+001   7.11011300E+003   7.73018913E-003   2.80455652E+003   2.80454879E+003  -1.14670121E+000  -1.86691479E+002  -1.85544778E+002   2.80596432E+003   2.68830606E-001   2.80569549E+003  -1.40780163E+000  -1.85275947E+002  -1.86683749E+002
     249       1     1.19999997E+001   7.10980121E+003   5.73786478E-003   2.80438266E+003   2.80437693E+003  -1.15037764E+000  -1.86770750E+002  -1.85620372E+002   2.80579890E+003   2.71601148E-001   2.80552730E+003  -1.41624092E+000  -1.85348771E+002  -1.86765012E+002
     250       1     1.19999997E+001   7.10948845E+003   5.36297979E-003   2.80420984E+003   2.80420448E+003  -1.15301766E+000  -1.86850321E+002  -1.85697303E+002   2.80563257E+003   2.75072276E-001   2.80535749E+003  -1.42272695E+000  -1.85422231E+002  -1.86844958E+002
     251       1     1.19999997E+001   7.10917256E+003   4.86671396E-003   2.80403521E+003   2.80403034E+003  -1.15436136E+000  -1.86930642E+002  -1.85776281E+002   2.80546585E+003   2.81144471E-001   2.80518471E+003  -1.43063912E+000  -1.85495137E+002  -1.86925776E+002
     252       1     1.19999997E+001   7.10886051E+003   1.47498080E-003   2.80386125E+003   2.80385978E+003  -1.15512761E+000  -1.87008540E+002  -1.85853412E+002   2.80530029E+003   2.85378878E-001   2.80501491E+003  -1.43903151E+000  -1.85568033E+002  -1.87007065E+002
     253       1     1.19999997E+001   7.10855159E+003  -1.12724281E-003   2.80368984E+003   2.80369097E+003  -1.15499331E+000  -1.87085606E+002  -1.85930612E+002   2.80513635E+003   2.90390577E-001   2.80484596E+003  -1.44651113E+000  -1.85640222E+002  -1.87086733E+002
     254       1     1.19999997E+001   7.10824416E+003  -3.90676683E-003   2.80351829E+003   2.80352220E+003  -1.15720212E+000  -1.87163074E+002  -1.86005872E+002   2.80497338E+003   2.93975679E-001   2.80467940E+003  -1.45508456E+000  -1.85711896E+002  -1.87166981E+002
     255       1     1.19999997E+001   7.10793319E+003  -5.34234006E-003   2.80334539E+003   2.80335073E+003  -1.16056628E+000  -1.87242193E+002  -1.86081627E+002   2.80480829E+003   2.97000021E-001   2.80451129E+003  -1.46290864E+000  -1.85784627E+002  -1.87247536E+002
     256       1     1.19999997E+001   7.10763198E+003  -5.16510835E-003   2.80317842E+003   2.80318359E+003  -1.16580540E+000  -1.87319873E+002  -1.86154068E+002   2.80464796E+003   2.98562288E-001   2.80434939E+003  -1.46953280E+000  -1.85855505E+002  -1.87325038E+002
     257       1     1.19999997E+001   7.10733127E+003  -6.55634051E-003   2.80301148E+003   2.80301803E+003  -1.16897034E+000  -1.87396119E+002  -1.86227149E+002   2.80448761E+003   3.00608270E-001   2.80418701E+003  -1.47613495E+000  -1.85926541E+002  -1.87402676E+002
     258       1     1.19999997E+001   7.10702337E+003  -6.27133897E-003   2.80284149E+003   2.80284776E+003  -1.17270084E+000  -1.87474951E+002  -1.86302250E+002   2.80432352E+003   3.03063284E-001   2.80402046E+003  -1.48203546E+000  -1.85999187E+002  -1.87481223E+002
     259       1     1.19999997E+001   7.10671205E+003  -7.38715358E-003   2.80266926E+003   2.80267664E+003  -1.17593377E+000  -1.87553602E+002  -1.86377668E+002   2.80415636E+003   3.03784653E-001   2.80385258E+003  -1.48710557E+000  -1.86073884E+002  -1.87560989E+002
     260       1     1.19999997E+001   7.10641058E+003  -7.86773862E-003   2.80250188E+003   2.80250974E+003  -1.17998807E+000  -1.87630962E+002  -1.86450974E+002   2.80399656E+003   3.06828121E-001   2.80368973E+003  -1.49468393E+000  -1.86144146E+002  -1.87638830E+002
     261       1     1.19999997E+001   7.10610707E+003  -6.99691369E-003   2.80233409E+003   2.80234109E+003  -1.18518807E+000  -1.87709470E+002  -1.86524282E+002   2.80383507E+003   3.08791357E-001   2.80352628E+003  -1.50097634E+000  -1.86215490E+002  -1.87716467E+002
     262       1     1.19999997E+001   7.10580352E+003  -9.43153466E-003   2.80216471E+003   2.80217414E+003  -1.18796466E+000  -1.87786262E+002  -1.86598297E+002   2.80367411E+003   3.12002906E-001   2.80336210E+003  -1.50939910E+000  -1.86286294E+002  -1.87795693E+002
     263       1     1.19999997E+001   7.10549889E+003  -1.01321490E-002   2.80199530E+003   2.80200543E+003  -1.19226195E+000  -1.87864489E+002  -1.86672227E+002   2.80351279E+003   3.15098466E-001   2.80319769E+003  -1.51749257E+000  -1.86357129E+002  -1.87874622E+002
     264       1     1.19999997E+001   7.10519928E+003  -1.16398895E-002   2.80182859E+003   2.80184023E+003  -1.19515500E+000  -1.87940701E+002  -1.86745546E+002   2.80335411E+003   3.18727746E-001   2.80303538E+003  -1.52552264E+000  -1.86426818E+002  -1.87952341E+002
     265       1     1.19999997E+001   7.10489965E+003  -1.42749300E-002   2.80166126E+003   2.80167554E+003  -1.19778195E+000  -1.88016389E+002  -1.86818608E+002   2.80319521E+003   3.21889683E-001   2.80287332E+003  -1.53394656E+000  -1.86496718E+002  -1.88030664E+002
     266       1     1.19999997E+001   7.10459437E+003  -1.56040856E-002   2.80149197E+003   2.80150757E+003  -1.20084828E+000  -1.88093676E+002  -1.86892828E+002   2.80303209E+003   3.23666976E-001   2.80270842E+003  -1.54011935E+000  -1.86569161E+002  -1.88109280E+002
     267       1     1.19999997E+001   7.10428973E+003  -1.77780781E-002   2.80132226E+003   2.80134004E+003  -1.20323600E+000  -1.88170722E+002  -1.86967486E+002   2.80287057E+003   3.27299280E-001   2.80254327E+003  -1.54831336E+000  -1.86640187E+002  -1.88188500E+002
     268       1     1.19999997E+001   7.10398253E+003  -1.91202971E-002   2.80115140E+003   2.80117052E+003  -1.20693711E+000  -1.88248986E+002  -1.87042048E+002   2.80270727E+003   3.29814467E-001   2.80237746E+003  -1.55587187E+000  -1.86712234E+002  -1.88268106E+002
     269       1     1.19999997E+001   7.10367524E+003  -2.15385158E-002   2.80097984E+003   2.80100138E+003  -1.21022138E+000  -1.88326846E+002  -1.87116625E+002   2.80254412E+003   3.32523008E-001   2.80221160E+003  -1.56428291E+000  -1.86784102E+002  -1.88348385E+002
     270       1     1.19999997E+001   7.10336752E+003  -2.46068249E-002   2.80080808E+003   2.80083269E+003  -1.21167710E+000  -1.88404129E+002  -1.87192452E+002   2.80238118E+003   3.36809468E-001   2.80204437E+003  -1.57309339E+000  -1.86855643E+002  -1.88428736E+002
     271       1     1.19999997E+001   7.10306075E+003  -2.78296317E-002   2.80063645E+003   2.80066428E+003  -1.21407574E+000  -1.88481415E+002  -1.87267339E+002   2.80221865E+003   3.40302760E-001   2.80187835E+003  -1.58220814E+000  -1.86927036E+002  -1.88509244E+002
     272       1     1.19999997E+001   7.10275497E+003  -3.12722368E-002   2.80046535E+003   2.80049663E+003  -1.21610448E+000  -1.88558229E+002  -1.87342124E+002   2.80205657E+003   3.43844905E-001   2.80171273E+003  -1.59122162E+000  -1.86998279E+002  -1.88589501E+002
     273       1     1.19999997E+001   7.10243841E+003  -3.48316971E-002   2.80028823E+003   2.80032306E+003  -1.21864454E+000  -1.88637758E+002  -1.87419114E+002   2.80188836E+003   3.46656471E-001   2.80154170E+003  -1.60013271E+000  -1.87072457E+002  -1.88672590E+002
     274       1     1.19999997E+001   7.10212318E+003  -3.88187798E-002   2.80011181E+003   2.80015063E+003  -1.21885275E+000  -1.88716540E+002  -1.87497687E+002   2.80172236E+003   3.52882203E-001   2.80136948E+003  -1.61055374E+000  -1.87144805E+002  -1.88755359E+002
     275       1     1.19999997E+001   7.10180584E+003  -4.42057965E-002   2.79993358E+003   2.79997778E+003  -1.21892618E+000  -1.88795113E+002  -1.87576187E+002   2.80155456E+003   3.57848700E-001   2.80119671E+003  -1.62098068E+000  -1.87218338E+002  -1.88839319E+002
     276       1     1.19999997E+001   7.10148970E+003  -4.59802538E-002   2.79975753E+003   2.79980351E+003  -1.22271052E+000  -1.88875465E+002  -1.87652754E+002   2.80138631E+003   3.60080888E-001   2.80102622E+003  -1.62877166E+000  -1.87292673E+002  -1.88921445E+002
     277       1     1.19999997E+001   7.10117090E+003  -5.18188968E-002   2.79957793E+003   2.79962975E+003  -1.22353290E+000  -1.88954522E+002  -1.87730989E+002   2.80121776E+003   3.64477277E-001   2.80085328E+003  -1.63982908E+000  -1.87366512E+002  -1.89006341E+002
     278       1     1.19999997E+001   7.10085085E+003  -5.69803023E-002   2.79939798E+003   2.79945496E+003  -1.22346241E+000  -1.89034226E+002  -1.87810763E+002   2.80104974E+003   3.71315186E-001   2.80067842E+003  -1.65175790E+000  -1.87439448E+002  -1.89091206E+002
     279       1     1.19999997E+001   7.10053397E+003  -6.08345447E-002   2.79922072E+003   2.79928156E+003  -1.22482916E+000  -1.89113487E+002  -1.87888658E+002   2.80088174E+003   3.75354822E-001   2.80050638E+003  -1.66101853E+000  -1.87513303E+002  -1.89174321E+002
     280       1     1.19999997E+001   7.10020932E+003  -6.57457195E-002   2.79903892E+003   2.79910467E+003  -1.22401331E+000  -1.89193920E+002  -1.87969907E+002   2.80071048E+003   3.81794953E-001   2.80032868E+003  -1.67155398E+000  -1.87588112E+002  -1.89259666E+002
     281       1     1.19999997E+001   7.09988710E+003  -6.84195848E-002   2.79885941E+003   2.79892783E+003  -1.22640178E+000  -1.89275031E+002  -1.88048629E+002   2.80053893E+003   3.84702013E-001   2.80015423E+003  -1.67952338E+000  -1.87663927E+002  -1.89343451E+002
     282       1     1.19999997E+001   7.09956484E+003  -7.17737296E-002   2.79867962E+003   2.79875140E+003  -1.22759526E+000  -1.89355714E+002  -1.88128118E+002   2.80036791E+003   3.88917442E-001   2.79997899E+003  -1.68828643E+000  -1.87739201E+002  -1.89427487E+002
     283       1     1.19999997E+001   7.09923625E+003  -7.29311067E-002   2.79849718E+003   2.79857011E+003  -1.23109676E+000  -1.89439370E+002  -1.88208273E+002   2.80019315E+003   3.91935928E-001   2.79980121E+003  -1.69596380E+000  -1.87816337E+002  -1.89512301E+002
     284       1     1.19999997E+001   7.09891016E+003  -7.67008002E-002   2.79831522E+003   2.79839192E+003  -1.23145666E+000  -1.89520675E+002  -1.88289218E+002   2.80002030E+003   3.96920881E-001   2.79962338E+003  -1.70507834E+000  -1.87892297E+002  -1.89597376E+002
     285       1     1.19999997E+001   7.09857848E+003  -7.94937226E-002   2.79813076E+003   2.79821025E+003  -1.23338596E+000  -1.89603795E+002  -1.88370409E+002   2.79984314E+003   3.99502559E-001   2.79944364E+003  -1.71238224E+000  -1.87970907E+002  -1.89683289E+002
     286       1     1.19999997E+001   7.09824489E+003  -8.34235025E-002   2.79794410E+003   2.79802753E+003  -1.23521696E+000  -1.89687405E+002  -1.88452188E+002   2.79966622E+003   4.03479469E-001   2.79926274E+003  -1.72211993E+000  -1.88048709E+002  -1.89770829E+002
     287       1     1.19999997E+001   7.09791799E+003  -8.75761801E-002   2.79776089E+003   2.79784847E+003  -1.23676518E+000  -1.89769332E+002  -1.88532567E+002   2.79949337E+003   4.08136052E-001   2.79908523E+003  -1.73247741E+000  -1.88124431E+002  -1.89856908E+002
     288       1     1.19999997E+001   7.09758780E+003  -9.12947930E-002   2.79757636E+003   2.79766765E+003  -1.23850887E+000  -1.89852036E+002  -1.88613527E+002   2.79931797E+003   4.11811633E-001   2.79890616E+003  -1.74161530E+000  -1.88201715E+002  -1.89943330E+002
     289       1     1.19999997E+001   7.09725437E+003  -9.37954736E-002   2.79739043E+003   2.79748423E+003  -1.24114729E+000  -1.89936384E+002  -1.88695237E+002   2.79914122E+003   4.15839840E-001   2.79872538E+003  -1.75078261E+000  -1.88279397E+002  -1.90030179E+002
     290       1     1.19999997E+001   7.09692039E+003  -9.75476605E-002   2.79720375E+003   2.79730129E+003  -1.24291859E+000  -1.90020079E+002  -1.88777161E+002   2.79896390E+003   4.19685097E-001   2.79854421E+003  -1.76015135E+000  -1.88357476E+002  -1.90117627E+002
     291       1     1.19999997E+001   7.09658341E+003  -1.00523594E-001   2.79701612E+003   2.79711664E+003  -1.24517893E+000  -1.90104598E+002  -1.88859419E+002   2.79878392E+003   4.22102039E-001   2.79836182E+003  -1.76780456E+000  -1.88437317E+002  -1.90205121E+002
     292       1     1.19999997E+001   7.09624476E+003  -1.03880199E-001   2.79682731E+003   2.79693119E+003  -1.24663041E+000  -1.90189415E+002  -1.88942785E+002   2.79860387E+003   4.26043304E-001   2.79817782E+003  -1.77655392E+000  -1.88516742E+002  -1.90293296E+002
     293       1     1.19999997E+001   7.09590451E+003  -1.06630641E-001   2.79663775E+003   2.79674438E+003  -1.24861869E+000  -1.90275127E+002  -1.89026508E+002   2.79842329E+003   4.30293311E-001   2.79799300E+003  -1.78554264E+000  -1.88596215E+002  -1.90381757E+002
     294       1     1.19999997E+001   7.09556523E+003  -1.10412621E-001   2.79644815E+003   2.79655856E+003  -1.25061336E+000  -1.90360117E+002  -1.89109504E+002   2.79824281E+003   4.33631096E-001   2.79780918E+003  -1.79465708E+000  -1.88675873E+002  -1.90470530E+002
     295       1     1.19999997E+001   7.09522133E+003  -1.10877292E-001   2.79625782E+003   2.79636869E+003  -1.25470460E+000  -1.90447791E+002  -1.89193086E+002   2.79805900E+003   4.35603379E-001   2.79762340E+003  -1.80118528E+000  -1.88757483E+002  -1.90558668E+002
     296       1     1.19999997E+001   7.09487840E+003  -1.14033632E-001   2.79606645E+003   2.79618049E+003  -1.25713261E+000  -1.90534089E+002  -1.89276956E+002   2.79787667E+003   4.39047033E-001   2.79743762E+003  -1.81021327E+000  -1.88837909E+002  -1.90648123E+002
     297       1     1.19999997E+001   7.09453679E+003  -1.16990109E-001   2.79587593E+003   2.79599292E+003  -1.25969343E+000  -1.90620133E+002  -1.89360439E+002   2.79769492E+003   4.42308904E-001   2.79725262E+003  -1.81899244E+000  -1.88918131E+002  -1.90737123E+002
     298       1     1.19999997E+001   7.09418722E+003  -1.19575353E-001   2.79568122E+003   2.79580080E+003  -1.26308184E+000  -1.90708370E+002  -1.89445288E+002   2.79750831E+003   4.44428781E-001   2.79706388E+003  -1.82708598E+000  -1.89000860E+002  -1.90827946E+002
     299       1     1.19999997E+001   7.09384179E+003  -1.23267446E-001   2.79548825E+003   2.79561152E+003  -1.26508972E+000  -1.90794996E+002  -1.89529906E+002   2.79732467E+003   4.48063654E-001   2.79687661E+003  -1.83642082E+000  -1.89081843E+002  -1.90918264E+002
     300       1     1.19999997E+001   7.09349458E+003  -1.27953273E-001   2.79529371E+003   2.79542167E+003  -1.26674934E+000  -1.90881657E+002  -1.89614908E+002   2.79714018E+003   4.51766036E-001   2.79668842E+003  -1.84646865E+000  -1.89163142E+002  -1.91009611E+002
     301       1     1.19999997E+001   7.09314544E+003  -1.31780283E-001   2.79509840E+003   2.79523018E+003  -1.26924118E+000  -1.90969378E+002  -1.89700137E+002   2.79695468E+003   4.55256405E-001   2.79649942E+003  -1.85627787E+000  -1.89244881E+002  -1.91101158E+002
     302       1     1.19999997E+001   7.09279757E+003  -1.35833980E-001   2.79490387E+003   2.79503971E+003  -1.27116785E+000  -1.91056465E+002  -1.89785297E+002   2.79676970E+003   4.58825835E-001   2.79631087E+003  -1.86582766E+000  -1.89326471E+002  -1.91192299E+002
     303       1     1.19999997E+001   7.09244790E+003  -1.39770520E-001   2.79470840E+003   2.79484817E+003  -1.27319607E+000  -1.91144074E+002  -1.89870878E+002   2.79658374E+003   4.62370538E-001   2.79612137E+003  -1.87533713E+000  -1.89408508E+002  -1.91283845E+002
     304       1     1.19999997E+001   7.09209456E+003  -1.43950118E-001   2.79451078E+003   2.79465473E+003  -1.27534247E+000  -1.91232496E+002  -1.89957153E+002   2.79639560E+003   4.65522669E-001   2.79593008E+003  -1.88481526E+000  -1.89491631E+002  -1.91376446E+002
     305       1     1.19999997E+001   7.09174054E+003  -1.48153601E-001   2.79431305E+003   2.79446121E+003  -1.27711977E+000  -1.91320800E+002  -1.90043680E+002   2.79620662E+003   4.68291472E-001   2.79573833E+003  -1.89356485E+000  -1.89575389E+002  -1.91468954E+002
     306       1     1.19999997E+001   7.09138122E+003  -1.51305087E-001   2.79411288E+003   2.79426419E+003  -1.27906187E+000  -1.91411025E+002  -1.90131963E+002   2.79601535E+003   4.72098894E-001   2.79554325E+003  -1.90246585E+000  -1.89659864E+002  -1.91562330E+002
     307       1     1.19999997E+001   7.09102421E+003  -1.55336069E-001   2.79391337E+003   2.79406871E+003  -1.28112174E+000  -1.91500388E+002  -1.90219266E+002   2.79582522E+003   4.75392607E-001   2.79534983E+003  -1.91185042E+000  -1.89743874E+002  -1.91655724E+002
     308       1     1.19999997E+001   7.09066395E+003  -1.59875644E-001   2.79371202E+003   2.79387190E+003  -1.28225011E+000  -1.91590121E+002  -1.90307871E+002   2.79563345E+003   4.79304213E-001   2.79515415E+003  -1.92142997E+000  -1.89828566E+002  -1.91749996E+002
     309       1     1.19999997E+001   7.09030615E+003  -1.64167251E-001   2.79351195E+003   2.79367611E+003  -1.28420347E+000  -1.91679549E+002  -1.90395346E+002   2.79544284E+003   4.82522567E-001   2.79496032E+003  -1.93089329E+000  -1.89912823E+002  -1.91843716E+002
     310       1     1.19999997E+001   7.08994568E+003  -1.68503741E-001   2.79331042E+003   2.79347893E+003  -1.28597612E+000  -1.91769592E+002  -1.90483616E+002   2.79525087E+003   4.85966993E-001   2.79476490E+003  -1.94044685E+000  -1.89997649E+002  -1.91938096E+002
     311       1     1.19999997E+001   7.08957626E+003  -1.72344695E-001   2.79310426E+003   2.79327660E+003  -1.28817730E+000  -1.91862102E+002  -1.90573925E+002   2.79505381E+003   4.89032442E-001   2.79456478E+003  -1.94955444E+000  -1.90084892E+002  -1.92034447E+002
     312       1     1.19999997E+001   7.08920749E+003  -1.77307375E-001   2.79289775E+003   2.79307505E+003  -1.29087428E+000  -1.91954035E+002  -1.90663160E+002   2.79485649E+003   4.90560648E-001   2.79436593E+003  -1.95874231E+000  -1.90172600E+002  -1.92131342E+002
     313       1     1.19999997E+001   7.08883839E+003  -1.81914165E-001   2.79269162E+003   2.79287353E+003  -1.29303259E+000  -1.92045838E+002  -1.90752806E+002   2.79465854E+003   4.91970885E-001   2.79416657E+003  -1.96691764E+000  -1.90260835E+002  -1.92227752E+002
     314       1     1.19999997E+001   7.08846934E+003  -1.85856306E-001   2.79248579E+003   2.79267164E+003  -1.29430869E+000  -1.92138020E+002  -1.90843711E+002   2.79446197E+003   4.96020730E-001   2.79396595E+003  -1.97618573E+000  -1.90347691E+002  -1.92323876E+002
     315       1     1.19999997E+001   7.08809109E+003  -1.93917914E-001   2.79227217E+003   2.79246608E+003  -1.29562716E+000  -1.92231137E+002  -1.90935510E+002   2.79426043E+003   4.98721290E-001   2.79376171E+003  -1.98826637E+000  -1.90436789E+002  -1.92425055E+002
     316       1     1.19999997E+001   7.08772543E+003  -1.98294911E-001   2.79206791E+003   2.79226621E+003  -1.29706110E+000  -1.92322314E+002  -1.91025253E+002   2.79406550E+003   5.02230688E-001   2.79356327E+003  -1.99758670E+000  -1.90523022E+002  -1.92520609E+002
     317       1     1.19999997E+001   7.08735288E+003  -2.03277365E-001   2.79185942E+003   2.79206270E+003  -1.29687358E+000  -1.92415074E+002  -1.91118200E+002   2.79386865E+003   5.09079793E-001   2.79335957E+003  -2.00923074E+000  -1.90609121E+002  -1.92618351E+002
     318       1     1.19999997E+001   7.08697923E+003  -2.05808498E-001   2.79165166E+003   2.79185747E+003  -1.30073765E+000  -1.92509224E+002  -1.91208486E+002   2.79366804E+003   5.09832775E-001   2.79315820E+003  -2.01637893E+000  -1.90698654E+002  -1.92715032E+002
     319       1     1.19999997E+001   7.08659318E+003  -2.12280905E-001   2.79143519E+003   2.79164748E+003  -1.30090911E+000  -1.92604444E+002  -1.91303535E+002   2.79346227E+003   5.13883115E-001   2.79294838E+003  -2.02707313E+000  -1.90789652E+002  -1.92816725E+002
     320       1     1.19999997E+001   7.08621565E+003  -2.17850218E-001   2.79122260E+003   2.79144045E+003  -1.30352493E+000  -1.92699229E+002  -1.91395704E+002   2.79326282E+003   5.18847109E-001   2.79274398E+003  -2.04022226E+000  -1.90876857E+002  -1.92917079E+002
     321       1     1.19999997E+001   7.08583968E+003  -2.20023156E-001   2.79101351E+003   2.79123353E+003  -1.30688873E+000  -1.92794372E+002  -1.91487483E+002   2.79306231E+003   5.21893097E-001   2.79254042E+003  -2.04880499E+000  -1.90965590E+002  -1.93014395E+002
     322       1     1.19999997E+001   7.08546980E+003  -2.23560634E-001   2.79080668E+003   2.79103024E+003  -1.31017721E+000  -1.92887691E+002  -1.91577514E+002   2.79286561E+003   5.25189029E-001   2.79234042E+003  -2.05892688E+000  -1.91052325E+002  -1.93111252E+002
     323       1     1.19999997E+001   7.08509618E+003  -2.28533281E-001   2.79059803E+003   2.79082656E+003  -1.31115600E+000  -1.92980294E+002  -1.91669138E+002   2.79266568E+003   5.27964732E-001   2.79213772E+003  -2.06765401E+000  -1.91141173E+002  -1.93208827E+002
     324       1     1.19999997E+001   7.08472369E+003  -2.33654036E-001   2.79038997E+003   2.79062363E+003  -1.31136160E+000  -1.93072477E+002  -1.91761116E+002   2.79246686E+003   5.31870140E-001   2.79193499E+003  -2.07688578E+000  -1.91229246E+002  -1.93306131E+002
     325       1     1.19999997E+001   7.08435255E+003  -2.40822698E-001   2.79018068E+003   2.79042150E+003  -1.31210523E+000  -1.93164254E+002  -1.91852149E+002   2.79227005E+003   5.36442029E-001   2.79173361E+003  -2.08936996E+000  -1.91315707E+002  -1.93405077E+002
     326       1     1.19999997E+001   7.08397837E+003  -2.46833393E-001   2.78997043E+003   2.79021726E+003  -1.31381758E+000  -1.93257236E+002  -1.91943418E+002   2.79207081E+003   5.39725527E-001   2.79153108E+003  -2.10037650E+000  -1.91403693E+002  -1.93504069E+002
     327       1     1.19999997E+001   7.08360402E+003  -2.55673324E-001   2.78975935E+003   2.79001502E+003  -1.31195585E+000  -1.93348170E+002  -1.92036214E+002   2.79187160E+003   5.44622575E-001   2.79132698E+003  -2.11225175E+000  -1.91491592E+002  -1.93603843E+002
     328       1     1.19999997E+001   7.08323493E+003  -2.61742770E-001   2.78955224E+003   2.78981398E+003  -1.31211668E+000  -1.93439470E+002  -1.92127353E+002   2.79167548E+003   5.49380176E-001   2.79112610E+003  -2.12323963E+000  -1.91577973E+002  -1.93701213E+002
     329       1     1.19999997E+001   7.08286013E+003  -2.68337512E-001   2.78934150E+003   2.78960984E+003  -1.31232309E+000  -1.93532163E+002  -1.92219840E+002   2.79147662E+003   5.54460965E-001   2.79092216E+003  -2.13512157E+000  -1.91665379E+002  -1.93800500E+002
     330       1     1.19999997E+001   7.08248814E+003  -2.73386760E-001   2.78913319E+003   2.78940658E+003  -1.31447448E+000  -1.93624811E+002  -1.92310337E+002   2.79127777E+003   5.56717993E-001   2.79072105E+003  -2.14457923E+000  -1.91753619E+002  -1.93898198E+002
     331       1     1.19999997E+001   7.08210912E+003  -2.80901633E-001   2.78892045E+003   2.78920135E+003  -1.31129451E+000  -1.93717339E+002  -1.92406044E+002   2.79107728E+003   5.64637180E-001   2.79051264E+003  -2.15683332E+000  -1.91841407E+002  -1.93998240E+002
     332       1     1.19999997E+001   7.08174007E+003  -2.86886340E-001   2.78871329E+003   2.78900017E+003  -1.31237555E+000  -1.93808772E+002  -1.92496397E+002   2.79088056E+003   5.68011978E-001   2.79031255E+003  -2.16727387E+000  -1.91928385E+002  -1.94095659E+002
     333       1     1.19999997E+001   7.08136490E+003  -2.88667128E-001   2.78850467E+003   2.78879334E+003  -1.31695502E+000  -1.93904043E+002  -1.92587088E+002   2.79067975E+003   5.69459576E-001   2.79011029E+003  -2.17508172E+000  -1.92017628E+002  -1.94192710E+002
     334       1     1.19999997E+001   7.08099212E+003  -2.89867594E-001   2.78829726E+003   2.78858713E+003  -1.32197453E+000  -1.93999399E+002  -1.92677425E+002   2.79048125E+003   5.72148009E-001   2.78990910E+003  -2.18399013E+000  -1.92105277E+002  -1.94289267E+002
     335       1     1.19999997E+001   7.08062032E+003  -2.93567029E-001   2.78808936E+003   2.78838292E+003  -1.32524863E+000  -1.94093037E+002  -1.92767789E+002   2.79028309E+003   5.74917686E-001   2.78970817E+003  -2.19373334E+000  -1.92192871E+002  -1.94386604E+002
     336       1     1.19999997E+001   7.08024416E+003  -2.98382127E-001   2.78787901E+003   2.78817739E+003  -1.32678501E+000  -1.94186708E+002  -1.92859923E+002   2.79008226E+003   5.78082511E-001   2.78950417E+003  -2.20324965E+000  -1.92281840E+002  -1.94485090E+002
     337       1     1.19999997E+001   7.07987461E+003  -3.05452904E-001   2.78767058E+003   2.78797604E+003  -1.32734374E+000  -1.94278161E+002  -1.92950817E+002   2.78988652E+003   5.83137670E-001   2.78930338E+003  -2.21593432E+000  -1.92367680E+002  -1.94583614E+002
     338       1     1.19999997E+001   7.07950230E+003  -3.11871391E-001   2.78746115E+003   2.78777302E+003  -1.32850495E+000  -1.94370456E+002  -1.93041951E+002   2.78968848E+003   5.86956276E-001   2.78910152E+003  -2.22733262E+000  -1.92454994E+002  -1.94682327E+002
     339       1     1.19999997E+001   7.07912124E+003  -3.19469780E-001   2.78724664E+003   2.78756611E+003  -1.32638114E+000  -1.94464035E+002  -1.93137653E+002   2.78948747E+003   5.94975957E-001   2.78889249E+003  -2.24082688E+000  -1.92542677E+002  -1.94783504E+002
     340       1     1.19999997E+001   7.07873916E+003  -3.28203676E-001   2.78703016E+003   2.78735836E+003  -1.32702780E+000  -1.94558152E+002  -1.93231124E+002   2.78928511E+003   5.99718831E-001   2.78868539E+003  -2.25495031E+000  -1.92631405E+002  -1.94886355E+002
     341       1     1.19999997E+001   7.07836008E+003  -3.35928714E-001   2.78681651E+003   2.78715244E+003  -1.32665903E+000  -1.94651329E+002  -1.93324670E+002   2.78908379E+003   6.04692888E-001   2.78847910E+003  -2.26728063E+000  -1.92719977E+002  -1.94987257E+002
     342       1     1.19999997E+001   7.07798181E+003  -3.42540754E-001   2.78660414E+003   2.78694668E+003  -1.32639950E+000  -1.94744588E+002  -1.93418189E+002   2.78888255E+003   6.09468655E-001   2.78827308E+003  -2.27840891E+000  -1.92808720E+002  -1.95087129E+002
     343       1     1.19999997E+001   7.07760162E+003  -3.49630227E-001   2.78639006E+003   2.78673969E+003  -1.32697999E+000  -1.94838498E+002  -1.93511518E+002   2.78868039E+003   6.13720455E-001   2.78806667E+003  -2.29033068E+000  -1.92897797E+002  -1.95188128E+002
     344       1     1.19999997E+001   7.07721978E+003  -3.56017782E-001   2.78617537E+003   2.78653139E+003  -1.32754008E+000  -1.94933233E+002  -1.93605693E+002   2.78847790E+003   6.18974510E-001   2.78785893E+003  -2.30253238E+000  -1.92986719E+002  -1.95289251E+002
     345       1     1.19999997E+001   7.07683423E+003  -3.68152273E-001   2.78595568E+003   2.78632384E+003  -1.32192757E+000  -1.95026106E+002  -1.93704179E+002   2.78827694E+003   6.31175746E-001   2.78764576E+003  -2.32125558E+000  -1.93073003E+002  -1.95394259E+002
     346       1     1.19999997E+001   7.07645194E+003  -3.75494892E-001   2.78574039E+003   2.78611589E+003  -1.32227170E+000  -1.95120347E+002  -1.93798075E+002   2.78807354E+003   6.35379146E-001   2.78743816E+003  -2.33314574E+000  -1.93162696E+002  -1.95495842E+002
     347       1     1.19999997E+001   7.07606533E+003  -3.83374028E-001   2.78552245E+003   2.78590582E+003  -1.32219642E+000  -1.95215418E+002  -1.93893222E+002   2.78786800E+003   6.39981327E-001   2.78722802E+003  -2.34555178E+000  -1.93253240E+002  -1.95598792E+002
     348       1     1.19999997E+001   7.07567508E+003  -3.92479452E-001   2.78530166E+003   2.78569413E+003  -1.32218703E+000  -1.95311025E+002  -1.93988838E+002   2.78766053E+003   6.44204275E-001   2.78701632E+003  -2.35887076E+000  -1.93344634E+002  -1.95703505E+002
     349       1     1.19999997E+001   7.07528276E+003  -4.00388395E-001   2.78508073E+003   2.78548112E+003  -1.32121218E+000  -1.95407342E+002  -1.94086130E+002   2.78745227E+003   6.49936542E-001   2.78680233E+003  -2.37153711E+000  -1.93436193E+002  -1.95807731E+002
     350       1     1.19999997E+001   7.07489678E+003  -4.08966927E-001   2.78486263E+003   2.78527159E+003  -1.32054686E+000  -1.95502053E+002  -1.94181506E+002   2.78724772E+003   6.55579273E-001   2.78659214E+003  -2.38509306E+000  -1.93525927E+002  -1.95911020E+002
     351       1     1.19999997E+001   7.07450557E+003  -4.18705933E-001   2.78464157E+003   2.78506028E+003  -1.31823540E+000  -1.95596995E+002  -1.94278759E+002   2.78703991E+003   6.61398296E-001   2.78637851E+003  -2.39833962E+000  -1.93617361E+002  -1.96015701E+002
     352       1     1.19999997E+001   7.07411299E+003  -4.27279739E-001   2.78442006E+003   2.78484734E+003  -1.31782027E+000  -1.95693152E+002  -1.94375331E+002   2.78683092E+003   6.65756200E-001   2.78616516E+003  -2.41085621E+000  -1.93709575E+002  -1.96120431E+002
     353       1     1.19999997E+001   7.07372008E+003  -4.35405530E-001   2.78419856E+003   2.78463396E+003  -1.31775979E+000  -1.95789646E+002  -1.94471886E+002   2.78662170E+003   6.69977054E-001   2.78595172E+003  -2.42314237E+000  -1.93801909E+002  -1.96225051E+002
     354       1     1.19999997E+001   7.07332317E+003  -4.44038071E-001   2.78397432E+003   2.78441836E+003  -1.31811487E+000  -1.95887178E+002  -1.94569063E+002   2.78641051E+003   6.74042482E-001   2.78573647E+003  -2.43619542E+000  -1.93895021E+002  -1.96331216E+002
     355       1     1.19999997E+001   7.07292752E+003  -4.51659564E-001   2.78375154E+003   2.78420320E+003  -1.31835208E+000  -1.95984628E+002  -1.94666276E+002   2.78619980E+003   6.78240973E-001   2.78552156E+003  -2.44825262E+000  -1.93988035E+002  -1.96436288E+002
     356       1     1.19999997E+001   7.07252990E+003  -4.60089195E-001   2.78352738E+003   2.78398747E+003  -1.31777858E+000  -1.96082068E+002  -1.94764289E+002   2.78598812E+003   6.82872063E-001   2.78530525E+003  -2.46073984E+000  -1.94081417E+002  -1.96542157E+002
     357       1     1.19999997E+001   7.07212950E+003  -4.67895286E-001   2.78330179E+003   2.78376968E+003  -1.31895238E+000  -1.96180738E+002  -1.94861786E+002   2.78577417E+003   6.85536495E-001   2.78508864E+003  -2.47238416E+000  -1.94176249E+002  -1.96648633E+002
     358       1     1.19999997E+001   7.07172469E+003  -4.75864138E-001   2.78307414E+003   2.78355000E+003  -1.31923481E+000  -1.96279985E+002  -1.94960751E+002   2.78555732E+003   6.88080577E-001   2.78486924E+003  -2.48317953E+000  -1.94272670E+002  -1.96755850E+002
     359       1     1.19999997E+001   7.07131675E+003  -4.84156789E-001   2.78284461E+003   2.78332877E+003  -1.31836174E+000  -1.96379850E+002  -1.95061488E+002   2.78533973E+003   6.92601217E-001   2.78464713E+003  -2.49511975E+000  -1.94368887E+002  -1.96864007E+002
     360       1     1.19999997E+001   7.07091302E+003  -4.91685074E-001   2.78261747E+003   2.78310915E+003  -1.31906637E+000  -1.96479353E+002  -1.95160287E+002   2.78512416E+003   6.95938855E-001   2.78442822E+003  -2.50669030E+000  -1.94464348E+002  -1.96971038E+002
     361       1     1.19999997E+001   7.07050041E+003  -4.99245988E-001   2.78238496E+003   2.78288421E+003  -1.32080846E+000  -1.96581534E+002  -1.95260726E+002   2.78490412E+003   6.99106455E-001   2.78420502E+003  -2.51916090E+000  -1.94561619E+002  -1.97080780E+002
     362       1     1.19999997E+001   7.07008368E+003  -5.08191197E-001   2.78214977E+003   2.78265796E+003  -1.32070504E+000  -1.96683792E+002  -1.95363087E+002   2.78468222E+003   7.03557165E-001   2.78397867E+003  -2.53245340E+000  -1.94659529E+002  -1.97191983E+002
     363       1     1.19999997E+001   7.06964752E+003  -5.17137433E-001   2.78190571E+003   2.78242285E+003  -1.31744235E+000  -1.96789136E+002  -1.95471693E+002   2.78444767E+003   7.07383197E-001   2.78374029E+003  -2.54196298E+000  -1.94764310E+002  -1.97306273E+002
     364       1     1.19999997E+001   7.06922008E+003  -5.23780171E-001   2.78166590E+003   2.78218968E+003  -1.32027916E+000  -1.96895122E+002  -1.95574842E+002   2.78421788E+003   7.07920409E-001   2.78350996E+003  -2.55197974E+000  -1.94866922E+002  -1.97418902E+002
     365       1     1.19999997E+001   7.06879781E+003  -5.29732347E-001   2.78142872E+003   2.78195845E+003  -1.32290930E+000  -1.97000699E+002  -1.95677790E+002   2.78399304E+003   7.11674465E-001   2.78328136E+003  -2.56431611E+000  -1.94966115E+002  -1.97530431E+002
     366       1     1.19999997E+001   7.06839019E+003  -5.37372104E-001   2.78119937E+003   2.78173674E+003  -1.32343365E+000  -1.97101122E+002  -1.95777689E+002   2.78377542E+003   7.15245690E-001   2.78306018E+003  -2.57605144E+000  -1.95062443E+002  -1.97638494E+002
     367       1     1.19999997E+001   7.06797827E+003  -5.48409921E-001   2.78096558E+003   2.78151399E+003  -1.32139591E+000  -1.97201299E+002  -1.95879904E+002   2.78355745E+003   7.22060825E-001   2.78283539E+003  -2.59186666E+000  -1.95157843E+002  -1.97749709E+002
     368       1     1.19999997E+001   7.06755493E+003  -5.54572541E-001   2.78072883E+003   2.78128340E+003  -1.32060623E+000  -1.97305920E+002  -1.95985314E+002   2.78333197E+003   7.27962229E-001   2.78260401E+003  -2.60314100E+000  -1.95257352E+002  -1.97860493E+002
     369       1     1.19999997E+001   7.06713994E+003  -5.63068472E-001   2.78049478E+003   2.78105785E+003  -1.32142393E+000  -1.97407978E+002  -1.96086554E+002   2.78311026E+003   7.30985666E-001   2.78237927E+003  -2.61547807E+000  -1.95355568E+002  -1.97971046E+002
     370       1     1.19999997E+001   7.06673123E+003  -5.71623494E-001   2.78026414E+003   2.78083576E+003  -1.32279972E+000  -1.97508443E+002  -1.96185643E+002   2.78289139E+003   7.32822678E-001   2.78215856E+003  -2.62724589E+000  -1.95452821E+002  -1.98080067E+002
     371       1     1.19999997E+001   7.06631554E+003  -5.80849647E-001   2.78002962E+003   2.78061047E+003  -1.32222177E+000  -1.97610033E+002  -1.96287811E+002   2.78266948E+003   7.36794381E-001   2.78193269E+003  -2.63986580E+000  -1.95551017E+002  -1.98190883E+002
     372       1     1.19999997E+001   7.06591046E+003  -5.88009663E-001   2.77980232E+003   2.78039033E+003  -1.32137527E+000  -1.97709624E+002  -1.96388248E+002   2.78245348E+003   7.41773678E-001   2.78171170E+003  -2.65115861E+000  -1.95646475E+002  -1.98297633E+002
     373       1     1.19999997E+001   7.06549566E+003  -5.96484420E-001   2.77956820E+003   2.78016469E+003  -1.32102155E+000  -1.97811820E+002  -1.96490799E+002   2.78223355E+003   7.47845593E-001   2.78148571E+003  -2.66535156E+000  -1.95742953E+002  -1.98408305E+002
     374       1     1.19999997E+001   7.06507902E+003  -6.05171877E-001   2.77933481E+003   2.77993998E+003  -1.31868588E+000  -1.97912538E+002  -1.96593852E+002   2.78200901E+003   7.50342860E-001   2.78125866E+003  -2.67420062E+000  -1.95843509E+002  -1.98517710E+002
     375       1     1.19999997E+001   7.06467470E+003  -6.13135172E-001   2.77910771E+003   2.77972085E+003  -1.31655496E+000  -1.98011339E+002  -1.96694784E+002   2.78179367E+003   7.56267650E-001   2.78103740E+003  -2.68595779E+000  -1.95938516E+002  -1.98624474E+002
     376       1     1.19999997E+001   7.06425924E+003  -6.25346031E-001   2.77887243E+003   2.77949778E+003  -1.31231217E+000  -1.98110762E+002  -1.96798450E+002   2.78157216E+003   7.62066633E-001   2.78081009E+003  -2.69972484E+000  -1.96036383E+002  -1.98736108E+002
     377       1     1.19999997E+001   7.06386074E+003  -6.32413760E-001   2.77864880E+003   2.77928121E+003  -1.31280901E+000  -1.98208725E+002  -1.96895916E+002   2.78135828E+003   7.64255483E-001   2.78059402E+003  -2.70947825E+000  -1.96131660E+002  -1.98841139E+002
     378       1     1.19999997E+001   7.06344997E+003  -6.42458451E-001   2.77841688E+003   2.77905934E+003  -1.31114342E+000  -1.98308340E+002  -1.96997197E+002   2.78113864E+003   7.68150291E-001   2.78037048E+003  -2.72175216E+000  -1.96229047E+002  -1.98950799E+002
     379       1     1.19999997E+001   7.06304695E+003  -6.50477977E-001   2.77818996E+003   2.77884044E+003  -1.31034823E+000  -1.98407292E+002  -1.97096944E+002   2.78092411E+003   7.73320434E-001   2.78015079E+003  -2.73414664E+000  -1.96323624E+002  -1.99057770E+002
     380       1     1.19999997E+001   7.06264154E+003  -6.59196036E-001   2.77796117E+003   2.77862036E+003  -1.30972003E+000  -1.98506700E+002  -1.97196980E+002   2.78070838E+003   7.78296547E-001   2.77993008E+003  -2.74721261E+000  -1.96418684E+002  -1.99165897E+002
     381       1     1.19999997E+001   7.06222599E+003  -6.65589985E-001   2.77772832E+003   2.77839391E+003  -1.31027715E+000  -1.98609469E+002  -1.97299192E+002   2.78048612E+003   7.81932840E-001   2.77970418E+003  -2.75779997E+000  -1.96517259E+002  -1.99275059E+002
     382       1     1.19999997E+001   7.06182076E+003  -6.72387169E-001   2.77750056E+003   2.77817295E+003  -1.31227745E+000  -1.98709807E+002  -1.97397530E+002   2.78026884E+003   7.83615433E-001   2.77948523E+003  -2.76828005E+000  -1.96613915E+002  -1.99382195E+002
     383       1     1.19999997E+001   7.06141496E+003  -6.80288998E-001   2.77727179E+003   2.77795208E+003  -1.31357956E+000  -1.98809885E+002  -1.97496305E+002   2.78005184E+003   7.86173244E-001   2.77926566E+003  -2.78004180E+000  -1.96710132E+002  -1.99490174E+002
     384       1     1.19999997E+001   7.06100148E+003  -6.87214891E-001   2.77703920E+003   2.77772641E+003  -1.31625540E+000  -1.98912475E+002  -1.97596220E+002   2.77983010E+003   7.87434222E-001   2.77904267E+003  -2.79090451E+000  -1.96808786E+002  -1.99599690E+002
     385       1     1.19999997E+001   7.06059830E+003  -6.96691977E-001   2.77681122E+003   2.77750792E+003  -1.31650579E+000  -1.99010961E+002  -1.97694455E+002   2.77961432E+003   7.89894228E-001   2.77882442E+003  -2.80309200E+000  -1.96904561E+002  -1.99707653E+002
     386       1     1.19999997E+001   7.06018859E+003  -7.04312752E-001   2.77658134E+003   2.77728566E+003  -1.31461360E+000  -1.99111257E+002  -1.97796643E+002   2.77939580E+003   7.95531444E-001   2.77860027E+003  -2.81445779E+000  -1.97001112E+002  -1.99815569E+002
     387       1     1.19999997E+001   7.05978442E+003  -7.13212326E-001   2.77635374E+003   2.77706695E+003  -1.31440089E+000  -1.99209654E+002  -1.97895253E+002   2.77917835E+003   7.96996935E-001   2.77838135E+003  -2.82461015E+000  -1.97098256E+002  -1.99922866E+002
     388       1     1.19999997E+001   7.05937564E+003  -7.20368866E-001   2.77612460E+003   2.77684497E+003  -1.31344458E+000  -1.99309942E+002  -1.97996497E+002   2.77895959E+003   8.01169092E-001   2.77815842E+003  -2.83498253E+000  -1.97195328E+002  -2.00030311E+002
     389       1     1.19999997E+001   7.05897137E+003  -7.26828603E-001   2.77589838E+003   2.77662521E+003  -1.31274874E+000  -1.99409357E+002  -1.98096608E+002   2.77874308E+003   8.05117454E-001   2.77793796E+003  -2.84469480E+000  -1.97291491E+002  -2.00136186E+002
     390       1     1.19999997E+001   7.05856313E+003  -7.33019681E-001   2.77566952E+003   2.77640254E+003  -1.31437077E+000  -1.99510489E+002  -1.98196118E+002   2.77852398E+003   8.07063147E-001   2.77771691E+003  -2.85445360E+000  -1.97389055E+002  -2.00243509E+002
     391       1     1.19999997E+001   7.05815983E+003  -7.41621594E-001   2.77544200E+003   2.77618362E+003  -1.31448352E+000  -1.99609345E+002  -1.98294861E+002   2.77830834E+003   8.10237071E-001   2.77749811E+003  -2.86634219E+000  -1.97484624E+002  -2.00350966E+002
     392       1     1.19999997E+001   7.05775370E+003  -7.48824861E-001   2.77521391E+003   2.77596274E+003  -1.31442957E+000  -1.99709321E+002  -1.98394892E+002   2.77809118E+003   8.14012244E-001   2.77727717E+003  -2.87726668E+000  -1.97580879E+002  -2.00458146E+002
     393       1     1.19999997E+001   7.05734084E+003  -7.60124620E-001   2.77498034E+003   2.77574046E+003  -1.31037775E+000  -1.99808684E+002  -1.98498306E+002   2.77787157E+003   8.20727053E-001   2.77705084E+003  -2.89122943E+000  -1.97677579E+002  -2.00568809E+002
     394       1     1.19999997E+001   7.05692947E+003  -7.71877411E-001   2.77474670E+003   2.77551858E+003  -1.30765153E+000  -1.99908094E+002  -1.98600442E+002   2.77765312E+003   8.26889734E-001   2.77682623E+003  -2.90641867E+000  -1.97773552E+002  -2.00679971E+002
     395       1     1.19999997E+001   7.05652921E+003  -7.80107310E-001   2.77452122E+003   2.77530133E+003  -1.30700247E+000  -2.00006174E+002  -1.98699172E+002   2.77743943E+003   8.31100006E-001   2.77660833E+003  -2.91820979E+000  -1.97868072E+002  -2.00786281E+002
     396       1     1.19999997E+001   7.05612834E+003  -7.90685636E-001   2.77429416E+003   2.77508485E+003  -1.30504322E+000  -2.00103302E+002  -1.98798258E+002   2.77722575E+003   8.35857250E-001   2.77638989E+003  -2.93158611E+000  -1.97962401E+002  -2.00893987E+002
     397       1     1.19999997E+001   7.05572448E+003  -7.98342237E-001   2.77406703E+003   2.77486538E+003  -1.30452417E+000  -2.00202527E+002  -1.98898003E+002   2.77701013E+003   8.40231851E-001   2.77616990E+003  -2.94309826E+000  -1.98057771E+002  -2.01000870E+002
     398       1     1.19999997E+001   7.05530994E+003  -8.08291201E-001   2.77383283E+003   2.77464113E+003  -1.30216381E+000  -2.00303350E+002  -1.99001186E+002   2.77678963E+003   8.46340633E-001   2.77594329E+003  -2.95679564E+000  -1.98154845E+002  -2.01111641E+002
     399       1     1.19999997E+001   7.05489196E+003  -8.20361708E-001   2.77359520E+003   2.77441556E+003  -1.30026589E+000  -2.00404458E+002  -1.99104192E+002   2.77656718E+003   8.51354784E-001   2.77571583E+003  -2.97198238E+000  -1.98252837E+002  -2.01224820E+002
     400       1     1.19999997E+001   7.05448733E+003  -8.26083357E-001   2.77336877E+003   2.77419485E+003  -1.30075921E+000  -2.00504683E+002  -1.99203923E+002   2.77635058E+003   8.54965910E-001   2.77549561E+003  -2.98180848E+000  -1.98348957E+002  -2.01330766E+002
     401       1     1.19999997E+001   7.05407873E+003  -8.37010885E-001   2.77313726E+003   2.77397427E+003  -1.29890889E+000  -2.00603598E+002  -1.99304690E+002   2.77613247E+003   8.59284162E-001   2.77527318E+003  -2.99520394E+000  -1.98445405E+002  -2.01440609E+002
     402       1     1.19999997E+001   7.05366902E+003  -8.44594400E-001   2.77290698E+003   2.77375157E+003  -1.29798524E+000  -2.00704300E+002  -1.99406315E+002   2.77591399E+003   8.64431813E-001   2.77504956E+003  -3.00701146E+000  -1.98541883E+002  -2.01548894E+002
     403       1     1.19999997E+001   7.05325661E+003  -8.50498411E-001   2.77267588E+003   2.77352638E+003  -1.29936925E+000  -2.00806685E+002  -1.99507315E+002   2.77569309E+003   8.67337896E-001   2.77482575E+003  -3.01720556E+000  -1.98639978E+002  -2.01657183E+002
     404       1     1.19999997E+001   7.05284343E+003  -8.58696304E-001   2.77244338E+003   2.77330207E+003  -1.29841503E+000  -2.00907956E+002  -1.99609541E+002   2.77547248E+003   8.71989453E-001   2.77460049E+003  -3.02910079E+000  -1.98737551E+002  -2.01766652E+002
     405       1     1.19999997E+001   7.05243266E+003  -8.67876160E-001   2.77221178E+003   2.77307965E+003  -1.29733717E+000  -2.01008052E+002  -1.99710715E+002   2.77525254E+003   8.75546083E-001   2.77437699E+003  -3.04075942E+000  -1.98835169E+002  -2.01875929E+002
     406       1     1.19999997E+001   7.05201467E+003  -8.74623300E-001   2.77197746E+003   2.77285208E+003  -1.29761380E+000  -2.01111147E+002  -1.99813533E+002   2.77502847E+003   8.78771388E-001   2.77414970E+003  -3.05100849E+000  -1.98934761E+002  -2.01985770E+002
     407       1     1.19999997E+001   7.05160977E+003  -8.83203576E-001   2.77174908E+003   2.77263228E+003  -1.29721116E+000  -2.01210369E+002  -1.99913158E+002   2.77481220E+003   8.82704250E-001   2.77392949E+003  -3.06311898E+000  -1.99030454E+002  -2.02093573E+002
     408       1     1.19999997E+001   7.05120718E+003  -8.92146637E-001   2.77152203E+003   2.77241418E+003  -1.29677396E+000  -2.01308578E+002  -2.00011804E+002   2.77459625E+003   8.85300536E-001   2.77371095E+003  -3.07422113E+000  -1.99126504E+002  -2.02200725E+002
     409       1     1.19999997E+001   7.05080231E+003  -9.01271313E-001   2.77129320E+003   2.77219448E+003  -1.29637906E+000  -2.01407704E+002  -2.00111325E+002   2.77438024E+003   8.89384445E-001   2.77349085E+003  -3.08703482E+000  -1.99221940E+002  -2.02308975E+002
     410       1     1.19999997E+001   7.05040069E+003  -9.10695134E-001   2.77106608E+003   2.77197677E+003  -1.29479526E+000  -2.01505797E+002  -2.00211001E+002   2.77416680E+003   8.95231028E-001   2.77327157E+003  -3.10072143E+000  -1.99315770E+002  -2.02416492E+002
     411       1     1.19999997E+001   7.04999090E+003  -9.23564194E-001   2.77083246E+003   2.77175602E+003  -1.29139520E+000  -2.01604501E+002  -2.00313106E+002   2.77394989E+003   9.02473803E-001   2.77304742E+003  -3.11743320E+000  -1.99410632E+002  -2.02528065E+002
     412       1     1.19999997E+001   7.04957875E+003  -9.34154860E-001   2.77059926E+003   2.77153341E+003  -1.28818327E+000  -2.01704357E+002  -2.00416174E+002   2.77373091E+003   9.09313650E-001   2.77282160E+003  -3.13165179E+000  -1.99506861E+002  -2.02638512E+002
     413       1     1.19999997E+001   7.04916301E+003  -9.44405803E-001   2.77036398E+003   2.77130838E+003  -1.28706670E+000  -2.01805563E+002  -2.00518496E+002   2.77350890E+003   9.13451373E-001   2.77259545E+003  -3.14492388E+000  -1.99605045E+002  -2.02749969E+002
     414       1     1.19999997E+001   7.04874785E+003  -9.54584987E-001   2.77012923E+003   2.77108382E+003  -1.28428410E+000  -2.01906474E+002  -2.00622190E+002   2.77328834E+003   9.20234754E-001   2.77236810E+003  -3.15910384E+000  -1.99701955E+002  -2.02861059E+002
     415       1     1.19999997E+001   7.04833932E+003  -9.65155609E-001   2.76989762E+003   2.77086278E+003  -1.28227964E+000  -2.02005834E+002  -2.00723554E+002   2.77307130E+003   9.26242101E-001   2.77214506E+003  -3.17367735E+000  -1.99797312E+002  -2.02970989E+002
     416       1     1.19999997E+001   7.04793219E+003  -9.74099118E-001   2.76966780E+003   2.77064189E+003  -1.28089006E+000  -2.02105451E+002  -2.00824561E+002   2.77285458E+003   9.31797554E-001   2.77192278E+003  -3.18678673E+000  -1.99892764E+002  -2.03079551E+002
     417       1     1.19999997E+001   7.04752237E+003  -9.82825770E-001   2.76943665E+003   2.77041948E+003  -1.27954659E+000  -2.02205798E+002  -2.00926251E+002   2.77263631E+003   9.37283220E-001   2.77169903E+003  -3.19965558E+000  -1.99988968E+002  -2.03188623E+002
     418       1     1.19999997E+001   7.04710271E+003  -9.92382909E-001   2.76919995E+003   2.77019233E+003  -1.27629720E+000  -2.02307939E+002  -2.01031641E+002   2.77241343E+003   9.44796220E-001   2.77146863E+003  -3.21347633E+000  -2.00086845E+002  -2.03300321E+002
     419       1     1.19999997E+001   7.04669056E+003  -1.00239184E+000   2.76896730E+003   2.76996969E+003  -1.27326603E+000  -2.02407813E+002  -2.01134547E+002   2.77219367E+003   9.50717178E-001   2.77124295E+003  -3.22637504E+000  -2.00183830E+002  -2.03410205E+002
     420       1     1.19999997E+001   7.04627160E+003  -1.01358639E+000   2.76872970E+003   2.76974328E+003  -1.27084159E+000  -2.02509419E+002  -2.01238578E+002   2.77197089E+003   9.56759820E-001   2.77101413E+003  -3.24118780E+000  -2.00281818E+002  -2.03523006E+002
     421       1     1.19999997E+001   7.04585151E+003  -1.02402877E+000   2.76849178E+003   2.76951581E+003  -1.26954177E+000  -2.02611757E+002  -2.01342215E+002   2.77174694E+003   9.61588010E-001   2.77078535E+003  -3.25515855E+000  -2.00380627E+002  -2.03635785E+002
     422       1     1.19999997E+001   7.04543979E+003  -1.03436660E+000   2.76825886E+003   2.76929323E+003  -1.26702581E+000  -2.02711684E+002  -2.01444658E+002   2.77152767E+003   9.67417287E-001   2.77056026E+003  -3.26880970E+000  -2.00477241E+002  -2.03746051E+002
     423       1     1.19999997E+001   7.04502590E+003  -1.04469205E+000   2.76802502E+003   2.76906972E+003  -1.26413184E+000  -2.02811900E+002  -2.01547768E+002   2.77130683E+003   9.72980387E-001   2.77033385E+003  -3.28180428E+000  -2.00574788E+002  -2.03856592E+002
     424       1     1.19999997E+001   7.04460292E+003  -1.05843004E+000   2.76778418E+003   2.76884261E+003  -1.25923130E+000  -2.02912993E+002  -2.01653762E+002   2.77108228E+003   9.80429237E-001   2.77010185E+003  -3.29809058E+000  -2.00673333E+002  -2.03971423E+002
     425       1     1.19999997E+001   7.04418496E+003  -1.06998955E+000   2.76754705E+003   2.76861704E+003  -1.25659814E+000  -2.03014059E+002  -2.01757461E+002   2.77085968E+003   9.86045685E-001   2.76987363E+003  -3.31263337E+000  -2.00771415E+002  -2.04084048E+002
     426       1     1.19999997E+001   7.04376281E+003  -1.08314806E+000   2.76730692E+003   2.76839007E+003  -1.25282689E+000  -2.03115256E+002  -2.01862429E+002   2.77063478E+003   9.91879468E-001   2.76964290E+003  -3.32785442E+000  -2.00870550E+002  -2.04198404E+002
     427       1     1.19999997E+001   7.04333671E+003  -1.09528374E+000   2.76706571E+003   2.76816099E+003  -1.24856309E+000  -2.03217393E+002  -2.01968830E+002   2.77040705E+003   9.97500443E-001   2.76940955E+003  -3.34134727E+000  -2.00971330E+002  -2.04312677E+002
     428       1     1.19999997E+001   7.04292255E+003  -1.10333109E+000   2.76683273E+003   2.76793606E+003  -1.24924033E+000  -2.03318934E+002  -2.02069694E+002   2.77018393E+003   9.98635731E-001   2.76918530E+003  -3.35120716E+000  -2.01071058E+002  -2.04422265E+002
     429       1     1.19999997E+001   7.04249531E+003  -1.11237352E+000   2.76659263E+003   2.76770500E+003  -1.24459744E+000  -2.03422706E+002  -2.02178108E+002   2.76995692E+003   1.00732467E+000   2.76894960E+003  -3.36429563E+000  -2.01170784E+002  -2.04535079E+002
     430       1     1.19999997E+001   7.04207343E+003  -1.11931319E+000   2.76635555E+003   2.76747486E+003  -1.24508020E+000  -2.03527149E+002  -2.02282069E+002   2.76973160E+003   1.01165594E+000   2.76871994E+003  -3.37604932E+000  -2.01270413E+002  -2.04646462E+002
     431       1     1.19999997E+001   7.04164761E+003  -1.13264564E+000   2.76611327E+003   2.76724592E+003  -1.24069052E+000  -2.03629217E+002  -2.02388526E+002   2.76950530E+003   1.01868716E+000   2.76848661E+003  -3.39202332E+000  -2.01369839E+002  -2.04761862E+002
     432       1     1.19999997E+001   7.04123075E+003  -1.14104485E+000   2.76587855E+003   2.76701960E+003  -1.23968565E+000  -2.03731331E+002  -2.02491646E+002   2.76928240E+003   1.02311362E+000   2.76825928E+003  -3.40384413E+000  -2.01468532E+002  -2.04872376E+002
     433       1     1.19999997E+001   7.04080692E+003  -1.15317158E+000   2.76563826E+003   2.76679143E+003  -1.23534333E+000  -2.03833212E+002  -2.02597869E+002   2.76905685E+003   1.03007330E+000   2.76802678E+003  -3.41858820E+000  -2.01567796E+002  -2.04986384E+002
     434       1     1.19999997E+001   7.04037796E+003  -1.15991143E+000   2.76539718E+003   2.76655709E+003  -1.23610797E+000  -2.03939734E+002  -2.02703626E+002   2.76882808E+003   1.03487625E+000   2.76779320E+003  -3.43089564E+000  -2.01668750E+002  -2.05099645E+002
     435       1     1.19999997E+001   7.03994981E+003  -1.17095017E+000   2.76515514E+003   2.76632609E+003  -1.23340493E+000  -2.04043158E+002  -2.02809753E+002   2.76859881E+003   1.03931552E+000   2.76755950E+003  -3.44367063E+000  -2.01770437E+002  -2.05214108E+002
     436       1     1.19999997E+001   7.03953187E+003  -1.18264272E+000   2.76491804E+003   2.76610068E+003  -1.23053542E+000  -2.04144033E+002  -2.02913497E+002   2.76837591E+003   1.04469480E+000   2.76733121E+003  -3.45787295E+000  -2.01868803E+002  -2.05326676E+002
     437       1     1.19999997E+001   7.03910627E+003  -1.19063208E+000   2.76467882E+003   2.76586945E+003  -1.23016578E+000  -2.04248440E+002  -2.03018275E+002   2.76814750E+003   1.04788689E+000   2.76709962E+003  -3.46868475E+000  -2.01970388E+002  -2.05439072E+002
     438       1     1.19999997E+001   7.03868649E+003  -1.20307229E+000   2.76444065E+003   2.76564372E+003  -1.22562638E+000  -2.04349074E+002  -2.03123447E+002   2.76792389E+003   1.05453671E+000   2.76686935E+003  -3.48323538E+000  -2.02068911E+002  -2.05552146E+002
     439       1     1.19999997E+001   7.03826334E+003  -1.21779828E+000   2.76419911E+003   2.76541690E+003  -1.22142911E+000  -2.04449795E+002  -2.03228366E+002   2.76769811E+003   1.05977892E+000   2.76663833E+003  -3.49900631E+000  -2.02168587E+002  -2.05667593E+002
     440       1     1.19999997E+001   7.03783827E+003  -1.23018657E+000   2.76395740E+003   2.76518759E+003  -1.21882301E+000  -2.04552438E+002  -2.03333615E+002   2.76747168E+003   1.06527400E+000   2.76640641E+003  -3.51428359E+000  -2.02268341E+002  -2.05782625E+002
     441       1     1.19999997E+001   7.03742448E+003  -1.24209629E+000   2.76372252E+003   2.76496462E+003  -1.21583785E+000  -2.04652091E+002  -2.03436253E+002   2.76725075E+003   1.07028979E+000   2.76618046E+003  -3.52822393E+000  -2.02365963E+002  -2.05894187E+002
     442       1     1.19999997E+001   7.03700493E+003  -1.25383901E+000   2.76348503E+003   2.76473886E+003  -1.21149478E+000  -2.04752812E+002  -2.03541317E+002   2.76702676E+003   1.07640188E+000   2.76595036E+003  -3.54173567E+000  -2.02464916E+002  -2.06006651E+002
     443       1     1.19999997E+001   7.03658423E+003  -1.26686576E+000   2.76324574E+003   2.76451260E+003  -1.20755207E+000  -2.04853695E+002  -2.03646143E+002   2.76680264E+003   1.08248236E+000   2.76572016E+003  -3.55690019E+000  -2.02563661E+002  -2.06120561E+002
     444       1     1.19999997E+001   7.03616724E+003  -1.27881108E+000   2.76300920E+003   2.76428801E+003  -1.20410780E+000  -2.04954014E+002  -2.03749906E+002   2.76658004E+003   1.08791708E+000   2.76549212E+003  -3.57083597E+000  -2.02661989E+002  -2.06232825E+002
     445       1     1.19999997E+001   7.03574823E+003  -1.29107810E+000   2.76277133E+003   2.76406241E+003  -1.20114534E+000  -2.05054731E+002  -2.03853585E+002   2.76635584E+003   1.09227894E+000   2.76526356E+003  -3.58450238E+000  -2.02761306E+002  -2.06345809E+002
     446       1     1.19999997E+001   7.03532607E+003  -1.30398072E+000   2.76253121E+003   2.76383519E+003  -1.19595272E+000  -2.05156128E+002  -2.03960176E+002   2.76613246E+003   1.10131710E+000   2.76503114E+003  -3.60125055E+000  -2.02858859E+002  -2.06460109E+002
     447       1     1.19999997E+001   7.03490394E+003  -1.31677120E+000   2.76229147E+003   2.76360824E+003  -1.19088352E+000  -2.05257264E+002  -2.04066381E+002   2.76590810E+003   1.10897713E+000   2.76479912E+003  -3.61663184E+000  -2.02957403E+002  -2.06574035E+002
     448       1     1.19999997E+001   7.03447723E+003  -1.33016959E+000   2.76204854E+003   2.76337871E+003  -1.18756323E+000  -2.05359610E+002  -2.04172046E+002   2.76568028E+003   1.11400885E+000   2.76456627E+003  -3.63174167E+000  -2.03058038E+002  -2.06689779E+002
     449       1     1.19999997E+001   7.03405545E+003  -1.34227555E+000   2.76180935E+003   2.76315163E+003  -1.18369490E+000  -2.05460977E+002  -2.04277283E+002   2.76545516E+003   1.11983690E+000   2.76433532E+003  -3.64580735E+000  -2.03157446E+002  -2.06803253E+002
     450       1     1.19999997E+001   7.03363178E+003  -1.35361066E+000   2.76156911E+003   2.76292272E+003  -1.18093419E+000  -2.05563596E+002  -2.04382662E+002   2.76522945E+003   1.12579375E+000   2.76410366E+003  -3.66033860E+000  -2.03256868E+002  -2.06917206E+002
     451       1     1.19999997E+001   7.03320048E+003  -1.36781481E+000   2.76132376E+003   2.76269158E+003  -1.17556268E+000  -2.05666183E+002  -2.04490621E+002   2.76499926E+003   1.13212091E+000   2.76386714E+003  -3.67549840E+000  -2.03358500E+002  -2.07033998E+002
     452       1     1.19999997E+001   7.03278003E+003  -1.37949209E+000   2.76108540E+003   2.76246489E+003  -1.17191111E+000  -2.05767545E+002  -2.04595633E+002   2.76477515E+003   1.13835445E+000   2.76363680E+003  -3.68975765E+000  -2.03457279E+002  -2.07147037E+002
     453       1     1.19999997E+001   7.03235613E+003  -1.39125750E+000   2.76084513E+003   2.76223638E+003  -1.16849377E+000  -2.05869690E+002  -2.04701197E+002   2.76454879E+003   1.14391067E+000   2.76340488E+003  -3.70366194E+000  -2.03557286E+002  -2.07260948E+002
     454       1     1.19999997E+001   7.03192611E+003  -1.40114193E+000   2.76060287E+003   2.76200401E+003  -1.16566516E+000  -2.05973876E+002  -2.04808211E+002   2.76431815E+003   1.14847582E+000   2.76316968E+003  -3.71528292E+000  -2.03659735E+002  -2.07375018E+002
     455       1     1.19999997E+001   7.03149855E+003  -1.41311089E+000   2.76036058E+003   2.76177369E+003  -1.16269374E+000  -2.06076741E+002  -2.04914047E+002   2.76408894E+003   1.15255723E+000   2.76293639E+003  -3.72836185E+000  -2.03761490E+002  -2.07489852E+002
     456       1     1.19999997E+001   7.03106587E+003  -1.42640962E+000   2.76011441E+003   2.76154082E+003  -1.15824929E+000  -2.06180625E+002  -2.05022376E+002   2.76385896E+003   1.15988789E+000   2.76269907E+003  -3.74454680E+000  -2.03862488E+002  -2.07607035E+002
     457       1     1.19999997E+001   7.03063648E+003  -1.43760495E+000   2.75987143E+003   2.76130903E+003  -1.15449574E+000  -2.06284407E+002  -2.05129911E+002   2.76363011E+003   1.16658535E+000   2.76246353E+003  -3.75868604E+000  -2.03963326E+002  -2.07722012E+002
     458       1     1.19999997E+001   7.03021047E+003  -1.45132321E+000   2.75962913E+003   2.76108045E+003  -1.14914406E+000  -2.06385987E+002  -2.05236843E+002   2.76340315E+003   1.17355475E+000   2.76222960E+003  -3.77402203E+000  -2.04063288E+002  -2.07837310E+002
     459       1     1.19999997E+001   7.02977457E+003  -1.46368468E+000   2.75938211E+003   2.76084579E+003  -1.14554397E+000  -2.06490692E+002  -2.05345148E+002   2.76316966E+003   1.17831854E+000   2.76199134E+003  -3.78754719E+000  -2.04166830E+002  -2.07954377E+002
     460       1     1.19999997E+001   7.02935024E+003  -1.47523681E+000   2.75914168E+003   2.76061692E+003  -1.14215928E+000  -2.06593065E+002  -2.05450905E+002   2.76294309E+003   1.18401332E+000   2.76175908E+003  -3.80140940E+000  -2.04266892E+002  -2.08068301E+002
     461       1     1.19999997E+001   7.02891106E+003  -1.48687085E+000   2.75889253E+003   2.76037940E+003  -1.13968229E+000  -2.06699642E+002  -2.05559959E+002   2.76270908E+003   1.18999913E+000   2.76151908E+003  -3.81655227E+000  -2.04369960E+002  -2.08186512E+002
     462       1     1.19999997E+001   7.02847779E+003  -1.49910636E+000   2.75864657E+003   2.76014567E+003  -1.13630856E+000  -2.06804191E+002  -2.05667882E+002   2.76247812E+003   1.19613951E+000   2.76128198E+003  -3.83155443E+000  -2.04471743E+002  -2.08303297E+002
     463       1     1.19999997E+001   7.02804209E+003  -1.50804918E+000   2.75840080E+003   2.75990885E+003  -1.13599578E+000  -2.06911114E+002  -2.05775118E+002   2.76224479E+003   1.19994447E+000   2.76104484E+003  -3.84398943E+000  -2.04575174E+002  -2.08419163E+002
     464       1     1.19999997E+001   7.02761412E+003  -1.51765049E+000   2.75815923E+003   2.75967688E+003  -1.13421004E+000  -2.07015478E+002  -2.05881268E+002   2.76201588E+003   1.20479339E+000   2.76081109E+003  -3.85665392E+000  -2.04676475E+002  -2.08533129E+002
     465       1     1.19999997E+001   7.02717949E+003  -1.52821640E+000   2.75791355E+003   2.75944177E+003  -1.13073710E+000  -2.07120998E+002  -2.05990261E+002   2.76178448E+003   1.21197485E+000   2.76057251E+003  -3.87092835E+000  -2.04778286E+002  -2.08649214E+002
     466       1     1.19999997E+001   7.02674530E+003  -1.53928220E+000   2.75766787E+003   2.75920715E+003  -1.12776986E+000  -2.07226152E+002  -2.06098382E+002   2.76155253E+003   1.21760795E+000   2.76033492E+003  -3.88466002E+000  -2.04880774E+002  -2.08765434E+002
     467       1     1.19999997E+001   7.02630998E+003  -1.55355669E+000   2.75741967E+003   2.75897323E+003  -1.12071165E+000  -2.07330271E+002  -2.06209559E+002   2.76132329E+003   1.22934941E+000   2.76009394E+003  -3.90361774E+000  -2.04980210E+002  -2.08883827E+002
     468       1     1.19999997E+001   7.02586849E+003  -1.56102770E+000   2.75717140E+003   2.75873243E+003  -1.11993087E+000  -2.07439428E+002  -2.06319497E+002   2.76108810E+003   1.23574446E+000   2.75985236E+003  -3.91670303E+000  -2.05083752E+002  -2.09000455E+002
     469       1     1.19999997E+001   7.02542794E+003  -1.57190905E+000   2.75692205E+003   2.75849396E+003  -1.11759209E+000  -2.07546525E+002  -2.06428932E+002   2.76085290E+003   1.24134612E+000   2.75961155E+003  -3.93084726E+000  -2.05187586E+002  -2.09118434E+002
     470       1     1.19999997E+001   7.02498904E+003  -1.58110739E+000   2.75667477E+003   2.75825587E+003  -1.11574623E+000  -2.07653735E+002  -2.06537989E+002   2.76061799E+003   1.24637059E+000   2.75937162E+003  -3.94322421E+000  -2.05291618E+002  -2.09234843E+002
     471       1     1.19999997E+001   7.02454816E+003  -1.59470760E+000   2.75642416E+003   2.75801887E+003  -1.11155030E+000  -2.07759268E+002  -2.06647718E+002   2.76038222E+003   1.25180172E+000   2.75913042E+003  -3.95805963E+000  -2.05395916E+002  -2.09353976E+002
     472       1     1.19999997E+001   7.02409965E+003  -1.61340578E+000   2.75616646E+003   2.75777987E+003  -1.10386182E+000  -2.07864514E+002  -2.06760652E+002   2.76014428E+003   1.26055003E+000   2.75888373E+003  -3.97781763E+000  -2.05500102E+002  -2.09477920E+002
     473       1     1.19999997E+001   7.02366781E+003  -1.62527913E+000   2.75592183E+003   2.75754711E+003  -1.09976293E+000  -2.07968495E+002  -2.06868732E+002   2.75991370E+003   1.26683139E+000   2.75864687E+003  -3.99187345E+000  -2.05601900E+002  -2.09593774E+002
     474       1     1.19999997E+001   7.02322745E+003  -1.63645272E+000   2.75567297E+003   2.75730942E+003  -1.09508785E+000  -2.08074860E+002  -2.06979772E+002   2.75967913E+003   1.27462042E+000   2.75840451E+003  -4.00616099E+000  -2.05705151E+002  -2.09711312E+002
     475       1     1.19999997E+001   7.02279086E+003  -1.64983611E+000   2.75542494E+003   2.75707478E+003  -1.09027659E+000  -2.08179297E+002  -2.07089021E+002   2.75944597E+003   1.28091379E+000   2.75816505E+003  -4.02102649E+000  -2.05808107E+002  -2.09829133E+002
     476       1     1.19999997E+001   7.02234381E+003  -1.66166886E+000   2.75517131E+003   2.75683298E+003  -1.08780679E+000  -2.08287767E+002  -2.07199961E+002   2.75920747E+003   1.28668654E+000   2.75792079E+003  -4.03616219E+000  -2.05913274E+002  -2.09949436E+002
     477       1     1.19999997E+001   7.02190132E+003  -1.67336013E+000   2.75492137E+003   2.75659473E+003  -1.08193975E+000  -2.08394052E+002  -2.07312112E+002   2.75897156E+003   1.29489891E+000   2.75767667E+003  -4.05019879E+000  -2.06017213E+002  -2.10067412E+002
     478       1     1.19999997E+001   7.02145287E+003  -1.68345305E+000   2.75466878E+003   2.75635223E+003  -1.07645739E+000  -2.08502793E+002  -2.07426335E+002   2.75873332E+003   1.30462744E+000   2.75742869E+003  -4.06453788E+000  -2.06121708E+002  -2.10186246E+002
     479       1     1.19999997E+001   7.02101110E+003  -1.69422500E+000   2.75441912E+003   2.75611334E+003  -1.07277505E+000  -2.08609929E+002  -2.07537154E+002   2.75849778E+003   1.31166580E+000   2.75718612E+003  -4.07866585E+000  -2.06225488E+002  -2.10304154E+002
     480       1     1.19999997E+001   7.02057500E+003  -1.70786030E+000   2.75417121E+003   2.75587907E+003  -1.06780653E+000  -2.08714123E+002  -2.07646316E+002   2.75826487E+003   1.31798817E+000   2.75694688E+003  -4.09365501E+000  -2.06328328E+002  -2.10421983E+002
     481       1     1.19999997E+001   7.02012875E+003  -1.72007826E+000   2.75391846E+003   2.75563854E+003  -1.06313878E+000  -2.08821552E+002  -2.07758414E+002   2.75802680E+003   1.32512598E+000   2.75670168E+003  -4.10834302E+000  -2.06433288E+002  -2.10541631E+002
     482       1     1.19999997E+001   7.01968615E+003  -1.73448578E+000   2.75366667E+003   2.75540116E+003  -1.05614742E+000  -2.08926915E+002  -2.07870767E+002   2.75779177E+003   1.33446027E+000   2.75645731E+003  -4.12509347E+000  -2.06536307E+002  -2.10661401E+002
     483       1     1.19999997E+001   7.01925191E+003  -1.74538015E+000   2.75342115E+003   2.75516653E+003  -1.05290422E+000  -2.09032017E+002  -2.07979112E+002   2.75755948E+003   1.34004604E+000   2.75621944E+003  -4.13833040E+000  -2.06639066E+002  -2.10777397E+002
     484       1     1.19999997E+001   7.01881415E+003  -1.75918177E+000   2.75317217E+003   2.75493135E+003  -1.04781401E+000  -2.09136616E+002  -2.08088802E+002   2.75732588E+003   1.34670942E+000   2.75597917E+003  -4.15370520E+000  -2.06742092E+002  -2.10895798E+002
     485       1     1.19999997E+001   7.01836803E+003  -1.77421107E+000   2.75291808E+003   2.75469229E+003  -1.04303709E+000  -2.09242598E+002  -2.08199561E+002   2.75708651E+003   1.35117845E+000   2.75573533E+003  -4.16842661E+000  -2.06848383E+002  -2.11016809E+002
     486       1     1.19999997E+001   7.01793245E+003  -1.78813995E+000   2.75267036E+003   2.75445850E+003  -1.03837044E+000  -2.09346458E+002  -2.08308087E+002   2.75685319E+003   1.35632210E+000   2.75549687E+003  -4.18283248E+000  -2.06951765E+002  -2.11134598E+002
     487       1     1.19999997E+001   7.01748939E+003  -1.79934085E+000   2.75241952E+003   2.75421886E+003  -1.03707072E+000  -2.09453928E+002  -2.08416857E+002   2.75661492E+003   1.35898496E+000   2.75525593E+003  -4.19539653E+000  -2.07057872E+002  -2.11253268E+002
     488       1     1.19999997E+001   7.01704884E+003  -1.81315174E+000   2.75216927E+003   2.75398242E+003  -1.03188956E+000  -2.09558948E+002  -2.08527058E+002   2.75637903E+003   1.36471754E+000   2.75501431E+003  -4.20975884E+000  -2.07162341E+002  -2.11372100E+002
     489       1     1.19999997E+001   7.01660726E+003  -1.82748154E+000   2.75191811E+003   2.75374559E+003  -1.02614109E+000  -2.09664041E+002  -2.08637900E+002   2.75614309E+003   1.37135541E+000   2.75477173E+003  -4.22497804E+000  -2.07266545E+002  -2.11491523E+002
     490       1     1.19999997E+001   7.01615633E+003  -1.84410359E+000   2.75166060E+003   2.75350470E+003  -1.01869277E+000  -2.09770407E+002  -2.08751715E+002   2.75590285E+003   1.37945917E+000   2.75452339E+003  -4.24225553E+000  -2.07372256E+002  -2.11614511E+002
     491       1     1.19999997E+001   7.01571867E+003  -1.85608519E+000   2.75141265E+003   2.75326874E+003  -1.01514328E+000  -2.09875796E+002  -2.08860653E+002   2.75566829E+003   1.38440804E+000   2.75428388E+003  -4.25563651E+000  -2.07476245E+002  -2.11731881E+002
     492       1     1.19999997E+001   7.01526120E+003  -1.86760841E+000   2.75115346E+003   2.75302107E+003  -1.01281144E+000  -2.09986988E+002  -2.08974177E+002   2.75542383E+003   1.38995754E+000   2.75403388E+003  -4.27037739E+000  -2.07584219E+002  -2.11854597E+002
     493       1     1.19999997E+001   7.01482019E+003  -1.88130759E+000   2.75090250E+003   2.75278381E+003  -1.00860924E+000  -2.10092671E+002  -2.09084061E+002   2.75518817E+003   1.39575234E+000   2.75379242E+003  -4.28566918E+000  -2.07688309E+002  -2.11973978E+002
     494       1     1.19999997E+001   7.01437318E+003  -1.89458274E+000   2.75064882E+003   2.75254341E+003  -1.00283974E+000  -2.10199705E+002  -2.09196865E+002   2.75494994E+003   1.40369115E+000   2.75354624E+003  -4.30111363E+000  -2.07793174E+002  -2.12094288E+002
     495       1     1.19999997E+001   7.01392502E+003  -1.90965248E+000   2.75039336E+003   2.75230301E+003  -9.97132884E-001  -2.10306384E+002  -2.09309251E+002   2.75471086E+003   1.41071745E+000   2.75330014E+003  -4.31750281E+000  -2.07898534E+002  -2.12216036E+002
     496       1     1.19999997E+001   7.01348666E+003  -1.92365390E+000   2.75014396E+003   2.75206761E+003  -9.92797935E-001  -2.10410986E+002  -2.09418188E+002   2.75447578E+003   1.41536330E+000   2.75306041E+003  -4.33181514E+000  -2.08002825E+002  -2.12334640E+002
     497       1     1.19999997E+001   7.01304219E+003  -1.93641645E+000   2.74989281E+003   2.75182923E+003  -9.85466271E-001  -2.10516753E+002  -2.09531287E+002   2.75423805E+003   1.42334970E+000   2.75281470E+003  -4.34523242E+000  -2.08107937E+002  -2.12453170E+002
     498       1     1.19999997E+001   7.01259546E+003  -1.95078509E+000   2.74963875E+003   2.75158954E+003  -9.79660086E-001  -2.10623146E+002  -2.09643486E+002   2.75399933E+003   1.43012570E+000   2.75256920E+003  -4.36057088E+000  -2.08213361E+002  -2.12573931E+002
     499       1     1.19999997E+001   7.01215388E+003  -1.96633417E+000   2.74938674E+003   2.75135307E+003  -9.74454292E-001  -2.10727848E+002  -2.09753394E+002   2.75376275E+003   1.43522553E+000   2.75232753E+003  -4.37601400E+000  -2.08318168E+002  -2.12694182E+002
     500       1     1.19999997E+001   7.01170205E+003  -1.98206070E+000   2.74912887E+003   2.75111093E+003  -9.69021784E-001  -2.10835166E+002  -2.09866144E+002   2.75352117E+003   1.44121891E+000   2.75207995E+003  -4.39230140E+000  -2.08424926E+002  -2.12817227E+002
