   iLoop            strain     Layer Density  B5                B4                B2                D6                D1                D4                C1                C5                C3                A6                C2                C3              
       1   7.67566727E+014   0.00000000E+000   2.45195763E+014   1.22596697E+014   0.00000000E+000   0.00000000E+000   0.00000000E+000   1.59908750E+014   0.00000000E+000   2.39865517E+014   0.00000000E+000   0.00000000E+000
   0.00000000E+000
       2   7.72934010E+014   0.00000000E+000   2.46911092E+014   1.23453253E+014   0.00000000E+000   0.00000000E+000   0.00000000E+000   1.61026000E+014   0.00000000E+000   2.41543665E+014   0.00000000E+000   0.00000000E+000
   0.00000000E+000
       3   7.78301172E+014   0.00000000E+000   2.48626383E+014   1.24309785E+014   0.00000000E+000   0.00000000E+000   0.00000000E+000   1.62143196E+014   0.00000000E+000   2.43221807E+014   0.00000000E+000   0.00000000E+000
   0.00000000E+000
       4   7.83669943E+014   0.00000000E+000   2.50342193E+014   1.25166576E+014   0.00000000E+000   0.00000000E+000   0.00000000E+000   1.63260707E+014   0.00000000E+000   2.44900467E+014   0.00000000E+000   0.00000000E+000
   0.00000000E+000
       5   7.89040293E+014   0.00000000E+000   2.52058511E+014   1.26023620E+014   0.00000000E+000   0.00000000E+000   0.00000000E+000   1.64378526E+014   0.00000000E+000   2.46579636E+014   0.00000000E+000   0.00000000E+000
   0.00000000E+000
       6   7.94412223E+014   0.00000000E+000   2.53775337E+014   1.26880916E+014   0.00000000E+000   0.00000000E+000   0.00000000E+000   1.65496653E+014   0.00000000E+000   2.48259316E+014   0.00000000E+000   0.00000000E+000
   0.00000000E+000
       7   7.99785721E+014   0.00000000E+000   2.55492668E+014   1.27738464E+014   0.00000000E+000   0.00000000E+000   0.00000000E+000   1.66615086E+014   0.00000000E+000   2.49939503E+014   0.00000000E+000   0.00000000E+000
   0.00000000E+000
       8   8.05160760E+014   0.00000000E+000   2.57210496E+014   1.28596259E+014   0.00000000E+000   0.00000000E+000   0.00000000E+000   1.67733817E+014   0.00000000E+000   2.51620188E+014   0.00000000E+000   0.00000000E+000
   0.00000000E+000
       9   8.10537306E+014   0.00000000E+000   2.58928809E+014   1.29454294E+014   0.00000000E+000   0.00000000E+000   0.00000000E+000   1.68852841E+014   0.00000000E+000   2.53301363E+014   0.00000000E+000   0.00000000E+000
   0.00000000E+000
      10   8.15915332E+014   0.00000000E+000   2.60647599E+014   1.30312566E+014   0.00000000E+000   0.00000000E+000   0.00000000E+000   1.69972150E+014   0.00000000E+000   2.54983017E+014   0.00000000E+000   0.00000000E+000
   0.00000000E+000
      11   8.21294825E+014   0.00000000E+000   2.62366861E+014   1.31171073E+014   0.00000000E+000   0.00000000E+000   0.00000000E+000   1.71091743E+014   0.00000000E+000   2.56665148E+014   0.00000000E+000   0.00000000E+000
   0.00000000E+000
      12   8.26675754E+014   0.00000000E+000   2.64086587E+014   1.32029809E+014   0.00000000E+000   0.00000000E+000   0.00000000E+000   1.72211613E+014   0.00000000E+000   2.58347745E+014   0.00000000E+000   0.00000000E+000
   0.00000000E+000
      13   8.32058103E+014   0.00000000E+000   2.65806770E+014   1.32888772E+014   0.00000000E+000   0.00000000E+000   0.00000000E+000   1.73331757E+014   0.00000000E+000   2.60030805E+014   0.00000000E+000   0.00000000E+000
   0.00000000E+000
      14   8.37441863E+014   0.00000000E+000   2.67527408E+014   1.33747960E+014   0.00000000E+000   0.00000000E+000   0.00000000E+000   1.74452173E+014   0.00000000E+000   2.61714322E+014   0.00000000E+000   0.00000000E+000
   0.00000000E+000
      15   8.42827024E+014   0.00000000E+000   2.69248497E+014   1.34607372E+014   0.00000000E+000   0.00000000E+000   0.00000000E+000   1.75572859E+014   0.00000000E+000   2.63398295E+014   0.00000000E+000   0.00000000E+000
   0.00000000E+000
      16   8.48213568E+014   0.00000000E+000   2.70970032E+014   1.35467006E+014   0.00000000E+000   0.00000000E+000   0.00000000E+000   1.76693812E+014   0.00000000E+000   2.65082718E+014   0.00000000E+000   0.00000000E+000
   0.00000000E+000
      17   8.53601481E+014   0.00000000E+000   2.72692009E+014   1.36326858E+014   0.00000000E+000   0.00000000E+000   0.00000000E+000   1.77815028E+014   0.00000000E+000   2.66767586E+014   0.00000000E+000   0.00000000E+000
   0.00000000E+000
      18   8.58990703E+014   0.00000000E+000   2.74414408E+014   1.37186920E+014   0.00000000E+000   0.00000000E+000   0.00000000E+000   1.78936496E+014   0.00000000E+000   2.68452879E+014   0.00000000E+000   0.00000000E+000
   0.00000000E+000
      19   8.64381192E+014   0.00000000E+000   2.76137216E+014   1.38047183E+014   0.00000000E+000   0.00000000E+000   0.00000000E+000   1.80058204E+014   0.00000000E+000   2.70138589E+014   0.00000000E+000   0.00000000E+000
   0.00000000E+000
      20   8.69772948E+014   0.00000000E+000   2.77860436E+014   1.38907647E+014   0.00000000E+000   0.00000000E+000   0.00000000E+000   1.81180148E+014   0.00000000E+000   2.71824717E+014   0.00000000E+000   0.00000000E+000
   0.00000000E+000
      21   8.75165968E+014   0.00000000E+000   2.79584066E+014   1.39768311E+014   0.00000000E+000   0.00000000E+000   0.00000000E+000   1.82302327E+014   0.00000000E+000   2.73511264E+014   0.00000000E+000   0.00000000E+000
   0.00000000E+000
      22   8.80560240E+014   0.00000000E+000   2.81308105E+014   1.40629171E+014   0.00000000E+000   0.00000000E+000   0.00000000E+000   1.83424735E+014   0.00000000E+000   2.75198229E+014   0.00000000E+000   0.00000000E+000
   0.00000000E+000
      23   8.85955752E+014   0.00000000E+000   2.83032549E+014   1.41490226E+014   0.00000000E+000   0.00000000E+000   0.00000000E+000   1.84547368E+014   0.00000000E+000   2.76885608E+014   0.00000000E+000   0.00000000E+000
   0.00000000E+000
      24   8.91352500E+014   0.00000000E+000   2.84757398E+014   1.42351475E+014   0.00000000E+000   0.00000000E+000   0.00000000E+000   1.85670224E+014   0.00000000E+000   2.78573403E+014   0.00000000E+000   0.00000000E+000
   0.00000000E+000
      25   8.96750485E+014   0.00000000E+000   2.86482653E+014   1.43212917E+014   0.00000000E+000   0.00000000E+000   0.00000000E+000   1.86793303E+014   0.00000000E+000   2.80261612E+014   0.00000000E+000   0.00000000E+000
   0.00000000E+000
      26   9.02149709E+014   0.00000000E+000   2.88208315E+014   1.44074553E+014   0.00000000E+000   0.00000000E+000   0.00000000E+000   1.87916603E+014   0.00000000E+000   2.81950239E+014   0.00000000E+000   0.00000000E+000
   0.00000000E+000
      27   9.07550174E+014   0.00000000E+000   2.89934384E+014   1.44936381E+014   0.00000000E+000   0.00000000E+000   0.00000000E+000   1.89040126E+014   0.00000000E+000   2.83639282E+014   0.00000000E+000   0.00000000E+000
   0.00000000E+000
      28   9.12951874E+014   0.00000000E+000   2.91660861E+014   1.45798402E+014   0.00000000E+000   0.00000000E+000   0.00000000E+000   1.90163869E+014   0.00000000E+000   2.85328741E+014   0.00000000E+000   0.00000000E+000
   0.00000000E+000
      29   9.18354802E+014   0.00000000E+000   2.93387744E+014   1.46660614E+014   0.00000000E+000   0.00000000E+000   0.00000000E+000   1.91287832E+014   0.00000000E+000   2.87018612E+014   0.00000000E+000   0.00000000E+000
   0.00000000E+000
      30   9.23758945E+014   0.00000000E+000   2.95115027E+014   1.47523015E+014   0.00000000E+000   0.00000000E+000   0.00000000E+000   1.92412012E+014   0.00000000E+000   2.88708891E+014   0.00000000E+000   0.00000000E+000
   0.00000000E+000
      31   9.29164298E+014   0.00000000E+000   2.96842710E+014   1.48385605E+014   0.00000000E+000   0.00000000E+000   0.00000000E+000   1.93536408E+014   0.00000000E+000   2.90399574E+014   0.00000000E+000   0.00000000E+000
   0.00000000E+000
      32   9.34570864E+014   0.00000000E+000   2.98570795E+014   1.49248384E+014   0.00000000E+000   0.00000000E+000   0.00000000E+000   1.94661022E+014   0.00000000E+000   2.92090662E+014   0.00000000E+000   0.00000000E+000
   0.00000000E+000
      33   9.39978650E+014   0.00000000E+000   3.00299284E+014   1.50111354E+014   0.00000000E+000   0.00000000E+000   0.00000000E+000   1.95785857E+014   0.00000000E+000   2.93782155E+014   0.00000000E+000   0.00000000E+000
   0.00000000E+000
      34   9.45387668E+014   0.00000000E+000   3.02028180E+014   1.50974517E+014   0.00000000E+000   0.00000000E+000   0.00000000E+000   1.96910915E+014   0.00000000E+000   2.95474055E+014   0.00000000E+000   0.00000000E+000
   0.00000000E+000
      35   9.50797925E+014   0.00000000E+000   3.03757487E+014   1.51837876E+014   0.00000000E+000   0.00000000E+000   0.00000000E+000   1.98036202E+014   0.00000000E+000   2.97166362E+014   0.00000000E+000   0.00000000E+000
   0.00000000E+000
      36   9.56209428E+014   0.00000000E+000   3.05487206E+014   1.52701430E+014   0.00000000E+000   0.00000000E+000   0.00000000E+000   1.99161718E+014   0.00000000E+000   2.98859074E+014   0.00000000E+000   0.00000000E+000
   0.00000000E+000
      37   9.61622190E+014   0.00000000E+000   3.07217343E+014   1.53565184E+014   0.00000000E+000   0.00000000E+000   0.00000000E+000   2.00287470E+014   0.00000000E+000   3.00552193E+014   0.00000000E+000   0.00000000E+000
   0.00000000E+000
      38   9.67036236E+014   0.00000000E+000   3.08947905E+014   1.54429141E+014   0.00000000E+000   0.00000000E+000   0.00000000E+000   2.01413466E+014   0.00000000E+000   3.02245724E+014   0.00000000E+000   0.00000000E+000
   0.00000000E+000
      39   9.72451609E+014   0.00000000E+000   3.10678909E+014   1.55293308E+014   0.00000000E+000   0.00000000E+000   0.00000000E+000   2.02539714E+014   0.00000000E+000   3.03939678E+014   0.00000000E+000   0.00000000E+000
   0.00000000E+000
      40   9.77868464E+014   0.00000000E+000   3.12410412E+014   1.56157705E+014   0.00000000E+000   0.00000000E+000   0.00000000E+000   2.03666230E+014   0.00000000E+000   3.05634117E+014   0.00000000E+000   0.00000000E+000
   0.00000000E+000
      41   9.83286985E+014   0.00000000E+000   3.14142482E+014   1.57022356E+014   0.00000000E+000   0.00000000E+000   0.00000000E+000   2.04793042E+014   0.00000000E+000   3.07329106E+014   0.00000000E+000   0.00000000E+000
   0.00000000E+000
      42   9.88707296E+014   0.00000000E+000   3.15875165E+014   1.57887278E+014   0.00000000E+000   0.00000000E+000   0.00000000E+000   2.05920164E+014   0.00000000E+000   3.09024689E+014   0.00000000E+000   0.00000000E+000
   0.00000000E+000
      43   9.94129451E+014   0.00000000E+000   3.17608483E+014   1.58752479E+014   0.00000000E+000   0.00000000E+000   0.00000000E+000   2.07047602E+014   0.00000000E+000   3.10720887E+014   0.00000000E+000   0.00000000E+000
   0.00000000E+000
      44   9.99553415E+014   0.00000000E+000   3.19342426E+014   1.59617949E+014   0.00000000E+000   0.00000000E+000   0.00000000E+000   2.08175341E+014   0.00000000E+000   3.12417699E+014   0.00000000E+000   0.00000000E+000
   0.00000000E+000
      45   1.00497909E+015   0.00000000E+000   3.21076965E+014   1.60483672E+014   0.00000000E+000   0.00000000E+000   0.00000000E+000   2.09303355E+014   0.00000000E+000   3.14115101E+014   0.00000000E+000   0.00000000E+000
   0.00000000E+000
      46   1.01259203E+015   0.00000000E+000   3.23479826E+014   1.61775534E+014   0.00000000E+000   0.00000000E+000   0.00000000E+000   2.11096941E+014   0.00000000E+000   3.16239731E+014   0.00000000E+000   0.00000000E+000
   0.00000000E+000
      47   1.02168831E+015   0.00000000E+000   3.26594776E+014   1.63102620E+014   0.00000000E+000   0.00000000E+000   0.00000000E+000   2.12630013E+014   0.00000000E+000   3.19360901E+014   0.00000000E+000   0.00000000E+000
   0.00000000E+000
      48   1.02794404E+015   0.00000000E+000   3.28549391E+014   1.64172263E+014   0.00000000E+000   0.00000000E+000   0.00000000E+000   2.14097874E+014   0.00000000E+000   3.21124509E+014   0.00000000E+000   0.00000000E+000
   0.00000000E+000
      49   1.03267338E+015   0.00000000E+000   3.30048490E+014   1.64932998E+014   0.00000000E+000   0.00000000E+000   0.00000000E+000   2.15104639E+014   0.00000000E+000   3.22587251E+014   0.00000000E+000   0.00000000E+000
   0.00000000E+000
      50   1.03732140E+015   0.00000000E+000   3.31514180E+014   1.65681300E+014   0.00000000E+000   0.00000000E+000   0.00000000E+000   2.16090263E+014   0.00000000E+000   3.24035662E+014   0.00000000E+000   0.00000000E+000
   0.00000000E+000
      51   1.04207177E+015   0.00000000E+000   3.33014403E+014   1.66446366E+014   0.00000000E+000   0.00000000E+000   0.00000000E+000   2.17097598E+014   0.00000000E+000   3.25513401E+014   0.00000000E+000   0.00000000E+000
   0.00000000E+000
      52   1.04692334E+015   0.00000000E+000   3.34548674E+014   1.67228011E+014   0.00000000E+000   0.00000000E+000   0.00000000E+000   2.18126267E+014   0.00000000E+000   3.27020391E+014   0.00000000E+000   0.00000000E+000
   0.00000000E+000
      53   1.05187417E+015   0.00000000E+000   3.36116474E+014   1.68025854E+014   0.00000000E+000   0.00000000E+000   0.00000000E+000   2.19175692E+014   0.00000000E+000   3.28556145E+014   0.00000000E+000   0.00000000E+000
   0.00000000E+000
      54   1.05692277E+015   0.00000000E+000   3.37717235E+014   1.68839810E+014   0.00000000E+000   0.00000000E+000   0.00000000E+000   2.20245594E+014   0.00000000E+000   3.30120136E+014   0.00000000E+000   0.00000000E+000
   0.00000000E+000
      55   1.06206600E+015   0.00000000E+000   3.39349923E+014   1.69669102E+014   0.00000000E+000   0.00000000E+000   0.00000000E+000   2.21335444E+014   0.00000000E+000   3.31711531E+014   0.00000000E+000   0.00000000E+000
   0.00000000E+000
      56   1.06730207E+015   0.00000000E+000   3.41013873E+014   1.70513426E+014   0.00000000E+000   0.00000000E+000   0.00000000E+000   2.22445048E+014   0.00000000E+000   3.33329723E+014   0.00000000E+000   0.00000000E+000
   0.00000000E+000
      57   1.07264002E+015   0.00000000E+000   3.42711693E+014   1.71374726E+014   0.00000000E+000   0.00000000E+000   0.00000000E+000   2.23577460E+014   0.00000000E+000   3.34976136E+014   0.00000000E+000   0.00000000E+000
   0.00000000E+000
      58   1.07807593E+015   0.00000000E+000   3.44442209E+014   1.72252582E+014   0.00000000E+000   0.00000000E+000   0.00000000E+000   2.24732005E+014   0.00000000E+000   3.36649131E+014   0.00000000E+000   0.00000000E+000
   0.00000000E+000
      59   1.08360514E+015   0.00000000E+000   3.46203525E+014   1.73145881E+014   0.00000000E+000   0.00000000E+000   0.00000000E+000   2.25908034E+014   0.00000000E+000   3.38347702E+014   0.00000000E+000   0.00000000E+000
   0.00000000E+000
      60   1.08922314E+015   0.00000000E+000   3.47994652E+014   1.74054052E+014   0.00000000E+000   0.00000000E+000   0.00000000E+000   2.27104237E+014   0.00000000E+000   3.40070195E+014   0.00000000E+000   0.00000000E+000
   0.00000000E+000
      61   1.09492386E+015   0.00000000E+000   3.49812999E+014   1.74976230E+014   0.00000000E+000   0.00000000E+000   0.00000000E+000   2.28319486E+014   0.00000000E+000   3.41815145E+014   0.00000000E+000   0.00000000E+000
   0.00000000E+000
      62   1.10070532E+015   0.00000000E+000   3.51658076E+014   1.75912561E+014   0.00000000E+000   0.00000000E+000   0.00000000E+000   2.29552777E+014   0.00000000E+000   3.43581908E+014   0.00000000E+000   0.00000000E+000
   0.00000000E+000
      63   1.10656574E+015   0.00000000E+000   3.53528693E+014   1.76863111E+014   0.00000000E+000   0.00000000E+000   0.00000000E+000   2.30804177E+014   0.00000000E+000   3.45369756E+014   0.00000000E+000   0.00000000E+000
   0.00000000E+000
      64   1.11250217E+015   0.00000000E+000   3.55423835E+014   1.77826925E+014   0.00000000E+000   0.00000000E+000   0.00000000E+000   2.32072970E+014   0.00000000E+000   3.47178440E+014   0.00000000E+000   0.00000000E+000
   0.00000000E+000
      65   1.11851934E+015   0.00000000E+000   3.57344726E+014   1.78804523E+014   0.00000000E+000   0.00000000E+000   0.00000000E+000   2.33360101E+014   0.00000000E+000   3.49009995E+014   0.00000000E+000   0.00000000E+000
   0.00000000E+000
      66   1.12461916E+015   0.00000000E+000   3.59292753E+014   1.79795910E+014   0.00000000E+000   0.00000000E+000   0.00000000E+000   2.34665391E+014   0.00000000E+000   3.50865109E+014   0.00000000E+000   0.00000000E+000
   0.00000000E+000
      67   1.13079789E+015   0.00000000E+000   3.61266713E+014   1.80800446E+014   0.00000000E+000   0.00000000E+000   0.00000000E+000   2.35987779E+014   0.00000000E+000   3.52742947E+014   0.00000000E+000   0.00000000E+000
   0.00000000E+000
      68   1.13705340E+015   0.00000000E+000   3.63265795E+014   1.81817840E+014   0.00000000E+000   0.00000000E+000   0.00000000E+000   2.37326658E+014   0.00000000E+000   3.54643103E+014   0.00000000E+000   0.00000000E+000
   0.00000000E+000
      69   1.14338238E+015   0.00000000E+000   3.65289283E+014   1.82847218E+014   0.00000000E+000   0.00000000E+000   0.00000000E+000   2.38681029E+014   0.00000000E+000   3.56564848E+014   0.00000000E+000   0.00000000E+000
   0.00000000E+000
      70   1.14978181E+015   0.00000000E+000   3.67336173E+014   1.83888276E+014   0.00000000E+000   0.00000000E+000   0.00000000E+000   2.40050026E+014   0.00000000E+000   3.58507339E+014   0.00000000E+000   0.00000000E+000
   0.00000000E+000
      71   1.15610479E+015   0.00000000E+000   3.69312961E+014   1.84894264E+014   0.00000000E+000   0.00000000E+000   0.00000000E+000   2.41431345E+014   0.00000000E+000   3.60466219E+014   0.00000000E+000   0.00000000E+000
   0.00000000E+000
      72   1.16044854E+015   0.00000000E+000   3.70475873E+014   1.85723048E+014   0.00000000E+000   0.00000000E+000   0.00000000E+000   2.42523341E+014   0.00000000E+000   3.61726276E+014   0.00000000E+000   0.00000000E+000
   0.00000000E+000
      73   1.16530825E+015   0.00000000E+000   3.72109439E+014   1.86428787E+014   0.00000000E+000   0.00000000E+000   0.00000000E+000   2.43511973E+014   0.00000000E+000   3.63258047E+014   0.00000000E+000   0.00000000E+000
   0.00000000E+000
      74   1.17049091E+015   0.00000000E+000   3.73945493E+014   1.87258116E+014   0.00000000E+000   0.00000000E+000   0.00000000E+000   2.44175675E+014   0.00000000E+000   3.65111628E+014   0.00000000E+000   0.00000000E+000
   0.00000000E+000
      75   1.17670257E+015   0.00000000E+000   3.76671377E+014   1.87693322E+014   0.00000000E+000   0.00000000E+000   0.00000000E+000   2.45266906E+014   0.00000000E+000   3.67070969E+014   0.00000000E+000   0.00000000E+000
   0.00000000E+000
      76   1.18334547E+015   0.00000000E+000   3.78830905E+014   1.88553946E+014   0.00000000E+000   0.00000000E+000   0.00000000E+000   2.46376900E+014   0.00000000E+000   3.69583719E+014   0.00000000E+000   0.00000000E+000
   0.00000000E+000
      77   1.18916159E+015   0.00000000E+000   3.80860738E+014   1.89265697E+014   0.00000000E+000   0.00000000E+000   0.00000000E+000   2.47379394E+014   0.00000000E+000   3.71655762E+014   0.00000000E+000   0.00000000E+000
   0.00000000E+000
      78   1.19576168E+015   0.00000000E+000   3.83124952E+014   1.90146835E+014   0.00000000E+000   0.00000000E+000   0.00000000E+000   2.48822327E+014   0.00000000E+000   3.73667569E+014   0.00000000E+000   0.00000000E+000
   0.00000000E+000
      79   1.20288731E+015   0.00000000E+000   3.85614837E+014   1.91463753E+014   0.00000000E+000   0.00000000E+000   0.00000000E+000   2.49983160E+014   0.00000000E+000   3.75825557E+014   0.00000000E+000   0.00000000E+000
   0.00000000E+000
      80   1.20956685E+015   0.00000000E+000   3.88061864E+014   1.92461546E+014   0.00000000E+000   0.00000000E+000   0.00000000E+000   2.51228008E+014   0.00000000E+000   3.77815434E+014   0.00000000E+000   0.00000000E+000
   0.00000000E+000
      81   1.21612835E+015   0.00000000E+000   3.90230408E+014   1.93462914E+014   0.00000000E+000   0.00000000E+000   0.00000000E+000   2.52577162E+014   0.00000000E+000   3.79857867E+014   0.00000000E+000   0.00000000E+000
   0.00000000E+000
      82   1.22269480E+015   0.00000000E+000   3.92463606E+014   1.94466724E+014   0.00000000E+000   0.00000000E+000   0.00000000E+000   2.53891175E+014   0.00000000E+000   3.81873297E+014   0.00000000E+000   0.00000000E+000
   0.00000000E+000
      83   1.22929479E+015   0.00000000E+000   3.94632607E+014   1.95492204E+014   0.00000000E+000   0.00000000E+000   0.00000000E+000   2.55195132E+014   0.00000000E+000   3.83974844E+014   0.00000000E+000   0.00000000E+000
   0.00000000E+000
      84   1.23595089E+015   0.00000000E+000   3.96830467E+014   1.96511612E+014   0.00000000E+000   0.00000000E+000   0.00000000E+000   2.56525707E+014   0.00000000E+000   3.86083105E+014   0.00000000E+000   0.00000000E+000
   0.00000000E+000
      85   1.24236524E+015   0.00000000E+000   3.98932251E+014   1.97475857E+014   0.00000000E+000   0.00000000E+000   0.00000000E+000   2.57815495E+014   0.00000000E+000   3.88141639E+014   0.00000000E+000   0.00000000E+000
   0.00000000E+000
      86   1.24863904E+015   0.00000000E+000   4.01212550E+014   1.98356270E+014   0.00000000E+000   0.00000000E+000   0.00000000E+000   2.58830394E+014   0.00000000E+000   3.90239827E+014   0.00000000E+000   0.00000000E+000
   0.00000000E+000
      87   1.25470903E+015   0.00000000E+000   4.03473801E+014   1.99351050E+014   0.00000000E+000   0.00000000E+000   0.00000000E+000   2.60056298E+014   0.00000000E+000   3.91827882E+014   0.00000000E+000   0.00000000E+000
   0.00000000E+000
      88   1.26017766E+015   0.00000000E+000   4.05334793E+014   2.00373324E+014   0.00000000E+000   0.00000000E+000   0.00000000E+000   2.60962268E+014   0.00000000E+000   3.93507281E+014   0.00000000E+000   0.00000000E+000
   0.00000000E+000
      89   1.26591738E+015   0.00000000E+000   4.07214073E+014   2.00913904E+014   0.00000000E+000   0.00000000E+000   0.00000000E+000   2.62305117E+014   0.00000000E+000   3.95484285E+014   0.00000000E+000   0.00000000E+000
   0.00000000E+000
      90   1.27152273E+015   0.00000000E+000   4.08849922E+014   2.01819547E+014   0.00000000E+000   0.00000000E+000   0.00000000E+000   2.63657855E+014   0.00000000E+000   3.97195409E+014   0.00000000E+000   0.00000000E+000
   0.00000000E+000
      91   1.27577483E+015   0.00000000E+000   4.09426450E+014   2.02727757E+014   0.00000000E+000   0.00000000E+000   0.00000000E+000   2.64424797E+014   0.00000000E+000   3.99195828E+014   0.00000000E+000   0.00000000E+000
   0.00000000E+000
      92   1.28155377E+015   0.00000000E+000   4.11243143E+014   2.03734582E+014   0.00000000E+000   0.00000000E+000   0.00000000E+000   2.65737627E+014   0.00000000E+000   4.00838422E+014   0.00000000E+000   0.00000000E+000
   0.00000000E+000
      93   1.28777036E+015   0.00000000E+000   4.13269008E+014   2.04612842E+014   0.00000000E+000   0.00000000E+000   0.00000000E+000   2.67057559E+014   0.00000000E+000   4.02830953E+014   0.00000000E+000   0.00000000E+000
   0.00000000E+000
      94   1.29313674E+015   0.00000000E+000   4.14576371E+014   2.05607120E+014   0.00000000E+000   0.00000000E+000   0.00000000E+000   2.68079129E+014   0.00000000E+000   4.04874120E+014   0.00000000E+000   0.00000000E+000
   0.00000000E+000
      95   1.29794890E+015   0.00000000E+000   4.15906593E+014   2.06541090E+014   0.00000000E+000   0.00000000E+000   0.00000000E+000   2.69187923E+014   0.00000000E+000   4.06313293E+014   0.00000000E+000   0.00000000E+000
   0.00000000E+000
      96   1.30139322E+015   0.00000000E+000   4.17147946E+014   2.07026285E+014   0.00000000E+000   0.00000000E+000   0.00000000E+000   2.70322733E+014   0.00000000E+000   4.06896260E+014   0.00000000E+000   0.00000000E+000
   0.00000000E+000
      97   1.30463085E+015   0.00000000E+000   4.17988888E+014   2.07990113E+014   0.00000000E+000   0.00000000E+000   0.00000000E+000   2.70875506E+014   0.00000000E+000   4.07776342E+014   0.00000000E+000   0.00000000E+000
   0.00000000E+000
      98   1.30935606E+015   0.00000000E+000   4.19305229E+014   2.08663665E+014   0.00000000E+000   0.00000000E+000   0.00000000E+000   2.72076451E+014   0.00000000E+000   4.09310714E+014   0.00000000E+000   0.00000000E+000
   0.00000000E+000
      99   1.31513817E+015   0.00000000E+000   4.21004908E+014   2.09630814E+014   0.00000000E+000   0.00000000E+000   0.00000000E+000   2.73324080E+014   0.00000000E+000   4.11178370E+014   0.00000000E+000   0.00000000E+000
   0.00000000E+000
     100   1.32427984E+015   0.00000000E+000   4.23930758E+014   2.11120125E+014   0.00000000E+000   0.00000000E+000   0.00000000E+000   2.74847532E+014   0.00000000E+000   4.14381425E+014   0.00000000E+000   0.00000000E+000
   0.00000000E+000
     101   1.33173094E+015   7.29808002E+009   4.26014246E+014   2.12356486E+014   0.00000000E+000   0.00000000E+000   0.00000000E+000   2.76884460E+014   4.49572294E+010   4.16423493E+014   0.00000000E+000   0.00000000E+000
   0.00000000E+000
     102   1.33569241E+015   9.77286530E+010   4.27443907E+014   2.12737037E+014   0.00000000E+000   0.00000000E+000   0.00000000E+000   2.77408889E+014   1.69158707E+011   4.17835694E+014   0.00000000E+000   0.00000000E+000
   0.00000000E+000
     103   1.34072819E+015   1.28318468E+011   4.29080592E+014   2.13500132E+014   0.00000000E+000   0.00000000E+000   0.00000000E+000   2.78374363E+014   2.18438201E+011   4.19426341E+014   0.00000000E+000   0.00000000E+000
   0.00000000E+000
     104   1.34552796E+015   1.57678335E+011   4.30600258E+014   2.14228092E+014   0.00000000E+000   0.00000000E+000   0.00000000E+000   2.79348903E+014   2.65686639E+011   4.20927337E+014   0.00000000E+000   0.00000000E+000
   0.00000000E+000
     105   1.33820232E+015   1.20934365E+012   4.26514350E+014   2.14006857E+014   0.00000000E+000   0.00000000E+000   0.00000000E+000   2.76543160E+014   2.87951294E+012   4.17049092E+014   0.00000000E+000   0.00000000E+000
   0.00000000E+000
     106   1.31333485E+015   3.56412191E+012   4.15358864E+014   2.10012206E+014   0.00000000E+000   0.00000000E+000   0.00000000E+000   2.73788792E+014   5.79625762E+012   4.04814604E+014   0.00000000E+000   0.00000000E+000
   0.00000000E+000
     107   1.31518610E+015   3.64488170E+012   4.15713468E+014   2.10206237E+014   0.00000000E+000   0.00000000E+000   0.00000000E+000   2.73702056E+014   6.41705591E+012   4.05502399E+014   0.00000000E+000   0.00000000E+000
   0.00000000E+000
     108   1.31410765E+015   6.67361128E+012   4.14257616E+014   2.08051717E+014   0.00000000E+000   0.00000000E+000   0.00000000E+000   2.71739443E+014   9.50959497E+012   4.03875670E+014   0.00000000E+000   0.00000000E+000
   0.00000000E+000
     109   1.31660212E+015   7.02932001E+012   4.15299709E+014   2.08472126E+014   0.00000000E+000   0.00000000E+000   0.00000000E+000   2.70973125E+014   1.13974679E+013   4.03430375E+014   0.00000000E+000   0.00000000E+000
   0.00000000E+000
     110   1.31998048E+015   7.13992164E+012   4.16143759E+014   2.08724632E+014   0.00000000E+000   0.00000000E+000   0.00000000E+000   2.71777951E+014   1.15761927E+013   4.04618020E+014   0.00000000E+000   0.00000000E+000
   0.00000000E+000
     111   1.32442757E+015   7.24811739E+012   4.17495046E+014   2.09407897E+014   0.00000000E+000   0.00000000E+000   0.00000000E+000   2.72635476E+014   1.17512663E+013   4.05889766E+014   0.00000000E+000   0.00000000E+000
   0.00000000E+000
     112   1.32887936E+015   7.35399757E+012   4.18866529E+014   2.10103296E+014   0.00000000E+000   0.00000000E+000   0.00000000E+000   2.73497414E+014   1.19227775E+013   4.07135343E+014   0.00000000E+000   0.00000000E+000
   0.00000000E+000
     113   1.33231839E+015   7.93596207E+012   4.19760600E+014   2.10373092E+014   0.00000000E+000   0.00000000E+000   0.00000000E+000   2.74122911E+014   1.23273742E+013   4.07798446E+014   0.00000000E+000   0.00000000E+000
   0.00000000E+000
     114   1.33125646E+015   9.71183642E+012   4.18768874E+014   2.09450497E+014   0.00000000E+000   0.00000000E+000   0.00000000E+000   2.72592234E+014   1.46389291E+013   4.06094087E+014   0.00000000E+000   0.00000000E+000
   0.00000000E+000
     115   1.32365793E+015   9.82451085E+012   4.17424622E+014   2.09374326E+014   0.00000000E+000   0.00000000E+000   0.00000000E+000   2.71783295E+014   1.60036769E+013   3.99247499E+014   0.00000000E+000   0.00000000E+000
   0.00000000E+000
     116   1.31861935E+015   1.08891181E+013   4.13361359E+014   2.08422671E+014   0.00000000E+000   0.00000000E+000   0.00000000E+000   2.71757894E+014   1.71358330E+013   3.97052477E+014   0.00000000E+000   0.00000000E+000
   0.00000000E+000
     117   1.31576917E+015   1.10033398E+013   4.10444654E+014   2.08478335E+014   0.00000000E+000   0.00000000E+000   0.00000000E+000   2.71512599E+014   1.80169911E+013   3.96313250E+014   0.00000000E+000   0.00000000E+000
   0.00000000E+000
     118   1.31665412E+015   1.24820383E+013   4.10003345E+014   2.07540776E+014   0.00000000E+000   0.00000000E+000   0.00000000E+000   2.71355737E+014   1.88823419E+013   3.96389883E+014   0.00000000E+000   0.00000000E+000
   0.00000000E+000
     119   1.31821981E+015   1.28260651E+013   4.10333457E+014   2.07717780E+014   0.00000000E+000   0.00000000E+000   0.00000000E+000   2.71195608E+014   2.01967075E+013   3.95950192E+014   0.00000000E+000   0.00000000E+000
   0.00000000E+000
     120   1.31890488E+015   1.29443291E+013   4.10544907E+014   2.07909599E+014   0.00000000E+000   0.00000000E+000   0.00000000E+000   2.71250426E+014   2.06116324E+013   3.95643981E+014   0.00000000E+000   0.00000000E+000
   0.00000000E+000
     121   1.31972598E+015   1.39665124E+013   4.09836467E+014   2.07755799E+014   0.00000000E+000   0.00000000E+000   0.00000000E+000   2.71686827E+014   2.10245750E+013   3.95455804E+014   0.00000000E+000   0.00000000E+000
   0.00000000E+000
     122   1.32219555E+015   1.40883342E+013   4.10462324E+014   2.08186834E+014   0.00000000E+000   0.00000000E+000   0.00000000E+000   2.71783631E+014   2.18820653E+013   3.95792356E+014   0.00000000E+000   0.00000000E+000
   0.00000000E+000
     123   1.32333877E+015   1.46588914E+013   4.10694763E+014   2.08395865E+014   0.00000000E+000   0.00000000E+000   0.00000000E+000   2.71625029E+014   2.27410544E+013   3.95223170E+014   0.00000000E+000   0.00000000E+000
   0.00000000E+000
     124   1.32565838E+015   1.47820730E+013   4.11657138E+014   2.08679605E+014   0.00000000E+000   0.00000000E+000   0.00000000E+000   2.71908291E+014   2.33814076E+013   3.95249867E+014   0.00000000E+000   0.00000000E+000
   0.00000000E+000
     125   1.32906848E+015   1.49037273E+013   4.12521786E+014   2.09329176E+014   0.00000000E+000   0.00000000E+000   0.00000000E+000   2.72469904E+014   2.35716590E+013   3.96272232E+014   0.00000000E+000   0.00000000E+000
   0.00000000E+000
     126   1.33247138E+015   1.50230312E+013   4.13278178E+014   2.09959354E+014   0.00000000E+000   0.00000000E+000   0.00000000E+000   2.73321168E+014   2.37591206E+013   3.97130527E+014   0.00000000E+000   0.00000000E+000
   0.00000000E+000
     127   1.33611668E+015   1.51407665E+013   4.14216145E+014   2.10569132E+014   0.00000000E+000   0.00000000E+000   0.00000000E+000   2.74124032E+014   2.39436804E+013   3.98122923E+014   0.00000000E+000   0.00000000E+000
   0.00000000E+000
     128   1.33882568E+015   1.52570361E+013   4.14909992E+014   2.10663329E+014   0.00000000E+000   0.00000000E+000   0.00000000E+000   2.74897153E+014   2.41867164E+013   3.98911455E+014   0.00000000E+000   0.00000000E+000
   0.00000000E+000
     129   1.34188896E+015   1.53713948E+013   4.15493768E+014   2.11139343E+014   0.00000000E+000   0.00000000E+000   0.00000000E+000   2.75761594E+014   2.43661336E+013   3.99756724E+014   0.00000000E+000   0.00000000E+000
   0.00000000E+000
     130   1.34517733E+015   1.54836703E+013   4.16346727E+014   2.11799549E+014   0.00000000E+000   0.00000000E+000   0.00000000E+000   2.76361118E+014   2.45998124E+013   4.00586454E+014   0.00000000E+000   0.00000000E+000
   0.00000000E+000
     131   1.34723954E+015   1.55946893E+013   4.16878579E+014   2.12463390E+014   0.00000000E+000   0.00000000E+000   0.00000000E+000   2.76858145E+014   2.51249038E+013   4.00319837E+014   0.00000000E+000   0.00000000E+000
   0.00000000E+000
     132   1.34989064E+015   1.57032507E+013   4.17876986E+014   2.12317445E+014   0.00000000E+000   0.00000000E+000   0.00000000E+000   2.77685602E+014   2.53625412E+013   4.00944817E+014   0.00000000E+000   0.00000000E+000
   0.00000000E+000
     133   1.35319903E+015   1.59280040E+013   4.18694275E+014   2.12854049E+014   0.00000000E+000   0.00000000E+000   0.00000000E+000   2.78419070E+014   2.57000618E+013   4.01603573E+014   0.00000000E+000   0.00000000E+000
   0.00000000E+000
     134   1.35675639E+015   1.62197492E+013   4.19726176E+014   2.13385188E+014   0.00000000E+000   0.00000000E+000   0.00000000E+000   2.78715468E+014   2.62774708E+013   4.02432338E+014   0.00000000E+000   0.00000000E+000
   0.00000000E+000
     135   1.36024375E+015   1.63906209E+013   4.20509815E+014   2.13967709E+014   0.00000000E+000   0.00000000E+000   0.00000000E+000   2.79524810E+014   2.65996541E+013   4.03251140E+014   0.00000000E+000   0.00000000E+000
   0.00000000E+000
     136   1.36296605E+015   1.71150188E+013   4.21200618E+014   2.13768555E+014   0.00000000E+000   0.00000000E+000   0.00000000E+000   2.79789783E+014   2.75930454E+013   4.03499026E+014   0.00000000E+000   0.00000000E+000
   0.00000000E+000
     137   1.36465317E+015   1.82512860E+013   4.21136268E+014   2.13604681E+014   0.00000000E+000   0.00000000E+000   0.00000000E+000   2.79574219E+014   2.86324461E+013   4.03454271E+014   0.00000000E+000   0.00000000E+000
   0.00000000E+000
     138   1.36761553E+015   1.85676156E+013   4.21702131E+014   2.13928677E+014   0.00000000E+000   0.00000000E+000   0.00000000E+000   2.79987920E+014   2.92236152E+013   4.04205568E+014   0.00000000E+000   0.00000000E+000
   0.00000000E+000
     139   1.36245943E+015   1.86799814E+013   4.20346469E+014   2.13901446E+014   0.00000000E+000   0.00000000E+000   0.00000000E+000   2.80259165E+014   2.94064409E+013   3.99865925E+014   0.00000000E+000   0.00000000E+000
   0.00000000E+000
     140   1.36507195E+015   1.87903601E+013   4.21110622E+014   2.14538087E+014   0.00000000E+000   0.00000000E+000   0.00000000E+000   2.81111600E+014   2.95857660E+013   3.99935512E+014   0.00000000E+000   0.00000000E+000
   0.00000000E+000
     141   1.36860556E+015   1.88987845E+013   4.22297435E+014   2.14971208E+014   0.00000000E+000   0.00000000E+000   0.00000000E+000   2.81839335E+014   2.97627030E+013   4.00836096E+014   0.00000000E+000   0.00000000E+000
   0.00000000E+000
     142   1.37094495E+015   1.95937288E+013   4.22899193E+014   2.15084529E+014   0.00000000E+000   0.00000000E+000   0.00000000E+000   2.81759117E+014   3.07188099E+013   4.00889573E+014   0.00000000E+000   0.00000000E+000
   0.00000000E+000
     143   1.37345882E+015   2.04799780E+013   4.23268024E+014   2.14930186E+014   0.00000000E+000   0.00000000E+000   0.00000000E+000   2.82136794E+014   3.14805506E+013   4.01163287E+014   0.00000000E+000   0.00000000E+000
   0.00000000E+000
     144   1.37717036E+015   2.05948080E+013   4.24427261E+014   2.15571874E+014   0.00000000E+000   0.00000000E+000   0.00000000E+000   2.82687472E+014   3.18533880E+013   4.02035555E+014   0.00000000E+000   0.00000000E+000
   0.00000000E+000
     145   1.38126666E+015   2.07081804E+013   4.25630605E+014   2.16225320E+014   0.00000000E+000   0.00000000E+000   0.00000000E+000   2.83574548E+014   3.20309095E+013   4.03097094E+014   0.00000000E+000   0.00000000E+000
   0.00000000E+000
     146   1.38497547E+015   2.08724153E+013   4.26730947E+014   2.16815753E+014   0.00000000E+000   0.00000000E+000   0.00000000E+000   2.84173174E+014   3.25531483E+013   4.03830031E+014   0.00000000E+000   0.00000000E+000
   0.00000000E+000
     147   1.38867075E+015   2.13217348E+013   4.27537531E+014   2.17223550E+014   0.00000000E+000   0.00000000E+000   0.00000000E+000   2.84954490E+014   3.28973483E+013   4.04736094E+014   0.00000000E+000   0.00000000E+000
   0.00000000E+000
     148   1.39262051E+015   2.15008045E+013   4.28614289E+014   2.17825622E+014   0.00000000E+000   0.00000000E+000   0.00000000E+000   2.85794598E+014   3.32559430E+013   4.05629251E+014   0.00000000E+000   0.00000000E+000
   0.00000000E+000
     149   1.39623549E+015   2.16804591E+013   4.29687102E+014   2.18216640E+014   0.00000000E+000   0.00000000E+000   0.00000000E+000   2.86474184E+014   3.34393070E+013   4.06737801E+014   0.00000000E+000   0.00000000E+000
   0.00000000E+000
     150   1.39903318E+015   2.18001143E+013   4.30164507E+014   2.18888600E+014   0.00000000E+000   0.00000000E+000   0.00000000E+000   2.86960459E+014   3.36192243E+013   4.07600281E+014   0.00000000E+000   0.00000000E+000
   0.00000000E+000
     151   1.40362495E+015   2.19187601E+013   4.31663410E+014   2.19837093E+014   0.00000000E+000   0.00000000E+000   0.00000000E+000   2.87839740E+014   3.39554684E+013   4.08410476E+014   0.00000000E+000   0.00000000E+000
   0.00000000E+000
     152   1.40115611E+015   2.20358724E+013   4.29418463E+014   2.19991839E+014   0.00000000E+000   0.00000000E+000   0.00000000E+000   2.88658063E+014   3.41330105E+013   4.06918865E+014   0.00000000E+000   0.00000000E+000
   0.00000000E+000
     153   1.38124027E+015   2.23562559E+013   4.22733339E+014   2.16694134E+014   0.00000000E+000   0.00000000E+000   0.00000000E+000   2.85353151E+014   3.46970350E+013   3.99406357E+014   0.00000000E+000   0.00000000E+000
   0.00000000E+000
     154   1.36453613E+015   2.24678416E+013   4.17539723E+014   2.13196927E+014   0.00000000E+000   0.00000000E+000   0.00000000E+000   2.82231675E+014   3.50797302E+013   3.94020228E+014   0.00000000E+000   0.00000000E+000
   0.00000000E+000
     155   1.35383618E+015   2.25814734E+013   4.14363331E+014   2.10646151E+014   0.00000000E+000   0.00000000E+000   0.00000000E+000   2.80077739E+014   3.52544896E+013   3.90912992E+014   0.00000000E+000   0.00000000E+000
   0.00000000E+000
     156   1.34713467E+015   2.26920059E+013   4.12071416E+014   2.09237994E+014   0.00000000E+000   0.00000000E+000   0.00000000E+000   2.79444007E+014   3.56444688E+013   3.88044781E+014   0.00000000E+000   0.00000000E+000
   0.00000000E+000
     157   1.34657213E+015   2.28009875E+013   4.11279993E+014   2.09272086E+014   0.00000000E+000   0.00000000E+000   0.00000000E+000   2.79550417E+014   3.60194321E+013   3.87649218E+014   0.00000000E+000   0.00000000E+000
   0.00000000E+000
     158   1.34799571E+015   2.29073861E+013   4.11605683E+014   2.09319015E+014   0.00000000E+000   0.00000000E+000   0.00000000E+000   2.80055459E+014   3.63972533E+013   3.87710909E+014   0.00000000E+000   0.00000000E+000
   0.00000000E+000
     159   1.34954918E+015   2.33646410E+013   4.11555611E+014   2.09440183E+014   0.00000000E+000   0.00000000E+000   0.00000000E+000   2.80615469E+014   3.67381307E+013   3.87835146E+014   0.00000000E+000   0.00000000E+000
   0.00000000E+000
     160   1.35086092E+015   2.34693795E+013   4.11354441E+014   2.09805822E+014   0.00000000E+000   0.00000000E+000   0.00000000E+000   2.81162202E+014   3.70852937E+013   3.87983778E+014   0.00000000E+000   0.00000000E+000
   0.00000000E+000
     161   1.35199358E+015   2.39315079E+013   4.11189638E+014   2.09802308E+014   0.00000000E+000   0.00000000E+000   0.00000000E+000   2.81519612E+014   3.76330647E+013   3.87917446E+014   0.00000000E+000   0.00000000E+000
   0.00000000E+000
     162   1.34957130E+015   2.40371981E+013   4.09630228E+014   2.09834169E+014   0.00000000E+000   0.00000000E+000   0.00000000E+000   2.81557564E+014   3.81896955E+013   3.86322449E+014   0.00000000E+000   0.00000000E+000
   0.00000000E+000
     163   1.34833064E+015   2.41400022E+013   4.08909722E+014   2.10015557E+014   0.00000000E+000   0.00000000E+000   0.00000000E+000   2.81298544E+014   3.89597270E+013   3.85007088E+014   0.00000000E+000   0.00000000E+000
   0.00000000E+000
     164   1.35089797E+015   2.42408739E+013   4.09531908E+014   2.10457546E+014   0.00000000E+000   0.00000000E+000   0.00000000E+000   2.81885670E+014   3.91320515E+013   3.85649923E+014   0.00000000E+000   0.00000000E+000
   0.00000000E+000
     165   1.34570418E+015   2.51379686E+013   4.08017538E+014   2.08636046E+014   0.00000000E+000   0.00000000E+000   0.00000000E+000   2.79747129E+014   4.05105006E+013   3.83654998E+014   0.00000000E+000   0.00000000E+000
   0.00000000E+000
     166   1.34204393E+015   2.54705815E+013   4.06681160E+014   2.07604525E+014   0.00000000E+000   0.00000000E+000   0.00000000E+000   2.79209736E+014   4.06930905E+013   3.82384837E+014   0.00000000E+000   0.00000000E+000
   0.00000000E+000
     167   1.34061691E+015   2.55797687E+013   4.06188607E+014   2.07276767E+014   0.00000000E+000   0.00000000E+000   0.00000000E+000   2.78771313E+014   4.08718947E+013   3.81928562E+014   0.00000000E+000   0.00000000E+000
   0.00000000E+000
     168   1.33644573E+015   2.58717544E+013   4.04763417E+014   2.06973920E+014   0.00000000E+000   0.00000000E+000   0.00000000E+000   2.78490037E+014   4.12366463E+013   3.79109954E+014   0.00000000E+000   0.00000000E+000
   0.00000000E+000
     169   1.33166227E+015   2.63660588E+013   4.02813860E+014   2.06768413E+014   0.00000000E+000   0.00000000E+000   0.00000000E+000   2.78465452E+014   4.16140892E+013   3.75634394E+014   0.00000000E+000   0.00000000E+000
   0.00000000E+000
     170   1.32992508E+015   2.67386273E+013   4.02002395E+014   2.06207441E+014   0.00000000E+000   0.00000000E+000   0.00000000E+000   2.78070251E+014   4.21434979E+013   3.74762867E+014   0.00000000E+000   0.00000000E+000
   0.00000000E+000
     171   1.32771419E+015   2.72839127E+013   4.00917440E+014   2.05849540E+014   0.00000000E+000   0.00000000E+000   0.00000000E+000   2.76954226E+014   4.29781286E+013   3.73730942E+014   0.00000000E+000   0.00000000E+000
   0.00000000E+000
     172   1.32759762E+015   2.80200427E+013   4.00662156E+014   2.05347807E+014   0.00000000E+000   0.00000000E+000   0.00000000E+000   2.76777050E+014   4.37885939E+013   3.73001970E+014   0.00000000E+000   0.00000000E+000
   0.00000000E+000
     173   1.32832547E+015   2.81389379E+013   4.00716758E+014   2.05328738E+014   0.00000000E+000   0.00000000E+000   0.00000000E+000   2.77102972E+014   4.43647611E+013   3.72673302E+014   0.00000000E+000   0.00000000E+000
   0.00000000E+000
     174   1.32740125E+015   2.82560924E+013   4.00585671E+014   2.04982821E+014   0.00000000E+000   0.00000000E+000   0.00000000E+000   2.76869050E+014   4.46170561E+013   3.72090559E+014   0.00000000E+000   0.00000000E+000
   0.00000000E+000
     175   1.32160887E+015   2.89942210E+013   3.98419580E+014   2.03312048E+014   0.00000000E+000   0.00000000E+000   0.00000000E+000   2.76047202E+014   4.48035796E+013   3.70032237E+014   0.00000000E+000   0.00000000E+000
   0.00000000E+000
     176   1.31945855E+015   2.91172943E+013   3.97714922E+014   2.03101805E+014   0.00000000E+000   0.00000000E+000   0.00000000E+000   2.75593690E+014   4.49866748E+013   3.68944161E+014   0.00000000E+000   0.00000000E+000
   0.00000000E+000
     177   1.31844980E+015   2.93029607E+013   3.97728726E+014   2.02571137E+014   0.00000000E+000   0.00000000E+000   0.00000000E+000   2.75582258E+014   4.52279101E+013   3.68036803E+014   0.00000000E+000   0.00000000E+000
   0.00000000E+000
     178   1.31900508E+015   2.94247984E+013   3.97531933E+014   2.02895757E+014   0.00000000E+000   0.00000000E+000   0.00000000E+000   2.76001556E+014   4.54772204E+013   3.67673820E+014   0.00000000E+000   0.00000000E+000
   0.00000000E+000
     179   1.32043049E+015   2.95446834E+013   3.97720329E+014   2.03115290E+014   0.00000000E+000   0.00000000E+000   0.00000000E+000   2.76428142E+014   4.56554355E+013   3.67966613E+014   0.00000000E+000   0.00000000E+000
   0.00000000E+000
     180   1.32147571E+015   2.98774128E+013   3.97798450E+014   2.03129472E+014   0.00000000E+000   0.00000000E+000   0.00000000E+000   2.76652742E+014   4.58309883E+013   3.68186650E+014   0.00000000E+000   0.00000000E+000
   0.00000000E+000
     181   1.32085552E+015   3.01995259E+013   3.97423614E+014   2.02221552E+014   0.00000000E+000   0.00000000E+000   0.00000000E+000   2.76738627E+014   4.62001876E+013   3.68072013E+014   0.00000000E+000   0.00000000E+000
   0.00000000E+000
     182   1.32135731E+015   3.03209692E+013   3.97118322E+014   2.02545018E+014   0.00000000E+000   0.00000000E+000   0.00000000E+000   2.77049924E+014   4.64428228E+013   3.67880256E+014   0.00000000E+000   0.00000000E+000
   0.00000000E+000
     183   1.32158418E+015   3.06592686E+013   3.97321321E+014   2.02023378E+014   0.00000000E+000   0.00000000E+000   0.00000000E+000   2.77237015E+014   4.69404033E+013   3.67402793E+014   0.00000000E+000   0.00000000E+000
   0.00000000E+000
     184   1.32241438E+015   3.07808741E+013   3.97227803E+014   2.02319023E+014   0.00000000E+000   0.00000000E+000   0.00000000E+000   2.77243959E+014   4.77868739E+013   3.67055850E+014   0.00000000E+000   0.00000000E+000
   0.00000000E+000
     185   1.32283608E+015   3.11226054E+013   3.97251627E+014   2.02214157E+014   0.00000000E+000   0.00000000E+000   0.00000000E+000   2.77303716E+014   4.81979560E+013   3.66746019E+014   0.00000000E+000   0.00000000E+000
   0.00000000E+000
     186   1.32294278E+015   3.12461370E+013   3.96934396E+014   2.02518292E+014   0.00000000E+000   0.00000000E+000   0.00000000E+000   2.77087934E+014   4.88628662E+013   3.66293151E+014   0.00000000E+000   0.00000000E+000
   0.00000000E+000
     187   1.32231426E+015   3.13683562E+013   3.96255970E+014   2.02637407E+014   0.00000000E+000   0.00000000E+000   0.00000000E+000   2.77347478E+014   4.92712607E+013   3.65433782E+014   0.00000000E+000   0.00000000E+000
   0.00000000E+000
     188   1.32164263E+015   3.14891484E+013   3.96160849E+014   2.02801777E+014   0.00000000E+000   0.00000000E+000   0.00000000E+000   2.76764972E+014   4.95159392E+013   3.64909946E+014   0.00000000E+000   0.00000000E+000
   0.00000000E+000
     189   1.32202871E+015   3.16371455E+013   3.96345553E+014   2.02930741E+014   0.00000000E+000   0.00000000E+000   0.00000000E+000   2.76869935E+014   5.00132728E+013   3.64232066E+014   0.00000000E+000   0.00000000E+000
   0.00000000E+000
     190   1.32003195E+015   3.18643479E+013   3.95213382E+014   2.02736876E+014   0.00000000E+000   0.00000000E+000   0.00000000E+000   2.76422147E+014   5.06729290E+013   3.63122268E+014   0.00000000E+000   0.00000000E+000
   0.00000000E+000
     191   1.31902802E+015   3.20281016E+013   3.95018174E+014   2.02476298E+014   0.00000000E+000   0.00000000E+000   0.00000000E+000   2.76057367E+014   5.08727550E+013   3.62575327E+014   0.00000000E+000   0.00000000E+000
   0.00000000E+000
     192   1.31675282E+015   3.23733887E+013   3.94228815E+014   2.01652454E+014   0.00000000E+000   0.00000000E+000   0.00000000E+000   2.75558012E+014   5.12478786E+013   3.61692272E+014   0.00000000E+000   0.00000000E+000
   0.00000000E+000
     193   1.31683397E+015   3.27604407E+013   3.94131361E+014   2.01332489E+014   0.00000000E+000   0.00000000E+000   0.00000000E+000   2.75485452E+014   5.16066678E+013   3.61517555E+014   0.00000000E+000   0.00000000E+000
   0.00000000E+000
     194   1.31446100E+015   3.30966888E+013   3.92559551E+014   2.01264098E+014   0.00000000E+000   0.00000000E+000   0.00000000E+000   2.75539646E+014   5.18522924E+013   3.60148726E+014   0.00000000E+000   0.00000000E+000
   0.00000000E+000
     195   1.31053998E+015   3.34869634E+013   3.91120745E+014   2.00078946E+014   0.00000000E+000   0.00000000E+000   0.00000000E+000   2.74627036E+014   5.25043607E+013   3.58721924E+014   0.00000000E+000   0.00000000E+000
   0.00000000E+000
     196   1.31018020E+015   3.37644969E+013   3.90180988E+014   2.00350015E+014   0.00000000E+000   0.00000000E+000   0.00000000E+000   2.74923554E+014   5.28676052E+013   3.58093543E+014   0.00000000E+000   0.00000000E+000
   0.00000000E+000
     197   1.30983346E+015   3.38951160E+013   3.89926948E+014   2.00344033E+014   0.00000000E+000   0.00000000E+000   0.00000000E+000   2.75058375E+014   5.32424795E+013   3.57366506E+014   0.00000000E+000   0.00000000E+000
   0.00000000E+000
     198   1.31033255E+015   3.40248221E+013   3.89810468E+014   2.00441942E+014   0.00000000E+000   0.00000000E+000   0.00000000E+000   2.75222172E+014   5.36339552E+013   3.57199193E+014   0.00000000E+000   0.00000000E+000
   0.00000000E+000
     199   1.31166760E+015   3.42477406E+013   3.90181542E+014   2.00444322E+014   0.00000000E+000   0.00000000E+000   0.00000000E+000   2.75485789E+014   5.39155182E+013   3.57392687E+014   0.00000000E+000   0.00000000E+000
   0.00000000E+000
     200   1.31249363E+015   3.44359043E+013   3.90406417E+014   2.00342194E+014   0.00000000E+000   0.00000000E+000   0.00000000E+000   2.75720669E+014   5.44778137E+013   3.57110634E+014   0.00000000E+000   0.00000000E+000
   0.00000000E+000
     201   1.31409708E+015   3.46102583E+013   3.90744261E+014   2.00668225E+014   0.00000000E+000   0.00000000E+000   0.00000000E+000   2.76056626E+014   5.49602039E+013   3.57057506E+014   0.00000000E+000   0.00000000E+000
   0.00000000E+000
     202   1.31527104E+015   3.48830959E+013   3.90894687E+014   2.00809834E+014   0.00000000E+000   0.00000000E+000   0.00000000E+000   2.76645325E+014   5.52490417E+013   3.56789053E+014   0.00000000E+000   0.00000000E+000
   0.00000000E+000
     203   1.31715949E+015   3.51524787E+013   3.91150237E+014   2.01109397E+014   0.00000000E+000   0.00000000E+000   0.00000000E+000   2.77225438E+014   5.54498410E+013   3.57072094E+014   0.00000000E+000   0.00000000E+000
   0.00000000E+000
     204   1.31874498E+015   3.55521948E+013   3.91265299E+014   2.01267024E+014   0.00000000E+000   0.00000000E+000   0.00000000E+000   2.77681548E+014   5.58151843E+013   3.57163731E+014   0.00000000E+000   0.00000000E+000
   0.00000000E+000
     205   1.31906287E+015   3.58478389E+013   3.91297608E+014   2.01092534E+014   0.00000000E+000   0.00000000E+000   0.00000000E+000   2.77887993E+014   5.61933908E+013   3.56743501E+014   0.00000000E+000   0.00000000E+000
   0.00000000E+000
     206   1.31999972E+015   3.59710928E+013   3.91676197E+014   2.01355533E+014   0.00000000E+000   0.00000000E+000   0.00000000E+000   2.77823941E+014   5.65975570E+013   3.56575399E+014   0.00000000E+000   0.00000000E+000
   0.00000000E+000
     207   1.32105910E+015   3.60931868E+013   3.91764235E+014   2.01429727E+014   0.00000000E+000   0.00000000E+000   0.00000000E+000   2.78283943E+014   5.70340044E+013   3.56454005E+014   0.00000000E+000   0.00000000E+000
   0.00000000E+000
     208   1.32146541E+015   3.64107722E+013   3.91882434E+014   2.01208555E+014   0.00000000E+000   0.00000000E+000   0.00000000E+000   2.78490120E+014   5.73609067E+013   3.56112623E+014   0.00000000E+000   0.00000000E+000
   0.00000000E+000
     209   1.32254474E+015   3.65500764E+013   3.92036896E+014   2.01400940E+014   0.00000000E+000   0.00000000E+000   0.00000000E+000   2.79040905E+014   5.76770483E+013   3.55838878E+014   0.00000000E+000   0.00000000E+000
   0.00000000E+000
     210   1.32321516E+015   3.66696046E+013   3.92095686E+014   2.01613185E+014   0.00000000E+000   0.00000000E+000   0.00000000E+000   2.79071088E+014   5.83273501E+013   3.55438242E+014   0.00000000E+000   0.00000000E+000
   0.00000000E+000
     211   1.32465807E+015   3.68390025E+013   3.92332896E+014   2.01857798E+014   0.00000000E+000   0.00000000E+000   0.00000000E+000   2.79557483E+014   5.85863049E+013   3.55484588E+014   0.00000000E+000   0.00000000E+000
   0.00000000E+000
     212   1.32662540E+015   3.70021155E+013   3.92612130E+014   2.02233596E+014   0.00000000E+000   0.00000000E+000   0.00000000E+000   2.80154995E+014   5.87779897E+013   3.55844573E+014   0.00000000E+000   0.00000000E+000
   0.00000000E+000
     213   1.32761104E+015   3.71644613E+013   3.92393814E+014   2.02558801E+014   0.00000000E+000   0.00000000E+000   0.00000000E+000   2.80661087E+014   5.89666576E+013   3.55866223E+014   0.00000000E+000   0.00000000E+000
   0.00000000E+000
     214   1.32878488E+015   3.72745205E+013   3.92690125E+014   2.02779009E+014   0.00000000E+000   0.00000000E+000   0.00000000E+000   2.81085470E+014   5.91898327E+013   3.55765926E+014   0.00000000E+000   0.00000000E+000
   0.00000000E+000
     215   1.32970191E+015   3.73844900E+013   3.92823927E+014   2.03052493E+014   0.00000000E+000   0.00000000E+000   0.00000000E+000   2.81000481E+014   5.96040555E+013   3.55836462E+014   0.00000000E+000   0.00000000E+000
   0.00000000E+000
     216   1.33026354E+015   3.75304573E+013   3.92551717E+014   2.03072422E+014   0.00000000E+000   0.00000000E+000   0.00000000E+000   2.81288721E+014   6.04127363E+013   3.55407490E+014   0.00000000E+000   0.00000000E+000
   0.00000000E+000
     217   1.33182055E+015   3.83129853E+013   3.92745224E+014   2.03013331E+014   0.00000000E+000   0.00000000E+000   0.00000000E+000   2.81679078E+014   6.06300306E+013   3.55439897E+014   0.00000000E+000   0.00000000E+000
   0.00000000E+000
     218   1.33203630E+015   3.84637910E+013   3.93042177E+014   2.02646186E+014   0.00000000E+000   0.00000000E+000   0.00000000E+000   2.81919990E+014   6.09635228E+013   3.55000637E+014   0.00000000E+000   0.00000000E+000
   0.00000000E+000
     219   1.33294429E+015   3.87301509E+013   3.93119873E+014   2.02722390E+014   0.00000000E+000   0.00000000E+000   0.00000000E+000   2.82117191E+014   6.14686096E+013   3.54786071E+014   0.00000000E+000   0.00000000E+000
   0.00000000E+000
     220   1.33327919E+015   3.88448683E+013   3.93172979E+014   2.03143136E+014   0.00000000E+000   0.00000000E+000   0.00000000E+000   2.82111690E+014   6.18344185E+013   3.54172095E+014   0.00000000E+000   0.00000000E+000
   0.00000000E+000
     221   1.33431379E+015   3.89581077E+013   3.93223420E+014   2.03113666E+014   0.00000000E+000   0.00000000E+000   0.00000000E+000   2.82579839E+014   6.24437945E+013   3.53994966E+014   0.00000000E+000   0.00000000E+000
   0.00000000E+000
     222   1.33573177E+015   3.90692990E+013   3.93710584E+014   2.02810289E+014   0.00000000E+000   0.00000000E+000   0.00000000E+000   2.83184491E+014   6.26858360E+013   3.54271272E+014   0.00000000E+000   0.00000000E+000
   0.00000000E+000
     223   1.33779339E+015   3.92411894E+013   3.94052922E+014   2.03230600E+014   0.00000000E+000   0.00000000E+000   0.00000000E+000   2.83772257E+014   6.29277396E+013   3.54568678E+014   0.00000000E+000   0.00000000E+000
   0.00000000E+000
     224   1.33891358E+015   3.95676991E+013   3.94102377E+014   2.03250323E+014   0.00000000E+000   0.00000000E+000   0.00000000E+000   2.84341912E+014   6.31065182E+013   3.54544752E+014   0.00000000E+000   0.00000000E+000
   0.00000000E+000
     225   1.34011453E+015   3.96769532E+013   3.93842507E+014   2.03640357E+014   0.00000000E+000   0.00000000E+000   0.00000000E+000   2.84907248E+014   6.34385922E+013   3.54608868E+014   0.00000000E+000   0.00000000E+000
   0.00000000E+000
     226   1.34181459E+015   3.98394279E+013   3.94278609E+014   2.03952776E+014   0.00000000E+000   0.00000000E+000   0.00000000E+000   2.85272167E+014   6.37887259E+013   3.54682881E+014   0.00000000E+000   0.00000000E+000
   0.00000000E+000
     227   1.34384240E+015   3.99945910E+013   3.94779456E+014   2.04287412E+014   0.00000000E+000   0.00000000E+000   0.00000000E+000   2.85778637E+014   6.40204005E+013   3.54981906E+014   0.00000000E+000   0.00000000E+000
   0.00000000E+000
     228   1.34561841E+015   4.03957117E+013   3.94951198E+014   2.04410378E+014   0.00000000E+000   0.00000000E+000   0.00000000E+000   2.86098696E+014   6.46633658E+013   3.55099059E+014   0.00000000E+000   0.00000000E+000
   0.00000000E+000
     229   1.34723210E+015   4.07642228E+013   3.95400224E+014   2.04394635E+014   0.00000000E+000   0.00000000E+000   0.00000000E+000   2.86663866E+014   6.49063705E+013   3.55102787E+014   0.00000000E+000   0.00000000E+000
   0.00000000E+000
     230   1.34783584E+015   4.09174114E+013   3.94986037E+014   2.04809285E+014   0.00000000E+000   0.00000000E+000   0.00000000E+000   2.86578662E+014   6.54589682E+013   3.55085479E+014   0.00000000E+000   0.00000000E+000
   0.00000000E+000
     231   1.34955997E+015   4.12038002E+013   3.95396800E+014   2.04984680E+014   0.00000000E+000   0.00000000E+000   0.00000000E+000   2.86808825E+014   6.60179697E+013   3.55147895E+014   0.00000000E+000   0.00000000E+000
   0.00000000E+000
     232   1.35091425E+015   4.14969304E+013   3.95724374E+014   2.05186072E+014   0.00000000E+000   0.00000000E+000   0.00000000E+000   2.87090065E+014   6.63668814E+013   3.55049929E+014   0.00000000E+000   0.00000000E+000
   0.00000000E+000
     233   1.35192789E+015   4.18085281E+013   3.95543071E+014   2.05439874E+014   0.00000000E+000   0.00000000E+000   0.00000000E+000   2.87241618E+014   6.70274110E+013   3.54867389E+014   0.00000000E+000   0.00000000E+000
   0.00000000E+000
     234   1.35336560E+015   4.20664370E+013   3.95621711E+014   2.05705773E+014   0.00000000E+000   0.00000000E+000   0.00000000E+000   2.87719114E+014   6.74170674E+013   3.54835496E+014   0.00000000E+000   0.00000000E+000
   0.00000000E+000
     235   1.35441317E+015   4.23965079E+013   3.95700548E+014   2.05563601E+014   0.00000000E+000   0.00000000E+000   0.00000000E+000   2.88033973E+014   6.78563513E+013   3.54862187E+014   0.00000000E+000   0.00000000E+000
   0.00000000E+000
     236   1.35542702E+015   4.29579142E+013   3.95698610E+014   2.05597541E+014   0.00000000E+000   0.00000000E+000   0.00000000E+000   2.88038578E+014   6.84053557E+013   3.54729019E+014   0.00000000E+000   0.00000000E+000
   0.00000000E+000
     237   1.35730801E+015   4.33570289E+013   3.95950337E+014   2.05608613E+014   0.00000000E+000   0.00000000E+000   0.00000000E+000   2.88535460E+014   6.88632056E+013   3.54993367E+014   0.00000000E+000   0.00000000E+000
   0.00000000E+000
     238   1.35846519E+015   4.34792175E+013   3.96053253E+014   2.05981734E+014   0.00000000E+000   0.00000000E+000   0.00000000E+000   2.89062563E+014   6.91480469E+013   3.54740376E+014   0.00000000E+000   0.00000000E+000
   0.00000000E+000
     239   1.36059705E+015   4.37483473E+013   3.96269176E+014   2.06434557E+014   0.00000000E+000   0.00000000E+000   0.00000000E+000   2.89740576E+014   6.94821602E+013   3.54922238E+014   0.00000000E+000   0.00000000E+000
   0.00000000E+000
     240   1.36246881E+015   4.38712352E+013   3.96938742E+014   2.06823849E+014   0.00000000E+000   0.00000000E+000   0.00000000E+000   2.90248350E+014   6.98676791E+013   3.54718954E+014   0.00000000E+000   0.00000000E+000
   0.00000000E+000
     241   1.36483468E+015   4.42106215E+013   3.97196880E+014   2.07238826E+014   0.00000000E+000   0.00000000E+000   0.00000000E+000   2.90834967E+014   7.01178782E+013   3.55235511E+014   0.00000000E+000   0.00000000E+000
   0.00000000E+000
     242   1.36788857E+015   4.43365312E+013   3.98029116E+014   2.07735394E+014   0.00000000E+000   0.00000000E+000   0.00000000E+000   2.91528526E+014   7.05571230E+013   3.55701880E+014   0.00000000E+000   0.00000000E+000
   0.00000000E+000
     243   1.37033695E+015   4.46043743E+013   3.98560085E+014   2.08117999E+014   0.00000000E+000   0.00000000E+000   0.00000000E+000   2.92027738E+014   7.10563190E+013   3.55970432E+014   0.00000000E+000   0.00000000E+000
   0.00000000E+000
     244   1.37327365E+015   4.47275976E+013   3.99097553E+014   2.08724557E+014   0.00000000E+000   0.00000000E+000   0.00000000E+000   2.92694224E+014   7.13983695E+013   3.56631346E+014   0.00000000E+000   0.00000000E+000
   0.00000000E+000
     245   1.37566893E+015   4.48493696E+013   3.99504713E+014   2.09222913E+014   0.00000000E+000   0.00000000E+000   0.00000000E+000   2.93397862E+014   7.16413902E+013   3.57052678E+014   0.00000000E+000   0.00000000E+000
   0.00000000E+000
     246   1.37792875E+015   4.49700927E+013   3.99886925E+014   2.09816637E+014   0.00000000E+000   0.00000000E+000   0.00000000E+000   2.93951095E+014   7.19652938E+013   3.57338709E+014   0.00000000E+000   0.00000000E+000
   0.00000000E+000
     247   1.37983273E+015   4.51553821E+013   4.00044336E+014   2.10193692E+014   0.00000000E+000   0.00000000E+000   0.00000000E+000   2.94311300E+014   7.23940617E+013   3.57733956E+014   0.00000000E+000   0.00000000E+000
   0.00000000E+000
     248   1.38204578E+015   4.52653882E+013   4.00644829E+014   2.10477657E+014   0.00000000E+000   0.00000000E+000   0.00000000E+000   2.94744711E+014   7.27439590E+013   3.58169239E+014   0.00000000E+000   0.00000000E+000
   0.00000000E+000
     249   1.38548114E+015   4.53906562E+013   4.01482559E+014   2.11001137E+014   0.00000000E+000   0.00000000E+000   0.00000000E+000   2.95508908E+014   7.29959188E+013   3.59101959E+014   0.00000000E+000   0.00000000E+000
   0.00000000E+000
     250   1.38729858E+015   4.55020183E+013   4.01760739E+014   2.11256979E+014   0.00000000E+000   0.00000000E+000   0.00000000E+000   2.96117913E+014   7.33618572E+013   3.59299076E+014   0.00000000E+000   0.00000000E+000
   0.00000000E+000
     251   1.39003460E+015   4.58328972E+013   4.02645438E+014   2.11312744E+014   0.00000000E+000   0.00000000E+000   0.00000000E+000   2.96671341E+014   7.36101853E+013   3.59961993E+014   0.00000000E+000   0.00000000E+000
   0.00000000E+000
     252   1.39158162E+015   4.59307526E+013   4.03413950E+014   2.11400524E+014   0.00000000E+000   0.00000000E+000   0.00000000E+000   2.96823020E+014   7.43770442E+013   3.59636333E+014   0.00000000E+000   0.00000000E+000
   0.00000000E+000
     253   1.39506149E+015   4.60284094E+013   4.04224209E+014   2.12232532E+014   0.00000000E+000   0.00000000E+000   0.00000000E+000   2.97690277E+014   7.46191133E+013   3.60266946E+014   0.00000000E+000   0.00000000E+000
   0.00000000E+000
     254   1.39808682E+015   4.62491475E+013   4.04986891E+014   2.12638300E+014   0.00000000E+000   0.00000000E+000   0.00000000E+000   2.98354430E+014   7.48096091E+013   3.61048446E+014   0.00000000E+000   0.00000000E+000
   0.00000000E+000
     255   1.40094808E+015   4.63440621E+013   4.05791900E+014   2.13291728E+014   0.00000000E+000   0.00000000E+000   0.00000000E+000   2.99136625E+014   7.51458911E+013   3.61237877E+014   0.00000000E+000   0.00000000E+000
   0.00000000E+000
     256   1.40280553E+015   4.67459449E+013   4.06236608E+014   2.13453703E+014   0.00000000E+000   0.00000000E+000   0.00000000E+000   2.99584113E+014   7.53606883E+013   3.61424472E+014   0.00000000E+000   0.00000000E+000
   0.00000000E+000
     257   1.40547383E+015   4.68207720E+013   4.06799456E+014   2.14125188E+014   0.00000000E+000   0.00000000E+000   0.00000000E+000   3.00175831E+014   7.56714266E+013   3.61881156E+014   0.00000000E+000   0.00000000E+000
   0.00000000E+000
     258   1.40843200E+015   4.70166704E+013   4.07325877E+014   2.14699085E+014   0.00000000E+000   0.00000000E+000   0.00000000E+000   3.01047823E+014   7.58434299E+013   3.62499119E+014   0.00000000E+000   0.00000000E+000
   0.00000000E+000
     259   1.41179800E+015   4.71046778E+013   4.08531923E+014   2.15282534E+014   0.00000000E+000   0.00000000E+000   0.00000000E+000   3.01829434E+014   7.59965746E+013   3.63052857E+014   0.00000000E+000   0.00000000E+000
   0.00000000E+000
     260   1.41371859E+015   4.71910317E+013   4.09098166E+014   2.15522485E+014   0.00000000E+000   0.00000000E+000   0.00000000E+000   3.02393153E+014   7.61351577E+013   3.63378595E+014   0.00000000E+000   0.00000000E+000
   0.00000000E+000
     261   1.41735718E+015   4.72759449E+013   4.09946301E+014   2.16153500E+014   0.00000000E+000   0.00000000E+000   0.00000000E+000   3.03281438E+014   7.65773827E+013   3.64122611E+014   0.00000000E+000   0.00000000E+000
   0.00000000E+000
     262   1.42115558E+015   4.73594147E+013   4.11003225E+014   2.16893419E+014   0.00000000E+000   0.00000000E+000   0.00000000E+000   3.03935332E+014   7.67906904E+013   3.65173496E+014   0.00000000E+000   0.00000000E+000
   0.00000000E+000
     263   1.42508636E+015   4.74411278E+013   4.12091538E+014   2.17650410E+014   0.00000000E+000   0.00000000E+000   0.00000000E+000   3.04901582E+014   7.69318535E+013   3.66069846E+014   0.00000000E+000   0.00000000E+000
   0.00000000E+000
     264   1.42866189E+015   4.75206280E+013   4.13053747E+014   2.18152791E+014   0.00000000E+000   0.00000000E+000   0.00000000E+000   3.05636482E+014   7.72592686E+013   3.67038974E+014   0.00000000E+000   0.00000000E+000
   0.00000000E+000
     265   1.43238420E+015   4.78830758E+013   4.13874388E+014   2.18793057E+014   0.00000000E+000   0.00000000E+000   0.00000000E+000   3.06349174E+014   7.73344938E+013   3.68150015E+014   0.00000000E+000   0.00000000E+000
   0.00000000E+000
     266   1.43665096E+015   4.79502325E+013   4.15083847E+014   2.19503540E+014   0.00000000E+000   0.00000000E+000   0.00000000E+000   3.07472833E+014   7.74466772E+013   3.69193831E+014   0.00000000E+000   0.00000000E+000
   0.00000000E+000
     267   1.44163915E+015   4.80202034E+013   4.16457425E+014   2.20388128E+014   0.00000000E+000   0.00000000E+000   0.00000000E+000   3.08540886E+014   7.77438274E+013   3.70488683E+014   0.00000000E+000   0.00000000E+000
   0.00000000E+000
     268   1.44504960E+015   4.80923409E+013   4.17449251E+014   2.20755086E+014   0.00000000E+000   0.00000000E+000   0.00000000E+000   3.09623851E+014   7.78524878E+013   3.71276579E+014   0.00000000E+000   0.00000000E+000
   0.00000000E+000
     269   1.44916299E+015   4.81632745E+013   4.18704954E+014   2.21429328E+014   0.00000000E+000   0.00000000E+000   0.00000000E+000   3.10479800E+014   7.79181519E+013   3.72467482E+014   0.00000000E+000   0.00000000E+000
   0.00000000E+000
     270   1.45319199E+015   4.82330280E+013   4.19694687E+014   2.22111580E+014   0.00000000E+000   0.00000000E+000   0.00000000E+000   3.11340735E+014   7.83699831E+013   3.73441979E+014   0.00000000E+000   0.00000000E+000
   0.00000000E+000
     271   1.45746658E+015   4.87802572E+013   4.20767869E+014   2.22526607E+014   0.00000000E+000   0.00000000E+000   0.00000000E+000   3.12133468E+014   7.88908212E+013   3.74367562E+014   0.00000000E+000   0.00000000E+000
   0.00000000E+000
     272   1.46153458E+015   4.89279837E+013   4.21892441E+014   2.23239787E+014   0.00000000E+000   0.00000000E+000   0.00000000E+000   3.13105598E+014   7.90428442E+013   3.75325922E+014   0.00000000E+000   0.00000000E+000
   0.00000000E+000
     273   1.46605195E+015   4.91065373E+013   4.22804278E+014   2.23976245E+014   0.00000000E+000   0.00000000E+000   0.00000000E+000   3.14030724E+014   7.97402367E+013   3.76393925E+014   0.00000000E+000   0.00000000E+000
   0.00000000E+000
     274   1.46984826E+015   4.91825854E+013   4.23985641E+014   2.24621434E+014   0.00000000E+000   0.00000000E+000   0.00000000E+000   3.14850292E+014   8.00317596E+013   3.77176550E+014   0.00000000E+000   0.00000000E+000
   0.00000000E+000
     275   1.47383686E+015   4.92950287E+013   4.25244214E+014   2.25336568E+014   0.00000000E+000   0.00000000E+000   0.00000000E+000   3.15522602E+014   8.05646370E+013   3.77873815E+014   0.00000000E+000   0.00000000E+000
   0.00000000E+000
     276   1.47765680E+015   4.92700739E+013   4.26464852E+014   2.26160451E+014   0.00000000E+000   0.00000000E+000   0.00000000E+000   3.16023408E+014   8.09244788E+013   3.78813536E+014   0.00000000E+000   0.00000000E+000
   0.00000000E+000
     277   1.48273416E+015   4.93401751E+013   4.28016884E+014   2.26964364E+014   0.00000000E+000   0.00000000E+000   0.00000000E+000   3.16939577E+014   8.13594640E+013   3.80113698E+014   0.00000000E+000   0.00000000E+000
   0.00000000E+000
     278   1.48756639E+015   4.94469308E+013   4.29428738E+014   2.27674401E+014   0.00000000E+000   0.00000000E+000   0.00000000E+000   3.18099206E+014   8.15319384E+013   3.81385173E+014   0.00000000E+000   0.00000000E+000
   0.00000000E+000
     279   1.49242294E+015   4.95134659E+013   4.31058171E+014   2.28522822E+014   0.00000000E+000   0.00000000E+000   0.00000000E+000   3.19097251E+014   8.17242959E+013   3.82506936E+014   0.00000000E+000   0.00000000E+000
   0.00000000E+000
     280   1.49648923E+015   4.95801046E+013   4.32217606E+014   2.29313314E+014   0.00000000E+000   0.00000000E+000   0.00000000E+000   3.19711402E+014   8.20874598E+013   3.83579346E+014   0.00000000E+000   0.00000000E+000
   0.00000000E+000
     281   1.50125761E+015   4.96463419E+013   4.33753140E+014   2.30160011E+014   0.00000000E+000   0.00000000E+000   0.00000000E+000   3.20597921E+014   8.22517188E+013   3.84848474E+014   0.00000000E+000   0.00000000E+000
   0.00000000E+000
     282   1.50562322E+015   4.96443686E+013   4.35088851E+014   2.30907565E+014   0.00000000E+000   0.00000000E+000   0.00000000E+000   3.21603357E+014   8.24073061E+013   3.85971768E+014   0.00000000E+000   0.00000000E+000
   0.00000000E+000
     283   1.51004676E+015   4.98665788E+013   4.36474710E+014   2.31696010E+014   0.00000000E+000   0.00000000E+000   0.00000000E+000   3.22259089E+014   8.27906954E+013   3.86959675E+014   0.00000000E+000   0.00000000E+000
   0.00000000E+000
     284   1.51554733E+015   5.00243527E+013   4.38152815E+014   2.32359853E+014   0.00000000E+000   0.00000000E+000   0.00000000E+000   3.23496161E+014   8.32000470E+013   3.88314103E+014   0.00000000E+000   0.00000000E+000
   0.00000000E+000
     285   1.52022414E+015   5.00332966E+013   4.39583398E+014   2.33113261E+014   0.00000000E+000   0.00000000E+000   0.00000000E+000   3.24407355E+014   8.35290947E+013   3.89557733E+014   0.00000000E+000   0.00000000E+000
   0.00000000E+000
     286   1.52445652E+015   5.00997534E+013   4.40882505E+014   2.33724541E+014   0.00000000E+000   0.00000000E+000   0.00000000E+000   3.25577840E+014   8.36908630E+013   3.90481023E+014   0.00000000E+000   0.00000000E+000
   0.00000000E+000
     287   1.52918282E+015   5.01461661E+013   4.42521891E+014   2.34360636E+014   0.00000000E+000   0.00000000E+000   0.00000000E+000   3.26499950E+014   8.40664431E+013   3.91587735E+014   0.00000000E+000   0.00000000E+000
   0.00000000E+000
     288   1.53336111E+015   5.02082032E+013   4.43524829E+014   2.35250964E+014   0.00000000E+000   0.00000000E+000   0.00000000E+000   3.27358969E+014   8.44301947E+013   3.92587945E+014   0.00000000E+000   0.00000000E+000
   0.00000000E+000
     289   1.53807352E+015   5.02789848E+013   4.45096961E+014   2.36202172E+014   0.00000000E+000   0.00000000E+000   0.00000000E+000   3.28181709E+014   8.47700157E+013   3.93543678E+014   0.00000000E+000   0.00000000E+000
   0.00000000E+000
     290   1.54283236E+015   5.03035189E+013   4.46379417E+014   2.37242163E+014   0.00000000E+000   0.00000000E+000   0.00000000E+000   3.29052417E+014   8.50937224E+013   3.94761126E+014   0.00000000E+000   0.00000000E+000
   0.00000000E+000
     291   1.54812401E+015   5.03592755E+013   4.47893674E+014   2.37965829E+014   0.00000000E+000   0.00000000E+000   0.00000000E+000   3.30361980E+014   8.52886423E+013   3.96254608E+014   0.00000000E+000   0.00000000E+000
   0.00000000E+000
     292   1.55322466E+015   5.05786757E+013   4.48966027E+014   2.38987793E+014   0.00000000E+000   0.00000000E+000   0.00000000E+000   3.31518721E+014   8.56415550E+013   3.97531893E+014   0.00000000E+000   0.00000000E+000
   0.00000000E+000
     293   1.55847796E+015   5.06437541E+013   4.50469599E+014   2.40102341E+014   0.00000000E+000   0.00000000E+000   0.00000000E+000   3.32529584E+014   8.57055727E+013   3.99027112E+014   0.00000000E+000   0.00000000E+000
   0.00000000E+000
     294   1.56111340E+015   5.07092957E+013   4.52042393E+014   2.40231821E+014   0.00000000E+000   0.00000000E+000   0.00000000E+000   3.32406718E+014   8.58585680E+013   3.99864610E+014   0.00000000E+000   0.00000000E+000
   0.00000000E+000
     295   1.56578818E+015   5.07871993E+013   4.53610888E+014   2.40949540E+014   0.00000000E+000   0.00000000E+000   0.00000000E+000   3.33423290E+014   8.58827293E+013   4.01134534E+014   0.00000000E+000   0.00000000E+000
   0.00000000E+000
     296   1.57083865E+015   5.08641528E+013   4.54976442E+014   2.41888403E+014   0.00000000E+000   0.00000000E+000   0.00000000E+000   3.34569312E+014   8.60537143E+013   4.02486625E+014   0.00000000E+000   0.00000000E+000
   0.00000000E+000
     297   1.57533080E+015   5.09390117E+013   4.56603865E+014   2.42780340E+014   0.00000000E+000   0.00000000E+000   0.00000000E+000   3.35392224E+014   8.62229664E+013   4.03392394E+014   0.00000000E+000   0.00000000E+000
   0.00000000E+000
     298   1.57906540E+015   5.10131974E+013   4.57074993E+014   2.43562439E+014   0.00000000E+000   0.00000000E+000   0.00000000E+000   3.36535278E+014   8.65852133E+013   4.04294280E+014   0.00000000E+000   0.00000000E+000
   0.00000000E+000
     299   1.58412257E+015   5.10887036E+013   4.58547987E+014   2.44660808E+014   0.00000000E+000   0.00000000E+000   0.00000000E+000   3.37721164E+014   8.66622184E+013   4.05441688E+014   0.00000000E+000   0.00000000E+000
   0.00000000E+000
     300   1.58822806E+015   5.11657195E+013   4.59723204E+014   2.45601664E+014   0.00000000E+000   0.00000000E+000   0.00000000E+000   3.38748575E+014   8.68299202E+013   4.06158977E+014   0.00000000E+000   0.00000000E+000
   0.00000000E+000
     301   1.59269789E+015   5.12434607E+013   4.61031794E+014   2.46432940E+014   0.00000000E+000   0.00000000E+000   0.00000000E+000   3.39638513E+014   8.70046190E+013   4.07346560E+014   0.00000000E+000   0.00000000E+000
   0.00000000E+000
     302   1.59671048E+015   5.13224835E+013   4.62346133E+014   2.47437022E+014   0.00000000E+000   0.00000000E+000   0.00000000E+000   3.40638411E+014   8.71697305E+013   4.07796703E+014   0.00000000E+000   0.00000000E+000
   0.00000000E+000
     303   1.60130437E+015   5.16610595E+013   4.63860475E+014   2.47989996E+014   0.00000000E+000   0.00000000E+000   0.00000000E+000   3.41497289E+014   8.73371681E+013   4.08958383E+014   0.00000000E+000   0.00000000E+000
   0.00000000E+000
     304   1.60665778E+015   5.17044963E+013   4.65699268E+014   2.48939238E+014   0.00000000E+000   0.00000000E+000   0.00000000E+000   3.42820979E+014   8.75072892E+013   4.09986508E+014   0.00000000E+000   0.00000000E+000
   0.00000000E+000
     305   1.61096858E+015   5.18253165E+013   4.66457702E+014   2.49513074E+014   0.00000000E+000   0.00000000E+000   0.00000000E+000   3.44009816E+014   8.76800281E+013   4.11482639E+014   0.00000000E+000   0.00000000E+000
   0.00000000E+000
     306   1.61598865E+015   5.23466522E+013   4.68002418E+014   2.50445478E+014   0.00000000E+000   0.00000000E+000   0.00000000E+000   3.44606373E+014   8.79561472E+013   4.12631578E+014   0.00000000E+000   0.00000000E+000
   0.00000000E+000
     307   1.62142734E+015   5.24399806E+013   4.69759826E+014   2.51352707E+014   0.00000000E+000   0.00000000E+000   0.00000000E+000   3.45773593E+014   8.81575687E+013   4.13943663E+014   0.00000000E+000   0.00000000E+000
   0.00000000E+000
     308   1.62568335E+015   5.25425742E+013   4.70913590E+014   2.52483011E+014   0.00000000E+000   0.00000000E+000   0.00000000E+000   3.46872408E+014   8.83313344E+013   4.14540437E+014   0.00000000E+000   0.00000000E+000
   0.00000000E+000
     309   1.63036078E+015   5.24961047E+013   4.72326721E+014   2.53437398E+014   0.00000000E+000   0.00000000E+000   0.00000000E+000   3.48009523E+014   8.85580569E+013   4.15532977E+014   0.00000000E+000   0.00000000E+000
   0.00000000E+000
     310   1.63544536E+015   5.25909622E+013   4.73653328E+014   2.54374193E+014   0.00000000E+000   0.00000000E+000   0.00000000E+000   3.49336305E+014   8.85760708E+013   4.16914504E+014   0.00000000E+000   0.00000000E+000
   0.00000000E+000
     311   1.64069885E+015   5.24228773E+013   4.75420220E+014   2.55388124E+014   0.00000000E+000   0.00000000E+000   0.00000000E+000   3.50482247E+014   8.87099945E+013   4.18275388E+014   0.00000000E+000   0.00000000E+000
   0.00000000E+000
     312   1.64528080E+015   5.25079005E+013   4.76898044E+014   2.55739231E+014   0.00000000E+000   0.00000000E+000   0.00000000E+000   3.51576507E+014   8.88847118E+013   4.19674411E+014   0.00000000E+000   0.00000000E+000
   0.00000000E+000
     313   1.64865142E+015   5.25986339E+013   4.77549123E+014   2.56287924E+014   0.00000000E+000   0.00000000E+000   0.00000000E+000   3.52381394E+014   8.91371853E+013   4.20697158E+014   0.00000000E+000   0.00000000E+000
   0.00000000E+000
     314   1.65301921E+015   5.27380667E+013   4.78148147E+014   2.57051917E+014   0.00000000E+000   0.00000000E+000   0.00000000E+000   3.53392347E+014   8.97335226E+013   4.21955213E+014   0.00000000E+000   0.00000000E+000
   0.00000000E+000
     315   1.65814162E+015   5.27994373E+013   4.79674703E+014   2.57960148E+014   0.00000000E+000   0.00000000E+000   0.00000000E+000   3.54570899E+014   8.98939662E+013   4.23242467E+014   0.00000000E+000   0.00000000E+000
   0.00000000E+000
     316   1.66168959E+015   5.31461885E+013   4.80225364E+014   2.58480804E+014   0.00000000E+000   0.00000000E+000   0.00000000E+000   3.55263712E+014   8.97893123E+013   4.24784213E+014   0.00000000E+000   0.00000000E+000
   0.00000000E+000
     317   1.66502850E+015   5.35069925E+013   4.81041342E+014   2.59213285E+014   0.00000000E+000   0.00000000E+000   0.00000000E+000   3.55422441E+014   8.99251103E+013   4.25919329E+014   0.00000000E+000   0.00000000E+000
   0.00000000E+000
     318   1.66787549E+015   5.36624168E+013   4.81520007E+014   2.59840631E+014   0.00000000E+000   0.00000000E+000   0.00000000E+000   3.55769096E+014   9.01103020E+013   4.26973034E+014   0.00000000E+000   0.00000000E+000
   0.00000000E+000
     319   1.66737817E+015   5.40322080E+013   4.81504396E+014   2.60158606E+014   0.00000000E+000   0.00000000E+000   0.00000000E+000   3.55084693E+014   9.02800565E+013   4.26318213E+014   0.00000000E+000   0.00000000E+000
   0.00000000E+000
     320   1.66532015E+015   5.41188083E+013   4.79804150E+014   2.60504473E+014   0.00000000E+000   0.00000000E+000   0.00000000E+000   3.54970419E+014   9.05548384E+013   4.25367465E+014   0.00000000E+000   0.00000000E+000
   0.00000000E+000
     321   1.66621450E+015   5.41622451E+013   4.79383316E+014   2.61163821E+014   0.00000000E+000   0.00000000E+000   0.00000000E+000   3.55514817E+014   9.07070781E+013   4.25283222E+014   0.00000000E+000   0.00000000E+000
   0.00000000E+000
     322   1.66738353E+015   5.43074775E+013   4.79075455E+014   2.61944916E+014   0.00000000E+000   0.00000000E+000   0.00000000E+000   3.55593610E+014   9.09530287E+013   4.25509042E+014   0.00000000E+000   0.00000000E+000
   0.00000000E+000
     323   1.66854183E+015   5.44034534E+013   4.79162609E+014   2.62491443E+014   0.00000000E+000   0.00000000E+000   0.00000000E+000   3.55610569E+014   9.12521090E+013   4.25621642E+014   0.00000000E+000   0.00000000E+000
   0.00000000E+000
     324   1.66644734E+015   5.44995418E+013   4.78106857E+014   2.63159074E+014   0.00000000E+000   0.00000000E+000   0.00000000E+000   3.54670074E+014   9.14230465E+013   4.24588751E+014   0.00000000E+000   0.00000000E+000
   0.00000000E+000
     325   1.66913621E+015   5.47315465E+013   4.78752594E+014   2.63639182E+014   0.00000000E+000   0.00000000E+000   0.00000000E+000   3.54829758E+014   9.17629161E+013   4.25420219E+014   0.00000000E+000   0.00000000E+000
   0.00000000E+000
     326   1.67211206E+015   5.48834577E+013   4.79406479E+014   2.64471119E+014   0.00000000E+000   0.00000000E+000   0.00000000E+000   3.55176275E+014   9.19559435E+013   4.26218783E+014   0.00000000E+000   0.00000000E+000
   0.00000000E+000
     327   1.67471680E+015   5.49988368E+013   4.79896895E+014   2.65102619E+014   0.00000000E+000   0.00000000E+000   0.00000000E+000   3.56011675E+014   9.21401480E+013   4.26566626E+014   0.00000000E+000   0.00000000E+000
   0.00000000E+000
     328   1.67772085E+015   5.49105026E+013   4.80499142E+014   2.65607767E+014   0.00000000E+000   0.00000000E+000   0.00000000E+000   3.56854029E+014   9.23196796E+013   4.27529730E+014   0.00000000E+000   0.00000000E+000
   0.00000000E+000
     329   1.68181024E+015   5.49597565E+013   4.81587778E+014   2.66511757E+014   0.00000000E+000   0.00000000E+000   0.00000000E+000   3.57274554E+014   9.28712639E+013   4.28605134E+014   0.00000000E+000   0.00000000E+000
   0.00000000E+000
     330   1.68483399E+015   5.50847264E+013   4.82804523E+014   2.67340110E+014   0.00000000E+000   0.00000000E+000   0.00000000E+000   3.57544428E+014   9.30638505E+013   4.28996350E+014   0.00000000E+000   0.00000000E+000
   0.00000000E+000
     331   1.68854043E+015   5.53776222E+013   4.83880711E+014   2.67936659E+014   0.00000000E+000   0.00000000E+000   0.00000000E+000   3.58396982E+014   9.32811175E+013   4.29667338E+014   0.00000000E+000   0.00000000E+000
   0.00000000E+000
     332   1.69198584E+015   5.55039357E+013   4.85091514E+014   2.68650664E+014   0.00000000E+000   0.00000000E+000   0.00000000E+000   3.58291731E+014   9.38134322E+013   4.30634561E+014   0.00000000E+000   0.00000000E+000
   0.00000000E+000
     333   1.69673245E+015   5.56589410E+013   4.86013634E+014   2.69698116E+014   0.00000000E+000   0.00000000E+000   0.00000000E+000   3.59417571E+014   9.39944373E+013   4.31949755E+014   0.00000000E+000   0.00000000E+000
   0.00000000E+000
     334   1.70082509E+015   5.57884837E+013   4.87057330E+014   2.70634901E+014   0.00000000E+000   0.00000000E+000   0.00000000E+000   3.60053503E+014   9.41841607E+013   4.33106707E+014   0.00000000E+000   0.00000000E+000
   0.00000000E+000
     335   1.70467286E+015   5.58896319E+013   4.87939702E+014   2.71044231E+014   0.00000000E+000   0.00000000E+000   0.00000000E+000   3.60885396E+014   9.44369411E+013   4.34476962E+014   0.00000000E+000   0.00000000E+000
   0.00000000E+000
     336   1.71086290E+015   5.66742185E+013   4.89655250E+014   2.72090137E+014   0.00000000E+000   0.00000000E+000   0.00000000E+000   3.62019774E+014   9.46192363E+013   4.35804285E+014   0.00000000E+000   0.00000000E+000
   0.00000000E+000
     337   1.71561766E+015   5.67709315E+013   4.90673667E+014   2.73197863E+014   0.00000000E+000   0.00000000E+000   0.00000000E+000   3.63100514E+014   9.47902244E+013   4.37084462E+014   0.00000000E+000   0.00000000E+000
   0.00000000E+000
     338   1.72053032E+015   5.68829945E+013   4.92098573E+014   2.74008221E+014   0.00000000E+000   0.00000000E+000   0.00000000E+000   3.64347395E+014   9.49746370E+013   4.38218497E+014   0.00000000E+000   0.00000000E+000
   0.00000000E+000
     339   1.72666327E+015   5.69903757E+013   4.93866841E+014   2.74995927E+014   0.00000000E+000   0.00000000E+000   0.00000000E+000   3.65861229E+014   9.51739649E+013   4.39774937E+014   0.00000000E+000   0.00000000E+000
   0.00000000E+000
     340   1.73154101E+015   5.72343952E+013   4.95285212E+014   2.75706357E+014   0.00000000E+000   0.00000000E+000   0.00000000E+000   3.67066935E+014   9.53429893E+013   4.40905119E+014   0.00000000E+000   0.00000000E+000
   0.00000000E+000
     341   1.73640520E+015   5.72916598E+013   4.97175167E+014   2.76213271E+014   0.00000000E+000   0.00000000E+000   0.00000000E+000   3.67925844E+014   9.52197830E+013   4.42579471E+014   0.00000000E+000   0.00000000E+000
   0.00000000E+000
     342   1.74223045E+015   5.73979262E+013   4.98753003E+014   2.77333431E+014   0.00000000E+000   0.00000000E+000   0.00000000E+000   3.69241383E+014   9.53929725E+013   4.44111738E+014   0.00000000E+000   0.00000000E+000
   0.00000000E+000
     343   1.74752421E+015   5.76440250E+013   5.00713320E+014   2.77763630E+014   0.00000000E+000   0.00000000E+000   0.00000000E+000   3.69873253E+014   9.56577873E+013   4.45872190E+014   0.00000000E+000   0.00000000E+000
   0.00000000E+000
     344   1.75270842E+015   5.77476179E+013   5.01855662E+014   2.78813834E+014   0.00000000E+000   0.00000000E+000   0.00000000E+000   3.71134876E+014   9.58452773E+013   4.47311149E+014   0.00000000E+000   0.00000000E+000
   0.00000000E+000
     345   1.75773832E+015   5.77339805E+013   5.03579821E+014   2.79134004E+014   0.00000000E+000   0.00000000E+000   0.00000000E+000   3.72326241E+014   9.60199063E+013   4.48944365E+014   0.00000000E+000   0.00000000E+000
   0.00000000E+000
     346   1.76179811E+015   5.78843943E+013   5.05169372E+014   2.79453594E+014   0.00000000E+000   0.00000000E+000   0.00000000E+000   3.73271916E+014   9.61811730E+013   4.49837659E+014   0.00000000E+000   0.00000000E+000
   0.00000000E+000
     347   1.76746855E+015   5.79494542E+013   5.07070534E+014   2.80351760E+014   0.00000000E+000   0.00000000E+000   0.00000000E+000   3.74401086E+014   9.64630355E+013   4.51232680E+014   0.00000000E+000   0.00000000E+000
   0.00000000E+000
     348   1.77288898E+015   5.80479655E+013   5.08431223E+014   2.81334311E+014   0.00000000E+000   0.00000000E+000   0.00000000E+000   3.75723826E+014   9.66376206E+013   4.52714038E+014   0.00000000E+000   0.00000000E+000
   0.00000000E+000
     349   1.77848547E+015   5.82904971E+013   5.10213817E+014   2.82186287E+014   0.00000000E+000   0.00000000E+000   0.00000000E+000   3.76541538E+014   9.69817926E+013   4.54271543E+014   0.00000000E+000   0.00000000E+000
   0.00000000E+000
     350   1.78254244E+015   5.86469570E+013   5.11754552E+014   2.82959874E+014   0.00000000E+000   0.00000000E+000   0.00000000E+000   3.76660791E+014   9.71392908E+013   4.55380977E+014   0.00000000E+000   0.00000000E+000
   0.00000000E+000
     351   1.78865901E+015   5.84657754E+013   5.13639202E+014   2.83950177E+014   0.00000000E+000   0.00000000E+000   0.00000000E+000   3.77905283E+014   9.76243284E+013   4.57074239E+014   0.00000000E+000   0.00000000E+000
   0.00000000E+000
     352   1.79396304E+015   5.85610057E+013   5.15121397E+014   2.85068308E+014   0.00000000E+000   0.00000000E+000   0.00000000E+000   3.78948152E+014   9.78487479E+013   4.58415433E+014   0.00000000E+000   0.00000000E+000
   0.00000000E+000
     353   1.79959597E+015   5.86540724E+013   5.17024553E+014   2.85684221E+014   0.00000000E+000   0.00000000E+000   0.00000000E+000   3.80151568E+014   9.81720670E+013   4.59909491E+014   0.00000000E+000   0.00000000E+000
   0.00000000E+000
     354   1.80443723E+015   5.89313336E+013   5.18170023E+014   2.86268968E+014   0.00000000E+000   0.00000000E+000   0.00000000E+000   3.81602802E+014   9.83609048E+013   4.61103201E+014   0.00000000E+000   0.00000000E+000
   0.00000000E+000
     355   1.81038575E+015   5.91143964E+013   5.19928941E+014   2.86924356E+014   0.00000000E+000   0.00000000E+000   0.00000000E+000   3.83039245E+014   9.85055045E+013   4.62873308E+014   0.00000000E+000   0.00000000E+000
   0.00000000E+000
     356   1.81599257E+015   5.91910592E+013   5.21903948E+014   2.87861069E+014   0.00000000E+000   0.00000000E+000   0.00000000E+000   3.84199068E+014   9.87094404E+013   4.64127988E+014   0.00000000E+000   0.00000000E+000
   0.00000000E+000
     357   1.82193646E+015   5.92941129E+013   5.24138634E+014   2.88083269E+014   0.00000000E+000   0.00000000E+000   0.00000000E+000   3.85512472E+014   9.88561727E+013   4.66051798E+014   0.00000000E+000   0.00000000E+000
   0.00000000E+000
     358   1.82775954E+015   5.93974733E+013   5.26006673E+014   2.89042608E+014   0.00000000E+000   0.00000000E+000   0.00000000E+000   3.86474484E+014   9.93746332E+013   4.67463666E+014   0.00000000E+000   0.00000000E+000
   0.00000000E+000
     359   1.83272076E+015   5.95013939E+013   5.27306711E+014   2.90121245E+014   0.00000000E+000   0.00000000E+000   0.00000000E+000   3.87411098E+014   9.95318707E+013   4.68848436E+014   0.00000000E+000   0.00000000E+000
   0.00000000E+000
     360   1.83832004E+015   5.96345567E+013   5.29180055E+014   2.90944165E+014   0.00000000E+000   0.00000000E+000   0.00000000E+000   3.88470395E+014   1.00160052E+014   4.69930818E+014   0.00000000E+000   0.00000000E+000
   0.00000000E+000
     361   1.84385989E+015   5.97387593E+013   5.30745563E+014   2.91817208E+014   0.00000000E+000   0.00000000E+000   0.00000000E+000   3.89847958E+014   1.00339602E+014   4.71370803E+014   0.00000000E+000   0.00000000E+000
   0.00000000E+000
     362   1.84916306E+015   5.98340918E+013   5.32233184E+014   2.92925209E+014   0.00000000E+000   0.00000000E+000   0.00000000E+000   3.90971294E+014   1.00518940E+014   4.72680340E+014   0.00000000E+000   0.00000000E+000
   0.00000000E+000
     363   1.85467581E+015   5.99395480E+013   5.34088880E+014   2.93934052E+014   0.00000000E+000   0.00000000E+000   0.00000000E+000   3.92088888E+014   1.00677357E+014   4.73947084E+014   0.00000000E+000   0.00000000E+000
   0.00000000E+000
     364   1.85945285E+015   6.00441533E+013   5.35916747E+014   2.94890868E+014   0.00000000E+000   0.00000000E+000   0.00000000E+000   3.92464008E+014   1.00847759E+014   4.75289316E+014   0.00000000E+000   0.00000000E+000
   0.00000000E+000
     365   1.86412312E+015   5.99031258E+013   5.36982449E+014   2.95709617E+014   0.00000000E+000   0.00000000E+000   0.00000000E+000   3.93591196E+014   1.01011210E+014   4.76925519E+014   0.00000000E+000   0.00000000E+000
   0.00000000E+000
     366   1.86877130E+015   6.01025604E+013   5.38667888E+014   2.96369532E+014   0.00000000E+000   0.00000000E+000   0.00000000E+000   3.94665128E+014   1.01353164E+014   4.77613031E+014   0.00000000E+000   0.00000000E+000
   0.00000000E+000
     367   1.87395284E+015   6.03037091E+013   5.40224515E+014   2.97250817E+014   0.00000000E+000   0.00000000E+000   0.00000000E+000   3.95733518E+014   1.01553092E+014   4.78887186E+014   0.00000000E+000   0.00000000E+000
   0.00000000E+000
     368   1.87908539E+015   6.04347501E+013   5.41972321E+014   2.98019890E+014   0.00000000E+000   0.00000000E+000   0.00000000E+000   3.96502673E+014   1.01988866E+014   4.80166887E+014   0.00000000E+000   0.00000000E+000
   0.00000000E+000
     369   1.88329265E+015   6.05535394E+013   5.43501071E+014   2.98626139E+014   0.00000000E+000   0.00000000E+000   0.00000000E+000   3.97314441E+014   1.02459468E+014   4.80837992E+014   0.00000000E+000   0.00000000E+000
   0.00000000E+000
     370   1.88789073E+015   6.06618242E+013   5.44898811E+014   2.98920887E+014   0.00000000E+000   0.00000000E+000   0.00000000E+000   3.98702374E+014   1.02657969E+014   4.82048867E+014   0.00000000E+000   0.00000000E+000
   0.00000000E+000
     371   1.89250041E+015   6.07723277E+013   5.45745923E+014   2.99741331E+014   0.00000000E+000   0.00000000E+000   0.00000000E+000   3.99818175E+014   1.02836060E+014   4.83586596E+014   0.00000000E+000   0.00000000E+000
   0.00000000E+000
     372   1.89810810E+015   6.09249184E+013   5.47423649E+014   3.00661362E+014   0.00000000E+000   0.00000000E+000   0.00000000E+000   4.00922805E+014   1.03017587E+014   4.85157775E+014   0.00000000E+000   0.00000000E+000
   0.00000000E+000
     373   1.90297926E+015   6.11339100E+013   5.49222797E+014   3.01443818E+014   0.00000000E+000   0.00000000E+000   0.00000000E+000   4.01903395E+014   1.03194098E+014   4.86081243E+014   0.00000000E+000   0.00000000E+000
   0.00000000E+000
     374   1.90740139E+015   6.15918575E+013   5.50210505E+014   3.01844281E+014   0.00000000E+000   0.00000000E+000   0.00000000E+000   4.02718904E+014   1.03373402E+014   4.87662436E+014   0.00000000E+000   0.00000000E+000
   0.00000000E+000
     375   1.91313053E+015   6.19880171E+013   5.51785887E+014   3.02762678E+014   0.00000000E+000   0.00000000E+000   0.00000000E+000   4.03622906E+014   1.03543327E+014   4.89427716E+014   0.00000000E+000   0.00000000E+000
   0.00000000E+000
     376   1.91535223E+015   6.22227813E+013   5.52886295E+014   3.02714353E+014   0.00000000E+000   0.00000000E+000   0.00000000E+000   4.03964409E+014   1.03726050E+014   4.89838341E+014   0.00000000E+000   0.00000000E+000
   0.00000000E+000
     377   1.91900897E+015   6.27384231E+013   5.53576237E+014   3.03519254E+014   0.00000000E+000   0.00000000E+000   0.00000000E+000   4.04368526E+014   1.03954145E+014   4.90852380E+014   0.00000000E+000   0.00000000E+000
   0.00000000E+000
     378   1.92291228E+015   6.29409713E+013   5.55242935E+014   3.04409163E+014   0.00000000E+000   0.00000000E+000   0.00000000E+000   4.04391106E+014   1.04366928E+014   4.91561180E+014   0.00000000E+000   0.00000000E+000
   0.00000000E+000
     379   1.92424248E+015   6.29419965E+013   5.55063651E+014   3.04299885E+014   0.00000000E+000   0.00000000E+000   0.00000000E+000   4.05255264E+014   1.04386464E+014   4.92295220E+014   0.00000000E+000   0.00000000E+000
   0.00000000E+000
     380   1.92829416E+015   6.30105424E+013   5.56437437E+014   3.05264603E+014   0.00000000E+000   0.00000000E+000   0.00000000E+000   4.05763335E+014   1.05004144E+014   4.92814101E+014   0.00000000E+000   0.00000000E+000
   0.00000000E+000
     381   1.93051218E+015   6.34219021E+013   5.57343032E+014   3.05242404E+014   0.00000000E+000   0.00000000E+000   0.00000000E+000   4.06296875E+014   1.05685649E+014   4.92522320E+014   0.00000000E+000   0.00000000E+000
   0.00000000E+000
     382   1.93235504E+015   6.37175614E+013   5.57676053E+014   3.05168653E+014   0.00000000E+000   0.00000000E+000   0.00000000E+000   4.06534470E+014   1.06610921E+014   4.92647382E+014   0.00000000E+000   0.00000000E+000
   0.00000000E+000
     383   1.93256148E+015   6.43208095E+013   5.56958434E+014   3.04084492E+014   0.00000000E+000   0.00000000E+000   0.00000000E+000   4.06943454E+014   1.06960818E+014   4.93293477E+014   0.00000000E+000   0.00000000E+000
   0.00000000E+000
     384   1.93312362E+015   6.46847080E+013   5.57295479E+014   3.03842271E+014   0.00000000E+000   0.00000000E+000   0.00000000E+000   4.07055169E+014   1.07417292E+014   4.92828705E+014   0.00000000E+000   0.00000000E+000
   0.00000000E+000
     385   1.93544659E+015   6.49566403E+013   5.58161163E+014   3.04380264E+014   0.00000000E+000   0.00000000E+000   0.00000000E+000   4.07046862E+014   1.07986313E+014   4.92915348E+014   0.00000000E+000   0.00000000E+000
   0.00000000E+000
     386   1.93699043E+015   6.56014914E+013   5.58325204E+014   3.04388661E+014   0.00000000E+000   0.00000000E+000   0.00000000E+000   4.06924664E+014   1.08907515E+014   4.92842894E+014   0.00000000E+000   0.00000000E+000
   0.00000000E+000
     387   1.93861953E+015   6.66281495E+013   5.58722814E+014   3.03728583E+014   0.00000000E+000   0.00000000E+000   0.00000000E+000   4.07725987E+014   1.09371567E+014   4.92442432E+014   0.00000000E+000   0.00000000E+000
   0.00000000E+000
     388   1.93929880E+015   6.70552895E+013   5.59690657E+014   3.03427837E+014   0.00000000E+000   0.00000000E+000   0.00000000E+000   4.07757497E+014   1.09773052E+014   4.91594463E+014   0.00000000E+000   0.00000000E+000
   0.00000000E+000
     389   1.93933037E+015   6.81726733E+013   5.59528046E+014   3.03245524E+014   0.00000000E+000   0.00000000E+000   0.00000000E+000   4.06866421E+014   1.11109387E+014   4.90408320E+014   0.00000000E+000   0.00000000E+000
   0.00000000E+000
     390   1.93725780E+015   6.93843712E+013   5.58042036E+014   3.03010021E+014   0.00000000E+000   0.00000000E+000   0.00000000E+000   4.06713741E+014   1.11761690E+014   4.88345943E+014   0.00000000E+000   0.00000000E+000
   0.00000000E+000
     391   1.94054235E+015   6.98309758E+013   5.58674478E+014   3.03465032E+014   0.00000000E+000   0.00000000E+000   0.00000000E+000   4.07147883E+014   1.12389915E+014   4.89034069E+014   0.00000000E+000   0.00000000E+000
   0.00000000E+000
     392   1.94107999E+015   7.04486924E+013   5.58869563E+014   3.03251080E+014   0.00000000E+000   0.00000000E+000   0.00000000E+000   4.07535790E+014   1.13077661E+014   4.87897201E+014   0.00000000E+000   0.00000000E+000
   0.00000000E+000
     393   1.94186258E+015   7.11934639E+013   5.59241377E+014   3.02862462E+014   0.00000000E+000   0.00000000E+000   0.00000000E+000   4.06906911E+014   1.14104215E+014   4.87554151E+014   0.00000000E+000   0.00000000E+000
   0.00000000E+000
     394   1.94283009E+015   7.22067179E+013   5.59030140E+014   3.02323045E+014   0.00000000E+000   0.00000000E+000   0.00000000E+000   4.07531466E+014   1.14659933E+014   4.87078787E+014   0.00000000E+000   0.00000000E+000
   0.00000000E+000
     395   1.94034959E+015   7.32056600E+013   5.58478630E+014   3.01680724E+014   0.00000000E+000   0.00000000E+000   0.00000000E+000   4.07218698E+014   1.15262595E+014   4.84503278E+014   0.00000000E+000   0.00000000E+000
   0.00000000E+000
     396   1.94138201E+015   7.39956603E+013   5.58211847E+014   3.01150030E+014   0.00000000E+000   0.00000000E+000   0.00000000E+000   4.06973557E+014   1.16175932E+014   4.84874986E+014   0.00000000E+000   0.00000000E+000
   0.00000000E+000
     397   1.94154323E+015   7.43188079E+013   5.58192035E+014   3.01339032E+014   0.00000000E+000   0.00000000E+000   0.00000000E+000   4.07179375E+014   1.17004239E+014   4.83509738E+014   0.00000000E+000   0.00000000E+000
   0.00000000E+000
     398   1.94186199E+015   7.57087693E+013   5.57667998E+014   3.00683875E+014   0.00000000E+000   0.00000000E+000   0.00000000E+000   4.07460668E+014   1.17665723E+014   4.82674953E+014   0.00000000E+000   0.00000000E+000
   0.00000000E+000
     399   1.94133107E+015   7.59875674E+013   5.57148582E+014   3.00660692E+014   0.00000000E+000   0.00000000E+000   0.00000000E+000   4.06416548E+014   1.19412480E+014   4.81705202E+014   0.00000000E+000   0.00000000E+000
   0.00000000E+000
     400   1.94223151E+015   7.69983366E+013   5.57171116E+014   3.00268389E+014   0.00000000E+000   0.00000000E+000   0.00000000E+000   4.06092918E+014   1.19925324E+014   4.81775424E+014   0.00000000E+000   0.00000000E+000
   0.00000000E+000
     401   1.94293689E+015   7.75031910E+013   5.57406915E+014   3.00552967E+014   0.00000000E+000   0.00000000E+000   0.00000000E+000   4.06376373E+014   1.19526788E+014   4.81570653E+014   0.00000000E+000   0.00000000E+000
   0.00000000E+000
     402   1.94261312E+015   7.85170938E+013   5.56651166E+014   2.99602624E+014   0.00000000E+000   0.00000000E+000   0.00000000E+000   4.06251283E+014   1.20626065E+014   4.80964890E+014   0.00000000E+000   0.00000000E+000
   0.00000000E+000
     403   1.94147031E+015   7.93758170E+013   5.56273936E+014   2.99812398E+014   0.00000000E+000   0.00000000E+000   0.00000000E+000   4.05866322E+014   1.20977727E+014   4.79164106E+014   0.00000000E+000   0.00000000E+000
   0.00000000E+000
     404   1.94250447E+015   7.98866519E+013   5.56439753E+014   2.99406486E+014   0.00000000E+000   0.00000000E+000   0.00000000E+000   4.06299879E+014   1.21485532E+014   4.78986169E+014   0.00000000E+000   0.00000000E+000
   0.00000000E+000
     405   1.94258993E+015   8.03310545E+013   5.56718251E+014   2.99171991E+014   0.00000000E+000   0.00000000E+000   0.00000000E+000   4.06044840E+014   1.22361685E+014   4.77962107E+014   0.00000000E+000   0.00000000E+000
   0.00000000E+000
     406   1.94456086E+015   8.14885530E+013   5.56846153E+014   2.99177811E+014   0.00000000E+000   0.00000000E+000   0.00000000E+000   4.06159421E+014   1.22981127E+014   4.77907792E+014   0.00000000E+000   0.00000000E+000
   0.00000000E+000
     407   1.94553587E+015   8.16701068E+013   5.57347972E+014   2.99116310E+014   0.00000000E+000   0.00000000E+000   0.00000000E+000   4.05400722E+014   1.23528379E+014   4.78472380E+014   0.00000000E+000   0.00000000E+000
   0.00000000E+000
     408   1.94701706E+015   8.19089164E+013   5.57755474E+014   2.99371081E+014   0.00000000E+000   0.00000000E+000   0.00000000E+000   4.05393496E+014   1.24743528E+014   4.77844567E+014   0.00000000E+000   0.00000000E+000
   0.00000000E+000
     409   1.94825302E+015   8.27724131E+013   5.57512542E+014   2.99457530E+014   0.00000000E+000   0.00000000E+000   0.00000000E+000   4.05744464E+014   1.24571908E+014   4.78194164E+014   0.00000000E+000   0.00000000E+000
   0.00000000E+000
     410   1.94958840E+015   8.33120492E+013   5.57661803E+014   2.99235871E+014   0.00000000E+000   0.00000000E+000   0.00000000E+000   4.05728999E+014   1.24813945E+014   4.78835732E+014   0.00000000E+000   0.00000000E+000
   0.00000000E+000
     411   1.95274777E+015   8.43118272E+013   5.57898637E+014   2.99446908E+014   0.00000000E+000   0.00000000E+000   0.00000000E+000   4.06399185E+014   1.25464293E+014   4.79226921E+014   0.00000000E+000   0.00000000E+000
   0.00000000E+000
     412   1.95244333E+015   8.44999973E+013   5.57572685E+014   2.99686940E+014   0.00000000E+000   0.00000000E+000   0.00000000E+000   4.06007136E+014   1.25960724E+014   4.78715853E+014   0.00000000E+000   0.00000000E+000
   0.00000000E+000
     413   1.95158580E+015   8.52635529E+013   5.56363394E+014   2.99632529E+014   0.00000000E+000   0.00000000E+000   0.00000000E+000   4.05386030E+014   1.26914634E+014   4.78025664E+014   0.00000000E+000   0.00000000E+000
   0.00000000E+000
     414   1.95251409E+015   8.54458702E+013   5.56579501E+014   2.99477965E+014   0.00000000E+000   0.00000000E+000   0.00000000E+000   4.05638826E+014   1.27155238E+014   4.78216687E+014   0.00000000E+000   0.00000000E+000
   0.00000000E+000
     415   1.95160672E+015   8.64514007E+013   5.54965746E+014   2.98921923E+014   0.00000000E+000   0.00000000E+000   0.00000000E+000   4.05398118E+014   1.28355854E+014   4.77513682E+014   0.00000000E+000   0.00000000E+000
   0.00000000E+000
     416   1.95213066E+015   8.69105248E+013   5.54870314E+014   2.99097602E+014   0.00000000E+000   0.00000000E+000   0.00000000E+000   4.05963712E+014   1.28632035E+014   4.76656468E+014   0.00000000E+000   0.00000000E+000
   0.00000000E+000
     417   1.95373297E+015   8.71504707E+013   5.55556140E+014   2.99379507E+014   0.00000000E+000   0.00000000E+000   0.00000000E+000   4.06242402E+014   1.28636667E+014   4.76767779E+014   0.00000000E+000   0.00000000E+000
   0.00000000E+000
     418   1.95421523E+015   8.73806400E+013   5.56018306E+014   2.99363943E+014   0.00000000E+000   0.00000000E+000   0.00000000E+000   4.05744504E+014   1.29184449E+014   4.76523386E+014   0.00000000E+000   0.00000000E+000
   0.00000000E+000
     419   1.95801758E+015   8.81710585E+013   5.56512892E+014   2.99899255E+014   0.00000000E+000   0.00000000E+000   0.00000000E+000   4.06519930E+014   1.29616932E+014   4.77297507E+014   0.00000000E+000   0.00000000E+000
   0.00000000E+000
     420   1.95770974E+015   8.85437049E+013   5.56498046E+014   2.99249794E+014   0.00000000E+000   0.00000000E+000   0.00000000E+000   4.06228971E+014   1.30449074E+014   4.76740146E+014   0.00000000E+000   0.00000000E+000
   0.00000000E+000
     421   1.95895134E+015   8.90899851E+013   5.56806184E+014   2.98888163E+014   0.00000000E+000   0.00000000E+000   0.00000000E+000   4.06663472E+014   1.30670842E+014   4.76832690E+014   0.00000000E+000   0.00000000E+000
   0.00000000E+000
     422   1.96043360E+015   8.97748358E+013   5.56352707E+014   2.99102058E+014   0.00000000E+000   0.00000000E+000   0.00000000E+000   4.06588846E+014   1.31691897E+014   4.76923252E+014   0.00000000E+000   0.00000000E+000
   0.00000000E+000
     423   1.96119025E+015   9.00989803E+013   5.57028267E+014   2.99168002E+014   0.00000000E+000   0.00000000E+000   0.00000000E+000   4.07001715E+014   1.32173610E+014   4.75719674E+014   0.00000000E+000   0.00000000E+000
   0.00000000E+000
     424   1.96243990E+015   9.08275126E+013   5.56971113E+014   2.99185667E+014   0.00000000E+000   0.00000000E+000   0.00000000E+000   4.07396207E+014   1.32431855E+014   4.75627545E+014   0.00000000E+000   0.00000000E+000
   0.00000000E+000
     425   1.96339288E+015   9.12755481E+013   5.57240648E+014   2.99188482E+014   0.00000000E+000   0.00000000E+000   0.00000000E+000   4.07508704E+014   1.32868828E+014   4.75310672E+014   0.00000000E+000   0.00000000E+000
   0.00000000E+000
     426   1.96462971E+015   9.15962726E+013   5.57626038E+014   2.99292213E+014   0.00000000E+000   0.00000000E+000   0.00000000E+000   4.07505282E+014   1.33310439E+014   4.75299469E+014   0.00000000E+000   0.00000000E+000
   0.00000000E+000
     427   1.96622942E+015   9.20531848E+013   5.57744471E+014   2.99606510E+014   0.00000000E+000   0.00000000E+000   0.00000000E+000   4.07796689E+014   1.34272884E+014   4.74755677E+014   0.00000000E+000   0.00000000E+000
   0.00000000E+000
     428   1.96687919E+015   9.26534872E+013   5.56671660E+014   2.99621951E+014   0.00000000E+000   0.00000000E+000   0.00000000E+000   4.07808830E+014   1.34988954E+014   4.75134312E+014   0.00000000E+000   0.00000000E+000
   0.00000000E+000
     429   1.96779594E+015   9.34489575E+013   5.56823552E+014   2.99663517E+014   0.00000000E+000   0.00000000E+000   0.00000000E+000   4.08239090E+014   1.34227730E+014   4.75393099E+014   0.00000000E+000   0.00000000E+000
   0.00000000E+000
     430   1.96976960E+015   9.44981602E+013   5.56423443E+014   2.99926875E+014   0.00000000E+000   0.00000000E+000   0.00000000E+000   4.08599323E+014   1.34668197E+014   4.75653605E+014   0.00000000E+000   0.00000000E+000
   0.00000000E+000
     431   1.97213381E+015   9.47491801E+013   5.56828075E+014   3.00363989E+014   0.00000000E+000   0.00000000E+000   0.00000000E+000   4.08740636E+014   1.35138244E+014   4.76313685E+014   0.00000000E+000   0.00000000E+000
   0.00000000E+000
     432   1.97378191E+015   9.51383190E+013   5.57758477E+014   3.00707768E+014   0.00000000E+000   0.00000000E+000   0.00000000E+000   4.08908799E+014   1.35758679E+014   4.75509872E+014   0.00000000E+000   0.00000000E+000
   0.00000000E+000
     433   1.97487167E+015   9.55142208E+013   5.57169549E+014   3.00760988E+014   0.00000000E+000   0.00000000E+000   0.00000000E+000   4.09252264E+014   1.36240327E+014   4.75934324E+014   0.00000000E+000   0.00000000E+000
   0.00000000E+000
     434   1.97465047E+015   9.57500191E+013   5.57091247E+014   3.01233569E+014   0.00000000E+000   0.00000000E+000   0.00000000E+000   4.08531734E+014   1.37266487E+014   4.74777415E+014   0.00000000E+000   0.00000000E+000
   0.00000000E+000
     435   1.97780422E+015   9.59816902E+013   5.57511211E+014   3.01915512E+014   0.00000000E+000   0.00000000E+000   0.00000000E+000   4.09215411E+014   1.37766357E+014   4.75414034E+014   0.00000000E+000   0.00000000E+000
   0.00000000E+000
     436   1.97926469E+015   9.65676354E+013   5.57612266E+014   3.01152897E+014   0.00000000E+000   0.00000000E+000   0.00000000E+000   4.09901272E+014   1.38019865E+014   4.76010754E+014   0.00000000E+000   0.00000000E+000
   0.00000000E+000
     437   1.98199773E+015   9.71871339E+013   5.58125997E+014   3.01358700E+014   0.00000000E+000   0.00000000E+000   0.00000000E+000   4.10564276E+014   1.38373360E+014   4.76388260E+014   0.00000000E+000   0.00000000E+000
   0.00000000E+000
     438   1.98499177E+015   9.75037095E+013   5.59033074E+014   3.01746025E+014   0.00000000E+000   0.00000000E+000   0.00000000E+000   4.10885636E+014   1.38764930E+014   4.77058396E+014   0.00000000E+000   0.00000000E+000
   0.00000000E+000
     439   1.98767448E+015   9.78761322E+013   5.59461887E+014   3.02201325E+014   0.00000000E+000   0.00000000E+000   0.00000000E+000   4.11581850E+014   1.39021314E+014   4.77531976E+014   0.00000000E+000   0.00000000E+000
   0.00000000E+000
     440   1.98895835E+015   9.81826595E+013   5.60142716E+014   3.02481394E+014   0.00000000E+000   0.00000000E+000   0.00000000E+000   4.11544045E+014   1.39390522E+014   4.77217008E+014   0.00000000E+000   0.00000000E+000
   0.00000000E+000
     441   1.99067146E+015   9.85890676E+013   5.60147189E+014   3.02901612E+014   0.00000000E+000   0.00000000E+000   0.00000000E+000   4.11376891E+014   1.40065613E+014   4.77591086E+014   0.00000000E+000   0.00000000E+000
   0.00000000E+000
     442   1.99268140E+015   9.94039991E+013   5.60398411E+014   3.02772742E+014   0.00000000E+000   0.00000000E+000   0.00000000E+000   4.11795792E+014   1.40551888E+014   4.77758565E+014   0.00000000E+000   0.00000000E+000
   0.00000000E+000
     443   1.99415600E+015   9.97471243E+013   5.60826673E+014   3.03007415E+014   0.00000000E+000   0.00000000E+000   0.00000000E+000   4.12163292E+014   1.40824845E+014   4.77586650E+014   0.00000000E+000   0.00000000E+000
   0.00000000E+000
     444   1.99684885E+015   1.00182068E+014   5.61033198E+014   3.03153951E+014   0.00000000E+000   0.00000000E+000   0.00000000E+000   4.12726687E+014   1.41712262E+014   4.78040686E+014   0.00000000E+000   0.00000000E+000
   0.00000000E+000
     445   1.99976039E+015   1.00996847E+014   5.61544965E+014   3.03059825E+014   0.00000000E+000   0.00000000E+000   0.00000000E+000   4.13405124E+014   1.42104770E+014   4.78648857E+014   0.00000000E+000   0.00000000E+000
   0.00000000E+000
     446   2.00131410E+015   1.01789354E+014   5.61189439E+014   3.02868608E+014   0.00000000E+000   0.00000000E+000   0.00000000E+000   4.13836204E+014   1.42671573E+014   4.78958925E+014   0.00000000E+000   0.00000000E+000
   0.00000000E+000
     447   2.00419179E+015   1.02559229E+014   5.61773127E+014   3.03025455E+014   0.00000000E+000   0.00000000E+000   0.00000000E+000   4.14338406E+014   1.43292511E+014   4.79203057E+014   0.00000000E+000   0.00000000E+000
   0.00000000E+000
     448   2.00574006E+015   1.02975871E+014   5.62200945E+014   3.03202637E+014   0.00000000E+000   0.00000000E+000   0.00000000E+000   4.14344598E+014   1.43831973E+014   4.79184036E+014   0.00000000E+000   0.00000000E+000
   0.00000000E+000
     449   2.00805258E+015   1.03203297E+014   5.62998252E+014   3.03715386E+014   0.00000000E+000   0.00000000E+000   0.00000000E+000   4.14533600E+014   1.44628804E+014   4.78973245E+014   0.00000000E+000   0.00000000E+000
   0.00000000E+000
     450   2.01107781E+015   1.03487933E+014   5.63729864E+014   3.04193819E+014   0.00000000E+000   0.00000000E+000   0.00000000E+000   4.15055711E+014   1.44981839E+014   4.79628646E+014   0.00000000E+000   0.00000000E+000
   0.00000000E+000
     451   2.01216690E+015   1.04273295E+014   5.64039828E+014   3.04025782E+014   0.00000000E+000   0.00000000E+000   0.00000000E+000   4.14836080E+014   1.45488912E+014   4.79503000E+014   0.00000000E+000   0.00000000E+000
   0.00000000E+000
     452   2.01467210E+015   1.04883282E+014   5.64721708E+014   3.04471943E+014   0.00000000E+000   0.00000000E+000   0.00000000E+000   4.15182301E+014   1.46408468E+014   4.79004395E+014   0.00000000E+000   0.00000000E+000
   0.00000000E+000
     453   2.01714002E+015   1.05324770E+014   5.64912904E+014   3.04811392E+014   0.00000000E+000   0.00000000E+000   0.00000000E+000   4.15707344E+014   1.46898024E+014   4.79485585E+014   0.00000000E+000   0.00000000E+000
   0.00000000E+000
     454   2.01948309E+015   1.05870213E+014   5.64673275E+014   3.05201512E+014   0.00000000E+000   0.00000000E+000   0.00000000E+000   4.16288173E+014   1.47261693E+014   4.80188218E+014   0.00000000E+000   0.00000000E+000
   0.00000000E+000
     455   2.02281349E+015   1.05972142E+014   5.65593693E+014   3.05728141E+014   0.00000000E+000   0.00000000E+000   0.00000000E+000   4.16783427E+014   1.47712483E+014   4.81023605E+014   0.00000000E+000   0.00000000E+000
   0.00000000E+000
     456   2.02534821E+015   1.06468833E+014   5.66218631E+014   3.06074295E+014   0.00000000E+000   0.00000000E+000   0.00000000E+000   4.17219800E+014   1.48163431E+014   4.81203220E+014   0.00000000E+000   0.00000000E+000
   0.00000000E+000
     457   2.02888739E+015   1.06705045E+014   5.67265955E+014   3.06494255E+014   0.00000000E+000   0.00000000E+000   0.00000000E+000   4.17993771E+014   1.48360821E+014   4.82067543E+014   0.00000000E+000   0.00000000E+000
   0.00000000E+000
     458   2.03186752E+015   1.07186045E+014   5.67861614E+014   3.06850125E+014   0.00000000E+000   0.00000000E+000   0.00000000E+000   4.18682252E+014   1.48802034E+014   4.82485448E+014   0.00000000E+000   0.00000000E+000
   0.00000000E+000
     459   2.03423290E+015   1.07383172E+014   5.68334789E+014   3.07127886E+014   0.00000000E+000   0.00000000E+000   0.00000000E+000   4.19159694E+014   1.49295425E+014   4.82931935E+014   0.00000000E+000   0.00000000E+000
   0.00000000E+000
     460   2.03561251E+015   1.08182479E+014   5.68326769E+014   3.06779486E+014   0.00000000E+000   0.00000000E+000   0.00000000E+000   4.19271813E+014   1.50180172E+014   4.82871796E+014   0.00000000E+000   0.00000000E+000
   0.00000000E+000
     461   2.03718179E+015   1.08521181E+014   5.68164920E+014   3.07066207E+014   0.00000000E+000   0.00000000E+000   0.00000000E+000   4.19631071E+014   1.50663261E+014   4.83135148E+014   0.00000000E+000   0.00000000E+000
   0.00000000E+000
     462   2.04037543E+015   1.09038245E+014   5.69023371E+014   3.07317429E+014   0.00000000E+000   0.00000000E+000   0.00000000E+000   4.20186657E+014   1.51119619E+014   4.83690111E+014   0.00000000E+000   0.00000000E+000
   0.00000000E+000
     463   2.04359127E+015   1.09613190E+014   5.69436707E+014   3.07663694E+014   0.00000000E+000   0.00000000E+000   0.00000000E+000   4.20886440E+014   1.51588316E+014   4.84402921E+014   0.00000000E+000   0.00000000E+000
   0.00000000E+000
     464   2.04600806E+015   1.10143687E+014   5.69897164E+014   3.07517569E+014   0.00000000E+000   0.00000000E+000   0.00000000E+000   4.21707900E+014   1.52019273E+014   4.84722470E+014   0.00000000E+000   0.00000000E+000
   0.00000000E+000
     465   2.04846206E+015   1.10472989E+014   5.70406059E+014   3.07995682E+014   0.00000000E+000   0.00000000E+000   0.00000000E+000   4.22000450E+014   1.52526847E+014   4.85060030E+014   0.00000000E+000   0.00000000E+000
   0.00000000E+000
     466   2.05031546E+015   1.10973786E+014   5.70991242E+014   3.07497928E+014   0.00000000E+000   0.00000000E+000   0.00000000E+000   4.22475507E+014   1.52911338E+014   4.85465654E+014   0.00000000E+000   0.00000000E+000
   0.00000000E+000
     467   2.05295908E+015   1.11300330E+014   5.71721195E+014   3.08022427E+014   0.00000000E+000   0.00000000E+000   0.00000000E+000   4.22702727E+014   1.53142012E+014   4.86070388E+014   0.00000000E+000   0.00000000E+000
   0.00000000E+000
     468   2.05627780E+015   1.11852427E+014   5.72298187E+014   3.08513664E+014   0.00000000E+000   0.00000000E+000   0.00000000E+000   4.23195467E+014   1.53480149E+014   4.86937907E+014   0.00000000E+000   0.00000000E+000
   0.00000000E+000
     469   2.05928500E+015   1.12023313E+014   5.72591086E+014   3.09181955E+014   0.00000000E+000   0.00000000E+000   0.00000000E+000   4.23735442E+014   1.53753105E+014   4.88000096E+014   0.00000000E+000   0.00000000E+000
   0.00000000E+000
     470   2.06140332E+015   1.13191340E+014   5.72464992E+014   3.08620462E+014   0.00000000E+000   0.00000000E+000   0.00000000E+000   4.24564144E+014   1.53994978E+014   4.88567406E+014   0.00000000E+000   0.00000000E+000
   0.00000000E+000
     471   2.06432075E+015   1.13698814E+014   5.72935501E+014   3.08997251E+014   0.00000000E+000   0.00000000E+000   0.00000000E+000   4.25396562E+014   1.54401241E+014   4.88891379E+014   0.00000000E+000   0.00000000E+000
   0.00000000E+000
     472   2.06608602E+015   1.14091253E+014   5.73557410E+014   3.09098496E+014   0.00000000E+000   0.00000000E+000   0.00000000E+000   4.25543012E+014   1.55454942E+014   4.88340905E+014   0.00000000E+000   0.00000000E+000
   0.00000000E+000
     473   2.06921248E+015   1.14514952E+014   5.74160820E+014   3.09779694E+014   0.00000000E+000   0.00000000E+000   0.00000000E+000   4.26035275E+014   1.55981685E+014   4.88740055E+014   0.00000000E+000   0.00000000E+000
   0.00000000E+000
     474   2.07169426E+015   1.14958160E+014   5.74995427E+014   3.09973237E+014   0.00000000E+000   0.00000000E+000   0.00000000E+000   4.26678537E+014   1.56347845E+014   4.88741052E+014   0.00000000E+000   0.00000000E+000
   0.00000000E+000
     475   2.07507566E+015   1.15198125E+014   5.76059987E+014   3.10663413E+014   0.00000000E+000   0.00000000E+000   0.00000000E+000   4.27177467E+014   1.56903653E+014   4.89073011E+014   0.00000000E+000   0.00000000E+000
   0.00000000E+000
     476   2.07742475E+015   1.15760523E+014   5.76427138E+014   3.10897746E+014   0.00000000E+000   0.00000000E+000   0.00000000E+000   4.27719914E+014   1.57133323E+014   4.89486102E+014   0.00000000E+000   0.00000000E+000
   0.00000000E+000
     477   2.08059876E+015   1.16051093E+014   5.77391007E+014   3.11338943E+014   0.00000000E+000   0.00000000E+000   0.00000000E+000   4.28090237E+014   1.57473283E+014   4.90254202E+014   0.00000000E+000   0.00000000E+000
   0.00000000E+000
     478   2.08290478E+015   1.16794931E+014   5.77890514E+014   3.11559370E+014   0.00000000E+000   0.00000000E+000   0.00000000E+000   4.28466233E+014   1.57973329E+014   4.90220401E+014   0.00000000E+000   0.00000000E+000
   0.00000000E+000
     479   2.08537121E+015   1.17202500E+014   5.77990624E+014   3.11971749E+014   0.00000000E+000   0.00000000E+000   0.00000000E+000   4.29013955E+014   1.58290888E+014   4.90901494E+014   0.00000000E+000   0.00000000E+000
   0.00000000E+000
     480   2.08752536E+015   1.17428811E+014   5.78850770E+014   3.12087250E+014   0.00000000E+000   0.00000000E+000   0.00000000E+000   4.29318940E+014   1.58655827E+014   4.91183759E+014   0.00000000E+000   0.00000000E+000
   0.00000000E+000
     481   2.08986738E+015   1.17322982E+014   5.79929714E+014   3.12308539E+014   0.00000000E+000   0.00000000E+000   0.00000000E+000   4.29564763E+014   1.59057481E+014   4.91683902E+014   0.00000000E+000   0.00000000E+000
   0.00000000E+000
     482   2.09129016E+015   1.18286222E+014   5.79744154E+014   3.11985246E+014   0.00000000E+000   0.00000000E+000   0.00000000E+000   4.29417844E+014   1.59476366E+014   4.92380329E+014   0.00000000E+000   0.00000000E+000
   0.00000000E+000
     483   2.09298052E+015   1.18932193E+014   5.79995361E+014   3.12176419E+014   0.00000000E+000   0.00000000E+000   0.00000000E+000   4.29800292E+014   1.59317233E+014   4.92759019E+014   0.00000000E+000   0.00000000E+000
   0.00000000E+000
     484   2.09545529E+015   1.19215755E+014   5.80894499E+014   3.12190640E+014   0.00000000E+000   0.00000000E+000   0.00000000E+000   4.30153672E+014   1.59832387E+014   4.93168338E+014   0.00000000E+000   0.00000000E+000
   0.00000000E+000
     485   2.09691539E+015   1.19296110E+014   5.80985790E+014   3.12467098E+014   0.00000000E+000   0.00000000E+000   0.00000000E+000   4.30091510E+014   1.60287506E+014   4.93787380E+014   0.00000000E+000   0.00000000E+000
   0.00000000E+000
     486   2.09909275E+015   1.18929387E+014   5.81102175E+014   3.13078860E+014   0.00000000E+000   0.00000000E+000   0.00000000E+000   4.30664429E+014   1.60796747E+014   4.94521154E+014   0.00000000E+000   0.00000000E+000
   0.00000000E+000
     487   2.10166616E+015   1.19207109E+014   5.81793262E+014   3.13545895E+014   0.00000000E+000   0.00000000E+000   0.00000000E+000   4.31017076E+014   1.61260580E+014   4.94842243E+014   0.00000000E+000   0.00000000E+000
   0.00000000E+000
     488   2.10401675E+015   1.19308928E+014   5.82011185E+014   3.13772168E+014   0.00000000E+000   0.00000000E+000   0.00000000E+000   4.31832082E+014   1.61493877E+014   4.95598511E+014   0.00000000E+000   0.00000000E+000
   0.00000000E+000
     489   2.10632188E+015   1.19330252E+014   5.82906328E+014   3.14164161E+014   0.00000000E+000   0.00000000E+000   0.00000000E+000   4.32613161E+014   1.61768076E+014   4.95539899E+014   0.00000000E+000   0.00000000E+000
   0.00000000E+000
     490   2.10861754E+015   1.19758176E+014   5.83672363E+014   3.14167736E+014   0.00000000E+000   0.00000000E+000   0.00000000E+000   4.33122761E+014   1.61982811E+014   4.95913694E+014   0.00000000E+000   0.00000000E+000
   0.00000000E+000
     491   2.11027746E+015   1.19749574E+014   5.84169480E+014   3.14449696E+014   0.00000000E+000   0.00000000E+000   0.00000000E+000   4.33255608E+014   1.62453490E+014   4.96199610E+014   0.00000000E+000   0.00000000E+000
   0.00000000E+000
     492   2.11368523E+015   1.19904161E+014   5.84567634E+014   3.14865962E+014   0.00000000E+000   0.00000000E+000   0.00000000E+000   4.33890875E+014   1.62940029E+014   4.97516572E+014   0.00000000E+000   0.00000000E+000
   0.00000000E+000
     493   2.11627287E+015   1.20364513E+014   5.84745511E+014   3.15067066E+014   0.00000000E+000   0.00000000E+000   0.00000000E+000   4.34492814E+014   1.63086241E+014   4.98516725E+014   0.00000000E+000   0.00000000E+000
   0.00000000E+000
     494   2.11757581E+015   1.20344871E+014   5.85585811E+014   3.15017424E+014   0.00000000E+000   0.00000000E+000   0.00000000E+000   4.34684538E+014   1.63084944E+014   4.98858223E+014   0.00000000E+000   0.00000000E+000
   0.00000000E+000
     495   2.11885692E+015   1.20158921E+014   5.86071401E+014   3.15382130E+014   0.00000000E+000   0.00000000E+000   0.00000000E+000   4.35166127E+014   1.63204052E+014   4.98874292E+014   0.00000000E+000   0.00000000E+000
   0.00000000E+000
     496   2.12203133E+015   1.20526862E+014   5.87053676E+014   3.15888131E+014   0.00000000E+000   0.00000000E+000   0.00000000E+000   4.35881456E+014   1.63636152E+014   4.99045051E+014   0.00000000E+000   0.00000000E+000
   0.00000000E+000
     497   2.12498853E+015   1.20840418E+014   5.87748936E+014   3.15833177E+014   0.00000000E+000   0.00000000E+000   0.00000000E+000   4.36483337E+014   1.64184352E+014   4.99898309E+014   0.00000000E+000   0.00000000E+000
   0.00000000E+000
     498   2.12634253E+015   1.20610260E+014   5.88450493E+014   3.15704213E+014   0.00000000E+000   0.00000000E+000   0.00000000E+000   4.36672861E+014   1.64668613E+014   5.00236091E+014   0.00000000E+000   0.00000000E+000
   0.00000000E+000
     499   2.12764995E+015   1.20561440E+014   5.89446220E+014   3.15504407E+014   0.00000000E+000   0.00000000E+000   0.00000000E+000   4.36907354E+014   1.64878163E+014   5.00352371E+014   0.00000000E+000   0.00000000E+000
   0.00000000E+000
     500   2.12923739E+015   1.20766159E+014   5.89896397E+014   3.16056569E+014   0.00000000E+000   0.00000000E+000   0.00000000E+000   4.37194726E+014   1.65157549E+014   5.00165990E+014   0.00000000E+000   0.00000000E+000
   0.00000000E+000
