   iLoop   Phase               EVM               SVM              EpVM             EelVM              ----               E11               E22               E33               E12               E13               E23              Ep11              Ep22              Ep33              Ep12              Ep13              Ep23
       1       1     1.19996258E+001   1.00002270E+000   4.31806205E-004   1.19999997E+001   0.00000000E+000   1.52433774E-020  -5.54120021E-021  -1.19999997E+001  -2.97522908E-021  -1.97967482E-020   7.67425085E-021   1.24627068E-004   1.24676359E-004  -2.49303427E-004   1.24651713E-004   3.56025484E-009   1.77674938E-008
       2       1     1.19992462E+001   1.00002270E+000   8.70055382E-004   1.19999997E+001   0.00000000E+000   1.69783319E-020  -6.55230443E-022  -1.19999997E+001   1.40906081E-020   8.77208496E-021  -5.14109294E-021   2.51115302E-004   2.51211403E-004  -5.02326705E-004   2.51163353E-004   6.21205318E-009   3.43689630E-008
       3       1     1.19988611E+001   1.00002270E+000   1.31474911E-003   1.19999997E+001   0.00000000E+000  -3.26311378E-021  -4.86826810E-021  -1.19999997E+001   2.21331818E-021  -2.04055531E-020  -2.41272041E-021   3.79463911E-004   3.79606834E-004  -7.59070745E-004   3.79535372E-004   7.91373554E-009   5.00493454E-008
       4       1     1.19984733E+001   1.00002270E+000   1.76266190E-003   1.19999997E+001   0.00000000E+000  -1.62494668E-020  -8.61504472E-021  -1.19999997E+001   1.03006087E-021   2.46433648E-021   9.58470719E-021   5.08741140E-004   5.08932176E-004  -1.01767332E-003   5.08836658E-004   9.34774612E-009   6.54849313E-008
       5       1     1.19980826E+001   1.00002270E+000   2.21379375E-003   1.19999997E+001   0.00000000E+000   1.04635116E-020   2.03415914E-020  -1.19999997E+001  -2.95195234E-021   1.64430271E-020   3.40679298E-020   6.38946969E-004   6.39187441E-004  -1.27813441E-003   6.39067204E-004   1.05072957E-008   8.06786337E-008
       6       1     1.19976891E+001   1.00002270E+000   2.66814714E-003   1.19999997E+001   0.00000000E+000   4.84308045E-021   6.25253417E-021  -1.19999997E+001  -2.28183459E-021  -7.41153829E-022   4.01625966E-020   7.70082100E-004   7.70373358E-004  -1.54045546E-003   7.70227729E-004   1.13832448E-008   9.56305292E-008
       7       1     1.19972929E+001   1.00002270E+000   3.12572382E-003   1.19999997E+001   0.00000000E+000   9.10270388E-021   1.16176276E-020  -1.19999997E+001   7.22213461E-021  -1.17578761E-020   4.05861131E-020   9.02147034E-004   9.02490447E-004  -1.80463748E-003   9.02318739E-004   1.19663078E-008   1.10338525E-007
       8       1     1.19968938E+001   1.00002270E+000   3.58652402E-003   1.19999997E+001   0.00000000E+000   2.96616111E-021  -1.36170886E-020  -1.19999997E+001   7.59938325E-021   6.85567292E-021   2.75073950E-020   1.03514181E-003   1.03553878E-003  -2.07068060E-003   1.03534030E-003   1.22484749E-008   1.24808142E-007
       9       1     1.19964920E+001   1.00002270E+000   4.05054718E-003   1.19999997E+001   0.00000000E+000   9.19477942E-021  -1.02242832E-020  -1.19999997E+001   2.10531890E-020   2.64909554E-020  -8.38297920E-021   1.16906627E-003   1.16951822E-003  -2.33858449E-003   1.16929224E-003   1.22241749E-008   1.39040573E-007
      10       1     1.19960874E+001   1.00002270E+000   4.51779304E-003   1.19999997E+001   0.00000000E+000  -4.07179657E-021   4.25694027E-021  -1.19999997E+001   1.67706837E-020  -1.33884145E-020  -2.69647645E-020   1.30392030E-003   1.30442871E-003  -2.60834901E-003   1.30417451E-003   1.18841325E-008   1.53042375E-007
      11       1     1.19956800E+001   1.00002270E+000   4.98826287E-003   1.19999997E+001   0.00000000E+000  -8.22120335E-021   9.67828200E-021  -1.19999997E+001  -6.21804591E-022  -2.11228841E-021  -1.61465656E-021   1.43970428E-003   1.44027061E-003  -2.87997489E-003   1.43998744E-003   1.12242556E-008   1.66812136E-007
      12       1     1.19952698E+001   1.00002270E+000   5.46195621E-003   1.19999997E+001   0.00000000E+000   2.01105391E-020  -3.36464400E-020  -1.19999997E+001   1.14615748E-020  -1.43466205E-020   1.51142442E-021   1.57641807E-003   1.57704380E-003  -3.15346187E-003   1.57673093E-003   1.02269132E-008   1.80349983E-007
      13       1     1.19948569E+001   1.00002270E+000   5.93887396E-003   1.19999997E+001   0.00000000E+000  -4.14325463E-021   1.96903314E-020  -1.19999997E+001   6.91871830E-021  -2.48815928E-021  -2.93285158E-020   1.71406191E-003   1.71474855E-003  -3.42881046E-003   1.71440523E-003   8.87839795E-009   1.93654677E-007
      14       1     1.19944411E+001   1.00002270E+000   6.41901743E-003   1.19999997E+001   0.00000000E+000  -8.65216445E-021   2.66392276E-020  -1.19999997E+001   1.66241073E-021   9.22207121E-021  -1.25890272E-020   1.85263620E-003   1.85338522E-003  -3.70602142E-003   1.85301071E-003   7.17127413E-009   2.06726527E-007
      15       1     1.19940226E+001   1.00002270E+000   6.90238803E-003   1.19999997E+001   0.00000000E+000   1.17707077E-020  -9.23158379E-021  -1.19999997E+001  -8.16142921E-022  -2.36798648E-020  -2.58345049E-021   1.99214132E-003   1.99295424E-003  -3.98509556E-003   1.99254778E-003   5.09775128E-009   2.19556736E-007
      16       1     1.19936013E+001   1.00002270E+000   7.38898691E-003   1.19999997E+001   0.00000000E+000  -8.80740557E-022  -1.52092458E-020  -1.19999997E+001  -3.74247528E-021  -2.27904802E-020  -3.55753838E-020   2.13257761E-003   2.13345594E-003  -4.26603355E-003   2.13301678E-003   2.64169234E-009   2.32149730E-007
      17       1     1.19931771E+001   1.00002270E+000   7.87881460E-003   1.19999997E+001   0.00000000E+000   7.26149290E-021  -2.01150059E-020  -1.19999997E+001   8.84283992E-021   2.27693044E-020  -2.12287632E-021   2.27394523E-003   2.27489047E-003  -4.54883570E-003   2.27441785E-003  -2.09011448E-010   2.44507865E-007
      18       1     1.19927502E+001   1.00002270E+000   8.37186699E-003   1.19999997E+001   0.00000000E+000   2.01552276E-020   8.93313703E-021  -1.19999997E+001  -7.73952057E-021  -8.25857124E-022   2.03499666E-020   2.41624299E-003   2.41725663E-003  -4.83349963E-003   2.41674981E-003  -3.44896732E-009   2.56626044E-007
      19       1     1.19923205E+001   1.00002270E+000   8.86814195E-003   1.19999997E+001   0.00000000E+000   8.72988841E-021   1.10900725E-020  -1.19999997E+001  -2.39160197E-020  -8.35915640E-021  -5.79158778E-021   2.55947025E-003   2.56055385E-003  -5.12002411E-003   2.56001205E-003  -7.00707823E-009   2.68485000E-007
      20       1     1.19918880E+001   1.00002270E+000   9.36764189E-003   1.19999997E+001   0.00000000E+000   7.37557920E-021   5.25394106E-021  -1.19999997E+001  -9.00202308E-021  -7.19978005E-021   4.52183245E-020   2.70362767E-003   2.70478285E-003  -5.40841053E-003   2.70420526E-003  -1.07693835E-008   2.80045611E-007
      21       1     1.19914528E+001   1.00002270E+000   9.87036868E-003   1.19999997E+001   0.00000000E+000  -1.75641980E-021   1.37470800E-020  -1.19999997E+001  -1.49624668E-020   1.64112634E-021   2.43098456E-020   2.84871578E-003   2.84994420E-003  -5.69865998E-003   2.84932999E-003  -1.46530311E-008   2.91274169E-007
      22       1     1.19910147E+001   1.00002270E+000   1.03763235E-002   1.19999997E+001   0.00000000E+000  -6.94239246E-021  -4.89786048E-021  -1.19999997E+001  -7.36092517E-022   3.04137768E-020  -3.07525899E-020   2.99473488E-003   2.99603823E-003  -5.99077311E-003   2.99538655E-003  -1.85995806E-008   3.02144645E-007
      23       1     1.19905738E+001   1.00002270E+000   1.08855066E-002   1.19999997E+001   0.00000000E+000   3.82027162E-021  -1.42714298E-020  -1.19999997E+001   1.43628540E-021   7.79799707E-021   3.29442877E-020   3.14168505E-003   3.14306505E-003  -6.28475010E-003   3.14237505E-003  -2.25676687E-008   3.12637795E-007
      24       1     1.19901302E+001   1.00002270E+000   1.13979196E-002   1.19999997E+001   0.00000000E+000   7.55229341E-021   2.39536203E-020  -1.19999997E+001  -2.18743880E-020   2.66709499E-020   1.30443074E-020   3.28956675E-003   3.29102514E-003  -6.58059189E-003   3.29029594E-003  -2.65177391E-008   3.22726246E-007
      25       1     1.19896838E+001   1.00002270E+000   1.19135643E-002   1.19999997E+001   0.00000000E+000   1.64625279E-020   2.20798494E-020  -1.19999997E+001  -2.29391504E-020   2.95190982E-020   2.44580764E-021   3.43838048E-003   3.43991902E-003  -6.87829951E-003   3.43914975E-003  -3.04255650E-008   3.32396725E-007
      26       1     1.19892345E+001   1.00002270E+000   1.24324430E-002   1.19999997E+001   0.00000000E+000   8.66265930E-021  -1.47246421E-021  -1.19999997E+001  -8.72599808E-021  -4.73597297E-020  -1.96617523E-020   3.58812690E-003   3.58974735E-003  -7.17787426E-003   3.58893712E-003  -3.42761964E-008   3.41631114E-007
      27       1     1.19887825E+001   1.00002270E+000   1.29545577E-002   1.19999997E+001   0.00000000E+000  -1.92061619E-020  -1.95409012E-021  -1.19999997E+001   4.45202564E-021  -2.81797274E-020  -1.26631426E-020   3.73880662E-003   3.74051071E-003  -7.47931734E-003   3.73965866E-003  -3.80516810E-008   3.50405084E-007
      28       1     1.19883277E+001   1.00002270E+000   1.34799100E-002   1.19999997E+001   0.00000000E+000  -3.70707195E-021  -7.92927063E-021  -1.19999997E+001   1.61037435E-020   2.29810627E-020  -9.16383770E-021   3.89042008E-003   3.89220951E-003  -7.78262959E-003   3.89131479E-003  -4.17336936E-008   3.58698074E-007
      29       1     1.19878701E+001   1.00002270E+000   1.40085009E-002   1.19999997E+001   0.00000000E+000   1.33146714E-020  -9.35946591E-021  -1.19999997E+001  -2.59183086E-021  -1.90264776E-020   3.13772767E-020   4.04296765E-003   4.04484406E-003  -8.08781171E-003   4.04390585E-003  -4.53103105E-008   3.66485736E-007
      30       1     1.19874096E+001   1.00002270E+000   1.45403314E-002   1.19999997E+001   0.00000000E+000   1.37788851E-020  -1.15869392E-020  -1.19999997E+001   2.62737895E-021   2.40398538E-020  -2.35686918E-020   4.19644959E-003   4.19841459E-003  -8.39486418E-003   4.19743209E-003  -4.87589610E-008   3.73738517E-007
      31       1     1.19869464E+001   1.00002270E+000   1.50754034E-002   1.19999997E+001   0.00000000E+000   8.20549726E-021   1.88035938E-020  -1.19999997E+001  -1.52560332E-020  -1.45901425E-020   3.39289635E-020   4.35086651E-003   4.35292166E-003  -8.70378817E-003   4.35189408E-003  -5.20493991E-008   3.80427640E-007
      32       1     1.19864804E+001   1.00002269E+000   1.56137196E-002   1.19999997E+001   0.00000000E+000   1.42393973E-021  -4.63229415E-021  -1.19999997E+001   1.91003635E-020  -2.11969995E-020  -2.26740132E-020   4.50621917E-003   4.50836596E-003  -9.01458513E-003   4.50729256E-003  -5.51665092E-008   3.86528987E-007
      33       1     1.19860116E+001   1.00002269E+000   1.61552832E-002   1.19999997E+001   0.00000000E+000  -1.34804177E-020  -7.09311511E-021  -1.19999997E+001  -1.75488228E-020  -1.35631151E-020  -3.00061422E-020   4.66250859E-003   4.66474842E-003  -9.32725701E-003   4.66362850E-003  -5.80881738E-008   3.92019063E-007
      34       1     1.19855399E+001   1.00002269E+000   1.67000978E-002   1.19999997E+001   0.00000000E+000  -1.16963132E-020   1.35087693E-020  -1.19999997E+001   2.47960313E-022   9.45500527E-021   1.23772689E-020   4.81973588E-003   4.82207003E-003  -9.64180591E-003   4.82090295E-003  -6.07811510E-008   3.96878807E-007
      35       1     1.19850655E+001   1.00002269E+000   1.72481667E-002   1.19999997E+001   0.00000000E+000   4.06628547E-021   4.75409649E-021  -1.19999997E+001  -1.94561669E-020  -1.34784118E-020   4.11816831E-020   4.97790200E-003   4.98033161E-003  -9.95823361E-003   4.97911680E-003  -6.32188705E-008   4.01089810E-007
      36       1     1.19845882E+001   1.00002269E+000   1.77994928E-002   1.19999997E+001   0.00000000E+000  -6.11658704E-021   4.71109965E-020  -1.19999997E+001  -3.48330202E-020   1.64747908E-020  -2.21499116E-020   5.13700793E-003   5.13953395E-003  -1.02765419E-002   5.13827093E-003  -6.53589554E-008   4.04632241E-007
      37       1     1.19841081E+001   1.00002269E+000   1.83540803E-002   1.19999997E+001   0.00000000E+000  -2.55996993E-020  -9.30267996E-021  -1.19999997E+001  -7.48161083E-021  -2.68509444E-020   1.95770490E-020   5.29705496E-003   5.29967816E-003  -1.05967331E-002   5.29836655E-003  -6.71665933E-008   4.07470017E-007
      38       1     1.19836252E+001   1.00002269E+000   1.89119344E-002   1.19999997E+001   0.00000000E+000   2.05333318E-020   2.34591317E-020  -1.19999997E+001  -8.75256867E-021  -1.10537800E-020   2.39233868E-020   5.45804472E-003   5.46076560E-003  -1.09188103E-002   5.45940515E-003  -6.86089746E-008   4.09590065E-007
      39       1     1.19831395E+001   1.00002269E+000   1.94730636E-002   1.19999997E+001   0.00000000E+000   1.67152626E-020  -1.84849638E-020  -1.19999997E+001   2.45131898E-020   1.47701370E-020  -2.38757412E-020   5.61997984E-003   5.62279860E-003  -1.12427784E-002   5.62138921E-003  -6.95143511E-008   4.10949364E-007
      40       1     1.19826509E+001   1.00002269E+000   2.00374945E-002   1.19999997E+001   0.00000000E+000   2.20902718E-020   1.70104316E-020  -1.19999997E+001  -2.81148350E-022  -9.21148330E-021   7.05154929E-021   5.78286806E-003   5.78578468E-003  -1.15686527E-002   5.78432636E-003  -6.87980463E-008   4.11071473E-007
      41       1     1.19821595E+001   1.00002269E+000   2.06052547E-002   1.19999997E+001   0.00000000E+000   9.84737840E-021  -4.25642328E-021  -1.19999997E+001   3.39257788E-022   3.27695871E-020  -4.55280209E-021   5.94671738E-003   5.94973187E-003  -1.18964493E-002   5.94822462E-003  -6.54674501E-008   4.09493325E-007
      42       1     1.19816651E+001   1.00002269E+000   2.11763620E-002   1.19999997E+001   0.00000000E+000  -2.77128666E-020  -3.20801321E-021  -1.19999997E+001  -9.67569189E-021   8.33268662E-021   4.06628754E-020   6.11153289E-003   6.11464530E-003  -1.22261782E-002   6.11308908E-003  -5.88581670E-008   4.05905872E-007
      43       1     1.19811679E+001   1.00002269E+000   2.17508254E-002   1.19999997E+001   0.00000000E+000   9.52770411E-021   9.80018774E-021  -1.19999997E+001   2.74432781E-020   2.29440050E-020  -2.86085378E-020   6.27731711E-003   6.28052767E-003  -1.25578448E-002   6.27892238E-003  -4.85492991E-008   4.00103094E-007
      44       1     1.19806678E+001   1.00002269E+000   2.23286418E-002   1.19999997E+001   0.00000000E+000  -2.21066293E-020   1.26076801E-020  -1.19999997E+001   7.21336649E-021  -2.20228566E-020  -2.84285433E-020   6.44406894E-003   6.44737833E-003  -1.28914473E-002   6.44572362E-003  -3.43300488E-008   3.91986862E-007
      45       1     1.19801647E+001   1.00002269E+000   2.29098040E-002   1.19999997E+001   0.00000000E+000   1.43034831E-020  -1.69673355E-020  -1.19999997E+001   1.12146873E-020  -2.83544279E-020  -5.72329575E-020   6.61178632E-003   6.61519506E-003  -1.32269814E-002   6.61349067E-003  -1.64139495E-008   3.81616193E-007
      46       1     1.19795513E+001   1.00002269E+000   2.36184981E-002   1.19999997E+001   0.00000000E+000   1.12912842E-020   3.14362134E-020  -1.19999997E+001  -3.68957605E-020  -1.88147193E-020   2.52045241E-020   6.81865023E-003   6.81749598E-003  -1.36361462E-002   6.81807311E-003   5.16691005E-008   3.27223303E-007
      47       1     1.19789073E+001   1.00002269E+000   2.43625573E-002   1.19999997E+001   0.00000000E+000   1.06134717E-020   1.25657007E-021  -1.19999997E+001  -3.17863537E-021   1.84759062E-020  -4.72856143E-020   7.03214285E-003   7.03358402E-003  -1.40657269E-002   7.03286328E-003   5.96886952E-006  -5.08994691E-006
      48       1     1.19783527E+001   1.00002269E+000   2.50033368E-002   1.19999997E+001   0.00000000E+000   1.68745879E-020  -1.84314452E-020  -1.19999997E+001   2.52359363E-021  -1.60724502E-020  -5.04831637E-020   7.21497128E-003   7.22071004E-003  -1.44356813E-002   7.21784050E-003   5.48478886E-006  -4.36177205E-006
      49       1     1.19778799E+001   1.00002269E+000   2.55496665E-002   1.19999997E+001   0.00000000E+000  -5.87289963E-021  -2.09487212E-020  -1.19999997E+001  -1.47975581E-020   9.10560418E-021   4.05411144E-020   7.37274533E-003   7.37836004E-003  -1.47511054E-002   7.37555254E-003   4.83468718E-006  -3.67062579E-006
      50       1     1.19774041E+001   1.00002269E+000   2.60993595E-002   1.19999997E+001   0.00000000E+000   1.02777398E-020  -3.45378511E-020  -1.19999997E+001  -1.76007336E-020  -3.95987903E-021   5.10337351E-021   7.53147930E-003   7.53699183E-003  -1.50684711E-002   7.53423544E-003   4.21623773E-006  -3.01121880E-006
      51       1     1.19769263E+001   1.00002269E+000   2.66514182E-002   1.19999997E+001   0.00000000E+000   4.55747566E-021  -1.75126543E-021  -1.19999997E+001  -2.69796951E-020   1.89311864E-020   7.93034597E-021   7.69090257E-003   7.69630016E-003  -1.53872027E-002   7.69360125E-003   3.57051012E-006  -2.30922913E-006
      52       1     1.19764465E+001   1.00002269E+000   2.72058390E-002   1.19999997E+001   0.00000000E+000  -2.11874869E-020  -1.65556064E-021  -1.19999997E+001   6.10381227E-021  -1.29384283E-020  -6.22569216E-021   7.85099196E-003   7.85630597E-003  -1.57072979E-002   7.85364888E-003   2.91277281E-006  -1.58324706E-006
      53       1     1.19759646E+001   1.00002269E+000   2.77626151E-002   1.19999997E+001   0.00000000E+000  -1.38453801E-020   2.30052577E-020  -1.19999997E+001  -8.33174053E-021   1.55642304E-020   2.52839335E-020   8.01176159E-003   8.01699134E-003  -1.60287529E-002   8.01437639E-003   2.23738667E-006  -8.61753817E-007
      54       1     1.19754808E+001   1.00002269E+000   2.83217257E-002   1.19999997E+001   0.00000000E+000  -1.84530967E-020  -3.76491256E-020  -1.19999997E+001   3.82828493E-020   1.99688017E-020   1.17949338E-020   8.17320983E-003   8.17834587E-003  -1.63515557E-002   8.17577779E-003   1.56100813E-006  -1.20291342E-007
      55       1     1.19749949E+001   1.00002269E+000   2.88831048E-002   1.19999997E+001   0.00000000E+000  -1.95369721E-020  -4.34913782E-020  -1.19999997E+001  -1.70779683E-020  -2.53262851E-020  -4.52950869E-020   8.33533507E-003   8.34033306E-003  -1.66756681E-002   8.33783403E-003   8.50700670E-007   6.29603572E-007
      56       1     1.19745074E+001   1.00002269E+000   2.94464606E-002   1.19999997E+001   0.00000000E+000   6.98161117E-021  -7.46162407E-021  -1.19999997E+001   4.37650871E-020   3.00908455E-020  -6.61109215E-020   8.49806020E-003   8.50286155E-003  -1.70009217E-002   8.50046086E-003   1.24665230E-007   1.35451116E-006
      57       1     1.19740183E+001   1.00002269E+000   3.00116583E-002   1.19999997E+001   0.00000000E+000   1.90442206E-020   3.57844950E-020  -1.19999997E+001   8.57507639E-021  -2.42463181E-020   5.08219768E-020   8.66127030E-003   8.66596836E-003  -1.73272387E-002   8.66361934E-003  -6.62387629E-007   2.14632994E-006
      58       1     1.19735280E+001   1.00002269E+000   3.05782336E-002   1.19999997E+001   0.00000000E+000   6.68035199E-021   4.62310004E-020  -1.19999997E+001  -3.72830568E-020  -1.11173074E-020   5.29395592E-021   8.82487475E-003   8.82947618E-003  -1.76543509E-002   8.82717549E-003  -1.45903210E-006   2.91209728E-006
      59       1     1.19730366E+001   1.00002269E+000   3.11459869E-002   1.19999997E+001   0.00000000E+000   2.56669491E-020   5.29297158E-020  -1.19999997E+001  -2.16803418E-020  -1.08420217E-020  -3.00273180E-020   8.98879930E-003   8.99334391E-003  -1.79821432E-002   8.99107165E-003  -2.30943605E-006   3.71095317E-006
      60       1     1.19725440E+001   1.00002269E+000   3.17152392E-002   1.19999997E+001   0.00000000E+000  -2.77480632E-020  -7.66324935E-021  -1.19999997E+001   2.76325009E-020  -7.96210970E-021   5.66665042E-020   9.15311727E-003   9.15768360E-003  -1.83108009E-002   9.15540051E-003  -3.13382248E-006   4.54704987E-006
      61       1     1.19720504E+001   1.00002269E+000   3.22857061E-002   1.19999997E+001   0.00000000E+000   2.33524254E-020  -3.31098479E-020  -1.19999997E+001   4.06475545E-020   1.49924832E-020  -7.85623059E-021   9.31775196E-003   9.32240774E-003  -1.86401597E-002   9.32007994E-003  -3.93620741E-006   5.38408000E-006
      62       1     1.19715552E+001   1.00002269E+000   3.28579633E-002   1.19999997E+001   0.00000000E+000  -1.50765454E-020  -8.06840241E-021  -1.19999997E+001   2.29278336E-020   9.06325254E-021  -3.89423398E-020   9.48299236E-003   9.48755978E-003  -1.89705521E-002   9.48527619E-003  -4.78880703E-006   6.27524802E-006
      63       1     1.19710585E+001   1.00002269E+000   3.34319368E-002   1.19999997E+001   0.00000000E+000  -5.18636040E-021   3.43808523E-020  -1.19999997E+001   2.33366262E-021   2.79097356E-020   6.28710205E-020   9.64865763E-003   9.65327776E-003  -1.93019354E-002   9.65096783E-003  -5.67545296E-006   7.08840974E-006
      64       1     1.19705597E+001   1.00002269E+000   3.40083569E-002   1.19999997E+001   0.00000000E+000   1.25805693E-020   1.72737232E-020  -1.19999997E+001   2.25341576E-020   3.35213289E-020  -8.53385694E-021   9.81513326E-003   9.81959783E-003  -1.96347311E-002   9.81736571E-003  -6.55037324E-006   7.97839202E-006
      65       1     1.19700586E+001   1.00002269E+000   3.45874358E-002   1.19999997E+001   0.00000000E+000  -3.30284947E-021  -3.01992061E-020  -1.19999997E+001  -3.19994975E-020  -2.58768565E-020   1.73641754E-021   9.98239664E-003   9.98666517E-003  -1.99690618E-002   9.98453109E-003  -7.41967072E-006   8.83189165E-006
      66       1     1.19695554E+001   1.00002269E+000   3.51690095E-002   1.19999997E+001   0.00000000E+000  -2.05306435E-020  -8.78031541E-021  -1.19999997E+001   2.90182197E-021   1.03549778E-020  -1.05879118E-021   1.01503702E-002   1.01544626E-002  -2.03048328E-002   1.01524166E-002  -8.35343116E-006   9.74699746E-006
      67       1     1.19690498E+001   1.00002269E+000   3.57532912E-002   1.19999997E+001   0.00000000E+000   2.48111274E-020  -3.29304738E-020  -1.19999997E+001  -1.89576768E-020  -2.83120763E-020   8.00446135E-021   1.03191389E-002   1.03230283E-002  -2.06421672E-002   1.03210838E-002  -9.35213739E-006   1.07157393E-005
      68       1     1.19685419E+001   1.00002269E+000   3.63402995E-002   1.19999997E+001   0.00000000E+000   6.92774103E-021  -3.26573801E-020  -1.19999997E+001  -1.00516300E-020   2.54956917E-020  -2.36851588E-020   1.04886786E-002   1.04923970E-002  -2.09810756E-002   1.04905381E-002  -1.04415256E-005   1.17038193E-005
      69       1     1.19680310E+001   1.00002269E+000   3.69308189E-002   1.19999997E+001   0.00000000E+000  -3.01788575E-021   2.65620102E-021  -1.19999997E+001   5.88791348E-020  -1.05667360E-020  -8.55291518E-020   1.06592190E-002   1.06627922E-002  -2.13220112E-002   1.06610059E-002  -1.14902587E-005   1.26578085E-005
      70       1     1.19675173E+001   1.00002269E+000   3.75244662E-002   1.19999997E+001   0.00000000E+000  -2.56422681E-020   3.53687954E-020  -1.19999997E+001  -3.75141917E-020  -7.24213170E-021  -7.33212895E-020   1.08306227E-002   1.08341299E-002  -2.16647526E-002   1.08323766E-002  -1.25074215E-005   1.36082949E-005
      71       1     1.19670009E+001   1.00002269E+000   3.81213671E-002   1.19999997E+001   0.00000000E+000   3.34188826E-020  -5.25992571E-020  -1.19999997E+001  -4.66634297E-020  -2.32722302E-020  -2.25628401E-020   1.10030095E-002   1.10063629E-002  -2.20093724E-002   1.10046865E-002  -1.35749642E-005   1.45219882E-005
      72       1     1.19664621E+001   1.00002269E+000   3.87440027E-002   1.19999997E+001   0.00000000E+000   5.05719615E-021   5.99115751E-020  -1.19999997E+001   8.83258288E-022  -2.94979224E-020   1.10326041E-020   1.11815550E-002   1.11872966E-002  -2.23688516E-002   1.11844261E-002  -1.31080553E-005   1.44199017E-005
      73       1     1.19659166E+001   1.00002269E+000   3.93745057E-002   1.19999997E+001   0.00000000E+000   7.03151084E-021  -9.33948950E-021  -1.19999997E+001   2.82378988E-020   1.14137690E-020   2.10487687E-020   1.13624521E-002   1.13704194E-002  -2.27328715E-002   1.13664361E-002  -1.38783953E-005   1.53897900E-005
      74       1     1.19653810E+001   1.00002269E+000   3.99936281E-002   1.19999997E+001   0.00000000E+000   1.81400708E-022  -8.06128866E-022  -1.19999997E+001   2.88209009E-020  -2.65756587E-020  -3.59989003E-020   1.15402324E-002   1.15500888E-002  -2.30903212E-002   1.15451609E-002  -1.47958409E-005   1.57085291E-005
      75       1     1.19648362E+001   1.00002269E+000   4.06232215E-002   1.19999997E+001   0.00000000E+000   2.74392146E-020   1.27362240E-020  -1.19999997E+001   8.33725938E-021   4.08693397E-021  -1.88464831E-020   1.17205862E-002   1.17332290E-002  -2.34538152E-002   1.17269080E-002  -1.54859286E-005   1.74290931E-005
      76       1     1.19642859E+001   1.00002269E+000   4.12593584E-002   1.19999997E+001   0.00000000E+000   3.88734770E-020  -1.66479197E-020  -1.19999997E+001   3.90224884E-020   5.61159328E-020   1.07996701E-021   1.19049212E-002   1.19161654E-002  -2.38210866E-002   1.19105437E-002  -1.80815135E-005   1.86345334E-005
      77       1     1.19637262E+001   1.00002269E+000   4.19062708E-002   1.19999997E+001   0.00000000E+000   1.59851619E-020  -3.41853068E-020  -1.19999997E+001  -3.74817611E-020   3.06625927E-020   5.59677020E-020   1.20930065E-002   1.21015748E-002  -2.41945813E-002   1.20972911E-002  -1.88085294E-005   1.90819635E-005
      78       1     1.19631854E+001   1.00002269E+000   4.25313953E-002   1.19999997E+001   0.00000000E+000   2.77479598E-020   5.53714288E-020  -1.19999997E+001  -1.82053147E-020  -1.94976397E-020   1.35379688E-020   1.22712055E-002   1.22842903E-002  -2.45554959E-002   1.22777484E-002  -1.97429711E-005   1.93430252E-005
      79       1     1.19626350E+001   1.00002269E+000   4.31675956E-002   1.19999997E+001   0.00000000E+000  -1.69067239E-020  -4.43834925E-020  -1.19999997E+001  -1.57252928E-020  -1.18968424E-020   1.61148018E-020   1.24544186E-002   1.24683861E-002  -2.49228048E-002   1.24614028E-002  -2.10239037E-005   2.00788124E-005
      80       1     1.19620785E+001   1.00002269E+000   4.38108312E-002   1.19999997E+001   0.00000000E+000  -9.18331780E-021  -4.48632159E-020  -1.19999997E+001  -2.76567734E-020   4.29181006E-020   3.17425597E-020   1.26401973E-002   1.26539789E-002  -2.52941762E-002   1.26470886E-002  -2.18559019E-005   2.05737314E-005
      81       1     1.19615211E+001   1.00002269E+000   4.44551889E-002   1.19999997E+001   0.00000000E+000   2.28496857E-020   2.50885534E-020  -1.19999997E+001  -5.10878430E-020   5.89640810E-020   4.83444055E-020   1.28256020E-002   1.28405931E-002  -2.56661950E-002   1.28330980E-002  -2.29865478E-005   2.10380971E-005
      82       1     1.19609584E+001   1.00002269E+000   4.51056837E-002   1.19999997E+001   0.00000000E+000   3.76246824E-020   3.04276734E-020  -1.19999997E+001   1.47440601E-020  -1.12867140E-020  -2.40557357E-020   1.30130662E-002   1.30286904E-002  -2.60417566E-002   1.30208788E-002  -2.45913570E-005   2.15800860E-005
      83       1     1.19603928E+001   1.00002269E+000   4.57594003E-002   1.19999997E+001   0.00000000E+000  -1.56403103E-020  -2.63723791E-020  -1.19999997E+001  -2.97055085E-020  -2.09852413E-020  -2.07946589E-020   1.32012202E-002   1.32179586E-002  -2.64191787E-002   1.32095899E-002  -2.57039398E-005   2.21044356E-005
      84       1     1.19598229E+001   1.00002269E+000   4.64182912E-002   1.19999997E+001   0.00000000E+000   2.23817910E-020   1.30085732E-020  -1.19999997E+001   1.35160071E-020   2.85026587E-020  -4.87043945E-020   1.33907806E-002   1.34088077E-002  -2.67995883E-002   1.33997947E-002  -2.68386930E-005   2.24722162E-005
      85       1     1.19592453E+001   1.00002269E+000   4.70859375E-002   1.19999997E+001   0.00000000E+000   2.11316833E-020   3.89315450E-020  -1.19999997E+001   3.40902844E-021  -3.13402190E-020  -4.65868121E-022   1.35826670E-002   1.36023852E-002  -2.71850522E-002   1.35925267E-002  -2.81445637E-005   2.31014302E-005
      86       1     1.19586668E+001   1.00002269E+000   4.77546845E-002   1.19999997E+001   0.00000000E+000   8.78099783E-021  -3.06579191E-020  -1.19999997E+001  -9.47341004E-021  -1.19008129E-020  -1.08420217E-020   1.37754983E-002   1.37956546E-002  -2.75711529E-002   1.37855770E-002  -2.86608825E-005   2.35207578E-005
      87       1     1.19580817E+001   1.00002269E+000   4.84311268E-002   1.19999997E+001   0.00000000E+000  -1.80701534E-020   4.12028382E-020  -1.19999997E+001   2.37023848E-020  -1.45266150E-020   1.37219337E-020   1.39700957E-002   1.39916016E-002  -2.79616973E-002   1.39808492E-002  -2.89053037E-005   2.30848425E-005
      88       1     1.19574911E+001   1.00002269E+000   4.91139367E-002   1.19999997E+001   0.00000000E+000   1.17023516E-020   2.01043766E-020  -1.19999997E+001   1.87157317E-020  -9.74087889E-021  -4.76032516E-020   1.41658588E-002   1.41900588E-002  -2.83559177E-002   1.41779594E-002  -2.96586350E-005   2.20276172E-005
      89       1     1.19568997E+001   1.00002269E+000   4.97976467E-002   1.19999997E+001   0.00000000E+000   1.85960955E-020  -4.96600155E-020  -1.19999997E+001  -7.46479838E-021   4.08269881E-020   7.00496247E-020   1.43628647E-002   1.43877915E-002  -2.87506563E-002   1.43753287E-002  -3.09722499E-005   2.24580011E-005
      90       1     1.19562928E+001   1.00002269E+000   5.04993176E-002   1.19999997E+001   0.00000000E+000  -1.12267434E-020   5.03436596E-020  -1.19999997E+001  -1.65949078E-020   2.38016258E-020  -4.33680869E-020   1.45636461E-002   1.45921157E-002  -2.91557618E-002   1.45778815E-002  -3.30799209E-005   2.44968198E-005
      91       1     1.19556724E+001   1.00002269E+000   5.12165284E-002   1.19999997E+001   0.00000000E+000  -8.42276659E-021   4.98262272E-020  -1.19999997E+001  -1.73141413E-020   2.67662411E-020   1.47807249E-020   1.47736621E-002   1.47961860E-002  -2.95698481E-002   1.47849246E-002  -2.96350355E-005   2.55882125E-005
      92       1     1.19550414E+001   1.00002269E+000   5.19460060E-002   1.19999997E+001   0.00000000E+000  -2.39300870E-020   7.63946791E-021  -1.19999997E+001   2.92983573E-020   4.59938890E-020   5.14572515E-020   1.49856308E-002   1.50053782E-002  -2.99910089E-002   1.49955051E-002  -3.20540535E-005   2.74330146E-005
      93       1     1.19544292E+001   1.00002269E+000   5.26538553E-002   1.19999997E+001   0.00000000E+000  -2.86730165E-020   6.12805383E-021  -1.19999997E+001  -1.14992581E-021  -4.58668341E-020   3.63588893E-020   1.51884102E-002   1.52112722E-002  -3.03996824E-002   1.51998419E-002  -3.30559679E-005   2.98457635E-005
      94       1     1.19538178E+001   1.00002269E+000   5.33607823E-002   1.19999997E+001   0.00000000E+000   2.27403945E-020   5.65061397E-020  -1.19999997E+001   5.23444751E-020   7.73552839E-020   5.38289438E-020   1.53921317E-002   1.54156941E-002  -3.08078258E-002   1.54039136E-002  -3.38781161E-005   3.03595310E-005
      95       1     1.19532013E+001   1.00002269E+000   5.40735583E-002   1.19999997E+001   0.00000000E+000  -1.60250941E-020   1.34399731E-020  -1.19999997E+001   3.74553999E-020   5.51630207E-020  -4.72009110E-020   1.55971370E-002   1.56222084E-002  -3.12193453E-002   1.56096734E-002  -3.47671337E-005   3.14633697E-005
      96       1     1.19525812E+001   1.00002269E+000   5.47905262E-002   1.19999997E+001   0.00000000E+000   1.54607088E-020  -7.26510664E-021  -1.19999997E+001  -2.56144748E-021  -1.17949338E-020  -3.60412519E-020   1.58036323E-002   1.58296530E-002  -3.16332852E-002   1.58166434E-002  -3.60422781E-005   3.20829376E-005
      97       1     1.19519561E+001   1.00002269E+000   5.55132827E-002   1.19999997E+001   0.00000000E+000   1.04174506E-020  -5.71792217E-021  -1.19999997E+001   1.83312840E-020  -9.44441736E-021   3.53636255E-020   1.60119249E-002   1.60386434E-002  -3.20505683E-002   1.60252849E-002  -3.66651337E-005   3.23459144E-005
      98       1     1.19513256E+001   1.00002269E+000   5.62423593E-002   1.19999997E+001   0.00000000E+000  -7.32970945E-021   1.07413021E-021  -1.19999997E+001   1.52239386E-020   6.91178885E-020  -1.08420217E-020   1.62227486E-002   1.62487520E-002  -3.24715005E-002   1.62357510E-002  -3.70559243E-005   3.28808745E-005
      99       1     1.19506871E+001   1.00002269E+000   5.69805947E-002   1.19999997E+001   0.00000000E+000   9.76273714E-021   4.36758084E-020  -1.19999997E+001   1.22046157E-020  -8.29562893E-020   3.48977574E-020   1.64368295E-002   1.64608937E-002  -3.28977236E-002   1.64488628E-002  -3.52701299E-005   3.30349351E-005
     100       1     1.19498103E+001   1.00002269E+000   5.79944801E-002   1.19999997E+001   0.00000000E+000   3.42432508E-020  -2.77034781E-020  -1.19999997E+001  -8.25510742E-021   1.75759337E-020  -7.42847895E-020   1.67304736E-002   1.67526188E-002  -3.34830929E-002   1.67415474E-002  -3.57686294E-005   3.11589869E-005
     101       1     1.19491038E+001   1.00002269E+000   5.88114479E-002   1.19999997E+001   0.00000000E+000  -2.51004855E-020   3.23585611E-020  -1.19999997E+001  -4.46390292E-020  -2.85873620E-020  -2.31239995E-020   1.69635483E-002   1.69912137E-002  -3.39547625E-002   1.69773823E-002  -3.88966639E-005   3.42274568E-005
     102       1     1.19484971E+001   1.00002269E+000   5.95130343E-002   1.19999997E+001   0.00000000E+000  -1.25667760E-020  -1.80549746E-020  -1.19999997E+001   1.12427752E-020   7.36918664E-021  -2.90955817E-020   1.71660426E-002   1.71937801E-002  -3.43598225E-002   1.71799127E-002  -3.96204748E-005   3.46860056E-005
     103       1     1.19478867E+001   1.00002269E+000   6.02188364E-002   1.19999997E+001   0.00000000E+000  -3.61005814E-020   5.48335340E-020  -1.19999997E+001  -3.44036307E-020  -2.87567686E-020  -5.40407020E-020   1.73698261E-002   1.73974898E-002  -3.47673157E-002   1.73836593E-002  -4.06466117E-005   3.57935393E-005
     104       1     1.19472751E+001   1.00002269E+000   6.09261416E-002   1.19999997E+001   0.00000000E+000   1.03042716E-020  -1.17260296E-020  -1.19999997E+001  -1.15517013E-020   5.41254053E-020  -2.70627027E-020   1.75742359E-002   1.76014429E-002  -3.51756786E-002   1.75878408E-002  -4.08631054E-005   3.60861497E-005
     105       1     1.19465719E+001   1.00002269E+000   6.17392456E-002   1.19999997E+001   0.00000000E+000   1.71726417E-020  -3.22178784E-020  -1.19999997E+001  -2.08479396E-020   2.50933511E-020   2.51145269E-020   1.78152668E-002   1.78298632E-002  -3.56451284E-002   1.78225649E-002  -3.68936874E-005   3.87816903E-005
     106       1     1.19457878E+001   1.00002269E+000   6.26460134E-002   1.19999997E+001   0.00000000E+000  -1.32594364E-020  -8.12206576E-021  -1.19999997E+001  -2.49876684E-020  -2.59933236E-020   7.05154929E-021   1.80705719E-002   1.80980821E-002  -3.61686556E-002   1.80843300E-002  -3.61327611E-005   3.37110032E-005
     107       1     1.19451666E+001   1.00002269E+000   6.33643999E-002   1.19999997E+001   0.00000000E+000   2.88141129E-020   2.52793840E-020  -1.19999997E+001  -9.00616673E-021   7.15795780E-020   4.15893177E-020   1.82800448E-002   1.83033701E-002  -3.65834145E-002   1.82917097E-002  -3.67567904E-005   3.55240142E-005
     108       1     1.19445137E+001   1.00002269E+000   6.41194956E-002   1.19999997E+001   0.00000000E+000   1.21177410E-020  -1.89745720E-020  -1.19999997E+001   2.19585433E-020  -5.12454933E-020  -2.23616698E-020   1.84978527E-002   1.85215172E-002  -3.70193690E-002   1.85096871E-002  -4.00981945E-005   3.21073601E-005
     109       1     1.19439093E+001   1.00002269E+000   6.48185004E-002   1.19999997E+001   0.00000000E+000   2.85402127E-020  -6.21407027E-021  -1.19999997E+001   2.70579567E-021   2.81003180E-020  -9.69005692E-020   1.86993069E-002   1.87236329E-002  -3.74229390E-002   1.87114721E-002  -3.86936180E-005   3.47833026E-005
     110       1     1.19433146E+001   1.00002269E+000   6.55062392E-002   1.19999997E+001   0.00000000E+000   1.21340985E-020   1.17714832E-020  -1.19999997E+001   2.34669434E-020   1.66653732E-020   1.90158897E-020   1.88973458E-002   1.89226594E-002  -3.78200045E-002   1.89100048E-002  -3.92530724E-005   3.52638204E-005
     111       1     1.19427172E+001   1.00002269E+000   6.61972103E-002   1.19999997E+001   0.00000000E+000   1.78500613E-020  -5.24300573E-020  -1.19999997E+001  -1.18408785E-020  -8.60585474E-020  -1.29172524E-020   1.90960935E-002   1.91228439E-002  -3.82189363E-002   1.91094707E-002  -3.97064334E-005   3.53959425E-005
     112       1     1.19421177E+001   1.00002269E+000   6.68905453E-002   1.19999997E+001   0.00000000E+000   5.79315942E-021  -7.06759659E-021  -1.19999997E+001  -1.99914303E-020  -1.04185053E-020  -4.90008560E-020   1.92956012E-002   1.93236332E-002  -3.86192334E-002   1.93096193E-002  -3.99463353E-005   3.53769523E-005
     113       1     1.19415083E+001   1.00002269E+000   6.75954237E-002   1.19999997E+001   0.00000000E+000   6.74481004E-021   1.06752497E-019  -1.19999997E+001  -3.82710206E-020   2.21075599E-020   5.67935591E-020   1.94988717E-002   1.95273243E-002  -3.90261951E-002   1.95131000E-002  -4.04092777E-005   3.52889942E-005
     114       1     1.19408698E+001   1.00002269E+000   6.83339208E-002   1.19999997E+001   0.00000000E+000   4.20118622E-020  -2.28780373E-020  -1.19999997E+001  -3.18844419E-020   5.78735261E-020  -7.28448335E-020   1.97139313E-002   1.97386366E-002  -3.94525659E-002   1.97262853E-002  -4.04139698E-005   3.69833340E-005
     115       1     1.19402030E+001   1.00002269E+000   6.91051594E-002   1.19999997E+001   0.00000000E+000   5.05217103E-021  -1.78864986E-020  -1.19999997E+001  -2.20240560E-020   1.75335820E-020  -5.98005261E-020   1.99372954E-002   1.99605454E-002  -3.98978379E-002   1.99489207E-002  -4.51437527E-005   3.53288840E-005
     116       1     1.19395500E+001   1.00002269E+000   6.98603915E-002   1.19999997E+001   0.00000000E+000   2.85706116E-021  -3.99143597E-020  -1.19999997E+001  -5.06199380E-020  -2.18534500E-020   1.88888347E-020   2.01518072E-002   2.01820662E-002  -4.03338716E-002   2.01669385E-002  -4.38053398E-005   3.56893474E-005
     117       1     1.19389031E+001   1.00002269E+000   7.06086269E-002   1.19999997E+001   0.00000000E+000   3.45127049E-020   1.08521216E-019  -1.19999997E+001   4.87233369E-020   2.74438675E-020   1.64112634E-020   2.03666691E-002   2.03991989E-002  -4.07658673E-002   2.03829371E-002  -3.98656679E-005   3.80681043E-005
     118       1     1.19382728E+001   1.00002269E+000   7.13377239E-002   1.19999997E+001   0.00000000E+000   1.56361951E-021  -1.61476409E-020  -1.19999997E+001   2.00256807E-020   3.59989003E-020  -4.93820208E-020   2.05784584E-002   2.06083560E-002  -4.11868132E-002   2.05934097E-002  -4.33892398E-005   3.33007815E-005
     119       1     1.19376750E+001   1.00002269E+000   7.20292569E-002   1.19999997E+001   0.00000000E+000  -7.00442067E-021  -1.78635444E-020  -1.19999997E+001  -5.73358587E-020  -4.98902406E-020   2.99002630E-020   2.07779360E-002   2.08081346E-002  -4.15860696E-002   2.07930378E-002  -4.39798891E-005   3.35467537E-005
     120       1     1.19370670E+001   1.00002269E+000   7.27325346E-002   1.19999997E+001   0.00000000E+000  -2.99315098E-020  -2.43517009E-020  -1.19999997E+001  -4.71268964E-020   2.09217138E-020  -8.81761298E-020   2.09789700E-002   2.10131359E-002  -4.19921062E-002   2.09960557E-002  -4.47626241E-005   3.38339709E-005
     121       1     1.19364617E+001   1.00002269E+000   7.34326468E-002   1.19999997E+001   0.00000000E+000   2.72078935E-020   7.45170411E-020  -1.19999997E+001  -2.64643822E-020   5.47183284E-020  -2.06676039E-020   2.11789806E-002   2.12173337E-002  -4.23963159E-002   2.11981602E-002  -4.66480440E-005   3.15444942E-005
     122       1     1.19358587E+001   1.00002269E+000   7.41302047E-002   1.19999997E+001   0.00000000E+000  -1.15287264E-020   2.90308135E-020  -1.19999997E+001   3.69327768E-020  -2.32087028E-020   4.81114714E-020   2.13780834E-002   2.14209644E-002  -4.27990496E-002   2.13995270E-002  -4.56519134E-005   3.42278607E-005
     123       1     1.19352598E+001   1.00002269E+000   7.48230728E-002   1.19999997E+001   0.00000000E+000  -1.25312693E-020   8.98104733E-020  -1.19999997E+001  -1.39080907E-020   4.82808780E-020   3.01543729E-020   2.15768956E-002   2.16221784E-002  -4.31990758E-002   2.15995402E-002  -4.47815422E-005   3.66940804E-005
     124       1     1.19346564E+001   1.00002269E+000   7.55210237E-002   1.19999997E+001   0.00000000E+000  -1.49440931E-020   3.83449086E-020  -1.19999997E+001  -4.70979063E-021  -3.45801201E-020   7.23789653E-020   2.17778185E-002   2.18242173E-002  -4.36020377E-002   2.18010211E-002  -4.29935572E-005   3.91684587E-005
     125       1     1.19340620E+001   1.00002269E+000   7.62087077E-002   1.19999997E+001   0.00000000E+000  -1.11150534E-020  -4.98858565E-020  -1.19999997E+001   1.02905766E-020   5.20925263E-021  -5.16054823E-020   2.19744886E-002   2.20245792E-002  -4.39990697E-002   2.19995371E-002  -4.36848759E-005   4.05501139E-005
     126       1     1.19334681E+001   1.00002269E+000   7.68957037E-002   1.19999997E+001   0.00000000E+000  -7.50608503E-021  -4.06933157E-020  -1.19999997E+001   2.12301643E-020   4.95514274E-020  -2.67662411E-020   2.21714294E-002   2.22242753E-002  -4.43957072E-002   2.21978559E-002  -4.37441300E-005   4.00133520E-005
     127       1     1.19328637E+001   1.00002269E+000   7.75949854E-002   1.19999997E+001   0.00000000E+000   4.49052366E-020   4.47579571E-020  -1.19999997E+001  -1.69208531E-020   2.62156697E-020  -1.12655382E-019   2.23729576E-002   2.24264738E-002  -4.47994339E-002   2.23997193E-002  -4.58677667E-005   4.20990197E-005
     128       1     1.19322607E+001   1.00002269E+000   7.82925812E-002   1.19999997E+001   0.00000000E+000   7.98374048E-021  -3.70982233E-020  -1.19999997E+001   5.15703323E-020  -3.32883948E-020   1.44419118E-020   2.25746880E-002   2.26275000E-002  -4.52021903E-002   2.26010973E-002  -4.66054628E-005   4.28393097E-005
     129       1     1.19316572E+001   1.00002269E+000   7.89907749E-002   1.19999997E+001   0.00000000E+000  -4.85099863E-020  -1.18120564E-020  -1.19999997E+001  -4.76960096E-020   3.10861092E-020   9.80440636E-020   2.27754038E-002   2.28298853E-002  -4.56052919E-002   2.28026485E-002  -4.66730230E-005   4.33887774E-005
     130       1     1.19310517E+001   1.00002269E+000   7.96912113E-002   1.19999997E+001   0.00000000E+000  -2.60642957E-020   1.07970148E-019  -1.19999997E+001  -3.88355869E-021  -7.93563992E-020   5.89323173E-020   2.29742793E-002   2.30354026E-002  -4.60096852E-002   2.30048452E-002  -4.73960663E-005   4.50832662E-005
     131       1     1.19304468E+001   1.00002269E+000   8.03910772E-002   1.19999997E+001   0.00000000E+000   1.09522849E-020   7.50568385E-020  -1.19999997E+001  -5.30667382E-020  -4.90643835E-020   4.55915484E-020   2.31756371E-002   2.32381124E-002  -4.64137535E-002   2.32068797E-002  -4.75057971E-005   4.44131669E-005
     132       1     1.19298392E+001   1.00002269E+000   8.10940212E-002   1.19999997E+001   0.00000000E+000  -5.58572734E-020  -1.72439034E-020  -1.19999997E+001   2.31117055E-020   6.05628557E-021  -4.31139770E-020   2.33780176E-002   2.34415765E-002  -4.68195979E-002   2.34098018E-002  -4.80939087E-005   4.44521584E-005
     133       1     1.19292321E+001   1.00002269E+000   8.17964608E-002   1.19999997E+001   0.00000000E+000  -4.57482578E-021   1.08912472E-019  -1.19999997E+001  -2.40435606E-020  -5.21772296E-020  -5.28548559E-020   2.35795861E-002   2.36455633E-002  -4.72251537E-002   2.36125800E-002  -4.65877320E-005   4.34745447E-005
     134       1     1.19286241E+001   1.00002269E+000   8.24999340E-002   1.19999997E+001   0.00000000E+000  -3.22637662E-020   1.12347836E-019  -1.19999997E+001  -1.60707545E-020  -1.61359776E-020  -1.30443074E-020   2.37840991E-002   2.38471981E-002  -4.76313005E-002   2.38156528E-002  -4.97858265E-005   4.54000922E-005
     135       1     1.19280178E+001   1.00002269E+000   8.32014907E-002   1.19999997E+001   0.00000000E+000  -1.28544694E-020   3.06100667E-020  -1.19999997E+001   6.44947037E-021  -6.22569216E-020  -3.37542629E-020   2.39857575E-002   2.40505812E-002  -4.80363434E-002   2.40181748E-002  -5.08078809E-005   4.54092744E-005
     136       1     1.19274051E+001   1.00002269E+000   8.39103676E-002   1.19999997E+001   0.00000000E+000   1.66812137E-020   4.65306879E-020  -1.19999997E+001  -2.04092444E-020   2.10064171E-020  -1.41030986E-020   2.41889426E-002   2.42566681E-002  -4.84456165E-002   2.42228116E-002  -4.95057270E-005   4.34192650E-005
     137       1     1.19267778E+001   1.00002269E+000   8.46362242E-002   1.19999997E+001   0.00000000E+000  -2.82095265E-020  -1.34014426E-020  -1.19999997E+001  -1.74039266E-020   1.88888347E-020   5.07372735E-020   2.43946130E-002   2.44700680E-002  -4.88646862E-002   2.44323465E-002  -5.08935661E-005   4.32555580E-005
     138       1     1.19261685E+001   1.00002269E+000   8.53412587E-002   1.19999997E+001   0.00000000E+000  -1.47630853E-020   6.24619797E-020  -1.19999997E+001  -9.60742364E-021  -4.65868121E-020  -2.25310764E-020   2.45958726E-002   2.46758570E-002  -4.92717351E-002   2.46358711E-002  -5.26254417E-005   4.30523210E-005
     139       1     1.19255099E+001   1.00002269E+000   8.61032782E-002   1.19999997E+001   0.00000000E+000   1.76819162E-020   1.82253532E-020  -1.19999997E+001  -2.49211941E-021   5.36171856E-020   9.18183715E-020   2.48187202E-002   2.48929613E-002  -4.97116842E-002   2.48558445E-002  -5.53618962E-005   4.61264307E-005
     140       1     1.19249056E+001   1.00002269E+000   8.68025955E-002   1.19999997E+001   0.00000000E+000  -2.75548338E-021   6.88155126E-020  -1.19999997E+001  -3.33749800E-020  -3.54906805E-020  -7.18283939E-020   2.50190098E-002   2.50964202E-002  -5.01154327E-002   2.50577187E-002  -5.72347828E-005   4.60048865E-005
     141       1     1.19243050E+001   1.00002269E+000   8.74975106E-002   1.19999997E+001   0.00000000E+000  -1.07312209E-020  -9.06947293E-020  -1.19999997E+001   6.25751794E-021  -4.66715154E-020  -5.21772296E-020   2.52179342E-002   2.52987017E-002  -5.05166392E-002   2.52583219E-002  -5.83300183E-005   4.70911499E-005
     142       1     1.19236715E+001   1.00002269E+000   8.82306660E-002   1.19999997E+001   0.00000000E+000   1.49040576E-020   6.20429300E-020  -1.19999997E+001   2.51680041E-020   3.47283508E-020   6.16639986E-020   2.54280916E-002   2.55118302E-002  -5.09399251E-002   2.54699649E-002  -5.95192650E-005   4.66269089E-005
     143       1     1.19230634E+001   1.00002269E+000   8.89342525E-002   1.19999997E+001   0.00000000E+000   3.07602414E-020   5.34757377E-020  -1.19999997E+001  -5.82603106E-020   3.04931861E-021  -6.11557788E-020   2.56297917E-002   2.57163439E-002  -5.13461389E-002   2.56730718E-002  -6.03496403E-005   4.71818055E-005
     144       1     1.19224576E+001   1.00002269E+000   8.96353294E-002   1.19999997E+001   0.00000000E+000   6.17606753E-020   1.08329227E-020  -1.19999997E+001  -2.53236692E-020   3.40507245E-020   4.83655813E-020   2.58300474E-002   2.59208521E-002  -5.17509028E-002   2.58754538E-002  -6.05358117E-005   4.88480640E-005
     145       1     1.19218510E+001   1.00002269E+000   9.03372987E-002   1.19999997E+001   0.00000000E+000   2.52911920E-020  -4.91624871E-020  -1.19999997E+001   4.37983863E-020  -3.89635156E-020  -9.29195143E-020   2.60313883E-002   2.61247912E-002  -5.21561829E-002   2.60780938E-002  -6.09494835E-005   4.99683521E-005
     146       1     1.19212420E+001   1.00002269E+000   9.10421209E-002   1.19999997E+001   0.00000000E+000  -1.04369514E-020   2.41791097E-020  -1.19999997E+001  -6.04303259E-020  -2.37169225E-020   4.22669441E-020   2.62317289E-002   2.63313775E-002  -5.25631104E-002   2.62815577E-002  -6.10329363E-005   4.95157053E-005
     147       1     1.19206281E+001   1.00002269E+000   9.17525876E-002   1.19999997E+001   0.00000000E+000   2.74475898E-020   3.19671392E-020  -1.19999997E+001  -2.90672508E-020  -6.34427677E-020   5.57347679E-020   2.64331272E-002   2.65401602E-002  -5.29732911E-002   2.64866478E-002  -6.24997481E-005   5.23966811E-005
     148       1     1.19200157E+001   1.00002269E+000   9.24613147E-002   1.19999997E+001   0.00000000E+000   3.48541650E-020   3.14328633E-020  -1.19999997E+001   5.59244818E-020   3.21872520E-021   6.88637786E-020   2.66354016E-002   2.67470664E-002  -5.33824720E-002   2.66912384E-002  -6.31393221E-005   5.29147544E-005
     149       1     1.19194013E+001   1.00002269E+000   9.31723969E-002   1.19999997E+001   0.00000000E+000  -2.61694303E-020  -7.78807090E-021  -1.19999997E+001   5.32024682E-020  -5.08219768E-021   5.59041745E-021   2.68391290E-002   2.69538782E-002  -5.37930110E-002   2.68965079E-002  -6.49464621E-005   5.42530857E-005
     150       1     1.19187893E+001   1.00002269E+000   9.38806957E-002   1.19999997E+001   0.00000000E+000   1.46384292E-020  -9.23513240E-020  -1.19999997E+001  -5.00041640E-020  -1.71100655E-020  -1.82112084E-020   2.70419469E-002   2.71599933E-002  -5.42019441E-002   2.71009744E-002  -6.58615659E-005   5.55946745E-005
     151       1     1.19181030E+001   1.00002269E+000   9.46749306E-002   1.19999997E+001   0.00000000E+000   1.50344833E-020  -6.27925211E-020  -1.19999997E+001   3.98918759E-020   6.14098887E-020   2.01593841E-020   2.72668224E-002   2.73936653E-002  -5.46604919E-002   2.73302485E-002  -6.50781181E-005   5.62916907E-005
     152       1     1.19173545E+001   1.00002269E+000   9.55412810E-002   1.19999997E+001   0.00000000E+000   1.67534680E-020  -6.18937893E-020  -1.19999997E+001   3.49977222E-020  -8.52962178E-020  -2.32087028E-020   2.75184181E-002   2.76422381E-002  -5.51606605E-002   2.75803331E-002  -7.39958906E-005   6.56973711E-005
     153       1     1.19166031E+001   1.00002269E+000   9.64109770E-002   1.19999997E+001   0.00000000E+000   3.69529394E-020   5.07611377E-020  -1.19999997E+001   1.15312390E-020   3.86670540E-020  -4.00646584E-020   2.77602631E-002   2.79024962E-002  -5.56627640E-002   2.78313849E-002  -7.57016830E-005   6.86551308E-005
     154       1     1.19158687E+001   1.00002269E+000   9.72609512E-002   1.19999997E+001   0.00000000E+000  -2.80664346E-020   6.88815630E-020  -1.19999997E+001  -6.90227420E-021  -1.44503821E-019  -3.38389662E-020   2.80083783E-002   2.81451159E-002  -5.61534990E-002   2.80767525E-002  -7.57228555E-005   7.05632204E-005
     155       1     1.19151528E+001   1.00002269E+000   9.80895419E-002   1.19999997E+001   0.00000000E+000   2.55118114E-020  -2.19204103E-020  -1.19999997E+001  -4.66010810E-020   2.58768565E-020  -2.82061971E-020   2.82503638E-002   2.83815234E-002  -5.66318920E-002   2.83159493E-002  -7.54848432E-005   6.95162386E-005
     156       1     1.19145019E+001   1.00002269E+000   9.88429672E-002   1.19999997E+001   0.00000000E+000  -3.84699679E-020  -9.44309387E-020  -1.19999997E+001  -4.98204886E-020   3.91752738E-020   3.43048344E-020   2.84650770E-002   2.86017894E-002  -5.70668714E-002   2.85334386E-002  -7.84109175E-005   7.34664598E-005
     157       1     1.19139091E+001   1.00002269E+000   9.95291568E-002   1.19999997E+001   0.00000000E+000  -3.04001386E-020   5.87291204E-020  -1.19999997E+001   1.48815582E-020  -8.84586947E-021  -3.71212189E-020   2.86590661E-002   2.88039653E-002  -5.74630364E-002   2.87315211E-002  -7.77145511E-005   7.63083894E-005
     158       1     1.19133350E+001   1.00002269E+000   1.00193680E-001   1.19999997E+001   0.00000000E+000   2.62629844E-022  -5.02546137E-020  -1.19999997E+001  -1.29555612E-020   1.78459254E-020  -9.41106544E-020   2.88491301E-002   2.89975605E-002  -5.78466956E-002   2.89233505E-002  -7.82519326E-005   7.72951681E-005
     159       1     1.19127608E+001   1.00002269E+000   1.00858347E-001   1.19999997E+001   0.00000000E+000   1.79546790E-021   8.46593714E-020  -1.19999997E+001  -4.24893109E-020  -1.96088127E-020  -1.58818678E-021   2.90396027E-002   2.91908319E-002  -5.82304395E-002   2.91152223E-002  -7.78301734E-005   7.85290283E-005
     160       1     1.19121744E+001   1.00002269E+000   1.01537166E-001   1.19999997E+001   0.00000000E+000   1.27587440E-021  -1.14233394E-019  -1.19999997E+001   4.39446421E-020   4.18010759E-020  -9.12678001E-020   2.92343428E-002   2.93880088E-002  -5.86223571E-002   2.93111815E-002  -7.57979687E-005   7.93869373E-005
     161       1     1.19115918E+001   1.00002269E+000   1.02211506E-001   1.19999997E+001   0.00000000E+000  -1.08682072E-020  -3.29892450E-020  -1.19999997E+001   1.58124776E-020   3.76506145E-020  -1.04608569E-019   2.94265058E-002   2.95851766E-002  -5.90116872E-002   2.95058467E-002  -7.48833297E-005   7.85976826E-005
     162       1     1.19109724E+001   1.00002269E+000   1.02928562E-001   1.19999997E+001   0.00000000E+000  -8.07148366E-021   3.61596215E-020  -1.19999997E+001   1.58516757E-020  -4.75185483E-020  -4.37916034E-020   2.96316969E-002   2.97939702E-002  -5.94256720E-002   2.97128394E-002  -7.55763624E-005   8.25543442E-005
     163       1     1.19103806E+001   1.00002269E+000   1.03613618E-001   1.19999997E+001   0.00000000E+000   1.57614613E-020  -1.89062882E-020  -1.19999997E+001  -7.21874937E-020  -3.59989003E-020  -9.09713385E-020   2.98275749E-002   2.99936033E-002  -5.98211834E-002   2.99105952E-002  -7.64801638E-005   8.46566169E-005
     164       1     1.19098094E+001   1.00002269E+000   1.04274883E-001   1.19999997E+001   0.00000000E+000  -5.80840436E-020   3.29546274E-020  -1.19999997E+001  -1.34579080E-020   1.30188964E-019   1.04523866E-019   3.00163323E-002   3.01866227E-002  -6.02029604E-002   3.01014837E-002  -7.71022361E-005   8.58241432E-005
     165       1     1.19091944E+001   1.00002269E+000   1.04986828E-001   1.19999997E+001   0.00000000E+000  -2.48981364E-020   1.01299143E-019  -1.19999997E+001  -4.57135162E-020   3.71000431E-020  -5.42948119E-020   3.02160709E-002   3.03979175E-002  -6.06139940E-002   3.03070006E-002  -7.69672671E-005   8.66254037E-005
     166       1     1.19085773E+001   1.00002269E+000   1.05701211E-001   1.19999997E+001   0.00000000E+000  -7.06311224E-020   1.80781564E-020  -1.19999997E+001  -3.61236908E-020  -7.70799982E-020  -1.78723952E-020   3.04265938E-002   3.05998496E-002  -6.10264491E-002   3.05132282E-002  -7.68840622E-005   8.79697947E-005
     167       1     1.19079592E+001   1.00002269E+000   1.06416836E-001   1.19999997E+001   0.00000000E+000  -7.57416200E-021   3.88919645E-020  -1.19999997E+001   1.98458930E-020   4.69256253E-020  -3.24413619E-020   3.06324625E-002   3.08071401E-002  -6.14396082E-002   3.07198078E-002  -8.00727684E-005   9.01111866E-005
     168       1     1.19073534E+001   1.00002269E+000   1.07118183E-001   1.19999997E+001   0.00000000E+000  -3.67631738E-020   5.45530991E-020  -1.19999997E+001  -4.62931320E-020   7.08119544E-020   3.33730981E-020   3.08344268E-002   3.10100932E-002  -6.18445269E-002   3.09222677E-002  -8.12101554E-005   9.23570988E-005
     169       1     1.19067645E+001   1.00002269E+000   1.07799991E-001   1.19999997E+001   0.00000000E+000   1.85013213E-020   7.06486689E-020  -1.19999997E+001   1.60449257E-020  -2.20228566E-020  -1.24344437E-019   3.10299061E-002   3.12082511E-002  -6.22381636E-002   3.11190859E-002  -8.15770733E-005   9.51431312E-005
     170       1     1.19061618E+001   1.00002269E+000   1.08497762E-001   1.19999997E+001   0.00000000E+000  -1.79988504E-020  -8.08447867E-020  -1.19999997E+001   1.05467906E-020  -2.91379334E-020   4.43845264E-020   3.12290989E-002   3.14119065E-002  -6.26410118E-002   3.13205097E-002  -8.50556068E-005   9.74137960E-005
     171       1     1.19055813E+001   1.00002269E+000   1.09169920E-001   1.19999997E+001   0.00000000E+000  -2.04872889E-020   1.04865864E-019  -1.19999997E+001  -1.94681610E-020  -3.65918233E-020   6.20028117E-020   3.14202732E-002   3.16087917E-002  -6.30290716E-002   3.15145397E-002  -8.78716453E-005   1.00041038E-004
     172       1     1.19050074E+001   1.00002269E+000   1.09834397E-001   1.19999997E+001   0.00000000E+000   3.05257563E-020  -2.37048870E-020  -1.19999997E+001  -4.89477613E-020  -8.63126573E-020  -3.23566586E-020   3.16095569E-002   3.18031366E-002  -6.34127006E-002   3.17063542E-002  -9.08838472E-005   1.00156596E-004
     173       1     1.19044219E+001   1.00002269E+000   1.10512227E-001   1.19999997E+001   0.00000000E+000   8.21061544E-021   1.56811110E-020  -1.19999997E+001   2.54524922E-020   3.19331421E-020   1.01643954E-019   3.18026789E-002   3.20013628E-002  -6.38040494E-002   3.19020291E-002  -9.01908117E-005   9.66129235E-005
     174       1     1.19038376E+001   1.00002269E+000   1.11188767E-001   1.19999997E+001   0.00000000E+000  -4.75130269E-020  -3.53037377E-020  -1.19999997E+001  -6.76216118E-020   9.16489649E-020  -4.22669441E-020   3.19967342E-002   3.21979010E-002  -6.41946434E-002   3.20973262E-002  -9.09318280E-005   9.97162654E-005
     175       1     1.19032291E+001   1.00002269E+000   1.11893354E-001   1.19999997E+001   0.00000000E+000   1.54606777E-020   2.53455584E-020  -1.19999997E+001   5.90037754E-020  -6.26804381E-021   6.20028117E-020   3.21973577E-002   3.24040641E-002  -6.46014306E-002   3.23007199E-002  -9.09469714E-005   1.02118448E-004
     176       1     1.19026347E+001   1.00002269E+000   1.12581573E-001   1.19999997E+001   0.00000000E+000   9.86836811E-021  -4.89338544E-020  -1.19999997E+001  -1.29437222E-021  -6.50521303E-020  -8.30092288E-020   3.23960429E-002   3.26027231E-002  -6.49987749E-002   3.24993920E-002  -9.02687811E-005   1.02985308E-004
     177       1     1.19020395E+001   1.00002269E+000   1.13270771E-001   1.19999997E+001   0.00000000E+000   1.85938621E-020  -1.14375173E-019  -1.19999997E+001  -5.73084067E-020  -1.98205710E-020   9.45288769E-020   3.25907039E-002   3.28059570E-002  -6.53966699E-002   3.26983394E-002  -9.24577797E-005   1.06394415E-004
     178       1     1.19014662E+001   1.00002269E+000   1.13934651E-001   1.19999997E+001   0.00000000E+000  -4.80606412E-021   4.39973232E-020  -1.19999997E+001  -3.67275223E-020   5.50571416E-020  -5.79370536E-020   3.27781648E-002   3.30017725E-002  -6.57799464E-002   3.28899776E-002  -9.34635216E-005   1.10913794E-004
     179       1     1.19008999E+001   1.00002269E+000   1.14590354E-001   1.19999997E+001   0.00000000E+000   5.52261966E-021  -4.06745800E-020  -1.19999997E+001   1.43371286E-020   4.15046144E-020   8.08069432E-020   3.29645862E-002   3.31939107E-002  -6.61585060E-002   3.30792575E-002  -9.55888145E-005   1.13337675E-004
     180       1     1.19003354E+001   1.00002269E+000   1.15244072E-001   1.19999997E+001   0.00000000E+000   3.48874280E-020   1.87342347E-020  -1.19999997E+001   4.47853988E-020   6.38662842E-020  -6.28498447E-020   3.31499924E-002   3.33859178E-002  -6.65359164E-002   3.32679617E-002  -9.75500347E-005   1.17311125E-004
     181       1     1.18997711E+001   1.00002269E+000   1.15897450E-001   1.19999997E+001   0.00000000E+000   4.10043356E-020   2.14150443E-020  -1.19999997E+001   2.92225850E-020  -2.10064171E-020   1.34508832E-019   3.33367205E-002   3.35764144E-002  -6.69131388E-002   3.34565721E-002  -9.83712630E-005   1.18809127E-004
     182       1     1.18991994E+001   1.00002269E+000   1.16559523E-001   1.19999997E+001   0.00000000E+000  -4.78404147E-020   5.57847710E-020  -1.19999997E+001   2.00147516E-020   5.45489218E-020   1.08420217E-020   3.35244207E-002   3.37709587E-002  -6.72953837E-002   3.36476949E-002  -9.78206012E-005   1.18319854E-004
     183       1     1.18986377E+001   1.00002269E+000   1.17209942E-001   1.19999997E+001   0.00000000E+000  -2.43122031E-020  -2.59057251E-020  -1.19999997E+001   6.20769581E-020  -4.60785923E-020   9.06325254E-020   3.37076709E-002   3.39632213E-002  -6.76708978E-002   3.38354524E-002  -9.68698622E-005   1.18369159E-004
     184       1     1.18980775E+001   1.00002269E+000   1.17858646E-001   1.19999997E+001   0.00000000E+000   4.72313616E-020   3.39646150E-020  -1.19999997E+001  -5.70006851E-020   5.69206141E-020  -5.99699327E-020   3.38919133E-002   3.41535023E-002  -6.80454208E-002   3.40227140E-002  -9.67127314E-005   1.19750356E-004
     185       1     1.18975182E+001   1.00002269E+000   1.18506415E-001   1.19999997E+001   0.00000000E+000  -1.54095063E-020   3.93135784E-020  -1.19999997E+001   5.03650423E-020   2.13452303E-020  -4.94667241E-020   3.40767733E-002   3.43426234E-002  -6.84194020E-002   3.42097046E-002  -9.86100358E-005   1.21368864E-004
     186       1     1.18969621E+001   1.00002269E+000   1.19150380E-001   1.19999997E+001   0.00000000E+000   3.36906528E-020   6.37554420E-020  -1.19999997E+001   5.85019146E-020   1.35525272E-020   6.03087458E-020   3.42587253E-002   3.45324541E-002  -6.87911847E-002   3.43955959E-002  -9.94575257E-005   1.23515076E-004
     187       1     1.18963924E+001   1.00002269E+000   1.19810225E-001   1.19999997E+001   0.00000000E+000  -2.04371049E-020  -4.77670334E-020  -1.19999997E+001   2.74446533E-020   2.98155597E-020   8.84302397E-020   3.44479765E-002   3.47241627E-002  -6.91721447E-002   3.45860761E-002  -9.86962490E-005   1.24423711E-004
     188       1     1.18958202E+001   1.00002269E+000   1.20472874E-001   1.19999997E+001   0.00000000E+000   5.63648883E-021  -7.04346773E-020  -1.19999997E+001   2.63976081E-021   6.84402621E-020  -2.57498016E-020   3.46348861E-002   3.49198124E-002  -6.95547041E-002   3.47773558E-002  -1.02207868E-004   1.29439832E-004
     189       1     1.18952456E+001   1.00002269E+000   1.21138308E-001   1.19999997E+001   0.00000000E+000   1.28775891E-020  -5.60143550E-020  -1.19999997E+001   2.98528242E-020   3.04931861E-020  -1.99899776E-020   3.48216415E-002   3.51172290E-002  -6.99388761E-002   3.49694417E-002  -1.05134536E-004   1.31205352E-004
     190       1     1.18946637E+001   1.00002269E+000   1.21812270E-001   1.19999997E+001   0.00000000E+000   3.61553201E-020   3.26465027E-020  -1.19999997E+001  -7.05328637E-021   4.40457133E-020   2.60886148E-020   3.50126122E-002   3.53153762E-002  -7.03279943E-002   3.51640004E-002  -1.02738253E-004   1.26835889E-004
     191       1     1.18940981E+001   1.00002269E+000   1.22467354E-001   1.19999997E+001   0.00000000E+000  -3.38529663E-020  -1.12685988E-019  -1.19999997E+001  -4.53784150E-020  -3.45589442E-020   5.11607900E-020   3.51976627E-002   3.55085203E-002  -7.07061888E-002   3.53530975E-002  -1.04474998E-004   1.31823005E-004
     192       1     1.18935228E+001   1.00002269E+000   1.23133682E-001   1.19999997E+001   0.00000000E+000  -3.15832861E-020  -5.80649357E-020  -1.19999997E+001  -1.33236256E-020   3.65918233E-020  -7.89434707E-020   3.53862447E-002   3.57046369E-002  -7.10908874E-002   3.55454467E-002  -1.03947476E-004   1.31989487E-004
     193       1     1.18929464E+001   1.00002269E+000   1.23801211E-001   1.19999997E+001   0.00000000E+000  -2.67833017E-020   2.50344144E-020  -1.19999997E+001  -1.17921938E-020   2.40557357E-020  -3.86247024E-020   3.55738693E-002   3.59024022E-002  -7.14762776E-002   3.57381420E-002  -1.03090274E-004   1.31791880E-004
     194       1     1.18923569E+001   1.00002269E+000   1.24484022E-001   1.19999997E+001   0.00000000E+000   5.34690479E-020  -8.94716601E-020  -1.19999997E+001  -2.91003173E-020   8.26704157E-020  -3.79470760E-020   3.57667221E-002   3.61037545E-002  -7.18704828E-002   3.59352445E-002  -1.04334172E-004   1.35288268E-004
     195       1     1.18917775E+001   1.00002269E+000   1.25155076E-001   1.19999997E+001   0.00000000E+000  -4.63418632E-020   7.22395854E-020  -1.19999997E+001   8.51747877E-022  -6.40356908E-020   1.19939865E-019   3.59563000E-002   3.63016004E-002  -7.22579057E-002   3.61289554E-002  -1.05320894E-004   1.36215959E-004
     196       1     1.18912033E+001   1.00002269E+000   1.25820211E-001   1.19999997E+001   0.00000000E+000   4.10515262E-021  -5.17048267E-020  -1.19999997E+001   1.58307066E-020   5.72594272E-020   6.84402621E-020   3.61461430E-002   3.64957637E-002  -7.26419118E-002   3.63209585E-002  -1.09510468E-004   1.36342218E-004
     197       1     1.18906508E+001   1.00002269E+000   1.26460178E-001   1.19999997E+001   0.00000000E+000  -1.95863496E-020  -3.47938946E-020  -1.19999997E+001  -8.71779916E-020  -2.37169225E-021   6.64073831E-020   3.63273609E-002   3.66840294E-002  -7.30113959E-002   3.65057004E-002  -1.07382245E-004   1.35243900E-004
     198       1     1.18900862E+001   1.00002269E+000   1.27114054E-001   1.19999997E+001   0.00000000E+000  -7.39367119E-021   3.71495912E-020  -1.19999997E+001  -1.83168807E-021   3.15096256E-020   7.55553389E-020   3.65152780E-002   3.68736259E-002  -7.33889093E-002   3.66944569E-002  -1.06673887E-004   1.37192934E-004
     199       1     1.18895321E+001   1.00002269E+000   1.27755975E-001   1.19999997E+001   0.00000000E+000  -5.60968559E-020   3.68248401E-020  -1.19999997E+001  -2.95626596E-020   3.08319993E-020   4.91279109E-020   3.66978502E-002   3.70616601E-002  -7.37595156E-002   3.68797600E-002  -1.06978453E-004   1.38112318E-004
     200       1     1.18889711E+001   1.00002269E+000   1.28405781E-001   1.19999997E+001   0.00000000E+000   1.50867921E-020   7.00478877E-020  -1.19999997E+001   5.47410345E-020  -6.91178885E-020  -7.14895807E-020   3.68825504E-002   3.72521203E-002  -7.41346751E-002   3.70673394E-002  -1.06110942E-004   1.39300839E-004
     201       1     1.18884122E+001   1.00002269E+000   1.29053171E-001   1.19999997E+001   0.00000000E+000   6.68839632E-021   1.04689964E-019  -1.19999997E+001   5.96781861E-021  -9.79170087E-020   6.91178885E-020   3.70644202E-002   3.74440217E-002  -7.45084483E-002   3.72542272E-002  -1.03086919E-004   1.34570120E-004
     202       1     1.18878496E+001   1.00002269E+000   1.29704869E-001   1.19999997E+001   0.00000000E+000   4.60873488E-020   2.14954463E-020  -1.19999997E+001  -2.73071139E-020  -2.98155597E-020   2.60886148E-020   3.72504461E-002   3.76342494E-002  -7.48847020E-002   3.74423536E-002  -1.02083674E-004   1.36302451E-004
     203       1     1.18872947E+001   1.00002269E+000   1.30347598E-001   1.19999997E+001   0.00000000E+000  -1.70428778E-020  -5.15115146E-020  -1.19999997E+001  -3.29690411E-020   3.08319993E-020   6.87790753E-020   3.74323924E-002   3.78233834E-002  -7.52557844E-002   3.76278957E-002  -1.00679789E-004   1.31853558E-004
     204       1     1.18867508E+001   1.00002269E+000   1.30977674E-001   1.19999997E+001   0.00000000E+000   1.11636295E-020  -2.08011109E-020  -1.19999997E+001   1.49566042E-020  -3.59141970E-020  -1.16551734E-019   3.76098892E-002   3.80096474E-002  -7.56195447E-002   3.78097757E-002  -1.01883379E-004   1.33634228E-004
     205       1     1.18862044E+001   1.00002269E+000   1.31610687E-001   1.19999997E+001   0.00000000E+000   3.95714933E-021   7.15320978E-021  -1.19999997E+001  -1.73419449E-020   7.11507676E-021   1.31120700E-019   3.77914473E-002   3.81935595E-002  -7.59850143E-002   3.79925101E-002  -1.01552686E-004   1.33774836E-004
     206       1     1.18856537E+001   1.00002269E+000   1.32248670E-001   1.19999997E+001   0.00000000E+000  -2.50683166E-020   7.24271900E-020  -1.19999997E+001  -8.44013738E-021   3.59141970E-020  -1.66696084E-019   3.79724459E-002   3.83808914E-002  -7.63533448E-002   3.81766754E-002  -1.03569648E-004   1.34024723E-004
     207       1     1.18850997E+001   1.00002269E+000   1.32890468E-001   1.19999997E+001   0.00000000E+000  -1.29322865E-020   2.26543263E-020  -1.19999997E+001  -1.85680334E-020   6.77626358E-021  -1.03676833E-019   3.81544926E-002   3.85693815E-002  -7.67238817E-002   3.83619438E-002  -1.01932873E-004   1.34630068E-004
     208       1     1.18845457E+001   1.00002269E+000   1.33532264E-001   1.19999997E+001   0.00000000E+000   1.34849362E-020  -1.04588717E-020  -1.19999997E+001  -2.22830670E-020  -2.67662411E-020   1.34508832E-019   3.83380447E-002   3.87563665E-002  -7.70944184E-002   3.85472125E-002  -1.02486138E-004   1.35220785E-004
     209       1     1.18839943E+001   1.00002269E+000   1.34171016E-001   1.19999997E+001   0.00000000E+000   3.64525675E-020  -8.12156531E-020  -1.19999997E+001   8.79241292E-021  -3.79470760E-020   1.13502415E-019   3.85204014E-002   3.89427960E-002  -7.74632058E-002   3.87316063E-002  -9.95997097E-005   1.33270335E-004
     210       1     1.18834462E+001   1.00002269E+000   1.34806027E-001   1.19999997E+001   0.00000000E+000  -2.79580895E-020  -1.13118686E-019  -1.19999997E+001   3.85190094E-020  -7.58941521E-020   4.06575815E-020   3.87012663E-002   3.91285450E-002  -7.78298191E-002   3.89149127E-002  -1.00936937E-004   1.35829437E-004
     211       1     1.18828936E+001   1.00002269E+000   1.35446184E-001   1.19999997E+001   0.00000000E+000  -1.62243722E-020  -3.11797460E-020  -1.19999997E+001  -9.10481836E-021  -1.28749008E-020  -1.55854062E-020   3.88830007E-002   3.93163947E-002  -7.81994029E-002   3.90997045E-002  -1.03699544E-004   1.36526266E-004
     212       1     1.18823439E+001   1.00002269E+000   1.36083080E-001   1.19999997E+001   0.00000000E+000   1.54095063E-020   7.79293473E-020  -1.19999997E+001  -6.05665677E-020   4.64174055E-020  -5.01443505E-020   3.90639606E-002   3.95031385E-002  -7.85671067E-002   3.92835564E-002  -1.04762391E-004   1.37067706E-004
     213       1     1.18817935E+001   1.00002269E+000   1.36720795E-001   1.19999997E+001   0.00000000E+000  -9.60340148E-021  -1.05468837E-020  -1.19999997E+001   1.96805913E-021   3.01543729E-020  -8.43644815E-020   3.92443117E-002   3.96909632E-002  -7.89352829E-002   3.94676442E-002  -1.05039796E-004   1.37533498E-004
     214       1     1.18812489E+001   1.00002269E+000   1.37351735E-001   1.19999997E+001   0.00000000E+000   1.43849397E-020   8.01550421E-020  -1.19999997E+001  -2.51464354E-020   3.82858892E-020   6.94567017E-020   3.94209808E-002   3.98785569E-002  -7.92995466E-002   3.96497765E-002  -1.04163148E-004   1.36224757E-004
     215       1     1.18806971E+001   1.00002269E+000   1.37991129E-001   1.19999997E+001   0.00000000E+000   4.77466692E-020   5.45414772E-020  -1.19999997E+001  -1.77377509E-020   7.28448335E-020  -7.18283939E-020   3.96015846E-002   4.00670949E-002  -7.96686885E-002   3.98343476E-002  -1.04489823E-004   1.37664912E-004
     216       1     1.18801478E+001   1.00002269E+000   1.38627528E-001   1.19999997E+001   0.00000000E+000  -1.62116957E-020  -6.40816821E-022  -1.19999997E+001   9.93997093E-020   1.08420217E-020   5.65818009E-020   3.97816623E-002   4.02544307E-002  -8.00361023E-002   4.00180546E-002  -1.04756171E-004   1.39427141E-004
     217       1     1.18795849E+001   1.00002269E+000   1.39279701E-001   1.19999997E+001   0.00000000E+000   3.24893797E-020  -9.37216314E-020  -1.19999997E+001  -2.21478333E-020   5.11607900E-020   2.03287907E-021   3.99658480E-002   4.04467555E-002  -8.04126114E-002   4.02063089E-002  -1.09702046E-004   1.43088082E-004
     218       1     1.18790231E+001   1.00002269E+000   1.39930766E-001   1.19999997E+001   0.00000000E+000   3.85234762E-020  -1.03547296E-020  -1.19999997E+001  -8.75055758E-021  -4.57397792E-020   3.42201311E-020   4.01503457E-002   4.06381375E-002  -8.07884918E-002   4.03942492E-002  -1.10518712E-004   1.45105943E-004
     219       1     1.18784688E+001   1.00002269E+000   1.40573013E-001   1.19999997E+001   0.00000000E+000  -4.44488604E-020   1.04301354E-019  -1.19999997E+001   2.47605763E-020  -5.11607900E-020  -1.35525272E-020   4.03303102E-002   4.08289442E-002  -8.11592625E-002   4.05796342E-002  -1.15411923E-004   1.50721993E-004
     220       1     1.18779205E+001   1.00002269E+000   1.41208379E-001   1.19999997E+001   0.00000000E+000  -5.30485402E-020   8.48753483E-020  -1.19999997E+001   5.63975878E-021  -4.43845264E-020  -1.28749008E-020   4.05099446E-002   4.10161260E-002  -8.15260785E-002   4.07630421E-002  -1.14719344E-004   1.53213113E-004
     221       1     1.18773711E+001   1.00002269E+000   1.41844920E-001   1.19999997E+001   0.00000000E+000   6.22130811E-021  -2.49481809E-020  -1.19999997E+001   3.05760282E-020  -2.64274280E-020   4.37069001E-020   4.06895701E-002   4.12039978E-002  -8.18935761E-002   4.09467912E-002  -1.14715420E-004   1.53039762E-004
     222       1     1.18768175E+001   1.00002269E+000   1.42486389E-001   1.19999997E+001   0.00000000E+000  -3.58271776E-020  -3.63823812E-020  -1.19999997E+001  -5.59517167E-020   7.72494048E-020  -4.50621528E-020   4.08722827E-002   4.13916347E-002  -8.22639263E-002   4.11319666E-002  -1.13747478E-004   1.52191697E-004
     223       1     1.18762721E+001   1.00002269E+000   1.43118449E-001   1.19999997E+001   0.00000000E+000  -6.79849147E-020   1.08040541E-020  -1.19999997E+001   1.74874253E-021   1.62630326E-020   1.43317975E-019   4.10511304E-002   4.15776946E-002  -8.26288338E-002   4.13144203E-002  -1.14648757E-004   1.53491562E-004
     224       1     1.18757236E+001   1.00002269E+000   1.43754046E-001   1.19999997E+001   0.00000000E+000   1.42551447E-020  -3.80121752E-020  -1.19999997E+001  -3.31543502E-020  -2.84603070E-020  -1.06048525E-019   4.12307454E-002   4.17650255E-002  -8.29957794E-002   4.14978929E-002  -1.16671002E-004   1.55844588E-004
     225       1     1.18751708E+001   1.00002269E+000   1.44394670E-001   1.19999997E+001   0.00000000E+000   5.98288363E-021   2.25204058E-020  -1.19999997E+001   4.83196107E-020  -1.00966327E-019  -7.08119544E-020   4.14098460E-002   4.19557716E-002  -8.33656271E-002   4.16828171E-002  -1.18273291E-004   1.55283073E-004
     226       1     1.18746238E+001   1.00002269E+000   1.45028481E-001   1.19999997E+001   0.00000000E+000  -3.47902446E-020   4.27926173E-020  -1.19999997E+001   1.43066057E-020   5.28548559E-020   8.47032947E-021   4.15900979E-002   4.21414389E-002  -8.37315457E-002   4.18657755E-002  -1.21160789E-004   1.56557591E-004
     227       1     1.18740717E+001   1.00002269E+000   1.45668354E-001   1.19999997E+001   0.00000000E+000  -5.18297620E-020   6.15949290E-020  -1.19999997E+001  -3.99528236E-020   3.38813179E-021  -6.60685699E-020   4.17700320E-002   4.23309188E-002  -8.41009593E-002   4.20504823E-002  -1.23205498E-004   1.57274467E-004
     228       1     1.18735219E+001   1.00002269E+000   1.46305495E-001   1.19999997E+001   0.00000000E+000   3.24493235E-020  -1.86310852E-020  -1.19999997E+001   8.96591406E-021  -6.26804381E-020  -1.18245799E-019   4.19473417E-002   4.25214417E-002  -8.44687930E-002   4.22343993E-002  -1.23342853E-004   1.57629733E-004
     229       1     1.18729714E+001   1.00002269E+000   1.46943472E-001   1.19999997E+001   0.00000000E+000   3.14363478E-020   2.78767311E-020  -1.19999997E+001  -4.82709518E-020   3.55753838E-020  -5.14996032E-020   4.21288277E-002   4.27082768E-002  -8.48371133E-002   4.24185592E-002  -1.26987175E-004   1.60016917E-004
     230       1     1.18724098E+001   1.00002269E+000   1.47594314E-001   1.19999997E+001   0.00000000E+000  -4.48764818E-020   1.94882925E-020  -1.19999997E+001   2.87498202E-020  -4.91279109E-020   1.03676833E-019   4.23105517E-002   4.29022926E-002  -8.52128528E-002   4.26064286E-002  -1.28467932E-004   1.62353230E-004
     231       1     1.18718648E+001   1.00002269E+000   1.48225958E-001   1.19999997E+001   0.00000000E+000   1.73363201E-020  -6.00524853E-021  -1.19999997E+001   2.42456564E-020  -3.25260652E-020   2.37169225E-021   4.24887184E-002   4.30887942E-002  -8.55775229E-002   4.27887639E-002  -1.28174121E-004   1.61958326E-004
     232       1     1.18713139E+001   1.00002269E+000   1.48864383E-001   1.19999997E+001   0.00000000E+000  -1.03245375E-020  -6.38992060E-020  -1.19999997E+001  -3.06814110E-020   7.48777125E-020  -6.64073831E-020   4.26703767E-002   4.32757276E-002  -8.59461145E-002   4.29730601E-002  -1.26773672E-004   1.61591857E-004
     233       1     1.18707632E+001   1.00002269E+000   1.49502702E-001   1.19999997E+001   0.00000000E+000  -4.33063172E-020  -9.96826257E-020  -1.19999997E+001  -2.77670366E-020  -2.50721752E-020   2.33781093E-020   4.28512687E-002   4.34633594E-002  -8.63146382E-002   4.31573218E-002  -1.26560435E-004   1.62363864E-004
     234       1     1.18702113E+001   1.00002269E+000   1.50142260E-001   1.19999997E+001   0.00000000E+000   4.22653724E-020  -6.54688639E-020  -1.19999997E+001  -6.73883883E-020   2.33781093E-020   1.10453096E-019   4.30331275E-002   4.36507471E-002  -8.66838852E-002   4.33419453E-002  -1.24780497E-004   1.61626748E-004
     235       1     1.18696469E+001   1.00002269E+000   1.50796385E-001   1.19999997E+001   0.00000000E+000   8.59293832E-021  -8.90467374E-020  -1.19999997E+001  -8.07229016E-021   9.92722614E-020  -1.48400172E-019   4.32184329E-002   4.38430942E-002  -8.70615384E-002   4.35307721E-002  -1.25049267E-004   1.59539873E-004
     236       1     1.18690931E+001   1.00002269E+000   1.51438300E-001   1.19999997E+001   0.00000000E+000   1.55081889E-020   1.68693146E-019  -1.19999997E+001  -2.69618073E-020  -8.84302397E-020   1.01982767E-019   4.34017611E-002   4.40303715E-002  -8.74321443E-002   4.37160756E-002  -1.25406715E-004   1.59363781E-004
     237       1     1.18685384E+001   1.00002269E+000   1.52081202E-001   1.19999997E+001   0.00000000E+000  -3.15113317E-020   7.62765577E-020  -1.19999997E+001  -6.30193754E-020  -7.86046575E-020   1.31798327E-019   4.35833108E-002   4.42199887E-002  -8.78033116E-002   4.39016591E-002  -1.24655799E-004   1.60677583E-004
     238       1     1.18679838E+001   1.00002269E+000   1.52724008E-001   1.19999997E+001   0.00000000E+000   4.20614724E-020  -1.13441865E-019  -1.19999997E+001  -4.96920481E-020  -5.31936691E-020  -7.75882180E-020   4.37670256E-002   4.44074013E-002  -8.81744397E-002   4.40872236E-002  -1.21698738E-004   1.59005181E-004
     239       1     1.18674254E+001   1.00002269E+000   1.53371224E-001   1.19999997E+001   0.00000000E+000   4.51504647E-020   1.72359955E-019  -1.19999997E+001   1.01601230E-019  -2.87991202E-020  -7.38612730E-020   4.39485841E-002   4.45994893E-002  -8.85480878E-002   4.42740484E-002  -1.24882219E-004   1.60300389E-004
     240       1     1.18668723E+001   1.00002269E+000   1.54012344E-001   1.19999997E+001   0.00000000E+000  -4.40317753E-020   6.17477920E-020  -1.19999997E+001   9.39321281E-020   3.18484388E-020  -1.36202898E-019   4.41271857E-002   4.47910038E-002  -8.89182033E-002   4.44591058E-002  -1.27986098E-004   1.65928859E-004
     241       1     1.18663204E+001   1.00002269E+000   1.54652088E-001   1.19999997E+001   0.00000000E+000  -4.58489773E-020  -8.42639791E-020  -1.19999997E+001  -2.95796168E-020   1.05032085E-020  -1.13163602E-019   4.43081294E-002   4.49793973E-002  -8.92875398E-002   4.46437740E-002  -1.29951292E-004   1.69262460E-004
     242       1     1.18657657E+001   1.00002269E+000   1.55295090E-001   1.19999997E+001   0.00000000E+000  -1.62706349E-020  -1.49794137E-020  -1.19999997E+001  -4.76018247E-020   5.55653613E-020   1.51788304E-019   4.44894222E-002   4.51693264E-002  -8.96587619E-002   4.48293853E-002  -1.29546469E-004   1.71050827E-004
     243       1     1.18652076E+001   1.00002269E+000   1.55941988E-001   1.19999997E+001   0.00000000E+000   1.21989805E-020  -3.31878924E-020  -1.19999997E+001   5.62515697E-020   4.03187683E-020   2.87991202E-020   4.46717682E-002   4.53604513E-002  -9.00322324E-002   4.50161204E-002  -1.30565036E-004   1.71966554E-004
     244       1     1.18646575E+001   1.00002269E+000   1.56579598E-001   1.19999997E+001   0.00000000E+000  -1.00667053E-020  -1.50230888E-020  -1.19999997E+001  -7.85695437E-021   7.92822839E-020  -1.62630326E-020   4.48525957E-002   4.55477330E-002  -9.04003412E-002   4.52001746E-002  -1.32201865E-004   1.74213204E-004
     245       1     1.18641013E+001   1.00002269E+000   1.57224435E-001   1.19999997E+001   0.00000000E+000  -2.87367301E-020   2.13146246E-020  -1.19999997E+001   2.88123861E-020  -5.62429877E-020   6.36968776E-020   4.50342670E-002   4.57383374E-002  -9.07726165E-002   4.53863121E-002  -1.33656046E-004   1.77319761E-004
     246       1     1.18635265E+001   1.00002269E+000   1.57890684E-001   1.19999997E+001   0.00000000E+000   3.83468033E-020  -9.96188501E-020  -1.19999997E+001   1.06892963E-019  -6.23416249E-020   1.21972744E-019   4.52247062E-002   4.59325520E-002  -9.11572700E-002   4.55786393E-002  -1.33374966E-004   1.78754214E-004
     247       1     1.18629540E+001   1.00002269E+000   1.58554360E-001   1.19999997E+001   0.00000000E+000   2.95531574E-020   3.22212491E-020  -1.19999997E+001   2.38881592E-020  -6.70850094E-020  -3.52365706E-020   4.54156263E-002   4.61247907E-002  -9.15404275E-002   4.57702175E-002  -1.36411690E-004   1.85173427E-004
     248       1     1.18624022E+001   1.00002269E+000   1.59193985E-001   1.19999997E+001   0.00000000E+000   3.11133958E-020  -7.11351339E-020  -1.19999997E+001  -1.61280987E-020  -5.69206141E-020   7.08119544E-020   4.55979993E-002   4.63116961E-002  -9.19097059E-002   4.59548566E-002  -1.38468169E-004   1.86004523E-004
     249       1     1.18618526E+001   1.00002269E+000   1.59831159E-001   1.19999997E+001   0.00000000E+000  -7.49876707E-021   1.98841812E-020  -1.19999997E+001   1.97752104E-020  -1.55854062E-020  -2.57498016E-020   4.57801983E-002   4.64973612E-002  -9.22775701E-002   4.61387887E-002  -1.39939590E-004   1.87409314E-004
     250       1     1.18612868E+001   1.00002269E+000   1.60487102E-001   1.19999997E+001   0.00000000E+000  -6.94077533E-020  -4.81747507E-020  -1.19999997E+001  -2.55039015E-020   1.15196481E-020  -2.84603070E-020   4.59662928E-002   4.66899625E-002  -9.26562661E-002   4.63281368E-002  -1.40577655E-004   1.89216713E-004
     251       1     1.18607293E+001   1.00002269E+000   1.61133361E-001   1.19999997E+001   0.00000000E+000  -3.65201585E-020  -1.24953076E-019  -1.19999997E+001  -6.18818469E-020   7.58941521E-020  -1.34847645E-019   4.61519787E-002   4.68774016E-002  -9.30293919E-002   4.65146998E-002  -1.38685095E-004   1.87130084E-004
     252       1     1.18601700E+001   1.00002268E+000   1.61781808E-001   1.19999997E+001   0.00000000E+000   6.57906579E-020  -1.34672448E-020  -1.19999997E+001   3.64054388E-020  -9.48676901E-021   1.34170019E-019   4.63380261E-002   4.70657279E-002  -9.34037655E-002   4.67018868E-002  -1.40219002E-004   1.89261413E-004
     253       1     1.18596207E+001   1.00002268E+000   1.62418556E-001   1.19999997E+001   0.00000000E+000   3.08595961E-020  -8.76414403E-021  -1.19999997E+001  -8.69447164E-020   1.21972744E-020   1.08420217E-020   4.65204825E-002   4.72508929E-002  -9.37713870E-002   4.68856978E-002  -1.40967894E-004   1.90697164E-004
     254       1     1.18590684E+001   1.00002268E+000   1.63058858E-001   1.19999997E+001   0.00000000E+000   2.81390327E-020  -3.26379827E-020  -1.19999997E+001   7.84538418E-020   8.80914265E-021  -6.43745040E-020   4.67025160E-002   4.74385181E-002  -9.41410442E-002   4.70705261E-002  -1.44714558E-004   1.94725402E-004
     255       1     1.18585154E+001   1.00002268E+000   1.63700005E-001   1.19999997E+001   0.00000000E+000   6.07156773E-020  -4.26142772E-020  -1.19999997E+001  -5.67280981E-020  -7.04731412E-020   4.20128342E-020   4.68849396E-002   4.76262482E-002  -9.45111984E-002   4.72556034E-002  -1.47040114E-004   1.95803865E-004
     256       1     1.18579622E+001   1.00002268E+000   1.64341406E-001   1.19999997E+001   0.00000000E+000   3.06018570E-020  -1.31738273E-019  -1.19999997E+001  -3.94818993E-020  -5.35324823E-020  -1.76182853E-020   4.70693461E-002   4.78121488E-002  -9.48815056E-002   4.74407571E-002  -1.47857901E-004   1.98513062E-004
     257       1     1.18574056E+001   1.00002268E+000   1.64986741E-001   1.19999997E+001   0.00000000E+000  -2.00509614E-020   3.95449408E-020  -1.19999997E+001   1.08232365E-019  -3.93023288E-020   1.82959117E-020   4.72527911E-002   4.80012722E-002  -9.52540739E-002   4.76270412E-002  -1.49303149E-004   2.01737532E-004
     258       1     1.18568503E+001   1.00002268E+000   1.65630524E-001   1.19999997E+001   0.00000000E+000  -3.49280684E-020   1.23769050E-019  -1.19999997E+001   2.85524549E-020   1.69406589E-020   8.40256684E-020   4.74356044E-002   4.81901365E-002  -9.56257519E-002   4.78128803E-002  -1.50899459E-004   2.01818808E-004
     259       1     1.18562954E+001   1.00002268E+000   1.66273898E-001   1.19999997E+001   0.00000000E+000  -3.49296866E-020  -3.21969300E-020  -1.19999997E+001   6.84239874E-020  -2.64274280E-020   1.34170019E-019   4.76199878E-002   4.83771989E-002  -9.59971976E-002   4.79986031E-002  -1.51877304E-004   2.03739176E-004
     260       1     1.18557372E+001   1.00002268E+000   1.66921200E-001   1.19999997E+001   0.00000000E+000  -1.97356402E-020   3.73481973E-020  -1.19999997E+001   1.69460770E-020  -2.37169225E-020  -5.08219768E-020   4.78037310E-002   4.85671601E-002  -9.63709029E-002   4.81854559E-002  -1.51905423E-004   2.06750830E-004
     261       1     1.18551761E+001   1.00002268E+000   1.67571776E-001   1.19999997E+001   0.00000000E+000   5.07069276E-021   1.39752247E-019  -1.19999997E+001  -2.51402108E-020  -3.59141970E-020   2.10064171E-020   4.79918478E-002   4.87546470E-002  -9.67465059E-002   4.83732570E-002  -1.55088739E-004   2.10260015E-004
     262       1     1.18546217E+001   1.00002268E+000   1.68214606E-001   1.19999997E+001   0.00000000E+000  -3.26448757E-020   3.58437212E-020  -1.19999997E+001  -6.38140684E-020  -6.09863722E-020   1.02999206E-019   4.81762164E-002   4.89414107E-002  -9.71176382E-002   4.85588231E-002  -1.56539874E-004   2.11706341E-004
     263       1     1.18540666E+001   1.00002268E+000   1.68858250E-001   1.19999997E+001   0.00000000E+000   3.12233798E-020   1.08566628E-020  -1.19999997E+001   2.83269552E-020   2.64274280E-020  -6.23416249E-020   4.83606055E-002   4.91286188E-002  -9.74892355E-002   4.87446219E-002  -1.59175292E-004   2.14089806E-004
     264       1     1.18535005E+001   1.00002268E+000   1.69514632E-001   1.19999997E+001   0.00000000E+000  -4.04304971E-020  -9.31867764E-020  -1.19999997E+001  -3.04602333E-020  -3.93023288E-020   1.49077799E-020   4.85477987E-002   4.93203655E-002  -9.78681754E-002   4.89340919E-002  -1.63071982E-004   2.19313647E-004
     265       1     1.18529259E+001   1.00002268E+000   1.70180956E-001   1.19999997E+001   0.00000000E+000  -2.23569239E-020   2.55004066E-020  -1.19999997E+001  -4.87345866E-020  -8.13151629E-020  -2.15485182E-019   4.87374963E-002   4.95153520E-002  -9.82528598E-002   4.91264338E-002  -1.65469050E-004   2.22954672E-004
     266       1     1.18523661E+001   1.00002268E+000   1.70830133E-001   1.19999997E+001   0.00000000E+000  -3.23579666E-020   9.61190489E-020  -1.19999997E+001   4.59587442E-020   3.45589442E-020   5.14996032E-020   4.89224768E-002   4.97051624E-002  -9.86276507E-002   4.93138292E-002  -1.66944633E-004   2.24741467E-004
     267       1     1.18518095E+001   1.00002268E+000   1.71475469E-001   1.19999997E+001   0.00000000E+000  -4.46931475E-020  -4.84008192E-020  -1.19999997E+001  -5.36743024E-021  -1.76182853E-020   1.24683250E-019   4.91066245E-002   4.98935904E-002  -9.90002264E-002   4.95001171E-002  -1.68526447E-004   2.25786939E-004
     268       1     1.18512463E+001   1.00002268E+000   1.72128681E-001   1.19999997E+001   0.00000000E+000   2.55226785E-020  -4.17052057E-020  -1.19999997E+001   3.49696291E-020   1.69406589E-020  -1.66696084E-019   4.92922325E-002   5.00850916E-002  -9.93773354E-002   4.96886716E-002  -1.72316719E-004   2.29739359E-004
     269       1     1.18506887E+001   1.00002268E+000   1.72775294E-001   1.19999997E+001   0.00000000E+000  -1.72494907E-020   7.70449257E-020  -1.19999997E+001   7.81568840E-021  -6.23416249E-020   5.55653613E-020   4.94766216E-002   5.02740189E-002  -9.97506518E-002   4.98753297E-002  -1.73158621E-004   2.29846719E-004
     270       1     1.18501271E+001   1.00002268E+000   1.73426466E-001   1.19999997E+001   0.00000000E+000  -7.76934457E-020  -5.51527637E-020  -1.19999997E+001   2.75456107E-020   2.91379334E-020  -1.03676833E-019   4.96640855E-002   5.04625059E-002  -1.00126602E-001   5.00633055E-002  -1.74539132E-004   2.31424626E-004
     271       1     1.18495626E+001   1.00002268E+000   1.74081121E-001   1.19999997E+001   0.00000000E+000   7.30181097E-020  -3.24201861E-020  -1.19999997E+001  -2.96601118E-020  -8.60585474E-020   7.25060203E-020   4.98508971E-002   5.06536515E-002  -1.00504560E-001   5.02522846E-002  -1.75074870E-004   2.32427683E-004
     272       1     1.18489960E+001   1.00002268E+000   1.74738257E-001   1.19999997E+001   0.00000000E+000  -4.05908694E-020   5.36929553E-020  -1.19999997E+001  -2.00169850E-020   8.53809211E-020   4.81114714E-020   5.00384546E-002   5.08454776E-002  -1.00883944E-001   5.04419764E-002  -1.78171754E-004   2.34448973E-004
     273       1     1.18484320E+001   1.00002268E+000   1.75392253E-001   1.19999997E+001   0.00000000E+000  -2.10092909E-020   1.03026421E-019  -1.19999997E+001   1.86233511E-020  -1.82959117E-020   1.27393755E-019   5.02266533E-002   5.10348623E-002  -1.01261527E-001   5.06307679E-002  -1.79218440E-004   2.35243702E-004
     274       1     1.18478680E+001   1.00002268E+000   1.76046321E-001   1.19999997E+001   0.00000000E+000  -2.50436246E-020  -8.19563933E-020  -1.19999997E+001  -3.34123685E-020  -3.25260652E-020   3.11708125E-020   5.04142415E-002   5.12248932E-002  -1.01639147E-001   5.08195771E-002  -1.81589169E-004   2.36334858E-004
     275       1     1.18473040E+001   1.00002268E+000   1.76700402E-001   1.19999997E+001   0.00000000E+000  -2.52562126E-020  -8.23201874E-021  -1.19999997E+001  -6.05819843E-020   7.86046575E-020   3.93023288E-020   5.06005366E-002   5.14162233E-002  -1.02016773E-001   5.10083905E-002  -1.81454869E-004   2.37465168E-004
     276       1     1.18467336E+001   1.00002268E+000   1.77361955E-001   1.19999997E+001   0.00000000E+000  -6.46620097E-020  -7.90222183E-021  -1.19999997E+001  -4.33113113E-020   8.53809211E-020   1.26716129E-019   5.07891016E-002   5.16096002E-002  -1.02398716E-001   5.11993621E-002  -1.80471890E-004   2.38172321E-004
     277       1     1.18461642E+001   1.00002268E+000   1.78022363E-001   1.19999997E+001   0.00000000E+000  -3.89916397E-021  -1.22083587E-021  -1.19999997E+001  -3.56682141E-020  -1.69406589E-020   2.71050543E-020   5.09795750E-002   5.18004121E-002  -1.02780002E-001   5.13900046E-002  -1.81975339E-004   2.39363081E-004
     278       1     1.18455988E+001   1.00002268E+000   1.78678080E-001   1.19999997E+001   0.00000000E+000  -4.61701173E-020   4.14052700E-020  -1.19999997E+001  -1.53804826E-020  -7.79270311E-020   7.52165257E-020   5.11665552E-002   5.19920036E-002  -1.03158573E-001   5.15792903E-002  -1.83550654E-004   2.39197087E-004
     279       1     1.18450275E+001   1.00002268E+000   1.79340625E-001   1.19999997E+001   0.00000000E+000   5.87215982E-020   2.34462690E-020  -1.19999997E+001  -1.69510814E-020  -1.08420217E-020   2.13452303E-019   5.13569814E-002   5.21840994E-002  -1.03541095E-001   5.17705506E-002  -1.84579303E-004   2.38587669E-004
     280       1     1.18444578E+001   1.00002268E+000   1.80001476E-001   1.19999997E+001   0.00000000E+000  -1.89389877E-020  -7.34349441E-020  -1.19999997E+001   4.41039468E-020  -7.25060203E-020  -3.38813179E-020   5.15468776E-002   5.23757418E-002  -1.03922634E-001   5.19613199E-002  -1.86177848E-004   2.39397625E-004
     281       1     1.18438853E+001   1.00002268E+000   1.80665387E-001   1.19999997E+001   0.00000000E+000  -2.37568495E-020   6.28624178E-021  -1.19999997E+001  -4.52363777E-020  -9.08019319E-020  -9.48676901E-021   5.17358600E-002   5.25700619E-002  -1.04305936E-001   5.21529712E-002  -1.86305650E-004   2.39605595E-004
     282       1     1.18433154E+001   1.00002268E+000   1.81326415E-001   1.19999997E+001   0.00000000E+000  -3.17566030E-020  -9.98176216E-020  -1.19999997E+001   5.79015469E-020  -1.01643954E-020   8.67361738E-020   5.19252155E-002   5.27623475E-002  -1.04687578E-001   5.23437918E-002  -1.86585186E-004   2.40264061E-004
     283       1     1.18427409E+001   1.00002268E+000   1.81992856E-001   1.19999997E+001   0.00000000E+000   1.95130779E-020   1.14614477E-019  -1.19999997E+001   2.35693742E-020   9.48676901E-021  -6.50521303E-020   5.21151767E-002   5.29571441E-002  -1.05072336E-001   5.25361707E-002  -1.87678729E-004   2.42679346E-004
     284       1     1.18421640E+001   1.00002268E+000   1.82661918E-001   1.19999997E+001   0.00000000E+000   7.10643272E-021   4.39758165E-020  -1.19999997E+001   3.08891368E-020  -2.10064171E-020   2.10064171E-020   5.23065865E-002   5.31520156E-002  -1.05458616E-001   5.27293108E-002  -1.86558028E-004   2.43602987E-004
     285       1     1.18415884E+001   1.00002268E+000   1.83329555E-001   1.19999997E+001   0.00000000E+000   1.84689171E-020   1.28818657E-019  -1.19999997E+001  -5.94417158E-020   4.40457133E-020  -1.12485975E-019   5.24973945E-002   5.33466659E-002  -1.05844075E-001   5.29220399E-002  -1.86413341E-004   2.43400695E-004
     286       1     1.18410063E+001   1.00002268E+000   1.84004775E-001   1.19999997E+001   0.00000000E+000   8.44644980E-021  -6.73060321E-020  -1.19999997E+001   1.33874012E-020   4.81114714E-020  -1.35525272E-020   5.26907431E-002   5.35431538E-002  -1.06233911E-001   5.31169582E-002  -1.85557194E-004   2.43998161E-004
     287       1     1.18404252E+001   1.00002268E+000   1.84678879E-001   1.19999997E+001   0.00000000E+000  -6.23713104E-020  -2.23809927E-019  -1.19999997E+001  -1.96605736E-020  -9.89334482E-020   2.10741797E-019   5.28844154E-002   5.37386785E-002  -1.06623108E-001   5.33115567E-002  -1.84068341E-004   2.44435392E-004
     288       1     1.18398349E+001   1.00002268E+000   1.85363614E-001   1.19999997E+001   0.00000000E+000   5.06409380E-020   1.13158721E-019  -1.19999997E+001  -1.36502772E-019   1.01643954E-020  -7.38612730E-020   5.30820962E-002   5.39363339E-002  -1.07018444E-001   5.35092246E-002  -1.85498371E-004   2.43761539E-004
     289       1     1.18392455E+001   1.00002268E+000   1.86047263E-001   1.19999997E+001   0.00000000E+000  -5.06244771E-020   7.63857455E-020  -1.19999997E+001   8.29513158E-020   1.17906986E-019   1.97189270E-019   5.32805972E-002   5.41325558E-002  -1.07413168E-001   5.37065865E-002  -1.82310984E-004   2.42125237E-004
     290       1     1.18386530E+001   1.00002268E+000   1.86734517E-001   1.19999997E+001   0.00000000E+000   3.30250412E-020  -1.52796472E-019  -1.19999997E+001   6.01664294E-021  -9.48676901E-021   1.17229360E-019   5.34778541E-002   5.43320806E-002  -1.07809950E-001   5.39049776E-002  -1.82084506E-004   2.44276350E-004
     291       1     1.18380571E+001   1.00002268E+000   1.87425792E-001   1.19999997E+001   0.00000000E+000  -1.81859070E-020  -9.06727263E-020  -1.19999997E+001   3.67454721E-020   1.06387338E-019   6.77626358E-020   5.36758481E-002   5.45332041E-002  -1.08209067E-001   5.41045362E-002  -1.78035799E-004   2.42152875E-004
     292       1     1.18374687E+001   1.00002268E+000   1.88108359E-001   1.19999997E+001   0.00000000E+000   1.07860526E-020  -1.03427272E-019  -1.19999997E+001  -2.96907589E-020  -6.91178885E-020   9.01243056E-020   5.38713083E-002   5.47318233E-002  -1.08603147E-001   5.43015765E-002  -1.76948719E-004   2.42534383E-004
     293       1     1.18368744E+001   1.00002268E+000   1.88797835E-001   1.19999997E+001   0.00000000E+000   6.77731720E-020   9.01477148E-020  -1.19999997E+001   5.58535821E-020  -4.47233396E-020   6.43745040E-020   5.40682458E-002   5.49329523E-002  -1.09001214E-001   5.45006097E-002  -1.75229084E-004   2.43121207E-004
     294       1     1.18362755E+001   1.00002268E+000   1.89492586E-001   1.19999997E+001   0.00000000E+000  -3.54781901E-021   8.25756208E-020  -1.19999997E+001  -1.31359487E-020   3.65918233E-020   2.50721752E-020   5.42674872E-002   5.51348291E-002  -1.09402332E-001   5.47011686E-002  -1.73786327E-004   2.42407188E-004
     295       1     1.18356814E+001   1.00002268E+000   1.90181799E-001   1.19999997E+001   0.00000000E+000   4.37520021E-020  -1.27901231E-019  -1.19999997E+001   4.95004524E-020  -1.20617492E-019  -8.13151629E-020   5.44644506E-002   5.53357857E-002  -1.09800252E-001   5.49001285E-002  -1.71584066E-004   2.41462069E-004
     296       1     1.18350809E+001   1.00002268E+000   1.90878447E-001   1.19999997E+001   0.00000000E+000  -5.08350049E-021  -4.43568159E-020  -1.19999997E+001   3.02771472E-020  -4.87890978E-020  -1.45689667E-019   5.46640076E-002   5.55384421E-002  -1.10202466E-001   5.51012354E-002  -1.70228106E-004   2.39826947E-004
     297       1     1.18344750E+001   1.00002268E+000   1.91581371E-001   1.19999997E+001   0.00000000E+000   1.34818859E-020  -1.28348156E-019  -1.19999997E+001   9.45309242E-020  -8.13151629E-021   9.28348110E-020   5.48647217E-002   5.57435595E-002  -1.10608298E-001   5.53041514E-002  -1.67783108E-004   2.40378789E-004
     298       1     1.18338685E+001   1.00002268E+000   1.92285043E-001   1.19999997E+001   0.00000000E+000   6.34614207E-020   7.29387185E-020  -1.19999997E+001   4.88766342E-020  -7.92822839E-020   4.06575815E-020   5.50647394E-002   5.59497970E-002  -1.11014553E-001   5.55072788E-002  -1.66776071E-004   2.42114343E-004
     299       1     1.18332617E+001   1.00002268E+000   1.92989055E-001   1.19999997E+001   0.00000000E+000  -7.54222352E-020  -3.93751206E-020  -1.19999997E+001  -2.33491580E-020   2.23616698E-020   1.23327997E-019   5.52654731E-002   5.61555218E-002  -1.11421011E-001   5.57105079E-002  -1.65058988E-004   2.42221397E-004
     300       1     1.18326493E+001   1.00002268E+000   1.93699508E-001   1.19999997E+001   0.00000000E+000   4.98275506E-021   9.44186965E-020  -1.19999997E+001   3.32329324E-020   8.19927893E-020  -1.87024875E-019   5.54682174E-002   5.63629598E-002  -1.11831193E-001   5.59155992E-002  -1.62609597E-004   2.40860242E-004
     301       1     1.18320319E+001   1.00002268E+000   1.94415918E-001   1.19999997E+001   0.00000000E+000  -1.90278424E-020  -1.20914532E-019  -1.19999997E+001   2.45052670E-020  -2.23616698E-020   3.86247024E-020   5.56733118E-002   5.65714882E-002  -1.12244817E-001   5.61224104E-002  -1.59480611E-004   2.40198304E-004
     302       1     1.18314174E+001   1.00002268E+000   1.95128793E-001   1.19999997E+001   0.00000000E+000  -6.49467682E-020  -9.03216709E-020  -1.19999997E+001  -1.42097428E-020  -5.01443505E-020   9.01243056E-020   5.58770260E-002   5.67793551E-002  -1.12656398E-001   5.63282009E-002  -1.57515163E-004   2.38633393E-004
     303       1     1.18308003E+001   1.00002268E+000   1.95844817E-001   1.19999997E+001   0.00000000E+000   1.63704213E-020  -1.07282182E-019  -1.19999997E+001  -5.26254994E-020   1.20617492E-019  -1.00966327E-019   5.60818723E-002   5.69879082E-002  -1.13069797E-001   5.65349004E-002  -1.55410764E-004   2.37493005E-004
     304       1     1.18301792E+001   1.00002268E+000   1.96565551E-001   1.19999997E+001   0.00000000E+000  -5.25437946E-020   1.56214051E-019  -1.19999997E+001   2.85888819E-020  -6.09863722E-020  -3.38813179E-020   5.62877776E-002   5.71981204E-002  -1.13485915E-001   5.67429590E-002  -1.53098794E-004   2.36442528E-004
     305       1     1.18295588E+001   1.00002268E+000   1.97285371E-001   1.19999997E+001   0.00000000E+000  -7.21520697E-021  -1.57289386E-019  -1.19999997E+001   4.15579676E-021  -7.79270311E-020   7.25060203E-020   5.64941022E-002   5.74073892E-002  -1.13901508E-001   5.69507556E-002  -1.50339379E-004   2.35076036E-004
     306       1     1.18289344E+001   1.00002268E+000   1.98009919E-001   1.19999997E+001   0.00000000E+000  -4.49098999E-020   1.10793729E-019  -1.19999997E+001   8.21468620E-020   1.04354459E-019  -2.64274280E-020   5.67000989E-002   5.76197060E-002  -1.14319822E-001   5.71599123E-002  -1.48385628E-004   2.34566389E-004
     307       1     1.18283080E+001   1.00002268E+000   1.98736700E-001   1.19999997E+001   0.00000000E+000   2.20829720E-020   9.36545470E-020  -1.19999997E+001   3.34647704E-020   5.08219768E-020   1.69406589E-020   5.69083487E-002   5.78310665E-002  -1.14739433E-001   5.73697174E-002  -1.46075581E-004   2.33785275E-004
     308       1     1.18276826E+001   1.00002268E+000   1.99462427E-001   1.19999997E+001   0.00000000E+000  -7.56574337E-020   1.04994780E-019  -1.19999997E+001  -1.30083168E-019   8.80914265E-021  -1.21295118E-019   5.71157658E-002   5.80426532E-002  -1.15158436E-001   5.75792192E-002  -1.42495224E-004   2.31588187E-004
     309       1     1.18270555E+001   1.00002268E+000   2.00190119E-001   1.19999997E+001   0.00000000E+000  -3.13574658E-020  -6.35630398E-020  -1.19999997E+001  -3.83859781E-020   7.92822839E-020  -1.03676833E-019   5.73241264E-002   5.82544287E-002  -1.15578573E-001   5.77892868E-002  -1.39121493E-004   2.30872076E-004
     310       1     1.18264212E+001   1.00002268E+000   2.00926138E-001   1.19999997E+001   0.00000000E+000   4.73068728E-021   7.81365560E-020  -1.19999997E+001   1.17770129E-019   8.26704157E-020   2.43945489E-020   5.75355793E-002   5.84679270E-002  -1.16003524E-001   5.80017624E-002  -1.34488874E-004   2.28732335E-004
     311       1     1.18257848E+001   1.00002268E+000   2.01664649E-001   1.19999997E+001   0.00000000E+000  -2.09070934E-020   9.12343820E-020  -1.19999997E+001   6.61511845E-020  -3.79470760E-020   3.38813179E-021   5.77477579E-002   5.86821429E-002  -1.16429919E-001   5.82149595E-002  -1.29285451E-004   2.24324017E-004
     312       1     1.18251498E+001   1.00002268E+000   2.02401492E-001   1.19999997E+001   0.00000000E+000  -2.51841652E-020   3.75076777E-020  -1.19999997E+001  -1.13491868E-020   1.53143557E-019   9.48676901E-020   5.79586131E-002   5.88967117E-002  -1.16855343E-001   5.84276714E-002  -1.24925493E-004   2.21420115E-004
     313       1     1.18245032E+001   1.00002268E+000   2.03151809E-001   1.19999997E+001   0.00000000E+000   6.83348380E-021   2.37747094E-019  -1.19999997E+001   3.85000876E-021  -1.02999206E-019  -1.20617492E-019   5.81740911E-002   5.91144341E-002  -1.17288543E-001   5.86442715E-002  -1.22707713E-004   2.20131519E-004
     314       1     1.18238533E+001   1.00002268E+000   2.03906009E-001   1.19999997E+001   0.00000000E+000  -4.02983162E-020   6.25042486E-021  -1.19999997E+001   6.37943402E-021  -5.55653613E-020   1.89735380E-019   5.83915382E-002   5.93324336E-002  -1.17723990E-001   5.88619948E-002  -1.19749986E-004   2.18771682E-004
     315       1     1.18231958E+001   1.00002268E+000   2.04669109E-001   1.19999997E+001   0.00000000E+000   3.51412380E-020  -7.47919339E-020  -1.19999997E+001  -3.45090239E-020  -4.74338450E-020   1.99222149E-019   5.86113051E-002   5.95532543E-002  -1.18164578E-001   5.90822889E-002  -1.14247015E-004   2.16452285E-004
     316       1     1.18225376E+001   1.00002268E+000   2.05433008E-001   1.19999997E+001   0.00000000E+000  -4.05478043E-020   5.74593568E-020  -1.19999997E+001   3.25458555E-020  -6.23416249E-020  -6.77626358E-020   5.88286832E-002   5.97769134E-002  -1.18605615E-001   5.93028072E-002  -1.09441154E-004   2.14591850E-004
     317       1     1.18218422E+001   1.00002268E+000   2.06240031E-001   1.19999997E+001   0.00000000E+000  -6.03437769E-020   1.17502247E-019  -1.19999997E+001  -4.52517426E-020  -3.25260652E-020  -6.36968776E-020   5.90585876E-002   6.00129463E-002  -1.19071552E-001   5.95357757E-002  -1.06851718E-004   2.10656425E-004
     318       1     1.18211773E+001   1.00002268E+000   2.07011750E-001   1.19999997E+001   0.00000000E+000   3.67280600E-020   8.26113550E-020  -1.19999997E+001   1.80043202E-020   3.79470760E-020  -1.82959117E-019   5.92791120E-002   6.02379823E-002  -1.19517112E-001   5.97585561E-002  -1.02215953E-004   2.05476324E-004
     319       1     1.18205189E+001   1.00002268E+000   2.07775804E-001   1.19999997E+001   0.00000000E+000  -1.00156269E-019  -1.40453614E-019  -1.19999997E+001   2.27157651E-020   1.89735380E-020  -6.09863722E-020   5.94970698E-002   6.04611543E-002  -1.19958244E-001   5.99791215E-002  -9.56281594E-005   2.02512575E-004
     320       1     1.18198279E+001   1.00002268E+000   2.08577784E-001   1.19999997E+001   0.00000000E+000   1.02742450E-019  -1.14035946E-019  -1.19999997E+001  -2.33929986E-020   2.03287907E-020   1.19262239E-019   5.97309011E-002   6.06903669E-002  -1.20421288E-001   6.02106434E-002  -8.94057580E-005   2.01325998E-004
     321       1     1.18191638E+001   1.00002268E+000   2.09348617E-001   1.19999997E+001   0.00000000E+000   8.88116940E-020  -1.08050137E-019  -1.19999997E+001   2.65553308E-020   4.60785923E-020   1.58564568E-019   5.99502876E-002   6.09160207E-002  -1.20866328E-001   6.04331633E-002  -8.80096005E-005   1.97359334E-004
     322       1     1.18184949E+001   1.00002268E+000   2.10124956E-001   1.19999997E+001   0.00000000E+000  -2.18789686E-020   5.07372735E-020  -1.19999997E+001  -9.57189417E-020   6.64073831E-020  -4.47233396E-020   6.01745588E-002   6.11399876E-002  -1.21314566E-001   6.06572824E-002  -7.95824693E-005   1.92549977E-004
     323       1     1.18178343E+001   1.00002268E+000   2.10891729E-001   1.19999997E+001   0.00000000E+000   3.56113455E-020  -1.03719350E-020  -1.19999997E+001  -1.01828829E-020   3.93023288E-020   6.91178885E-020   6.03954740E-002   6.13617783E-002  -1.21757272E-001   6.08786354E-002  -7.38137190E-005   1.90366872E-004
     324       1     1.18171691E+001   1.00002268E+000   2.11663813E-001   1.19999997E+001   0.00000000E+000   5.14373992E-021   8.06351378E-020  -1.19999997E+001  -7.70936467E-020  -2.16840434E-020   6.91178885E-020   6.06167683E-002   6.15862607E-002  -1.22203049E-001   6.11015236E-002  -6.98657429E-005   1.81138772E-004
     325       1     1.18165129E+001   1.00002268E+000   2.12425513E-001   1.19999997E+001   0.00000000E+000   9.67288465E-021   3.99220525E-020  -1.19999997E+001   2.00034606E-020   9.21571847E-020  -7.31836466E-020   6.08327787E-002   6.18100142E-002  -1.22642813E-001   6.13214052E-002  -6.55738576E-005   1.77725069E-004
     326       1     1.18158608E+001   1.00002268E+000   2.13182432E-001   1.19999997E+001   0.00000000E+000   1.76683711E-021  -1.86198356E-021  -1.19999997E+001   2.95409978E-020   5.96311195E-020   1.92445886E-019   6.10461601E-002   6.20336314E-002  -1.23079812E-001   6.15399044E-002  -6.22555665E-005   1.73450618E-004
     327       1     1.18152158E+001   1.00002268E+000   2.13931198E-001   1.19999997E+001   0.00000000E+000  -6.00710555E-020   1.44334580E-019  -1.19999997E+001   5.18162066E-020  -2.43945489E-020   7.18283939E-020   6.12608053E-002   6.22512884E-002  -1.23512114E-001   6.17560554E-002  -5.82199792E-005   1.72110275E-004
     328       1     1.18145672E+001   1.00002268E+000   2.14684109E-001   1.19999997E+001   0.00000000E+000  -2.30943864E-020  -8.86332298E-020  -1.19999997E+001  -7.11348650E-020  -7.72494048E-020   3.65918233E-020   6.14770267E-002   6.24697685E-002  -1.23946816E-001   6.19734060E-002  -5.37455892E-005   1.66991049E-004
     329       1     1.18139136E+001   1.00002268E+000   2.15442850E-001   1.19999997E+001   0.00000000E+000   5.98589043E-020  -7.92602809E-020  -1.19999997E+001   9.00911356E-021  -7.31836466E-020  -1.08420217E-019   6.16924099E-002   6.26924491E-002  -1.24384880E-001   6.21924375E-002  -4.73122127E-005   1.57830424E-004
     330       1     1.18132579E+001   1.00002268E+000   2.16204021E-001   1.19999997E+001   0.00000000E+000   4.58315135E-020   1.52292719E-019  -1.19999997E+001  -5.98871526E-020   4.87890978E-020   5.42101086E-021   6.19106872E-002   6.29136391E-002  -1.24824348E-001   6.24121711E-002  -4.07676577E-005   1.54053082E-004
     331       1     1.18126040E+001   1.00002268E+000   2.16963086E-001   1.19999997E+001   0.00000000E+000  -3.04650413E-020   1.93551992E-020  -1.19999997E+001  -3.12589692E-020  -1.00288701E-019  -2.16840434E-020   6.21262257E-002   6.31363396E-002  -1.25262587E-001   6.26312904E-002  -3.54453279E-005   1.52470655E-004
     332       1     1.18119502E+001   1.00002268E+000   2.17722097E-001   1.19999997E+001   0.00000000E+000  -2.91993102E-020  -2.89605859E-020  -1.19999997E+001   9.35972441E-020   9.48676901E-021   1.49077799E-020   6.23432941E-002   6.33574896E-002  -1.25700805E-001   6.28503995E-002  -3.17597338E-005   1.47002706E-004
     333       1     1.18112866E+001   1.00002268E+000   2.18492491E-001   1.19999997E+001   0.00000000E+000  -7.45457236E-020   1.78113948E-019  -1.19999997E+001  -2.50371441E-020  -2.84603070E-020  -8.53809211E-020   6.25605033E-002   6.35850581E-002  -1.26145583E-001   6.30727880E-002  -2.73078161E-005   1.41446280E-004
     334       1     1.18106264E+001   1.00002268E+000   2.19258985E-001   1.19999997E+001   0.00000000E+000  -2.15765306E-020   1.86999398E-019  -1.19999997E+001  -8.00148971E-020   4.33680869E-020  -1.01643954E-019   6.27802033E-002   6.38078967E-002  -1.26588122E-001   6.32940570E-002  -2.12189204E-005   1.37885663E-004
     335       1     1.18099640E+001   1.00002268E+000   2.20028008E-001   1.19999997E+001   0.00000000E+000  -1.78380258E-020  -3.58648970E-021  -1.19999997E+001  -3.34606759E-020   1.55854062E-019   1.40946282E-019   6.29996009E-002   6.40324942E-002  -1.27032117E-001   6.35160544E-002  -1.68453421E-005   1.33018770E-004
     336       1     1.18093020E+001   1.00002268E+000   2.20796601E-001   1.19999997E+001   0.00000000E+000   7.78431550E-020  -1.46391406E-019  -1.19999997E+001   3.50919898E-020  -2.43945489E-020  -9.35124374E-020   6.32191311E-002   6.42567083E-002  -1.27475861E-001   6.37379262E-002  -1.43011542E-005   1.31110939E-004
     337       1     1.18086378E+001   1.00002268E+000   2.21567759E-001   1.19999997E+001   0.00000000E+000   4.54775215E-020   6.20589359E-020  -1.19999997E+001  -1.80864799E-020   1.16551734E-019   1.69406589E-019   6.34406377E-002   6.44804323E-002  -1.27921092E-001   6.39605416E-002  -9.82162554E-006   1.27978241E-004
     338       1     1.18079671E+001   1.00002268E+000   2.22346514E-001   1.19999997E+001   0.00000000E+000  -6.93130204E-020  -6.82806163E-020  -1.19999997E+001  -3.18565245E-020   7.04731412E-020  -1.85669622E-019   6.36617310E-002   6.47089475E-002  -1.28370700E-001   6.41853458E-002  -6.34904875E-006   1.22961747E-004
     339       1     1.18072902E+001   1.00002268E+000   2.23132410E-001   1.19999997E+001   0.00000000E+000  -1.86406392E-020  -1.08350196E-019  -1.19999997E+001   4.84427572E-020  -3.52365706E-020  -1.42301535E-019   6.38847936E-002   6.49396142E-002  -1.28824430E-001   6.44122101E-002  -4.78910513E-006   1.19320650E-004
     340       1     1.18066189E+001   1.00002268E+000   2.23911906E-001   1.19999997E+001   0.00000000E+000   8.32681777E-020  -1.14834589E-019  -1.19999997E+001  -3.53568013E-020   6.77626358E-020  -6.50521303E-020   6.41073287E-002   6.51671185E-002  -1.29274469E-001   6.46372297E-002  -1.18550578E-006   1.15813995E-004
     341       1     1.18059488E+001   1.00002268E+000   2.24689946E-001   1.19999997E+001   0.00000000E+000  -2.68370478E-021  -2.05424928E-020  -1.19999997E+001   8.16677487E-021   5.42101086E-021  -1.35525272E-021   6.43288014E-002   6.53948401E-002  -1.29723664E-001   6.48618268E-002   1.20104110E-006   1.13674799E-004
     342       1     1.18052687E+001   1.00002268E+000   2.25479725E-001   1.19999997E+001   0.00000000E+000   7.29393388E-020   3.34120480E-020  -1.19999997E+001  -1.92307808E-020  -1.35525272E-021  -7.18283939E-020   6.45543555E-002   6.56252627E-002  -1.30179641E-001   6.50898153E-002   6.97539052E-006   1.09160696E-004
     343       1     1.18045901E+001   1.00002268E+000   2.26267693E-001   1.19999997E+001   0.00000000E+000   5.05687355E-020  -7.33648819E-020  -1.19999997E+001   1.31574037E-020   1.15196481E-019  -1.61275073E-019   6.47800491E-002   6.58545019E-002  -1.30634574E-001   6.53172816E-002   1.34573817E-005   1.05139322E-004
     344       1     1.18039063E+001   1.00002268E+000   2.27061664E-001   1.19999997E+001   0.00000000E+000   1.49682468E-020  -6.67949999E-020  -1.19999997E+001   5.89089908E-020  -6.50521303E-020   1.38235777E-019   6.50070410E-002   6.60859063E-002  -1.31092971E-001   6.55464795E-002   1.90991598E-005   1.01964784E-004
     345       1     1.18032234E+001   1.00002268E+000   2.27854631E-001   1.19999997E+001   0.00000000E+000  -1.11034852E-019   3.01414689E-020  -1.19999997E+001  -4.63799756E-020  -4.06575815E-020  -4.87890978E-020   6.52327765E-002   6.63179833E-002  -1.31550783E-001   6.57753857E-002   2.35629538E-005   9.85799338E-005
     346       1     1.18025373E+001   1.00002268E+000   2.28651353E-001   1.19999997E+001   0.00000000E+000   2.17665134E-020  -1.72307346E-019  -1.19999997E+001   1.29425435E-019  -1.05709712E-019  -9.35124374E-020   6.54619562E-002   6.65487934E-002  -1.32010773E-001   6.60053802E-002   2.77052498E-005   9.61275902E-005
     347       1     1.18018498E+001   1.00002268E+000   2.29449809E-001   1.19999997E+001   0.00000000E+000   2.31693290E-021   1.39208293E-019  -1.19999997E+001   6.22953028E-020  -5.14996032E-020   1.36880524E-019   6.56900100E-002   6.67817237E-002  -1.32471758E-001   6.62358724E-002   3.33804748E-005   9.17875123E-005
     348       1     1.18011609E+001   1.00002268E+000   2.30249737E-001   1.19999997E+001   0.00000000E+000  -7.97406246E-020  -1.61788008E-019  -1.19999997E+001   7.08874760E-020  -7.18283939E-020   1.35525272E-020   6.59185487E-002   6.70150200E-002  -1.32933593E-001   6.64667900E-002   3.77751721E-005   8.68020228E-005
     349       1     1.18004681E+001   1.00002268E+000   2.31054372E-001   1.19999997E+001   0.00000000E+000  -3.80134986E-020   1.25602413E-020  -1.19999997E+001  -2.51687899E-020   4.06575815E-020   2.50721752E-019   6.61477382E-002   6.72503785E-002  -1.33398141E-001   6.66990638E-002   4.19389756E-005   8.36228099E-005
     350       1     1.17997703E+001   1.00002268E+000   2.31864761E-001   1.19999997E+001   0.00000000E+000  -4.26436421E-021   7.09942650E-020  -1.19999997E+001   3.86876508E-021  -4.87890978E-020  -3.93023288E-020   6.63779589E-002   6.74880255E-002  -1.33866009E-001   6.69329975E-002   4.64635138E-005   8.08773630E-005
     351       1     1.17990651E+001   1.00002268E+000   2.32683766E-001   1.19999997E+001   0.00000000E+000   3.95934136E-020  -1.15385078E-019  -1.19999997E+001  -2.95417216E-020   3.79470760E-020  -3.52365706E-020   6.66140767E-002   6.77247635E-002  -1.34338865E-001   6.71694252E-002   5.08691075E-005   7.78693353E-005
     352       1     1.17983566E+001   1.00002268E+000   2.33506573E-001   1.19999997E+001   0.00000000E+000  -3.08505281E-021   3.94631327E-021  -1.19999997E+001   2.10759830E-020   2.84603070E-020   1.39591030E-019   6.68502775E-002   6.79636092E-002  -1.34813911E-001   6.74069484E-002   5.57450674E-005   7.38018533E-005
     353       1     1.17976434E+001   1.00002268E+000   2.34334865E-001   1.19999997E+001   0.00000000E+000  -6.39237733E-020   4.33755315E-020  -1.19999997E+001  -2.52604415E-020  -3.93023288E-020  -1.55854062E-019   6.70849300E-002   6.82071569E-002  -1.35292112E-001   6.76460484E-002   6.01950599E-005   7.07827767E-005
     354       1     1.17969282E+001   1.00002268E+000   2.35165629E-001   1.19999997E+001   0.00000000E+000  -1.98314897E-020   2.20895108E-019  -1.19999997E+001  -4.98136437E-020  -9.48676901E-020   6.50521303E-020   6.73217274E-002   6.84499923E-002  -1.35771745E-001   6.78858650E-002   6.45533422E-005   6.77459296E-005
     355       1     1.17962177E+001   1.00002268E+000   2.35990785E-001   1.19999997E+001   0.00000000E+000  -5.66799872E-020  -2.39662348E-020  -1.19999997E+001   3.19232159E-020   3.93023288E-020  -1.55854062E-019   6.75566732E-002   6.86914411E-002  -1.36248139E-001   6.81240622E-002   6.91022003E-005   6.40395339E-005
     356       1     1.17954966E+001   1.00002268E+000   2.36828369E-001   1.19999997E+001   0.00000000E+000  -5.17030069E-020   6.85117305E-020  -1.19999997E+001  -5.07256103E-020   9.35124374E-020  -1.65340831E-019   6.77955914E-002   6.89360942E-002  -1.36731711E-001   6.83658475E-002   7.32571613E-005   6.01190457E-005
     357       1     1.17947701E+001   1.00002268E+000   2.37672253E-001   1.19999997E+001   0.00000000E+000  -2.59802541E-020  -5.10501132E-020  -1.19999997E+001   5.65195969E-021   2.71050543E-020   6.50521303E-020   6.80371369E-002   6.91817604E-002  -1.37218923E-001   6.86094534E-002   7.83283725E-005   5.53048611E-005
     358       1     1.17940489E+001   1.00002268E+000   2.38509873E-001   1.19999997E+001   0.00000000E+000   1.60592566E-019   2.07850305E-019  -1.19999997E+001   9.31830541E-020   1.56531689E-019  -1.55176436E-019   6.82748321E-002   6.94276509E-002  -1.37702509E-001   6.88512460E-002   8.34573264E-005   5.09522232E-005
     359       1     1.17933191E+001   1.00002268E+000   2.39357701E-001   1.19999997E+001   0.00000000E+000   5.47186593E-020   3.67852181E-020  -1.19999997E+001  -7.53513562E-020   1.38235777E-019  -1.74827600E-019   6.85170606E-002   6.96749067E-002  -1.38191994E-001   6.90959886E-002   9.03995601E-005   4.60789005E-005
     360       1     1.17925822E+001   1.00002268E+000   2.40213651E-001   1.19999997E+001   0.00000000E+000   1.78321115E-020  -8.17792113E-020  -1.19999997E+001  -7.97254045E-020  -8.53809211E-020   1.24683250E-019   6.87610244E-002   6.99251155E-002  -1.38686167E-001   6.93430751E-002   9.52323963E-005   3.94614108E-005
     361       1     1.17918473E+001   1.00002268E+000   2.41067258E-001   1.19999997E+001   0.00000000E+000   2.58287146E-020   8.42969836E-020  -1.19999997E+001   2.00677325E-020  -4.47233396E-020  -1.21972744E-020   6.90064687E-002   7.01724988E-002  -1.39178995E-001   6.95894887E-002   1.01937566E-004   3.43175026E-005
     362       1     1.17911053E+001   1.00002268E+000   2.41929268E-001   1.19999997E+001   0.00000000E+000   5.64909764E-020  -3.31039336E-020  -1.19999997E+001   4.77207113E-020  -5.42101086E-021   4.20128342E-020   6.92522372E-002   7.04244000E-002  -1.39676664E-001   6.98383232E-002   1.07945122E-004   3.09931024E-005
     363       1     1.17903686E+001   1.00002268E+000   2.42785104E-001   1.19999997E+001   0.00000000E+000  -2.79029527E-020  -1.00487224E-019  -1.19999997E+001   2.24500954E-020  -2.57498016E-020   1.30104261E-019   6.94965738E-002   7.06741697E-002  -1.40170771E-001   7.00853763E-002   1.14719009E-004   2.52785017E-005
     364       1     1.17896281E+001   1.00002268E+000   2.43645320E-001   1.19999997E+001   0.00000000E+000   4.94546473E-020  -2.14142171E-020  -1.19999997E+001  -3.33730154E-020   9.62229428E-020  -2.00577402E-019   6.97435750E-002   7.09238088E-002  -1.40667412E-001   7.03336962E-002   1.20872898E-004   2.12403971E-005
     365       1     1.17888814E+001   1.00002268E+000   2.44512706E-001   1.19999997E+001   0.00000000E+000  -6.74661742E-020   1.17505969E-020  -1.19999997E+001  -7.80332411E-020  -7.04731412E-020   1.04354459E-019   6.99910821E-002   7.11770753E-002  -1.41168185E-001   7.05840829E-002   1.26667373E-004   1.67245609E-005
     366       1     1.17881312E+001   1.00002268E+000   2.45384362E-001   1.19999997E+001   0.00000000E+000  -4.94323134E-020   1.15980979E-019  -1.19999997E+001  -7.74566963E-020   1.13841228E-019   2.35813973E-019   7.02389166E-002   7.14324759E-002  -1.41671420E-001   7.08357003E-002   1.32071734E-004   1.24522617E-005
     367       1     1.17873786E+001   1.00002268E+000   2.46258707E-001   1.19999997E+001   0.00000000E+000  -3.20994054E-020  -3.12833090E-020  -1.19999997E+001  -8.91588204E-020  -6.77626358E-020   1.85669622E-019   7.04881638E-002   7.16880207E-002  -1.42176211E-001   7.10880958E-002   1.36049167E-004   8.96175138E-006
     368       1     1.17866247E+001   1.00002268E+000   2.47134549E-001   1.19999997E+001   0.00000000E+000   9.56210035E-020   5.67667585E-020  -1.19999997E+001   1.07509491E-020  -1.62630326E-019   4.06575815E-020   7.07382056E-002   7.19436349E-002  -1.42681868E-001   7.13409236E-002   1.40895395E-004   4.88304728E-006
     369       1     1.17858662E+001   1.00002268E+000   2.48015795E-001   1.19999997E+001   0.00000000E+000  -3.54663614E-020   1.24057240E-020  -1.19999997E+001  -8.11281374E-020   2.43945489E-020   1.76182853E-019   7.09906113E-002   7.22000065E-002  -1.43190645E-001   7.15953123E-002   1.47791709E-004  -1.62721481E-007
     370       1     1.17851010E+001   1.00002268E+000   2.48904829E-001   1.19999997E+001   0.00000000E+000   9.86749543E-020   1.55933803E-019  -1.19999997E+001   5.11172803E-021   5.42101086E-021   1.32814766E-019   7.12477528E-002   7.24561495E-002  -1.43703929E-001   7.18519532E-002   1.54357276E-004  -4.46428398E-006
     371       1     1.17843370E+001   1.00002268E+000   2.49792598E-001   1.19999997E+001   0.00000000E+000   4.96333183E-021  -2.26878437E-019  -1.19999997E+001  -2.20154120E-020  -1.57209315E-019  -1.53143557E-019   7.14996677E-002   7.27167682E-002  -1.44216463E-001   7.21082199E-002   1.60484092E-004  -8.48304612E-006
     372       1     1.17835672E+001   1.00002268E+000   2.50686991E-001   1.19999997E+001   0.00000000E+000  -4.00081620E-020  -2.45957192E-020  -1.19999997E+001   7.19150825E-020   9.48676901E-020   3.78115508E-019   7.17533198E-002   7.29794723E-002  -1.44732819E-001   7.23663978E-002   1.66927929E-004  -1.37675054E-005
     373       1     1.17827971E+001   1.00002268E+000   2.51581889E-001   1.19999997E+001   0.00000000E+000   5.17625639E-020  -1.46640925E-019  -1.19999997E+001   1.81294829E-020  -7.04731412E-020  -1.38235777E-019   7.20078183E-002   7.32416233E-002  -1.45249469E-001   7.26247223E-002   1.73488145E-004  -2.06291641E-005
     374       1     1.17820230E+001   1.00002268E+000   2.52481317E-001   1.19999997E+001   0.00000000E+000  -8.71516666E-020   9.45298695E-020  -1.19999997E+001  -5.99778736E-020  -8.13151629E-020   3.11708125E-020   7.22634316E-002   7.35052746E-002  -1.45768734E-001   7.28843543E-002   1.80071109E-004  -2.55416573E-005
     375       1     1.17812377E+001   1.00002268E+000   2.53393863E-001   1.19999997E+001   0.00000000E+000  -7.82616257E-020  -9.50175752E-020  -1.19999997E+001   9.71985196E-020  -5.82758668E-020  -1.49077799E-020   7.25220392E-002   7.37735000E-002  -1.46295569E-001   7.31477728E-002   1.85421043E-004  -3.28948380E-005
     376       1     1.17804549E+001   1.00002268E+000   2.54303506E-001   1.19999997E+001   0.00000000E+000  -4.59458298E-020  -1.16598387E-019  -1.19999997E+001   2.76534751E-020  -1.45012041E-019  -6.36968776E-020   7.27807434E-002   7.40399573E-002  -1.46820732E-001   7.34103553E-002   1.90208032E-004  -4.04190517E-005
     377       1     1.17796623E+001   1.00002268E+000   2.55224539E-001   1.19999997E+001   0.00000000E+000   2.53509351E-020   1.33715400E-019  -1.19999997E+001   5.04131015E-020   6.91178885E-020  -1.70761842E-019   7.30420967E-002   7.43103436E-002  -1.47352469E-001   7.36762226E-002   1.94607070E-004  -4.59505643E-005
     378       1     1.17788810E+001   1.00002268E+000   2.56132533E-001   1.19999997E+001   0.00000000E+000  -8.18390991E-020   1.30090033E-019  -1.19999997E+001  -7.49797866E-021  -1.15196481E-019  -5.55653613E-020   7.32990903E-002   7.45775517E-002  -1.47876672E-001   7.39383240E-002   2.01902815E-004  -5.13386729E-005
     379       1     1.17780876E+001   1.00002268E+000   2.57054583E-001   1.19999997E+001   0.00000000E+000  -3.61094116E-020  -2.25797808E-019  -1.19999997E+001  -1.68711758E-021  -4.20128342E-020  -1.49077799E-020   7.35608183E-002   7.48481424E-002  -1.48408991E-001   7.42044847E-002   2.09212793E-004  -5.86455919E-005
     380       1     1.17772982E+001   1.00002268E+000   2.57971988E-001   1.19999997E+001   0.00000000E+000   7.08390859E-020  -7.14379647E-020  -1.19999997E+001  -5.62092387E-020  -6.09863722E-020   7.45388994E-020   7.38211212E-002   7.51174777E-002  -1.48938630E-001   7.44693039E-002   2.15237307E-004  -6.49566081E-005
     381       1     1.17764987E+001   1.00002268E+000   2.58901159E-001   1.19999997E+001   0.00000000E+000   3.04569556E-020  -6.11551170E-021  -1.19999997E+001   1.76818128E-021  -1.02999206E-019  -1.21972744E-020   7.40846130E-002   7.53904168E-002  -1.49475063E-001   7.47375214E-002   2.20173998E-004  -6.95315778E-005
     382       1     1.17756975E+001   1.00002268E+000   2.59832357E-001   1.19999997E+001   0.00000000E+000  -1.34405269E-020   6.16398449E-020  -1.19999997E+001   1.26377977E-019   2.16840434E-020   1.00288701E-019   7.43497034E-002   7.56629345E-002  -1.50012671E-001   7.50063254E-002   2.24129152E-004  -7.49649062E-005
     383       1     1.17748874E+001   1.00002268E+000   2.60773829E-001   1.19999997E+001   0.00000000E+000  -5.15174703E-020  -3.89132230E-020  -1.19999997E+001   3.71098038E-020  -2.71050543E-020   1.19262239E-019   7.46165247E-002   7.59396415E-002  -1.50556202E-001   7.52780919E-002   2.30337992E-004  -8.22316548E-005
     384       1     1.17740818E+001   1.00002268E+000   2.61710182E-001   1.19999997E+001   0.00000000E+000   2.02406133E-020   8.46999860E-021  -1.19999997E+001   6.34619583E-020   4.33680869E-020   7.04731412E-020   7.48846396E-002   7.62121159E-002  -1.51096792E-001   7.55483865E-002   2.35634074E-004  -8.56565519E-005
     385       1     1.17732656E+001   1.00002268E+000   2.62658866E-001   1.19999997E+001   0.00000000E+000  -3.20615205E-021   4.80684580E-020  -1.19999997E+001   1.04249159E-019   1.35525272E-019  -1.19262239E-019   7.51569823E-002   7.64874778E-002  -1.51644496E-001   7.58222378E-002   2.44770739E-004  -9.23301924E-005
     386       1     1.17724352E+001   1.00002268E+000   2.63624026E-001   1.19999997E+001   0.00000000E+000   1.87369644E-020  -6.63696636E-021  -1.19999997E+001   2.31757810E-020  -1.62630326E-019  -1.19262239E-019   7.54364266E-002   7.67652576E-002  -1.52201722E-001   7.61008516E-002   2.54947352E-004  -9.64454505E-005
     387       1     1.17716184E+001   1.00002268E+000   2.64573399E-001   1.19999997E+001   0.00000000E+000  -2.10016194E-020  -2.68631867E-020  -1.19999997E+001  -2.74499886E-020   1.13841228E-019  -8.80914265E-020   7.57086608E-002   7.70411207E-002  -1.52749822E-001   7.63749024E-002   2.63567077E-004  -1.04132689E-004
     388       1     1.17708180E+001   1.00002268E+000   2.65503792E-001   1.19999997E+001   0.00000000E+000  -4.83081750E-020  -8.43161742E-021  -1.19999997E+001  -9.05650274E-020  -2.43945489E-020  -7.18283939E-020   7.59748997E-002   7.73120172E-002  -1.53286958E-001   7.66434708E-002   2.74106907E-004  -1.09373443E-004
     389       1     1.17700140E+001   1.00002268E+000   2.66438408E-001   1.19999997E+001   0.00000000E+000   8.82406499E-020  -1.45639043E-019  -1.19999997E+001   5.60580301E-020  -7.04731412E-020  -1.57209315E-019   7.62398680E-002   7.75866252E-002  -1.53826533E-001   7.69132567E-002   2.79631130E-004  -1.11825549E-004
     390       1     1.17691915E+001   1.00002268E+000   2.67394402E-001   1.19999997E+001   0.00000000E+000   1.39400944E-019  -1.76520012E-019  -1.19999997E+001   2.02359811E-020  -1.13841228E-019   1.31459513E-019   7.65147165E-002   7.78637035E-002  -1.54378460E-001   7.71892203E-002   2.86215738E-004  -1.18828823E-004
     391       1     1.17683743E+001   1.00002268E+000   2.68344454E-001   1.19999997E+001   0.00000000E+000   6.97574645E-020  -3.97255144E-020  -1.19999997E+001  -4.92202243E-020   1.13841228E-019  -1.15196481E-019   7.67865654E-002   7.81403424E-002  -1.54926948E-001   7.74634637E-002   2.96127114E-004  -1.22467961E-004
     392       1     1.17675700E+001   1.00002268E+000   2.69279447E-001   1.19999997E+001   0.00000000E+000   3.50673295E-020   2.97812483E-019  -1.19999997E+001   4.79983131E-020  -6.77626358E-020   1.62630326E-020   7.70501359E-002   7.84165447E-002  -1.55466722E-001   7.77333516E-002   3.05189631E-004  -1.29428248E-004
     393       1     1.17667483E+001   1.00002268E+000   2.70234703E-001   1.19999997E+001   0.00000000E+000   1.65224364E-020   5.69454295E-020  -1.19999997E+001   5.20362780E-021   4.87890978E-020   1.62630326E-020   7.73225255E-002   7.86956429E-002  -1.56018213E-001   7.80090983E-002   3.10456053E-004  -1.38574101E-004
     394       1     1.17659209E+001   1.00002268E+000   2.71196635E-001   1.19999997E+001   0.00000000E+000   5.95621326E-020  -1.05104877E-020  -1.19999997E+001   6.07014912E-020   8.13151629E-021  -1.35525272E-020   7.75956686E-002   7.89778356E-002  -1.56573549E-001   7.82867677E-002   3.18770077E-004  -1.44367917E-004
     395       1     1.17651066E+001   1.00002268E+000   2.72143303E-001   1.19999997E+001   0.00000000E+000  -8.67050718E-020  -1.97044348E-020  -1.19999997E+001  -9.85246556E-020   2.71050543E-021  -1.13841228E-019   7.78673987E-002   7.92526461E-002  -1.57120087E-001   7.85600349E-002   3.27454230E-004  -1.47585723E-004
     396       1     1.17642790E+001   1.00002268E+000   2.73105520E-001   1.19999997E+001   0.00000000E+000   5.14170506E-020   4.97069374E-021  -1.19999997E+001   1.56806643E-019   5.14996032E-020  -1.08420217E-020   7.81419892E-002   7.95335581E-002  -1.57675592E-001   7.88377888E-002   3.36641694E-004  -1.52600243E-004
     397       1     1.17634687E+001   1.00002268E+000   2.74047560E-001   1.19999997E+001   0.00000000E+000  -9.32174648E-020  -2.39753337E-020  -1.19999997E+001   6.01304057E-020  -1.54498810E-019  -2.11419424E-019   7.84111894E-002   7.98082199E-002  -1.58219453E-001   7.91097185E-002   3.43548748E-004  -1.58405839E-004
     398       1     1.17626651E+001   1.00002268E+000   2.74981924E-001   1.19999997E+001   0.00000000E+000   1.06865118E-020  -6.30841022E-020  -1.19999997E+001  -1.18801334E-020  -8.13151629E-020   2.98155597E-020   7.86754327E-002   8.00833879E-002  -1.58758865E-001   7.93794245E-002   3.52589482E-004  -1.64959373E-004
     399       1     1.17618559E+001   1.00002268E+000   2.75922757E-001   1.19999997E+001   0.00000000E+000  -4.03339884E-020   1.43032763E-019  -1.19999997E+001   2.74440329E-020  -3.25260652E-020  -1.30104261E-019   7.89412786E-002   8.03606847E-002  -1.59302008E-001   7.96509967E-002   3.62834533E-004  -1.70270940E-004
     400       1     1.17610458E+001   1.00002268E+000   2.76864804E-001   1.19999997E+001   0.00000000E+000   3.37501270E-020   9.89109489E-020  -1.19999997E+001   1.37110150E-020   1.62630326E-020  -2.03287907E-019   7.92052609E-002   8.06405469E-002  -1.59845854E-001   7.99229205E-002   3.68520982E-004  -1.73567113E-004
     401       1     1.17602159E+001   1.00002268E+000   2.77829727E-001   1.19999997E+001   0.00000000E+000   1.02302389E-020   1.01197276E-020  -1.19999997E+001  -1.92273170E-020  -1.51788304E-019  -8.13151629E-020   7.94772974E-002   8.09255569E-002  -1.60402903E-001   8.02014463E-002   3.77431877E-004  -1.79842026E-004
     402       1     1.17594192E+001   1.00002268E+000   2.78756182E-001   1.19999997E+001   0.00000000E+000   2.21882928E-021   3.31891332E-020  -1.19999997E+001   5.89998152E-020  -9.21571847E-020  -1.08420217E-020   7.97399821E-002   8.11977237E-002  -1.60937755E-001   8.04688722E-002   3.84599344E-004  -1.85174242E-004
     403       1     1.17586160E+001   1.00002268E+000   2.79690212E-001   1.19999997E+001   0.00000000E+000  -5.81504662E-020   1.24743138E-019  -1.19999997E+001  -8.81592553E-020   8.94466792E-020   8.94466792E-020   8.00052578E-002   8.14716679E-002  -1.61476977E-001   8.07384838E-002   3.94093204E-004  -1.90095440E-004
     404       1     1.17577915E+001   1.00002268E+000   2.80648976E-001   1.19999997E+001   0.00000000E+000  -5.44549541E-021  -1.02393710E-019  -1.19999997E+001   3.31907875E-020   2.98155597E-020  -1.19262239E-019   8.02760307E-002   8.17543787E-002  -1.62030463E-001   8.10152274E-002   4.05111192E-004  -1.98709972E-004
     405       1     1.17569649E+001   1.00002268E+000   2.81610248E-001   1.19999997E+001   0.00000000E+000  -5.41393020E-020  -9.91680367E-020  -1.19999997E+001  -1.60908136E-020  -4.60785923E-020  -7.04731412E-020   8.05518356E-002   8.20335451E-002  -1.62585431E-001   8.12927099E-002   4.12053764E-004  -2.02820888E-004
     406       1     1.17561403E+001   1.00002268E+000   2.82569291E-001   1.19999997E+001   0.00000000E+000   7.15264730E-020  -1.59671997E-019  -1.19999997E+001  -1.58578464E-019   8.67361738E-020   1.35525272E-019   8.08190420E-002   8.23199591E-002  -1.63139057E-001   8.15695266E-002   4.22012257E-004  -2.15377845E-004
     407       1     1.17553159E+001   1.00002268E+000   2.83528000E-001   1.19999997E+001   0.00000000E+000   3.42040838E-020  -2.06891106E-020  -1.19999997E+001  -3.46807052E-020   9.75781955E-020  -1.51788304E-019   8.10918689E-002   8.26005977E-002  -1.63692524E-001   8.18462610E-002   4.31241754E-004  -2.22864879E-004
     408       1     1.17544939E+001   1.00002268E+000   2.84484020E-001   1.19999997E+001   0.00000000E+000   1.26834912E-019   1.15274898E-019  -1.19999997E+001   7.30599004E-021  -1.62630326E-019  -9.21571847E-020   8.13636152E-002   8.28807628E-002  -1.64244439E-001   8.21222209E-002   4.39299517E-004  -2.30533863E-004
     409       1     1.17536834E+001   1.00002268E+000   2.85426622E-001   1.19999997E+001   0.00000000E+000   3.56187280E-020  -4.58559153E-020  -1.19999997E+001  -4.39034382E-021   1.89735380E-019  -1.62630326E-019   8.16296499E-002   8.31588893E-002  -1.64788601E-001   8.23943015E-002   4.46629584E-004  -2.37731018E-004
     410       1     1.17528583E+001   1.00002268E+000   2.86386150E-001   1.19999997E+001   0.00000000E+000  -3.71541407E-020   4.88565957E-021  -1.19999997E+001   1.29137783E-020  -1.68051337E-019   9.21571847E-020   8.19046956E-002   8.34378145E-002  -1.65342571E-001   8.26712856E-002   4.49844856E-004  -2.41295203E-004
     411       1     1.17520152E+001   1.00002268E+000   2.87366821E-001   1.19999997E+001   0.00000000E+000   4.45013243E-020   4.68455542E-020  -1.19999997E+001  -1.02758993E-019   4.87890978E-020  -9.75781955E-020   8.21818101E-002   8.37268286E-002  -1.65908704E-001   8.29543534E-002   4.60488796E-004  -2.48172365E-004
     412       1     1.17511870E+001   1.00002268E+000   2.88330117E-001   1.19999997E+001   0.00000000E+000   1.74061962E-020   1.81906943E-020  -1.19999997E+001   3.40614778E-020  -9.75781955E-020   8.40256684E-020   8.24554805E-002   8.40092834E-002  -1.66464830E-001   8.32324178E-002   4.64655115E-004  -2.54394994E-004
     413       1     1.17503627E+001   1.00002268E+000   2.89288887E-001   1.19999997E+001   0.00000000E+000   8.33928752E-020   1.38644073E-019  -1.19999997E+001   3.08308412E-020  -5.42101086E-021  -9.75781955E-020   8.27277413E-002   8.42905275E-002  -1.67018335E-001   8.35091704E-002   4.73357585E-004  -2.57209032E-004
     414       1     1.17495392E+001   1.00002268E+000   2.90246751E-001   1.19999997E+001   0.00000000E+000   3.82375819E-020  -6.95400815E-020  -1.19999997E+001   9.37926862E-020  -8.94466792E-020  -1.65340831E-019   8.29973107E-002   8.45739226E-002  -1.67571301E-001   8.37856540E-002   4.81432628E-004  -2.64247154E-004
     415       1     1.17487218E+001   1.00002268E+000   2.91197472E-001   1.19999997E+001   0.00000000E+000  -1.09797804E-019  -7.02971172E-021  -1.19999997E+001   3.30627400E-020   4.33680869E-020   1.07064965E-019   8.32673923E-002   8.48526952E-002  -1.68120156E-001   8.40600829E-002   4.89204051E-004  -2.70287298E-004
     416       1     1.17478978E+001   1.00002268E+000   2.92156049E-001   1.19999997E+001   0.00000000E+000  -1.35464060E-020  -8.49481402E-020  -1.19999997E+001   5.00573311E-020  -6.57297567E-020   2.16840434E-019   8.35399218E-002   8.51335638E-002  -1.68673556E-001   8.43367820E-002   4.94653053E-004  -2.76123877E-004
     417       1     1.17470852E+001   1.00002268E+000   2.93101223E-001   1.19999997E+001   0.00000000E+000  -1.17763553E-019  -5.73229547E-020  -1.19999997E+001  -5.17120232E-021  -5.01443505E-020   1.51788304E-019   8.38080793E-002   8.54110530E-002  -1.69219205E-001   8.46096082E-002   5.03021748E-004  -2.81735648E-004
     418       1     1.17462827E+001   1.00002268E+000   2.94034845E-001   1.19999997E+001   0.00000000E+000  -1.72910527E-020  -3.85816890E-020  -1.19999997E+001  -4.63447791E-020  -3.45589442E-020   4.47233396E-020   8.40707694E-002   8.56873415E-002  -1.69758184E-001   8.48790976E-002   5.08433148E-004  -2.86981774E-004
     419       1     1.17454608E+001   1.00002268E+000   2.94990926E-001   1.19999997E+001   0.00000000E+000   1.64726402E-020  -2.15222469E-020  -1.19999997E+001   3.08194261E-020   3.65918233E-020   9.21571847E-020   8.43416660E-002   8.59683913E-002  -1.70310131E-001   8.51550712E-002   5.16967462E-004  -2.90824251E-004
     420       1     1.17446377E+001   1.00002268E+000   2.95948495E-001   1.19999997E+001   0.00000000E+000  -4.39178311E-020   2.69965282E-020  -1.19999997E+001   4.39242831E-020   5.01443505E-020   1.66696084E-019   8.46139911E-002   8.62488759E-002  -1.70862940E-001   8.54314760E-002   5.25142568E-004  -2.95714145E-004
     421       1     1.17438180E+001   1.00002268E+000   2.96902001E-001   1.19999997E+001   0.00000000E+000  -8.97514126E-020   1.41846255E-019  -1.19999997E+001   3.57606722E-020   5.96311195E-020  -7.45388994E-020   8.48833026E-002   8.65300452E-002  -1.71413421E-001   8.57067151E-002   5.25501635E-004  -2.99769942E-004
     422       1     1.17429910E+001   1.00002268E+000   2.97864235E-001   1.19999997E+001   0.00000000E+000  -1.15063966E-019   1.18718285E-019  -1.19999997E+001  -3.78709754E-020  -3.93023288E-020   5.01443505E-020   8.51543452E-002   8.68144939E-002  -1.71968917E-001   8.59844649E-002   5.30974589E-004  -3.05977202E-004
     423       1     1.17421791E+001   1.00002268E+000   2.98808811E-001   1.19999997E+001   0.00000000E+000  -4.96463877E-020  -9.30005780E-020  -1.19999997E+001   7.32114399E-020  -9.21571847E-020   1.46367293E-019   8.54203016E-002   8.70938446E-002  -1.72514224E-001   8.62571180E-002   5.36701080E-004  -3.08192447E-004
     424       1     1.17413643E+001   1.00002268E+000   2.99756776E-001   1.19999997E+001   0.00000000E+000   7.42153063E-020   1.09448899E-019  -1.19999997E+001   6.78865474E-020  -1.04354459E-019   1.16551734E-019   8.56908997E-002   8.73705269E-002  -1.73061506E-001   8.65307593E-002   5.40560260E-004  -3.13428546E-004
     425       1     1.17405517E+001   1.00002268E+000   3.00702143E-001   1.19999997E+001   0.00000000E+000  -6.82769767E-020  -2.14979278E-019  -1.19999997E+001   1.18993736E-019   1.27393755E-019  -4.60785923E-020   8.59575779E-002   8.76496108E-002  -1.73607269E-001   8.68036404E-002   5.46376308E-004  -3.17377474E-004
     426       1     1.17397349E+001   1.00002268E+000   3.01652530E-001   1.19999997E+001   0.00000000E+000   7.88511573E-020  -3.03389996E-020  -1.19999997E+001  -3.87449745E-020  -5.96311195E-020  -8.40256684E-020   8.62247115E-002   8.79311312E-002  -1.74155924E-001   8.70779682E-002   5.52066730E-004  -3.21845304E-004
     427       1     1.17389250E+001   1.00002268E+000   3.02594941E-001   1.19999997E+001   0.00000000E+000  -7.15294509E-020  -1.98779442E-019  -1.19999997E+001   1.10205273E-020   4.47233396E-020   7.99599102E-020   8.64898855E-002   8.82100021E-002  -1.74699972E-001   8.73499932E-002   5.57352557E-004  -3.29176189E-004
     428       1     1.17381087E+001   1.00002268E+000   3.03544681E-001   1.19999997E+001   0.00000000E+000   1.04352970E-019   2.31069265E-019  -1.19999997E+001   3.62912259E-020  -5.28548559E-020  -7.18283939E-020   8.67576985E-002   8.84904787E-002  -1.75248267E-001   8.76241424E-002   5.59670864E-004  -3.34419950E-004
     429       1     1.17372724E+001   1.00002268E+000   3.04517855E-001   1.19999997E+001   0.00000000E+000   4.82658233E-020   1.94868532E-019  -1.19999997E+001   1.01649909E-019  -3.11708125E-020   2.10064171E-020   8.70340212E-002   8.87759845E-002  -1.75810096E-001   8.79050570E-002   5.63096038E-004  -3.39923119E-004
     430       1     1.17364632E+001   1.00002268E+000   3.05459428E-001   1.19999997E+001   0.00000000E+000  -9.42746016E-020   1.41985221E-019  -1.19999997E+001  -5.42910069E-020  -2.49366500E-019  -4.47233396E-020   8.73008497E-002   8.90527353E-002  -1.76353675E-001   8.81768468E-002   5.67347632E-004  -3.44986678E-004
     431       1     1.17356335E+001   1.00002267E+000   3.06424821E-001   1.19999997E+001   0.00000000E+000   1.07160090E-019  -8.86492771E-020  -1.19999997E+001   4.78042565E-020   4.26904605E-020  -7.72494048E-020   8.75739747E-002   8.93369389E-002  -1.76911006E-001   8.84555113E-002   5.70678944E-004  -3.51762629E-004
     432       1     1.17348046E+001   1.00002267E+000   3.07389483E-001   1.19999997E+001   0.00000000E+000   4.06542727E-021  -1.47411526E-019  -1.19999997E+001   9.84804841E-020  -8.53809211E-020  -1.66696084E-019   8.78478427E-002   8.96199862E-002  -1.77467924E-001   8.87339726E-002   5.75720540E-004  -3.52273865E-004
     433       1     1.17339912E+001   1.00002267E+000   3.08336016E-001   1.19999997E+001   0.00000000E+000   1.04759116E-020   2.54765673E-019  -1.19999997E+001   1.25845769E-019   8.67361738E-020   1.73472348E-019   8.81150009E-002   8.98992641E-002  -1.78014361E-001   8.90071914E-002   5.81144112E-004  -3.55695210E-004
     434       1     1.17331718E+001   1.00002267E+000   3.09289530E-001   1.19999997E+001   0.00000000E+000  -4.13115505E-020  -1.29333990E-019  -1.19999997E+001  -1.31341557E-019   1.13841228E-019   9.48676901E-021   8.83847564E-002   9.01799877E-002  -1.78564840E-001   8.92824306E-002   5.84681684E-004  -3.57955948E-004
     435       1     1.17323351E+001   1.00002267E+000   3.10263236E-001   1.19999997E+001   0.00000000E+000   1.99269464E-020   5.06836722E-020  -1.19999997E+001  -4.78428031E-020   7.58941521E-020  -6.77626358E-020   8.86587494E-002   9.04681215E-002  -1.79126968E-001   8.95634945E-002   5.88649752E-004  -3.60276254E-004
     436       1     1.17315116E+001   1.00002267E+000   3.11221714E-001   1.19999997E+001   0.00000000E+000  -1.29438877E-020  -8.50626220E-020  -1.19999997E+001   2.48306385E-020  -4.20128342E-020  -7.72494048E-020   8.89273680E-002   9.07528264E-002  -1.79680293E-001   8.98401588E-002   5.92046638E-004  -3.65759384E-004
     437       1     1.17306975E+001   1.00002267E+000   3.12169107E-001   1.19999997E+001   0.00000000E+000  -1.00896348E-019  -3.12463175E-019  -1.19999997E+001  -1.08855645E-019   4.60785923E-020   1.34170019E-019   8.91938595E-002   9.10332633E-002  -1.80227223E-001   9.01136249E-002   5.95933425E-004  -3.70685531E-004
     438       1     1.17298894E+001   1.00002267E+000   3.13109596E-001   1.19999997E+001   0.00000000E+000  -1.19967162E-019  -2.15488491E-019  -1.19999997E+001   7.95052918E-021   1.00288701E-019   2.38524478E-019   8.94605498E-002   9.13095445E-002  -1.80770195E-001   9.03851103E-002   5.97280377E-004  -3.72107659E-004
     439       1     1.17290799E+001   1.00002267E+000   3.14051722E-001   1.19999997E+001   0.00000000E+000   1.04091416E-019   3.59156528E-019  -1.19999997E+001  -8.60946125E-021   2.22261445E-019   1.63985579E-019   8.97253267E-002   9.15886623E-002  -1.81314091E-001   9.06570599E-002   5.99493143E-004  -3.75590159E-004
     440       1     1.17282629E+001   1.00002267E+000   3.15002665E-001   1.19999997E+001   0.00000000E+000  -1.21946275E-020  -1.42048087E-019  -1.19999997E+001   3.24402038E-020  -1.44334414E-019  -6.09863722E-020   8.99923830E-002   9.18705955E-002  -1.81863081E-001   9.09315558E-002   6.00345406E-004  -3.79161184E-004
     441       1     1.17274474E+001   1.00002267E+000   3.15951881E-001   1.19999997E+001   0.00000000E+000  -1.85419152E-020  -7.40366353E-020  -1.19999997E+001   3.79280509E-020   4.47233396E-020  -1.96511644E-019   9.02607111E-002   9.21502718E-002  -1.82411086E-001   9.12055595E-002   6.02712698E-004  -3.78465323E-004
     442       1     1.17266217E+001   1.00002267E+000   3.16912961E-001   1.19999997E+001   0.00000000E+000   4.61131685E-020  -1.79973987E-019  -1.19999997E+001   6.26417260E-020   6.64073831E-020   8.80914265E-020   9.05318243E-002   9.24339964E-002  -1.82965924E-001   9.14829782E-002   6.08929532E-004  -3.78757979E-004
     443       1     1.17257972E+001   1.00002267E+000   3.17872577E-001   1.19999997E+001   0.00000000E+000  -8.86249580E-020  -1.09490258E-019  -1.19999997E+001   8.65363270E-021   7.79270311E-020   6.23416249E-020   9.07998523E-002   9.27199731E-002  -1.83519931E-001   9.17599823E-002   6.07897153E-004  -3.76901891E-004
     444       1     1.17249798E+001   1.00002267E+000   3.18824077E-001   1.19999997E+001   0.00000000E+000   5.59136044E-020  -5.04242684E-020  -1.19999997E+001  -7.12134679E-020   1.07742591E-019   6.50521303E-020   9.10672621E-002   9.30018886E-002  -1.84069258E-001   9.20346465E-002   6.06123740E-004  -3.77605643E-004
     445       1     1.17241598E+001   1.00002267E+000   3.19778579E-001   1.19999997E+001   0.00000000E+000   3.01748870E-020   1.12579281E-019  -1.19999997E+001  -7.83914103E-020   4.40457133E-020  -8.80914265E-020   9.13377926E-002   9.32824186E-002  -1.84620317E-001   9.23101768E-002   6.08117355E-004  -3.77876555E-004
     446       1     1.17233236E+001   1.00002267E+000   3.20751963E-001   1.19999997E+001   0.00000000E+000   5.82090306E-020   8.36398713E-020  -1.19999997E+001   3.79068751E-020   4.98055373E-020  -1.30781887E-019   9.16128925E-002   9.35692679E-002  -1.85182268E-001   9.25911527E-002   6.10947435E-004  -3.80188724E-004
     447       1     1.17224938E+001   1.00002267E+000   3.21717888E-001   1.19999997E+001   0.00000000E+000   4.05341661E-020  -1.48542447E-019  -1.19999997E+001  -2.31015001E-020  -1.80587424E-019  -1.52465931E-019   9.18862631E-002   9.38535417E-002  -1.85739917E-001   9.28699790E-002   6.13208989E-004  -3.82198923E-004
     448       1     1.17216835E+001   1.00002267E+000   3.22661152E-001   1.19999997E+001   0.00000000E+000  -9.88760419E-020   1.21708708E-019  -1.19999997E+001   3.71311451E-020  -4.71797352E-020   8.80914265E-020   9.21494614E-002   9.41348811E-002  -1.86284459E-001   9.31422517E-002   6.15036985E-004  -3.87023551E-004
     449       1     1.17208686E+001   1.00002267E+000   3.23609828E-001   1.19999997E+001   0.00000000E+000  -3.73190805E-020  -3.73946517E-019  -1.19999997E+001   2.89678651E-020   7.62329653E-020  -2.43945489E-020   9.24203464E-002   9.44117182E-002  -1.86832181E-001   9.34161131E-002   6.13559676E-004  -3.85498011E-004
     450       1     1.17200608E+001   1.00002267E+000   3.24550201E-001   1.19999997E+001   0.00000000E+000  -3.65115868E-020   2.82935474E-020  -1.19999997E+001   3.39378970E-020  -1.08759030E-019   1.05709712E-019   9.26862161E-002   9.46887623E-002  -1.87375095E-001   9.36875701E-002   6.12804277E-004  -3.83049942E-004
     451       1     1.17192495E+001   1.00002267E+000   3.25494699E-001   1.19999997E+001   0.00000000E+000   5.49881547E-020  -4.34448493E-020  -1.19999997E+001  -1.82252704E-020  -1.07064965E-019  -1.40607469E-019   9.29498853E-002   9.49703589E-002  -1.87920361E-001   9.39602034E-002   6.14404381E-004  -3.82230446E-004
     452       1     1.17184415E+001   1.00002267E+000   3.26435342E-001   1.19999997E+001   0.00000000E+000  -4.99842083E-020  -7.60668674E-020  -1.19999997E+001   3.29691031E-020   5.59041745E-020  -8.26704157E-020   9.32162416E-002   9.52470666E-002  -1.88463426E-001   9.42317358E-002   6.15899146E-004  -3.80047494E-004
     453       1     1.17176259E+001   1.00002267E+000   3.27384888E-001   1.19999997E+001   0.00000000E+000   4.07012566E-020   2.19454325E-020  -1.19999997E+001   9.49929252E-020   1.47722546E-019   3.03237795E-019   9.34843591E-002   9.55271471E-002  -1.89011625E-001   9.45058358E-002   6.15439023E-004  -3.81365428E-004
     454       1     1.17168226E+001   1.00002267E+000   3.28320146E-001   1.19999997E+001   0.00000000E+000  -2.73125112E-020   3.20449769E-020  -1.19999997E+001   1.21971255E-019  -1.22248030E-019  -5.23466361E-020   9.37485629E-002   9.58028893E-002  -1.89551573E-001   9.47758121E-002   6.16109141E-004  -3.82151271E-004
     455       1     1.17160138E+001   1.00002267E+000   3.29261859E-001   1.19999997E+001   0.00000000E+000   1.36669262E-020   1.54140144E-019  -1.19999997E+001   2.51510883E-020   2.82231378E-019   2.52585225E-019   9.40168211E-002   9.60783333E-002  -1.90095275E-001   9.50476634E-002   6.13651058E-004  -3.80154739E-004
     456       1     1.17152068E+001   1.00002267E+000   3.30201413E-001   1.19999997E+001   0.00000000E+000   6.86095033E-020   6.96155204E-020  -1.19999997E+001   5.69647855E-020   1.59581007E-019  -6.09863722E-021   9.42826318E-002   9.63549506E-002  -1.90637704E-001   9.53188779E-002   6.15301474E-004  -3.80480026E-004
     457       1     1.17144068E+001   1.00002267E+000   3.31132971E-001   1.19999997E+001   0.00000000E+000   1.01878873E-020   1.44225226E-019  -1.19999997E+001  -4.73273042E-020  -1.63985579E-019  -2.42590236E-019   9.45450768E-002   9.66303178E-002  -1.91175517E-001   9.55877845E-002   6.15721935E-004  -3.79350301E-004
     458       1     1.17135804E+001   1.00002267E+000   3.32095248E-001   1.19999997E+001   0.00000000E+000   1.24333931E-019   4.62188822E-020  -1.19999997E+001  -8.34003198E-020   7.72494048E-020   1.61275073E-019   9.48135397E-002   9.69173743E-002  -1.91731037E-001   9.58655453E-002   6.17321382E-004  -3.82583161E-004
     459       1     1.17127587E+001   1.00002267E+000   3.33052013E-001   1.19999997E+001   0.00000000E+000  -4.14260323E-020   1.01131102E-019  -1.19999997E+001   1.40810790E-019  -9.35124374E-020  -2.43945489E-020   9.50847071E-002   9.71985710E-002  -1.92283404E-001   9.61417301E-002   6.18562676E-004  -3.83988544E-004
     460       1     1.17119513E+001   1.00002267E+000   3.33992130E-001   1.19999997E+001   0.00000000E+000   6.43392661E-020  -4.77832461E-020  -1.19999997E+001   1.08277942E-021   2.43945489E-020   1.05032085E-019   9.53508934E-002   9.74751365E-002  -1.92826158E-001   9.64131080E-002   6.19446779E-004  -3.85529564E-004
     461       1     1.17111417E+001   1.00002267E+000   3.34934887E-001   1.19999997E+001   0.00000000E+000  -7.21720048E-020   9.27070943E-020  -1.19999997E+001   1.15327175E-020   5.28548559E-020  -4.06575815E-021   9.56174462E-002   9.77528814E-002  -1.93370456E-001   9.66852572E-002   6.17023762E-004  -3.81658275E-004
     462       1     1.17103299E+001   1.00002267E+000   3.35880268E-001   1.19999997E+001   0.00000000E+000   3.53733036E-020   5.43781917E-020  -1.19999997E+001   3.35294353E-020   1.35525272E-019   1.00288701E-019   9.58836638E-002   9.80324461E-002  -1.93916242E-001   9.69581514E-002   6.17631644E-004  -3.83563403E-004
     463       1     1.17095187E+001   1.00002267E+000   3.36824955E-001   1.19999997E+001   0.00000000E+000   1.19038983E-019   1.36521197E-019  -1.19999997E+001   8.17866559E-020  -3.13063377E-019  -4.06575815E-021   9.61504839E-002   9.83110283E-002  -1.94461644E-001   9.72308531E-002   6.15913353E-004  -3.82421001E-004
     464       1     1.17087122E+001   1.00002267E+000   3.37764079E-001   1.19999997E+001   0.00000000E+000  -8.01976419E-021   2.76908967E-019  -1.19999997E+001  -4.14053527E-021   8.26704157E-020   3.10352872E-019   9.64144115E-002   9.85892896E-002  -1.95003833E-001   9.75019477E-002   6.14917888E-004  -3.77309893E-004
     465       1     1.17078961E+001   1.00002267E+000   3.38714518E-001   1.19999997E+001   0.00000000E+000   8.94303424E-020   2.24427997E-019  -1.19999997E+001   6.10844758E-020   5.96311195E-020   8.80914265E-020   9.66836208E-002   9.88688000E-002  -1.95552554E-001   9.77763090E-002   6.14266268E-004  -3.77507662E-004
     466       1     1.17070710E+001   1.00002267E+000   3.39675419E-001   1.19999997E+001   0.00000000E+000   8.60695696E-020   5.76300041E-020  -1.19999997E+001   1.56374524E-019  -2.17518061E-019  -3.32036915E-019   9.69551899E-002   9.91519746E-002  -1.96107299E-001   9.80536805E-002   6.18040817E-004  -3.77856123E-004
     467       1     1.17062515E+001   1.00002267E+000   3.40629832E-001   1.19999997E+001   0.00000000E+000   2.95232755E-020  -2.14031991E-019  -1.19999997E+001  -7.79553207E-020   1.55854062E-019  -9.75781955E-020   9.72254694E-002   9.94326983E-002  -1.96658305E-001   9.83291841E-002   6.20483791E-004  -3.78153994E-004
     468       1     1.17054315E+001   1.00002267E+000   3.41584893E-001   1.19999997E+001   0.00000000E+000  -1.06124295E-019   1.20301178E-019  -1.19999997E+001   7.15196901E-020   1.59919820E-019  -8.13151629E-020   9.74983778E-002   9.97111667E-002  -1.97209682E-001   9.86048727E-002   6.26129389E-004  -3.81378407E-004
     469       1     1.17046066E+001   1.00002267E+000   3.42545591E-001   1.19999997E+001   0.00000000E+000  -3.37748184E-020   2.88508686E-019  -1.19999997E+001   5.08901365E-020   1.53143557E-019  -1.66696084E-019   9.77739961E-002   9.99902196E-002  -1.97764353E-001   9.88822087E-002   6.25156022E-004  -3.78245235E-004
     470       1     1.17037872E+001   1.00002267E+000   3.43500043E-001   1.19999997E+001   0.00000000E+000  -4.64900320E-021   5.03428738E-020  -1.19999997E+001  -4.63671129E-020  -4.60785923E-020  -1.66696084E-019   9.80451005E-002   1.00270143E-001  -1.98315382E-001   9.91577242E-002   6.28381471E-004  -3.78951029E-004
     471       1     1.17029677E+001   1.00002267E+000   3.44454460E-001   1.19999997E+001   0.00000000E+000  -9.74959738E-020   2.72953059E-019  -1.19999997E+001  -5.33207240E-020   2.01932655E-019   2.71050543E-019   9.83162095E-002   1.00550055E-001  -1.98866403E-001   9.94332352E-002   6.28407533E-004  -3.78616512E-004
     472       1     1.17021565E+001   1.00002267E+000   3.45399361E-001   1.19999997E+001   0.00000000E+000   9.32108473E-021   2.05349903E-019  -1.19999997E+001  -5.52308495E-020   1.32137140E-019  -1.08420217E-020   9.85845090E-002   1.00827281E-001  -1.99411929E-001   9.97059981E-002   6.29790287E-004  -3.76651569E-004
     473       1     1.17013449E+001   1.00002267E+000   3.46344749E-001   1.19999997E+001   0.00000000E+000   7.67260890E-020  -1.78823214E-020  -1.19999997E+001   8.21484647E-020  -1.49755425E-019   9.28348110E-020   9.88520876E-002   1.01105495E-001  -1.99957723E-001   9.99788957E-002   6.31762588E-004  -3.77823863E-004
     474       1     1.17005264E+001   1.00002267E+000   3.47298196E-001   1.19999997E+001   0.00000000E+000   6.46222446E-021  -3.45265188E-020  -1.19999997E+001   5.18101268E-020   7.38612730E-020  -7.18283939E-020   9.91209392E-002   1.01387099E-001  -2.00508178E-001   1.00254124E-001   6.31507509E-004  -3.74922368E-004
     475       1     1.16997091E+001   1.00002267E+000   3.48250184E-001   1.19999997E+001   0.00000000E+000   3.75452317E-020  -7.63130363E-020  -1.19999997E+001  -1.60115697E-020  -4.33680869E-020   4.54009660E-020   9.93921531E-002   1.01665500E-001  -2.01057794E-001   1.00528931E-001   6.33924882E-004  -3.74673948E-004
     476       1     1.16988850E+001   1.00002267E+000   3.49210148E-001   1.19999997E+001   0.00000000E+000   4.17108305E-020   1.19158345E-019  -1.19999997E+001  -6.13112887E-020   8.40256684E-020  -2.08708918E-019   9.96665603E-002   1.01945315E-001  -2.01612016E-001   1.00806042E-001   6.37346086E-004  -3.74898010E-004
     477       1     1.16980674E+001   1.00002267E+000   3.50162539E-001   1.19999997E+001   0.00000000E+000   1.24892340E-019   1.25108090E-019  -1.19999997E+001   8.94685168E-020  -1.11130723E-019   2.98155597E-020   9.99380100E-002   1.02223723E-001  -2.02161874E-001   1.01080971E-001   6.36940771E-004  -3.74832261E-004
     478       1     1.16972436E+001   1.00002267E+000   3.51122257E-001   1.19999997E+001   0.00000000E+000   1.70255277E-020   2.85047763E-019  -1.19999997E+001   2.57815653E-020  -5.82758668E-020   3.65918233E-020   1.00210116E-001   1.02505701E-001  -2.02715960E-001   1.01358014E-001   6.34193795E-004  -3.75428219E-004
     479       1     1.16964241E+001   1.00002267E+000   3.52076968E-001   1.19999997E+001   0.00000000E+000  -5.70668182E-020   1.47132932E-019  -1.19999997E+001   2.58689156E-020   1.62630326E-020  -1.72117095E-019   1.00477478E-001   1.02789509E-001  -2.03267130E-001   1.01633599E-001   6.33543388E-004  -3.75258425E-004
     480       1     1.16956093E+001   1.00002267E+000   3.53026243E-001   1.19999997E+001   0.00000000E+000   2.77310646E-020   1.32381323E-019  -1.19999997E+001   1.45547888E-019   9.96110746E-020  -6.23416249E-020   1.00748507E-001   1.03066549E-001  -2.03815198E-001   1.01907633E-001   6.34157147E-004  -3.69512523E-004
     481       1     1.16947775E+001   1.00002267E+000   3.53995261E-001   1.19999997E+001   0.00000000E+000   9.58310246E-020  -9.08489158E-020  -1.19999997E+001  -1.15576984E-019  -2.02610281E-019  -5.55653613E-020   1.01025338E-001   1.03349176E-001  -2.04374658E-001   1.02187364E-001   6.33486492E-004  -3.70208644E-004
     482       1     1.16939562E+001   1.00002267E+000   3.54952061E-001   1.19999997E+001   0.00000000E+000   7.21350298E-020   6.52480067E-021  -1.19999997E+001  -8.01276624E-020  -1.72794721E-019   6.09863722E-020   1.01300248E-001   1.03626685E-001  -2.04927077E-001   1.02463574E-001   6.34076248E-004  -3.66335727E-004
     483       1     1.16931376E+001   1.00002267E+000   3.55905747E-001   1.19999997E+001   0.00000000E+000  -4.86638626E-020   1.41228847E-019  -1.19999997E+001  -6.50850521E-020   8.94466792E-020  -1.42301535E-019   1.01573421E-001   1.03904135E-001  -2.05477701E-001   1.02738886E-001   6.31936786E-004  -3.62523338E-004
     484       1     1.16923099E+001   1.00002267E+000   3.56870114E-001   1.19999997E+001   0.00000000E+000  -5.95038991E-020  -1.47814528E-019  -1.19999997E+001  -5.20240357E-020   6.97955149E-020  -2.71050543E-020   1.01847012E-001   1.04187312E-001  -2.06034468E-001   1.03017269E-001   6.31501156E-004  -3.61120875E-004
     485       1     1.16914841E+001   1.00002267E+000   3.57832265E-001   1.19999997E+001   0.00000000E+000   3.73125458E-020   2.44244597E-019  -1.19999997E+001  -1.44847597E-019  -6.77626358E-022   1.19262239E-019   1.02120673E-001   1.04469140E-001  -2.06589957E-001   1.03295014E-001   6.30958798E-004  -3.60840343E-004
     486       1     1.16906536E+001   1.00002267E+000   3.58799962E-001   1.19999997E+001   0.00000000E+000  -8.74933749E-021  -2.37539140E-019  -1.19999997E+001  -4.35060606E-020  -2.37169225E-021   2.40557357E-019   1.02393615E-001   1.04754872E-001  -2.07148633E-001   1.03574353E-001   6.31250306E-004  -3.60321184E-004
     487       1     1.16898206E+001   1.00002267E+000   3.59770582E-001   1.19999997E+001   0.00000000E+000   2.46433648E-021  -1.29271124E-019  -1.19999997E+001   3.79427747E-021   1.59750414E-019   9.41900637E-020   1.02669773E-001   1.05039085E-001  -2.07709004E-001   1.03854539E-001   6.33723010E-004  -3.59654379E-004
     488       1     1.16889795E+001   1.00002267E+000   3.60750556E-001   1.19999997E+001   0.00000000E+000   6.84871633E-020  -2.50347867E-019  -1.19999997E+001  -5.19934300E-020  -1.05032085E-019   4.67562187E-020   1.02953602E-001   1.05321075E-001  -2.08274825E-001   1.04137450E-001   6.31256995E-004  -3.55657950E-004
     489       1     1.16881617E+001   1.00002267E+000   3.61703492E-001   1.19999997E+001   0.00000000E+000   1.41745339E-019  -1.87438465E-019  -1.19999997E+001   5.91396088E-020   7.47083059E-020   1.09097844E-019   1.03227678E-001   1.05597187E-001  -2.08825013E-001   1.04412544E-001   6.31294906E-004  -3.53333813E-004
     490       1     1.16873383E+001   1.00002267E+000   3.62663013E-001   1.19999997E+001   0.00000000E+000   6.09369895E-020   1.31259667E-019  -1.19999997E+001   9.80551479E-020  -3.11708125E-020   3.58464343E-019   1.03504609E-001   1.05874245E-001  -2.09379000E-001   1.04689538E-001   6.33904263E-004  -3.50894422E-004
     491       1     1.16865132E+001   1.00002267E+000   3.63624427E-001   1.19999997E+001   0.00000000E+000   3.41282313E-020   1.64310495E-019  -1.19999997E+001   1.16188932E-019  -1.00966327E-019  -3.34747421E-019   1.03778786E-001   1.06155135E-001  -2.09934069E-001   1.04967074E-001   6.33498325E-004  -3.49367346E-004
     492       1     1.16856834E+001   1.00002267E+000   3.64591484E-001   1.19999997E+001   0.00000000E+000   7.43535282E-020  -5.00907492E-020  -1.19999997E+001   4.82815397E-020  -1.09775470E-019   9.48676901E-020   1.04055124E-001   1.06437128E-001  -2.10492402E-001   1.05246241E-001   6.34249147E-004  -3.44565424E-004
     493       1     1.16848551E+001   1.00002267E+000   3.65556702E-001   1.19999997E+001   0.00000000E+000   7.47713371E-021   2.31267126E-019  -1.19999997E+001  -1.42189369E-019   1.33153579E-019   2.42251423E-020   1.04331556E-001   1.06717968E-001  -2.11049674E-001   1.05524877E-001   6.34494082E-004  -3.41769889E-004
     494       1     1.16840272E+001   1.00002267E+000   3.66521557E-001   1.19999997E+001   0.00000000E+000   5.70641299E-020   1.80435223E-019  -1.19999997E+001   3.06784746E-021  -5.35324823E-020  -2.57074499E-020   1.04606560E-001   1.07000017E-001  -2.11606726E-001   1.05803403E-001   6.35835335E-004  -3.39194085E-004
     495       1     1.16831974E+001   1.00002267E+000   3.67488625E-001   1.19999997E+001   0.00000000E+000  -1.05566775E-019  -4.78732434E-020  -1.19999997E+001   7.42707274E-020   9.28348110E-020   6.75932292E-020   1.04883439E-001   1.07281465E-001  -2.12165056E-001   1.06082569E-001   6.38392870E-004  -3.38437213E-004
     496       1     1.16823605E+001   1.00002267E+000   3.68463912E-001   1.19999997E+001   0.00000000E+000   8.85372769E-020  -1.19246357E-020  -1.19999997E+001   1.44551466E-020   1.72117095E-019   1.21972744E-020   1.05162882E-001   1.07565116E-001  -2.12728150E-001   1.06364116E-001   6.38319722E-004  -3.30978779E-004
     497       1     1.16815331E+001   1.00002267E+000   3.69428256E-001   1.19999997E+001   0.00000000E+000  -2.47279027E-020   2.21027954E-019  -1.19999997E+001   1.97077435E-020  -2.44623115E-019  -2.71050543E-020   1.05434467E-001   1.07850306E-001  -2.13284924E-001   1.06642503E-001   6.31314679E-004  -3.21406007E-004
     498       1     1.16807034E+001   1.00002267E+000   3.70395301E-001   1.19999997E+001   0.00000000E+000   2.32298786E-020   1.17839488E-019  -1.19999997E+001   2.73517196E-020   8.26704157E-020   6.77626358E-020   1.05711666E-001   1.08131422E-001  -2.13843239E-001   1.06921661E-001   6.34370092E-004  -3.21323131E-004
     499       1     1.16798712E+001   1.00002267E+000   3.71365278E-001   1.19999997E+001   0.00000000E+000  -1.38796605E-019  -1.03962706E-019  -1.19999997E+001  -5.71633088E-020   5.55653613E-020   1.00966327E-019   1.05990954E-001   1.08412158E-001  -2.14403264E-001   1.07201674E-001   6.34691706E-004  -3.20172679E-004
     500       1     1.16790390E+001   1.00002267E+000   3.72335218E-001   1.19999997E+001   0.00000000E+000   4.45811473E-020  -1.56685875E-019  -1.19999997E+001  -1.83382633E-020   1.11808349E-019  -4.33680869E-020   1.06267191E-001   1.08695901E-001  -2.14963245E-001   1.07481665E-001   6.36438310E-004  -3.19878399E-004
