   iLoop   Phase     EVM               SVM                    B5                B4                B2                D6                D1                D4                C1                C5                C3                A6                C2                C3              
       1       1     1.19999997E+001   7.18850023E+003   3.86922434E-002   2.84782458E+003   2.84778589E+003  -3.64831065E-002  -1.66688887E+002  -1.66652404E+002   2.84779825E+003  -2.41192731E-002   2.84782237E+003   2.63284100E-002  -1.66676523E+002  -1.66650195E+002
       2       1     1.19999997E+001   7.18828363E+003   2.19995972E-002   2.84770318E+003   2.84768118E+003  -6.93928566E-003  -1.66729513E+002  -1.66722573E+002   2.84768844E+003   3.24679278E-004   2.84768812E+003   1.47356323E-002  -1.66722249E+002  -1.66707513E+002
       3       1     1.19999997E+001   7.18806386E+003   5.07123169E-003   2.84758001E+003   2.84757493E+003   2.30300012E-002  -1.66770735E+002  -1.66793765E+002   2.84757702E+003   2.51177378E-002   2.84755190E+003   2.98349517E-003  -1.66768647E+002  -1.66765663E+002
       4       1     1.19999997E+001   7.18784249E+003  -1.19800818E-002   2.84745593E+003   2.84746791E+003   5.32179435E-002  -1.66812260E+002  -1.66865478E+002   2.84746478E+003   5.00917658E-002   2.84741469E+003  -8.85390416E-003  -1.66815386E+002  -1.66824240E+002
       5       1     1.19999997E+001   7.18761947E+003  -2.91600871E-002   2.84733093E+003   2.84736009E+003   8.36337207E-002  -1.66854092E+002  -1.66937725E+002   2.84735172E+003   7.52553616E-002   2.84727646E+003  -2.07817280E-002  -1.66862470E+002  -1.66883252E+002
       6       1     1.19999997E+001   7.18739481E+003  -4.64675218E-002   2.84720501E+003   2.84725148E+003   1.14274209E-001  -1.66896232E+002  -1.67010507E+002   2.84723781E+003   1.00605368E-001   2.84713721E+003  -3.27986804E-002  -1.66909901E+002  -1.66942700E+002
       7       1     1.19999997E+001   7.18716856E+003  -6.38978278E-002   2.84707820E+003   2.84714209E+003   1.45133286E-001  -1.66938673E+002  -1.67083807E+002   2.84712310E+003   1.26136395E-001   2.84699696E+003  -4.49009364E-002  -1.66957670E+002  -1.67002571E+002
       8       1     1.19999997E+001   7.18694063E+003  -8.14572430E-002   2.84695044E+003   2.84703190E+003   1.76222729E-001  -1.66981426E+002  -1.67157649E+002   2.84700753E+003   1.51856609E-001   2.84685568E+003  -5.70911230E-002  -1.67005793E+002  -1.67062884E+002
       9       1     1.19999997E+001   7.18671110E+003  -9.91407252E-002   2.84682179E+003   2.84692093E+003   2.07533014E-001  -1.67024481E+002  -1.67232014E+002   2.84689116E+003   1.77759660E-001   2.84671340E+003  -6.93673715E-002  -1.67054255E+002  -1.67123622E+002
      10       1     1.19999997E+001   7.18647995E+003  -1.16948022E-001   2.84669223E+003   2.84680917E+003   2.39063497E-001  -1.67067841E+002  -1.67306904E+002   2.84677396E+003   2.03845227E-001   2.84657011E+003  -8.17297518E-002  -1.67103059E+002  -1.67184789E+002
      11       1     1.19999997E+001   7.18624717E+003  -1.34881034E-001   2.84656175E+003   2.84669663E+003   2.70817207E-001  -1.67111505E+002  -1.67382323E+002   2.84665593E+003   2.30115082E-001   2.84642581E+003  -9.41789090E-002  -1.67152208E+002  -1.67246386E+002
      12       1     1.19999997E+001   7.18601281E+003  -1.52935799E-001   2.84643038E+003   2.84658332E+003   3.02788753E-001  -1.67155469E+002  -1.67458258E+002   2.84653709E+003   2.56564748E-001   2.84628053E+003  -1.06711795E-001  -1.67201693E+002  -1.67308405E+002
      13       1     1.19999997E+001   7.18577682E+003  -1.71115339E-001   2.84629811E+003   2.84646922E+003   3.34981397E-001  -1.67199737E+002  -1.67534718E+002   2.84641744E+003   2.83197015E-001   2.84613424E+003  -1.19330957E-001  -1.67251521E+002  -1.67370852E+002
      14       1     1.19999997E+001   7.18553924E+003  -1.89418046E-001   2.84616493E+003   2.84635435E+003   3.67392369E-001  -1.67244305E+002  -1.67611697E+002   2.84629697E+003   3.10010183E-001   2.84598696E+003  -1.32035860E-001  -1.67301687E+002  -1.67433723E+002
      15       1     1.19999997E+001   7.18530002E+003  -2.07849142E-001   2.84603084E+003   2.84623869E+003   4.00028617E-001  -1.67289180E+002  -1.67689209E+002   2.84617567E+003   3.37010759E-001   2.84583866E+003  -1.44831284E-001  -1.67352198E+002  -1.67497029E+002
      16       1     1.19999997E+001   7.18505918E+003  -2.26402039E-001   2.84589584E+003   2.84612224E+003   4.32883773E-001  -1.67334360E+002  -1.67767244E+002   2.84605355E+003   3.64191876E-001   2.84568936E+003  -1.57710142E-001  -1.67403052E+002  -1.67560762E+002
      17       1     1.19999997E+001   7.18481674E+003  -2.45078889E-001   2.84575994E+003   2.84600502E+003   4.65959015E-001  -1.67379840E+002  -1.67845799E+002   2.84593061E+003   3.91554907E-001   2.84553906E+003  -1.70674781E-001  -1.67454244E+002  -1.67624919E+002
      18       1     1.19999997E+001   7.18457266E+003  -2.63883745E-001   2.84562311E+003   2.84588700E+003   4.99260973E-001  -1.67425630E+002  -1.67924891E+002   2.84580684E+003   4.19105414E-001   2.84538773E+003  -1.83728185E-001  -1.67505786E+002  -1.67689514E+002
      19       1     1.19999997E+001   7.18432690E+003  -2.82818916E-001   2.84548534E+003   2.84576816E+003   5.32790287E-001  -1.67471735E+002  -1.68004525E+002   2.84568222E+003   4.46844449E-001   2.84523537E+003  -1.96873078E-001  -1.67557681E+002  -1.67754554E+002
      20       1     1.19999997E+001   7.18407952E+003  -3.01878556E-001   2.84534667E+003   2.84564855E+003   5.66540458E-001  -1.67518145E+002  -1.68084685E+002   2.84555677E+003   4.74765987E-001   2.84508200E+003  -2.10104085E-001  -1.67609919E+002  -1.67820023E+002
      21       1     1.19999997E+001   7.18383050E+003  -3.21065171E-001   2.84520707E+003   2.84552814E+003   6.00515446E-001  -1.67564861E+002  -1.68165377E+002   2.84543049E+003   5.02873031E-001   2.84492762E+003  -2.23422756E-001  -1.67662503E+002  -1.67885926E+002
      22       1     1.19999997E+001   7.18357987E+003  -3.40377272E-001   2.84506657E+003   2.84540694E+003   6.34712327E-001  -1.67611881E+002  -1.68246594E+002   2.84530339E+003   5.31163785E-001   2.84477223E+003  -2.36828730E-001  -1.67715430E+002  -1.67952259E+002
      23       1     1.19999997E+001   7.18332765E+003  -3.59812285E-001   2.84492517E+003   2.84528498E+003   6.69126756E-001  -1.67659200E+002  -1.68328327E+002   2.84517549E+003   5.59634637E-001   2.84461585E+003  -2.50320166E-001  -1.67768692E+002  -1.68019012E+002
      24       1     1.19999997E+001   7.18307382E+003  -3.79369166E-001   2.84478287E+003   2.84516224E+003   7.03758353E-001  -1.67706822E+002  -1.68410581E+002   2.84504676E+003   5.88284259E-001   2.84445848E+003  -2.63895072E-001  -1.67822296E+002  -1.68086191E+002
      25       1     1.19999997E+001   7.18281838E+003  -3.99052156E-001   2.84463967E+003   2.84503872E+003   7.38611993E-001  -1.67754745E+002  -1.68493357E+002   2.84491723E+003   6.17118461E-001   2.84430011E+003  -2.77558623E-001  -1.67876238E+002  -1.68153797E+002
      26       1     1.19999997E+001   7.18256129E+003  -4.18865660E-001   2.84449553E+003   2.84491439E+003   7.73693986E-001  -1.67802979E+002  -1.68576673E+002   2.84478684E+003   6.46141456E-001   2.84414070E+003  -2.91313129E-001  -1.67930532E+002  -1.68221845E+002
      27       1     1.19999997E+001   7.18230259E+003  -4.38803244E-001   2.84435049E+003   2.84478929E+003   8.08995430E-001  -1.67851515E+002  -1.68660510E+002   2.84465564E+003   6.75345995E-001   2.84398030E+003  -3.05153810E-001  -1.67985164E+002  -1.68290318E+002
      28       1     1.19999997E+001   7.18204228E+003  -4.58865124E-001   2.84420455E+003   2.84466341E+003   8.44518271E-001  -1.67900352E+002  -1.68744871E+002   2.84452363E+003   7.04732857E-001   2.84381890E+003  -3.19079710E-001  -1.68040138E+002  -1.68359218E+002
      29       1     1.19999997E+001   7.18178033E+003  -4.79055852E-001   2.84405769E+003   2.84453674E+003   8.80268967E-001  -1.67949496E+002  -1.68829765E+002   2.84439078E+003   7.34308720E-001   2.84365647E+003  -3.33095605E-001  -1.68095456E+002  -1.68428552E+002
      30       1     1.19999997E+001   7.18151675E+003  -4.99375354E-001   2.84390990E+003   2.84440928E+003   9.16245787E-001  -1.67998946E+002  -1.68915192E+002   2.84425710E+003   7.64070323E-001   2.84349303E+003  -3.47199890E-001  -1.68151121E+002  -1.68498321E+002
      31       1     1.19999997E+001   7.18125157E+003  -5.19818168E-001   2.84376122E+003   2.84428104E+003   9.52441130E-001  -1.68048698E+002  -1.69001139E+002   2.84412261E+003   7.94012387E-001   2.84332860E+003  -3.61389426E-001  -1.68207126E+002  -1.68568516E+002
      32       1     1.19999997E+001   7.18098476E+003  -5.40387077E-001   2.84361163E+003   2.84415201E+003   9.88857963E-001  -1.68098754E+002  -1.69087612E+002   2.84398729E+003   8.24137665E-001   2.84316316E+003  -3.75666780E-001  -1.68263474E+002  -1.68639141E+002
      33       1     1.19999997E+001   7.18071635E+003  -5.61080402E-001   2.84346113E+003   2.84402221E+003   1.02549569E+000  -1.68149111E+002  -1.69174607E+002   2.84385116E+003   8.54444232E-001   2.84299671E+003  -3.90028948E-001  -1.68320163E+002  -1.68710192E+002
      34       1     1.19999997E+001   7.18044633E+003  -5.81900023E-001   2.84330973E+003   2.84389163E+003   1.06235522E+000  -1.68199771E+002  -1.69262126E+002   2.84371420E+003   8.84933621E-001   2.84282927E+003  -4.04478424E-001  -1.68377193E+002  -1.68781671E+002
      35       1     1.19999997E+001   7.18017468E+003  -6.02846748E-001   2.84315741E+003   2.84376025E+003   1.09943623E+000  -1.68250736E+002  -1.69350172E+002   2.84357642E+003   9.15605848E-001   2.84266082E+003  -4.19016362E-001  -1.68434566E+002  -1.68853583E+002
      36       1     1.19999997E+001   7.17990139E+003  -6.23922115E-001   2.84300417E+003   2.84362809E+003   1.13674235E+000  -1.68302008E+002  -1.69438750E+002   2.84343781E+003   9.46464639E-001   2.84249135E+003  -4.33644402E-001  -1.68492286E+002  -1.68925930E+002
      37       1     1.19999997E+001   7.17962644E+003  -6.45130433E-001   2.84284999E+003   2.84349512E+003   1.17427712E+000  -1.68353593E+002  -1.69527870E+002   2.84329835E+003   9.77513489E-001   2.84232084E+003  -4.48366803E-001  -1.68550356E+002  -1.68998723E+002
      38       1     1.19999997E+001   7.17934978E+003  -6.66478044E-001   2.84269484E+003   2.84336132E+003   1.21204937E+000  -1.68405498E+002  -1.69617547E+002   2.84315803E+003   1.00875980E+000   2.84214927E+003  -4.63188470E-001  -1.68608787E+002  -1.69071976E+002
      39       1     1.19999997E+001   7.17907145E+003  -6.87960143E-001   2.84253875E+003   2.84322671E+003   1.25005269E+000  -1.68457713E+002  -1.69707766E+002   2.84301686E+003   1.04019867E+000   2.84197666E+003  -4.78106118E-001  -1.68667567E+002  -1.69145673E+002
      40       1     1.19999997E+001   7.17879145E+003  -7.09573112E-001   2.84238173E+003   2.84309130E+003   1.28828301E+000  -1.68510242E+002  -1.69798525E+002   2.84287484E+003   1.07182600E+000   2.84180302E+003  -4.93116109E-001  -1.68726699E+002  -1.69219815E+002
      41       1     1.19999997E+001   7.17850978E+003  -7.31323982E-001   2.84222376E+003   2.84295508E+003   1.32674851E+000  -1.68563082E+002  -1.69889830E+002   2.84273198E+003   1.10364900E+000   2.84162833E+003  -5.08224468E-001  -1.68786181E+002  -1.69294406E+002
      42       1     1.19999997E+001   7.17822644E+003  -7.53211167E-001   2.84206484E+003   2.84281805E+003   1.36544981E+000  -1.68616234E+002  -1.69981683E+002   2.84258827E+003   1.13566837E+000   2.84145260E+003  -5.23429726E-001  -1.68846015E+002  -1.69369445E+002
      43       1     1.19999997E+001   7.17794144E+003  -7.75233683E-001   2.84190499E+003   2.84268022E+003   1.40438373E+000  -1.68669694E+002  -1.70074077E+002   2.84244372E+003   1.16788067E+000   2.84127584E+003  -5.38730626E-001  -1.68906197E+002  -1.69444927E+002
      44       1     1.19999997E+001   7.17765484E+003  -7.97387637E-001   2.84174423E+003   2.84254162E+003   1.44354451E+000  -1.68723452E+002  -1.70166996E+002   2.84229836E+003   1.20028202E+000   2.84109808E+003  -5.54125153E-001  -1.68966714E+002  -1.69520839E+002
      45       1     1.19999997E+001   7.17736664E+003  -8.19671364E-001   2.84158258E+003   2.84240225E+003   1.48293462E+000  -1.68777505E+002  -1.70260440E+002   2.84215219E+003   1.23287298E+000   2.84091931E+003  -5.69609727E-001  -1.69027567E+002  -1.69597177E+002
      46       1     1.19999997E+001   7.17696499E+003  -8.55682957E-001   2.84135263E+003   2.84220831E+003   1.53440758E+000  -1.68852541E+002  -1.70386949E+002   2.84194913E+003   1.27522419E+000   2.84067390E+003  -5.96499568E-001  -1.69111725E+002  -1.69708224E+002
      47       1     1.19999997E+001   7.17660709E+003  -8.85316504E-001   2.84114961E+003   2.84203492E+003   1.58402575E+000  -1.68919971E+002  -1.70503997E+002   2.84177115E+003   1.32025810E+000   2.84045090E+003  -6.21548855E-001  -1.69183738E+002  -1.69805287E+002
      48       1     1.19999997E+001   7.17634041E+003  -9.05553585E-001   2.84100079E+003   2.84190635E+003   1.62189157E+000  -1.68969591E+002  -1.70591483E+002   2.84163572E+003   1.35126016E+000   2.84028446E+003  -6.34922174E-001  -1.69240223E+002  -1.69875145E+002
      49       1     1.19999997E+001   7.17607206E+003  -9.25896739E-001   2.84085108E+003   2.84177698E+003   1.65998790E+000  -1.69019517E+002  -1.70679505E+002   2.84149939E+003   1.38240195E+000   2.84011699E+003  -6.48310790E-001  -1.69297103E+002  -1.69945414E+002
      50       1     1.19999997E+001   7.17580241E+003  -9.46280135E-001   2.84070065E+003   2.84164693E+003   1.69818422E+000  -1.69069728E+002  -1.70767912E+002   2.84136238E+003   1.41363547E+000   2.83994875E+003  -6.61731380E-001  -1.69354277E+002  -1.70016008E+002
      51       1     1.19999997E+001   7.17553197E+003  -9.66698666E-001   2.84054981E+003   2.84151651E+003   1.73654754E+000  -1.69120076E+002  -1.70856624E+002   2.84122495E+003   1.44499222E+000   2.83977996E+003  -6.75143340E-001  -1.69411631E+002  -1.70086775E+002
      52       1     1.19999997E+001   7.17526061E+003  -9.87208137E-001   2.84039845E+003   2.84138566E+003   1.77508603E+000  -1.69170585E+002  -1.70945671E+002   2.84108710E+003   1.47652922E+000   2.83961057E+003  -6.88651323E-001  -1.69469142E+002  -1.70157793E+002
      53       1     1.19999997E+001   7.17498806E+003  -1.00774196E+000   2.84024647E+003   2.84125421E+003   1.81374009E+000  -1.69221334E+002  -1.71035074E+002   2.84094858E+003   1.50810842E+000   2.83944047E+003  -7.02110297E-001  -1.69526966E+002  -1.70229076E+002
      54       1     1.19999997E+001   7.17471483E+003  -1.02836647E+000   2.84009408E+003   2.84112244E+003   1.85255631E+000  -1.69272207E+002  -1.71124764E+002   2.84080981E+003   1.53991997E+000   2.83926989E+003  -7.15730128E-001  -1.69584844E+002  -1.70300574E+002
      55       1     1.19999997E+001   7.17444076E+003  -1.04894640E+000   2.83994128E+003   2.84099023E+003   1.89141492E+000  -1.69323272E+002  -1.71214687E+002   2.84067050E+003   1.57169266E+000   2.83909881E+003  -7.29224140E-001  -1.69642994E+002  -1.70372218E+002
      56       1     1.19999997E+001   7.17416593E+003  -1.06949078E+000   2.83978813E+003   2.84085762E+003   1.93035954E+000  -1.69374500E+002  -1.71304860E+002   2.84053078E+003   1.60351458E+000   2.83892726E+003  -7.42645819E-001  -1.69701345E+002  -1.70443991E+002
      57       1     1.19999997E+001   7.17389062E+003  -1.08997319E+000   2.83963478E+003   2.84072475E+003   1.96929978E+000  -1.69425856E+002  -1.71395156E+002   2.84039075E+003   1.63529684E+000   2.83875545E+003  -7.55970247E-001  -1.69759859E+002  -1.70515829E+002
      58       1     1.19999997E+001   7.17361461E+003  -1.11039518E+000   2.83948112E+003   2.84059152E+003   2.00832447E+000  -1.69477363E+002  -1.71485688E+002   2.84025028E+003   1.66709300E+000   2.83858319E+003  -7.69163705E-001  -1.69818595E+002  -1.70587758E+002
      59       1     1.19999997E+001   7.17334087E+003  -1.13058458E+000   2.83932884E+003   2.84045942E+003   2.04742717E+000  -1.69528400E+002  -1.71575827E+002   2.84011117E+003   1.69916966E+000   2.83841200E+003  -7.82327075E-001  -1.69876657E+002  -1.70658984E+002
      60       1     1.19999997E+001   7.17305467E+003  -1.15199885E+000   2.83916921E+003   2.84032121E+003   2.08669478E+000  -1.69581867E+002  -1.71668562E+002   2.83996472E+003   1.73020897E+000   2.83823451E+003  -7.95513034E-001  -1.69938353E+002  -1.70733866E+002
      61       1     1.19999997E+001   7.17277755E+003  -1.17241481E+000   2.83901504E+003   2.84018746E+003   2.12603153E+000  -1.69633556E+002  -1.71759588E+002   2.83982366E+003   1.76223779E+000   2.83806143E+003  -8.08621070E-001  -1.69997350E+002  -1.70805971E+002
      62       1     1.19999997E+001   7.17249924E+003  -1.19266516E+000   2.83886035E+003   2.84005302E+003   2.16530538E+000  -1.69685585E+002  -1.71850891E+002   2.83968187E+003   1.79416088E+000   2.83788771E+003  -8.21520664E-001  -1.70056730E+002  -1.70878251E+002
      63       1     1.19999997E+001   7.17221949E+003  -1.21301658E+000   2.83870486E+003   2.83991788E+003   2.20478467E+000  -1.69737885E+002  -1.71942670E+002   2.83953935E+003   1.82625250E+000   2.83771309E+003  -8.34484409E-001  -1.70116417E+002  -1.70950901E+002
      64       1     1.19999997E+001   7.17193846E+003  -1.23342422E+000   2.83854867E+003   2.83978209E+003   2.24437398E+000  -1.69790452E+002  -1.72034826E+002   2.83939613E+003   1.85841814E+000   2.83753772E+003  -8.47468378E-001  -1.70176407E+002  -1.71023876E+002
      65       1     1.19999997E+001   7.17165573E+003  -1.25393209E+000   2.83839154E+003   2.83964547E+003   2.28420603E+000  -1.69843345E+002  -1.72127551E+002   2.83925205E+003   1.89078495E+000   2.83736126E+003  -8.60511015E-001  -1.70236766E+002  -1.71097277E+002
      66       1     1.19999997E+001   7.17137134E+003  -1.27449820E+000   2.83823352E+003   2.83950802E+003   2.32421854E+000  -1.69896581E+002  -1.72220799E+002   2.83910710E+003   1.92330501E+000   2.83718380E+003  -8.73584666E-001  -1.70297494E+002  -1.71171079E+002
      67       1     1.19999997E+001   7.17108507E+003  -1.29520115E+000   2.83807443E+003   2.83936963E+003   2.36445303E+000  -1.69950188E+002  -1.72314641E+002   2.83896121E+003   1.95602677E+000   2.83700518E+003  -8.86774887E-001  -1.70358614E+002  -1.71245389E+002
      68       1     1.19999997E+001   7.17079571E+003  -1.31594010E+000   2.83791373E+003   2.83922967E+003   2.40475631E+000  -1.70004452E+002  -1.72409209E+002   2.83881341E+003   1.98849505E+000   2.83682492E+003  -8.99678833E-001  -1.70420714E+002  -1.71320392E+002
      69       1     1.19999997E+001   7.17049690E+003  -1.33942205E+000   2.83774637E+003   2.83908579E+003   2.44734521E+000  -1.70059843E+002  -1.72507188E+002   2.83866187E+003   2.02342897E+000   2.83663844E+003  -9.15505812E-001  -1.70483759E+002  -1.71399265E+002
      70       1     1.19999997E+001   7.17020035E+003  -1.36141581E+000   2.83758117E+003   2.83894258E+003   2.48925869E+000  -1.70115224E+002  -1.72604483E+002   2.83851104E+003   2.05772122E+000   2.83645332E+003  -9.29878334E-001  -1.70546761E+002  -1.71476640E+002
      71       1     1.19999997E+001   7.16990241E+003  -1.38287112E+000   2.83741565E+003   2.83879852E+003   2.53084208E+000  -1.70171050E+002  -1.72701892E+002   2.83835890E+003   2.09122157E+000   2.83626768E+003  -9.43250613E-001  -1.70610670E+002  -1.71553921E+002
      72       1     1.19999997E+001   7.16959964E+003  -1.40369362E+000   2.83724781E+003   2.83865150E+003   2.57210082E+000  -1.70228399E+002  -1.72800500E+002   2.83820415E+003   2.12475347E+000   2.83607940E+003  -9.56346275E-001  -1.70675746E+002  -1.71632092E+002
      73       1     1.19999997E+001   7.16929862E+003  -1.42533384E+000   2.83708041E+003   2.83850574E+003   2.61377816E+000  -1.70285001E+002  -1.72898779E+002   2.83805064E+003   2.15867385E+000   2.83589197E+003  -9.70229524E-001  -1.70740106E+002  -1.71710335E+002
      74       1     1.19999997E+001   7.16899545E+003  -1.44720634E+000   2.83691174E+003   2.83835895E+003   2.65572278E+000  -1.70342005E+002  -1.72997728E+002   2.83789606E+003   2.19283494E+000   2.83570322E+003  -9.84318506E-001  -1.70804893E+002  -1.71789211E+002
      75       1     1.19999997E+001   7.16869035E+003  -1.46923589E+000   2.83674200E+003   2.83821123E+003   2.69793562E+000  -1.70399356E+002  -1.73097292E+002   2.83774047E+003   2.22717263E+000   2.83551330E+003  -9.98472888E-001  -1.70870119E+002  -1.71868592E+002
      76       1     1.19999997E+001   7.16838247E+003  -1.49158023E+000   2.83657059E+003   2.83806217E+003   2.74047630E+000  -1.70457225E+002  -1.73197701E+002   2.83758349E+003   2.26179338E+000   2.83532170E+003  -1.01289731E+000  -1.70935908E+002  -1.71948805E+002
      77       1     1.19999997E+001   7.16807176E+003  -1.51414028E+000   2.83639757E+003   2.83791171E+003   2.78335738E+000  -1.70515659E+002  -1.73299016E+002   2.83742512E+003   2.29676651E+000   2.83512835E+003  -1.02754941E+000  -1.71002249E+002  -1.72029799E+002
      78       1     1.19999997E+001   7.16775837E+003  -1.53695999E+000   2.83622299E+003   2.83775995E+003   2.82659100E+000  -1.70574594E+002  -1.73401185E+002   2.83726542E+003   2.33205930E+000   2.83493336E+003  -1.04242829E+000  -1.71069125E+002  -1.72111553E+002
      79       1     1.19999997E+001   7.16744882E+003  -1.55900868E+000   2.83605043E+003   2.83760943E+003   2.86727893E+000  -1.70633423E+002  -1.73500702E+002   2.83710702E+003   2.36486920E+000   2.83474215E+003  -1.05659895E+000  -1.71135833E+002  -1.72192432E+002
      80       1     1.19999997E+001   7.16712764E+003  -1.58096757E+000   2.83587183E+003   2.83745279E+003   2.90966685E+000  -1.70694927E+002  -1.73604594E+002   2.83694330E+003   2.40017469E+000   2.83454313E+003  -1.07147541E+000  -1.71204420E+002  -1.72275895E+002
      81       1     1.19999997E+001   7.16680747E+003  -1.60455056E+000   2.83569328E+003   2.83729783E+003   2.95383171E+000  -1.70755055E+002  -1.73708887E+002   2.83678015E+003   2.43615091E+000   2.83434400E+003  -1.08686976E+000  -1.71272736E+002  -1.72359605E+002
      82       1     1.19999997E+001   7.16648488E+003  -1.62820006E+000   2.83551342E+003   2.83714162E+003   2.99824214E+000  -1.70815705E+002  -1.73813947E+002   2.83661575E+003   2.47236709E+000   2.83414338E+003  -1.10232501E+000  -1.71341580E+002  -1.72443905E+002
      83       1     1.19999997E+001   7.16614206E+003  -1.64787850E+000   2.83532456E+003   2.83697244E+003   3.03907924E+000  -1.70883341E+002  -1.73922420E+002   2.83643878E+003   2.50542628E+000   2.83393336E+003  -1.11422555E+000  -1.71416994E+002  -1.72531219E+002
      84       1     1.19999997E+001   7.16578286E+003  -1.67215576E+000   2.83512527E+003   2.83679742E+003   3.08414055E+000  -1.70951953E+002  -1.74036093E+002   2.83625251E+003   2.53923281E+000   2.83371328E+003  -1.12724802E+000  -1.71496861E+002  -1.72624109E+002
      85       1     1.19999997E+001   7.16544183E+003  -1.70056765E+000   2.83493249E+003   2.83663305E+003   3.13107749E+000  -1.71015295E+002  -1.74146373E+002   2.83607977E+003   2.57779221E+000   2.83350198E+003  -1.14728238E+000  -1.71568581E+002  -1.72715863E+002
      86       1     1.19999997E+001   7.16509146E+003  -1.72888915E+000   2.83473500E+003   2.83646389E+003   3.17767641E+000  -1.71080670E+002  -1.74258347E+002   2.83590070E+003   2.61448718E+000   2.83328621E+003  -1.16569992E+000  -1.71643859E+002  -1.72809559E+002
      87       1     1.19999997E+001   7.16474698E+003  -1.75252919E+000   2.83454343E+003   2.83629596E+003   3.22204565E+000  -1.71146550E+002  -1.74368595E+002   2.83572379E+003   2.64987344E+000   2.83307392E+003  -1.18035698E+000  -1.71718722E+002  -1.72899079E+002
      88       1     1.19999997E+001   7.16440483E+003  -1.77731626E+000   2.83435242E+003   2.83612974E+003   3.26782280E+000  -1.71211411E+002  -1.74479234E+002   2.83554936E+003   2.68744534E+000   2.83286192E+003  -1.19693880E+000  -1.71791788E+002  -1.72988727E+002
      89       1     1.19999997E+001   7.16406001E+003  -1.80293772E+000   2.83415974E+003   2.83596268E+003   3.31491964E+000  -1.71276312E+002  -1.74591232E+002   2.83537376E+003   2.72599413E+000   2.83264776E+003  -1.21401221E+000  -1.71865238E+002  -1.73079250E+002
      90       1     1.19999997E+001   7.16371393E+003  -1.82865380E+000   2.83396630E+003   2.83579495E+003   3.36191502E+000  -1.71341517E+002  -1.74703432E+002   2.83519744E+003   2.76440925E+000   2.83243303E+003  -1.23114804E+000  -1.71939023E+002  -1.73170171E+002
      91       1     1.19999997E+001   7.16336254E+003  -1.85583633E+000   2.83376903E+003   2.83562487E+003   3.40958619E+000  -1.71407494E+002  -1.74817080E+002   2.83501875E+003   2.80346676E+000   2.83221528E+003  -1.24971690E+000  -1.72013613E+002  -1.73263330E+002
      92       1     1.19999997E+001   7.16300462E+003  -1.88300397E+000   2.83356894E+003   2.83545194E+003   3.46007547E+000  -1.71474376E+002  -1.74934451E+002   2.83483718E+003   2.84530730E+000   2.83199187E+003  -1.26823581E+000  -1.72089144E+002  -1.73357380E+002
      93       1     1.19999997E+001   7.16264680E+003  -1.91014837E+000   2.83336876E+003   2.83527891E+003   3.50990399E+000  -1.71541396E+002  -1.75051300E+002   2.83465545E+003   2.88644708E+000   2.83176901E+003  -1.28669147E+000  -1.72164853E+002  -1.73451544E+002
      94       1     1.19999997E+001   7.16228957E+003  -1.93737841E+000   2.83316859E+003   2.83510596E+003   3.55871286E+000  -1.71608499E+002  -1.75167212E+002   2.83447379E+003   2.92653567E+000   2.83154725E+003  -1.30520123E+000  -1.72240676E+002  -1.73545877E+002
      95       1     1.19999997E+001   7.16191835E+003  -1.96761907E+000   2.83295953E+003   2.83492715E+003   3.61165207E+000  -1.71677325E+002  -1.75288977E+002   2.83428645E+003   2.97095455E+000   2.83131550E+003  -1.32692155E+000  -1.72318023E+002  -1.73644944E+002
      96       1     1.19999997E+001   7.16153159E+003  -1.99683306E+000   2.83274139E+003   2.83473822E+003   3.66110879E+000  -1.71751659E+002  -1.75412768E+002   2.83409115E+003   3.01404328E+000   2.83107711E+003  -1.34976755E+000  -1.72398725E+002  -1.73748492E+002
      97       1     1.19999997E+001   7.16115151E+003  -2.02841055E+000   2.83252674E+003   2.83455515E+003   3.71439742E+000  -1.71822110E+002  -1.75536508E+002   2.83389898E+003   3.05822502E+000   2.83084075E+003  -1.37223816E+000  -1.72478283E+002  -1.73850521E+002
      98       1     1.19999997E+001   7.16064072E+003  -2.06668470E+000   2.83224190E+003   2.83430858E+003   3.78774830E+000  -1.71917325E+002  -1.75705073E+002   2.83363986E+003   3.11902243E+000   2.83052083E+003  -1.39795882E+000  -1.72586051E+002  -1.73984009E+002
      99       1     1.19999997E+001   7.16023217E+003  -2.09955452E+000   2.83201080E+003   2.83411035E+003   3.84018015E+000  -1.71994499E+002  -1.75834679E+002   2.83343169E+003   3.16151733E+000   2.83027017E+003  -1.42089170E+000  -1.72673162E+002  -1.74094054E+002
     100       1     1.19999997E+001   7.15987864E+003  -2.12715234E+000   2.83181237E+003   2.83393953E+003   3.88924136E+000  -1.72060565E+002  -1.75949807E+002   2.83325223E+003   3.20194543E+000   2.83005028E+003  -1.43985641E+000  -1.72747861E+002  -1.74187718E+002
     101       1     1.19999997E+001   7.15952640E+003  -2.15427304E+000   2.83161481E+003   2.83376909E+003   3.93755288E+000  -1.72126627E+002  -1.76064179E+002   2.83307318E+003   3.24164647E+000   2.82983153E+003  -1.45836663E+000  -1.72822533E+002  -1.74280900E+002
     102       1     1.19999997E+001   7.15917203E+003  -2.18141725E+000   2.83141616E+003   2.83359758E+003   3.98596635E+000  -1.72193120E+002  -1.76179086E+002   2.83289281E+003   3.28119301E+000   2.82961162E+003  -1.47664391E+000  -1.72897893E+002  -1.74374537E+002
     103       1     1.19999997E+001   7.15880853E+003  -2.20883678E+000   2.83121301E+003   2.83342185E+003   4.03611160E+000  -1.72261130E+002  -1.76297241E+002   2.83270724E+003   3.32150489E+000   2.82938574E+003  -1.49423007E+000  -1.72975736E+002  -1.74469967E+002
     104       1     1.19999997E+001   7.15830656E+003  -2.24133661E+000   2.83093601E+003   2.83317735E+003   4.10514617E+000  -1.72356879E+002  -1.76462025E+002   2.83245090E+003   3.37869723E+000   2.82907220E+003  -1.51488768E+000  -1.73083328E+002  -1.74598215E+002
     105       1     1.19999997E+001   7.15792825E+003  -2.27028167E+000   2.83072402E+003   2.83299430E+003   4.15729113E+000  -1.72427807E+002  -1.76585098E+002   2.83225856E+003   3.42155103E+000   2.82883701E+003  -1.53454157E+000  -1.73163547E+002  -1.74698089E+002
     106       1     1.19999997E+001   7.15756242E+003  -2.29764155E+000   2.83052020E+003   2.83281784E+003   4.20806979E+000  -1.72495856E+002  -1.76703926E+002   2.83207067E+003   3.46090118E+000   2.82860977E+003  -1.55047294E+000  -1.73243025E+002  -1.74793498E+002
     107       1     1.19999997E+001   7.15721996E+003  -2.32553715E+000   2.83032689E+003   2.83265243E+003   4.25553337E+000  -1.72559775E+002  -1.76815308E+002   2.83189763E+003   3.50073751E+000   2.82839689E+003  -1.57074129E+000  -1.73314570E+002  -1.74885312E+002
     108       1     1.19999997E+001   7.15687766E+003  -2.35320400E+000   2.83013385E+003   2.83248706E+003   4.30306121E+000  -1.72623697E+002  -1.76926758E+002   2.83172464E+003   3.54064210E+000   2.82818399E+003  -1.59078489E+000  -1.73386116E+002  -1.74976901E+002
     109       1     1.19999997E+001   7.15653308E+003  -2.38140914E+000   2.82993930E+003   2.83232071E+003   4.35112027E+000  -1.72687917E+002  -1.77039037E+002   2.83155066E+003   3.58107020E+000   2.82796959E+003  -1.61135908E+000  -1.73457967E+002  -1.75069326E+002
     110       1     1.19999997E+001   7.15618717E+003  -2.40934667E+000   2.82974433E+003   2.83215368E+003   4.39937811E+000  -1.72752426E+002  -1.77151805E+002   2.83137576E+003   3.62146720E+000   2.82775430E+003  -1.63143576E+000  -1.73530337E+002  -1.75161773E+002
     111       1     1.19999997E+001   7.15584217E+003  -2.43727388E+000   2.82954971E+003   2.83198698E+003   4.44733245E+000  -1.72816863E+002  -1.77264195E+002   2.83120150E+003   3.66185246E+000   2.82753965E+003  -1.65179389E+000  -1.73602343E+002  -1.75254137E+002
     112       1     1.19999997E+001   7.15548112E+003  -2.46535750E+000   2.82934745E+003   2.83181281E+003   4.49774117E+000  -1.72884029E+002  -1.77381771E+002   2.83101741E+003   3.70234238E+000   2.82731506E+003  -1.66995871E+000  -1.73679428E+002  -1.75349387E+002
     113       1     1.19999997E+001   7.15509219E+003  -2.49510439E+000   2.82913089E+003   2.83162599E+003   4.55558186E+000  -1.72955562E+002  -1.77511143E+002   2.83081964E+003   3.74922778E+000   2.82707041E+003  -1.68875032E+000  -1.73761916E+002  -1.75450666E+002
     114       1     1.19999997E+001   7.15472292E+003  -2.52685732E+000   2.82892183E+003   2.83144869E+003   4.60863615E+000  -1.73023407E+002  -1.77632043E+002   2.83063330E+003   3.79324186E+000   2.82684006E+003  -1.71146303E+000  -1.73838801E+002  -1.75550264E+002
     115       1     1.19999997E+001   7.15432952E+003  -2.55457824E+000   2.82870054E+003   2.83125512E+003   4.65945095E+000  -1.73100368E+002  -1.77759819E+002   2.83043701E+003   3.84134090E+000   2.82659567E+003  -1.73646819E+000  -1.73918478E+002  -1.75654946E+002
     116       1     1.19999997E+001   7.15396961E+003  -2.58294333E+000   2.82849774E+003   2.83108068E+003   4.70790580E+000  -1.73168128E+002  -1.77876033E+002   2.83025446E+003   3.88168614E+000   2.82637278E+003  -1.75672366E+000  -1.73994347E+002  -1.75751071E+002
     117       1     1.19999997E+001   7.15363197E+003  -2.61142976E+000   2.82830641E+003   2.83091784E+003   4.75538434E+000  -1.73230879E+002  -1.77986263E+002   2.83008463E+003   3.92217010E+000   2.82616246E+003  -1.77821551E+000  -1.74064093E+002  -1.75842308E+002
     118       1     1.19999997E+001   7.15329360E+003  -2.64001096E+000   2.82811465E+003   2.83075466E+003   4.80295688E+000  -1.73293759E+002  -1.78096716E+002   2.82991443E+003   3.96272407E+000   2.82595170E+003  -1.79977815E+000  -1.74133992E+002  -1.75933770E+002
     119       1     1.19999997E+001   7.15293541E+003  -2.66878505E+000   2.82791343E+003   2.83058221E+003   4.85366109E+000  -1.73360026E+002  -1.78213687E+002   2.82973223E+003   4.00368102E+000   2.82572855E+003  -1.81880498E+000  -1.74210006E+002  -1.76028811E+002
     120       1     1.19999997E+001   7.15259558E+003  -2.69808643E+000   2.82772039E+003   2.83041848E+003   4.90186743E+000  -1.73423017E+002  -1.78324884E+002   2.82956182E+003   4.04520802E+000   2.82551661E+003  -1.84142703E+000  -1.74279676E+002  -1.76121103E+002
     121       1     1.19999997E+001   7.15225583E+003  -2.72717033E+000   2.82752757E+003   2.83025474E+003   4.95008475E+000  -1.73486038E+002  -1.78436123E+002   2.82939140E+003   4.08674320E+000   2.82530466E+003  -1.86382877E+000  -1.74349380E+002  -1.76213208E+002
     122       1     1.19999997E+001   7.15191446E+003  -2.75664584E+000   2.82733363E+003   2.83009027E+003   4.99851024E+000  -1.73549303E+002  -1.78547813E+002   2.82922021E+003   4.12844199E+000   2.82509176E+003  -1.88657759E+000  -1.74419371E+002  -1.76305949E+002
     123       1     1.19999997E+001   7.15157333E+003  -2.78594148E+000   2.82713995E+003   2.82992589E+003   5.04698723E+000  -1.73612554E+002  -1.78659541E+002   2.82904915E+003   4.17024182E+000   2.82487890E+003  -1.90919606E+000  -1.74489299E+002  -1.76398495E+002
     124       1     1.19999997E+001   7.15123194E+003  -2.81534575E+000   2.82694604E+003   2.82976139E+003   5.09551679E+000  -1.73675845E+002  -1.78771362E+002   2.82887803E+003   4.21215329E+000   2.82466587E+003  -1.93198225E+000  -1.74559208E+002  -1.76491191E+002
     125       1     1.19999997E+001   7.15088752E+003  -2.84566988E+000   2.82675001E+003   2.82959568E+003   5.14471052E+000  -1.73739445E+002  -1.78884156E+002   2.82870551E+003   4.25454072E+000   2.82445097E+003  -1.95550008E+000  -1.74629615E+002  -1.76585115E+002
     126       1     1.19999997E+001   7.15053910E+003  -2.87603867E+000   2.82655212E+003   2.82942816E+003   5.19554029E+000  -1.73803664E+002  -1.78999204E+002   2.82853138E+003   4.29876087E+000   2.82423262E+003  -1.97925925E+000  -1.74700444E+002  -1.76679703E+002
     127       1     1.19999997E+001   7.15019342E+003  -2.90666015E+000   2.82635512E+003   2.82926178E+003   5.24470268E+000  -1.73867555E+002  -1.79112258E+002   2.82835837E+003   4.34129575E+000   2.82401708E+003  -2.00325321E+000  -1.74770962E+002  -1.76774216E+002
     128       1     1.19999997E+001   7.14984653E+003  -2.93670237E+000   2.82615815E+003   2.82909485E+003   5.29481848E+000  -1.73931632E+002  -1.79226451E+002   2.82818472E+003   4.38468476E+000   2.82380003E+003  -2.02656864E+000  -1.74841766E+002  -1.76868335E+002
     129       1     1.19999997E+001   7.14949707E+003  -2.96700543E+000   2.82595974E+003   2.82892675E+003   5.34489353E+000  -1.73996124E+002  -1.79341018E+002   2.82800923E+003   4.42737966E+000   2.82358185E+003  -2.04949156E+000  -1.74913638E+002  -1.76963130E+002
     130       1     1.19999997E+001   7.14914570E+003  -2.99621705E+000   2.82575997E+003   2.82875618E+003   5.39240986E+000  -1.74062506E+002  -1.79454916E+002   2.82783330E+003   4.46952126E+000   2.82336377E+003  -2.07332844E+000  -1.74985394E+002  -1.77058723E+002
     131       1     1.19999997E+001   7.14879263E+003  -3.02607058E+000   2.82555970E+003   2.82858577E+003   5.44290477E+000  -1.74128229E+002  -1.79571134E+002   2.82765681E+003   4.51393829E+000   2.82314287E+003  -2.09710410E+000  -1.75057196E+002  -1.77154300E+002
     132       1     1.19999997E+001   7.14844334E+003  -3.05553058E+000   2.82536162E+003   2.82841715E+003   5.49111582E+000  -1.74193282E+002  -1.79684398E+002   2.82748048E+003   4.55444587E+000   2.82292603E+003  -2.11886063E+000  -1.75129952E+002  -1.77248813E+002
     133       1     1.19999997E+001   7.14809287E+003  -3.08639969E+000   2.82516179E+003   2.82824819E+003   5.54032550E+000  -1.74258322E+002  -1.79798647E+002   2.82730501E+003   4.59714235E+000   2.82270787E+003  -2.14321654E+000  -1.75201505E+002  -1.77344721E+002
     134       1     1.19999997E+001   7.14774377E+003  -3.11650372E+000   2.82496327E+003   2.82807977E+003   5.58950255E+000  -1.74323228E+002  -1.79912730E+002   2.82713008E+003   4.63981389E+000   2.82249027E+003  -2.16681506E+000  -1.75272916E+002  -1.77439731E+002
     135       1     1.19999997E+001   7.14739355E+003  -3.14734732E+000   2.82476385E+003   2.82791120E+003   5.64004382E+000  -1.74387950E+002  -1.80027994E+002   2.82695525E+003   4.68410131E+000   2.82227115E+003  -2.19140480E+000  -1.75343893E+002  -1.77535297E+002
     136       1     1.19999997E+001   7.14703872E+003  -3.17654301E+000   2.82456287E+003   2.82773941E+003   5.68827634E+000  -1.74454514E+002  -1.80142791E+002   2.82677606E+003   4.72492860E+000   2.82205114E+003  -2.21319528E+000  -1.75417862E+002  -1.77631057E+002
     137       1     1.19999997E+001   7.14667885E+003  -3.20829401E+000   2.82435800E+003   2.82756629E+003   5.74057708E+000  -1.74520917E+002  -1.80261494E+002   2.82659651E+003   4.77079810E+000   2.82182571E+003  -2.23851504E+000  -1.75490696E+002  -1.77729211E+002
     138       1     1.19999997E+001   7.14630009E+003  -3.24171254E+000   2.82414320E+003   2.82738491E+003   5.79527371E+000  -1.74589976E+002  -1.80385250E+002   2.82640470E+003   4.81505937E+000   2.82158964E+003  -2.26149820E+000  -1.75570191E+002  -1.77831689E+002
     139       1     1.19999997E+001   7.14594810E+003  -3.27281499E+000   2.82394250E+003   2.82721531E+003   5.84516868E+000  -1.74655195E+002  -1.80500364E+002   2.82622867E+003   4.85852963E+000   2.82137014E+003  -2.28617594E+000  -1.75641834E+002  -1.77928010E+002
     140       1     1.19999997E+001   7.14559500E+003  -3.30407301E+000   2.82374111E+003   2.82704518E+003   5.89524821E+000  -1.74720609E+002  -1.80615857E+002   2.82605211E+003   4.90218284E+000   2.82114993E+003  -2.31100764E+000  -1.75713674E+002  -1.78024682E+002
     141       1     1.19999997E+001   7.14522158E+003  -3.33572587E+000   2.82352889E+003   2.82686461E+003   5.94644930E+000  -1.74790433E+002  -1.80736883E+002   2.82586418E+003   4.94601542E+000   2.82091816E+003  -2.33529199E+000  -1.75790867E+002  -1.78126159E+002
     142       1     1.19999997E+001   7.14486714E+003  -3.36737385E+000   2.82332656E+003   2.82669393E+003   5.99680514E+000  -1.74855999E+002  -1.80852804E+002   2.82568702E+003   4.98989238E+000   2.82069713E+003  -2.36046109E+000  -1.75862911E+002  -1.78223372E+002
     143       1     1.19999997E+001   7.14451109E+003  -3.39934550E+000   2.82312317E+003   2.82652251E+003   6.04739575E+000  -1.74921822E+002  -1.80969217E+002   2.82550910E+003   5.03398473E+000   2.82047512E+003  -2.38593448E+000  -1.75935233E+002  -1.78321167E+002
     144       1     1.19999997E+001   7.14414955E+003  -3.43191740E+000   2.82291682E+003   2.82634874E+003   6.09972635E+000  -1.74988370E+002  -1.81088096E+002   2.82532862E+003   5.07961470E+000   2.82024901E+003  -2.41180575E+000  -1.76008481E+002  -1.78420287E+002
     145       1     1.19999997E+001   7.14379126E+003  -3.46393964E+000   2.82271225E+003   2.82617619E+003   6.15065255E+000  -1.75054652E+002  -1.81205305E+002   2.82514958E+003   5.12404135E+000   2.82002554E+003  -2.43732844E+000  -1.76081263E+002  -1.78518592E+002
     146       1     1.19999997E+001   7.14343302E+003  -3.49626996E+000   2.82250745E+003   2.82600372E+003   6.20175086E+000  -1.75120867E+002  -1.81322618E+002   2.82497085E+003   5.16888558E+000   2.81980197E+003  -2.46340468E+000  -1.76153732E+002  -1.78617137E+002
     147       1     1.19999997E+001   7.14306832E+003  -3.53043871E+000   2.82229784E+003   2.82582827E+003   6.25336520E+000  -1.75188141E+002  -1.81441506E+002   2.82478935E+003   5.21443920E+000   2.81957491E+003  -2.49151271E+000  -1.76227067E+002  -1.78718580E+002
     148       1     1.19999997E+001   7.14270715E+003  -3.56311626E+000   2.82209132E+003   2.82565444E+003   6.30500907E+000  -1.75254855E+002  -1.81559864E+002   2.82460924E+003   5.25981276E+000   2.81934943E+003  -2.51791994E+000  -1.76300052E+002  -1.78817972E+002
     149       1     1.19999997E+001   7.14233882E+003  -3.59681779E+000   2.82188068E+003   2.82547750E+003   6.35867230E+000  -1.75322539E+002  -1.81681211E+002   2.82442585E+003   5.30702186E+000   2.81911883E+003  -2.54516735E+000  -1.76374189E+002  -1.78919356E+002
     150       1     1.19999997E+001   7.14195411E+003  -3.62957621E+000   2.82166198E+003   2.82529156E+003   6.41152052E+000  -1.75394365E+002  -1.81805886E+002   2.82423206E+003   5.35201814E+000   2.81888004E+003  -2.57007383E+000  -1.76453868E+002  -1.79023941E+002
     151       1     1.19999997E+001   7.14151419E+003  -3.67244663E+000   2.82140761E+003   2.82508006E+003   6.47295754E+000  -1.75475376E+002  -1.81948334E+002   2.82401349E+003   5.40639052E+000   2.81860710E+003  -2.60587961E+000  -1.76541943E+002  -1.79147823E+002
     152       1     1.19999997E+001   7.14107820E+003  -3.71242992E+000   2.82115680E+003   2.82486923E+003   6.53252712E+000  -1.75556882E+002  -1.82089409E+002   2.82379670E+003   5.46000243E+000   2.81833670E+003  -2.63990523E+000  -1.76629406E+002  -1.79269311E+002
     153       1     1.19999997E+001   7.14061617E+003  -3.75300385E+000   2.82089122E+003   2.82464422E+003   6.58955673E+000  -1.75644838E+002  -1.82234395E+002   2.82356382E+003   5.50916199E+000   2.81805466E+003  -2.67260910E+000  -1.76725233E+002  -1.79397842E+002
     154       1     1.19999997E+001   7.14023254E+003  -3.78739552E+000   2.82067120E+003   2.82445860E+003   6.64194982E+000  -1.75716659E+002  -1.82358609E+002   2.82337254E+003   5.55589346E+000   2.81781665E+003  -2.70133916E+000  -1.76802715E+002  -1.79504054E+002
     155       1     1.19999997E+001   7.13980886E+003  -3.82728042E+000   2.82042681E+003   2.82425409E+003   6.69906499E+000  -1.75795482E+002  -1.82494547E+002   2.82316095E+003   5.60592488E+000   2.81755503E+003  -2.73414032E+000  -1.76888622E+002  -1.79622763E+002
     156       1     1.19999997E+001   7.13945978E+003  -3.85798910E+000   2.82022794E+003   2.82408593E+003   6.74974281E+000  -1.75860081E+002  -1.82609824E+002   2.82298702E+003   5.65082787E+000   2.81733619E+003  -2.75907416E+000  -1.76958996E+002  -1.79718071E+002
     157       1     1.19999997E+001   7.13911417E+003  -3.89071004E+000   2.82003011E+003   2.82392082E+003   6.80318134E+000  -1.75922652E+002  -1.82725833E+002   2.82281621E+003   5.69856669E+000   2.81711764E+003  -2.78609538E+000  -1.77027267E+002  -1.79813362E+002
     158       1     1.19999997E+001   7.13875341E+003  -3.92117947E+000   2.81982394E+003   2.82374511E+003   6.85250928E+000  -1.75991333E+002  -1.82843842E+002   2.82263790E+003   5.74529126E+000   2.81689261E+003  -2.81396145E+000  -1.77098551E+002  -1.79912512E+002
     159       1     1.19999997E+001   7.13841065E+003  -3.95372282E+000   2.81962740E+003   2.82358112E+003   6.90417975E+000  -1.76053634E+002  -1.82957814E+002   2.82246800E+003   5.79105713E+000   2.81667694E+003  -2.84060019E+000  -1.77166757E+002  -1.80007357E+002
     160       1     1.19999997E+001   7.13806506E+003  -3.98612055E+000   2.81942968E+003   2.82341580E+003   6.95640316E+000  -1.76116424E+002  -1.83072827E+002   2.82229632E+003   5.83692784E+000   2.81645939E+003  -2.86664522E+000  -1.77235900E+002  -1.80102545E+002
     161       1     1.19999997E+001   7.13769948E+003  -4.02179409E+000   2.81921923E+003   2.82324102E+003   7.01185765E+000  -1.76182731E+002  -1.83194589E+002   2.82211597E+003   5.88680882E+000   2.81622916E+003  -2.89674526E+000  -1.77307780E+002  -1.80204525E+002
     162       1     1.19999997E+001   7.13733481E+003  -4.05680952E+000   2.81900986E+003   2.82306667E+003   7.06761441E+000  -1.76248877E+002  -1.83316492E+002   2.82193594E+003   5.93687966E+000   2.81599906E+003  -2.92607477E+000  -1.77379612E+002  -1.80305687E+002
     163       1     1.19999997E+001   7.13699060E+003  -4.08839435E+000   2.81881302E+003   2.82290142E+003   7.11943190E+000  -1.76312004E+002  -1.83431436E+002   2.82176581E+003   5.98382335E+000   2.81578199E+003  -2.95278580E+000  -1.77447613E+002  -1.80400399E+002
     164       1     1.19999997E+001   7.13664604E+003  -4.12093658E+000   2.81861580E+003   2.82273673E+003   7.17282227E+000  -1.76374450E+002  -1.83547272E+002   2.82159569E+003   6.03178119E+000   2.81556391E+003  -2.97989549E+000  -1.77515491E+002  -1.80495386E+002
     165       1     1.19999997E+001   7.13625792E+003  -4.15506127E+000   2.81839378E+003   2.82254884E+003   7.22679983E+000  -1.76447181E+002  -1.83673981E+002   2.82140256E+003   6.08051850E+000   2.81532204E+003  -3.00877994E+000  -1.77593463E+002  -1.80602242E+002
     166       1     1.19999997E+001   7.13588724E+003  -4.18925927E+000   2.81818105E+003   2.82237031E+003   7.27902679E+000  -1.76515728E+002  -1.83794754E+002   2.82121764E+003   6.12635723E+000   2.81509128E+003  -3.03658971E+000  -1.77668397E+002  -1.80704987E+002
     167       1     1.19999997E+001   7.13553225E+003  -4.22509389E+000   2.81797688E+003   2.82220198E+003   7.33656979E+000  -1.76578716E+002  -1.83915286E+002   2.82104313E+003   6.17772725E+000   2.81486541E+003  -3.06625135E+000  -1.77737558E+002  -1.80803810E+002
     168       1     1.19999997E+001   7.13517877E+003  -4.26085549E+000   2.81777355E+003   2.82203441E+003   7.39430219E+000  -1.76641387E+002  -1.84035690E+002   2.82086972E+003   6.22961954E+000   2.81464010E+003  -3.09617284E+000  -1.77806070E+002  -1.80902243E+002
     169       1     1.19999997E+001   7.13483013E+003  -4.29436395E+000   2.81757315E+003   2.82186751E+003   7.44668938E+000  -1.76704823E+002  -1.84151512E+002   2.82069725E+003   6.27642792E+000   2.81442082E+003  -3.12410250E+000  -1.77875084E+002  -1.80999187E+002
     170       1     1.19999997E+001   7.13445628E+003  -4.33524137E+000   2.81735513E+003   2.82169038E+003   7.50612444E+000  -1.76771013E+002  -1.84277138E+002   2.82051499E+003   6.33073543E+000   2.81418425E+003  -3.15985236E+000  -1.77946402E+002  -1.81106255E+002
     171       1     1.19999997E+001   7.13411987E+003  -4.36707538E+000   2.81716269E+003   2.82152977E+003   7.55820959E+000  -1.76831786E+002  -1.84389995E+002   2.82034827E+003   6.37670761E+000   2.81397156E+003  -3.18557339E+000  -1.78013288E+002  -1.81198861E+002
     172       1     1.19999997E+001   7.13378278E+003  -4.40002735E+000   2.81696879E+003   2.82136881E+003   7.60971071E+000  -1.76892701E+002  -1.84502412E+002   2.82018162E+003   6.42251935E+000   2.81375910E+003  -3.21283599E+000  -1.78079893E+002  -1.81292729E+002
     173       1     1.19999997E+001   7.13345177E+003  -4.43214525E+000   2.81677848E+003   2.82121063E+003   7.66040347E+000  -1.76952654E+002  -1.84613058E+002   2.82001827E+003   6.46804875E+000   2.81355022E+003  -3.23979052E+000  -1.78145009E+002  -1.81384799E+002
     174       1     1.19999997E+001   7.13311809E+003  -4.46412459E+000   2.81658695E+003   2.82105107E+003   7.71274236E+000  -1.77013174E+002  -1.84725916E+002   2.81985467E+003   6.51633704E+000   2.81333833E+003  -3.26771927E+000  -1.78209579E+002  -1.81477299E+002
     175       1     1.19999997E+001   7.13275471E+003  -4.49721054E+000   2.81637868E+003   2.82087589E+003   7.76400465E+000  -1.77080517E+002  -1.84844522E+002   2.81967337E+003   6.56148138E+000   2.81311189E+003  -3.29468727E+000  -1.78283040E+002  -1.81577728E+002
     176       1     1.19999997E+001   7.13241340E+003  -4.52955636E+000   2.81618286E+003   2.82071241E+003   7.81689049E+000  -1.77142692E+002  -1.84959582E+002   2.81950580E+003   6.61027858E+000   2.81289552E+003  -3.32294445E+000  -1.78349304E+002  -1.81672248E+002
     177       1     1.19999997E+001   7.13208538E+003  -4.56189148E+000   2.81599414E+003   2.82055603E+003   7.86794666E+000  -1.77201721E+002  -1.85069667E+002   2.81934408E+003   6.65599251E+000   2.81268808E+003  -3.34993733E+000  -1.78413675E+002  -1.81763612E+002
     178       1     1.19999997E+001   7.13174999E+003  -4.59617819E+000   2.81580020E+003   2.82039638E+003   7.91965642E+000  -1.77261827E+002  -1.85181483E+002   2.81917869E+003   6.70196363E+000   2.81247672E+003  -3.37848540E+000  -1.78479519E+002  -1.81858005E+002
     179       1     1.19999997E+001   7.13142271E+003  -4.62891474E+000   2.81561159E+003   2.82024051E+003   7.97115514E+000  -1.77320555E+002  -1.85291710E+002   2.81901782E+003   6.74846539E+000   2.81226935E+003  -3.40622499E+000  -1.78543245E+002  -1.81949470E+002
     180       1     1.19999997E+001   7.13108618E+003  -4.66088461E+000   2.81541873E+003   2.82007961E+003   8.02396928E+000  -1.77381561E+002  -1.85405530E+002   2.81885242E+003   6.79678255E+000   2.81205564E+003  -3.43369788E+000  -1.78608748E+002  -1.82042446E+002
     181       1     1.19999997E+001   7.13075783E+003  -4.69328587E+000   2.81523004E+003   2.81992332E+003   8.07583238E+000  -1.77440387E+002  -1.85516220E+002   2.81869050E+003   6.84300697E+000   2.81184749E+003  -3.46046046E+000  -1.78673213E+002  -1.82133673E+002
     182       1     1.19999997E+001   7.13042652E+003  -4.72768676E+000   2.81503837E+003   2.81976606E+003   8.12875904E+000  -1.77499309E+002  -1.85628068E+002   2.81852809E+003   6.89079408E+000   2.81163730E+003  -3.48972180E+000  -1.78737274E+002  -1.82226995E+002
     183       1     1.19999997E+001   7.13010012E+003  -4.76111555E+000   2.81484987E+003   2.81961098E+003   8.18069035E+000  -1.77557492E+002  -1.85738183E+002   2.81836782E+003   6.93752607E+000   2.81143029E+003  -3.51795127E+000  -1.78800657E+002  -1.82318608E+002
     184       1     1.19999997E+001   7.12977685E+003  -4.79394953E+000   2.81466334E+003   2.81945729E+003   8.23200702E+000  -1.77615224E+002  -1.85847231E+002   2.81820900E+003   6.98371530E+000   2.81122528E+003  -3.54565781E+000  -1.78863515E+002  -1.82409173E+002
     185       1     1.19999997E+001   7.12945252E+003  -4.82647365E+000   2.81447662E+003   2.81930309E+003   8.28400022E+000  -1.77673143E+002  -1.85957143E+002   2.81804973E+003   7.03064225E+000   2.81101909E+003  -3.57311568E+000  -1.78926501E+002  -1.82499617E+002
     186       1     1.19999997E+001   7.12912772E+003  -4.85958414E+000   2.81428941E+003   2.81914900E+003   8.33712010E+000  -1.77730819E+002  -1.86067940E+002   2.81789084E+003   7.07896747E+000   2.81081188E+003  -3.60143152E+000  -1.78988972E+002  -1.82590404E+002
     187       1     1.19999997E+001   7.12878837E+003  -4.89633351E+000   2.81409215E+003   2.81898848E+003   8.39261223E+000  -1.77790592E+002  -1.86183204E+002   2.81772550E+003   7.12963433E+000   2.81059587E+003  -3.63335561E+000  -1.79053569E+002  -1.82686925E+002
     188       1     1.19999997E+001   7.12845539E+003  -4.92962463E+000   2.81390054E+003   2.81883017E+003   8.44439562E+000  -1.77850056E+002  -1.86294451E+002   2.81756029E+003   7.17451332E+000   2.81038577E+003  -3.65974234E+000  -1.79119938E+002  -1.82779680E+002
     189       1     1.19999997E+001   7.12810695E+003  -4.96115807E+000   2.81370118E+003   2.81866234E+003   8.49368554E+000  -1.77914449E+002  -1.86408134E+002   2.81738571E+003   7.21705932E+000   2.81016865E+003  -3.68453185E+000  -1.79191075E+002  -1.82875607E+002
     190       1     1.19999997E+001   7.12778535E+003  -4.99263933E+000   2.81351630E+003   2.81850894E+003   8.54432232E+000  -1.77972375E+002  -1.86516697E+002   2.81722756E+003   7.26294405E+000   2.80996461E+003  -3.71126106E+000  -1.79253753E+002  -1.82965014E+002
     191       1     1.19999997E+001   7.12746268E+003  -5.02442015E+000   2.81333094E+003   2.81835536E+003   8.59449138E+000  -1.78030158E+002  -1.86624649E+002   2.81706742E+003   7.30654856E+000   2.80976087E+003  -3.73647734E+000  -1.79318100E+002  -1.83054578E+002
     192       1     1.19999997E+001   7.12713259E+003  -5.05925603E+000   2.81313988E+003   2.81819914E+003   8.64759242E+000  -1.78088375E+002  -1.86735968E+002   2.81690500E+003   7.35345093E+000   2.80955155E+003  -3.76511454E+000  -1.79382517E+002  -1.83147631E+002
     193       1     1.19999997E+001   7.12680236E+003  -5.09021234E+000   2.81295100E+003   2.81804121E+003   8.69780616E+000  -1.78148261E+002  -1.86846067E+002   2.81674063E+003   7.39723101E+000   2.80934340E+003  -3.78963720E+000  -1.79448836E+002  -1.83238474E+002
     194       1     1.19999997E+001   7.12645418E+003  -5.12132345E+000   2.81275160E+003   2.81787293E+003   8.74743448E+000  -1.78213177E+002  -1.86960611E+002   2.81656784E+003   7.44235048E+000   2.80912549E+003  -3.81623944E+000  -1.79518261E+002  -1.83334500E+002
     195       1     1.19999997E+001   7.12613005E+003  -5.15567850E+000   2.81256381E+003   2.81771949E+003   8.80003787E+000  -1.78270378E+002  -1.87070416E+002   2.81640904E+003   7.48959329E+000   2.80891945E+003  -3.84523392E+000  -1.79580823E+002  -1.83426057E+002
     196       1     1.19999997E+001   7.12581222E+003  -5.18995155E+000   2.81237952E+003   2.81756947E+003   8.85236423E+000  -1.78326022E+002  -1.87178387E+002   2.81625330E+003   7.53619518E+000   2.80871711E+003  -3.87378250E+000  -1.79642191E+002  -1.83515974E+002
     197       1     1.19999997E+001   7.12548943E+003  -5.21811051E+000   2.81219586E+003   2.81741397E+003   8.89932875E+000  -1.78385682E+002  -1.87285011E+002   2.81609178E+003   7.57713893E+000   2.80851464E+003  -3.89592068E+000  -1.79707872E+002  -1.83603792E+002
     198       1     1.19999997E+001   7.12516346E+003  -5.25237735E+000   2.81200716E+003   2.81725954E+003   8.95184489E+000  -1.78443326E+002  -1.87395171E+002   2.81593175E+003   7.62405669E+000   2.80830770E+003  -3.92458914E+000  -1.79771114E+002  -1.83695703E+002
     199       1     1.19999997E+001   7.12484822E+003  -5.28410803E+000   2.81182564E+003   2.81710975E+003   9.00279766E+000  -1.78499513E+002  -1.87502310E+002   2.81577704E+003   7.67009258E+000   2.80810695E+003  -3.95140295E+000  -1.79832218E+002  -1.83783621E+002
     200       1     1.19999997E+001   7.12453032E+003  -5.31588498E+000   2.81164289E+003   2.81695878E+003   9.05471762E+000  -1.78556085E+002  -1.87610802E+002   2.81562107E+003   7.71701414E+000   2.80790406E+003  -3.97818150E+000  -1.79893788E+002  -1.83871970E+002
     201       1     1.19999997E+001   7.12420882E+003  -5.34684537E+000   2.81145838E+003   2.81680523E+003   9.10585033E+000  -1.78614163E+002  -1.87720013E+002   2.81546338E+003   7.76400037E+000   2.80769938E+003  -4.00499541E+000  -1.79956013E+002  -1.83961008E+002
     202       1     1.19999997E+001   7.12389105E+003  -5.37863290E+000   2.81127564E+003   2.81665427E+003   9.15754989E+000  -1.78670761E+002  -1.87828311E+002   2.81530744E+003   7.81071709E+000   2.80749672E+003  -4.03180010E+000  -1.80017594E+002  -1.84049394E+002
     203       1     1.19999997E+001   7.12357304E+003  -5.41028450E+000   2.81109264E+003   2.81650293E+003   9.20788621E+000  -1.78727667E+002  -1.87935553E+002   2.81515060E+003   7.85555261E+000   2.80729504E+003  -4.05795090E+000  -1.80080000E+002  -1.84137951E+002
     204       1     1.19999997E+001   7.12325609E+003  -5.44197574E+000   2.81091028E+003   2.81635226E+003   9.25918280E+000  -1.78784217E+002  -1.88043400E+002   2.81499505E+003   7.90197578E+000   2.80709307E+003  -4.08476872E+000  -1.80141424E+002  -1.84226193E+002
     205       1     1.19999997E+001   7.12293771E+003  -5.47391571E+000   2.81072716E+003   2.81620107E+003   9.31158475E+000  -1.78840851E+002  -1.88152436E+002   2.81483925E+003   7.94975890E+000   2.80688949E+003  -4.11208986E+000  -1.80202677E+002  -1.84314767E+002
     206       1     1.19999997E+001   7.12262127E+003  -5.50581879E+000   2.81054490E+003   2.81605072E+003   9.36272429E+000  -1.78897228E+002  -1.88259953E+002   2.81468389E+003   7.99588846E+000   2.80668800E+003  -4.13898296E+000  -1.80264064E+002  -1.84403047E+002
     207       1     1.19999997E+001   7.12230434E+003  -5.53744906E+000   2.81036257E+003   2.81590002E+003   9.41393891E+000  -1.78953805E+002  -1.88367744E+002   2.81452827E+003   8.04218581E+000   2.80648608E+003  -4.16569596E+000  -1.80325558E+002  -1.84491254E+002
     208       1     1.19999997E+001   7.12198006E+003  -5.57077047E+000   2.81017506E+003   2.81574583E+003   9.46589411E+000  -1.79011690E+002  -1.88477584E+002   2.81436954E+003   8.08960514E+000   2.80627994E+003  -4.19448150E+000  -1.80387979E+002  -1.84582460E+002
     209       1     1.19999997E+001   7.12166025E+003  -5.60269001E+000   2.80999122E+003   2.81559391E+003   9.51782139E+000  -1.79068625E+002  -1.88586446E+002   2.81421229E+003   8.13619618E+000   2.80607609E+003  -4.22106481E+000  -1.80450250E+002  -1.84671315E+002
     210       1     1.19999997E+001   7.12133206E+003  -5.63327746E+000   2.80980388E+003   2.81543716E+003   9.56889938E+000  -1.79127909E+002  -1.88696808E+002   2.81404910E+003   8.18084252E+000   2.80586826E+003  -4.24522060E+000  -1.80515966E+002  -1.84761186E+002
     211       1     1.19999997E+001   7.12100460E+003  -5.66661156E+000   2.80961467E+003   2.81528128E+003   9.61959431E+000  -1.79186536E+002  -1.88806130E+002   2.81388725E+003   8.22556092E+000   2.80566169E+003  -4.27257817E+000  -1.80580569E+002  -1.84853147E+002
     212       1     1.19999997E+001   7.12068811E+003  -5.69885966E+000   2.80943186E+003   2.81513072E+003   9.67050097E+000  -1.79243094E+002  -1.88913595E+002   2.81373242E+003   8.27219995E+000   2.80546022E+003  -4.30055864E+000  -1.80641395E+002  -1.84941953E+002
     213       1     1.19999997E+001   7.12036760E+003  -5.72977723E+000   2.80924798E+003   2.81497776E+003   9.72107892E+000  -1.79300866E+002  -1.89021945E+002   2.81357440E+003   8.31772226E+000   2.80525668E+003  -4.32642057E+000  -1.80704223E+002  -1.85030643E+002
     214       1     1.19999997E+001   7.12004862E+003  -5.75896879E+000   2.80906572E+003   2.81482469E+003   9.77078167E+000  -1.79359189E+002  -1.89129971E+002   2.81341739E+003   8.36348205E+000   2.80505391E+003  -4.35166917E+000  -1.80766488E+002  -1.85118158E+002
     215       1     1.19999997E+001   7.11973112E+003  -5.79170457E+000   2.80888219E+003   2.81467389E+003   9.82188537E+000  -1.79415683E+002  -1.89237569E+002   2.81326173E+003   8.40972197E+000   2.80485201E+003  -4.37954118E+000  -1.80827847E+002  -1.85207388E+002
     216       1     1.19999997E+001   7.11941398E+003  -5.82245371E+000   2.80870031E+003   2.81452277E+003   9.87297520E+000  -1.79472608E+002  -1.89345583E+002   2.81310582E+003   8.45602735E+000   2.80464979E+003  -4.40550586E+000  -1.80889555E+002  -1.85295061E+002
     217       1     1.19999997E+001   7.11909214E+003  -5.85270173E+000   2.80851592E+003   2.81436862E+003   9.92326495E+000  -1.79531161E+002  -1.89454426E+002   2.81294744E+003   8.50208776E+000   2.80444535E+003  -4.43152454E+000  -1.80952338E+002  -1.85383863E+002
     218       1     1.19999997E+001   7.11877504E+003  -5.88460528E+000   2.80833331E+003   2.81421792E+003   9.97467024E+000  -1.79587670E+002  -1.89562340E+002   2.81279179E+003   8.54854007E+000   2.80424324E+003  -4.45847511E+000  -1.81013800E+002  -1.85472275E+002
     219       1     1.19999997E+001   7.11845505E+003  -5.91693636E+000   2.80814889E+003   2.81406582E+003   1.00260658E+001  -1.79644709E+002  -1.89670775E+002   2.81263441E+003   8.59465239E+000   2.80403976E+003  -4.48552296E+000  -1.81076123E+002  -1.85561646E+002
     220       1     1.19999997E+001   7.11813238E+003  -5.95214981E+000   2.80796123E+003   2.81391338E+003   1.00790550E+001  -1.79701300E+002  -1.89780355E+002   2.81247670E+003   8.64237128E+000   2.80383433E+003  -4.51546610E+000  -1.81137984E+002  -1.85653450E+002
     221       1     1.19999997E+001   7.11780858E+003  -5.98496923E+000   2.80777470E+003   2.81375967E+003   1.01323373E+001  -1.79758821E+002  -1.89891159E+002   2.81231821E+003   8.69087999E+000   2.80362733E+003  -4.54351189E+000  -1.81200279E+002  -1.85743791E+002
     222       1     1.19999997E+001   7.11748303E+003  -6.01783593E+000   2.80758718E+003   2.81360501E+003   1.01850029E+001  -1.79816769E+002  -1.90001772E+002   2.81215818E+003   8.73816959E+000   2.80342001E+003  -4.57100264E+000  -1.81263602E+002  -1.85834605E+002
     223       1     1.19999997E+001   7.11716299E+003  -6.05081968E+000   2.80740236E+003   2.81345318E+003   1.02375641E+001  -1.79873531E+002  -1.90111095E+002   2.81200169E+003   8.78607490E+000   2.80321561E+003  -4.59933044E+000  -1.81325020E+002  -1.85924350E+002
     224       1     1.19999997E+001   7.11684410E+003  -6.08245615E+000   2.80721913E+003   2.81330159E+003   1.02897382E+001  -1.79930379E+002  -1.90220117E+002   2.81184519E+003   8.83333730E+000   2.80301185E+003  -4.62605522E+000  -1.81386780E+002  -1.86012835E+002
     225       1     1.19999997E+001   7.11652029E+003  -6.11489653E+000   2.80703306E+003   2.81314796E+003   1.03439582E+001  -1.79987808E+002  -1.90331766E+002   2.81168693E+003   8.88292951E+000   2.80280400E+003  -4.65386781E+000  -1.81448836E+002  -1.86102704E+002
     226       1     1.19999997E+001   7.11619787E+003  -6.14600845E+000   2.80684823E+003   2.81299423E+003   1.03941936E+001  -1.80045751E+002  -1.90439944E+002   2.81152672E+003   8.92668238E+000   2.80260004E+003  -4.67849718E+000  -1.81513262E+002  -1.86191759E+002
     227       1     1.19999997E+001   7.11586751E+003  -6.17772734E+000   2.80665846E+003   2.81283619E+003   1.04449326E+001  -1.80105648E+002  -1.90550580E+002   2.81136324E+003   8.97198089E+000   2.80239126E+003  -4.70477562E+000  -1.81578600E+002  -1.86283375E+002
     228       1     1.19999997E+001   7.11554281E+003  -6.21054650E+000   2.80647119E+003   2.81268173E+003   1.04961138E+001  -1.80163638E+002  -1.90659752E+002   2.81120286E+003   9.01723641E+000   2.80218562E+003  -4.73166908E+000  -1.81642515E+002  -1.86374184E+002
     229       1     1.19999997E+001   7.11522615E+003  -6.24227936E+000   2.80628875E+003   2.81253103E+003   1.05473578E+001  -1.80220256E+002  -1.90767614E+002   2.81104768E+003   9.06400361E+000   2.80198368E+003  -4.75892518E+000  -1.81703610E+002  -1.86462535E+002
     230       1     1.19999997E+001   7.11490175E+003  -6.27337598E+000   2.80610282E+003   2.81237619E+003   1.05978104E+001  -1.80278721E+002  -1.90876532E+002   2.81088666E+003   9.10827735E+000   2.80177838E+003  -4.78384292E+000  -1.81768254E+002  -1.86552097E+002
     231       1     1.19999997E+001   7.11457744E+003  -6.30652874E+000   2.80591574E+003   2.81222226E+003   1.06514339E+001  -1.80336287E+002  -1.90987721E+002   2.81072824E+003   9.15740827E+000   2.80157083E+003  -4.81250306E+000  -1.81830313E+002  -1.86642816E+002
     232       1     1.19999997E+001   7.11424884E+003  -6.33861840E+000   2.80572750E+003   2.81206612E+003   1.07062556E+001  -1.80394792E+002  -1.91101047E+002   2.81056722E+003   9.20735905E+000   2.80135986E+003  -4.83972181E+000  -1.81893688E+002  -1.86733410E+002
     233       1     1.19999997E+001   7.11392973E+003  -6.37039359E+000   2.80554369E+003   2.81191409E+003   1.07578083E+001  -1.80452009E+002  -1.91209817E+002   2.81041101E+003   9.25472686E+000   2.80115628E+003  -4.86731217E+000  -1.81955090E+002  -1.86822402E+002
     234       1     1.19999997E+001   7.11360655E+003  -6.40224875E+000   2.80535758E+003   2.81175983E+003   1.08078511E+001  -1.80510245E+002  -1.91318096E+002   2.81025118E+003   9.29920046E+000   2.80095197E+003  -4.89359812E+000  -1.82018895E+002  -1.86912494E+002
     235       1     1.19999997E+001   7.11328613E+003  -6.43456639E+000   2.80517266E+003   2.81160723E+003   1.08596021E+001  -1.80567635E+002  -1.91427237E+002   2.81009451E+003   9.34689067E+000   2.80074762E+003  -4.92185491E+000  -1.82080347E+002  -1.87002202E+002
     236       1     1.19999997E+001   7.11296468E+003  -6.46650417E+000   2.80498762E+003   2.81145412E+003   1.09119510E+001  -1.80625224E+002  -1.91537175E+002   2.80993733E+003   9.39516078E+000   2.80054217E+003  -4.94971393E+000  -1.82142014E+002  -1.87091728E+002
     237       1     1.19999997E+001   7.11264186E+003  -6.49701704E+000   2.80480220E+003   2.81129921E+003   1.09624642E+001  -1.80684204E+002  -1.91646668E+002   2.80977930E+003   9.44254542E+000   2.80033675E+003  -4.97709823E+000  -1.82204123E+002  -1.87181221E+002
     238       1     1.19999997E+001   7.11230894E+003  -6.52868911E+000   2.80461144E+003   2.81114012E+003   1.10158356E+001  -1.80744363E+002  -1.91760198E+002   2.80961577E+003   9.49148587E+000   2.80012429E+003  -5.00433943E+000  -1.82268713E+002  -1.87273052E+002
     239       1     1.19999997E+001   7.11198310E+003  -6.55997498E+000   2.80442406E+003   2.81098404E+003   1.10678079E+001  -1.80803622E+002  -1.91871430E+002   2.80945690E+003   9.54066630E+000   2.79991623E+003  -5.03283342E+000  -1.82330763E+002  -1.87363597E+002
     240       1     1.19999997E+001   7.11165050E+003  -6.59622430E+000   2.80423057E+003   2.81082680E+003   1.11223886E+001  -1.80862024E+002  -1.91984413E+002   2.80929429E+003   9.58988192E+000   2.79970441E+003  -5.06371764E+000  -1.82394531E+002  -1.87458248E+002
     241       1     1.19999997E+001   7.11132712E+003  -6.62937568E+000   2.80404362E+003   2.81067300E+003   1.11750772E+001  -1.80919719E+002  -1.92094796E+002   2.80913643E+003   9.63851292E+000   2.79949792E+003  -5.09281143E+000  -1.82456283E+002  -1.87549094E+002
     242       1     1.19999997E+001   7.11099991E+003  -6.66156059E+000   2.80385525E+003   2.81051681E+003   1.12276702E+001  -1.80978667E+002  -1.92206338E+002   2.80897635E+003   9.68721513E+000   2.79928914E+003  -5.12110548E+000  -1.82519123E+002  -1.87640228E+002
     243       1     1.19999997E+001   7.11067392E+003  -6.69384258E+000   2.80366756E+003   2.81036140E+003   1.12801438E+001  -1.81037197E+002  -1.92317341E+002   2.80881655E+003   9.73529718E+000   2.79908126E+003  -5.14899600E+000  -1.82582043E+002  -1.87731039E+002
     244       1     1.19999997E+001   7.11034253E+003  -6.72923060E+000   2.80347533E+003   2.81020456E+003   1.13364323E+001  -1.81095545E+002  -1.92431977E+002   2.80865614E+003   9.78800867E+000   2.79886813E+003  -5.18080695E+000  -1.82643968E+002  -1.87824775E+002
     245       1     1.19999997E+001   7.11001121E+003  -6.76234376E+000   2.80328398E+003   2.81004632E+003   1.13883480E+001  -1.81155317E+002  -1.92543665E+002   2.80849346E+003   9.83548332E+000   2.79865797E+003  -5.20947911E+000  -1.82708182E+002  -1.87917661E+002
     246       1     1.19999997E+001   7.10968669E+003  -6.79535677E+000   2.80309658E+003   2.80989193E+003   1.14411748E+001  -1.81213255E+002  -1.92654430E+002   2.80833483E+003   9.88406940E+000   2.79845076E+003  -5.23825134E+000  -1.82770360E+002  -1.88008612E+002
     247       1     1.19999997E+001   7.10936607E+003  -6.82853370E+000   2.80291133E+003   2.80973986E+003   1.14944612E+001  -1.81270034E+002  -1.92764495E+002   2.80817837E+003   9.93296688E+000   2.79824540E+003  -5.26703934E+000  -1.82831528E+002  -1.88098568E+002
     248       1     1.19999997E+001   7.10903518E+003  -6.86160729E+000   2.80272046E+003   2.80958207E+003   1.15478522E+001  -1.81329479E+002  -1.92877331E+002   2.80801666E+003   9.98244134E+000   2.79803422E+003  -5.29619641E+000  -1.82894890E+002  -1.88191086E+002
     249       1     1.19999997E+001   7.10870406E+003  -6.89271210E+000   2.80253045E+003   2.80942316E+003   1.15974502E+001  -1.81389977E+002  -1.92987427E+002   2.80785207E+003   1.00263639E+001   2.79782571E+003  -5.32162585E+000  -1.82961063E+002  -1.88282689E+002
     250       1     1.19999997E+001   7.10838299E+003  -6.92539417E+000   2.80234493E+003   2.80927032E+003   1.16492070E+001  -1.81447384E+002  -1.93096591E+002   2.80769488E+003   1.00737617E+001   2.79762112E+003  -5.34994886E+000  -1.83022829E+002  -1.88372778E+002
     251       1     1.19999997E+001   7.10805739E+003  -6.95812304E+000   2.80215699E+003   2.80911512E+003   1.17021359E+001  -1.81505812E+002  -1.93207948E+002   2.80753611E+003   1.01231291E+001   2.79741298E+003  -5.37911629E+000  -1.83084819E+002  -1.88463935E+002
     252       1     1.19999997E+001   7.10772570E+003  -6.99273907E+000   2.80196494E+003   2.80895768E+003   1.17555296E+001  -1.81564659E+002  -1.93320188E+002   2.80737309E+003   1.01709432E+001   2.79720215E+003  -5.40815274E+000  -1.83149245E+002  -1.88557398E+002
     253       1     1.19999997E+001   7.10740638E+003  -7.02658621E+000   2.80177989E+003   2.80880647E+003   1.18087229E+001  -1.81620943E+002  -1.93429666E+002   2.80721735E+003   1.02195959E+001   2.79699775E+003  -5.43745919E+000  -1.83210070E+002  -1.88647529E+002
     254       1     1.19999997E+001   7.10707548E+003  -7.06331675E+000   2.80158683E+003   2.80865014E+003   1.18633296E+001  -1.81678909E+002  -1.93542239E+002   2.80705600E+003   1.02691852E+001   2.79678681E+003  -5.46917236E+000  -1.83273053E+002  -1.88742226E+002
     255       1     1.19999997E+001   7.10675228E+003  -7.09695753E+000   2.80139972E+003   2.80849667E+003   1.19166076E+001  -1.81736302E+002  -1.93652910E+002   2.80689844E+003   1.03183725E+001   2.79658007E+003  -5.49872240E+000  -1.83334538E+002  -1.88833260E+002
     256       1     1.19999997E+001   7.10642808E+003  -7.13007276E+000   2.80121284E+003   2.80834291E+003   1.19704599E+001  -1.81793691E+002  -1.93764151E+002   2.80673963E+003   1.03671710E+001   2.79637245E+003  -5.52678388E+000  -1.83396979E+002  -1.88923763E+002
     257       1     1.19999997E+001   7.10610717E+003  -7.16317345E+000   2.80102731E+003   2.80819048E+003   1.20231731E+001  -1.81850724E+002  -1.93873897E+002   2.80658281E+003   1.04155061E+001   2.79616731E+003  -5.55550647E+000  -1.83458391E+002  -1.89013898E+002
     258       1     1.19999997E+001   7.10578805E+003  -7.19625714E+000   2.80084258E+003   2.80803883E+003   1.20755762E+001  -1.81907504E+002  -1.93983080E+002   2.80642722E+003   1.04639625E+001   2.79596326E+003  -5.58464349E+000  -1.83519118E+002  -1.89103761E+002
     259       1     1.19999997E+001   7.10546573E+003  -7.22983004E+000   2.80065567E+003   2.80788550E+003   1.21280785E+001  -1.81965018E+002  -1.94093096E+002   2.80627029E+003   1.05128706E+001   2.79575742E+003  -5.61462216E+000  -1.83580226E+002  -1.89194848E+002
     260       1     1.19999997E+001   7.10514132E+003  -7.26402981E+000   2.80046713E+003   2.80773116E+003   1.21803279E+001  -1.82022914E+002  -1.94203242E+002   2.80611218E+003   1.05613446E+001   2.79555083E+003  -5.64504647E+000  -1.83641897E+002  -1.89286944E+002
     261       1     1.19999997E+001   7.10481496E+003  -7.29782926E+000   2.80027811E+003   2.80757594E+003   1.22325969E+001  -1.82081105E+002  -1.94313702E+002   2.80595205E+003   1.06086991E+001   2.79534335E+003  -5.67393155E+000  -1.83705003E+002  -1.89378934E+002
     262       1     1.19999997E+001   7.10449291E+003  -7.33173418E+000   2.80009137E+003   2.80742311E+003   1.22869211E+001  -1.82138192E+002  -1.94425114E+002   2.80579630E+003   1.06601144E+001   2.79513619E+003  -5.70492748E+000  -1.83764999E+002  -1.89469927E+002
     263       1     1.19999997E+001   7.10416419E+003  -7.35928964E+000   2.79990373E+003   2.80726302E+003   1.23348860E+001  -1.82200557E+002  -1.94535443E+002   2.80563511E+003   1.07069814E+001   2.79492813E+003  -5.73138509E+000  -1.83828462E+002  -1.89559847E+002
     264       1     1.19999997E+001   7.10384077E+003  -7.39258503E+000   2.79971665E+003   2.80710923E+003   1.23871015E+001  -1.82258188E+002  -1.94645289E+002   2.80547651E+003   1.07543824E+001   2.79472213E+003  -5.75986591E+000  -1.83890907E+002  -1.89650773E+002
     265       1     1.19999997E+001   7.10351514E+003  -7.42777559E+000   2.79952746E+003   2.80695524E+003   1.24414599E+001  -1.82315362E+002  -1.94756822E+002   2.80531771E+003   1.08039320E+001   2.79451378E+003  -5.79024770E+000  -1.83952890E+002  -1.89743138E+002
     266       1     1.19999997E+001   7.10318970E+003  -7.46179769E+000   2.79933897E+003   2.80680077E+003   1.24950578E+001  -1.82373074E+002  -1.94868132E+002   2.80515883E+003   1.08531230E+001   2.79430571E+003  -5.81986285E+000  -1.84015009E+002  -1.89834872E+002
     267       1     1.19999997E+001   7.10286371E+003  -7.49599914E+000   2.79915013E+003   2.80664613E+003   1.25490020E+001  -1.82430784E+002  -1.94979786E+002   2.80499975E+003   1.09026266E+001   2.79409712E+003  -5.84962374E+000  -1.84077160E+002  -1.89926784E+002
     268       1     1.19999997E+001   7.10253220E+003  -7.52965088E+000   2.79895875E+003   2.80648841E+003   1.26028120E+001  -1.82489937E+002  -1.95092749E+002   2.80483720E+003   1.09516084E+001   2.79388559E+003  -5.87844725E+000  -1.84141140E+002  -1.90019588E+002
     269       1     1.19999997E+001   7.10220429E+003  -7.56231369E+000   2.79876963E+003   2.80633194E+003   1.26553459E+001  -1.82548898E+002  -1.95204244E+002   2.80467645E+003   1.09998529E+001   2.79367660E+003  -5.90682066E+000  -1.84204391E+002  -1.90111211E+002
     270       1     1.19999997E+001   7.10187135E+003  -7.59495860E+000   2.79857722E+003   2.80617218E+003   1.27069106E+001  -1.82609672E+002  -1.95316583E+002   2.80451367E+003   1.10484042E+001   2.79346526E+003  -5.93645223E+000  -1.84268179E+002  -1.90204631E+002
     271       1     1.19999997E+001   7.10154053E+003  -7.62954899E+000   2.79838505E+003   2.80601460E+003   1.27597566E+001  -1.82668881E+002  -1.95428638E+002   2.80435213E+003   1.10972868E+001   2.79325484E+003  -5.96707919E+000  -1.84331351E+002  -1.90298430E+002
     272       1     1.19999997E+001   7.10119701E+003  -7.66783138E+000   2.79818406E+003   2.80585189E+003   1.28168900E+001  -1.82729433E+002  -1.95546323E+002   2.80418618E+003   1.11511793E+001   2.79303500E+003  -6.00212067E+000  -1.84395143E+002  -1.90397264E+002
     273       1     1.19999997E+001   7.10086087E+003  -7.70241865E+000   2.79798875E+003   2.80569117E+003   1.28691346E+001  -1.82790208E+002  -1.95659343E+002   2.80402188E+003   1.11998481E+001   2.79282203E+003  -6.03313210E+000  -1.84459495E+002  -1.90492627E+002
     274       1     1.19999997E+001   7.10052733E+003  -7.73628553E+000   2.79779566E+003   2.80553194E+003   1.29228107E+001  -1.82850243E+002  -1.95773053E+002   2.80385938E+003   1.12502440E+001   2.79260913E+003  -6.06371882E+000  -1.84522809E+002  -1.90586528E+002
     275       1     1.19999997E+001   7.10019263E+003  -7.77018405E+000   2.79760214E+003   2.80537232E+003   1.29761488E+001  -1.82910337E+002  -1.95886486E+002   2.80369526E+003   1.12990879E+001   2.79239617E+003  -6.09312314E+000  -1.84587398E+002  -1.90680521E+002
     276       1     1.19999997E+001   7.09985463E+003  -7.80510298E+000   2.79740595E+003   2.80521106E+003   1.30294746E+001  -1.82971087E+002  -1.96000561E+002   2.80352985E+003   1.13482694E+001   2.79218158E+003  -6.12389781E+000  -1.84652292E+002  -1.90776190E+002
     277       1     1.19999997E+001   7.09951763E+003  -7.83913401E+000   2.79721089E+003   2.80505002E+003   1.30825773E+001  -1.83031904E+002  -1.96114481E+002   2.80336482E+003   1.13973774E+001   2.79196745E+003  -6.15393404E+000  -1.84717103E+002  -1.90871038E+002
     278       1     1.19999997E+001   7.09917786E+003  -7.87340064E+000   2.79701418E+003   2.80488758E+003   1.31359697E+001  -1.83093301E+002  -1.96229270E+002   2.80319847E+003   1.14468541E+001   2.79175161E+003  -6.18428504E+000  -1.84782416E+002  -1.90966701E+002
     279       1     1.19999997E+001   7.09883542E+003  -7.90637405E+000   2.79681687E+003   2.80472325E+003   1.31886541E+001  -1.83155799E+002  -1.96344453E+002   2.80302998E+003   1.14953869E+001   2.79153459E+003  -6.21310691E+000  -1.84849066E+002  -1.91062173E+002
     280       1     1.19999997E+001   7.09848769E+003  -7.94200485E+000   2.79661498E+003   2.80455698E+003   1.32420428E+001  -1.83218651E+002  -1.96460694E+002   2.80285908E+003   1.15441416E+001   2.79131494E+003  -6.24410358E+000  -1.84916552E+002  -1.91160656E+002
     281       1     1.19999997E+001   7.09813976E+003  -7.97372688E+000   2.79641484E+003   2.80438856E+003   1.32931103E+001  -1.83283601E+002  -1.96576712E+002   2.80268800E+003   1.15925476E+001   2.79109545E+003  -6.27316412E+000  -1.84984164E+002  -1.91257328E+002
     282       1     1.19999997E+001   7.09779246E+003  -8.00655490E+000   2.79621481E+003   2.80422136E+003   1.33449179E+001  -1.83347518E+002  -1.96692436E+002   2.80251646E+003   1.16400172E+001   2.79087644E+003  -6.30165418E+000  -1.85052419E+002  -1.91354073E+002
     283       1     1.19999997E+001   7.09743583E+003  -8.04267655E+000   2.79600814E+003   2.80405082E+003   1.34008521E+001  -1.83411994E+002  -1.96812846E+002   2.80234195E+003   1.16919872E+001   2.79064996E+003  -6.33381167E+000  -1.85120859E+002  -1.91454670E+002
     284       1     1.19999997E+001   7.09708047E+003  -8.07570365E+000   2.79580416E+003   2.80387986E+003   1.34535988E+001  -1.83477262E+002  -1.96930861E+002   2.80216520E+003   1.17389396E+001   2.79042626E+003  -6.36104439E+000  -1.85191922E+002  -1.91552966E+002
     285       1     1.19999997E+001   7.09672784E+003  -8.10869422E+000   2.79560125E+003   2.80370994E+003   1.35070707E+001  -1.83542306E+002  -1.97049376E+002   2.80199196E+003   1.17890870E+001   2.79020287E+003  -6.39071058E+000  -1.85260289E+002  -1.91651000E+002
     286       1     1.19999997E+001   7.09637086E+003  -8.14394232E+000   2.79539504E+003   2.80353898E+003   1.35644485E+001  -1.83607082E+002  -1.97171530E+002   2.80181841E+003   1.18438829E+001   2.78997453E+003  -6.42337681E+000  -1.85327647E+002  -1.91751024E+002
     287       1     1.19999997E+001   7.09601847E+003  -8.17840230E+000   2.79519153E+003   2.80336993E+003   1.36183136E+001  -1.83671316E+002  -1.97289629E+002   2.80164490E+003   1.18932795E+001   2.78975162E+003  -6.45336827E+000  -1.85396350E+002  -1.91849718E+002
     288       1     1.19999997E+001   7.09565843E+003  -8.21368215E+000   2.79498353E+003   2.80319721E+003   1.36722971E+001  -1.83736948E+002  -1.97409245E+002   2.80146665E+003   1.19417295E+001   2.78952492E+003  -6.48311457E+000  -1.85467515E+002  -1.91950630E+002
     289       1     1.19999997E+001   7.09530363E+003  -8.24842606E+000   2.79477865E+003   2.80302708E+003   1.37271815E+001  -1.83801551E+002  -1.97528732E+002   2.80129240E+003   1.19925076E+001   2.78929989E+003  -6.51375222E+000  -1.85536225E+002  -1.92049977E+002
     290       1     1.19999997E+001   7.09494758E+003  -8.28330541E+000   2.79457291E+003   2.80285622E+003   1.37815246E+001  -1.83866497E+002  -1.97648022E+002   2.80111716E+003   1.20424636E+001   2.78907470E+003  -6.54424444E+000  -1.85605558E+002  -1.92149803E+002
     291       1     1.19999997E+001   7.09458686E+003  -8.31682918E+000   2.79436509E+003   2.80268192E+003   1.38345974E+001  -1.83933501E+002  -1.97768098E+002   2.80093946E+003   1.20921328E+001   2.78884733E+003  -6.57436458E+000  -1.85675965E+002  -1.92250330E+002
     292       1     1.19999997E+001   7.09422639E+003  -8.35225380E+000   2.79415662E+003   2.80250887E+003   1.38902798E+001  -1.83999320E+002  -1.97889600E+002   2.80076299E+003   1.21443979E+001   2.78861859E+003  -6.60637185E+000  -1.85745202E+002  -1.92351574E+002
     293       1     1.19999997E+001   7.09386107E+003  -8.38763017E+000   2.79394555E+003   2.80233318E+003   1.39457030E+001  -1.84066343E+002  -1.98012046E+002   2.80058357E+003   1.21960982E+001   2.78838747E+003  -6.63802544E+000  -1.85815948E+002  -1.92453973E+002
     294       1     1.19999997E+001   7.09349420E+003  -8.42396482E+000   2.79373298E+003   2.80215695E+003   1.40005984E+001  -1.84133442E+002  -1.98134040E+002   2.80040282E+003   1.22464719E+001   2.78815635E+003  -6.66983827E+000  -1.85887568E+002  -1.92557406E+002
     295       1     1.19999997E+001   7.09313008E+003  -8.46018670E+000   2.79352209E+003   2.80198227E+003   1.40558722E+001  -1.84199795E+002  -1.98255667E+002   2.80022362E+003   1.22972201E+001   2.78792640E+003  -6.70153457E+000  -1.85958447E+002  -1.92659982E+002
     296       1     1.19999997E+001   7.09276614E+003  -8.49646498E+000   2.79331127E+003   2.80180773E+003   1.41116791E+001  -1.84266065E+002  -1.98377745E+002   2.80004497E+003   1.23489216E+001   2.78769605E+003  -6.73370741E+000  -1.86028823E+002  -1.92762530E+002
     297       1     1.19999997E+001   7.09239933E+003  -8.53273717E+000   2.79309895E+003   2.80163169E+003   1.41674575E+001  -1.84332981E+002  -1.98500438E+002   2.79986452E+003   1.24002877E+001   2.78746423E+003  -6.76556742E+000  -1.86100151E+002  -1.92865718E+002
     298       1     1.19999997E+001   7.09203080E+003  -8.57070560E+000   2.79288466E+003   2.80145537E+003   1.42242678E+001  -1.84399666E+002  -1.98623933E+002   2.79968388E+003   1.24527801E+001   2.78723110E+003  -6.79921794E+000  -1.86171153E+002  -1.92970371E+002
     299       1     1.19999997E+001   7.09165511E+003  -8.60807915E+000   2.79266713E+003   2.80127521E+003   1.42808629E+001  -1.84468053E+002  -1.98748916E+002   2.79949829E+003   1.25039417E+001   2.78699435E+003  -6.83115789E+000  -1.86244975E+002  -1.93076133E+002
     300       1     1.19999997E+001   7.09128119E+003  -8.64478811E+000   2.79245113E+003   2.80109592E+003   1.43381639E+001  -1.84536094E+002  -1.98874258E+002   2.79931397E+003   1.25562112E+001   2.78675776E+003  -6.86283542E+000  -1.86318047E+002  -1.93180883E+002
     301       1     1.19999997E+001   7.09090968E+003  -8.68129170E+000   2.79223624E+003   2.80091753E+003   1.43936521E+001  -1.84603958E+002  -1.98997610E+002   2.79913021E+003   1.26063357E+001   2.78652388E+003  -6.89397532E+000  -1.86391275E+002  -1.93285250E+002
     302       1     1.19999997E+001   7.09053680E+003  -8.71841296E+000   2.79202019E+003   2.80073861E+003   1.44501386E+001  -1.84671936E+002  -1.99122074E+002   2.79894662E+003   1.26581483E+001   2.78628847E+003  -6.92642262E+000  -1.86463926E+002  -1.93390349E+002
     303       1     1.19999997E+001   7.09016225E+003  -8.75543431E+000   2.79180342E+003   2.80055885E+003   1.45068538E+001  -1.84740251E+002  -1.99247105E+002   2.79876202E+003   1.27100167E+001   2.78605200E+003  -6.95859726E+000  -1.86537088E+002  -1.93495685E+002
     304       1     1.19999997E+001   7.08978583E+003  -8.79162409E+000   2.79158578E+003   2.80037740E+003   1.45622400E+001  -1.84809703E+002  -1.99371943E+002   2.79857624E+003   1.27610788E+001   2.78581516E+003  -6.99046293E+000  -1.86610864E+002  -1.93601327E+002
     305       1     1.19999997E+001   7.08941186E+003  -8.82817616E+000   2.79136942E+003   2.80019759E+003   1.46179786E+001  -1.84878241E+002  -1.99496219E+002   2.79839158E+003   1.28119695E+001   2.78557961E+003  -7.02216712E+000  -1.86684250E+002  -1.93706417E+002
     306       1     1.19999997E+001   7.08903600E+003  -8.86518498E+000   2.79115183E+003   2.80001701E+003   1.46744242E+001  -1.84946983E+002  -1.99621407E+002   2.79820625E+003   1.28636602E+001   2.78534259E+003  -7.05442106E+000  -1.86757747E+002  -1.93812168E+002
     307       1     1.19999997E+001   7.08865690E+003  -8.90129281E+000   2.79093271E+003   2.79983400E+003   1.47300059E+001  -1.85017194E+002  -1.99747200E+002   2.79801938E+003   1.29153860E+001   2.78510399E+003  -7.08667290E+000  -1.86831814E+002  -1.93918486E+002
     308       1     1.19999997E+001   7.08828083E+003  -8.93878992E+000   2.79071457E+003   2.79965336E+003   1.47872688E+001  -1.85085927E+002  -1.99873196E+002   2.79783502E+003   1.29689304E+001   2.78486609E+003  -7.12045159E+000  -1.86904266E+002  -1.94024717E+002
     309       1     1.19999997E+001   7.08790038E+003  -8.97605510E+000   2.79049441E+003   2.79947046E+003   1.48432358E+001  -1.85155614E+002  -1.99998850E+002   2.79764636E+003   1.30191305E+001   2.78462723E+003  -7.15194981E+000  -1.86979719E+002  -1.94131669E+002
     310       1     1.19999997E+001   7.08751955E+003  -9.01295435E+000   2.79027410E+003   2.79928706E+003   1.48991961E+001  -1.85225699E+002  -2.00124895E+002   2.79745802E+003   1.30701580E+001   2.78438786E+003  -7.18391623E+000  -1.87054737E+002  -1.94238653E+002
     311       1     1.19999997E+001   7.08713301E+003  -9.04907617E+000   2.79005074E+003   2.79909982E+003   1.49538849E+001  -1.85297914E+002  -2.00251799E+002   2.79726665E+003   1.31207136E+001   2.78414593E+003  -7.21590487E+000  -1.87131085E+002  -1.94346990E+002
     312       1     1.19999997E+001   7.08674902E+003  -9.08705416E+000   2.78982837E+003   2.79891543E+003   1.50115541E+001  -1.85368033E+002  -2.00379587E+002   2.79707708E+003   1.31732062E+001   2.78390387E+003  -7.24870627E+000  -1.87206380E+002  -1.94455087E+002
     313       1     1.19999997E+001   7.08636091E+003  -9.12513623E+000   2.78960325E+003   2.79872839E+003   1.50682059E+001  -1.85439577E+002  -2.00507783E+002   2.79688557E+003   1.32253882E+001   2.78366018E+003  -7.28231852E+000  -1.87282394E+002  -1.94564713E+002
     314       1     1.19999997E+001   7.08596835E+003  -9.16339746E+000   2.78937627E+003   2.79853966E+003   1.51274068E+001  -1.85511472E+002  -2.00638878E+002   2.79669206E+003   1.32798019E+001   2.78341226E+003  -7.31579254E+000  -1.87359076E+002  -1.94674869E+002
     315       1     1.19999997E+001   7.08558052E+003  -9.20118047E+000   2.78915171E+003   2.79835289E+003   1.51844680E+001  -1.85582823E+002  -2.00767291E+002   2.79650041E+003   1.33319854E+001   2.78316842E+003  -7.34869782E+000  -1.87435306E+002  -1.94784004E+002
     316       1     1.19999997E+001   7.08516776E+003  -9.23941413E+000   2.78891324E+003   2.79815265E+003   1.52413829E+001  -1.85660227E+002  -2.00901610E+002   2.79629507E+003   1.33837959E+001   2.78291127E+003  -7.38182707E+000  -1.87517814E+002  -1.94899641E+002
     317       1     1.19999997E+001   7.08476883E+003  -9.28053661E+000   2.78868075E+003   2.79796129E+003   1.53009163E+001  -1.85732861E+002  -2.01033777E+002   2.79609871E+003   1.34383400E+001   2.78266037E+003  -7.41796030E+000  -1.87595437E+002  -1.95013398E+002
     318       1     1.19999997E+001   7.08438667E+003  -9.31852984E+000   2.78845905E+003   2.79777758E+003   1.53569166E+001  -1.85802827E+002  -2.01159743E+002   2.79590935E+003   1.34886823E+001   2.78242067E+003  -7.45029548E+000  -1.87671061E+002  -1.95121357E+002
     319       1     1.19999997E+001   7.08398033E+003  -9.35779370E+000   2.78822331E+003   2.79758111E+003   1.54149929E+001  -1.85878366E+002  -2.01293358E+002   2.79570882E+003   1.35427108E+001   2.78216611E+003  -7.48551165E+000  -1.87750648E+002  -1.95236159E+002
     320       1     1.19999997E+001   7.08357366E+003  -9.39880957E+000   2.78798658E+003   2.79738539E+003   1.54755953E+001  -1.85953036E+002  -2.01428631E+002   2.79550951E+003   1.35997161E+001   2.78190980E+003  -7.52293037E+000  -1.87828915E+002  -1.95351846E+002
     321       1     1.19999997E+001   7.08318232E+003  -9.43787417E+000   2.78775968E+003   2.79719755E+003   1.55332108E+001  -1.86024396E+002  -2.01557607E+002   2.79531514E+003   1.36507947E+001   2.78166434E+003  -7.55545801E+000  -1.87906812E+002  -1.95462270E+002
     322       1     1.19999997E+001   7.08279976E+003  -9.47551984E+000   2.78753809E+003   2.79701361E+003   1.55888352E+001  -1.86094473E+002  -2.01683308E+002   2.79512482E+003   1.37000461E+001   2.78142477E+003  -7.58673068E+000  -1.87983262E+002  -1.95569993E+002
     323       1     1.19999997E+001   7.08241632E+003  -9.51386220E+000   2.78731526E+003   2.79682912E+003   1.56447179E+001  -1.86164826E+002  -2.01809544E+002   2.79493513E+003   1.37507288E+001   2.78118440E+003  -7.61987312E+000  -1.88058815E+002  -1.95678688E+002
     324       1     1.19999997E+001   7.08203333E+003  -9.55205493E+000   2.78709310E+003   2.79664515E+003   1.57012543E+001  -1.86234793E+002  -2.01936047E+002   2.79474536E+003   1.38014625E+001   2.78094390E+003  -7.65226315E+000  -1.88134585E+002  -1.95786848E+002
     325       1     1.19999997E+001   7.08164605E+003  -9.59258534E+000   2.78686688E+003   2.79645947E+003   1.57573751E+001  -1.86305196E+002  -2.02062571E+002   2.79455327E+003   1.38511827E+001   2.78070209E+003  -7.68639295E+000  -1.88211388E+002  -1.95897781E+002
     326       1     1.19999997E+001   7.08125893E+003  -9.63064735E+000   2.78664262E+003   2.79627327E+003   1.58135392E+001  -1.86376157E+002  -2.02189696E+002   2.79436063E+003   1.39009014E+001   2.78045973E+003  -7.71800956E+000  -1.88288794E+002  -1.96006804E+002
     327       1     1.19999997E+001   7.08086968E+003  -9.66890870E+000   2.78641736E+003   2.79608627E+003   1.58717821E+001  -1.86447285E+002  -2.02319067E+002   2.79416799E+003   1.39535106E+001   2.78021448E+003  -7.75063719E+000  -1.88365557E+002  -1.96116194E+002
     328       1     1.19999997E+001   7.08048692E+003  -9.70652437E+000   2.78619542E+003   2.79590195E+003   1.59269791E+001  -1.86517661E+002  -2.02444640E+002   2.79397779E+003   1.40028259E+001   2.77997497E+003  -7.78237122E+000  -1.88441814E+002  -1.96224186E+002
     329       1     1.19999997E+001   7.08009971E+003  -9.74782249E+000   2.78596942E+003   2.79571724E+003   1.59857957E+001  -1.86587093E+002  -2.02572889E+002   2.79378630E+003   1.40548491E+001   2.77973145E+003  -7.81687587E+000  -1.88518040E+002  -1.96334916E+002
     330       1     1.19999997E+001   7.07971451E+003  -9.78547987E+000   2.78574627E+003   2.79553175E+003   1.60416098E+001  -1.86657908E+002  -2.02699518E+002   2.79359489E+003   1.41047459E+001   2.77949014E+003  -7.84861591E+000  -1.88594772E+002  -1.96443388E+002
     331       1     1.19999997E+001   7.07932948E+003  -9.82265099E+000   2.78552341E+003   2.79534606E+003   1.60959324E+001  -1.86728977E+002  -2.02824910E+002   2.79340250E+003   1.41523726E+001   2.77925013E+003  -7.87909113E+000  -1.88672537E+002  -1.96551628E+002
     332       1     1.19999997E+001   7.07894555E+003  -9.86049756E+000   2.78530064E+003   2.79516114E+003   1.61513181E+001  -1.86799598E+002  -2.02950916E+002   2.79321191E+003   1.42020847E+001   2.77900982E+003  -7.91126414E+000  -1.88748832E+002  -1.96660096E+002
     333       1     1.19999997E+001   7.07856116E+003  -9.89746602E+000   2.78507696E+003   2.79497442E+003   1.62050118E+001  -1.86871875E+002  -2.03076887E+002   2.79302310E+003   1.42536867E+001   2.77876941E+003  -7.94614085E+000  -1.88823200E+002  -1.96769341E+002
     334       1     1.19999997E+001   7.07817579E+003  -9.93546130E+000   2.78485340E+003   2.79478886E+003   1.62606840E+001  -1.86942705E+002  -2.03203389E+002   2.79283168E+003   1.43035072E+001   2.77852817E+003  -7.97828447E+000  -1.88899882E+002  -1.96878166E+002
     335       1     1.19999997E+001   7.07778654E+003  -9.97514026E+000   2.78462696E+003   2.79460210E+003   1.63174015E+001  -1.87013567E+002  -2.03330969E+002   2.79263807E+003   1.43533701E+001   2.77828470E+003  -8.01110885E+000  -1.88977599E+002  -1.96988708E+002
     336       1     1.19999997E+001   7.07739030E+003  -1.00113764E+001   2.78439746E+003   2.79440884E+003   1.63703802E+001  -1.87088860E+002  -2.03459240E+002   2.79244156E+003   1.44030953E+001   2.77803846E+003  -8.04409143E+000  -1.89056145E+002  -1.97100236E+002
     337       1     1.19999997E+001   7.07700076E+003  -1.00464422E+001   2.78417316E+003   2.79421960E+003   1.64248163E+001  -1.87162116E+002  -2.03586932E+002   2.79224784E+003   1.44530544E+001   2.77779479E+003  -8.07468024E+000  -1.89133878E+002  -1.97208558E+002
     338       1     1.19999997E+001   7.07660463E+003  -1.00864021E+001   2.78394267E+003   2.79402907E+003   1.64825822E+001  -1.87234696E+002  -2.03717278E+002   2.79205178E+003   1.45052930E+001   2.77754649E+003  -8.10911296E+000  -1.89211985E+002  -1.97321098E+002
     339       1     1.19999997E+001   7.07621237E+003  -1.01226003E+001   2.78371566E+003   2.79383826E+003   1.65360754E+001  -1.87308714E+002  -2.03844790E+002   2.79185703E+003   1.45548458E+001   2.77730219E+003  -8.14137068E+000  -1.89289944E+002  -1.97431315E+002
     340       1     1.19999997E+001   7.07582396E+003  -1.01604471E+001   2.78349037E+003   2.79365082E+003   1.65915070E+001  -1.87380499E+002  -2.03972006E+002   2.79166410E+003   1.46047826E+001   2.77705931E+003  -8.17372274E+000  -1.89367224E+002  -1.97540946E+002
     341       1     1.19999997E+001   7.07542818E+003  -1.01977808E+001   2.78326175E+003   2.79345954E+003   1.66484319E+001  -1.87453932E+002  -2.04102364E+002   2.79146755E+003   1.46564477E+001   2.77681110E+003  -8.20579663E+000  -1.89445916E+002  -1.97651713E+002
     342       1     1.19999997E+001   7.07503185E+003  -1.02350894E+001   2.78303221E+003   2.79326729E+003   1.67042569E+001  -1.87528154E+002  -2.04232411E+002   2.79127153E+003   1.47084951E+001   2.77656304E+003  -8.23932757E+000  -1.89523916E+002  -1.97763244E+002
     343       1     1.19999997E+001   7.07463776E+003  -1.02731540E+001   2.78280380E+003   2.79307695E+003   1.67598070E+001  -1.87601145E+002  -2.04360952E+002   2.79107520E+003   1.47580516E+001   2.77631715E+003  -8.27139858E+000  -1.89602901E+002  -1.97874299E+002
     344       1     1.19999997E+001   7.07423823E+003  -1.03122564E+001   2.78257172E+003   2.79288398E+003   1.68163076E+001  -1.87675143E+002  -2.04491450E+002   2.79087682E+003   1.48091499E+001   2.77606767E+003  -8.30509874E+000  -1.89682300E+002  -1.97987399E+002
     345       1     1.19999997E+001   7.07383877E+003  -1.03479928E+001   2.78234109E+003   2.79268909E+003   1.68696374E+001  -1.87751084E+002  -2.04620721E+002   2.79067785E+003   1.48584042E+001   2.77581945E+003  -8.33675961E+000  -1.89762317E+002  -1.98099077E+002
     346       1     1.19999997E+001   7.07343895E+003  -1.03877544E+001   2.78210831E+003   2.79249607E+003   1.69260208E+001  -1.87825036E+002  -2.04751057E+002   2.79047949E+003   1.49094396E+001   2.77557005E+003  -8.37117326E+000  -1.89841617E+002  -1.98212790E+002
     347       1     1.19999997E+001   7.07303924E+003  -1.04255854E+001   2.78187673E+003   2.79230231E+003   1.69817250E+001  -1.87899755E+002  -2.04881480E+002   2.79028095E+003   1.49603604E+001   2.77532059E+003  -8.40422088E+000  -1.89921119E+002  -1.98325340E+002
     348       1     1.19999997E+001   7.07263747E+003  -1.04641394E+001   2.78164391E+003   2.79210805E+003   1.70386264E+001  -1.87974363E+002  -2.05012989E+002   2.79008132E+003   1.50118960E+001   2.77506942E+003  -8.43740906E+000  -1.90001093E+002  -1.98438502E+002
     349       1     1.19999997E+001   7.07223063E+003  -1.05022478E+001   2.78140839E+003   2.79191064E+003   1.70930442E+001  -1.88050615E+002  -2.05143659E+002   2.78987717E+003   1.50595755E+001   2.77481760E+003  -8.46877911E+000  -1.90084084E+002  -1.98552863E+002
     350       1     1.19999997E+001   7.07182547E+003  -1.05405432E+001   2.78117359E+003   2.79171414E+003   1.71488920E+001  -1.88126455E+002  -2.05275347E+002   2.78967554E+003   1.51102991E+001   2.77456524E+003  -8.50195028E+000  -1.90165048E+002  -1.98666999E+002
     351       1     1.19999997E+001   7.07142075E+003  -1.05778950E+001   2.78093953E+003   2.79151742E+003   1.72041172E+001  -1.88202629E+002  -2.05406746E+002   2.78947390E+003   1.51605901E+001   2.77431331E+003  -8.53436793E+000  -1.90246156E+002  -1.98780524E+002
     352       1     1.19999997E+001   7.07101361E+003  -1.06174274E+001   2.78070317E+003   2.79132060E+003   1.72614704E+001  -1.88278191E+002  -2.05539662E+002   2.78927159E+003   1.52124557E+001   2.77405913E+003  -8.56841279E+000  -1.90327206E+002  -1.98895619E+002
     353       1     1.19999997E+001   7.07059822E+003  -1.06585005E+001   2.78046172E+003   2.79112022E+003   1.73210753E+001  -1.88354842E+002  -2.05675917E+002   2.78906563E+003   1.52664891E+001   2.77379915E+003  -8.60391429E+000  -1.90409428E+002  -1.99013342E+002
     354       1     1.19999997E+001   7.07018868E+003  -1.06969210E+001   2.78022479E+003   2.79092171E+003   1.73770121E+001  -1.88431378E+002  -2.05808390E+002   2.78886061E+003   1.53159202E+001   2.77354469E+003  -8.63582915E+000  -1.90492470E+002  -1.99128299E+002
     355       1     1.19999997E+001   7.06977585E+003  -1.07380404E+001   2.77998408E+003   2.79072212E+003   1.74344337E+001  -1.88507992E+002  -2.05942426E+002   2.78865571E+003   1.53680246E+001   2.77328769E+003  -8.67163127E+000  -1.90574401E+002  -1.99246033E+002
     356       1     1.19999997E+001   7.06936381E+003  -1.07775269E+001   2.77974503E+003   2.79052256E+003   1.74916816E+001  -1.88584827E+002  -2.06076509E+002   2.78845069E+003   1.54198158E+001   2.77303087E+003  -8.70566105E+000  -1.90656693E+002  -1.99362354E+002
     357       1     1.19999997E+001   7.06893831E+003  -1.08173309E+001   2.77949922E+003   2.79031655E+003   1.75503401E+001  -1.88664090E+002  -2.06214430E+002   2.78823730E+003   1.54710867E+001   2.77276621E+003  -8.73807756E+000  -1.90743344E+002  -1.99481421E+002
     358       1     1.19999997E+001   7.06851775E+003  -1.08593291E+001   2.77925398E+003   2.79011331E+003   1.76096998E+001  -1.88742055E+002  -2.06351754E+002   2.78802924E+003   1.55256323E+001   2.77250361E+003  -8.77526169E+000  -1.90826122E+002  -1.99601384E+002
     359       1     1.19999997E+001   7.06808438E+003  -1.08985073E+001   2.77900322E+003   2.78990173E+003   1.76667672E+001  -1.88824546E+002  -2.06491313E+002   2.78781313E+003   1.55781705E+001   2.77223496E+003  -8.80991051E+000  -1.90913143E+002  -1.99723053E+002
     360       1     1.19999997E+001   7.06764923E+003  -1.09409128E+001   2.77874899E+003   2.78968990E+003   1.77249194E+001  -1.88906746E+002  -2.06631665E+002   2.78759813E+003   1.56331465E+001   2.77196498E+003  -8.84913995E+000  -1.90998519E+002  -1.99847659E+002
     361       1     1.19999997E+001   7.06720075E+003  -1.09891264E+001   2.77848503E+003   2.78947415E+003   1.77866582E+001  -1.88988894E+002  -2.06775552E+002   2.78737512E+003   1.56876237E+001   2.77168750E+003  -8.89009193E+000  -1.91087928E+002  -1.99978020E+002
     362       1     1.19999997E+001   7.06676128E+003  -1.10367324E+001   2.77822672E+003   2.78926346E+003   1.78491794E+001  -1.89068667E+002  -2.06917847E+002   2.78715676E+003   1.57424879E+001   2.77141428E+003  -8.93004093E+000  -1.91175359E+002  -2.00105400E+002
     363       1     1.19999997E+001   7.06630098E+003  -1.10778974E+001   2.77796144E+003   2.78903934E+003   1.79140058E+001  -1.89155647E+002  -2.07069653E+002   2.78692895E+003   1.58036168E+001   2.77112533E+003  -8.96750841E+000  -1.91266036E+002  -2.00233545E+002
     364       1     1.19999997E+001   7.06585417E+003  -1.11186364E+001   2.77770341E+003   2.78882205E+003   1.79764243E+001  -1.89239822E+002  -2.07216246E+002   2.78670732E+003   1.58617005E+001   2.77084562E+003  -9.00391264E+000  -1.91354545E+002  -2.00358458E+002
     365       1     1.19999997E+001   7.06543505E+003  -1.11559591E+001   2.77746129E+003   2.78861725E+003   1.80316009E+001  -1.89319754E+002  -2.07351355E+002   2.78649811E+003   1.59124579E+001   2.77058565E+003  -9.03681607E+000  -1.91438897E+002  -2.00475713E+002
     366       1     1.19999997E+001   7.06499274E+003  -1.11992379E+001   2.77720498E+003   2.78840422E+003   1.80961163E+001  -1.89400998E+002  -2.07497114E+002   2.78627810E+003   1.59699960E+001   2.77030810E+003  -9.07311756E+000  -1.91527118E+002  -2.00600236E+002
     367       1     1.19999997E+001   7.06455023E+003  -1.12434194E+001   2.77694756E+003   2.78819098E+003   1.81622571E+001  -1.89482376E+002  -2.07644633E+002   2.78606070E+003   1.60319725E+001   2.77002872E+003  -9.11313486E+000  -1.91612660E+002  -2.00725795E+002
     368       1     1.19999997E+001   7.06411348E+003  -1.12861544E+001   2.77669224E+003   2.78797840E+003   1.82198055E+001  -1.89564837E+002  -2.07784643E+002   2.78584402E+003   1.60854258E+001   2.76975859E+003  -9.15177477E+000  -1.91699217E+002  -2.00850992E+002
     369       1     1.19999997E+001   7.06368167E+003  -1.13269089E+001   2.77644212E+003   2.78776903E+003   1.82806377E+001  -1.89645536E+002  -2.07926174E+002   2.78562968E+003   1.61412928E+001   2.76948839E+003  -9.18756395E+000  -1.91784881E+002  -2.00972445E+002
     370       1     1.19999997E+001   7.06325869E+003  -1.13680013E+001   2.77619510E+003   2.78756310E+003   1.83356686E+001  -1.89725434E+002  -2.08061102E+002   2.78541895E+003   1.61915113E+001   2.76922744E+003  -9.22384402E+000  -1.91869591E+002  -2.01093435E+002
     371       1     1.19999997E+001   7.06284809E+003  -1.14064918E+001   2.77595680E+003   2.78736329E+003   1.83902435E+001  -1.89802904E+002  -2.08193148E+002   2.78521385E+003   1.62408046E+001   2.76897305E+003  -9.25705293E+000  -1.91952343E+002  -2.01209396E+002
     372       1     1.19999997E+001   7.06242555E+003  -1.14461075E+001   2.77571274E+003   2.78715885E+003   1.84473414E+001  -1.89881445E+002  -2.08328787E+002   2.78500017E+003   1.62886683E+001   2.76871151E+003  -9.28743440E+000  -1.92040118E+002  -2.01327553E+002
     373       1     1.19999997E+001   7.06201958E+003  -1.14862293E+001   2.77547627E+003   2.78696250E+003   1.85023940E+001  -1.89956824E+002  -2.08459218E+002   2.78479686E+003   1.63367571E+001   2.76846010E+003  -9.32059243E+000  -1.92122461E+002  -2.01443053E+002
     374       1     1.19999997E+001   7.06160860E+003  -1.15266510E+001   2.77523700E+003   2.78676365E+003   1.85578594E+001  -1.90033206E+002  -2.08591065E+002   2.78459077E+003   1.63849860E+001   2.76820579E+003  -9.35377761E+000  -1.92206079E+002  -2.01559857E+002
     375       1     1.19999997E+001   7.06118439E+003  -1.15687479E+001   2.77498863E+003   2.78655737E+003   1.86117192E+001  -1.90113076E+002  -2.08724795E+002   2.78437815E+003   1.64324946E+001   2.76794565E+003  -9.38952326E+000  -1.92292300E+002  -2.01681824E+002
     376       1     1.19999997E+001   7.06076419E+003  -1.16114984E+001   2.77474299E+003   2.78635449E+003   1.86669949E+001  -1.90190745E+002  -2.08857740E+002   2.78416615E+003   1.64786584E+001   2.76768750E+003  -9.42316183E+000  -1.92379081E+002  -2.01802243E+002
     377       1     1.19999997E+001   7.06034871E+003  -1.16530526E+001   2.77450083E+003   2.78615388E+003   1.87238546E+001  -1.90267540E+002  -2.08991394E+002   2.78395798E+003   1.65279594E+001   2.76743002E+003  -9.45715753E+000  -1.92463435E+002  -2.01920592E+002
     378       1     1.19999997E+001   7.05993380E+003  -1.16934223E+001   2.77425957E+003   2.78595300E+003   1.87795103E+001  -1.90344772E+002  -2.09124282E+002   2.78374946E+003   1.65759724E+001   2.76717349E+003  -9.48988445E+000  -1.92548310E+002  -2.02038194E+002
     379       1     1.19999997E+001   7.05952670E+003  -1.17342293E+001   2.77402189E+003   2.78575611E+003   1.88341568E+001  -1.90420329E+002  -2.09254486E+002   2.78354543E+003   1.66234723E+001   2.76692196E+003  -9.52354479E+000  -1.92631014E+002  -2.02154559E+002
     380       1     1.19999997E+001   7.05910214E+003  -1.17755207E+001   2.77377445E+003   2.78554997E+003   1.88900118E+001  -1.90499947E+002  -2.09389959E+002   2.78333271E+003   1.66727546E+001   2.76665996E+003  -9.55826354E+000  -1.92717204E+002  -2.02275468E+002
     381       1     1.19999997E+001   7.05868006E+003  -1.18173854E+001   2.77352801E+003   2.78534539E+003   1.89448064E+001  -1.90578737E+002  -2.09523544E+002   2.78312021E+003   1.67196283E+001   2.76640058E+003  -9.59220734E+000  -1.92803916E+002  -2.02396123E+002
     382       1     1.19999997E+001   7.05826101E+003  -1.18571574E+001   2.77328427E+003   2.78514143E+003   1.89977830E+001  -1.90657814E+002  -2.09655597E+002   2.78290860E+003   1.67649513E+001   2.76614365E+003  -9.62432568E+000  -1.92890646E+002  -2.02514972E+002
     383       1     1.19999997E+001   7.05784629E+003  -1.18990856E+001   2.77304227E+003   2.78494136E+003   1.90539837E+001  -1.90734278E+002  -2.09788262E+002   2.78270006E+003   1.68126881E+001   2.76588737E+003  -9.65779001E+000  -1.92975574E+002  -2.02633364E+002
     384       1     1.19999997E+001   7.05741638E+003  -1.19333735E+001   2.77279510E+003   2.78472847E+003   1.91030320E+001  -1.90819047E+002  -2.09922079E+002   2.78248209E+003   1.68566529E+001   2.76562544E+003  -9.68699443E+000  -1.93065426E+002  -2.02752420E+002
     385       1     1.19999997E+001   7.05699773E+003  -1.19739999E+001   2.77255122E+003   2.78452522E+003   1.91562161E+001  -1.90897525E+002  -2.10053741E+002   2.78227022E+003   1.69012143E+001   2.76536900E+003  -9.71899812E+000  -1.93152527E+002  -2.02871525E+002
     386       1     1.19999997E+001   7.05658677E+003  -1.20154804E+001   2.77231088E+003   2.78432636E+003   1.92099613E+001  -1.90973897E+002  -2.10183858E+002   2.78206335E+003   1.69469518E+001   2.76511640E+003  -9.75247092E+000  -1.93236906E+002  -2.02989377E+002
     387       1     1.19999997E+001   7.05617598E+003  -1.20549446E+001   2.77207163E+003   2.78412657E+003   1.92627316E+001  -1.91051241E+002  -2.10313972E+002   2.78185661E+003   1.69927712E+001   2.76486384E+003  -9.78498412E+000  -1.93321201E+002  -2.03106185E+002
     388       1     1.19999997E+001   7.05575503E+003  -1.20972852E+001   2.77182601E+003   2.78392329E+003   1.93177703E+001  -1.91129046E+002  -2.10446816E+002   2.78164326E+003   1.70377355E+001   2.76460552E+003  -9.81725040E+000  -1.93409081E+002  -2.03226331E+002
     389       1     1.19999997E+001   7.05532919E+003  -1.21428742E+001   2.77157559E+003   2.78371846E+003   1.93754303E+001  -1.91206942E+002  -2.10582373E+002   2.78142969E+003   1.70866584E+001   2.76434303E+003  -9.85410229E+000  -1.93495714E+002  -2.03349816E+002
     390       1     1.19999997E+001   7.05491450E+003  -1.21864338E+001   2.77133242E+003   2.78351885E+003   1.94301138E+001  -1.91282939E+002  -2.10713053E+002   2.78121984E+003   1.71311000E+001   2.76408874E+003  -9.88742001E+000  -1.93581953E+002  -2.03469373E+002
     391       1     1.19999997E+001   7.05450834E+003  -1.22243158E+001   2.77109637E+003   2.78332069E+003   1.94810657E+001  -1.91360030E+002  -2.10841096E+002   2.78101490E+003   1.71752735E+001   2.76383962E+003  -9.91852356E+000  -1.93665822E+002  -2.03584346E+002
     392       1     1.19999997E+001   7.05408072E+003  -1.22696311E+001   2.77084544E+003   2.78311507E+003   1.95408988E+001  -1.91438168E+002  -2.10979067E+002   2.78080159E+003   1.72274192E+001   2.76357417E+003  -9.95615149E+000  -1.93751648E+002  -2.03707799E+002
     393       1     1.19999997E+001   7.05366027E+003  -1.23106690E+001   2.77060033E+003   2.78291100E+003   1.95951305E+001  -1.91516897E+002  -2.11112028E+002   2.78058948E+003   1.72736110E+001   2.76331587E+003  -9.98914949E+000  -1.93838417E+002  -2.03827566E+002
     394       1     1.19999997E+001   7.05324151E+003  -1.23514691E+001   2.77035609E+003   2.78270756E+003   1.96486480E+001  -1.91595495E+002  -2.11244143E+002   2.78037820E+003   1.73192876E+001   2.76305892E+003  -1.00221087E+001  -1.93924855E+002  -2.03946964E+002
     395       1     1.19999997E+001   7.05281735E+003  -1.23926206E+001   2.77010918E+003   2.78250180E+003   1.97041103E+001  -1.91674804E+002  -2.11378914E+002   2.78016435E+003   1.73666577E+001   2.76279769E+003  -1.00551680E+001  -1.94012257E+002  -2.04067425E+002
     396       1     1.19999997E+001   7.05240142E+003  -1.24351536E+001   2.76986532E+003   2.78230048E+003   1.97576667E+001  -1.91752130E+002  -2.11509797E+002   2.77995466E+003   1.74118477E+001   2.76254281E+003  -1.00893346E+001  -1.94097949E+002  -2.04187284E+002
     397       1     1.19999997E+001   7.05197542E+003  -1.24791052E+001   2.76961577E+003   2.78209487E+003   1.98156820E+001  -1.91830721E+002  -2.11646403E+002   2.77974157E+003   1.74623790E+001   2.76227919E+003  -1.01258023E+001  -1.94184024E+002  -2.04309827E+002
     398       1     1.19999997E+001   7.05154703E+003  -1.25217382E+001   2.76936543E+003   2.78188717E+003   1.98692153E+001  -1.91910714E+002  -2.11779929E+002   2.77952384E+003   1.75058902E+001   2.76201795E+003  -1.01584130E+001  -1.94274039E+002  -2.04432452E+002
     399       1     1.19999997E+001   7.05112489E+003  -1.25640465E+001   2.76911886E+003   2.78168291E+003   1.99239744E+001  -1.91989114E+002  -2.11913088E+002   2.77931028E+003   1.75513513E+001   2.76175893E+003  -1.01914234E+001  -1.94361737E+002  -2.04553160E+002
     400       1     1.19999997E+001   7.05070345E+003  -1.26053008E+001   2.76887261E+003   2.78147791E+003   1.99767654E+001  -1.92068457E+002  -2.12045223E+002   2.77909745E+003   1.75963018E+001   2.76150115E+003  -1.02248372E+001  -1.94448921E+002  -2.04673758E+002
     401       1     1.19999997E+001   7.05027634E+003  -1.26477788E+001   2.76862361E+003   2.78127139E+003   2.00343577E+001  -1.92147626E+002  -2.12181983E+002   2.77888271E+003   1.76456757E+001   2.76123703E+003  -1.02590968E+001  -1.94536308E+002  -2.04795404E+002
     402       1     1.19999997E+001   7.04985303E+003  -1.26889179E+001   2.76837724E+003   2.78106616E+003   2.00894639E+001  -1.92226637E+002  -2.12316101E+002   2.77866860E+003   1.76919097E+001   2.76097669E+003  -1.02913638E+001  -1.94624192E+002  -2.04915555E+002
     403       1     1.19999997E+001   7.04942966E+003  -1.27304087E+001   2.76812930E+003   2.78085971E+003   2.01415393E+001  -1.92306857E+002  -2.12448396E+002   2.77845538E+003   1.77372169E+001   2.76071817E+003  -1.03260862E+001  -1.94711179E+002  -2.05037265E+002
     404       1     1.19999997E+001   7.04900880E+003  -1.27727006E+001   2.76788290E+003   2.78065560E+003   2.01946420E+001  -1.92385474E+002  -2.12580116E+002   2.77824242E+003   1.77814576E+001   2.76046096E+003  -1.03595163E+001  -1.94798658E+002  -2.05158174E+002
     405       1     1.19999997E+001   7.04858014E+003  -1.28136122E+001   2.76763289E+003   2.78044650E+003   2.02478315E+001  -1.92466751E+002  -2.12714583E+002   2.77802604E+003   1.78273649E+001   2.76019867E+003  -1.03931456E+001  -1.94887218E+002  -2.05280364E+002
     406       1     1.19999997E+001   7.04815451E+003  -1.28577201E+001   2.76738262E+003   2.78024034E+003   2.03017722E+001  -1.92545992E+002  -2.12847764E+002   2.77781139E+003   1.78728171E+001   2.75993857E+003  -1.04287650E+001  -1.94974947E+002  -2.05403712E+002
     407       1     1.19999997E+001   7.04772727E+003  -1.29000893E+001   2.76713326E+003   2.78003335E+003   2.03550352E+001  -1.92625592E+002  -2.12980627E+002   2.77759333E+003   1.79150191E+001   2.75967831E+003  -1.04600733E+001  -1.95065608E+002  -2.05525682E+002
     408       1     1.19999997E+001   7.04729861E+003  -1.29436974E+001   2.76688235E+003   2.77982605E+003   2.04105958E+001  -1.92705061E+002  -2.13115657E+002   2.77737653E+003   1.79610771E+001   2.75941545E+003  -1.04941787E+001  -1.95154580E+002  -2.05648759E+002
     409       1     1.19999997E+001   7.04687629E+003  -1.29870073E+001   2.76663468E+003   2.77962169E+003   2.04643774E+001  -1.92783475E+002  -2.13247852E+002   2.77716268E+003   1.80053673E+001   2.75915731E+003  -1.05279972E+001  -1.95242485E+002  -2.05770482E+002
     410       1     1.19999997E+001   7.04645024E+003  -1.30293890E+001   2.76638553E+003   2.77941491E+003   2.05192441E+001  -1.92863190E+002  -2.13382434E+002   2.77694804E+003   1.80523714E+001   2.75889567E+003  -1.05625163E+001  -1.95330063E+002  -2.05892579E+002
     411       1     1.19999997E+001   7.04602284E+003  -1.30722529E+001   2.76613485E+003   2.77920710E+003   2.05718713E+001  -1.92943544E+002  -2.13515415E+002   2.77673183E+003   1.80966020E+001   2.75863523E+003  -1.05969836E+001  -1.95418813E+002  -2.06015797E+002
     412       1     1.19999997E+001   7.04557745E+003  -1.31115881E+001   2.76587584E+003   2.77898742E+003   2.06229798E+001  -1.93030404E+002  -2.13653384E+002   2.77650685E+003   1.81424099E+001   2.75836444E+003  -1.06310181E+001  -1.95510974E+002  -2.06141992E+002
     413       1     1.19999997E+001   7.04515366E+003  -1.31554670E+001   2.76562712E+003   2.77878259E+003   2.06776190E+001  -1.93108844E+002  -2.13786463E+002   2.77629256E+003   1.81875880E+001   2.75810497E+003  -1.06654361E+001  -1.95598875E+002  -2.06264311E+002
     414       1     1.19999997E+001   7.04472184E+003  -1.32010810E+001   2.76537385E+003   2.77857493E+003   2.07366820E+001  -1.93187700E+002  -2.13924382E+002   2.77607522E+003   1.82369666E+001   2.75783825E+003  -1.07013656E+001  -1.95687415E+002  -2.06388781E+002
     415       1     1.19999997E+001   7.04429335E+003  -1.32455103E+001   2.76512208E+003   2.77836759E+003   2.07916733E+001  -1.93267236E+002  -2.14058909E+002   2.77585899E+003   1.82830673E+001   2.75757592E+003  -1.07369043E+001  -1.95775842E+002  -2.06512746E+002
     416       1     1.19999997E+001   7.04385777E+003  -1.32906929E+001   2.76486570E+003   2.77815639E+003   2.08456136E+001  -1.93348526E+002  -2.14194140E+002   2.77563859E+003   1.83278117E+001   2.75731078E+003  -1.07728910E+001  -1.95866328E+002  -2.06639219E+002
     417       1     1.19999997E+001   7.04343631E+003  -1.33344442E+001   2.76461835E+003   2.77795279E+003   2.09006149E+001  -1.93426409E+002  -2.14327024E+002   2.77542579E+003   1.83736117E+001   2.75705218E+003  -1.08074410E+001  -1.95953412E+002  -2.06760853E+002
     418       1     1.19999997E+001   7.04300571E+003  -1.33785312E+001   2.76436632E+003   2.77774485E+003   2.09567744E+001  -1.93505911E+002  -2.14462686E+002   2.77520752E+003   1.84194480E+001   2.75678808E+003  -1.08412048E+001  -1.96043238E+002  -2.06884442E+002
     419       1     1.19999997E+001   7.04258021E+003  -1.34226324E+001   2.76411671E+003   2.77753934E+003   2.10120264E+001  -1.93584500E+002  -2.14596527E+002   2.77499221E+003   1.84648983E+001   2.75652731E+003  -1.08755043E+001  -1.96131628E+002  -2.07007133E+002
     420       1     1.19999997E+001   7.04214798E+003  -1.34711957E+001   2.76386122E+003   2.77733241E+003   2.10715725E+001  -1.93662482E+002  -2.14734054E+002   2.77477506E+003   1.85142150E+001   2.75626084E+003  -1.09138381E+001  -1.96219839E+002  -2.07133677E+002
     421       1     1.19999997E+001   7.04171053E+003  -1.35133865E+001   2.76360638E+003   2.77711976E+003   2.11276585E+001  -1.93744636E+002  -2.14872295E+002   2.77455386E+003   1.85617535E+001   2.75599210E+003  -1.09474814E+001  -1.96310541E+002  -2.07258023E+002
     422       1     1.19999997E+001   7.04127628E+003  -1.35621482E+001   2.76334883E+003   2.77691098E+003   2.11846831E+001  -1.93823874E+002  -2.15008557E+002   2.77433555E+003   1.86092517E+001   2.75572630E+003  -1.09867169E+001  -1.96399306E+002  -2.07386022E+002
     423       1     1.19999997E+001   7.04084316E+003  -1.36098764E+001   2.76309316E+003   2.77670303E+003   2.12433897E+001  -1.93902604E+002  -2.15145993E+002   2.77411778E+003   1.86581394E+001   2.75545964E+003  -1.10246261E+001  -1.96487854E+002  -2.07512480E+002
     424       1     1.19999997E+001   7.04040903E+003  -1.36549079E+001   2.76283871E+003   2.77649362E+003   2.13008811E+001  -1.93982500E+002  -2.15283381E+002   2.77389831E+003   1.87055674E+001   2.75519274E+003  -1.10595942E+001  -1.96577813E+002  -2.07637407E+002
     425       1     1.19999997E+001   7.03997859E+003  -1.37008456E+001   2.76258511E+003   2.77628595E+003   2.13569150E+001  -1.94061749E+002  -2.15418664E+002   2.77368111E+003   1.87520739E+001   2.75492904E+003  -1.10960046E+001  -1.96666590E+002  -2.07762595E+002
     426       1     1.19999997E+001   7.03955259E+003  -1.37451676E+001   2.76233474E+003   2.77607991E+003   2.14115917E+001  -1.94140697E+002  -2.15552289E+002   2.77346578E+003   1.87974603E+001   2.75466832E+003  -1.11310363E+001  -1.96754829E+002  -2.07885865E+002
     427       1     1.19999997E+001   7.03911389E+003  -1.37909069E+001   2.76207616E+003   2.77586707E+003   2.14666670E+001  -1.94222659E+002  -2.15689326E+002   2.77324486E+003   1.88444635E+001   2.75440040E+003  -1.11687034E+001  -1.96844862E+002  -2.08013566E+002
     428       1     1.19999997E+001   7.03868454E+003  -1.38361622E+001   2.76182338E+003   2.77565954E+003   2.15215754E+001  -1.94302090E+002  -2.15823665E+002   2.77302779E+003   1.88898327E+001   2.75413796E+003  -1.12044195E+001  -1.96933833E+002  -2.08138252E+002
     429       1     1.19999997E+001   7.03822247E+003  -1.38838147E+001   2.76155295E+003   2.77543677E+003   2.15858334E+001  -1.94386979E+002  -2.15972813E+002   2.77279641E+003   1.89454752E+001   2.75385093E+003  -1.12434565E+001  -1.97027337E+002  -2.08270794E+002
     430       1     1.19999997E+001   7.03779085E+003  -1.39273798E+001   2.76129967E+003   2.77522705E+003   2.16396286E+001  -1.94467918E+002  -2.16107547E+002   2.77257810E+003   1.89906828E+001   2.75358742E+003  -1.12784339E+001  -1.97116864E+002  -2.08395298E+002
     431       1     1.19999997E+001   7.03735091E+003  -1.39731210E+001   2.76104083E+003   2.77501395E+003   2.16930854E+001  -1.94549761E+002  -2.16242847E+002   2.77235359E+003   1.90327289E+001   2.75332086E+003  -1.13127645E+001  -1.97210118E+002  -2.08522882E+002
     432       1     1.19999997E+001   7.03691876E+003  -1.40187978E+001   2.76078644E+003   2.77480523E+003   2.17485981E+001  -1.94629527E+002  -2.16378125E+002   2.77213486E+003   1.90782215E+001   2.75305664E+003  -1.13484212E+001  -1.97299903E+002  -2.08648324E+002
     433       1     1.19999997E+001   7.03648416E+003  -1.40624432E+001   2.76053179E+003   2.77459424E+003   2.18019914E+001  -1.94710852E+002  -2.16512843E+002   2.77191351E+003   1.91212683E+001   2.75279224E+003  -1.13817201E+001  -1.97391575E+002  -2.08773295E+002
     434       1     1.19999997E+001   7.03605080E+003  -1.41077867E+001   2.76027689E+003   2.77438467E+003   2.18580037E+001  -1.94791096E+002  -2.16649099E+002   2.77169478E+003   1.91681078E+001   2.75252667E+003  -1.14178907E+001  -1.97480992E+002  -2.08898882E+002
     435       1     1.19999997E+001   7.03559372E+003  -1.41554995E+001   2.76000782E+003   2.77416332E+003   2.19165372E+001  -1.94876053E+002  -2.16792590E+002   2.77146437E+003   1.92175884E+001   2.75224678E+003  -1.14565508E+001  -1.97575002E+002  -2.09031553E+002
     436       1     1.19999997E+001   7.03516049E+003  -1.42013075E+001   2.75975291E+003   2.77395422E+003   2.19720423E+001  -1.94955870E+002  -2.16927912E+002   2.77124446E+003   1.92622863E+001   2.75198218E+003  -1.14915516E+001  -1.97665626E+002  -2.09157177E+002
     437       1     1.19999997E+001   7.03472315E+003  -1.42494227E+001   2.75949456E+003   2.77374398E+003   2.20300608E+001  -1.95035592E+002  -2.17065653E+002   2.77102373E+003   1.93098135E+001   2.75171392E+003  -1.15291753E+001  -1.97755839E+002  -2.09285014E+002
     438       1     1.19999997E+001   7.03428845E+003  -1.42964231E+001   2.75923846E+003   2.77353488E+003   2.20865310E+001  -1.95114962E+002  -2.17201493E+002   2.77080272E+003   1.93543686E+001   2.75144835E+003  -1.15642606E+001  -1.97847125E+002  -2.09411385E+002
     439       1     1.19999997E+001   7.03385071E+003  -1.43406634E+001   2.75898171E+003   2.77332237E+003   2.21421130E+001  -1.95196832E+002  -2.17338945E+002   2.77058160E+003   1.94013428E+001   2.75118026E+003  -1.15998932E+001  -1.97937603E+002  -2.09537496E+002
     440       1     1.19999997E+001   7.03340475E+003  -1.43888373E+001   2.75871776E+003   2.77310660E+003   2.21960545E+001  -1.95279519E+002  -2.17475573E+002   2.77035463E+003   1.94440837E+001   2.75091055E+003  -1.16368664E+001  -1.98031490E+002  -2.09668356E+002
     441       1     1.19999997E+001   7.03297133E+003  -1.44356792E+001   2.75846172E+003   2.77289739E+003   2.22518439E+001  -1.95359370E+002  -2.17611214E+002   2.77013583E+003   1.94902751E+001   2.75064555E+003  -1.16741103E+001  -1.98120939E+002  -2.09795049E+002
     442       1     1.19999997E+001   7.03251255E+003  -1.44932031E+001   2.75818532E+003   2.77267852E+003   2.23130244E+001  -1.95441306E+002  -2.17754331E+002   2.76990648E+003   1.95409816E+001   2.75036550E+003  -1.17211602E+001  -1.98213349E+002  -2.09934510E+002
     443       1     1.19999997E+001   7.03206123E+003  -1.45452450E+001   2.75791690E+003   2.77246215E+003   2.23739281E+001  -1.95522962E+002  -2.17896890E+002   2.76968016E+003   1.95919395E+001   2.75008822E+003  -1.17632565E+001  -1.98304951E+002  -2.10068207E+002
     444       1     1.19999997E+001   7.03163127E+003  -1.45904881E+001   2.75766415E+003   2.77225464E+003   2.24301174E+001  -1.95602138E+002  -2.18032256E+002   2.76946256E+003   1.96380360E+001   2.74982452E+003  -1.17984067E+001  -1.98394220E+002  -2.10192627E+002
     445       1     1.19999997E+001   7.03119926E+003  -1.46361732E+001   2.75740938E+003   2.77204556E+003   2.24835976E+001  -1.95682279E+002  -2.18165876E+002   2.76924295E+003   1.96809943E+001   2.74956196E+003  -1.18335699E+001  -1.98484882E+002  -2.10318452E+002
     446       1     1.19999997E+001   7.03076541E+003  -1.46820548E+001   2.75715333E+003   2.77183538E+003   2.25366160E+001  -1.95762957E+002  -2.18299573E+002   2.76902231E+003   1.97235376E+001   2.74929877E+003  -1.18689764E+001  -1.98576036E+002  -2.10445012E+002
     447       1     1.19999997E+001   7.03033125E+003  -1.47266591E+001   2.75689864E+003   2.77162530E+003   2.25901023E+001  -1.95843454E+002  -2.18433556E+002   2.76879990E+003   1.97647015E+001   2.74903520E+003  -1.19012584E+001  -1.98668855E+002  -2.10570113E+002
     448       1     1.19999997E+001   7.02990100E+003  -1.47727103E+001   2.75664482E+003   2.77141754E+003   2.26447942E+001  -1.95922789E+002  -2.18567583E+002   2.76858167E+003   1.98089306E+001   2.74877274E+003  -1.19368467E+001  -1.98758652E+002  -2.10695499E+002
     449       1     1.19999997E+001   7.02947074E+003  -1.48184322E+001   2.75639122E+003   2.77120965E+003   2.26993472E+001  -1.96002237E+002  -2.18701584E+002   2.76836330E+003   1.98529927E+001   2.74851030E+003  -1.19720777E+001  -1.98848591E+002  -2.10820669E+002
     450       1     1.19999997E+001   7.02902684E+003  -1.48699011E+001   2.75612748E+003   2.77099738E+003   2.27591702E+001  -1.96081990E+002  -2.18841160E+002   2.76813914E+003   1.99009285E+001   2.74823821E+003  -1.20116595E+001  -1.98940231E+002  -2.10951891E+002
     451       1     1.19999997E+001   7.02858635E+003  -1.49194834E+001   2.75586591E+003   2.77078539E+003   2.28153498E+001  -1.96162477E+002  -2.18977827E+002   2.76791608E+003   1.99460371E+001   2.74797004E+003  -1.20501706E+001  -1.99031790E+002  -2.11081960E+002
     452       1     1.19999997E+001   7.02815160E+003  -1.49651546E+001   2.75560980E+003   2.77057496E+003   2.28692158E+001  -1.96243128E+002  -2.19112344E+002   2.76769473E+003   1.99889896E+001   2.74770574E+003  -1.20849285E+001  -1.99123354E+002  -2.11208283E+002
     453       1     1.19999997E+001   7.02771554E+003  -1.50100574E+001   2.75535293E+003   2.77036299E+003   2.29222347E+001  -1.96324924E+002  -2.19247159E+002   2.76747351E+003   2.00327525E+001   2.74744075E+003  -1.21205753E+001  -1.99214406E+002  -2.11334981E+002
     454       1     1.19999997E+001   7.02728453E+003  -1.50561593E+001   2.75509861E+003   2.77015477E+003   2.29786605E+001  -1.96404461E+002  -2.19383122E+002   2.76725657E+003   2.00804664E+001   2.74717611E+003  -1.21579652E+001  -1.99302656E+002  -2.11460621E+002
     455       1     1.19999997E+001   7.02683751E+003  -1.51046248E+001   2.75483409E+003   2.76993872E+003   2.30328768E+001  -1.96487059E+002  -2.19519936E+002   2.76702832E+003   2.01224744E+001   2.74690584E+003  -1.21942225E+001  -1.99397461E+002  -2.11591684E+002
     456       1     1.19999997E+001   7.02640544E+003  -1.51501224E+001   2.75457951E+003   2.76972963E+003   2.30874176E+001  -1.96567151E+002  -2.19654568E+002   2.76680919E+003   2.01669785E+001   2.74664221E+003  -1.22296833E+001  -1.99487590E+002  -2.11717273E+002
     457       1     1.19999997E+001   7.02595527E+003  -1.51934684E+001   2.75431643E+003   2.76950989E+003   2.31422995E+001  -1.96652484E+002  -2.19794783E+002   2.76658055E+003   2.02129519E+001   2.74636759E+003  -1.22641208E+001  -1.99581831E+002  -2.11845952E+002
     458       1     1.19999997E+001   7.02551134E+003  -1.52392017E+001   2.75405536E+003   2.76929456E+003   2.31964624E+001  -1.96735282E+002  -2.19931744E+002   2.76635404E+003   2.02559492E+001   2.74609809E+003  -1.22986885E+001  -1.99675795E+002  -2.11974483E+002
     459       1     1.19999997E+001   7.02507604E+003  -1.52846683E+001   2.75379922E+003   2.76908389E+003   2.32515368E+001  -1.96815975E+002  -2.20067512E+002   2.76613300E+003   2.03006491E+001   2.74583235E+003  -1.23337805E+001  -1.99766863E+002  -2.12100643E+002
     460       1     1.19999997E+001   7.02461918E+003  -1.53357592E+001   2.75352827E+003   2.76886403E+003   2.33113320E+001  -1.96899417E+002  -2.20210749E+002   2.76590259E+003   2.03498917E+001   2.74555270E+003  -1.23743189E+001  -1.99860857E+002  -2.12235176E+002
     461       1     1.19999997E+001   7.02418409E+003  -1.53813789E+001   2.75327200E+003   2.76865338E+003   2.33659669E+001  -1.96980149E+002  -2.20346116E+002   2.76568162E+003   2.03942110E+001   2.74528741E+003  -1.24096230E+001  -1.99951905E+002  -2.12361528E+002
     462       1     1.19999997E+001   7.02374251E+003  -1.54288606E+001   2.75301079E+003   2.76843965E+003   2.34201848E+001  -1.97062021E+002  -2.20482205E+002   2.76545712E+003   2.04376488E+001   2.74501947E+003  -1.24463246E+001  -2.00044557E+002  -2.12490881E+002
     463       1     1.19999997E+001   7.02330781E+003  -1.54735827E+001   2.75275533E+003   2.76822891E+003   2.34746192E+001  -1.97142961E+002  -2.20617580E+002   2.76523617E+003   2.04818755E+001   2.74475429E+003  -1.24808390E+001  -2.00135705E+002  -2.12616544E+002
     464       1     1.19999997E+001   7.02286996E+003  -1.55222571E+001   2.75249624E+003   2.76801850E+003   2.35322422E+001  -1.97222611E+002  -2.20754853E+002   2.76501435E+003   2.05280874E+001   2.74448626E+003  -1.25181024E+001  -2.00226766E+002  -2.12744868E+002
     465       1     1.19999997E+001   7.02242275E+003  -1.55702941E+001   2.75223212E+003   2.76780241E+003   2.35890022E+001  -1.97305151E+002  -2.20894153E+002   2.76478758E+003   2.05741755E+001   2.74421341E+003  -1.25554674E+001  -2.00319978E+002  -2.12875445E+002
     466       1     1.19999997E+001   7.02199014E+003  -1.56134622E+001   2.75197860E+003   2.76759206E+003   2.36419442E+001  -1.97386312E+002  -2.21028256E+002   2.76456692E+003   2.06168006E+001   2.74395012E+003  -1.25883186E+001  -2.00411455E+002  -2.12999774E+002
     467       1     1.19999997E+001   7.02155170E+003  -1.56626813E+001   2.75171825E+003   2.76738093E+003   2.36994359E+001  -1.97466502E+002  -2.21165938E+002   2.76434632E+003   2.06648303E+001   2.74368149E+003  -1.26280757E+001  -2.00501108E+002  -2.13129184E+002
     468       1     1.19999997E+001   7.02111002E+003  -1.57072914E+001   2.75145930E+003   2.76716660E+003   2.37529462E+001  -1.97548932E+002  -2.21301878E+002   2.76411971E+003   2.07060565E+001   2.74341365E+003  -1.26604017E+001  -2.00595821E+002  -2.13256223E+002
     469       1     1.19999997E+001   7.02067521E+003  -1.57505817E+001   2.75120443E+003   2.76695502E+003   2.38059499E+001  -1.97630660E+002  -2.21436609E+002   2.76389805E+003   2.07489801E+001   2.74314907E+003  -1.26936119E+001  -2.00687629E+002  -2.13381241E+002
     470       1     1.19999997E+001   7.02023617E+003  -1.57952887E+001   2.75094695E+003   2.76674223E+003   2.38652572E+001  -1.97712300E+002  -2.21577557E+002   2.76367825E+003   2.08012750E+001   2.74287698E+003  -1.27313064E+001  -2.00776282E+002  -2.13507589E+002
     471       1     1.19999997E+001   7.01979346E+003  -1.58388044E+001   2.75068808E+003   2.76652688E+003   2.39204228E+001  -1.97795426E+002  -2.21715849E+002   2.76345288E+003   2.08464180E+001   2.74260646E+003  -1.27647996E+001  -2.00869431E+002  -2.13634230E+002
     472       1     1.19999997E+001   7.01933016E+003  -1.58800092E+001   2.75041915E+003   2.76629916E+003   2.39757670E+001  -1.97884777E+002  -2.21860544E+002   2.76321739E+003   2.08940007E+001   2.74232339E+003  -1.27982429E+001  -2.00966543E+002  -2.13764786E+002
     473       1     1.19999997E+001   7.01888162E+003  -1.59230916E+001   2.75015756E+003   2.76608065E+003   2.40308231E+001  -1.97969320E+002  -2.22000143E+002   2.76298818E+003   2.09383557E+001   2.74204983E+003  -1.28306243E+001  -2.01061788E+002  -2.13892412E+002
     474       1     1.19999997E+001   7.01843330E+003  -1.59660021E+001   2.74989549E+003   2.76586149E+003   2.40848831E+001  -1.98054575E+002  -2.22139458E+002   2.76276020E+003   2.09835967E+001   2.74177661E+003  -1.28647157E+001  -2.01155861E+002  -2.14020577E+002
     475       1     1.19999997E+001   7.01799323E+003  -1.60060794E+001   2.74963939E+003   2.76564547E+003   2.41361820E+001  -1.98139154E+002  -2.22275336E+002   2.76253530E+003   2.10260073E+001   2.74150929E+003  -1.28959047E+001  -2.01249328E+002  -2.14145233E+002
     476       1     1.19999997E+001   7.01754539E+003  -1.60494004E+001   2.74937691E+003   2.76542631E+003   2.41887915E+001  -1.98224551E+002  -2.22413343E+002   2.76230732E+003   2.10698008E+001   2.74123752E+003  -1.29304097E+001  -2.01343542E+002  -2.14273952E+002
     477       1     1.19999997E+001   7.01709502E+003  -1.60947210E+001   2.74911270E+003   2.76520742E+003   2.42450406E+001  -1.98308910E+002  -2.22553950E+002   2.76207852E+003   2.11161438E+001   2.74096238E+003  -1.29658242E+001  -2.01437806E+002  -2.14403631E+002
     478       1     1.19999997E+001   7.01664959E+003  -1.61360186E+001   2.74885304E+003   2.76498906E+003   2.42979515E+001  -1.98394221E+002  -2.22692173E+002   2.76185167E+003   2.11605606E+001   2.74069111E+003  -1.29986277E+001  -2.01531612E+002  -2.14530240E+002
     479       1     1.19999997E+001   7.01620617E+003  -1.61788846E+001   2.74859364E+003   2.76477252E+003   2.43489289E+001  -1.98478309E+002  -2.22827238E+002   2.76162338E+003   2.11997859E+001   2.74042359E+003  -1.30297415E+001  -2.01627452E+002  -2.14657193E+002
     480       1     1.19999997E+001   7.01575619E+003  -1.62195733E+001   2.74833130E+003   2.76455088E+003   2.43998292E+001  -1.98565546E+002  -2.22965375E+002   2.76139377E+003   2.12427253E+001   2.74015105E+003  -1.30624694E+001  -2.01722650E+002  -2.14785119E+002
     481       1     1.19999997E+001   7.01530910E+003  -1.62642727E+001   2.74806896E+003   2.76433324E+003   2.44543455E+001  -1.98649626E+002  -2.23103972E+002   2.76116601E+003   2.12871167E+001   2.73987889E+003  -1.30970439E+001  -2.01816855E+002  -2.14913899E+002
     482       1     1.19999997E+001   7.01485671E+003  -1.63065841E+001   2.74780503E+003   2.76411161E+003   2.45064075E+001  -1.98736112E+002  -2.23242519E+002   2.76093377E+003   2.13285659E+001   2.73960520E+003  -1.31287425E+001  -2.01913954E+002  -2.15042696E+002
     483       1     1.19999997E+001   7.01440444E+003  -1.63520473E+001   2.74753945E+003   2.76389150E+003   2.45597636E+001  -1.98821114E+002  -2.23380878E+002   2.76070167E+003   2.13699290E+001   2.73933174E+003  -1.31622127E+001  -2.02010949E+002  -2.15173161E+002
     484       1     1.19999997E+001   7.01395032E+003  -1.63972280E+001   2.74727360E+003   2.76367083E+003   2.46157837E+001  -1.98906114E+002  -2.23521898E+002   2.76046948E+003   2.14144412E+001   2.73905504E+003  -1.31958854E+001  -2.02107456E+002  -2.15303342E+002
     485       1     1.19999997E+001   7.01349898E+003  -1.64390646E+001   2.74700913E+003   2.76344819E+003   2.46648347E+001  -1.98993921E+002  -2.23658756E+002   2.76023908E+003   2.14557216E+001   2.73878336E+003  -1.32299515E+001  -2.02203034E+002  -2.15432986E+002
     486       1     1.19999997E+001   7.01303348E+003  -1.64815125E+001   2.74673804E+003   2.76321955E+003   2.47186484E+001  -1.99083489E+002  -2.23802138E+002   2.76000093E+003   2.15000214E+001   2.73850090E+003  -1.32628855E+001  -2.02302116E+002  -2.15565002E+002
     487       1     1.19999997E+001   7.01258421E+003  -1.65285434E+001   2.74647283E+003   2.76300138E+003   2.47726037E+001  -1.99167436E+002  -2.23940040E+002   2.75977163E+003   2.15428552E+001   2.73822877E+003  -1.32987949E+001  -2.02397185E+002  -2.15695980E+002
     488       1     1.19999997E+001   7.01211926E+003  -1.65728451E+001   2.74620064E+003   2.76277348E+003   2.48259655E+001  -1.99256416E+002  -2.24082381E+002   2.75953379E+003   2.15862737E+001   2.73794752E+003  -1.33331532E+001  -2.02496108E+002  -2.15829261E+002
     489       1     1.19999997E+001   7.01167148E+003  -1.66158282E+001   2.74593818E+003   2.76255401E+003   2.48758719E+001  -1.99342110E+002  -2.24217982E+002   2.75930360E+003   2.16254594E+001   2.73767814E+003  -1.33654157E+001  -2.02592522E+002  -2.15957938E+002
     490       1     1.19999997E+001   7.01123052E+003  -1.66597936E+001   2.74567862E+003   2.76233841E+003   2.49263704E+001  -1.99425958E+002  -2.24352328E+002   2.75907823E+003   2.16661909E+001   2.73741204E+003  -1.33996141E+001  -2.02686138E+002  -2.16085752E+002
     491       1     1.19999997E+001   7.01078676E+003  -1.67047612E+001   2.74541743E+003   2.76212220E+003   2.49776185E+001  -1.99509585E+002  -2.24487203E+002   2.75885032E+003   2.17057414E+001   2.73714458E+003  -1.34328841E+001  -2.02781462E+002  -2.16214346E+002
     492       1     1.19999997E+001   7.01033479E+003  -1.67530515E+001   2.74514966E+003   2.76190271E+003   2.50311192E+001  -1.99594020E+002  -2.24625140E+002   2.75861973E+003   2.17481446E+001   2.73687159E+003  -1.34700769E+001  -2.02876995E+002  -2.16347072E+002
     493       1     1.19999997E+001   7.00988721E+003  -1.68010872E+001   2.74488422E+003   2.76168531E+003   2.50842008E+001  -1.99677673E+002  -2.24761874E+002   2.75839178E+003   2.17906724E+001   2.73660111E+003  -1.35075588E+001  -2.02971202E+002  -2.16478760E+002
     494       1     1.19999997E+001   7.00943054E+003  -1.68504619E+001   2.74461367E+003   2.76146413E+003   2.51410145E+001  -1.99762380E+002  -2.24903395E+002   2.75816023E+003   2.18371184E+001   2.73632311E+003  -1.35465657E+001  -2.03066277E+002  -2.16612842E+002
     495       1     1.19999997E+001   7.00897355E+003  -1.68962044E+001   2.74434408E+003   2.76124028E+003   2.51925486E+001  -1.99849669E+002  -2.25042217E+002   2.75792717E+003   2.18794308E+001   2.73604774E+003  -1.35830865E+001  -2.03162787E+002  -2.16745873E+002
     496       1     1.19999997E+001   7.00850876E+003  -1.69426876E+001   2.74407090E+003   2.76101359E+003   2.52448822E+001  -1.99937480E+002  -2.25182362E+002   2.75768710E+003   2.19183912E+001   2.73576871E+003  -1.36161966E+001  -2.03263971E+002  -2.16880167E+002
     497       1     1.19999997E+001   7.00806131E+003  -1.69904675E+001   2.74380558E+003   2.76079605E+003   2.52974706E+001  -2.00021301E+002  -2.25318771E+002   2.75745902E+003   2.19604432E+001   2.73549858E+003  -1.36534400E+001  -2.03358328E+002  -2.17011768E+002
     498       1     1.19999997E+001   7.00761662E+003  -1.70336217E+001   2.74354434E+003   2.76057796E+003   2.53488910E+001  -2.00106496E+002  -2.25455387E+002   2.75723284E+003   2.20037771E+001   2.73522907E+003  -1.36885078E+001  -2.03451610E+002  -2.17140117E+002
     499       1     1.19999997E+001   7.00716989E+003  -1.70797452E+001   2.74328061E+003   2.76036035E+003   2.54019850E+001  -2.00190587E+002  -2.25592572E+002   2.75700532E+003   2.20469521E+001   2.73495837E+003  -1.37247123E+001  -2.03545620E+002  -2.17270333E+002
     500       1     1.19999997E+001   7.00672020E+003  -1.71262731E+001   2.74301536E+003   2.76014163E+003   2.54563313E+001  -2.00274903E+002  -2.25731234E+002   2.75677627E+003   2.20909652E+001   2.73468530E+003  -1.37609070E+001  -2.03640269E+002  -2.17401176E+002
