   iLoop            strain     Layer Density  B5                B4                B2                D6                D1                D4                C1                C5                C3                A6                C2                C3              
       1   7.67646446E+014   0.00000000E+000   2.39891177E+014   1.43932420E+014   0.00000000E+000   0.00000000E+000   0.00000000E+000   1.91912300E+014   0.00000000E+000   1.91910549E+014   0.00000000E+000   0.00000000E+000
   0.00000000E+000
       2   7.73086145E+014   0.00000000E+000   2.41592504E+014   1.44951246E+014   0.00000000E+000   0.00000000E+000   0.00000000E+000   1.93272835E+014   0.00000000E+000   1.93269559E+014   0.00000000E+000   0.00000000E+000
   0.00000000E+000
       3   7.78524698E+014   0.00000000E+000   2.43293316E+014   1.45969905E+014   0.00000000E+000   0.00000000E+000   0.00000000E+000   1.94633057E+014   0.00000000E+000   1.94628420E+014   0.00000000E+000   0.00000000E+000
   0.00000000E+000
       4   7.83964530E+014   0.00000000E+000   2.44994495E+014   1.46988814E+014   0.00000000E+000   0.00000000E+000   0.00000000E+000   1.95993581E+014   0.00000000E+000   1.95987640E+014   0.00000000E+000   0.00000000E+000
   0.00000000E+000
       5   7.89405612E+014   0.00000000E+000   2.46696033E+014   1.48007969E+014   0.00000000E+000   0.00000000E+000   0.00000000E+000   1.97354401E+014   0.00000000E+000   1.97347209E+014   0.00000000E+000   0.00000000E+000
   0.00000000E+000
       6   7.94847930E+014   0.00000000E+000   2.48397926E+014   1.49027367E+014   0.00000000E+000   0.00000000E+000   0.00000000E+000   1.98715513E+014   0.00000000E+000   1.98707125E+014   0.00000000E+000   0.00000000E+000
   0.00000000E+000
       7   8.00291467E+014   0.00000000E+000   2.50100169E+014   1.50047003E+014   0.00000000E+000   0.00000000E+000   0.00000000E+000   2.00076912E+014   0.00000000E+000   2.00067383E+014   0.00000000E+000   0.00000000E+000
   0.00000000E+000
       8   8.05736188E+014   0.00000000E+000   2.51802754E+014   1.51066870E+014   0.00000000E+000   0.00000000E+000   0.00000000E+000   2.01438590E+014   0.00000000E+000   2.01427974E+014   0.00000000E+000   0.00000000E+000
   0.00000000E+000
       9   8.11182060E+014   0.00000000E+000   2.53505670E+014   1.52086961E+014   0.00000000E+000   0.00000000E+000   0.00000000E+000   2.02800539E+014   0.00000000E+000   2.02788889E+014   0.00000000E+000   0.00000000E+000
   0.00000000E+000
      10   8.16629054E+014   0.00000000E+000   2.55208911E+014   1.53107271E+014   0.00000000E+000   0.00000000E+000   0.00000000E+000   2.04162752E+014   0.00000000E+000   2.04150120E+014   0.00000000E+000   0.00000000E+000
   0.00000000E+000
      11   8.22077152E+014   0.00000000E+000   2.56912470E+014   1.54127795E+014   0.00000000E+000   0.00000000E+000   0.00000000E+000   2.05525224E+014   0.00000000E+000   2.05511662E+014   0.00000000E+000   0.00000000E+000
   0.00000000E+000
      12   8.27526323E+014   0.00000000E+000   2.58616340E+014   1.55148526E+014   0.00000000E+000   0.00000000E+000   0.00000000E+000   2.06887949E+014   0.00000000E+000   2.06873506E+014   0.00000000E+000   0.00000000E+000
   0.00000000E+000
      13   8.32976551E+014   0.00000000E+000   2.60320518E+014   1.56169461E+014   0.00000000E+000   0.00000000E+000   0.00000000E+000   2.08250923E+014   0.00000000E+000   2.08235649E+014   0.00000000E+000   0.00000000E+000
   0.00000000E+000
      14   8.38427821E+014   0.00000000E+000   2.62024999E+014   1.57190596E+014   0.00000000E+000   0.00000000E+000   0.00000000E+000   2.09614142E+014   0.00000000E+000   2.09598084E+014   0.00000000E+000   0.00000000E+000
   0.00000000E+000
      15   8.43880123E+014   0.00000000E+000   2.63729781E+014   1.58211928E+014   0.00000000E+000   0.00000000E+000   0.00000000E+000   2.10977605E+014   0.00000000E+000   2.10960809E+014   0.00000000E+000   0.00000000E+000
   0.00000000E+000
      16   8.49333442E+014   0.00000000E+000   2.65434862E+014   1.59233453E+014   0.00000000E+000   0.00000000E+000   0.00000000E+000   2.12341308E+014   0.00000000E+000   2.12323819E+014   0.00000000E+000   0.00000000E+000
   0.00000000E+000
      17   8.54787756E+014   0.00000000E+000   2.67140235E+014   1.60255166E+014   0.00000000E+000   0.00000000E+000   0.00000000E+000   2.13705247E+014   0.00000000E+000   2.13687108E+014   0.00000000E+000   0.00000000E+000
   0.00000000E+000
      18   8.60243014E+014   0.00000000E+000   2.68845886E+014   1.61277057E+014   0.00000000E+000   0.00000000E+000   0.00000000E+000   2.15069409E+014   0.00000000E+000   2.15050662E+014   0.00000000E+000   0.00000000E+000
   0.00000000E+000
      19   8.65699192E+014   0.00000000E+000   2.70551810E+014   1.62299117E+014   0.00000000E+000   0.00000000E+000   0.00000000E+000   2.16433787E+014   0.00000000E+000   2.16414478E+014   0.00000000E+000   0.00000000E+000
   0.00000000E+000
      20   8.71156295E+014   0.00000000E+000   2.72258010E+014   1.63321348E+014   0.00000000E+000   0.00000000E+000   0.00000000E+000   2.17798381E+014   0.00000000E+000   2.17778557E+014   0.00000000E+000   0.00000000E+000
   0.00000000E+000
      21   8.76614316E+014   0.00000000E+000   2.73964487E+014   1.64343744E+014   0.00000000E+000   0.00000000E+000   0.00000000E+000   2.19163186E+014   0.00000000E+000   2.19142899E+014   0.00000000E+000   0.00000000E+000
   0.00000000E+000
      22   8.82073244E+014   0.00000000E+000   2.75671238E+014   1.65366303E+014   0.00000000E+000   0.00000000E+000   0.00000000E+000   2.20528200E+014   0.00000000E+000   2.20507503E+014   0.00000000E+000   0.00000000E+000
   0.00000000E+000
      23   8.87533067E+014   0.00000000E+000   2.77378262E+014   1.66389021E+014   0.00000000E+000   0.00000000E+000   0.00000000E+000   2.21893418E+014   0.00000000E+000   2.21872366E+014   0.00000000E+000   0.00000000E+000
   0.00000000E+000
      24   8.92993778E+014   0.00000000E+000   2.79085556E+014   1.67411895E+014   0.00000000E+000   0.00000000E+000   0.00000000E+000   2.23258839E+014   0.00000000E+000   2.23237487E+014   0.00000000E+000   0.00000000E+000
   0.00000000E+000
      25   8.98455372E+014   0.00000000E+000   2.80793123E+014   1.68434924E+014   0.00000000E+000   0.00000000E+000   0.00000000E+000   2.24624462E+014   0.00000000E+000   2.24602864E+014   0.00000000E+000   0.00000000E+000
   0.00000000E+000
      26   9.03917850E+014   0.00000000E+000   2.82500961E+014   1.69458106E+014   0.00000000E+000   0.00000000E+000   0.00000000E+000   2.25990285E+014   0.00000000E+000   2.25968497E+014   0.00000000E+000   0.00000000E+000
   0.00000000E+000
      27   9.09381202E+014   0.00000000E+000   2.84209070E+014   1.70481439E+014   0.00000000E+000   0.00000000E+000   0.00000000E+000   2.27356308E+014   0.00000000E+000   2.27334385E+014   0.00000000E+000   0.00000000E+000
   0.00000000E+000
      28   9.14845418E+014   0.00000000E+000   2.85917447E+014   1.71504920E+014   0.00000000E+000   0.00000000E+000   0.00000000E+000   2.28722528E+014   0.00000000E+000   2.28700523E+014   0.00000000E+000   0.00000000E+000
   0.00000000E+000
      29   9.20310483E+014   0.00000000E+000   2.87626090E+014   1.72528544E+014   0.00000000E+000   0.00000000E+000   0.00000000E+000   2.30088942E+014   0.00000000E+000   2.30066907E+014   0.00000000E+000   0.00000000E+000
   0.00000000E+000
      30   9.25776382E+014   0.00000000E+000   2.89334994E+014   1.73552307E+014   0.00000000E+000   0.00000000E+000   0.00000000E+000   2.31455546E+014   0.00000000E+000   2.31433534E+014   0.00000000E+000   0.00000000E+000
   0.00000000E+000
      31   9.31243108E+014   0.00000000E+000   2.91044161E+014   1.74576206E+014   0.00000000E+000   0.00000000E+000   0.00000000E+000   2.32822342E+014   0.00000000E+000   2.32800399E+014   0.00000000E+000   0.00000000E+000
   0.00000000E+000
      32   9.36710660E+014   0.00000000E+000   2.92753589E+014   1.75600240E+014   0.00000000E+000   0.00000000E+000   0.00000000E+000   2.34189329E+014   0.00000000E+000   2.34167502E+014   0.00000000E+000   0.00000000E+000
   0.00000000E+000
      33   9.42179040E+014   0.00000000E+000   2.94463282E+014   1.76624407E+014   0.00000000E+000   0.00000000E+000   0.00000000E+000   2.35556511E+014   0.00000000E+000   2.35534841E+014   0.00000000E+000   0.00000000E+000
   0.00000000E+000
      34   9.47648246E+014   0.00000000E+000   2.96173239E+014   1.77648705E+014   0.00000000E+000   0.00000000E+000   0.00000000E+000   2.36923888E+014   0.00000000E+000   2.36902415E+014   0.00000000E+000   0.00000000E+000
   0.00000000E+000
      35   9.53118274E+014   0.00000000E+000   2.97883461E+014   1.78673131E+014   0.00000000E+000   0.00000000E+000   0.00000000E+000   2.38291461E+014   0.00000000E+000   2.38270221E+014   0.00000000E+000   0.00000000E+000
   0.00000000E+000
      36   9.58589122E+014   0.00000000E+000   2.99593948E+014   1.79697685E+014   0.00000000E+000   0.00000000E+000   0.00000000E+000   2.39659234E+014   0.00000000E+000   2.39638256E+014   0.00000000E+000   0.00000000E+000
   0.00000000E+000
      37   9.64060792E+014   0.00000000E+000   3.01304703E+014   1.80722363E+014   0.00000000E+000   0.00000000E+000   0.00000000E+000   2.41027207E+014   0.00000000E+000   2.41006519E+014   0.00000000E+000   0.00000000E+000
   0.00000000E+000
      38   9.69533290E+014   0.00000000E+000   3.03015729E+014   1.81747165E+014   0.00000000E+000   0.00000000E+000   0.00000000E+000   2.42395386E+014   0.00000000E+000   2.42375009E+014   0.00000000E+000   0.00000000E+000
   0.00000000E+000
      39   9.75006648E+014   0.00000000E+000   3.04727041E+014   1.82772090E+014   0.00000000E+000   0.00000000E+000   0.00000000E+000   2.43763778E+014   0.00000000E+000   2.43743739E+014   0.00000000E+000   0.00000000E+000
   0.00000000E+000
      40   9.80481003E+014   0.00000000E+000   3.06438695E+014   1.83797151E+014   0.00000000E+000   0.00000000E+000   0.00000000E+000   2.45132403E+014   0.00000000E+000   2.45112754E+014   0.00000000E+000   0.00000000E+000
   0.00000000E+000
      41   9.85956492E+014   0.00000000E+000   3.08150745E+014   1.84822364E+014   0.00000000E+000   0.00000000E+000   0.00000000E+000   2.46501283E+014   0.00000000E+000   2.46482100E+014   0.00000000E+000   0.00000000E+000
   0.00000000E+000
      42   9.91433208E+014   0.00000000E+000   3.09863229E+014   1.85847738E+014   0.00000000E+000   0.00000000E+000   0.00000000E+000   2.47870428E+014   0.00000000E+000   2.47851812E+014   0.00000000E+000   0.00000000E+000
   0.00000000E+000
      43   9.96911199E+014   0.00000000E+000   3.11576165E+014   1.86873282E+014   0.00000000E+000   0.00000000E+000   0.00000000E+000   2.49239844E+014   0.00000000E+000   2.49221908E+014   0.00000000E+000   0.00000000E+000
   0.00000000E+000
      44   1.00239043E+015   0.00000000E+000   3.13289543E+014   1.87898989E+014   0.00000000E+000   0.00000000E+000   0.00000000E+000   2.50609515E+014   0.00000000E+000   2.50592383E+014   0.00000000E+000   0.00000000E+000
   0.00000000E+000
      45   1.00787082E+015   0.00000000E+000   3.15003338E+014   1.88924844E+014   0.00000000E+000   0.00000000E+000   0.00000000E+000   2.51979419E+014   0.00000000E+000   2.51963215E+014   0.00000000E+000   0.00000000E+000
   0.00000000E+000
      46   1.01757795E+015   0.00000000E+000   3.18354798E+014   1.90400464E+014   0.00000000E+000   0.00000000E+000   0.00000000E+000   2.54287035E+014   0.00000000E+000   2.54535655E+014   0.00000000E+000   0.00000000E+000
   0.00000000E+000
      47   1.02599466E+015   0.00000000E+000   3.20902786E+014   1.92122768E+014   0.00000000E+000   0.00000000E+000   0.00000000E+000   2.56304388E+014   0.00000000E+000   2.56664719E+014   0.00000000E+000   0.00000000E+000
   0.00000000E+000
      48   1.03081504E+015   0.00000000E+000   3.22318692E+014   1.93069541E+014   0.00000000E+000   0.00000000E+000   0.00000000E+000   2.57582633E+014   0.00000000E+000   2.57844171E+014   0.00000000E+000   0.00000000E+000
   0.00000000E+000
      49   1.03542050E+015   0.00000000E+000   3.23728485E+014   1.93964487E+014   0.00000000E+000   0.00000000E+000   0.00000000E+000   2.58778465E+014   0.00000000E+000   2.58949061E+014   0.00000000E+000   0.00000000E+000
   0.00000000E+000
      50   1.04012745E+015   0.00000000E+000   3.25173711E+014   1.94877162E+014   0.00000000E+000   0.00000000E+000   0.00000000E+000   2.59994856E+014   0.00000000E+000   2.60081719E+014   0.00000000E+000   0.00000000E+000
   0.00000000E+000
      51   1.04493925E+015   0.00000000E+000   3.26655474E+014   1.95806807E+014   0.00000000E+000   0.00000000E+000   0.00000000E+000   2.61235519E+014   0.00000000E+000   2.61241455E+014   0.00000000E+000   0.00000000E+000
   0.00000000E+000
      52   1.04985475E+015   0.00000000E+000   3.28171969E+014   1.96752456E+014   0.00000000E+000   0.00000000E+000   0.00000000E+000   2.62500364E+014   0.00000000E+000   2.62429963E+014   0.00000000E+000   0.00000000E+000
   0.00000000E+000
      53   1.05487117E+015   0.00000000E+000   3.29721606E+014   1.97714709E+014   0.00000000E+000   0.00000000E+000   0.00000000E+000   2.63788976E+014   0.00000000E+000   2.63645880E+014   0.00000000E+000   0.00000000E+000
   0.00000000E+000
      54   1.05998793E+015   0.00000000E+000   3.31304758E+014   1.98693487E+014   0.00000000E+000   0.00000000E+000   0.00000000E+000   2.65101049E+014   0.00000000E+000   2.64888640E+014   0.00000000E+000   0.00000000E+000
   0.00000000E+000
      55   1.06520092E+015   0.00000000E+000   3.32919219E+014   1.99688187E+014   0.00000000E+000   0.00000000E+000   0.00000000E+000   2.66435965E+014   0.00000000E+000   2.66157548E+014   0.00000000E+000   0.00000000E+000
   0.00000000E+000
      56   1.07050720E+015   0.00000000E+000   3.34564859E+014   2.00698268E+014   0.00000000E+000   0.00000000E+000   0.00000000E+000   2.67792330E+014   0.00000000E+000   2.67451747E+014   0.00000000E+000   0.00000000E+000
   0.00000000E+000
      57   1.07591036E+015   0.00000000E+000   3.36243843E+014   2.01723290E+014   0.00000000E+000   0.00000000E+000   0.00000000E+000   2.69172317E+014   0.00000000E+000   2.68770906E+014   0.00000000E+000   0.00000000E+000
   0.00000000E+000
      58   1.08141155E+015   0.00000000E+000   3.37956830E+014   2.02763444E+014   0.00000000E+000   0.00000000E+000   0.00000000E+000   2.70576093E+014   0.00000000E+000   2.70115181E+014   0.00000000E+000   0.00000000E+000
   0.00000000E+000
      59   1.08700754E+015   0.00000000E+000   3.39702800E+014   2.03817780E+014   0.00000000E+000   0.00000000E+000   0.00000000E+000   2.72003643E+014   0.00000000E+000   2.71483315E+014   0.00000000E+000   0.00000000E+000
   0.00000000E+000
      60   1.09269520E+015   0.00000000E+000   3.41479966E+014   2.04885774E+014   0.00000000E+000   0.00000000E+000   0.00000000E+000   2.73454792E+014   0.00000000E+000   2.72874662E+014   0.00000000E+000   0.00000000E+000
   0.00000000E+000
      61   1.09847435E+015   0.00000000E+000   3.43288416E+014   2.05967943E+014   0.00000000E+000   0.00000000E+000   0.00000000E+000   2.74928801E+014   0.00000000E+000   2.74289193E+014   0.00000000E+000   0.00000000E+000
   0.00000000E+000
      62   1.10434158E+015   0.00000000E+000   3.45128803E+014   2.07063136E+014   0.00000000E+000   0.00000000E+000   0.00000000E+000   2.76424952E+014   0.00000000E+000   2.75724690E+014   0.00000000E+000   0.00000000E+000
   0.00000000E+000
      63   1.11029452E+015   0.00000000E+000   3.46999554E+014   2.08171397E+014   0.00000000E+000   0.00000000E+000   0.00000000E+000   2.77942444E+014   0.00000000E+000   2.77181128E+014   0.00000000E+000   0.00000000E+000
   0.00000000E+000
      64   1.11633370E+015   0.00000000E+000   3.48899131E+014   2.09292370E+014   0.00000000E+000   0.00000000E+000   0.00000000E+000   2.79483930E+014   0.00000000E+000   2.78658267E+014   0.00000000E+000   0.00000000E+000
   0.00000000E+000
      65   1.12246006E+015   0.00000000E+000   3.50829554E+014   2.10427408E+014   0.00000000E+000   0.00000000E+000   0.00000000E+000   2.81045531E+014   0.00000000E+000   2.80157569E+014   0.00000000E+000   0.00000000E+000
   0.00000000E+000
      66   1.12867567E+015   0.00000000E+000   3.52789446E+014   2.11577674E+014   0.00000000E+000   0.00000000E+000   0.00000000E+000   2.82631717E+014   0.00000000E+000   2.81676832E+014   0.00000000E+000   0.00000000E+000
   0.00000000E+000
      67   1.13497622E+015   0.00000000E+000   3.54777525E+014   2.12741543E+014   0.00000000E+000   0.00000000E+000   0.00000000E+000   2.84240422E+014   0.00000000E+000   2.83216734E+014   0.00000000E+000   0.00000000E+000
   0.00000000E+000
      68   1.14136012E+015   0.00000000E+000   3.56792881E+014   2.13918834E+014   0.00000000E+000   0.00000000E+000   0.00000000E+000   2.85870709E+014   0.00000000E+000   2.84777697E+014   0.00000000E+000   0.00000000E+000
   0.00000000E+000
      69   1.14782388E+015   0.00000000E+000   3.58834017E+014   2.15109412E+014   0.00000000E+000   0.00000000E+000   0.00000000E+000   2.87520611E+014   0.00000000E+000   2.86359838E+014   0.00000000E+000   0.00000000E+000
   0.00000000E+000
      70   1.15436909E+015   0.00000000E+000   3.60901888E+014   2.16312899E+014   0.00000000E+000   0.00000000E+000   0.00000000E+000   2.89190550E+014   0.00000000E+000   2.87963750E+014   0.00000000E+000   0.00000000E+000
   0.00000000E+000
      71   1.15880098E+015   0.00000000E+000   3.61959175E+014   2.17529661E+014   0.00000000E+000   0.00000000E+000   0.00000000E+000   2.89720999E+014   0.00000000E+000   2.89591147E+014   0.00000000E+000   0.00000000E+000
   0.00000000E+000
      72   1.16144559E+015   0.00000000E+000   3.63394130E+014   2.17429381E+014   0.00000000E+000   0.00000000E+000   0.00000000E+000   2.90709870E+014   0.00000000E+000   2.89912211E+014   0.00000000E+000   0.00000000E+000
   0.00000000E+000
      73   1.16777659E+015   0.00000000E+000   3.65339080E+014   2.17525749E+014   0.00000000E+000   0.00000000E+000   0.00000000E+000   2.93478817E+014   0.00000000E+000   2.91432944E+014   0.00000000E+000   0.00000000E+000
   0.00000000E+000
      74   1.17350068E+015   0.00000000E+000   3.66415855E+014   2.18618389E+014   0.00000000E+000   0.00000000E+000   0.00000000E+000   2.94156097E+014   0.00000000E+000   2.94310336E+014   0.00000000E+000   0.00000000E+000
   0.00000000E+000
      75   1.17966357E+015   0.00000000E+000   3.68330298E+014   2.19677679E+014   0.00000000E+000   0.00000000E+000   0.00000000E+000   2.95730555E+014   0.00000000E+000   2.95925037E+014   0.00000000E+000   0.00000000E+000
   0.00000000E+000
      76   1.18588602E+015   0.00000000E+000   3.70257936E+014   2.20738110E+014   0.00000000E+000   0.00000000E+000   0.00000000E+000   2.97332227E+014   0.00000000E+000   2.97557744E+014   0.00000000E+000   0.00000000E+000
   0.00000000E+000
      77   1.19214099E+015   0.00000000E+000   3.72197404E+014   2.21800050E+014   0.00000000E+000   0.00000000E+000   0.00000000E+000   2.98937336E+014   0.00000000E+000   2.99206196E+014   0.00000000E+000   0.00000000E+000
   0.00000000E+000
      78   1.19845876E+015   0.00000000E+000   3.74174124E+014   2.22863483E+014   0.00000000E+000   0.00000000E+000   0.00000000E+000   3.00551321E+014   0.00000000E+000   3.00869832E+014   0.00000000E+000   0.00000000E+000
   0.00000000E+000
      79   1.20481819E+015   0.00000000E+000   3.76167493E+014   2.23928503E+014   0.00000000E+000   0.00000000E+000   0.00000000E+000   3.02175101E+014   0.00000000E+000   3.02547088E+014   0.00000000E+000   0.00000000E+000
   0.00000000E+000
      80   1.21121112E+015   0.00000000E+000   3.78169578E+014   2.24995226E+014   0.00000000E+000   0.00000000E+000   0.00000000E+000   3.03807249E+014   0.00000000E+000   3.04239067E+014   0.00000000E+000   0.00000000E+000
   0.00000000E+000
      81   1.21764143E+015   0.00000000E+000   3.80183806E+014   2.26063762E+014   0.00000000E+000   0.00000000E+000   0.00000000E+000   3.05449609E+014   0.00000000E+000   3.05944253E+014   0.00000000E+000   0.00000000E+000
   0.00000000E+000
      82   1.22409635E+015   0.00000000E+000   3.82213392E+014   2.27133893E+014   0.00000000E+000   0.00000000E+000   0.00000000E+000   3.07088857E+014   0.00000000E+000   3.07660203E+014   0.00000000E+000   0.00000000E+000
   0.00000000E+000
      83   1.23057819E+015   0.00000000E+000   3.84258142E+014   2.28206178E+014   0.00000000E+000   0.00000000E+000   0.00000000E+000   3.08733584E+014   0.00000000E+000   3.09380283E+014   0.00000000E+000   0.00000000E+000
   0.00000000E+000
      84   1.23422484E+015   0.00000000E+000   3.86723640E+014   2.29281144E+014   0.00000000E+000   0.00000000E+000   0.00000000E+000   3.07105719E+014   0.00000000E+000   3.11114342E+014   0.00000000E+000   0.00000000E+000
   0.00000000E+000
      85   1.24033657E+015   0.00000000E+000   3.88515606E+014   2.30357790E+014   0.00000000E+000   0.00000000E+000   0.00000000E+000   3.08603335E+014   0.00000000E+000   3.12859836E+014   0.00000000E+000   0.00000000E+000
   0.00000000E+000
      86   1.24668728E+015   0.00000000E+000   3.90526702E+014   2.31436854E+014   0.00000000E+000   0.00000000E+000   0.00000000E+000   3.10104783E+014   0.00000000E+000   3.14618939E+014   0.00000000E+000   0.00000000E+000
   0.00000000E+000
      87   1.25223393E+015   0.00000000E+000   3.92551228E+014   2.32521007E+014   0.00000000E+000   0.00000000E+000   0.00000000E+000   3.11609945E+014   0.00000000E+000   3.15551754E+014   0.00000000E+000   0.00000000E+000
   0.00000000E+000
      88   1.25855317E+015   0.00000000E+000   3.94587080E+014   2.33607087E+014   0.00000000E+000   0.00000000E+000   0.00000000E+000   3.13119269E+014   0.00000000E+000   3.17239736E+014   0.00000000E+000   0.00000000E+000
   0.00000000E+000
      89   1.26490403E+015   0.00000000E+000   3.96635194E+014   2.34694998E+014   0.00000000E+000   0.00000000E+000   0.00000000E+000   3.14633259E+014   0.00000000E+000   3.18940580E+014   0.00000000E+000   0.00000000E+000
   0.00000000E+000
      90   1.27128261E+015   0.00000000E+000   3.98696163E+014   2.35785662E+014   0.00000000E+000   0.00000000E+000   0.00000000E+000   3.16151417E+014   0.00000000E+000   3.20649366E+014   0.00000000E+000   0.00000000E+000
   0.00000000E+000
      91   1.27769068E+015   0.00000000E+000   4.00769326E+014   2.36878517E+014   0.00000000E+000   0.00000000E+000   0.00000000E+000   3.17673667E+014   0.00000000E+000   3.22369174E+014   0.00000000E+000   0.00000000E+000
   0.00000000E+000
      92   1.28412998E+015   0.00000000E+000   4.02853851E+014   2.37973063E+014   0.00000000E+000   0.00000000E+000   0.00000000E+000   3.19201105E+014   0.00000000E+000   3.24101963E+014   0.00000000E+000   0.00000000E+000
   0.00000000E+000
      93   1.29061017E+015   0.00000000E+000   4.04958121E+014   2.39069848E+014   0.00000000E+000   0.00000000E+000   0.00000000E+000   3.20733947E+014   0.00000000E+000   3.25848251E+014   0.00000000E+000   0.00000000E+000
   0.00000000E+000
      94   1.29603828E+015   0.00000000E+000   4.05991033E+014   2.40169354E+014   0.00000000E+000   0.00000000E+000   0.00000000E+000   3.22271971E+014   0.00000000E+000   3.27605917E+014   0.00000000E+000   0.00000000E+000
   0.00000000E+000
      95   1.30252475E+015   0.00000000E+000   4.08079862E+014   2.41271604E+014   0.00000000E+000   0.00000000E+000   0.00000000E+000   3.23822722E+014   0.00000000E+000   3.29350562E+014   0.00000000E+000   0.00000000E+000
   0.00000000E+000
      96   1.30796517E+015   0.00000000E+000   4.10004442E+014   2.42377275E+014   0.00000000E+000   0.00000000E+000   0.00000000E+000   3.24375947E+014   0.00000000E+000   3.31207506E+014   0.00000000E+000   0.00000000E+000
   0.00000000E+000
      97   1.31452041E+015   0.00000000E+000   4.12183453E+014   2.43485592E+014   0.00000000E+000   0.00000000E+000   0.00000000E+000   3.25892677E+014   0.00000000E+000   3.32958690E+014   0.00000000E+000   0.00000000E+000
   0.00000000E+000
      98   1.32360703E+015   0.00000000E+000   4.15005701E+014   2.44862827E+014   0.00000000E+000   0.00000000E+000   0.00000000E+000   3.28220113E+014   0.00000000E+000   3.35518386E+014   0.00000000E+000   0.00000000E+000
   0.00000000E+000
      99   1.33526859E+015   0.00000000E+000   4.18750593E+014   2.47165087E+014   0.00000000E+000   0.00000000E+000   0.00000000E+000   3.30825003E+014   0.00000000E+000   3.38527911E+014   0.00000000E+000   0.00000000E+000
   0.00000000E+000
     100   1.33263722E+015   2.17517330E+011   4.17109345E+014   2.47561381E+014   0.00000000E+000   0.00000000E+000   0.00000000E+000   3.31884917E+014   1.47784198E+011   3.35716275E+014   0.00000000E+000   0.00000000E+000
   0.00000000E+000
     101   1.33600771E+015   2.92757983E+011   4.18853330E+014   2.48236977E+014   0.00000000E+000   0.00000000E+000   0.00000000E+000   3.31384039E+014   1.99348673E+011   3.37041259E+014   0.00000000E+000   0.00000000E+000
   0.00000000E+000
     102   1.34130996E+015   3.64702544E+011   4.20661423E+014   2.49068310E+014   0.00000000E+000   0.00000000E+000   0.00000000E+000   3.32537617E+014   2.48841639E+011   3.38429062E+014   0.00000000E+000   0.00000000E+000
   0.00000000E+000
     103   1.34481314E+015   4.33288209E+011   4.22387831E+014   2.49919045E+014   0.00000000E+000   0.00000000E+000   0.00000000E+000   3.31634648E+014   2.59703096E+012   3.37841298E+014   0.00000000E+000   0.00000000E+000
   0.00000000E+000
     104   1.32823790E+015   7.42425755E+012   4.13127712E+014   2.44157734E+014   0.00000000E+000   0.00000000E+000   0.00000000E+000   3.26020908E+014   4.99292737E+012   3.32514364E+014   0.00000000E+000   0.00000000E+000
   0.00000000E+000
     105   1.31812729E+015   9.80683897E+012   4.08208037E+014   2.42813053E+014   0.00000000E+000   0.00000000E+000   0.00000000E+000   3.22659599E+014   5.11557785E+012   3.29524183E+014   0.00000000E+000   0.00000000E+000
   0.00000000E+000
     106   1.31512171E+015   1.44464099E+013   4.05572223E+014   2.39349765E+014   0.00000000E+000   0.00000000E+000   0.00000000E+000   3.19431877E+014   9.65276878E+012   3.26668664E+014   0.00000000E+000   0.00000000E+000
   0.00000000E+000
     107   1.31999406E+015   1.46983790E+013   4.07071127E+014   2.40034189E+014   0.00000000E+000   0.00000000E+000   0.00000000E+000   3.20345146E+014   9.81980065E+012   3.28025421E+014   0.00000000E+000   0.00000000E+000
   0.00000000E+000
     108   1.32490688E+015   1.49475511E+013   4.08606732E+014   2.40734534E+014   0.00000000E+000   0.00000000E+000   0.00000000E+000   3.21276055E+014   9.98474256E+012   3.29357264E+014   0.00000000E+000   0.00000000E+000
   0.00000000E+000
     109   1.32877170E+015   1.51938539E+013   4.10168990E+014   2.41451745E+014   0.00000000E+000   0.00000000E+000   0.00000000E+000   3.22222425E+014   1.01475570E+013   3.29587133E+014   0.00000000E+000   0.00000000E+000
   0.00000000E+000
     110   1.33227219E+015   1.54376042E+013   4.11974183E+014   2.42188062E+014   0.00000000E+000   0.00000000E+000   0.00000000E+000   3.23188373E+014   1.03082177E+013   3.29175753E+014   0.00000000E+000   0.00000000E+000
   0.00000000E+000
     111   1.33690568E+015   1.56769221E+013   4.13163279E+014   2.42943292E+014   0.00000000E+000   0.00000000E+000   0.00000000E+000   3.24174984E+014   1.04655461E+013   3.30481652E+014   0.00000000E+000   0.00000000E+000
   0.00000000E+000
     112   1.33759805E+015   1.80434712E+013   4.11812715E+014   2.41802818E+014   0.00000000E+000   0.00000000E+000   0.00000000E+000   3.23312585E+014   1.27255045E+013   3.29900960E+014   0.00000000E+000   0.00000000E+000
   0.00000000E+000
     113   1.32995486E+015   1.82815628E+013   4.09314004E+014   2.42580899E+014   0.00000000E+000   0.00000000E+000   0.00000000E+000   3.18732739E+014   1.50129250E+013   3.26032725E+014   0.00000000E+000   0.00000000E+000
   0.00000000E+000
     114   1.32265890E+015   2.27574940E+013   4.01804636E+014   2.39647108E+014   0.00000000E+000   0.00000000E+000   0.00000000E+000   3.16120820E+014   1.51918766E+013   3.27136964E+014   0.00000000E+000   0.00000000E+000
   0.00000000E+000
     115   1.32030182E+015   2.50521915E+013   3.97742404E+014   2.38624135E+014   0.00000000E+000   0.00000000E+000   0.00000000E+000   3.17034905E+014   1.53697439E+013   3.26478437E+014   0.00000000E+000   0.00000000E+000
   0.00000000E+000
     116   1.31980667E+015   2.53105399E+013   3.99006187E+014   2.39294966E+014   0.00000000E+000   0.00000000E+000   0.00000000E+000   3.17982886E+014   1.55459170E+013   3.22666171E+014   0.00000000E+000   0.00000000E+000
   0.00000000E+000
     117   1.31959978E+015   2.96266903E+013   3.96606392E+014   2.36472252E+014   0.00000000E+000   0.00000000E+000   0.00000000E+000   3.17126808E+014   1.77571308E+013   3.22010507E+014   0.00000000E+000   0.00000000E+000
   0.00000000E+000
     118   1.32248183E+015   2.99114750E+013   3.97697302E+014   2.37287607E+014   0.00000000E+000   0.00000000E+000   0.00000000E+000   3.16287157E+014   1.99373772E+013   3.21360913E+014   0.00000000E+000   0.00000000E+000
   0.00000000E+000
     119   1.32676770E+015   3.01954816E+013   3.98899529E+014   2.37837481E+014   0.00000000E+000   0.00000000E+000   0.00000000E+000   3.17149711E+014   2.01335181E+013   3.22551984E+014   0.00000000E+000   0.00000000E+000
   0.00000000E+000
     120   1.33119204E+015   3.04786543E+013   4.00113412E+014   2.38600251E+014   0.00000000E+000   0.00000000E+000   0.00000000E+000   3.18067936E+014   2.03297761E+013   3.23602010E+014   0.00000000E+000   0.00000000E+000
   0.00000000E+000
     121   1.33577405E+015   3.07620103E+013   4.01441904E+014   2.39370997E+014   0.00000000E+000   0.00000000E+000   0.00000000E+000   3.18893908E+014   2.05263794E+013   3.24778855E+014   0.00000000E+000   0.00000000E+000
   0.00000000E+000
     122   1.34045425E+015   3.10441842E+013   4.02765970E+014   2.40149941E+014   0.00000000E+000   0.00000000E+000   0.00000000E+000   3.19836876E+014   2.07228088E+013   3.25934468E+014   0.00000000E+000   0.00000000E+000
   0.00000000E+000
     123   1.34521636E+015   3.13254949E+013   4.04101184E+014   2.40935458E+014   0.00000000E+000   0.00000000E+000   0.00000000E+000   3.20801425E+014   2.09183498E+013   3.27134450E+014   0.00000000E+000   0.00000000E+000
   0.00000000E+000
     124   1.34930310E+015   3.16013896E+013   4.05473149E+014   2.41023381E+014   0.00000000E+000   0.00000000E+000   0.00000000E+000   3.21783568E+014   2.11129417E+013   3.28308669E+014   0.00000000E+000   0.00000000E+000
   0.00000000E+000
     125   1.35257041E+015   3.18769236E+013   4.06859374E+014   2.40835922E+014   0.00000000E+000   0.00000000E+000   0.00000000E+000   3.22911252E+014   2.13078006E+013   3.28779134E+014   0.00000000E+000   0.00000000E+000
   0.00000000E+000
     126   1.35712974E+015   3.27172391E+013   4.07671740E+014   2.41349378E+014   0.00000000E+000   0.00000000E+000   0.00000000E+000   3.23934059E+014   2.15018131E+013   3.29955515E+014   0.00000000E+000   0.00000000E+000
   0.00000000E+000
     127   1.36064090E+015   3.35274828E+013   4.07822985E+014   2.41494066E+014   0.00000000E+000   0.00000000E+000   0.00000000E+000   3.24964350E+014   2.16947039E+013   3.31137308E+014   0.00000000E+000   0.00000000E+000
   0.00000000E+000
     128   1.36258980E+015   3.38069537E+013   4.08414608E+014   2.39995813E+014   0.00000000E+000   0.00000000E+000   0.00000000E+000   3.26025647E+014   2.18871416E+013   3.32459636E+014   0.00000000E+000   0.00000000E+000
   0.00000000E+000
     129   1.36530754E+015   3.40832202E+013   4.07690349E+014   2.40687899E+014   0.00000000E+000   0.00000000E+000   0.00000000E+000   3.27071347E+014   2.20795046E+013   3.33695217E+014   0.00000000E+000   0.00000000E+000
   0.00000000E+000
     130   1.36988422E+015   3.43576488E+013   4.08793801E+014   2.41383543E+014   0.00000000E+000   0.00000000E+000   0.00000000E+000   3.28135944E+014   2.22709342E+013   3.34942348E+014   0.00000000E+000   0.00000000E+000
   0.00000000E+000
     131   1.37578730E+015   3.46244386E+013   4.10039917E+014   2.42066014E+014   0.00000000E+000   0.00000000E+000   0.00000000E+000   3.29164368E+014   2.24567110E+013   3.37435847E+014   0.00000000E+000   0.00000000E+000
   0.00000000E+000
     132   1.38015558E+015   3.48859696E+013   4.11359987E+014   2.42775561E+014   0.00000000E+000   0.00000000E+000   0.00000000E+000   3.29706473E+014   2.26420496E+013   3.38785537E+014   0.00000000E+000   0.00000000E+000
   0.00000000E+000
     133   1.38578091E+015   3.51493559E+013   4.13682315E+014   2.43498815E+014   0.00000000E+000   0.00000000E+000   0.00000000E+000   3.30584081E+014   2.28216920E+013   3.40044653E+014   0.00000000E+000   0.00000000E+000
   0.00000000E+000
     134   1.38944295E+015   3.54062767E+013   4.15105395E+014   2.44232753E+014   0.00000000E+000   0.00000000E+000   0.00000000E+000   3.31662408E+014   2.29959374E+013   3.40040182E+014   0.00000000E+000   0.00000000E+000
   0.00000000E+000
     135   1.38616474E+015   3.56587856E+013   4.12009882E+014   2.44975928E+014   0.00000000E+000   0.00000000E+000   0.00000000E+000   3.32831949E+014   2.31670706E+013   3.37521129E+014   0.00000000E+000   0.00000000E+000
   0.00000000E+000
     136   1.38350632E+015   3.76617939E+013   4.11802149E+014   2.44190132E+014   0.00000000E+000   0.00000000E+000   0.00000000E+000   3.32518670E+014   2.50957382E+013   3.32237835E+014   0.00000000E+000   0.00000000E+000
   0.00000000E+000
     137   1.38583972E+015   3.79298406E+013   4.10546956E+014   2.44938163E+014   0.00000000E+000   0.00000000E+000   0.00000000E+000   3.33653147E+014   2.52745136E+013   3.33497099E+014   0.00000000E+000   0.00000000E+000
   0.00000000E+000
     138   1.38546264E+015   3.81928588E+013   4.11827025E+014   2.45699926E+014   0.00000000E+000   0.00000000E+000   0.00000000E+000   3.29516305E+014   2.54297579E+013   3.34796769E+014   0.00000000E+000   0.00000000E+000
   0.00000000E+000
     139   1.39038666E+015   3.84514551E+013   4.13117768E+014   2.46460241E+014   0.00000000E+000   0.00000000E+000   0.00000000E+000   3.30625710E+014   2.56025565E+013   3.36128928E+014   0.00000000E+000   0.00000000E+000
   0.00000000E+000
     140   1.39493012E+015   3.87051719E+013   4.14414973E+014   2.47226659E+014   0.00000000E+000   0.00000000E+000   0.00000000E+000   3.31820129E+014   2.57726928E+013   3.36990497E+014   0.00000000E+000   0.00000000E+000
   0.00000000E+000
     141   1.39267645E+015   4.06526852E+013   4.14215384E+014   2.46600994E+014   0.00000000E+000   0.00000000E+000   0.00000000E+000   3.28713414E+014   2.59359993E+013   3.36557975E+014   0.00000000E+000   0.00000000E+000
   0.00000000E+000
     142   1.39495249E+015   4.09149258E+013   4.15487101E+014   2.47369704E+014   0.00000000E+000   0.00000000E+000   0.00000000E+000   3.27968531E+014   2.60983160E+013   3.37113915E+014   0.00000000E+000   0.00000000E+000
   0.00000000E+000
     143   1.39896895E+015   4.11741523E+013   4.16855051E+014   2.48165869E+014   0.00000000E+000   0.00000000E+000   0.00000000E+000   3.29054597E+014   2.62552159E+013   3.37464061E+014   0.00000000E+000   0.00000000E+000
   0.00000000E+000
     144   1.39925620E+015   4.14300283E+013   4.13356402E+014   2.48993042E+014   0.00000000E+000   0.00000000E+000   0.00000000E+000   3.30131159E+014   2.64067371E+013   3.38938828E+014   0.00000000E+000   0.00000000E+000
   0.00000000E+000
     145   1.40091494E+015   4.16798673E+013   4.14557366E+014   2.49807361E+014   0.00000000E+000   0.00000000E+000   0.00000000E+000   3.29436985E+014   2.83495210E+013   3.37083836E+014   0.00000000E+000   0.00000000E+000
   0.00000000E+000
     146   1.40116189E+015   4.19273715E+013   4.15795717E+014   2.50638149E+014   0.00000000E+000   0.00000000E+000   0.00000000E+000   3.30516401E+014   2.85282586E+013   3.33755997E+014   0.00000000E+000   0.00000000E+000
   0.00000000E+000
     147   1.40266621E+015   4.21709518E+013   4.17110395E+014   2.51492775E+014   0.00000000E+000   0.00000000E+000   0.00000000E+000   3.30121107E+014   3.04814872E+013   3.31289495E+014   0.00000000E+000   0.00000000E+000
   0.00000000E+000
     148   1.40616843E+015   4.41669087E+013   4.16905656E+014   2.50867109E+014   0.00000000E+000   0.00000000E+000   0.00000000E+000   3.31223969E+014   3.06658501E+013   3.32338937E+014   0.00000000E+000   0.00000000E+000
   0.00000000E+000
     149   1.40447822E+015   4.59348504E+013   4.13639262E+014   2.50206687E+014   0.00000000E+000   0.00000000E+000   0.00000000E+000   3.32347789E+014   3.08472223E+013   3.31502411E+014   0.00000000E+000   0.00000000E+000
   0.00000000E+000
     150   1.40664249E+015   4.62064007E+013   4.13997283E+014   2.51022669E+014   0.00000000E+000   0.00000000E+000   0.00000000E+000   3.32509433E+014   3.21939546E+013   3.30712752E+014   0.00000000E+000   0.00000000E+000
   0.00000000E+000
     151   1.41334068E+015   4.64729689E+013   4.15466424E+014   2.52572369E+014   0.00000000E+000   0.00000000E+000   0.00000000E+000   3.35077445E+014   3.23762131E+013   3.31375264E+014   0.00000000E+000   0.00000000E+000
   0.00000000E+000
     152   1.39535522E+015   4.67339347E+013   4.09272821E+014   2.49439473E+014   0.00000000E+000   0.00000000E+000   0.00000000E+000   3.30343316E+014   3.25544802E+013   3.27011192E+014   0.00000000E+000   0.00000000E+000
   0.00000000E+000
     153   1.36672377E+015   4.69831363E+013   4.00750077E+014   2.43340553E+014   0.00000000E+000   0.00000000E+000   0.00000000E+000   3.23174670E+014   3.27291154E+013   3.19746222E+014   0.00000000E+000   0.00000000E+000
   0.00000000E+000
     154   1.35496843E+015   4.88034766E+013   3.92861523E+014   2.42371977E+014   0.00000000E+000   0.00000000E+000   0.00000000E+000   3.18904078E+014   3.28996283E+013   3.19127744E+014   0.00000000E+000   0.00000000E+000
   0.00000000E+000
     155   1.34275580E+015   4.90729663E+013   3.90705225E+014   2.37941066E+014   0.00000000E+000   0.00000000E+000   0.00000000E+000   3.17229279E+014   3.30655965E+013   3.14741669E+014   0.00000000E+000   0.00000000E+000
   0.00000000E+000
     156   1.34373724E+015   4.93285289E+013   3.91132136E+014   2.38392737E+014   0.00000000E+000   0.00000000E+000   0.00000000E+000   3.16280584E+014   3.50220891E+013   3.13581162E+014   0.00000000E+000   0.00000000E+000
   0.00000000E+000
     157   1.34488590E+015   5.13267782E+013   3.89981013E+014   2.37239438E+014   0.00000000E+000   0.00000000E+000   0.00000000E+000   3.16970149E+014   3.52113539E+013   3.14157171E+014   0.00000000E+000   0.00000000E+000
   0.00000000E+000
     158   1.34481453E+015   5.16267808E+013   3.90377653E+014   2.37648300E+014   0.00000000E+000   0.00000000E+000   0.00000000E+000   3.15005159E+014   3.53996849E+013   3.14756948E+014   0.00000000E+000   0.00000000E+000
   0.00000000E+000
     159   1.34479709E+015   5.19243153E+013   3.90791215E+014   2.38057422E+014   0.00000000E+000   0.00000000E+000   0.00000000E+000   3.13053803E+014   3.55876240E+013   3.15382709E+014   0.00000000E+000   0.00000000E+000
   0.00000000E+000
     160   1.34715250E+015   5.22215248E+013   3.91222070E+014   2.38483960E+014   0.00000000E+000   0.00000000E+000   0.00000000E+000   3.13416690E+014   3.57734208E+013   3.16034833E+014   0.00000000E+000   0.00000000E+000
   0.00000000E+000
     161   1.34695836E+015   5.25176890E+013   3.90560932E+014   2.38929051E+014   0.00000000E+000   0.00000000E+000   0.00000000E+000   3.13377925E+014   3.59571603E+013   3.15615599E+014   0.00000000E+000   0.00000000E+000
   0.00000000E+000
     162   1.34057858E+015   5.28116696E+013   3.88774884E+014   2.37181252E+014   0.00000000E+000   0.00000000E+000   0.00000000E+000   3.11591067E+014   3.61390402E+013   3.14080672E+014   0.00000000E+000   0.00000000E+000
   0.00000000E+000
     163   1.34289447E+015   5.30995299E+013   3.89228913E+014   2.37641269E+014   0.00000000E+000   0.00000000E+000   0.00000000E+000   3.11823693E+014   3.63184447E+013   3.14782621E+014   0.00000000E+000   0.00000000E+000
   0.00000000E+000
     164   1.34079728E+015   5.38868196E+013   3.86881585E+014   2.38176554E+014   0.00000000E+000   0.00000000E+000   0.00000000E+000   3.10909824E+014   3.64951048E+013   3.14447397E+014   0.00000000E+000   0.00000000E+000
   0.00000000E+000
     165   1.33148779E+015   5.41732321E+013   3.83482332E+014   2.36464424E+014   0.00000000E+000   0.00000000E+000   0.00000000E+000   3.07840959E+014   3.72062579E+013   3.12320590E+014   0.00000000E+000   0.00000000E+000
   0.00000000E+000
     166   1.31460764E+015   5.44548421E+013   3.81771731E+014   2.31924722E+014   0.00000000E+000   0.00000000E+000   0.00000000E+000   3.04566418E+014   3.92544296E+013   3.02635498E+014   0.00000000E+000   0.00000000E+000
   0.00000000E+000
     167   1.31460028E+015   5.47281312E+013   3.82467609E+014   2.30988753E+014   0.00000000E+000   0.00000000E+000   0.00000000E+000   3.05164580E+014   3.94464987E+013   3.01804707E+014   0.00000000E+000   0.00000000E+000
   0.00000000E+000
     168   1.31661495E+015   5.49967574E+013   3.82990822E+014   2.31260163E+014   0.00000000E+000   0.00000000E+000   0.00000000E+000   3.05615998E+014   3.96370108E+013   3.02114195E+014   0.00000000E+000   0.00000000E+000
   0.00000000E+000
     169   1.31871991E+015   5.52596178E+013   3.83539937E+014   2.31554878E+014   0.00000000E+000   0.00000000E+000   0.00000000E+000   3.06097357E+014   3.98259012E+013   3.02442224E+014   0.00000000E+000   0.00000000E+000
   0.00000000E+000
     170   1.31477923E+015   5.61311688E+013   3.81499313E+014   2.30688191E+014   0.00000000E+000   0.00000000E+000   0.00000000E+000   3.05617537E+014   4.00124685E+013   3.00830554E+014   0.00000000E+000   0.00000000E+000
   0.00000000E+000
     171   1.31086318E+015   5.82354533E+013   3.78699795E+014   2.28620661E+014   0.00000000E+000   0.00000000E+000   0.00000000E+000   3.04919285E+014   4.01957633E+013   3.00192226E+014   0.00000000E+000   0.00000000E+000
   0.00000000E+000
     172   1.31161083E+015   5.85059068E+013   3.78243910E+014   2.28858836E+014   0.00000000E+000   0.00000000E+000   0.00000000E+000   3.05474110E+014   4.03764653E+013   3.00151602E+014   0.00000000E+000   0.00000000E+000
   0.00000000E+000
     173   1.31006413E+015   5.87752281E+013   3.78694639E+014   2.29113683E+014   0.00000000E+000   0.00000000E+000   0.00000000E+000   3.02426697E+014   4.05547908E+013   3.00499097E+014   0.00000000E+000   0.00000000E+000
   0.00000000E+000
     174   1.30132500E+015   6.08949523E+013   3.74427730E+014   2.26560931E+014   0.00000000E+000   0.00000000E+000   0.00000000E+000   2.99882813E+014   4.07280789E+013   2.98830495E+014   0.00000000E+000   0.00000000E+000
   0.00000000E+000
     175   1.29523718E+015   6.11840476E+013   3.71814362E+014   2.25837201E+014   0.00000000E+000   0.00000000E+000   0.00000000E+000   2.98250553E+014   4.08966564E+013   2.97254358E+014   0.00000000E+000   0.00000000E+000
   0.00000000E+000
     176   1.29510136E+015   6.14706575E+013   3.72176667E+014   2.25097316E+014   0.00000000E+000   0.00000000E+000   0.00000000E+000   2.97676815E+014   4.10615954E+013   2.97618308E+014   0.00000000E+000   0.00000000E+000
   0.00000000E+000
     177   1.29444161E+015   6.17546419E+013   3.72557721E+014   2.25315969E+014   0.00000000E+000   0.00000000E+000   0.00000000E+000   2.98093067E+014   4.12227180E+013   2.95497495E+014   0.00000000E+000   0.00000000E+000
   0.00000000E+000
     178   1.29621936E+015   6.20361499E+013   3.72956446E+014   2.25545270E+014   0.00000000E+000   0.00000000E+000   0.00000000E+000   2.98499661E+014   4.13802649E+013   2.95801564E+014   0.00000000E+000   0.00000000E+000
   0.00000000E+000
     179   1.29269048E+015   6.44635971E+013   3.71221219E+014   2.23714116E+014   0.00000000E+000   0.00000000E+000   0.00000000E+000   2.95636056E+014   4.15357106E+013   2.96119785E+014   0.00000000E+000   0.00000000E+000
   0.00000000E+000
     180   1.29371046E+015   6.47676143E+013   3.70971926E+014   2.23882275E+014   0.00000000E+000   0.00000000E+000   0.00000000E+000   2.95950275E+014   4.16872914E+013   2.96451082E+014   0.00000000E+000   0.00000000E+000
   0.00000000E+000
     181   1.29421536E+015   6.50737016E+013   3.71367347E+014   2.24059904E+014   0.00000000E+000   0.00000000E+000   0.00000000E+000   2.95074820E+014   4.30439098E+013   2.95595678E+014   0.00000000E+000   0.00000000E+000
   0.00000000E+000
     182   1.29194119E+015   6.53728659E+013   3.70834066E+014   2.23237790E+014   0.00000000E+000   0.00000000E+000   0.00000000E+000   2.94356712E+014   4.32283803E+013   2.94911376E+014   0.00000000E+000   0.00000000E+000
   0.00000000E+000
     183   1.29363760E+015   6.56671711E+013   3.71255096E+014   2.23425633E+014   0.00000000E+000   0.00000000E+000   0.00000000E+000   2.94683328E+014   4.34108603E+013   2.95195515E+014   0.00000000E+000   0.00000000E+000
   0.00000000E+000
     184   1.29539806E+015   6.59622793E+013   3.71697501E+014   2.23625755E+014   0.00000000E+000   0.00000000E+000   0.00000000E+000   2.95028225E+014   4.35915668E+013   2.95492728E+014   0.00000000E+000   0.00000000E+000
   0.00000000E+000
     185   1.29399248E+015   6.62602163E+013   3.70693822E+014   2.23841021E+014   0.00000000E+000   0.00000000E+000   0.00000000E+000   2.93625512E+014   4.37696819E+013   2.95802231E+014   0.00000000E+000   0.00000000E+000
   0.00000000E+000
     186   1.29548053E+015   6.69167194E+013   3.71097776E+014   2.23407198E+014   0.00000000E+000   0.00000000E+000   0.00000000E+000   2.93987856E+014   4.39462374E+013   2.96124742E+014   0.00000000E+000   0.00000000E+000
   0.00000000E+000
     187   1.29345662E+015   6.72168904E+013   3.71566829E+014   2.21817813E+014   0.00000000E+000   0.00000000E+000   0.00000000E+000   2.93758980E+014   4.41216580E+013   2.94974451E+014   0.00000000E+000   0.00000000E+000
   0.00000000E+000
     188   1.29198276E+015   6.75153590E+013   3.71026617E+014   2.22042112E+014   0.00000000E+000   0.00000000E+000   0.00000000E+000   2.93394500E+014   4.42954497E+013   2.93708726E+014   0.00000000E+000   0.00000000E+000
   0.00000000E+000
     189   1.28945053E+015   6.82006858E+013   3.70580401E+014   2.20688154E+014   0.00000000E+000   0.00000000E+000   0.00000000E+000   2.92128280E+014   4.48536940E+013   2.92999319E+014   0.00000000E+000   0.00000000E+000
   0.00000000E+000
     190   1.27921189E+015   6.85045036E+013   3.67891274E+014   2.19970161E+014   0.00000000E+000   0.00000000E+000   0.00000000E+000   2.87471117E+014   4.50241245E+013   2.90350709E+014   0.00000000E+000   0.00000000E+000
   0.00000000E+000
     191   1.28125173E+015   6.88027878E+013   3.66898118E+014   2.20206931E+014   0.00000000E+000   0.00000000E+000   0.00000000E+000   2.87719521E+014   4.72757053E+013   2.90348663E+014   0.00000000E+000   0.00000000E+000
   0.00000000E+000
     192   1.28294689E+015   6.90964520E+013   3.67312324E+014   2.20457638E+014   0.00000000E+000   0.00000000E+000   0.00000000E+000   2.87981882E+014   4.74726770E+013   2.90625922E+014   0.00000000E+000   0.00000000E+000
   0.00000000E+000
     193   1.28116558E+015   6.93842025E+013   3.65772115E+014   2.20722634E+014   0.00000000E+000   0.00000000E+000   0.00000000E+000   2.88257069E+014   4.76678199E+013   2.89361743E+014   0.00000000E+000   0.00000000E+000
   0.00000000E+000
     194   1.28062059E+015   6.96631159E+013   3.66190419E+014   2.19843795E+014   0.00000000E+000   0.00000000E+000   0.00000000E+000   2.88547713E+014   4.78607991E+013   2.88514753E+014   0.00000000E+000   0.00000000E+000
   0.00000000E+000
     195   1.27662199E+015   6.99345408E+013   3.65063229E+014   2.18812205E+014   0.00000000E+000   0.00000000E+000   0.00000000E+000   2.87291871E+014   4.80516211E+013   2.87468527E+014   0.00000000E+000   0.00000000E+000
   0.00000000E+000
     196   1.27746032E+015   7.02022563E+013   3.65005958E+014   2.19057101E+014   0.00000000E+000   0.00000000E+000   0.00000000E+000   2.87581766E+014   4.82393092E+013   2.87373928E+014   0.00000000E+000   0.00000000E+000
   0.00000000E+000
     197   1.27921759E+015   7.04676412E+013   3.65512172E+014   2.19316349E+014   0.00000000E+000   0.00000000E+000   0.00000000E+000   2.87881313E+014   4.84241683E+013   2.87615946E+014   0.00000000E+000   0.00000000E+000
   0.00000000E+000
     198   1.27742858E+015   7.30918802E+013   3.64395336E+014   2.16750679E+014   0.00000000E+000   0.00000000E+000   0.00000000E+000   2.86712330E+014   4.86061300E+013   2.87872226E+014   0.00000000E+000   0.00000000E+000
   0.00000000E+000
     199   1.27586869E+015   7.38817187E+013   3.63127455E+014   2.17053496E+014   0.00000000E+000   0.00000000E+000   0.00000000E+000   2.85161609E+014   4.94053383E+013   2.87239070E+014   0.00000000E+000   0.00000000E+000
   0.00000000E+000
     200   1.27754055E+015   7.41735807E+013   3.63514112E+014   2.17324719E+014   0.00000000E+000   0.00000000E+000   0.00000000E+000   2.85430569E+014   4.95858513E+013   2.87511714E+014   0.00000000E+000   0.00000000E+000
   0.00000000E+000
     201   1.27925445E+015   7.44580050E+013   3.63908722E+014   2.17612095E+014   0.00000000E+000   0.00000000E+000   0.00000000E+000   2.85712775E+014   4.97636021E+013   2.87799255E+014   0.00000000E+000   0.00000000E+000
   0.00000000E+000
     202   1.28098581E+015   7.47372492E+013   3.64316002E+014   2.17913674E+014   0.00000000E+000   0.00000000E+000   0.00000000E+000   2.85980961E+014   4.99371544E+013   2.88100766E+014   0.00000000E+000   0.00000000E+000
   0.00000000E+000
     203   1.28189494E+015   7.50170312E+013   3.64731605E+014   2.18224566E+014   0.00000000E+000   0.00000000E+000   0.00000000E+000   2.84972749E+014   5.16258494E+013   2.87323144E+014   0.00000000E+000   0.00000000E+000
   0.00000000E+000
     204   1.28363176E+015   7.52898294E+013   3.65097802E+014   2.18553881E+014   0.00000000E+000   0.00000000E+000   0.00000000E+000   2.85267970E+014   5.18149187E+013   2.87607356E+014   0.00000000E+000   0.00000000E+000
   0.00000000E+000
     205   1.28546726E+015   7.55587010E+013   3.65515023E+014   2.18903932E+014   0.00000000E+000   0.00000000E+000   0.00000000E+000   2.85578051E+014   5.20017281E+013   2.87909821E+014   0.00000000E+000   0.00000000E+000
   0.00000000E+000
     206   1.28354275E+015   7.56442557E+013   3.64229255E+014   2.19669024E+014   0.00000000E+000   0.00000000E+000   0.00000000E+000   2.83545347E+014   5.32588120E+013   2.87196058E+014   0.00000000E+000   0.00000000E+000
   0.00000000E+000
     207   1.28321974E+015   7.87622592E+013   3.61893845E+014   2.17841001E+014   0.00000000E+000   0.00000000E+000   0.00000000E+000   2.83787044E+014   5.34780834E+013   2.87457502E+014   0.00000000E+000   0.00000000E+000
   0.00000000E+000
     208   1.28313926E+015   7.90878034E+013   3.61328463E+014   2.18117421E+014   0.00000000E+000   0.00000000E+000   0.00000000E+000   2.83173978E+014   5.36972105E+013   2.87734386E+014   0.00000000E+000   0.00000000E+000
   0.00000000E+000
     209   1.28036950E+015   7.94127501E+013   3.60617156E+014   2.16909259E+014   0.00000000E+000   0.00000000E+000   0.00000000E+000   2.83427645E+014   5.39155499E+013   2.86087136E+014   0.00000000E+000   0.00000000E+000
   0.00000000E+000
     210   1.28186429E+015   7.97413716E+013   3.60827543E+014   2.17150398E+014   0.00000000E+000   0.00000000E+000   0.00000000E+000   2.83689228E+014   5.41333387E+013   2.86322406E+014   0.00000000E+000   0.00000000E+000
   0.00000000E+000
     211   1.28152812E+015   8.00645267E+013   3.61169094E+014   2.16463893E+014   0.00000000E+000   0.00000000E+000   0.00000000E+000   2.82376539E+014   5.48046221E+013   2.86649446E+014   0.00000000E+000   0.00000000E+000
   0.00000000E+000
     212   1.28308802E+015   8.03841880E+013   3.61534585E+014   2.16705221E+014   0.00000000E+000   0.00000000E+000   0.00000000E+000   2.82644890E+014   5.50226975E+013   2.86796440E+014   0.00000000E+000   0.00000000E+000
   0.00000000E+000
     213   1.28479309E+015   8.06991964E+013   3.61919352E+014   2.16958968E+014   0.00000000E+000   0.00000000E+000   0.00000000E+000   2.82925230E+014   5.52405477E+013   2.87049794E+014   0.00000000E+000   0.00000000E+000
   0.00000000E+000
     214   1.28653726E+015   8.10100145E+013   3.62314063E+014   2.17225069E+014   0.00000000E+000   0.00000000E+000   0.00000000E+000   2.83218460E+014   5.54576379E+013   2.87312019E+014   0.00000000E+000   0.00000000E+000
   0.00000000E+000
     215   1.28923273E+015   8.13178216E+013   3.63647629E+014   2.17496911E+014   0.00000000E+000   0.00000000E+000   0.00000000E+000   2.83513012E+014   5.56734742E+013   2.87583884E+014   0.00000000E+000   0.00000000E+000
   0.00000000E+000
     216   1.28680293E+015   8.20615277E+013   3.59519918E+014   2.17636586E+014   0.00000000E+000   0.00000000E+000   0.00000000E+000   2.83823082E+014   5.58884774E+013   2.87873339E+014   0.00000000E+000   0.00000000E+000
   0.00000000E+000
     217   1.28716482E+015   8.23528080E+013   3.59507267E+014   2.17914194E+014   0.00000000E+000   0.00000000E+000   0.00000000E+000   2.83108399E+014   5.61020687E+013   2.88180086E+014   0.00000000E+000   0.00000000E+000
   0.00000000E+000
     218   1.28791921E+015   8.36897707E+013   3.58952125E+014   2.17661300E+014   0.00000000E+000   0.00000000E+000   0.00000000E+000   2.83424903E+014   5.63142077E+013   2.87876908E+014   0.00000000E+000   0.00000000E+000
   0.00000000E+000
     219   1.28760255E+015   8.39950484E+013   3.58375187E+014   2.17939379E+014   0.00000000E+000   0.00000000E+000   0.00000000E+000   2.83765611E+014   5.65249924E+013   2.87002334E+014   0.00000000E+000   0.00000000E+000
   0.00000000E+000
     220   1.28718474E+015   8.42955690E+013   3.57645257E+014   2.18233643E+014   0.00000000E+000   0.00000000E+000   0.00000000E+000   2.84123217E+014   5.67339463E+013   2.86153112E+014   0.00000000E+000   0.00000000E+000
   0.00000000E+000
     221   1.28449674E+015   8.45911889E+013   3.56917483E+014   2.17371490E+014   0.00000000E+000   0.00000000E+000   0.00000000E+000   2.83273676E+014   5.69395264E+013   2.85403377E+014   0.00000000E+000   0.00000000E+000
   0.00000000E+000
     222   1.28434855E+015   8.53856147E+013   3.55677144E+014   2.17924101E+014   0.00000000E+000   0.00000000E+000   0.00000000E+000   2.83649824E+014   5.71430247E+013   2.84568844E+014   0.00000000E+000   0.00000000E+000
   0.00000000E+000
     223   1.28590429E+015   8.56614960E+013   3.55751390E+014   2.18228606E+014   0.00000000E+000   0.00000000E+000   0.00000000E+000   2.84029596E+014   5.73435798E+013   2.84889626E+014   0.00000000E+000   0.00000000E+000
   0.00000000E+000
     224   1.28733509E+015   8.59332587E+013   3.55668033E+014   2.18559428E+014   0.00000000E+000   0.00000000E+000   0.00000000E+000   2.84405476E+014   5.75412606E+013   2.85227634E+014   0.00000000E+000   0.00000000E+000
   0.00000000E+000
     225   1.28701072E+015   8.62046798E+013   3.56128007E+014   2.17786546E+014   0.00000000E+000   0.00000000E+000   0.00000000E+000   2.83573817E+014   5.77354292E+013   2.85582237E+014   0.00000000E+000   0.00000000E+000
   0.00000000E+000
     226   1.28891817E+015   8.64688210E+013   3.56610075E+014   2.18141975E+014   0.00000000E+000   0.00000000E+000   0.00000000E+000   2.84175693E+014   5.81580504E+013   2.85363560E+014   0.00000000E+000   0.00000000E+000
   0.00000000E+000
     227   1.29063047E+015   8.67317661E+013   3.56633527E+014   2.18528731E+014   0.00000000E+000   0.00000000E+000   0.00000000E+000   2.84609940E+014   5.83457686E+013   2.85780737E+014   0.00000000E+000   0.00000000E+000
   0.00000000E+000
     228   1.29288332E+015   8.69855197E+013   3.57149204E+014   2.18933292E+014   0.00000000E+000   0.00000000E+000   0.00000000E+000   2.85073527E+014   5.85307693E+013   2.86211013E+014   0.00000000E+000   0.00000000E+000
   0.00000000E+000
     229   1.29524230E+015   8.72317869E+013   3.57703962E+014   2.19361956E+014   0.00000000E+000   0.00000000E+000   0.00000000E+000   2.85563770E+014   5.87122148E+013   2.86668613E+014   0.00000000E+000   0.00000000E+000
   0.00000000E+000
     230   1.29668516E+015   8.88957558E+013   3.57191818E+014   2.18473573E+014   0.00000000E+000   0.00000000E+000   0.00000000E+000   2.86085083E+014   5.88898718E+013   2.87149056E+014   0.00000000E+000   0.00000000E+000
   0.00000000E+000
     231   1.29825890E+015   8.91459134E+013   3.57759045E+014   2.18925315E+014   0.00000000E+000   0.00000000E+000   0.00000000E+000   2.85716350E+014   5.90637745E+013   2.87648501E+014   0.00000000E+000   0.00000000E+000
   0.00000000E+000
     232   1.30077204E+015   8.93954580E+013   3.58355328E+014   2.19352036E+014   0.00000000E+000   0.00000000E+000   0.00000000E+000   2.86265977E+014   5.92345202E+013   2.88168724E+014   0.00000000E+000   0.00000000E+000
   0.00000000E+000
     233   1.30061034E+015   9.10311267E+013   3.57646891E+014   2.18817195E+014   0.00000000E+000   0.00000000E+000   0.00000000E+000   2.85229508E+014   6.06563173E+013   2.87229306E+014   0.00000000E+000   0.00000000E+000
   0.00000000E+000
     234   1.29858858E+015   9.12843375E+013   3.56403554E+014   2.19260800E+014   0.00000000E+000   0.00000000E+000   0.00000000E+000   2.83884775E+014   6.08544697E+013   2.86900648E+014   0.00000000E+000   0.00000000E+000
   0.00000000E+000
     235   1.30097476E+015   9.13650898E+013   3.56998403E+014   2.19728834E+014   0.00000000E+000   0.00000000E+000   0.00000000E+000   2.84438638E+014   6.10507138E+013   2.87393077E+014   0.00000000E+000   0.00000000E+000
   0.00000000E+000
     236   1.30216918E+015   9.16134161E+013   3.56181537E+014   2.20219798E+014   0.00000000E+000   0.00000000E+000   0.00000000E+000   2.85021559E+014   6.12443144E+013   2.87888558E+014   0.00000000E+000   0.00000000E+000
   0.00000000E+000
     237   1.30171052E+015   9.32670477E+013   3.55424233E+014   2.19429173E+014   0.00000000E+000   0.00000000E+000   0.00000000E+000   2.83747573E+014   6.26502979E+013   2.87192200E+014   0.00000000E+000   0.00000000E+000
   0.00000000E+000
     238   1.30341809E+015   9.35513620E+013   3.55967145E+014   2.19891702E+014   0.00000000E+000   0.00000000E+000   0.00000000E+000   2.84291136E+014   6.28768956E+013   2.86839852E+014   0.00000000E+000   0.00000000E+000
   0.00000000E+000
     239   1.30334473E+015   9.57763422E+013   3.55037834E+014   2.17249638E+014   0.00000000E+000   0.00000000E+000   0.00000000E+000   2.84842411E+014   6.31027197E+013   2.87335785E+014   0.00000000E+000   0.00000000E+000
   0.00000000E+000
     240   1.30590694E+015   9.61097266E+013   3.55553946E+014   2.17659914E+014   0.00000000E+000   0.00000000E+000   0.00000000E+000   2.85407853E+014   6.33279343E+013   2.87847565E+014   0.00000000E+000   0.00000000E+000
   0.00000000E+000
     241   1.30728322E+015   9.70014344E+013   3.56428745E+014   2.15649330E+014   0.00000000E+000   0.00000000E+000   0.00000000E+000   2.86275823E+014   6.35523198E+013   2.88375565E+014   0.00000000E+000   0.00000000E+000
   0.00000000E+000
     242   1.30979068E+015   9.73253311E+013   3.56934112E+014   2.16068053E+014   0.00000000E+000   0.00000000E+000   0.00000000E+000   2.86766752E+014   6.37760420E+013   2.88920392E+014   0.00000000E+000   0.00000000E+000
   0.00000000E+000
     243   1.31213434E+015   9.76434480E+013   3.56298316E+014   2.16757379E+014   0.00000000E+000   0.00000000E+000   0.00000000E+000   2.87972281E+014   6.39991127E+013   2.89463800E+014   0.00000000E+000   0.00000000E+000
   0.00000000E+000
     244   1.31553021E+015   9.79579057E+013   3.56800575E+014   2.17775863E+014   0.00000000E+000   0.00000000E+000   0.00000000E+000   2.88757382E+014   6.42104142E+013   2.90028069E+014   0.00000000E+000   0.00000000E+000
   0.00000000E+000
     245   1.31751822E+015   9.89118404E+013   3.56500985E+014   2.18308388E+014   0.00000000E+000   0.00000000E+000   0.00000000E+000   2.88773522E+014   6.44207563E+013   2.90602728E+014   0.00000000E+000   0.00000000E+000
   0.00000000E+000
     246   1.32025298E+015   9.91424686E+013   3.56988016E+014   2.18670341E+014   0.00000000E+000   0.00000000E+000   0.00000000E+000   2.89612399E+014   6.46302586E+013   2.91209495E+014   0.00000000E+000   0.00000000E+000
   0.00000000E+000
     247   1.32001377E+015   9.93889118E+013   3.56664136E+014   2.19063357E+014   0.00000000E+000   0.00000000E+000   0.00000000E+000   2.89606656E+014   6.53357399E+013   2.89954974E+014   0.00000000E+000   0.00000000E+000
   0.00000000E+000
     248   1.32181217E+015   9.96313588E+013   3.57293819E+014   2.19466453E+014   0.00000000E+000   0.00000000E+000   0.00000000E+000   2.90345117E+014   6.56387754E+013   2.89436648E+014   0.00000000E+000   0.00000000E+000
   0.00000000E+000
     249   1.32243627E+015   9.98784686E+013   3.57939617E+014   2.19056374E+014   0.00000000E+000   0.00000000E+000   0.00000000E+000   2.89498575E+014   6.58145854E+013   2.90248647E+014   0.00000000E+000   0.00000000E+000
   0.00000000E+000
     250   1.32379565E+015   9.98681829E+013   3.59188942E+014   2.18371834E+014   0.00000000E+000   0.00000000E+000   0.00000000E+000   2.88588455E+014   6.60271597E+013   2.91751080E+014   0.00000000E+000   0.00000000E+000
   0.00000000E+000
     251   1.32755887E+015   1.00103207E+014   3.60011353E+014   2.18889656E+014   0.00000000E+000   0.00000000E+000   0.00000000E+000   2.89399304E+014   6.62363703E+013   2.92918978E+014   0.00000000E+000   0.00000000E+000
   0.00000000E+000
     252   1.32775780E+015   1.00338532E+014   3.60254995E+014   2.18810922E+014   0.00000000E+000   0.00000000E+000   0.00000000E+000   2.89104235E+014   6.70197714E+013   2.92229349E+014   0.00000000E+000   0.00000000E+000
   0.00000000E+000
     253   1.32998186E+015   1.00574029E+014   3.61002234E+014   2.19050191E+014   0.00000000E+000   0.00000000E+000   0.00000000E+000   2.89161708E+014   6.75023950E+013   2.92691305E+014   0.00000000E+000   0.00000000E+000
   0.00000000E+000
     254   1.33436200E+015   1.00802225E+014   3.61797747E+014   2.20186869E+014   0.00000000E+000   0.00000000E+000   0.00000000E+000   2.90482319E+014   6.77300624E+013   2.93362782E+014   0.00000000E+000   0.00000000E+000
   0.00000000E+000
     255   1.33807875E+015   1.01026844E+014   3.62637249E+014   2.20926325E+014   0.00000000E+000   0.00000000E+000   0.00000000E+000   2.91458029E+014   6.79582383E+013   2.94072061E+014   0.00000000E+000   0.00000000E+000
   0.00000000E+000
     256   1.34157751E+015   1.01229419E+014   3.62062128E+014   2.20974424E+014   0.00000000E+000   0.00000000E+000   0.00000000E+000   2.93620025E+014   6.81866991E+013   2.95504811E+014   0.00000000E+000   0.00000000E+000
   0.00000000E+000
     257   1.33890245E+015   1.02060366E+014   3.59121005E+014   2.21901896E+014   0.00000000E+000   0.00000000E+000   0.00000000E+000   2.91843570E+014   6.84133453E+013   2.95562271E+014   0.00000000E+000   0.00000000E+000
   0.00000000E+000
     258   1.34302246E+015   1.02227259E+014   3.60118035E+014   2.22712270E+014   0.00000000E+000   0.00000000E+000   0.00000000E+000   2.92865143E+014   6.86416142E+013   2.96458144E+014   0.00000000E+000   0.00000000E+000
   0.00000000E+000
     259   1.34701318E+015   1.02392955E+014   3.61190214E+014   2.23580679E+014   0.00000000E+000   0.00000000E+000   0.00000000E+000   2.92797970E+014   7.00057360E+013   2.97045626E+014   0.00000000E+000   0.00000000E+000
   0.00000000E+000
     260   1.35420454E+015   1.02563203E+014   3.63182886E+014   2.24851578E+014   0.00000000E+000   0.00000000E+000   0.00000000E+000   2.94907542E+014   6.98122108E+013   2.98887123E+014   0.00000000E+000   0.00000000E+000
   0.00000000E+000
     261   1.35813563E+015   1.02724680E+014   3.64340057E+014   2.25723967E+014   0.00000000E+000   0.00000000E+000   0.00000000E+000   2.95308751E+014   6.99279160E+013   3.00110256E+014   0.00000000E+000   0.00000000E+000
   0.00000000E+000
     262   1.36201978E+015   1.03349821E+014   3.64841483E+014   2.26599416E+014   0.00000000E+000   0.00000000E+000   0.00000000E+000   2.95531062E+014   7.00569173E+013   3.01641080E+014   0.00000000E+000   0.00000000E+000
   0.00000000E+000
     263   1.36743148E+015   1.03248167E+014   3.66032540E+014   2.27983964E+014   0.00000000E+000   0.00000000E+000   0.00000000E+000   2.97241984E+014   7.02163061E+013   3.02708518E+014   0.00000000E+000   0.00000000E+000
   0.00000000E+000
     264   1.37234570E+015   1.03380157E+014   3.67314090E+014   2.28806488E+014   0.00000000E+000   0.00000000E+000   0.00000000E+000   2.98589809E+014   7.03740175E+013   3.03881144E+014   0.00000000E+000   0.00000000E+000
   0.00000000E+000
     265   1.37723762E+015   1.03507153E+014   3.68481936E+014   2.29780072E+014   0.00000000E+000   0.00000000E+000   0.00000000E+000   2.99962689E+014   7.05280934E+013   3.04977673E+014   0.00000000E+000   0.00000000E+000
   0.00000000E+000
     266   1.38206645E+015   1.03890598E+014   3.69431066E+014   2.30706639E+014   0.00000000E+000   0.00000000E+000   0.00000000E+000   3.01243939E+014   7.06789811E+013   3.06115230E+014   0.00000000E+000   0.00000000E+000
   0.00000000E+000
     267   1.38654879E+015   1.04014688E+014   3.70758704E+014   2.31672639E+014   0.00000000E+000   0.00000000E+000   0.00000000E+000   3.02004055E+014   7.10294431E+013   3.07069259E+014   0.00000000E+000   0.00000000E+000
   0.00000000E+000
     268   1.39236810E+015   1.04144355E+014   3.72248458E+014   2.33145150E+014   0.00000000E+000   0.00000000E+000   0.00000000E+000   3.03416165E+014   7.11299700E+013   3.08284007E+014   0.00000000E+000   0.00000000E+000
   0.00000000E+000
     269   1.39733275E+015   1.04275371E+014   3.73246552E+014   2.34178786E+014   0.00000000E+000   0.00000000E+000   0.00000000E+000   3.04823492E+014   7.12687264E+013   3.09539824E+014   0.00000000E+000   0.00000000E+000
   0.00000000E+000
     270   1.40199295E+015   1.04402653E+014   3.74216137E+014   2.35221092E+014   0.00000000E+000   0.00000000E+000   0.00000000E+000   3.05997435E+014   7.13748975E+013   3.10780734E+014   0.00000000E+000   0.00000000E+000
   0.00000000E+000
     271   1.40739361E+015   1.04530843E+014   3.75585912E+014   2.36300643E+014   0.00000000E+000   0.00000000E+000   0.00000000E+000   3.07436718E+014   7.15129081E+013   3.12026584E+014   0.00000000E+000   0.00000000E+000
   0.00000000E+000
     272   1.41285526E+015   1.04656193E+014   3.76980107E+014   2.37387254E+014   0.00000000E+000   0.00000000E+000   0.00000000E+000   3.08888353E+014   7.16439081E+013   3.13299447E+014   0.00000000E+000   0.00000000E+000
   0.00000000E+000
     273   1.41806886E+015   1.04777116E+014   3.78396296E+014   2.38491405E+014   0.00000000E+000   0.00000000E+000   0.00000000E+000   3.10371417E+014   7.17678130E+013   3.14264816E+014   0.00000000E+000   0.00000000E+000
   0.00000000E+000
     274   1.42325928E+015   1.04887198E+014   3.79844315E+014   2.39322839E+014   0.00000000E+000   0.00000000E+000   0.00000000E+000   3.11497238E+014   7.21712331E+013   3.15536461E+014   0.00000000E+000   0.00000000E+000
   0.00000000E+000
     275   1.42924224E+015   1.04993170E+014   3.82320220E+014   2.40426390E+014   0.00000000E+000   0.00000000E+000   0.00000000E+000   3.12506809E+014   7.22455160E+013   3.16750132E+014   0.00000000E+000   0.00000000E+000
   0.00000000E+000
     276   1.43369847E+015   1.05101293E+014   3.83846001E+014   2.42169266E+014   0.00000000E+000   0.00000000E+000   0.00000000E+000   3.13966498E+014   7.23652389E+013   3.16250175E+014   0.00000000E+000   0.00000000E+000
   0.00000000E+000
     277   1.43958249E+015   1.05217027E+014   3.85397168E+014   2.43352975E+014   0.00000000E+000   0.00000000E+000   0.00000000E+000   3.15536117E+014   7.24845386E+013   3.17594662E+014   0.00000000E+000   0.00000000E+000
   0.00000000E+000
     278   1.44675252E+015   1.05343269E+014   3.87989107E+014   2.44150659E+014   0.00000000E+000   0.00000000E+000   0.00000000E+000   3.17680720E+014   7.25960729E+013   3.18992695E+014   0.00000000E+000   0.00000000E+000
   0.00000000E+000
     279   1.45373269E+015   1.05468995E+014   3.89624218E+014   2.45288400E+014   0.00000000E+000   0.00000000E+000   0.00000000E+000   3.19194705E+014   7.27064019E+013   3.21449967E+014   0.00000000E+000   0.00000000E+000
   0.00000000E+000
     280   1.45979665E+015   1.05598679E+014   3.91280501E+014   2.46473968E+014   0.00000000E+000   0.00000000E+000   0.00000000E+000   3.20697064E+014   7.28150115E+013   3.22931427E+014   0.00000000E+000   0.00000000E+000
   0.00000000E+000
     281   1.46593638E+015   1.05730927E+014   3.92963186E+014   2.47698746E+014   0.00000000E+000   0.00000000E+000   0.00000000E+000   3.22192173E+014   7.29203416E+013   3.24431009E+014   0.00000000E+000   0.00000000E+000
   0.00000000E+000
     282   1.47215099E+015   1.05862621E+014   3.94671107E+014   2.48919905E+014   0.00000000E+000   0.00000000E+000   0.00000000E+000   3.23720923E+014   7.30245966E+013   3.25951834E+014   0.00000000E+000   0.00000000E+000
   0.00000000E+000
     283   1.47443254E+015   1.05996511E+014   3.92384026E+014   2.50179121E+014   0.00000000E+000   0.00000000E+000   0.00000000E+000   3.25259097E+014   7.31259607E+013   3.27487829E+014   0.00000000E+000   0.00000000E+000
   0.00000000E+000
     284   1.47909067E+015   1.06139382E+014   3.92034373E+014   2.51736436E+014   0.00000000E+000   0.00000000E+000   0.00000000E+000   3.27249042E+014   7.19044430E+013   3.30026997E+014   0.00000000E+000   0.00000000E+000
   0.00000000E+000
     285   1.48604217E+015   1.06284548E+014   3.93571471E+014   2.54697041E+014   0.00000000E+000   0.00000000E+000   0.00000000E+000   3.27977035E+014   7.19776609E+013   3.31534416E+014   0.00000000E+000   0.00000000E+000
   0.00000000E+000
     286   1.49287365E+015   1.06509366E+014   3.95585057E+014   2.55975809E+014   0.00000000E+000   0.00000000E+000   0.00000000E+000   3.29790189E+014   7.20494321E+013   3.32963798E+014   0.00000000E+000   0.00000000E+000
   0.00000000E+000
     287   1.49928474E+015   1.06663511E+014   3.97221261E+014   2.57640168E+014   0.00000000E+000   0.00000000E+000   0.00000000E+000   3.31033626E+014   7.21199254E+013   3.34606245E+014   0.00000000E+000   0.00000000E+000
   0.00000000E+000
     288   1.50386695E+015   1.06824569E+014   3.96541028E+014   2.59319278E+014   0.00000000E+000   0.00000000E+000   0.00000000E+000   3.32583973E+014   7.24440219E+013   3.36154082E+014   0.00000000E+000   0.00000000E+000
   0.00000000E+000
     289   1.50725247E+015   1.06986628E+014   3.98107447E+014   2.57865267E+014   0.00000000E+000   0.00000000E+000   0.00000000E+000   3.34100797E+014   7.24730909E+013   3.37719237E+014   0.00000000E+000   0.00000000E+000
   0.00000000E+000
     290   1.51349618E+015   1.07152084E+014   3.99761845E+014   2.59136555E+014   0.00000000E+000   0.00000000E+000   0.00000000E+000   3.35640642E+014   7.25058656E+013   3.39299188E+014   0.00000000E+000   0.00000000E+000
   0.00000000E+000
     291   1.51881638E+015   1.07322784E+014   4.01388122E+014   2.60362580E+014   0.00000000E+000   0.00000000E+000   0.00000000E+000   3.37001861E+014   7.31344075E+013   3.39606625E+014   0.00000000E+000   0.00000000E+000
   0.00000000E+000
     292   1.52591858E+015   1.07496305E+014   4.02886894E+014   2.62160960E+014   0.00000000E+000   0.00000000E+000   0.00000000E+000   3.38737613E+014   7.31957655E+013   3.41441046E+014   0.00000000E+000   0.00000000E+000
   0.00000000E+000
     293   1.52939079E+015   1.07670068E+014   4.04558254E+014   2.63415327E+014   0.00000000E+000   0.00000000E+000   0.00000000E+000   3.38912231E+014   7.32578299E+013   3.41577081E+014   0.00000000E+000   0.00000000E+000
   0.00000000E+000
     294   1.53467125E+015   1.07939554E+014   4.06245387E+014   2.64689750E+014   0.00000000E+000   0.00000000E+000   0.00000000E+000   3.39478940E+014   7.51358689E+013   3.41181748E+014   0.00000000E+000   0.00000000E+000
   0.00000000E+000
     295   1.54267472E+015   1.08130901E+014   4.08226866E+014   2.65957525E+014   0.00000000E+000   0.00000000E+000   0.00000000E+000   3.41016027E+014   7.65740510E+013   3.42769353E+014   0.00000000E+000   0.00000000E+000
   0.00000000E+000
     296   1.54900030E+015   1.08322501E+014   4.09852012E+014   2.67262005E+014   0.00000000E+000   0.00000000E+000   0.00000000E+000   3.42566038E+014   7.66819104E+013   3.44315838E+014   0.00000000E+000   0.00000000E+000
   0.00000000E+000
     297   1.55056695E+015   1.08517932E+014   4.11499602E+014   2.68577738E+014   0.00000000E+000   0.00000000E+000   0.00000000E+000   3.44158208E+014   7.67869924E+013   3.41026482E+014   0.00000000E+000   0.00000000E+000
   0.00000000E+000
     298   1.55674569E+015   1.08705722E+014   4.13113100E+014   2.69871919E+014   0.00000000E+000   0.00000000E+000   0.00000000E+000   3.45723059E+014   7.68901899E+013   3.42441700E+014   0.00000000E+000   0.00000000E+000
   0.00000000E+000
     299   1.55915203E+015   1.08895576E+014   4.11469217E+014   2.70767038E+014   0.00000000E+000   0.00000000E+000   0.00000000E+000   3.47125001E+014   7.70364089E+013   3.43858791E+014   0.00000000E+000   0.00000000E+000
   0.00000000E+000
     300   1.56498257E+015   1.09084801E+014   4.13069911E+014   2.71983054E+014   0.00000000E+000   0.00000000E+000   0.00000000E+000   3.48428690E+014   7.75080474E+013   3.44908067E+014   0.00000000E+000   0.00000000E+000
   0.00000000E+000
     301   1.56959348E+015   1.09267787E+014   4.13568627E+014   2.73184129E+014   0.00000000E+000   0.00000000E+000   0.00000000E+000   3.50020265E+014   7.71930586E+013   3.46359618E+014   0.00000000E+000   0.00000000E+000
   0.00000000E+000
     302   1.57669604E+015   1.09452792E+014   4.15162463E+014   2.75337555E+014   0.00000000E+000   0.00000000E+000   0.00000000E+000   3.51620406E+014   7.73094448E+013   3.47813374E+014   0.00000000E+000   0.00000000E+000
   0.00000000E+000
     303   1.58275970E+015   1.09638519E+014   4.16779369E+014   2.76591498E+014   0.00000000E+000   0.00000000E+000   0.00000000E+000   3.53052516E+014   7.74301094E+013   3.49267692E+014   0.00000000E+000   0.00000000E+000
   0.00000000E+000
     304   1.58892000E+015   1.09827283E+014   4.18593294E+014   2.77822071E+014   0.00000000E+000   0.00000000E+000   0.00000000E+000   3.54615522E+014   7.75554458E+013   3.50506389E+014   0.00000000E+000   0.00000000E+000
   0.00000000E+000
     305   1.59513366E+015   1.10015427E+014   4.20146184E+014   2.79095882E+014   0.00000000E+000   0.00000000E+000   0.00000000E+000   3.56223717E+014   7.76853060E+013   3.51967142E+014   0.00000000E+000   0.00000000E+000
   0.00000000E+000
     306   1.60153387E+015   1.10203220E+014   4.21820554E+014   2.80379957E+014   0.00000000E+000   0.00000000E+000   0.00000000E+000   3.57854637E+014   7.78238047E+013   3.53451701E+014   0.00000000E+000   0.00000000E+000
   0.00000000E+000
     307   1.60746937E+015   1.10394789E+014   4.23466111E+014   2.81627225E+014   0.00000000E+000   0.00000000E+000   0.00000000E+000   3.59518020E+014   7.79699780E+013   3.54493245E+014   0.00000000E+000   0.00000000E+000
   0.00000000E+000
     308   1.61402184E+015   1.10590979E+014   4.25158355E+014   2.83263852E+014   0.00000000E+000   0.00000000E+000   0.00000000E+000   3.61139109E+014   7.81252779E+013   3.55744264E+014   0.00000000E+000   0.00000000E+000
   0.00000000E+000
     309   1.62050096E+015   1.10793458E+014   4.26868973E+014   2.84536559E+014   0.00000000E+000   0.00000000E+000   0.00000000E+000   3.62780371E+014   7.82884369E+013   3.57233165E+014   0.00000000E+000   0.00000000E+000
   0.00000000E+000
     310   1.62638092E+015   1.10998543E+014   4.28441219E+014   2.85341208E+014   0.00000000E+000   0.00000000E+000   0.00000000E+000   3.64401071E+014   7.84540077E+013   3.58744876E+014   0.00000000E+000   0.00000000E+000
   0.00000000E+000
     311   1.63378885E+015   1.11614340E+014   4.30110257E+014   2.86708095E+014   0.00000000E+000   0.00000000E+000   0.00000000E+000   3.66050389E+014   7.86233629E+013   3.60682409E+014   0.00000000E+000   0.00000000E+000
   0.00000000E+000
     312   1.63929560E+015   1.09668150E+014   4.33788496E+014   2.86278080E+014   0.00000000E+000   0.00000000E+000   0.00000000E+000   3.67670493E+014   7.96861690E+013   3.62204211E+014   0.00000000E+000   0.00000000E+000
   0.00000000E+000
     313   1.64488980E+015   1.09833206E+014   4.34779108E+014   2.87501059E+014   0.00000000E+000   0.00000000E+000   0.00000000E+000   3.69327545E+014   7.97658836E+013   3.63682994E+014   0.00000000E+000   0.00000000E+000
   0.00000000E+000
     314   1.65172281E+015   1.09998413E+014   4.36556373E+014   2.89481356E+014   0.00000000E+000   0.00000000E+000   0.00000000E+000   3.70780714E+014   7.98072194E+013   3.65098739E+014   0.00000000E+000   0.00000000E+000
   0.00000000E+000
     315   1.65921384E+015   1.10167694E+014   4.38924883E+014   2.90760754E+014   0.00000000E+000   0.00000000E+000   0.00000000E+000   3.72738567E+014   8.00068459E+013   3.66615094E+014   0.00000000E+000   0.00000000E+000
   0.00000000E+000
     316   1.66249170E+015   1.10309343E+014   4.37278318E+014   2.92182087E+014   0.00000000E+000   0.00000000E+000   0.00000000E+000   3.74382301E+014   8.02080642E+013   3.68131588E+014   0.00000000E+000   0.00000000E+000
   0.00000000E+000
     317   1.66839072E+015   1.10544335E+014   4.38322086E+014   2.93772030E+014   0.00000000E+000   0.00000000E+000   0.00000000E+000   3.76212000E+014   8.01846519E+013   3.69355619E+014   0.00000000E+000   0.00000000E+000
   0.00000000E+000
     318   1.67427151E+015   1.10686076E+014   4.39885307E+014   2.94993667E+014   0.00000000E+000   0.00000000E+000   0.00000000E+000   3.78005441E+014   8.03902573E+013   3.70310767E+014   0.00000000E+000   0.00000000E+000
   0.00000000E+000
     319   1.67611501E+015   1.10838003E+014   4.40582736E+014   2.95187931E+014   0.00000000E+000   0.00000000E+000   0.00000000E+000   3.78570319E+014   8.05937880E+013   3.70342228E+014   0.00000000E+000   0.00000000E+000
   0.00000000E+000
     320   1.68135923E+015   1.10984501E+014   4.42468824E+014   2.96337544E+014   0.00000000E+000   0.00000000E+000   0.00000000E+000   3.78946063E+014   8.07961981E+013   3.71826097E+014   0.00000000E+000   0.00000000E+000
   0.00000000E+000
     321   1.68318278E+015   1.11127169E+014   4.42849572E+014   2.98189314E+014   0.00000000E+000   0.00000000E+000   0.00000000E+000   3.77658357E+014   8.09981847E+013   3.72360184E+014   0.00000000E+000   0.00000000E+000
   0.00000000E+000
     322   1.68289497E+015   1.11268999E+014   4.44523937E+014   2.99481832E+014   0.00000000E+000   0.00000000E+000   0.00000000E+000   3.73712558E+014   8.12031432E+013   3.72704500E+014   0.00000000E+000   0.00000000E+000
   0.00000000E+000
     323   1.68866914E+015   1.11413669E+014   4.45476455E+014   3.00776278E+014   0.00000000E+000   0.00000000E+000   0.00000000E+000   3.75084149E+014   8.14025342E+013   3.74516053E+014   0.00000000E+000   0.00000000E+000
   0.00000000E+000
     324   1.69472911E+015   1.11550381E+014   4.47066358E+014   3.02094070E+014   0.00000000E+000   0.00000000E+000   0.00000000E+000   3.76419946E+014   8.15901626E+013   3.76008193E+014   0.00000000E+000   0.00000000E+000
   0.00000000E+000
     325   1.69569133E+015   1.11690762E+014   4.48637838E+014   3.03369732E+014   0.00000000E+000   0.00000000E+000   0.00000000E+000   3.77750696E+014   8.17710195E+013   3.72471280E+014   0.00000000E+000   0.00000000E+000
   0.00000000E+000
     326   1.69998309E+015   1.11831714E+014   4.48950072E+014   3.05517002E+014   0.00000000E+000   0.00000000E+000   0.00000000E+000   3.77046911E+014   8.18405684E+013   3.74796821E+014   0.00000000E+000   0.00000000E+000
   0.00000000E+000
     327   1.69812664E+015   1.11958233E+014   4.49288615E+014   3.01371307E+014   0.00000000E+000   0.00000000E+000   0.00000000E+000   3.77410422E+014   8.20674845E+013   3.76030582E+014   0.00000000E+000   0.00000000E+000
   0.00000000E+000
     328   1.70089957E+015   1.12090969E+014   4.50955688E+014   3.00901280E+014   0.00000000E+000   0.00000000E+000   0.00000000E+000   3.77235612E+014   8.22408925E+013   3.77475132E+014   0.00000000E+000   0.00000000E+000
   0.00000000E+000
     329   1.70772018E+015   1.12191326E+014   4.52534803E+014   3.02691568E+014   0.00000000E+000   0.00000000E+000   0.00000000E+000   3.78977360E+014   8.24385248E+013   3.78886596E+014   0.00000000E+000   0.00000000E+000
   0.00000000E+000
     330   1.71361217E+015   1.13195507E+014   4.53367528E+014   3.03668981E+014   0.00000000E+000   0.00000000E+000   0.00000000E+000   3.80427693E+014   8.26085116E+013   3.80343947E+014   0.00000000E+000   0.00000000E+000
   0.00000000E+000
     331   1.71672053E+015   1.13354192E+014   4.55091827E+014   3.03171582E+014   0.00000000E+000   0.00000000E+000   0.00000000E+000   3.80543725E+014   8.27827574E+013   3.81776449E+014   0.00000000E+000   0.00000000E+000
   0.00000000E+000
     332   1.72188579E+015   1.13513431E+014   4.56716031E+014   3.04474491E+014   0.00000000E+000   0.00000000E+000   0.00000000E+000   3.83353362E+014   8.15635405E+013   3.82264938E+014   0.00000000E+000   0.00000000E+000
   0.00000000E+000
     333   1.72813880E+015   1.13675010E+014   4.58817748E+014   3.05736885E+014   0.00000000E+000   0.00000000E+000   0.00000000E+000   3.85150841E+014   8.18848943E+013   3.82873425E+014   0.00000000E+000   0.00000000E+000
   0.00000000E+000
     334   1.73081456E+015   1.13837775E+014   4.60355342E+014   3.04050725E+014   0.00000000E+000   0.00000000E+000   0.00000000E+000   3.85723999E+014   8.20343849E+013   3.84812337E+014   0.00000000E+000   0.00000000E+000
   0.00000000E+000
     335   1.73813510E+015   1.14000908E+014   4.62682911E+014   3.05269442E+014   0.00000000E+000   0.00000000E+000   0.00000000E+000   3.87268718E+014   8.21750515E+013   3.86738071E+014   0.00000000E+000   0.00000000E+000
   0.00000000E+000
     336   1.74449143E+015   1.14138614E+014   4.64550269E+014   3.06498737E+014   0.00000000E+000   0.00000000E+000   0.00000000E+000   3.88822789E+014   8.23110046E+013   3.88170012E+014   0.00000000E+000   0.00000000E+000
   0.00000000E+000
     337   1.75070365E+015   1.14274687E+014   4.66296484E+014   3.07698488E+014   0.00000000E+000   0.00000000E+000   0.00000000E+000   3.90386310E+014   8.24439963E+013   3.89603687E+014   0.00000000E+000   0.00000000E+000
   0.00000000E+000
     338   1.75713395E+015   1.14378124E+014   4.68215586E+014   3.08942847E+014   0.00000000E+000   0.00000000E+000   0.00000000E+000   3.91990973E+014   8.25732395E+013   3.91033183E+014   0.00000000E+000   0.00000000E+000
   0.00000000E+000
     339   1.75862264E+015   1.14105085E+014   4.71141707E+014   3.03930909E+014   0.00000000E+000   0.00000000E+000   0.00000000E+000   3.93996885E+014   8.26939195E+013   3.92754139E+014   0.00000000E+000   0.00000000E+000
   0.00000000E+000
     340   1.76580442E+015   1.14238978E+014   4.72466816E+014   3.05753994E+014   0.00000000E+000   0.00000000E+000   0.00000000E+000   3.95924846E+014   8.28108392E+013   3.94608947E+014   0.00000000E+000   0.00000000E+000
   0.00000000E+000
     341   1.77228656E+015   1.14372068E+014   4.74401087E+014   3.07002035E+014   0.00000000E+000   0.00000000E+000   0.00000000E+000   3.97533619E+014   8.29232279E+013   3.96054522E+014   0.00000000E+000   0.00000000E+000
   0.00000000E+000
     342   1.77878901E+015   1.14519453E+014   4.76232294E+014   3.08252934E+014   0.00000000E+000   0.00000000E+000   0.00000000E+000   3.99148510E+014   8.30336306E+013   3.97602183E+014   0.00000000E+000   0.00000000E+000
   0.00000000E+000
     343   1.78573967E+015   1.14663563E+014   4.78198237E+014   3.09682804E+014   0.00000000E+000   0.00000000E+000   0.00000000E+000   4.01096600E+014   8.31340290E+013   3.98964442E+014   0.00000000E+000   0.00000000E+000
   0.00000000E+000
     344   1.79427515E+015   1.14825987E+014   4.81129316E+014   3.10947615E+014   0.00000000E+000   0.00000000E+000   0.00000000E+000   4.03195228E+014   8.32399523E+013   4.00937054E+014   0.00000000E+000   0.00000000E+000
   0.00000000E+000
     345   1.80095687E+015   1.14982849E+014   4.83144084E+014   3.12218147E+014   0.00000000E+000   0.00000000E+000   0.00000000E+000   4.04846811E+014   8.33429970E+013   4.02421986E+014   0.00000000E+000   0.00000000E+000
   0.00000000E+000
     346   1.80755478E+015   1.15146342E+014   4.85104452E+014   3.13495432E+014   0.00000000E+000   0.00000000E+000   0.00000000E+000   4.06456612E+014   8.34448699E+013   4.03907075E+014   0.00000000E+000   0.00000000E+000
   0.00000000E+000
     347   1.81567662E+015   1.15610299E+014   4.87102510E+014   3.15092756E+014   0.00000000E+000   0.00000000E+000   0.00000000E+000   4.08528951E+014   8.35410558E+013   4.05801050E+014   0.00000000E+000   0.00000000E+000
   0.00000000E+000
     348   1.82139858E+015   1.15751980E+014   4.89111427E+014   3.16364765E+014   0.00000000E+000   0.00000000E+000   0.00000000E+000   4.10112684E+014   8.36405302E+013   4.06417199E+014   0.00000000E+000   0.00000000E+000
   0.00000000E+000
     349   1.82438766E+015   1.15926455E+014   4.91128570E+014   3.17647558E+014   0.00000000E+000   0.00000000E+000   0.00000000E+000   4.11714079E+014   8.37366950E+013   4.04234303E+014   0.00000000E+000   0.00000000E+000
   0.00000000E+000
     350   1.83194825E+015   1.16112047E+014   4.93144605E+014   3.19524666E+014   0.00000000E+000   0.00000000E+000   0.00000000E+000   4.13309183E+014   8.38333370E+013   4.06024410E+014   0.00000000E+000   0.00000000E+000
   0.00000000E+000
     351   1.83992691E+015   1.16302246E+014   4.95917190E+014   3.20813730E+014   0.00000000E+000   0.00000000E+000   0.00000000E+000   4.14907433E+014   8.39286580E+013   4.08057656E+014   0.00000000E+000   0.00000000E+000
   0.00000000E+000
     352   1.84791416E+015   1.16474626E+014   4.98720756E+014   3.22178247E+014   0.00000000E+000   0.00000000E+000   0.00000000E+000   4.17106076E+014   8.40303502E+013   4.09404105E+014   0.00000000E+000   0.00000000E+000
   0.00000000E+000
     353   1.85537589E+015   1.16660074E+014   5.00743021E+014   3.23901675E+014   0.00000000E+000   0.00000000E+000   0.00000000E+000   4.18732347E+014   8.41301234E+013   4.11208651E+014   0.00000000E+000   0.00000000E+000
   0.00000000E+000
     354   1.86236543E+015   1.16839166E+014   5.02644493E+014   3.25602212E+014   0.00000000E+000   0.00000000E+000   0.00000000E+000   4.20483637E+014   8.42314582E+013   4.12564462E+014   0.00000000E+000   0.00000000E+000
   0.00000000E+000
     355   1.86583703E+015   1.17018214E+014   5.03069140E+014   3.25338295E+014   0.00000000E+000   0.00000000E+000   0.00000000E+000   4.22081760E+014   8.43340132E+013   4.13995604E+014   0.00000000E+000   0.00000000E+000
   0.00000000E+000
     356   1.87241100E+015   1.18626854E+014   5.03733059E+014   3.26898836E+014   0.00000000E+000   0.00000000E+000   0.00000000E+000   4.23345557E+014   8.44307929E+013   4.15375897E+014   0.00000000E+000   0.00000000E+000
   0.00000000E+000
     357   1.87905397E+015   1.18835138E+014   5.05722682E+014   3.28200718E+014   0.00000000E+000   0.00000000E+000   0.00000000E+000   4.25006827E+014   8.45304713E+013   4.16758138E+014   0.00000000E+000   0.00000000E+000
   0.00000000E+000
     358   1.88566300E+015   1.19044573E+014   5.07708435E+014   3.29509578E+014   0.00000000E+000   0.00000000E+000   0.00000000E+000   4.26628292E+014   8.46258822E+013   4.18146241E+014   0.00000000E+000   0.00000000E+000
   0.00000000E+000
     359   1.89291379E+015   1.19478546E+014   5.09877905E+014   3.30746810E+014   0.00000000E+000   0.00000000E+000   0.00000000E+000   4.28553351E+014   8.47204001E+013   4.19536773E+014   0.00000000E+000   0.00000000E+000
   0.00000000E+000
     360   1.90027510E+015   1.19686112E+014   5.11874334E+014   3.32149901E+014   0.00000000E+000   0.00000000E+000   0.00000000E+000   4.30818760E+014   8.48175444E+013   4.20928444E+014   0.00000000E+000   0.00000000E+000
   0.00000000E+000
     361   1.90708637E+015   1.20143859E+014   5.13368261E+014   3.33574545E+014   0.00000000E+000   0.00000000E+000   0.00000000E+000   4.32596198E+014   8.49162727E+013   4.22487231E+014   0.00000000E+000   0.00000000E+000
   0.00000000E+000
     362   1.90511320E+015   1.21214883E+014   5.15280260E+014   3.29882674E+014   0.00000000E+000   0.00000000E+000   0.00000000E+000   4.32189655E+014   8.50823405E+013   4.21463390E+014   0.00000000E+000   0.00000000E+000
   0.00000000E+000
     363   1.91535510E+015   1.21502057E+014   5.17956527E+014   3.31251930E+014   0.00000000E+000   0.00000000E+000   0.00000000E+000   4.34246900E+014   8.75832344E+013   4.22814452E+014   0.00000000E+000   0.00000000E+000
   0.00000000E+000
     364   1.91957359E+015   1.21792026E+014   5.20960648E+014   3.28480489E+014   0.00000000E+000   0.00000000E+000   0.00000000E+000   4.36133665E+014   8.77249063E+013   4.24481856E+014   0.00000000E+000   0.00000000E+000
   0.00000000E+000
     365   1.92174558E+015   1.22078621E+014   5.22884628E+014   3.25375358E+014   0.00000000E+000   0.00000000E+000   0.00000000E+000   4.37696368E+014   8.78664199E+013   4.25844181E+014   0.00000000E+000   0.00000000E+000
   0.00000000E+000
     366   1.92493426E+015   1.22371193E+014   5.26114917E+014   3.26431514E+014   0.00000000E+000   0.00000000E+000   0.00000000E+000   4.36411597E+014   8.79830036E+013   4.25622038E+014   0.00000000E+000   0.00000000E+000
   0.00000000E+000
     367   1.92739470E+015   1.22482954E+014   5.26630577E+014   3.23897148E+014   0.00000000E+000   0.00000000E+000   0.00000000E+000   4.36731071E+014   9.17874589E+013   4.25865495E+014   0.00000000E+000   0.00000000E+000
   0.00000000E+000
     368   1.93435518E+015   1.22768077E+014   5.28413183E+014   3.25375426E+014   0.00000000E+000   0.00000000E+000   0.00000000E+000   4.38242642E+014   9.20378783E+013   4.27517976E+014   0.00000000E+000   0.00000000E+000
   0.00000000E+000
     369   1.94029250E+015   1.23038710E+014   5.30154341E+014   3.26393539E+014   0.00000000E+000   0.00000000E+000   0.00000000E+000   4.39679495E+014   9.22287725E+013   4.28797646E+014   0.00000000E+000   0.00000000E+000
   0.00000000E+000
     370   1.94633219E+015   1.23303211E+014   5.31957674E+014   3.27388431E+014   0.00000000E+000   0.00000000E+000   0.00000000E+000   4.41219701E+014   9.24097893E+013   4.30053386E+014   0.00000000E+000   0.00000000E+000
   0.00000000E+000
     371   1.95248137E+015   1.23561201E+014   5.33826448E+014   3.28409883E+014   0.00000000E+000   0.00000000E+000   0.00000000E+000   4.42774861E+014   9.25883608E+013   4.31320612E+014   0.00000000E+000   0.00000000E+000
   0.00000000E+000
     372   1.95733811E+015   1.24087188E+014   5.33937996E+014   3.28166173E+014   0.00000000E+000   0.00000000E+000   0.00000000E+000   4.45486571E+014   9.27084928E+013   4.32951686E+014   0.00000000E+000   0.00000000E+000
   0.00000000E+000
     373   1.96398748E+015   1.26430059E+014   5.35699953E+014   3.29204613E+014   0.00000000E+000   0.00000000E+000   0.00000000E+000   4.45405376E+014   9.46625452E+013   4.32584932E+014   0.00000000E+000   0.00000000E+000
   0.00000000E+000
     374   1.96646841E+015   1.26677157E+014   5.37536603E+014   3.26811158E+014   0.00000000E+000   0.00000000E+000   0.00000000E+000   4.46869826E+014   9.48304730E+013   4.33743194E+014   0.00000000E+000   0.00000000E+000
   0.00000000E+000
     375   1.97201636E+015   1.26925772E+014   5.39384913E+014   3.27527438E+014   0.00000000E+000   0.00000000E+000   0.00000000E+000   4.48342195E+014   9.49957528E+013   4.34840288E+014   0.00000000E+000   0.00000000E+000
   0.00000000E+000
     376   1.97724478E+015   1.27186256E+014   5.41078290E+014   3.28539000E+014   0.00000000E+000   0.00000000E+000   0.00000000E+000   4.48670004E+014   9.65928850E+013   4.35178344E+014   0.00000000E+000   0.00000000E+000
   0.00000000E+000
     377   1.98357338E+015   1.27525696E+014   5.43353444E+014   3.29394157E+014   0.00000000E+000   0.00000000E+000   0.00000000E+000   4.49482745E+014   9.74301206E+013   4.36387213E+014   0.00000000E+000   0.00000000E+000
   0.00000000E+000
     378   1.98966021E+015   1.27743028E+014   5.45203885E+014   3.30399672E+014   0.00000000E+000   0.00000000E+000   0.00000000E+000   4.50984216E+014   9.76354128E+013   4.37693998E+014   0.00000000E+000   0.00000000E+000
   0.00000000E+000
     379   1.99522521E+015   1.27998727E+014   5.46834613E+014   3.31411888E+014   0.00000000E+000   0.00000000E+000   0.00000000E+000   4.52489075E+014   9.78402695E+013   4.38650634E+014   0.00000000E+000   0.00000000E+000
   0.00000000E+000
     380   2.00120889E+015   1.28246054E+014   5.48811389E+014   3.32282077E+014   0.00000000E+000   0.00000000E+000   0.00000000E+000   4.54002512E+014   9.80416205E+013   4.39825233E+014   0.00000000E+000   0.00000000E+000
   0.00000000E+000
     381   2.00272841E+015   1.28484917E+014   5.50643446E+014   3.30829405E+014   0.00000000E+000   0.00000000E+000   0.00000000E+000   4.53189113E+014   1.00415355E+014   4.39166173E+014   0.00000000E+000   0.00000000E+000
   0.00000000E+000
     382   2.00780163E+015   1.28706719E+014   5.52648335E+014   3.31820430E+014   0.00000000E+000   0.00000000E+000   0.00000000E+000   4.54286179E+014   1.01324203E+014   4.39015761E+014   0.00000000E+000   0.00000000E+000
   0.00000000E+000
     383   2.01400912E+015   1.28930135E+014   5.54606041E+014   3.32979575E+014   0.00000000E+000   0.00000000E+000   0.00000000E+000   4.55810884E+014   1.01568265E+014   4.40114224E+014   0.00000000E+000   0.00000000E+000
   0.00000000E+000
     384   2.02011824E+015   1.29158654E+014   5.56620579E+014   3.34030355E+014   0.00000000E+000   0.00000000E+000   0.00000000E+000   4.57345782E+014   1.01820344E+014   4.41142521E+014   0.00000000E+000   0.00000000E+000
   0.00000000E+000
     385   2.02607293E+015   1.29390165E+014   5.58493423E+014   3.35281736E+014   0.00000000E+000   0.00000000E+000   0.00000000E+000   4.58654257E+014   1.02076536E+014   4.42176817E+014   0.00000000E+000   0.00000000E+000
   0.00000000E+000
     386   2.03257625E+015   1.29646897E+014   5.60483024E+014   3.36712745E+014   0.00000000E+000   0.00000000E+000   0.00000000E+000   4.60207115E+014   1.02305575E+014   4.43220892E+014   0.00000000E+000   0.00000000E+000
   0.00000000E+000
     387   2.03818315E+015   1.29905301E+014   5.62467804E+014   3.37690466E+014   0.00000000E+000   0.00000000E+000   0.00000000E+000   4.61154011E+014   1.03257956E+014   4.43707614E+014   0.00000000E+000   0.00000000E+000
   0.00000000E+000
     388   2.04319789E+015   1.29818233E+014   5.64313546E+014   3.37947719E+014   0.00000000E+000   0.00000000E+000   0.00000000E+000   4.63096937E+014   1.03508180E+014   4.44513271E+014   0.00000000E+000   0.00000000E+000
   0.00000000E+000
     389   2.04678262E+015   1.31816878E+014   5.64905295E+014   3.36241864E+014   0.00000000E+000   0.00000000E+000   0.00000000E+000   4.64604915E+014   1.03755041E+014   4.45458629E+014   0.00000000E+000   0.00000000E+000
   0.00000000E+000
     390   2.05153625E+015   1.32137261E+014   5.66809735E+014   3.35909403E+014   0.00000000E+000   0.00000000E+000   0.00000000E+000   4.66162351E+014   1.04002686E+014   4.46514817E+014   0.00000000E+000   0.00000000E+000
   0.00000000E+000
     391   2.05823370E+015   1.32284529E+014   5.69129695E+014   3.36825835E+014   0.00000000E+000   0.00000000E+000   0.00000000E+000   4.68154656E+014   1.04255159E+014   4.47583825E+014   0.00000000E+000   0.00000000E+000
   0.00000000E+000
     392   2.06081061E+015   1.32573679E+014   5.68277237E+014   3.37814297E+014   0.00000000E+000   0.00000000E+000   0.00000000E+000   4.69604972E+014   1.04502363E+014   4.48038065E+014   0.00000000E+000   0.00000000E+000
   0.00000000E+000
     393   2.06741484E+015   1.33030572E+014   5.69884556E+014   3.39151785E+014   0.00000000E+000   0.00000000E+000   0.00000000E+000   4.71455136E+014   1.04747184E+014   4.49145605E+014   0.00000000E+000   0.00000000E+000
   0.00000000E+000
     394   2.06951049E+015   1.33325404E+014   5.71602322E+014   3.35885311E+014   0.00000000E+000   0.00000000E+000   0.00000000E+000   4.73525776E+014   1.04995609E+014   4.50176068E+014   0.00000000E+000   0.00000000E+000
   0.00000000E+000
     395   2.07640289E+015   1.33620579E+014   5.73965636E+014   3.36761550E+014   0.00000000E+000   0.00000000E+000   0.00000000E+000   4.75095126E+014   1.05240831E+014   4.51719169E+014   0.00000000E+000   0.00000000E+000
   0.00000000E+000
     396   2.07988822E+015   1.33921751E+014   5.75830436E+014   3.37690949E+014   0.00000000E+000   0.00000000E+000   0.00000000E+000   4.74631060E+014   1.05481011E+014   4.52333013E+014   0.00000000E+000   0.00000000E+000
   0.00000000E+000
     397   2.08652279E+015   1.34193329E+014   5.78136336E+014   3.38598957E+014   0.00000000E+000   0.00000000E+000   0.00000000E+000   4.76120891E+014   1.05721854E+014   4.53751423E+014   0.00000000E+000   0.00000000E+000
   0.00000000E+000
     398   2.09050796E+015   1.34488415E+014   5.80016941E+014   3.39555393E+014   0.00000000E+000   0.00000000E+000   0.00000000E+000   4.75308512E+014   1.08315949E+014   4.52822751E+014   0.00000000E+000   0.00000000E+000
   0.00000000E+000
     399   2.08883782E+015   1.35357928E+014   5.82269605E+014   3.39302627E+014   0.00000000E+000   0.00000000E+000   0.00000000E+000   4.73082674E+014   1.08511898E+014   4.50313084E+014   0.00000000E+000   0.00000000E+000
   0.00000000E+000
     400   2.09690979E+015   1.36624999E+014   5.83610419E+014   3.39336372E+014   0.00000000E+000   0.00000000E+000   0.00000000E+000   4.73192421E+014   1.12620095E+014   4.51525480E+014   0.00000000E+000   0.00000000E+000
   0.00000000E+000
     401   2.10270724E+015   1.36888373E+014   5.85468092E+014   3.40234593E+014   0.00000000E+000   0.00000000E+000   0.00000000E+000   4.74532645E+014   1.12892224E+014   4.52691314E+014   0.00000000E+000   0.00000000E+000
   0.00000000E+000
     402   2.10845687E+015   1.37163342E+014   5.87231671E+014   3.41156679E+014   0.00000000E+000   0.00000000E+000   0.00000000E+000   4.75880288E+014   1.13163744E+014   4.53861143E+014   0.00000000E+000   0.00000000E+000
   0.00000000E+000
     403   2.11473178E+015   1.37090509E+014   5.89500495E+014   3.42097309E+014   0.00000000E+000   0.00000000E+000   0.00000000E+000   4.77634328E+014   1.13449724E+014   4.54959412E+014   0.00000000E+000   0.00000000E+000
   0.00000000E+000
     404   2.12110987E+015   1.37273517E+014   5.91913506E+014   3.42212086E+014   0.00000000E+000   0.00000000E+000   0.00000000E+000   4.79823967E+014   1.13729353E+014   4.56157442E+014   0.00000000E+000   0.00000000E+000
   0.00000000E+000
     405   2.12385567E+015   1.37551570E+014   5.93790946E+014   3.40483022E+014   0.00000000E+000   0.00000000E+000   0.00000000E+000   4.81185028E+014   1.14011074E+014   4.56834029E+014   0.00000000E+000   0.00000000E+000
   0.00000000E+000
     406   2.12966707E+015   1.37832287E+014   5.96058245E+014   3.41370860E+014   0.00000000E+000   0.00000000E+000   0.00000000E+000   4.81704671E+014   1.15179365E+014   4.57521637E+014   0.00000000E+000   0.00000000E+000
   0.00000000E+000
     407   2.13556857E+015   1.38102266E+014   5.97944405E+014   3.42276979E+014   0.00000000E+000   0.00000000E+000   0.00000000E+000   4.83053437E+014   1.15462717E+014   4.58728767E+014   0.00000000E+000   0.00000000E+000
   0.00000000E+000
     408   2.14038379E+015   1.38392793E+014   5.99758486E+014   3.43188399E+014   0.00000000E+000   0.00000000E+000   0.00000000E+000   4.83250503E+014   1.17157269E+014   4.58636343E+014   0.00000000E+000   0.00000000E+000
   0.00000000E+000
     409   2.14543547E+015   1.38676646E+014   6.01594558E+014   3.44109829E+014   0.00000000E+000   0.00000000E+000   0.00000000E+000   4.84067555E+014   1.18137467E+014   4.58849410E+014   0.00000000E+000   0.00000000E+000
   0.00000000E+000
     410   2.15135912E+015   1.38980704E+014   6.03487141E+014   3.45038134E+014   0.00000000E+000   0.00000000E+000   0.00000000E+000   4.85368865E+014   1.18446939E+014   4.60037340E+014   0.00000000E+000   0.00000000E+000
   0.00000000E+000
     411   2.15388573E+015   1.39293615E+014   6.01788535E+014   3.45981815E+014   0.00000000E+000   0.00000000E+000   0.00000000E+000   4.86678695E+014   1.18768767E+014   4.61374300E+014   0.00000000E+000   0.00000000E+000
   0.00000000E+000
     412   2.15565046E+015   1.39596069E+014   6.03404819E+014   3.46916764E+014   0.00000000E+000   0.00000000E+000   0.00000000E+000   4.87997593E+014   1.19077376E+014   4.58657835E+014   0.00000000E+000   0.00000000E+000
   0.00000000E+000
     413   2.16287831E+015   1.39905020E+014   6.05500489E+014   3.48270620E+014   0.00000000E+000   0.00000000E+000   0.00000000E+000   4.90096102E+014   1.19389605E+014   4.59716474E+014   0.00000000E+000   0.00000000E+000
   0.00000000E+000
     414   2.16853929E+015   1.40215819E+014   6.07182665E+014   3.49224314E+014   0.00000000E+000   0.00000000E+000   0.00000000E+000   4.91418320E+014   1.19714501E+014   4.60783673E+014   0.00000000E+000   0.00000000E+000
   0.00000000E+000
     415   2.17613162E+015   1.40523454E+014   6.09353650E+014   3.51239664E+014   0.00000000E+000   0.00000000E+000   0.00000000E+000   4.93126500E+014   1.20042076E+014   4.61846274E+014   0.00000000E+000   0.00000000E+000
   0.00000000E+000
     416   2.18147233E+015   1.40850737E+014   6.10978085E+014   3.51916890E+014   0.00000000E+000   0.00000000E+000   0.00000000E+000   4.94694995E+014   1.20730829E+014   4.62300798E+014   0.00000000E+000   0.00000000E+000
   0.00000000E+000
     417   2.18546228E+015   1.41184554E+014   6.12622357E+014   3.51912400E+014   0.00000000E+000   0.00000000E+000   0.00000000E+000   4.95194318E+014   1.21700109E+014   4.62848546E+014   0.00000000E+000   0.00000000E+000
   0.00000000E+000
     418   2.19092872E+015   1.41512647E+014   6.14767578E+014   3.52089086E+014   0.00000000E+000   0.00000000E+000   0.00000000E+000   4.96647582E+014   1.22021188E+014   4.63890637E+014   0.00000000E+000   0.00000000E+000
   0.00000000E+000
     419   2.19690066E+015   1.42082287E+014   6.16887369E+014   3.52664807E+014   0.00000000E+000   0.00000000E+000   0.00000000E+000   4.97303836E+014   1.22898892E+014   4.65063474E+014   0.00000000E+000   0.00000000E+000
   0.00000000E+000
     420   2.19901096E+015   1.42428820E+014   6.18494904E+014   3.50187989E+014   0.00000000E+000   0.00000000E+000   0.00000000E+000   4.98603699E+014   1.23224166E+014   4.66071378E+014   0.00000000E+000   0.00000000E+000
   0.00000000E+000
     421   2.20537990E+015   1.43210778E+014   6.20109707E+014   3.51628789E+014   0.00000000E+000   0.00000000E+000   0.00000000E+000   5.00334378E+014   1.23573911E+014   4.66522333E+014   0.00000000E+000   0.00000000E+000
   0.00000000E+000
     422   2.21097958E+015   1.43502441E+014   6.21793121E+014   3.52542930E+014   0.00000000E+000   0.00000000E+000   0.00000000E+000   5.01638670E+014   1.23923921E+014   4.67578497E+014   0.00000000E+000   0.00000000E+000
   0.00000000E+000
     423   2.21810778E+015   1.43858591E+014   6.23680309E+014   3.53635891E+014   0.00000000E+000   0.00000000E+000   0.00000000E+000   5.04066487E+014   1.24280802E+014   4.68585702E+014   0.00000000E+000   0.00000000E+000
   0.00000000E+000
     424   2.22305164E+015   1.43888016E+014   6.25267716E+014   3.54622638E+014   0.00000000E+000   0.00000000E+000   0.00000000E+000   5.05166227E+014   1.25107795E+014   4.68999252E+014   0.00000000E+000   0.00000000E+000
   0.00000000E+000
     425   2.22920337E+015   1.44272463E+014   6.27161622E+014   3.55554635E+014   0.00000000E+000   0.00000000E+000   0.00000000E+000   5.06712598E+014   1.25468074E+014   4.70033978E+014   0.00000000E+000   0.00000000E+000
   0.00000000E+000
     426   2.23559770E+015   1.44643940E+014   6.29267843E+014   3.56469497E+014   0.00000000E+000   0.00000000E+000   0.00000000E+000   5.07930408E+014   1.25831592E+014   4.71454425E+014   0.00000000E+000   0.00000000E+000
   0.00000000E+000
     427   2.23904840E+015   1.45001856E+014   6.31152351E+014   3.57395310E+014   0.00000000E+000   0.00000000E+000   0.00000000E+000   5.06555502E+014   1.27897003E+014   4.71046378E+014   0.00000000E+000   0.00000000E+000
   0.00000000E+000
     428   2.24456200E+015   1.45354709E+014   6.32798184E+014   3.58331730E+014   0.00000000E+000   0.00000000E+000   0.00000000E+000   5.07739838E+014   1.28275526E+014   4.72062009E+014   0.00000000E+000   0.00000000E+000
   0.00000000E+000
     429   2.24796750E+015   1.45704884E+014   6.34488778E+014   3.57101099E+014   0.00000000E+000   0.00000000E+000   0.00000000E+000   5.08938938E+014   1.28655660E+014   4.73078138E+014   0.00000000E+000   0.00000000E+000
   0.00000000E+000
     430   2.25301860E+015   1.46047208E+014   6.36425697E+014   3.57026733E+014   0.00000000E+000   0.00000000E+000   0.00000000E+000   5.10154575E+014   1.29032135E+014   4.74332253E+014   0.00000000E+000   0.00000000E+000
   0.00000000E+000
     431   2.25432132E+015   1.46378646E+014   6.37453111E+014   3.54373560E+014   0.00000000E+000   0.00000000E+000   0.00000000E+000   5.11383219E+014   1.29414721E+014   4.75318061E+014   0.00000000E+000   0.00000000E+000
   0.00000000E+000
     432   2.25742066E+015   1.46709343E+014   6.39373484E+014   3.53931510E+014   0.00000000E+000   0.00000000E+000   0.00000000E+000   5.11047661E+014   1.29800589E+014   4.76558071E+014   0.00000000E+000   0.00000000E+000
   0.00000000E+000
     433   2.26018054E+015   1.48563160E+014   6.38294701E+014   3.51714318E+014   0.00000000E+000   0.00000000E+000   0.00000000E+000   5.12711420E+014   1.30160366E+014   4.78736572E+014   0.00000000E+000   0.00000000E+000
   0.00000000E+000
     434   2.26901638E+015   1.51095942E+014   6.40225505E+014   3.52901842E+014   0.00000000E+000   0.00000000E+000   0.00000000E+000   5.14360012E+014   1.30523688E+014   4.79909393E+014   0.00000000E+000   0.00000000E+000
   0.00000000E+000
     435   2.27492806E+015   1.51470878E+014   6.41845744E+014   3.54001163E+014   0.00000000E+000   0.00000000E+000   0.00000000E+000   5.15581595E+014   1.30896490E+014   4.81132186E+014   0.00000000E+000   0.00000000E+000
   0.00000000E+000
     436   2.28142235E+015   1.51833106E+014   6.43918997E+014   3.54847671E+014   0.00000000E+000   0.00000000E+000   0.00000000E+000   5.17517622E+014   1.31260569E+014   4.82044384E+014   0.00000000E+000   0.00000000E+000
   0.00000000E+000
     437   2.28658560E+015   1.52202063E+014   6.45240624E+014   3.55561990E+014   0.00000000E+000   0.00000000E+000   0.00000000E+000   5.18987692E+014   1.31625233E+014   4.82967996E+014   0.00000000E+000   0.00000000E+000
   0.00000000E+000
     438   2.28952769E+015   1.52564834E+014   6.46860711E+014   3.53277783E+014   0.00000000E+000   0.00000000E+000   0.00000000E+000   5.20645615E+014   1.31990835E+014   4.84187915E+014   0.00000000E+000   0.00000000E+000
   0.00000000E+000
     439   2.29463382E+015   1.53055544E+014   6.47988348E+014   3.54340759E+014   0.00000000E+000   0.00000000E+000   0.00000000E+000   5.21917417E+014   1.32898626E+014   4.84433130E+014   0.00000000E+000   0.00000000E+000
   0.00000000E+000
     440   2.29948204E+015   1.53405738E+014   6.49643714E+014   3.55213440E+014   0.00000000E+000   0.00000000E+000   0.00000000E+000   5.23388393E+014   1.33265201E+014   4.84565556E+014   0.00000000E+000   0.00000000E+000
   0.00000000E+000
     441   2.30458229E+015   1.53051475E+014   6.51500320E+014   3.56044716E+014   0.00000000E+000   0.00000000E+000   0.00000000E+000   5.24938354E+014   1.33654117E+014   4.85393311E+014   0.00000000E+000   0.00000000E+000
   0.00000000E+000
     442   2.31113395E+015   1.53416873E+014   6.52186389E+014   3.57501811E+014   0.00000000E+000   0.00000000E+000   0.00000000E+000   5.26658060E+014   1.34008462E+014   4.87362355E+014   0.00000000E+000   0.00000000E+000
   0.00000000E+000
     443   2.31751967E+015   1.53109980E+014   6.55016397E+014   3.57921921E+014   0.00000000E+000   0.00000000E+000   0.00000000E+000   5.28010252E+014   1.34366454E+014   4.89094662E+014   0.00000000E+000   0.00000000E+000
   0.00000000E+000
     444   2.32329076E+015   1.53454968E+014   6.56234414E+014   3.58675692E+014   0.00000000E+000   0.00000000E+000   0.00000000E+000   5.29378909E+014   1.34718067E+014   4.90828709E+014   0.00000000E+000   0.00000000E+000
   0.00000000E+000
     445   2.32961153E+015   1.53820675E+014   6.58256284E+014   3.59491068E+014   0.00000000E+000   0.00000000E+000   0.00000000E+000   5.30807249E+014   1.35075462E+014   4.92160793E+014   0.00000000E+000   0.00000000E+000
   0.00000000E+000
     446   2.33373837E+015   1.54187546E+014   6.59561268E+014   3.60274925E+014   0.00000000E+000   0.00000000E+000   0.00000000E+000   5.32215970E+014   1.35338123E+014   4.92160542E+014   0.00000000E+000   0.00000000E+000
   0.00000000E+000
     447   2.33774368E+015   1.54536298E+014   6.60524794E+014   3.60976503E+014   0.00000000E+000   0.00000000E+000   0.00000000E+000   5.33004788E+014   1.35667758E+014   4.93033536E+014   0.00000000E+000   0.00000000E+000
   0.00000000E+000
     448   2.34279676E+015   1.54891300E+014   6.60893310E+014   3.61894569E+014   0.00000000E+000   0.00000000E+000   0.00000000E+000   5.33928447E+014   1.36380918E+014   4.94808217E+014   0.00000000E+000   0.00000000E+000
   0.00000000E+000
     449   2.34805471E+015   1.55229077E+014   6.62182090E+014   3.62432805E+014   0.00000000E+000   0.00000000E+000   0.00000000E+000   5.35308392E+014   1.36731744E+014   4.96170600E+014   0.00000000E+000   0.00000000E+000
   0.00000000E+000
     450   2.35346187E+015   1.55576676E+014   6.63730809E+014   3.63366989E+014   0.00000000E+000   0.00000000E+000   0.00000000E+000   5.37334173E+014   1.37089760E+014   4.96363459E+014   0.00000000E+000   0.00000000E+000
   0.00000000E+000
     451   2.35821133E+015   1.57243708E+014   6.64485448E+014   3.63034393E+014   0.00000000E+000   0.00000000E+000   0.00000000E+000   5.38583154E+014   1.37438914E+014   4.97425718E+014   0.00000000E+000   0.00000000E+000
   0.00000000E+000
     452   2.36534318E+015   1.57576939E+014   6.66042956E+014   3.63919937E+014   0.00000000E+000   0.00000000E+000   0.00000000E+000   5.40515367E+014   1.37778397E+014   4.99509585E+014   0.00000000E+000   0.00000000E+000
   0.00000000E+000
     453   2.37197418E+015   1.57902748E+014   6.67723454E+014   3.65669418E+014   0.00000000E+000   0.00000000E+000   0.00000000E+000   5.43010638E+014   1.38134213E+014   4.99533711E+014   0.00000000E+000   0.00000000E+000
   0.00000000E+000
     454   2.37745073E+015   1.58065575E+014   6.69241361E+014   3.66553129E+014   0.00000000E+000   0.00000000E+000   0.00000000E+000   5.44413129E+014   1.38482282E+014   5.00695249E+014   0.00000000E+000   0.00000000E+000
   0.00000000E+000
     455   2.38508070E+015   1.58441103E+014   6.71714589E+014   3.67540725E+014   0.00000000E+000   0.00000000E+000   0.00000000E+000   5.45982209E+014   1.38853136E+014   5.02548937E+014   0.00000000E+000   0.00000000E+000
   0.00000000E+000
     456   2.39041490E+015   1.58808847E+014   6.73907536E+014   3.66082569E+014   0.00000000E+000   0.00000000E+000   0.00000000E+000   5.48070914E+014   1.39194984E+014   5.04350053E+014   0.00000000E+000   0.00000000E+000
   0.00000000E+000
     457   2.39632676E+015   1.59192947E+014   6.75544385E+014   3.66933443E+014   0.00000000E+000   0.00000000E+000   0.00000000E+000   5.49575620E+014   1.39552365E+014   5.05528001E+014   0.00000000E+000   0.00000000E+000
   0.00000000E+000
     458   2.39743594E+015   1.59552535E+014   6.76328142E+014   3.67757777E+014   0.00000000E+000   0.00000000E+000   0.00000000E+000   5.48854337E+014   1.42458014E+014   5.02485139E+014   0.00000000E+000   0.00000000E+000
   0.00000000E+000
     459   2.39961052E+015   1.59914157E+014   6.78403151E+014   3.68612197E+014   0.00000000E+000   0.00000000E+000   0.00000000E+000   5.46531467E+014   1.44382489E+014   5.01767062E+014   0.00000000E+000   0.00000000E+000
   0.00000000E+000
     460   2.40694054E+015   1.60288499E+014   6.80557486E+014   3.69646460E+014   0.00000000E+000   0.00000000E+000   0.00000000E+000   5.48717831E+014   1.45409552E+014   5.02320711E+014   0.00000000E+000   0.00000000E+000
   0.00000000E+000
     461   2.41339930E+015   1.60662899E+014   6.83236630E+014   3.70554265E+014   0.00000000E+000   0.00000000E+000   0.00000000E+000   5.49642921E+014   1.45825570E+014   5.03477019E+014   0.00000000E+000   0.00000000E+000
   0.00000000E+000
     462   2.41688616E+015   1.61021653E+014   6.85433472E+014   3.68787989E+014   0.00000000E+000   0.00000000E+000   0.00000000E+000   5.50189208E+014   1.46249068E+014   5.05204772E+014   0.00000000E+000   0.00000000E+000
   0.00000000E+000
     463   2.42001851E+015   1.61388103E+014   6.86507077E+014   3.69568980E+014   0.00000000E+000   0.00000000E+000   0.00000000E+000   5.50713581E+014   1.46061123E+014   5.05779644E+014   0.00000000E+000   0.00000000E+000
   0.00000000E+000
     464   2.42402516E+015   1.61778245E+014   6.88318218E+014   3.70198433E+014   0.00000000E+000   0.00000000E+000   0.00000000E+000   5.50297239E+014   1.46470852E+014   5.06962172E+014   0.00000000E+000   0.00000000E+000
   0.00000000E+000
     465   2.42928734E+015   1.62170539E+014   6.90056779E+014   3.70682409E+014   0.00000000E+000   0.00000000E+000   0.00000000E+000   5.51398631E+014   1.46832530E+014   5.08146448E+014   0.00000000E+000   0.00000000E+000
   0.00000000E+000
     466   2.43014278E+015   1.62578496E+014   6.90242328E+014   3.70526113E+014   0.00000000E+000   0.00000000E+000   0.00000000E+000   5.50389407E+014   1.47232901E+014   5.09173533E+014   0.00000000E+000   0.00000000E+000
   0.00000000E+000
     467   2.43765911E+015   1.62951241E+014   6.92017338E+014   3.72128941E+014   0.00000000E+000   0.00000000E+000   0.00000000E+000   5.52564718E+014   1.47605921E+014   5.10390956E+014   0.00000000E+000   0.00000000E+000
   0.00000000E+000
     468   2.44387147E+015   1.63343269E+014   6.94353366E+014   3.72305569E+014   0.00000000E+000   0.00000000E+000   0.00000000E+000   5.53392564E+014   1.47961174E+014   5.12515529E+014   0.00000000E+000   0.00000000E+000
   0.00000000E+000
     469   2.44925501E+015   1.63739052E+014   6.96200569E+014   3.72650917E+014   0.00000000E+000   0.00000000E+000   0.00000000E+000   5.54575299E+014   1.48340069E+014   5.13749109E+014   0.00000000E+000   0.00000000E+000
   0.00000000E+000
     470   2.45741137E+015   1.64111472E+014   6.98759545E+014   3.74209449E+014   0.00000000E+000   0.00000000E+000   0.00000000E+000   5.56434427E+014   1.48708409E+014   5.15188070E+014   0.00000000E+000   0.00000000E+000
   0.00000000E+000
     471   2.46254577E+015   1.64639809E+014   7.00129438E+014   3.75016525E+014   0.00000000E+000   0.00000000E+000   0.00000000E+000   5.56977183E+014   1.49536186E+014   5.16246628E+014   0.00000000E+000   0.00000000E+000
   0.00000000E+000
     472   2.46790882E+015   1.65096500E+014   7.02364248E+014   3.75215295E+014   0.00000000E+000   0.00000000E+000   0.00000000E+000   5.57230616E+014   1.49895787E+014   5.18106369E+014   0.00000000E+000   0.00000000E+000
   0.00000000E+000
     473   2.47184020E+015   1.65577796E+014   7.01695623E+014   3.76291630E+014   0.00000000E+000   0.00000000E+000   0.00000000E+000   5.58787389E+014   1.50275173E+014   5.19212588E+014   0.00000000E+000   0.00000000E+000
   0.00000000E+000
     474   2.47820426E+015   1.66017376E+014   7.03390126E+014   3.77927362E+014   0.00000000E+000   0.00000000E+000   0.00000000E+000   5.59966771E+014   1.50596812E+014   5.20305810E+014   0.00000000E+000   0.00000000E+000
   0.00000000E+000
     475   2.48293082E+015   1.66483397E+014   7.05028406E+014   3.78188877E+014   0.00000000E+000   0.00000000E+000   0.00000000E+000   5.61094508E+014   1.50986290E+014   5.21149344E+014   0.00000000E+000   0.00000000E+000
   0.00000000E+000
     476   2.48881656E+015   1.66959066E+014   7.06797046E+014   3.78998470E+014   0.00000000E+000   0.00000000E+000   0.00000000E+000   5.62320294E+014   1.51396237E+014   5.22345451E+014   0.00000000E+000   0.00000000E+000
   0.00000000E+000
     477   2.49193876E+015   1.67427939E+014   7.07872681E+014   3.77454130E+014   0.00000000E+000   0.00000000E+000   0.00000000E+000   5.63752662E+014   1.52403256E+014   5.23028095E+014   0.00000000E+000   0.00000000E+000
   0.00000000E+000
     478   2.49603758E+015   1.67913366E+014   7.09645189E+014   3.78277145E+014   0.00000000E+000   0.00000000E+000   0.00000000E+000   5.63108592E+014   1.52803226E+014   5.24290064E+014   0.00000000E+000   0.00000000E+000
   0.00000000E+000
     479   2.50237664E+015   1.68380253E+014   7.11931664E+014   3.78763509E+014   0.00000000E+000   0.00000000E+000   0.00000000E+000   5.64075042E+014   1.53188189E+014   5.26037983E+014   0.00000000E+000   0.00000000E+000
   0.00000000E+000
     480   2.50676318E+015   1.68861488E+014   7.13776393E+014   3.78611344E+014   0.00000000E+000   0.00000000E+000   0.00000000E+000   5.64468031E+014   1.54023834E+014   5.27022090E+014   0.00000000E+000   0.00000000E+000
   0.00000000E+000
     481   2.51266468E+015   1.69339178E+014   7.15672879E+014   3.79268306E+014   0.00000000E+000   0.00000000E+000   0.00000000E+000   5.65682596E+014   1.54441915E+014   5.28259804E+014   0.00000000E+000   0.00000000E+000
   0.00000000E+000
     482   2.51621679E+015   1.69806966E+014   7.17543816E+014   3.78679181E+014   0.00000000E+000   0.00000000E+000   0.00000000E+000   5.66029382E+014   1.54830042E+014   5.29327400E+014   0.00000000E+000   0.00000000E+000
   0.00000000E+000
     483   2.52209162E+015   1.70828206E+014   7.18295721E+014   3.79928563E+014   0.00000000E+000   0.00000000E+000   0.00000000E+000   5.67250922E+014   1.55214033E+014   5.30574178E+014   0.00000000E+000   0.00000000E+000
   0.00000000E+000
     484   2.52780434E+015   1.71285065E+014   7.20079584E+014   3.80601970E+014   0.00000000E+000   0.00000000E+000   0.00000000E+000   5.68460200E+014   1.55606547E+014   5.31770968E+014   0.00000000E+000   0.00000000E+000
   0.00000000E+000
     485   2.53381160E+015   1.71755732E+014   7.21998910E+014   3.81290731E+014   0.00000000E+000   0.00000000E+000   0.00000000E+000   5.69720489E+014   1.56002023E+014   5.33043721E+014   0.00000000E+000   0.00000000E+000
   0.00000000E+000
     486   2.53862898E+015   1.72231840E+014   7.23772822E+014   3.81700252E+014   0.00000000E+000   0.00000000E+000   0.00000000E+000   5.69658207E+014   1.56596312E+014   5.34669549E+014   0.00000000E+000   0.00000000E+000
   0.00000000E+000
     487   2.54450622E+015   1.72693841E+014   7.25651968E+014   3.82518851E+014   0.00000000E+000   0.00000000E+000   0.00000000E+000   5.70731919E+014   1.57606344E+014   5.35303298E+014   0.00000000E+000   0.00000000E+000
   0.00000000E+000
     488   2.54743920E+015   1.73180159E+014   7.27580949E+014   3.82814392E+014   0.00000000E+000   0.00000000E+000   0.00000000E+000   5.72031065E+014   1.58041331E+014   5.33791299E+014   0.00000000E+000   0.00000000E+000
   0.00000000E+000
     489   2.55186103E+015   1.73472480E+014   7.29682485E+014   3.82462180E+014   0.00000000E+000   0.00000000E+000   0.00000000E+000   5.72848336E+014   1.58430638E+014   5.34964912E+014   0.00000000E+000   0.00000000E+000
   0.00000000E+000
     490   2.55697775E+015   1.73900304E+014   7.30912922E+014   3.83202164E+014   0.00000000E+000   0.00000000E+000   0.00000000E+000   5.73686953E+014   1.58976443E+014   5.36298965E+014   0.00000000E+000   0.00000000E+000
   0.00000000E+000
     491   2.56211499E+015   1.74351653E+014   7.32891603E+014   3.84029951E+014   0.00000000E+000   0.00000000E+000   0.00000000E+000   5.73322427E+014   1.61451879E+014   5.36067475E+014   0.00000000E+000   0.00000000E+000
   0.00000000E+000
     492   2.56690209E+015   1.74831931E+014   7.34137939E+014   3.84850090E+014   0.00000000E+000   0.00000000E+000   0.00000000E+000   5.74048809E+014   1.61909756E+014   5.37123561E+014   0.00000000E+000   0.00000000E+000
   0.00000000E+000
     493   2.57555989E+015   1.75543684E+014   7.36539949E+014   3.87043173E+014   0.00000000E+000   0.00000000E+000   0.00000000E+000   5.75737034E+014   1.62390932E+014   5.38305121E+014   0.00000000E+000   0.00000000E+000
   0.00000000E+000
     494   2.58131537E+015   1.76315315E+014   7.38457863E+014   3.87355061E+014   0.00000000E+000   0.00000000E+000   0.00000000E+000   5.77277670E+014   1.62835639E+014   5.39073826E+014   0.00000000E+000   0.00000000E+000
   0.00000000E+000
     495   2.58758557E+015   1.76819310E+014   7.40462208E+014   3.88167693E+014   0.00000000E+000   0.00000000E+000   0.00000000E+000   5.78556626E+014   1.63285198E+014   5.40294530E+014   0.00000000E+000   0.00000000E+000
   0.00000000E+000
     496   2.59272887E+015   1.77309840E+014   7.42596895E+014   3.88706245E+014   0.00000000E+000   0.00000000E+000   0.00000000E+000   5.79805005E+014   1.63720563E+014   5.40590324E+014   0.00000000E+000   0.00000000E+000
   0.00000000E+000
     497   2.59245084E+015   1.77816447E+014   7.43355503E+014   3.88606684E+014   0.00000000E+000   0.00000000E+000   0.00000000E+000   5.76720871E+014   1.64152564E+014   5.41798774E+014   0.00000000E+000   0.00000000E+000
   0.00000000E+000
     498   2.60180585E+015   1.78324577E+014   7.45668077E+014   3.90050301E+014   0.00000000E+000   0.00000000E+000   0.00000000E+000   5.78230649E+014   1.66022490E+014   5.43509761E+014   0.00000000E+000   0.00000000E+000
   0.00000000E+000
     499   2.60510353E+015   1.78832475E+014   7.47124459E+014   3.90116207E+014   0.00000000E+000   0.00000000E+000   0.00000000E+000   5.78445562E+014   1.66376474E+014   5.44208357E+014   0.00000000E+000   0.00000000E+000
   0.00000000E+000
     500   2.60948793E+015   1.79347834E+014   7.49405749E+014   3.90018154E+014   0.00000000E+000   0.00000000E+000   0.00000000E+000   5.78369679E+014   1.67435027E+014   5.44911488E+014   0.00000000E+000   0.00000000E+000
   0.00000000E+000
