   iLoop   Phase     EVM               SVM                    B5                B4                B2                D6                D1                D4                C1                C5                C3                A6                C2                C3              
       1       1     1.19999997E+001   7.18850216E+003   6.21442412E-002   2.84783292E+003   2.84777078E+003  -7.26347151E-002  -1.66704569E+002  -1.66631934E+002   2.84778817E+003  -5.52427940E-002   2.84784341E+003   4.47523202E-002  -1.66687177E+002  -1.66642424E+002
       2       1     1.19999997E+001   7.18828735E+003   6.92354695E-002   2.84771989E+003   2.84765065E+003  -7.97486371E-002  -1.66761138E+002  -1.66681389E+002   2.84766805E+003  -6.23556719E-002   2.84773040E+003   5.18425042E-002  -1.66743745E+002  -1.66691902E+002
       3       1     1.19999997E+001   7.18806939E+003   7.64319970E-002   2.84760520E+003   2.84752877E+003  -8.69685569E-002  -1.66818537E+002  -1.66731568E+002   2.84754616E+003  -6.95742658E-002   2.84761574E+003   5.90377059E-002  -1.66801143E+002  -1.66742105E+002
       4       1     1.19999997E+001   7.18784986E+003   8.36808256E-002   2.84748968E+003   2.84740600E+003  -9.42411793E-002  -1.66876352E+002  -1.66782110E+002   2.84742339E+003  -7.68455812E-002   2.84750024E+003   6.62852275E-002  -1.66858956E+002  -1.66792671E+002
       5       1     1.19999997E+001   7.18762875E+003   9.09819700E-002   2.84737333E+003   2.84728235E+003  -1.01566526E-001  -1.66934582E+002  -1.66833015E+002   2.84729975E+003  -8.41696514E-002   2.84738392E+003   7.35850956E-002  -1.66917185E+002  -1.66843600E+002
       6       1     1.19999997E+001   7.18740607E+003   9.83354794E-002   2.84725615E+003   2.84715782E+003  -1.08944647E-001  -1.66993227E+002  -1.66884282E+002   2.84717521E+003  -9.15465379E-002   2.84726676E+003   8.09373707E-002  -1.66975829E+002  -1.66894892E+002
       7       1     1.19999997E+001   7.18718181E+003   1.05741392E-001   2.84713814E+003   2.84703240E+003  -1.16375581E-001  -1.67052288E+002  -1.66935913E+002   2.84704980E+003  -9.89762901E-002   2.84714878E+003   8.83421009E-002  -1.67034889E+002  -1.66946547E+002
       8       1     1.19999997E+001   7.18695597E+003   1.13199720E-001   2.84701930E+003   2.84690610E+003  -1.23859343E-001  -1.67111766E+002  -1.66987906E+002   2.84692350E+003  -1.06458932E-001   2.84702996E+003   9.57993082E-002  -1.67094365E+002  -1.66998566E+002
       9       1     1.19999997E+001   7.18672856E+003   1.20710466E-001   2.84689963E+003   2.84677892E+003  -1.31395939E-001  -1.67171659E+002  -1.67040263E+002   2.84679632E+003  -1.13994478E-001   2.84691032E+003   1.03309005E-001  -1.67154257E+002  -1.67050948E+002
      10       1     1.19999997E+001   7.18649958E+003   1.28273635E-001   2.84677913E+003   2.84665086E+003  -1.38985375E-001  -1.67231968E+002  -1.67092982E+002   2.84666826E+003  -1.21582942E-001   2.84678984E+003   1.10871202E-001  -1.67214565E+002  -1.67103694E+002
      11       1     1.19999997E+001   7.18626901E+003   1.35889252E-001   2.84665780E+003   2.84652191E+003  -1.46627670E-001  -1.67292693E+002  -1.67146065E+002   2.84653931E+003  -1.29224355E-001   2.84666854E+003   1.18485937E-001  -1.67275289E+002  -1.67156803E+002
      12       1     1.19999997E+001   7.18603687E+003   1.43557319E-001   2.84653564E+003   2.84639208E+003  -1.54322820E-001  -1.67353833E+002  -1.67199511E+002   2.84640948E+003  -1.36918711E-001   2.84654640E+003   1.26153209E-001  -1.67336429E+002  -1.67210276E+002
      13       1     1.19999997E+001   7.18580316E+003   1.51277855E-001   2.84641264E+003   2.84626137E+003  -1.62070838E-001  -1.67415390E+002  -1.67253319E+002   2.84627877E+003  -1.44666025E-001   2.84642344E+003   1.33873041E-001  -1.67397986E+002  -1.67264112E+002
      14       1     1.19999997E+001   7.18556787E+003   1.59050887E-001   2.84628882E+003   2.84612977E+003  -1.69871745E-001  -1.67477364E+002  -1.67307492E+002   2.84614717E+003  -1.52466319E-001   2.84629964E+003   1.41645461E-001  -1.67459958E+002  -1.67318313E+002
      15       1     1.19999997E+001   7.18533100E+003   1.66876452E-001   2.84616416E+003   2.84599729E+003  -1.77725570E-001  -1.67539753E+002  -1.67362028E+002   2.84601469E+003  -1.60319625E-001   2.84617501E+003   1.49470507E-001  -1.67522347E+002  -1.67372877E+002
      16       1     1.19999997E+001   7.18509255E+003   1.74754584E-001   2.84603868E+003   2.84586392E+003  -1.85632342E-001  -1.67602559E+002  -1.67416927E+002   2.84588133E+003  -1.68225973E-001   2.84604956E+003   1.57348215E-001  -1.67585153E+002  -1.67427805E+002
      17       1     1.19999997E+001   7.18485252E+003   1.82685300E-001   2.84591236E+003   2.84572967E+003  -1.93592063E-001  -1.67665782E+002  -1.67472190E+002   2.84574708E+003  -1.76185364E-001   2.84592326E+003   1.65278600E-001  -1.67648376E+002  -1.67483097E+002
      18       1     1.19999997E+001   7.18461092E+003   1.90668543E-001   2.84578521E+003   2.84559454E+003  -2.01604672E-001  -1.67729421E+002  -1.67527817E+002   2.84561195E+003  -1.84197740E-001   2.84579614E+003   1.73261612E-001  -1.67712014E+002  -1.67538753E+002
      19       1     1.19999997E+001   7.18436774E+003   1.98704302E-001   2.84565723E+003   2.84545852E+003  -2.09670162E-001  -1.67793476E+002  -1.67583806E+002   2.84547593E+003  -1.92263157E-001   2.84566819E+003   1.81297297E-001  -1.67776069E+002  -1.67594772E+002
      20       1     1.19999997E+001   7.18412298E+003   2.06792608E-001   2.84552842E+003   2.84532162E+003  -2.17788575E-001  -1.67857947E+002  -1.67640159E+002   2.84533903E+003  -2.00381744E-001   2.84553941E+003   1.89385777E-001  -1.67840540E+002  -1.67651155E+002
      21       1     1.19999997E+001   7.18387665E+003   2.14933491E-001   2.84539877E+003   2.84518384E+003  -2.25959947E-001  -1.67922834E+002  -1.67696874E+002   2.84520125E+003  -2.08553601E-001   2.84540980E+003   1.97527144E-001  -1.67905428E+002  -1.67707901E+002
      22       1     1.19999997E+001   7.18362874E+003   2.23126975E-001   2.84526830E+003   2.84504517E+003  -2.34184310E-001  -1.67988138E+002  -1.67753953E+002   2.84506258E+003  -2.16778804E-001   2.84527936E+003   2.05721469E-001  -1.67970732E+002  -1.67765011E+002
      23       1     1.19999997E+001   7.18337926E+003   2.31373071E-001   2.84513699E+003   2.84490562E+003  -2.42461674E-001  -1.68053858E+002  -1.67811396E+002   2.84492303E+003  -2.25057401E-001   2.84514808E+003   2.13968798E-001  -1.68036453E+002  -1.67822485E+002
      24       1     1.19999997E+001   7.18312819E+003   2.39671820E-001   2.84500486E+003   2.84476519E+003  -2.50792082E-001  -1.68119994E+002  -1.67869202E+002   2.84478259E+003  -2.33389457E-001   2.84501598E+003   2.22269195E-001  -1.68102591E+002  -1.67880322E+002
      25       1     1.19999997E+001   7.18287555E+003   2.48023266E-001   2.84487189E+003   2.84462387E+003  -2.59175573E-001  -1.68186547E+002  -1.67927372E+002   2.84464127E+003  -2.41775029E-001   2.84488304E+003   2.30622723E-001  -1.68169147E+002  -1.67938524E+002
      26       1     1.19999997E+001   7.18262133E+003   2.56427461E-001   2.84473809E+003   2.84448166E+003  -2.67612193E-001  -1.68253517E+002  -1.67985905E+002   2.84449906E+003  -2.50214170E-001   2.84474927E+003   2.39029438E-001  -1.68236119E+002  -1.67997090E+002
      27       1     1.19999997E+001   7.18236552E+003   2.64884452E-001   2.84460345E+003   2.84433857E+003  -2.76101977E-001  -1.68320905E+002  -1.68044803E+002   2.84435596E+003  -2.58706913E-001   2.84461467E+003   2.47489388E-001  -1.68303510E+002  -1.68056021E+002
      28       1     1.19999997E+001   7.18210814E+003   2.73394278E-001   2.84446798E+003   2.84419459E+003  -2.84644946E-001  -1.68388710E+002  -1.68104065E+002   2.84421198E+003  -2.67253274E-001   2.84447923E+003   2.56002606E-001  -1.68371318E+002  -1.68115316E+002
      29       1     1.19999997E+001   7.18184917E+003   2.81956973E-001   2.84433168E+003   2.84404972E+003  -2.93241116E-001  -1.68456933E+002  -1.68163692E+002   2.84406711E+003  -2.75853251E-001   2.84434297E+003   2.64569108E-001  -1.68439545E+002  -1.68174976E+002
      30       1     1.19999997E+001   7.18158863E+003   2.90572565E-001   2.84419455E+003   2.84390397E+003  -3.01890502E-001  -1.68525574E+002  -1.68223683E+002   2.84392136E+003  -2.84506847E-001   2.84420586E+003   2.73188911E-001  -1.68508190E+002  -1.68235001E+002
      31       1     1.19999997E+001   7.18132650E+003   2.99241095E-001   2.84405657E+003   2.84375733E+003  -3.10593115E-001  -1.68594632E+002  -1.68284039E+002   2.84377471E+003  -2.93214059E-001   2.84406793E+003   2.81862039E-001  -1.68577253E+002  -1.68295391E+002
      32       1     1.19999997E+001   7.18106278E+003   3.07962611E-001   2.84391777E+003   2.84360981E+003  -3.19348975E-001  -1.68664109E+002  -1.68344760E+002   2.84362718E+003  -3.01974877E-001   2.84392915E+003   2.90588513E-001  -1.68646735E+002  -1.68356147E+002
      33       1     1.19999997E+001   7.18079748E+003   3.16737175E-001   2.84377813E+003   2.84346139E+003  -3.28158105E-001  -1.68734005E+002  -1.68405847E+002   2.84347876E+003  -3.10789290E-001   2.84378955E+003   2.99368360E-001  -1.68716636E+002  -1.68417268E+002
      34       1     1.19999997E+001   7.18053059E+003   3.25564848E-001   2.84363765E+003   2.84331208E+003  -3.37020518E-001  -1.68804321E+002  -1.68467300E+002   2.84332944E+003  -3.19657273E-001   2.84364910E+003   3.08201603E-001  -1.68786957E+002  -1.68478756E+002
      35       1     1.19999997E+001   7.18026211E+003   3.34445687E-001   2.84349633E+003   2.84316188E+003  -3.45936212E-001  -1.68875055E+002  -1.68529119E+002   2.84317924E+003  -3.28578772E-001   2.84350782E+003   3.17088246E-001  -1.68857698E+002  -1.68540610E+002
      36       1     1.19999997E+001   7.17999205E+003   3.43379755E-001   2.84335417E+003   2.84301079E+003  -3.54905187E-001  -1.68946211E+002  -1.68591305E+002   2.84302814E+003  -3.37553724E-001   2.84336570E+003   3.26028293E-001  -1.68928859E+002  -1.68602831E+002
      37       1     1.19999997E+001   7.17972038E+003   3.52367128E-001   2.84321118E+003   2.84285881E+003  -3.63927449E-001  -1.69017786E+002  -1.68653859E+002   2.84287616E+003  -3.46582071E-001   2.84322274E+003   3.35021751E-001  -1.69000441E+002  -1.68665419E+002
      38       1     1.19999997E+001   7.17944713E+003   3.61407888E-001   2.84306734E+003   2.84270593E+003  -3.73003006E-001  -1.69089784E+002  -1.68716781E+002   2.84272327E+003  -3.55663745E-001   2.84307894E+003   3.44068627E-001  -1.69072444E+002  -1.68728376E+002
      39       1     1.19999997E+001   7.17917227E+003   3.70502227E-001   2.84292266E+003   2.84255216E+003  -3.82131939E-001  -1.69162203E+002  -1.68780071E+002   2.84256949E+003  -3.64798818E-001   2.84293429E+003   3.53169106E-001  -1.69144870E+002  -1.68791701E+002
      40       1     1.19999997E+001   7.17889581E+003   3.79650523E-001   2.84277713E+003   2.84239748E+003  -3.91314493E-001  -1.69235048E+002  -1.68843733E+002   2.84241481E+003  -3.73987923E-001   2.84278880E+003   3.62323953E-001  -1.69217721E+002  -1.68855397E+002
      41       1     1.19999997E+001   7.17861772E+003   3.88852920E-001   2.84263075E+003   2.84224190E+003  -4.00550867E-001  -1.69308320E+002  -1.68907769E+002   2.84225922E+003  -3.83231771E-001   2.84264245E+003   3.71533824E-001  -1.69291001E+002  -1.68919467E+002
      42       1     1.19999997E+001   7.17833801E+003   3.98109477E-001   2.84248351E+003   2.84208540E+003  -4.09841191E-001  -1.69382022E+002  -1.68972181E+002   2.84210271E+003  -3.92530888E-001   2.84249524E+003   3.80799174E-001  -1.69364712E+002  -1.68983913E+002
      43       1     1.19999997E+001   7.17805667E+003   4.07420221E-001   2.84233541E+003   2.84192799E+003  -4.19185578E-001  -1.69456154E+002  -1.69036969E+002   2.84194529E+003  -4.01885650E-001   2.84234717E+003   3.90120292E-001  -1.69438855E+002  -1.69048734E+002
      44       1     1.19999997E+001   7.17777369E+003   4.16785104E-001   2.84218645E+003   2.84176966E+003  -4.28584087E-001  -1.69530717E+002  -1.69102133E+002   2.84178695E+003  -4.11296253E-001   2.84219824E+003   3.99497270E-001  -1.69513429E+002  -1.69113932E+002
      45       1     1.19999997E+001   7.17748909E+003   4.26204116E-001   2.84203663E+003   2.84161042E+003  -4.38036737E-001  -1.69605708E+002  -1.69167672E+002   2.84162770E+003  -4.20762776E-001   2.84204846E+003   4.08930155E-001  -1.69588435E+002  -1.69179504E+002
      46       1     1.19999997E+001   7.17714196E+003   4.36493387E-001   2.84185329E+003   2.84141680E+003  -4.47548447E-001  -1.69696577E+002  -1.69249028E+002   2.84143486E+003  -4.29481131E-001   2.84186434E+003   4.18426071E-001  -1.69678510E+002  -1.69260084E+002
      47       1     1.19999997E+001   7.17679375E+003   4.50971146E-001   2.84167154E+003   2.84122057E+003  -4.61295929E-001  -1.69789726E+002  -1.69328430E+002   2.84123906E+003  -4.42803194E-001   2.84168187E+003   4.32478411E-001  -1.69771233E+002  -1.69338755E+002
      48       1     1.19999997E+001   7.17647827E+003   4.57583768E-001   2.84150349E+003   2.84104590E+003  -4.70617311E-001  -1.69871002E+002  -1.69400384E+002   2.84106194E+003  -4.54579165E-001   2.84151652E+003   4.41545622E-001  -1.69854964E+002  -1.69413418E+002
      49       1     1.19999997E+001   7.17620902E+003   4.66997490E-001   2.84136200E+003   2.84089500E+003  -4.79959841E-001  -1.69942196E+002  -1.69462236E+002   2.84091111E+003  -4.63856728E-001   2.84137496E+003   4.50894378E-001  -1.69926093E+002  -1.69475199E+002
      50       1     1.19999997E+001   7.17593811E+003   4.76316538E-001   2.84121955E+003   2.84074323E+003  -4.89244878E-001  -1.70013764E+002  -1.69524519E+002   2.84075939E+003  -4.73085364E-001   2.84123248E+003   4.60157024E-001  -1.69997604E+002  -1.69537447E+002
      51       1     1.19999997E+001   7.17566599E+003   4.85683597E-001   2.84107647E+003   2.84059079E+003  -4.98573981E-001  -1.70085654E+002  -1.69587080E+002   2.84060701E+003  -4.82354641E-001   2.84108936E+003   4.69464257E-001  -1.70069435E+002  -1.69599970E+002
      52       1     1.19999997E+001   7.17539269E+003   4.95091035E-001   2.84093276E+003   2.84043767E+003  -5.07943916E-001  -1.70157858E+002  -1.69649914E+002   2.84045395E+003  -4.91664668E-001   2.84094562E+003   4.78811788E-001  -1.70141578E+002  -1.69662767E+002
      53       1     1.19999997E+001   7.17511820E+003   5.04544948E-001   2.84078844E+003   2.84028389E+003  -5.17357910E-001  -1.70230377E+002  -1.69713019E+002   2.84030023E+003  -5.01021041E-001   2.84080125E+003   4.88208079E-001  -1.70214040E+002  -1.69725832E+002
      54       1     1.19999997E+001   7.17484255E+003   5.14050115E-001   2.84064351E+003   2.84012946E+003  -5.26825171E-001  -1.70303207E+002  -1.69776382E+002   2.84014585E+003  -5.10434240E-001   2.84065628E+003   4.97659184E-001  -1.70286816E+002  -1.69789157E+002
      55       1     1.19999997E+001   7.17456579E+003   5.23601705E-001   2.84049799E+003   2.83997439E+003  -5.36334782E-001  -1.70376334E+002  -1.69840000E+002   2.83999083E+003  -5.19895693E-001   2.84051073E+003   5.07162616E-001  -1.70359895E+002  -1.69852733E+002
      56       1     1.19999997E+001   7.17428806E+003   5.33210393E-001   2.84035198E+003   2.83981877E+003  -5.45918973E-001  -1.70449734E+002  -1.69903815E+002   2.83983525E+003  -5.29437550E-001   2.84036469E+003   5.16728970E-001  -1.70433253E+002  -1.69916524E+002
      57       1     1.19999997E+001   7.17400949E+003   5.42875028E-001   2.84020552E+003   2.83966265E+003  -5.55577033E-001  -1.70523376E+002  -1.69967799E+002   2.83967917E+003  -5.39053054E-001   2.84021823E+003   5.26351049E-001  -1.70506852E+002  -1.69980501E+002
      58       1     1.19999997E+001   7.17373015E+003   5.52574880E-001   2.84005868E+003   2.83950611E+003  -5.65267368E-001  -1.70597219E+002  -1.70031951E+002   2.83952266E+003  -5.48717715E-001   2.84007137E+003   5.36025227E-001  -1.70580669E+002  -1.70044644E+002
      59       1     1.19999997E+001   7.17345026E+003   5.62314967E-001   2.83991155E+003   2.83934923E+003  -5.75008069E-001  -1.70671223E+002  -1.70096215E+002   2.83936580E+003  -5.58437802E-001   2.83992424E+003   5.45744700E-001  -1.70654653E+002  -1.70108908E+002
      60       1     1.19999997E+001   7.17316974E+003   5.72028515E-001   2.83976407E+003   2.83919204E+003  -5.84730306E-001  -1.70745361E+002  -1.70160631E+002   2.83920859E+003  -5.68175505E-001   2.83977677E+003   5.55473714E-001  -1.70728807E+002  -1.70173333E+002
      61       1     1.19999997E+001   7.17288851E+003   5.81715992E-001   2.83961620E+003   2.83903448E+003  -5.94429471E-001  -1.70819654E+002  -1.70225224E+002   2.83905098E+003  -5.77928707E-001   2.83962891E+003   5.65215227E-001  -1.70803153E+002  -1.70237938E+002
      62       1     1.19999997E+001   7.17260630E+003   5.91449977E-001   2.83946783E+003   2.83887638E+003  -6.04135211E-001  -1.70894196E+002  -1.70290061E+002   2.83889281E+003  -5.87711903E-001   2.83948052E+003   5.75026670E-001  -1.70877773E+002  -1.70302746E+002
      63       1     1.19999997E+001   7.17232326E+003   6.01248177E-001   2.83931903E+003   2.83871778E+003  -6.13941091E-001  -1.70968989E+002  -1.70355048E+002   2.83873414E+003  -5.97587910E-001   2.83933173E+003   5.84894996E-001  -1.70952636E+002  -1.70367741E+002
      64       1     1.19999997E+001   7.17203880E+003   6.11110523E-001   2.83916950E+003   2.83855839E+003  -6.23768914E-001  -1.71044155E+002  -1.70420386E+002   2.83857468E+003  -6.07482014E-001   2.83918216E+003   5.94823624E-001  -1.71027868E+002  -1.70433045E+002
      65       1     1.19999997E+001   7.17175286E+003   6.21010438E-001   2.83901919E+003   2.83839818E+003  -6.33623876E-001  -1.71119706E+002  -1.70486082E+002   2.83841440E+003  -6.17400938E-001   2.83903180E+003   6.04787500E-001  -1.71103483E+002  -1.70498695E+002
      66       1     1.19999997E+001   7.17146536E+003   6.30946502E-001   2.83886804E+003   2.83823709E+003  -6.43517853E-001  -1.71195663E+002  -1.70552145E+002   2.83825326E+003  -6.27351246E-001   2.83888061E+003   6.14779896E-001  -1.71179496E+002  -1.70564716E+002
      67       1     1.19999997E+001   7.17117642E+003   6.40912080E-001   2.83871611E+003   2.83807520E+003  -6.53459903E-001  -1.71272001E+002  -1.70618541E+002   2.83809133E+003  -6.37325437E-001   2.83872866E+003   6.24777614E-001  -1.71255867E+002  -1.70631089E+002
      68       1     1.19999997E+001   7.17088589E+003   6.50891388E-001   2.83856333E+003   2.83791244E+003  -6.63403575E-001  -1.71348736E+002  -1.70685333E+002   2.83792854E+003  -6.47298314E-001   2.83857584E+003   6.34786127E-001  -1.71332631E+002  -1.70697845E+002
      69       1     1.19999997E+001   7.17059373E+003   6.60929495E-001   2.83840969E+003   2.83774876E+003  -6.73382929E-001  -1.71425899E+002  -1.70752516E+002   2.83776483E+003  -6.57313892E-001   2.83842214E+003   6.44860458E-001  -1.71409830E+002  -1.70764969E+002
      70       1     1.19999997E+001   7.17029998E+003   6.71033338E-001   2.83825521E+003   2.83758418E+003  -6.83436031E-001  -1.71503499E+002  -1.70820063E+002   2.83760024E+003  -6.67370785E-001   2.83826761E+003   6.54968093E-001  -1.71487433E+002  -1.70832465E+002
      71       1     1.19999997E+001   7.17000368E+003   6.81256610E-001   2.83809945E+003   2.83741820E+003  -6.93625447E-001  -1.71581738E+002  -1.70888112E+002   2.83743404E+003  -6.77785664E-001   2.83811182E+003   6.65416827E-001  -1.71565898E+002  -1.70900481E+002
      72       1     1.19999997E+001   7.16969358E+003   6.90927243E-001   2.83793598E+003   2.83724505E+003  -7.03330608E-001  -1.71663055E+002  -1.70959725E+002   2.83726039E+003  -6.87996741E-001   2.83794838E+003   6.75593376E-001  -1.71647722E+002  -1.70972128E+002
      73       1     1.19999997E+001   7.16938234E+003   7.00943467E-001   2.83777196E+003   2.83707101E+003  -7.13512835E-001  -1.71744930E+002  -1.71031417E+002   2.83708610E+003  -6.98421166E-001   2.83778452E+003   6.85851798E-001  -1.71729838E+002  -1.71043986E+002
      74       1     1.19999997E+001   7.16907486E+003   7.11174260E-001   2.83761012E+003   2.83689895E+003  -7.23359694E-001  -1.71825942E+002  -1.71102582E+002   2.83691418E+003  -7.08121858E-001   2.83762231E+003   6.95936424E-001  -1.71810704E+002  -1.71114767E+002
      75       1     1.19999997E+001   7.16876260E+003   7.21730983E-001   2.83744572E+003   2.83672399E+003  -7.34419295E-001  -1.71908425E+002  -1.71174006E+002   2.83673899E+003  -7.19418440E-001   2.83745841E+003   7.06730128E-001  -1.71893425E+002  -1.71186694E+002
      76       1     1.19999997E+001   7.16844410E+003   7.31562675E-001   2.83727767E+003   2.83654611E+003  -7.44344036E-001  -1.71991984E+002  -1.71247640E+002   2.83656086E+003  -7.29593572E-001   2.83729046E+003   7.16812212E-001  -1.71977233E+002  -1.71260421E+002
      77       1     1.19999997E+001   7.16813541E+003   7.42413036E-001   2.83711550E+003   2.83637309E+003  -7.54738678E-001  -1.72073593E+002  -1.71318854E+002   2.83638799E+003  -7.39830837E-001   2.83712782E+003   7.27505195E-001  -1.72058685E+002  -1.71331180E+002
      78       1     1.19999997E+001   7.16781901E+003   7.52591114E-001   2.83694874E+003   2.83619614E+003  -7.65130372E-001  -1.72156834E+002  -1.71391703E+002   2.83621079E+003  -7.50483873E-001   2.83696127E+003   7.37944615E-001  -1.72142187E+002  -1.71404243E+002
      79       1     1.19999997E+001   7.16750200E+003   7.62985368E-001   2.83678183E+003   2.83601885E+003  -7.75157237E-001  -1.72240247E+002  -1.71465090E+002   2.83603346E+003  -7.60545792E-001   2.83679400E+003   7.48373924E-001  -1.72225636E+002  -1.71477262E+002
      80       1     1.19999997E+001   7.16718454E+003   7.73633816E-001   2.83661465E+003   2.83584102E+003  -7.85939655E-001  -1.72324057E+002  -1.71538117E+002   2.83585571E+003  -7.71243121E-001   2.83662696E+003   7.58937281E-001  -1.72309360E+002  -1.71550423E+002
      81       1     1.19999997E+001   7.16686419E+003   7.84009090E-001   2.83644576E+003   2.83566175E+003  -7.96469568E-001  -1.72408446E+002  -1.71611977E+002   2.83567653E+003  -7.81689537E-001   2.83645822E+003   7.69229059E-001  -1.72393666E+002  -1.71624437E+002
      82       1     1.19999997E+001   7.16654297E+003   7.94660585E-001   2.83627656E+003   2.83548190E+003  -8.07235120E-001  -1.72493165E+002  -1.71685930E+002   2.83549670E+003  -7.92437662E-001   2.83628914E+003   7.79863127E-001  -1.72478367E+002  -1.71698504E+002
      83       1     1.19999997E+001   7.16621881E+003   8.05100350E-001   2.83610561E+003   2.83530051E+003  -8.17978499E-001  -1.72578546E+002  -1.71760567E+002   2.83531530E+003  -8.03190195E-001   2.83611849E+003   7.90312046E-001  -1.72563758E+002  -1.71773446E+002
      84       1     1.19999997E+001   7.16589242E+003   8.15818976E-001   2.83593363E+003   2.83511781E+003  -8.28816912E-001  -1.72664577E+002  -1.71835760E+002   2.83513260E+003  -8.14026017E-001   2.83594663E+003   8.01028081E-001  -1.72649786E+002  -1.71848758E+002
      85       1     1.19999997E+001   7.16556153E+003   8.26549501E-001   2.83575921E+003   2.83493266E+003  -8.39718287E-001  -1.72751724E+002  -1.71912006E+002   2.83494740E+003  -8.24982419E-001   2.83577238E+003   8.11813634E-001  -1.72736989E+002  -1.71925175E+002
      86       1     1.19999997E+001   7.16523098E+003   8.38233184E-001   2.83558535E+003   2.83474712E+003  -8.51378301E-001  -1.72839364E+002  -1.71987985E+002   2.83476239E+003  -8.36109540E-001   2.83559850E+003   8.22964424E-001  -1.72824095E+002  -1.72001131E+002
      87       1     1.19999997E+001   7.16489367E+003   8.48745672E-001   2.83540700E+003   2.83455825E+003  -8.62759012E-001  -1.72928323E+002  -1.72065564E+002   2.83457410E+003  -8.46912642E-001   2.83542101E+003   8.32899302E-001  -1.72912477E+002  -1.72079577E+002
      88       1     1.19999997E+001   7.16455268E+003   8.60700672E-001   2.83522735E+003   2.83436665E+003  -8.75216646E-001  -1.73018928E+002  -1.72143711E+002   2.83438349E+003  -8.58375269E-001   2.83524186E+003   8.43859294E-001  -1.73002086E+002  -1.72158227E+002
      89       1     1.19999997E+001   7.16421125E+003   8.71573221E-001   2.83504742E+003   2.83417585E+003  -8.85623500E-001  -1.73108593E+002  -1.72222970E+002   2.83419263E+003  -8.68849664E-001   2.83506147E+003   8.54799385E-001  -1.73091820E+002  -1.72237020E+002
      90       1     1.19999997E+001   7.16386626E+003   8.82130271E-001   2.83486522E+003   2.83398309E+003  -8.96947483E-001  -1.73199173E+002  -1.72302226E+002   2.83399933E+003  -8.80706359E-001   2.83488003E+003   8.65889146E-001  -1.73182932E+002  -1.72317043E+002
      91       1     1.19999997E+001   7.16351048E+003   8.93878627E-001   2.83467756E+003   2.83378368E+003  -9.09997855E-001  -1.73293192E+002  -1.72383195E+002   2.83379955E+003  -8.94127183E-001   2.83469368E+003   8.78007955E-001  -1.73277322E+002  -1.72399314E+002
      92       1     1.19999997E+001   7.16315103E+003   9.06264024E-001   2.83448845E+003   2.83358218E+003  -9.21179543E-001  -1.73388216E+002  -1.72467037E+002   2.83359930E+003  -9.04057436E-001   2.83450336E+003   8.89141918E-001  -1.73371094E+002  -1.72481952E+002
      93       1     1.19999997E+001   7.16280320E+003   9.17557648E-001   2.83430504E+003   2.83338748E+003  -9.32677469E-001  -1.73479885E+002  -1.72547207E+002   2.83340469E+003  -9.15466894E-001   2.83432016E+003   9.00347074E-001  -1.73462674E+002  -1.72562327E+002
      94       1     1.19999997E+001   7.16245268E+003   9.28809282E-001   2.83412014E+003   2.83319133E+003  -9.44138196E-001  -1.73572204E+002  -1.72628066E+002   2.83320864E+003  -9.26829193E-001   2.83413547E+003   9.11500279E-001  -1.73554895E+002  -1.72643395E+002
      95       1     1.19999997E+001   7.16209367E+003   9.39579535E-001   2.83393019E+003   2.83299061E+003  -9.55309405E-001  -1.73666577E+002  -1.72711267E+002   2.83300861E+003  -9.37307119E-001   2.83394592E+003   9.21577249E-001  -1.73648574E+002  -1.72726997E+002
      96       1     1.19999997E+001   7.16173500E+003   9.51771573E-001   2.83374119E+003   2.83278942E+003  -9.67475550E-001  -1.73761516E+002  -1.72794041E+002   2.83280829E+003  -9.48607521E-001   2.83375689E+003   9.32903544E-001  -1.73742648E+002  -1.72809745E+002
      97       1     1.19999997E+001   7.16137567E+003   9.63995837E-001   2.83355184E+003   2.83258785E+003  -9.79956744E-001  -1.73856640E+002  -1.72876683E+002   2.83260732E+003  -9.60486024E-001   2.83356781E+003   9.44525118E-001  -1.73837169E+002  -1.72892644E+002
      98       1     1.19999997E+001   7.16101631E+003   9.75655006E-001   2.83336229E+003   2.83238663E+003  -9.91864930E-001  -1.73951397E+002  -1.72959532E+002   2.83240635E+003  -9.72151987E-001   2.83337850E+003   9.55942063E-001  -1.73931684E+002  -1.72975742E+002
      99       1     1.19999997E+001   7.16064862E+003   9.87470045E-001   2.83316787E+003   2.83218040E+003  -1.00476344E+000  -1.74048706E+002  -1.73043942E+002   2.83220117E+003  -9.83991224E-001   2.83318516E+003   9.66697828E-001  -1.74027934E+002  -1.73061236E+002
     100       1     1.19999997E+001   7.16015215E+003   1.00802254E+000   2.83290898E+003   2.83190096E+003  -1.02406043E+000  -1.74181058E+002  -1.73156997E+002   2.83192052E+003  -1.00450690E+000   2.83292502E+003   9.88469007E-001  -1.74161504E+002  -1.73173035E+002
     101       1     1.19999997E+001   7.15974850E+003   1.01703134E+000   2.83269388E+003   2.83167684E+003  -1.03353944E+000  -1.74285592E+002  -1.73252053E+002   2.83169703E+003  -1.01335701E+000   2.83271038E+003   9.96848918E-001  -1.74265410E+002  -1.73268561E+002
     102       1     1.19999997E+001   7.15940221E+003   1.02859561E+000   2.83251151E+003   2.83148292E+003  -1.04492027E+000  -1.74376926E+002  -1.73332006E+002   2.83150316E+003  -1.02467394E+000   2.83252784E+003   1.00834929E+000  -1.74356680E+002  -1.73348331E+002
     103       1     1.19999997E+001   7.15905552E+003   1.04004380E+000   2.83232876E+003   2.83128872E+003  -1.05649989E+000  -1.74468412E+002  -1.73411912E+002   2.83130915E+003  -1.03607045E+000   2.83234522E+003   1.01961436E+000  -1.74447983E+002  -1.73428368E+002
     104       1     1.19999997E+001   7.15870639E+003   1.05183976E+000   2.83214484E+003   2.83109300E+003  -1.06840364E+000  -1.74560686E+002  -1.73492282E+002   2.83111367E+003  -1.04773301E+000   2.83216141E+003   1.03116913E+000  -1.74540015E+002  -1.73508846E+002
     105       1     1.19999997E+001   7.15832160E+003   1.06348260E+000   2.83194225E+003   2.83087876E+003  -1.08114247E+000  -1.74660920E+002  -1.73579778E+002   2.83089558E+003  -1.06432424E+000   2.83195991E+003   1.04666437E+000  -1.74644102E+002  -1.73597438E+002
     106       1     1.19999997E+001   7.15784242E+003   1.08446205E+000   2.83169084E+003   2.83060638E+003  -1.10717207E+000  -1.74791323E+002  -1.73684151E+002   2.83062408E+003  -1.08947225E+000   2.83171355E+003   1.06676223E+000  -1.74773623E+002  -1.73706861E+002
     107       1     1.19999997E+001   7.15749125E+003   1.09531605E+000   2.83150581E+003   2.83041049E+003  -1.11698005E+000  -1.74883166E+002  -1.73766186E+002   2.83042771E+003  -1.09976402E+000   2.83152747E+003   1.07810002E+000  -1.74865950E+002  -1.73787850E+002
     108       1     1.19999997E+001   7.15713770E+003   1.10626765E+000   2.83131885E+003   2.83021258E+003  -1.12825501E+000  -1.74976318E+002  -1.73848063E+002   2.83023064E+003  -1.11019790E+000   2.83134084E+003   1.08821054E+000  -1.74958261E+002  -1.73870050E+002
     109       1     1.19999997E+001   7.15679691E+003   1.11713540E+000   2.83113927E+003   2.83002213E+003  -1.13855151E+000  -1.75065792E+002  -1.73927241E+002   2.83003999E+003  -1.12069577E+000   2.83116068E+003   1.09927966E+000  -1.75047937E+002  -1.73948657E+002
     110       1     1.19999997E+001   7.15645574E+003   1.12818681E+000   2.83095950E+003   2.82983131E+003  -1.14901344E+000  -1.75155521E+002  -1.74006507E+002   2.82984926E+003  -1.13106886E+000   2.83098033E+003   1.11024223E+000  -1.75137576E+002  -1.74027334E+002
     111       1     1.19999997E+001   7.15611636E+003   1.13938245E+000   2.83078057E+003   2.82964119E+003  -1.16004923E+000  -1.75245080E+002  -1.74085031E+002   2.82965959E+003  -1.14165114E+000   2.83080124E+003   1.12098436E+000  -1.75226682E+002  -1.74105697E+002
     112       1     1.19999997E+001   7.15577639E+003   1.15049617E+000   2.83060130E+003   2.82945081E+003  -1.17094073E+000  -1.75334724E+002  -1.74163783E+002   2.82946963E+003  -1.15211511E+000   2.83062175E+003   1.13167055E+000  -1.75315898E+002  -1.74184228E+002
     113       1     1.19999997E+001   7.15543197E+003   1.16139851E+000   2.83041978E+003   2.82925838E+003  -1.18134482E+000  -1.75425097E+002  -1.74243752E+002   2.82927685E+003  -1.16287534E+000   2.83043972E+003   1.14292903E+000  -1.75406627E+002  -1.74263698E+002
     114       1     1.19999997E+001   7.15506988E+003   1.17243482E+000   2.83022904E+003   2.82905660E+003  -1.19271929E+000  -1.75519573E+002  -1.74326854E+002   2.82907254E+003  -1.17678466E+000   2.83024932E+003   1.15650020E+000  -1.75503638E+002  -1.74347138E+002
     115       1     1.19999997E+001   7.15467918E+003   1.19328768E+000   2.83002695E+003   2.82883366E+003  -1.21260192E+000  -1.75626738E+002  -1.74414136E+002   2.82885120E+003  -1.19505542E+000   2.83004626E+003   1.17574119E+000  -1.75609191E+002  -1.74433450E+002
     116       1     1.19999997E+001   7.15430060E+003   1.20637654E+000   2.82982723E+003   2.82862085E+003  -1.22624626E+000  -1.75727360E+002  -1.74501114E+002   2.82863982E+003  -1.20727948E+000   2.82984710E+003   1.18740977E+000  -1.75708393E+002  -1.74520983E+002
     117       1     1.19999997E+001   7.15393830E+003   1.21455135E+000   2.82963376E+003   2.82841921E+003  -1.23768137E+000  -1.75821632E+002  -1.74583951E+002   2.82843741E+003  -1.21948593E+000   2.82965689E+003   1.19635592E+000  -1.75803437E+002  -1.74607081E+002
     118       1     1.19999997E+001   7.15358989E+003   1.22479178E+000   2.82944914E+003   2.82822435E+003  -1.24868675E+000  -1.75913244E+002  -1.74664557E+002   2.82824323E+003  -1.22980941E+000   2.82947304E+003   1.20591444E+000  -1.75894366E+002  -1.74688452E+002
     119       1     1.19999997E+001   7.15325697E+003   1.23515893E+000   2.82927330E+003   2.82803814E+003  -1.25866641E+000  -1.76000793E+002  -1.74742126E+002   2.82805765E+003  -1.23915234E+000   2.82929681E+003   1.21564486E+000  -1.75981279E+002  -1.74765634E+002
     120       1     1.19999997E+001   7.15292050E+003   1.24606715E+000   2.82909601E+003   2.82784995E+003  -1.26919082E+000  -1.76089274E+002  -1.74820084E+002   2.82786923E+003  -1.24990225E+000   2.82911914E+003   1.22677858E+000  -1.76069986E+002  -1.74843207E+002
     121       1     1.19999997E+001   7.15258268E+003   1.25680937E+000   2.82891757E+003   2.82766077E+003  -1.27981468E+000  -1.76178337E+002  -1.74898522E+002   2.82768087E+003  -1.25971098E+000   2.82894058E+003   1.23670568E+000  -1.76158233E+002  -1.74921527E+002
     122       1     1.19999997E+001   7.15224363E+003   1.26738022E+000   2.82873852E+003   2.82747114E+003  -1.28985800E+000  -1.76267480E+002  -1.74977622E+002   2.82749192E+003  -1.26907719E+000   2.82876100E+003   1.24659940E+000  -1.76246700E+002  -1.75000100E+002
     123       1     1.19999997E+001   7.15190547E+003   1.27861414E+000   2.82856034E+003   2.82728172E+003  -1.30020754E+000  -1.76356679E+002  -1.75056471E+002   2.82730330E+003  -1.27862513E+000   2.82858193E+003   1.25703173E+000  -1.76335096E+002  -1.75078064E+002
     124       1     1.19999997E+001   7.15156405E+003   1.28930680E+000   2.82838046E+003   2.82709115E+003  -1.30964824E+000  -1.76446057E+002  -1.75136409E+002   2.82711247E+003  -1.28833029E+000   2.82840080E+003   1.26798885E+000  -1.76424739E+002  -1.75156750E+002
     125       1     1.19999997E+001   7.15122931E+003   1.29998917E+000   2.82820372E+003   2.82690373E+003  -1.31989834E+000  -1.76534275E+002  -1.75214377E+002   2.82692595E+003  -1.29767758E+000   2.82822362E+003   1.27776842E+000  -1.76512055E+002  -1.75234286E+002
     126       1     1.19999997E+001   7.15089127E+003   1.31145384E+000   2.82802540E+003   2.82671395E+003  -1.33104034E+000  -1.76623860E+002  -1.75292820E+002   2.82673760E+003  -1.30739367E+000   2.82804499E+003   1.28780717E+000  -1.76600214E+002  -1.75312407E+002
     127       1     1.19999997E+001   7.15055279E+003   1.32279728E+000   2.82784699E+003   2.82652419E+003  -1.34194214E+000  -1.76713297E+002  -1.75371355E+002   2.82654859E+003  -1.31754605E+000   2.82786613E+003   1.29840118E+000  -1.76688901E+002  -1.75390500E+002
     128       1     1.19999997E+001   7.15021234E+003   1.33282964E+000   2.82766689E+003   2.82633406E+003  -1.35199253E+000  -1.76802521E+002  -1.75450528E+002   2.82635857E+003  -1.32748295E+000   2.82768605E+003   1.30832005E+000  -1.76778011E+002  -1.75469691E+002
     129       1     1.19999997E+001   7.14987056E+003   1.34427388E+000   2.82748663E+003   2.82614236E+003  -1.36318744E+000  -1.76892920E+002  -1.75529733E+002   2.82616781E+003  -1.33773823E+000   2.82750555E+003   1.31882466E+000  -1.76867471E+002  -1.75548646E+002
     130       1     1.19999997E+001   7.14952725E+003   1.35398628E+000   2.82730443E+003   2.82595044E+003  -1.37362289E+000  -1.76983080E+002  -1.75609457E+002   2.82597683E+003  -1.34723097E+000   2.82732406E+003   1.32759435E+000  -1.76956688E+002  -1.75629094E+002
     131       1     1.19999997E+001   7.14918487E+003   1.36448209E+000   2.82712357E+003   2.82575909E+003  -1.38401039E+000  -1.77072946E+002  -1.75688936E+002   2.82578544E+003  -1.35765970E+000   2.82714310E+003   1.33813140E+000  -1.77046596E+002  -1.75708464E+002
     132       1     1.19999997E+001   7.14884520E+003   1.37602891E+000   2.82694456E+003   2.82556853E+003  -1.39502844E+000  -1.77162829E+002  -1.75767801E+002   2.82559589E+003  -1.36766676E+000   2.82696355E+003   1.34866723E+000  -1.77135467E+002  -1.75786800E+002
     133       1     1.19999997E+001   7.14850532E+003   1.38658358E+000   2.82676489E+003   2.82537831E+003  -1.40518001E+000  -1.77252296E+002  -1.75847116E+002   2.82540666E+003  -1.37682757E+000   2.82678349E+003   1.35823114E+000  -1.77223944E+002  -1.75865713E+002
     134       1     1.19999997E+001   7.14816469E+003   1.39775667E+000   2.82658519E+003   2.82518743E+003  -1.41528376E+000  -1.77342210E+002  -1.75926926E+002   2.82521725E+003  -1.38546134E+000   2.82660271E+003   1.36793424E+000  -1.77312387E+002  -1.75944453E+002
     135       1     1.19999997E+001   7.14782168E+003   1.40804566E+000   2.82640361E+003   2.82499556E+003  -1.42589119E+000  -1.77432399E+002  -1.76006508E+002   2.82502597E+003  -1.39548486E+000   2.82642145E+003   1.37763933E+000  -1.77401993E+002  -1.76024353E+002
     136       1     1.19999997E+001   7.14747675E+003   1.41820593E+000   2.82622129E+003   2.82480308E+003  -1.43504009E+000  -1.77522635E+002  -1.76087595E+002   2.82483395E+003  -1.40417337E+000   2.82623812E+003   1.38733921E+000  -1.77491768E+002  -1.76104429E+002
     137       1     1.19999997E+001   7.14713206E+003   1.42966867E+000   2.82603934E+003   2.82460967E+003  -1.44573979E+000  -1.77613863E+002  -1.76168123E+002   2.82464234E+003  -1.41307168E+000   2.82605541E+003   1.39700057E+000  -1.77581194E+002  -1.76184194E+002
     138       1     1.19999997E+001   7.14679009E+003   1.44059542E+000   2.82585890E+003   2.82441830E+003  -1.45576598E+000  -1.77703857E+002  -1.76248091E+002   2.82445173E+003  -1.42233625E+000   2.82587407E+003   1.40716569E+000  -1.77670427E+002  -1.76263261E+002
     139       1     1.19999997E+001   7.14640148E+003   1.45867785E+000   2.82565679E+003   2.82419811E+003  -1.47319668E+000  -1.77808847E+002  -1.76335650E+002   2.82423160E+003  -1.43970951E+000   2.82567131E+003   1.42519068E+000  -1.77775360E+002  -1.76350169E+002
     140       1     1.19999997E+001   7.14605424E+003   1.46985170E+000   2.82547376E+003   2.82400391E+003  -1.48233177E+000  -1.77900105E+002  -1.76417774E+002   2.82403864E+003  -1.44760531E+000   2.82548624E+003   1.43512524E+000  -1.77865379E+002  -1.76430254E+002
     141       1     1.19999997E+001   7.14571620E+003   1.48038735E+000   2.82529507E+003   2.82381468E+003  -1.49223471E+000  -1.77989120E+002  -1.76496885E+002   2.82385063E+003  -1.45628451E+000   2.82530692E+003   1.44443715E+000  -1.77953169E+002  -1.76508732E+002
     142       1     1.19999997E+001   7.14536968E+003   1.49100122E+000   2.82511161E+003   2.82362061E+003  -1.50257861E+000  -1.78080466E+002  -1.76577887E+002   2.82365820E+003  -1.46498285E+000   2.82512319E+003   1.45340546E+000  -1.78042870E+002  -1.76589464E+002
     143       1     1.19999997E+001   7.14503069E+003   1.50152356E+000   2.82493238E+003   2.82343085E+003  -1.51242139E+000  -1.78169721E+002  -1.76657300E+002   2.82346977E+003  -1.47350768E+000   2.82494327E+003   1.46260985E+000  -1.78130808E+002  -1.76668198E+002
     144       1     1.19999997E+001   7.14468979E+003   1.51235873E+000   2.82475234E+003   2.82323998E+003  -1.52246730E+000  -1.78259522E+002  -1.76737055E+002   2.82327999E+003  -1.48246379E+000   2.82476245E+003   1.47235522E+000  -1.78219519E+002  -1.76747164E+002
     145       1     1.19999997E+001   7.14434897E+003   1.52304887E+000   2.82457219E+003   2.82304914E+003  -1.53252883E+000  -1.78349318E+002  -1.76816789E+002   2.82309042E+003  -1.49125524E+000   2.82458167E+003   1.48177528E+000  -1.78308045E+002  -1.76826269E+002
     146       1     1.19999997E+001   7.14400607E+003   1.53351568E+000   2.82439091E+003   2.82285739E+003  -1.54174159E+000  -1.78439404E+002  -1.76897662E+002   2.82290011E+003  -1.49903104E+000   2.82439914E+003   1.49080512E+000  -1.78396693E+002  -1.76905888E+002
     147       1     1.19999997E+001   7.14366339E+003   1.54427111E+000   2.82420980E+003   2.82266553E+003  -1.55173242E+000  -1.78529669E+002  -1.76977936E+002   2.82270955E+003  -1.50771642E+000   2.82421726E+003   1.50025511E+000  -1.78485653E+002  -1.76985398E+002
     148       1     1.19999997E+001   7.14331928E+003   1.55588937E+000   2.82402822E+003   2.82247234E+003  -1.56250629E+000  -1.78620839E+002  -1.77058333E+002   2.82251821E+003  -1.51663356E+000   2.82403484E+003   1.51001664E+000  -1.78574967E+002  -1.77064950E+002
     149       1     1.19999997E+001   7.14297494E+003   1.56669346E+000   2.82384623E+003   2.82227953E+003  -1.57259470E+000  -1.78711545E+002  -1.77138950E+002   2.82232667E+003  -1.52545750E+000   2.82385213E+003   1.51955625E+000  -1.78664408E+002  -1.77144852E+002
     150       1     1.19999997E+001   7.14262900E+003   1.57763204E+000   2.82366350E+003   2.82208587E+003  -1.58262801E+000  -1.78802644E+002  -1.77220016E+002   2.82213417E+003  -1.53431868E+000   2.82366849E+003   1.52932271E+000  -1.78754335E+002  -1.77225012E+002
     151       1     1.19999997E+001   7.14224652E+003   1.59499920E+000   2.82346424E+003   2.82186924E+003  -1.59907587E+000  -1.78905863E+002  -1.77306787E+002   2.82191819E+003  -1.55012163E+000   2.82346831E+003   1.54604496E+000  -1.78856908E+002  -1.77310864E+002
     152       1     1.19999997E+001   7.14183771E+003   1.61375784E+000   2.82325117E+003   2.82163741E+003  -1.61517786E+000  -1.79016472E+002  -1.77401294E+002   2.82168946E+003  -1.56312891E+000   2.82325259E+003   1.56170889E+000  -1.78964423E+002  -1.77402714E+002
     153       1     1.19999997E+001   7.14139698E+003   1.63525065E+000   2.82302206E+003   2.82138681E+003  -1.63346904E+000  -1.79136382E+002  -1.77502913E+002   2.82144265E+003  -1.57762937E+000   2.82302028E+003   1.57941098E+000  -1.79080542E+002  -1.77501131E+002
     154       1     1.19999997E+001   7.14098221E+003   1.65050042E+000   2.82280414E+003   2.82115364E+003  -1.64560209E+000  -1.79246563E+002  -1.77600961E+002   2.82121245E+003  -1.58680111E+000   2.82279925E+003   1.59169944E+000  -1.79187762E+002  -1.77596063E+002
     155       1     1.19999997E+001   7.14059382E+003   1.66188369E+000   2.82259827E+003   2.82093639E+003  -1.65511036E+000  -1.79348654E+002  -1.77693543E+002   2.82099837E+003  -1.59312751E+000   2.82259150E+003   1.59990084E+000  -1.79286671E+002  -1.77686770E+002
     156       1     1.19999997E+001   7.14020769E+003   1.67405832E+000   2.82239432E+003   2.82072026E+003  -1.66544230E+000  -1.79450278E+002  -1.77784836E+002   2.82078418E+003  -1.60152493E+000   2.82238570E+003   1.61014095E+000  -1.79386361E+002  -1.77776220E+002
     157       1     1.19999997E+001   7.13987213E+003   1.68394705E+000   2.82221672E+003   2.82053277E+003  -1.67523601E+000  -1.79538264E+002  -1.77863028E+002   2.82059693E+003  -1.61107718E+000   2.82220801E+003   1.61978822E+000  -1.79474105E+002  -1.77854317E+002
     158       1     1.19999997E+001   7.13954799E+003   1.69054494E+000   2.82204337E+003   2.82035283E+003  -1.68238036E+000  -1.79622084E+002  -1.77939704E+002   2.82041779E+003  -1.61741844E+000   2.82203521E+003   1.62558302E+000  -1.79557122E+002  -1.77931539E+002
     159       1     1.19999997E+001   7.13922382E+003   1.69741292E+000   2.82187041E+003   2.82017300E+003  -1.68922350E+000  -1.79705782E+002  -1.78016559E+002   2.82023828E+003  -1.62394708E+000   2.82186222E+003   1.63213650E+000  -1.79640506E+002  -1.78008369E+002
     160       1     1.19999997E+001   7.13889655E+003   1.70396910E+000   2.82169574E+003   2.81999177E+003  -1.69528477E+000  -1.79789957E+002  -1.78094673E+002   2.82005729E+003  -1.62976409E+000   2.82168706E+003   1.63844841E+000  -1.79724437E+002  -1.78085988E+002
     161       1     1.19999997E+001   7.13856902E+003   1.71157493E+000   2.82152135E+003   2.81980977E+003  -1.70270946E+000  -1.79874829E+002  -1.78172119E+002   2.81987565E+003  -1.63683305E+000   2.82151248E+003   1.64569852E+000  -1.79808952E+002  -1.78163254E+002
     162       1     1.19999997E+001   7.13822975E+003   1.72292703E+000   2.82134234E+003   2.81961942E+003  -1.71367506E+000  -1.79964567E+002  -1.78250892E+002   2.81968620E+003  -1.64689019E+000   2.82133309E+003   1.65614216E+000  -1.79897782E+002  -1.78241640E+002
     163       1     1.19999997E+001   7.13789348E+003   1.73205992E+000   2.82116376E+003   2.81943170E+003  -1.72232567E+000  -1.80052560E+002  -1.78330234E+002   2.81949991E+003  -1.65411077E+000   2.82115402E+003   1.66384502E+000  -1.79984345E+002  -1.78320500E+002
     164       1     1.19999997E+001   7.13756623E+003   1.73912261E+000   2.82098910E+003   2.81924997E+003  -1.72864550E+000  -1.80137236E+002  -1.78408591E+002   2.81931967E+003  -1.65894470E+000   2.82097862E+003   1.66942181E+000  -1.80067535E+002  -1.78398113E+002
     165       1     1.19999997E+001   7.13720990E+003   1.74801038E+000   2.82079959E+003   2.81905158E+003  -1.73496171E+000  -1.80229945E+002  -1.78494984E+002   2.81912429E+003  -1.66225392E+000   2.82078655E+003   1.67530259E+000  -1.80157238E+002  -1.78481935E+002
     166       1     1.19999997E+001   7.13686387E+003   1.75621606E+000   2.82061533E+003   2.81885912E+003  -1.74144532E+000  -1.80319786E+002  -1.78578340E+002   2.81893407E+003  -1.66649728E+000   2.82060056E+003   1.68126802E+000  -1.80244838E+002  -1.78563570E+002
     167       1     1.19999997E+001   7.13650255E+003   1.76364826E+000   2.82042228E+003   2.81865863E+003  -1.74856702E+000  -1.80413115E+002  -1.78664548E+002   2.81873477E+003  -1.67242328E+000   2.82040720E+003   1.68750452E+000  -1.80336971E+002  -1.78649467E+002
     168       1     1.19999997E+001   7.13616914E+003   1.77076272E+000   2.82024420E+003   2.81847344E+003  -1.75624195E+000  -1.80499421E+002  -1.78743179E+002   2.81855006E+003  -1.67961995E+000   2.82022968E+003   1.69414072E+000  -1.80422799E+002  -1.78728658E+002
     169       1     1.19999997E+001   7.13582746E+003   1.77713404E+000   2.82006191E+003   2.81828477E+003  -1.75935255E+000  -1.80586746E+002  -1.78827394E+002   2.81836307E+003  -1.68105770E+000   2.82004413E+003   1.69883918E+000  -1.80508451E+002  -1.78809612E+002
     170       1     1.19999997E+001   7.13549301E+003   1.78383279E+000   2.81988328E+003   2.81809944E+003  -1.76647101E+000  -1.80672878E+002  -1.78906407E+002   2.81817745E+003  -1.68846506E+000   2.81986592E+003   1.70582684E+000  -1.80594872E+002  -1.78889045E+002
     171       1     1.19999997E+001   7.13515845E+003   1.79204050E+000   2.81970537E+003   2.81791333E+003  -1.77421139E+000  -1.80759759E+002  -1.78985547E+002   2.81799181E+003  -1.69573537E+000   2.81968754E+003   1.71356448E+000  -1.80681283E+002  -1.78967718E+002
     172       1     1.19999997E+001   7.13482324E+003   1.79948877E+000   2.81952655E+003   2.81772706E+003  -1.78117517E+000  -1.80846608E+002  -1.79065432E+002   2.81780676E+003  -1.70147684E+000   2.81950823E+003   1.71979045E+000  -1.80766909E+002  -1.79047119E+002
     173       1     1.19999997E+001   7.13450029E+003   1.80526228E+000   2.81935347E+003   2.81754820E+003  -1.78678971E+000  -1.80929674E+002  -1.79142884E+002   2.81762916E+003  -1.70583546E+000   2.81933499E+003   1.72430803E+000  -1.80848720E+002  -1.79124412E+002
     174       1     1.19999997E+001   7.13416689E+003   1.81033938E+000   2.81917495E+003   2.81736461E+003  -1.79086680E+000  -1.81014374E+002  -1.79223507E+002   2.81744523E+003  -1.71024680E+000   2.81915548E+003   1.72971938E+000  -1.80933754E+002  -1.79204035E+002
     175       1     1.19999997E+001   7.13382338E+003   1.81885655E+000   2.81899201E+003   2.81717315E+003  -1.79688703E+000  -1.81103943E+002  -1.79307056E+002   2.81725753E+003  -1.71250969E+000   2.81897004E+003   1.73447921E+000  -1.81019566E+002  -1.79285086E+002
     176       1     1.19999997E+001   7.13347999E+003   1.82619797E+000   2.81880864E+003   2.81698244E+003  -1.80343115E+000  -1.81192792E+002  -1.79389361E+002   2.81706846E+003  -1.71741657E+000   2.81878588E+003   1.74018340E+000  -1.81106778E+002  -1.79366594E+002
     177       1     1.19999997E+001   7.13315415E+003   1.83179454E+000   2.81863403E+003   2.81680224E+003  -1.80903746E+000  -1.81276341E+002  -1.79467304E+002   2.81688874E+003  -1.72254161E+000   2.81861128E+003   1.74529869E+000  -1.81189846E+002  -1.79444547E+002
     178       1     1.19999997E+001   7.13283171E+003   1.83578874E+000   2.81846049E+003   2.81662470E+003  -1.81359684E+000  -1.81358233E+002  -1.79544636E+002   2.81671106E+003  -1.72724076E+000   2.81843830E+003   1.74943266E+000  -1.81271877E+002  -1.79522444E+002
     179       1     1.19999997E+001   7.13251091E+003   1.83854473E+000   2.81828706E+003   2.81644852E+003  -1.81761410E+000  -1.81439257E+002  -1.79621643E+002   2.81653468E+003  -1.73145494E+000   2.81826613E+003   1.75238556E+000  -1.81353098E+002  -1.79600712E+002
     180       1     1.19999997E+001   7.13219467E+003   1.84279155E+000   2.81811704E+003   2.81627425E+003  -1.82193068E+000  -1.81519720E+002  -1.79697789E+002   2.81636067E+003  -1.73550250E+000   2.81809618E+003   1.75636337E+000  -1.81433292E+002  -1.79676928E+002
     181       1     1.19999997E+001   7.13187453E+003   1.84691468E+000   2.81794500E+003   2.81609808E+003  -1.82641573E+000  -1.81600912E+002  -1.79774497E+002   2.81618379E+003  -1.74070954E+000   2.81792450E+003   1.76120849E+000  -1.81515206E+002  -1.79753998E+002
     182       1     1.19999997E+001   7.13155590E+003   1.85041819E+000   2.81777319E+003   2.81592277E+003  -1.83015730E+000  -1.81681703E+002  -1.79851546E+002   2.81600900E+003  -1.74393192E+000   2.81775293E+003   1.76419281E+000  -1.81595478E+002  -1.79831285E+002
     183       1     1.19999997E+001   7.13123799E+003   1.85486889E+000   2.81760230E+003   2.81574743E+003  -1.83464317E+000  -1.81762739E+002  -1.79928096E+002   2.81583418E+003  -1.74789264E+000   2.81758207E+003   1.76811836E+000  -1.81675988E+002  -1.79907870E+002
     184       1     1.19999997E+001   7.13091970E+003   1.85806754E+000   2.81743049E+003   2.81557242E+003  -1.83802607E+000  -1.81843321E+002  -1.80005295E+002   2.81565985E+003  -1.75059321E+000   2.81741045E+003   1.77063468E+000  -1.81755888E+002  -1.79985254E+002
     185       1     1.19999997E+001   7.13060060E+003   1.86097598E+000   2.81725818E+003   2.81539720E+003  -1.84088358E+000  -1.81923872E+002  -1.80082989E+002   2.81548520E+003  -1.75288896E+000   2.81723809E+003   1.77298136E+000  -1.81835878E+002  -1.80062896E+002
     186       1     1.19999997E+001   7.13028361E+003   1.86515104E+000   2.81708779E+003   2.81522264E+003  -1.84500761E+000  -1.82004401E+002  -1.80159393E+002   2.81531065E+003  -1.75698801E+000   2.81706764E+003   1.77713144E+000  -1.81916381E+002  -1.80139250E+002
     187       1     1.19999997E+001   7.12996568E+003   1.86873557E+000   2.81691644E+003   2.81504770E+003  -1.84822104E+000  -1.82085013E+002  -1.80236792E+002   2.81513665E+003  -1.75927578E+000   2.81689592E+003   1.77979032E+000  -1.81996068E+002  -1.80216277E+002
     188       1     1.19999997E+001   7.12964416E+003   1.87203091E+000   2.81674326E+003   2.81487122E+003  -1.85191821E+000  -1.82166105E+002  -1.80314187E+002   2.81495926E+003  -1.76387835E+000   2.81672314E+003   1.78399105E+000  -1.82078065E+002  -1.80294074E+002
     189       1     1.19999997E+001   7.12930961E+003   1.88079031E+000   2.81656545E+003   2.81468466E+003  -1.85996523E+000  -1.82253412E+002  -1.80393447E+002   2.81477393E+003  -1.77069846E+000   2.81654463E+003   1.79152353E+000  -1.82164145E+002  -1.80372622E+002
     190       1     1.19999997E+001   7.12898578E+003   1.88595932E+000   2.81639206E+003   2.81450610E+003  -1.86443877E+000  -1.82335894E+002  -1.80471455E+002   2.81459508E+003  -1.77546439E+000   2.81637054E+003   1.79698494E+000  -1.82246919E+002  -1.80449934E+002
     191       1     1.19999997E+001   7.12865866E+003   1.89027967E+000   2.81621574E+003   2.81432547E+003  -1.86882993E+000  -1.82419477E+002  -1.80550647E+002   2.81441621E+003  -1.77808335E+000   2.81619430E+003   1.79953309E+000  -1.82328730E+002  -1.80529197E+002
     192       1     1.19999997E+001   7.12834068E+003   1.89271456E+000   2.81604387E+003   2.81415116E+003  -1.87078930E+000  -1.82499442E+002  -1.80628653E+002   2.81424257E+003  -1.77937352E+000   2.81602195E+003   1.80129878E+000  -1.82408027E+002  -1.80606728E+002
     193       1     1.19999997E+001   7.12802325E+003   1.89668678E+000   2.81587308E+003   2.81397639E+003  -1.87393695E+000  -1.82580030E+002  -1.80706093E+002   2.81406878E+003  -1.78154946E+000   2.81585033E+003   1.80429930E+000  -1.82487642E+002  -1.80683343E+002
     194       1     1.19999997E+001   7.12769651E+003   1.89822672E+000   2.81569591E+003   2.81379768E+003  -1.87599396E+000  -1.82661794E+002  -1.80785800E+002   2.81389006E+003  -1.78361833E+000   2.81567368E+003   1.80585108E+000  -1.82569418E+002  -1.80763567E+002
     195       1     1.19999997E+001   7.12736144E+003   1.90517340E+000   2.81551672E+003   2.81361154E+003  -1.88339168E+000  -1.82748513E+002  -1.80865121E+002   2.81370470E+003  -1.79023106E+000   2.81549493E+003   1.81201278E+000  -1.82655352E+002  -1.80843339E+002
     196       1     1.19999997E+001   7.12703356E+003   1.90806039E+000   2.81533898E+003   2.81343092E+003  -1.88735538E+000  -1.82831848E+002  -1.80944493E+002   2.81352596E+003  -1.79231520E+000   2.81531828E+003   1.81302021E+000  -1.82736808E+002  -1.80923788E+002
     197       1     1.19999997E+001   7.12672033E+003   1.91169929E+000   2.81517009E+003   2.81325839E+003  -1.89087775E+000  -1.82911442E+002  -1.81020565E+002   2.81335452E+003  -1.79474723E+000   2.81514926E+003   1.81556876E+000  -1.82815312E+002  -1.80999743E+002
     198       1     1.19999997E+001   7.12640913E+003   1.91466253E+000   2.81500222E+003   2.81308755E+003  -1.89361882E+000  -1.82989938E+002  -1.81096319E+002   2.81318385E+003  -1.79732403E+000   2.81498117E+003   1.81836774E+000  -1.82893643E+002  -1.81075275E+002
     199       1     1.19999997E+001   7.12609519E+003   1.91761783E+000   2.81483292E+003   2.81291530E+003  -1.89675697E+000  -1.83069038E+002  -1.81172282E+002   2.81301107E+003  -1.80098238E+000   2.81481205E+003   1.82184324E+000  -1.82973264E+002  -1.81151421E+002
     200       1     1.19999997E+001   7.12578161E+003   1.92072629E+000   2.81466344E+003   2.81274271E+003  -1.90034637E+000  -1.83148574E+002  -1.81248228E+002   2.81283946E+003  -1.80360259E+000   2.81464306E+003   1.82398251E+000  -1.83051831E+002  -1.81227848E+002
     201       1     1.19999997E+001   7.12546668E+003   1.92339280E+000   2.81449295E+003   2.81256956E+003  -1.90287846E+000  -1.83228279E+002  -1.81325401E+002   2.81266810E+003  -1.80433544E+000   2.81447244E+003   1.82484979E+000  -1.83129736E+002  -1.81304886E+002
     202       1     1.19999997E+001   7.12515499E+003   1.92557412E+000   2.81432402E+003   2.81239844E+003  -1.90589054E+000  -1.83306905E+002  -1.81401014E+002   2.81249768E+003  -1.80665074E+000   2.81430433E+003   1.82633432E+000  -1.83207665E+002  -1.81381331E+002
     203       1     1.19999997E+001   7.12484313E+003   1.92936351E+000   2.81415600E+003   2.81222664E+003  -1.90970321E+000  -1.83386166E+002  -1.81476463E+002   2.81232653E+003  -1.80980899E+000   2.81413634E+003   1.82946930E+000  -1.83286272E+002  -1.81456803E+002
     204       1     1.19999997E+001   7.12453213E+003   1.93240220E+000   2.81398805E+003   2.81205564E+003  -1.91232048E+000  -1.83464874E+002  -1.81552553E+002   2.81215677E+003  -1.81119642E+000   2.81396796E+003   1.83127813E+000  -1.83363750E+002  -1.81532472E+002
     205       1     1.19999997E+001   7.12422075E+003   1.93473196E+000   2.81381960E+003   2.81188487E+003  -1.91472213E+000  -1.83543243E+002  -1.81628521E+002   2.81198642E+003  -1.81317705E+000   2.81379959E+003   1.83318688E+000  -1.83441698E+002  -1.81608511E+002
     206       1     1.19999997E+001   7.12390843E+003   1.93601107E+000   2.81364979E+003   2.81171378E+003  -1.91691231E+000  -1.83621656E+002  -1.81704743E+002   2.81181625E+003  -1.81444388E+000   2.81363069E+003   1.83354264E+000  -1.83519187E+002  -1.81685644E+002
     207       1     1.19999997E+001   7.12359661E+003   1.93696032E+000   2.81348039E+003   2.81154343E+003  -1.91830814E+000  -1.83699468E+002  -1.81781160E+002   2.81164603E+003  -1.81570596E+000   2.81346174E+003   1.83435814E+000  -1.83596866E+002  -1.81762508E+002
     208       1     1.19999997E+001   7.12327971E+003   1.93880320E+000   2.81330884E+003   2.81137004E+003  -1.92016022E+000  -1.83778814E+002  -1.81858654E+002   2.81147253E+003  -1.81766755E+000   2.81329020E+003   1.83631052E+000  -1.83676321E+002  -1.81840011E+002
     209       1     1.19999997E+001   7.12297038E+003   1.94074783E+000   2.81314132E+003   2.81120057E+003  -1.92223310E+000  -1.83856480E+002  -1.81934247E+002   2.81130340E+003  -1.81940542E+000   2.81312281E+003   1.83792015E+000  -1.83753652E+002  -1.81915732E+002
     210       1     1.19999997E+001   7.12265688E+003   1.94291106E+000   2.81297145E+003   2.81102854E+003  -1.92462065E+000  -1.83935475E+002  -1.82010854E+002   2.81113236E+003  -1.82080436E+000   2.81295316E+003   1.83909477E+000  -1.83831659E+002  -1.81992564E+002
     211       1     1.19999997E+001   7.12234436E+003   1.94462511E+000   2.81280232E+003   2.81085770E+003  -1.92652344E+000  -1.84013567E+002  -1.82087043E+002   2.81096078E+003  -1.82344264E+000   2.81278422E+003   1.84154431E+000  -1.83910486E+002  -1.82068942E+002
     212       1     1.19999997E+001   7.12203339E+003   1.94633237E+000   2.81263400E+003   2.81068767E+003  -1.92881386E+000  -1.84091308E+002  -1.82162494E+002   2.81078977E+003  -1.82671025E+000   2.81261648E+003   1.84422876E+000  -1.83989204E+002  -1.82144976E+002
     213       1     1.19999997E+001   7.12172233E+003   1.94767051E+000   2.81246520E+003   2.81051753E+003  -1.93048253E+000  -1.84169126E+002  -1.82238644E+002   2.81061985E+003  -1.82816125E+000   2.81244801E+003   1.84534922E+000  -1.84066805E+002  -1.82221456E+002
     214       1     1.19999997E+001   7.12141188E+003   1.94885134E+000   2.81229641E+003   2.81034756E+003  -1.93241214E+000  -1.84246963E+002  -1.82314550E+002   2.81045068E+003  -1.82929357E+000   2.81227997E+003   1.84573277E+000  -1.84143844E+002  -1.82298111E+002
     215       1     1.19999997E+001   7.12110284E+003   1.94918948E+000   2.81212795E+003   2.81017876E+003  -1.93405728E+000  -1.84324044E+002  -1.82389987E+002   2.81028217E+003  -1.83064418E+000   2.81211281E+003   1.84577639E+000  -1.84220631E+002  -1.82374855E+002
     216       1     1.19999997E+001   7.12078753E+003   1.95052525E+000   2.81195642E+003   2.81000589E+003  -1.93621832E+000  -1.84403321E+002  -1.82467102E+002   2.81011065E+003  -1.83146450E+000   2.81194211E+003   1.84577143E+000  -1.84298567E+002  -1.82452795E+002
     217       1     1.19999997E+001   7.12047218E+003   1.95142393E+000   2.81178515E+003   2.80983373E+003  -1.93778001E+000  -1.84481890E+002  -1.82544110E+002   2.80993799E+003  -1.83351500E+000   2.81177151E+003   1.84715891E+000  -1.84377625E+002  -1.82530466E+002
     218       1     1.19999997E+001   7.12015391E+003   1.95504934E+000   2.81161336E+003   2.80965831E+003  -1.94201741E+000  -1.84562843E+002  -1.82620826E+002   2.80976332E+003  -1.83700519E+000   2.81160033E+003   1.85003712E+000  -1.84457831E+002  -1.82607794E+002
     219       1     1.19999997E+001   7.11984306E+003   1.95629210E+000   2.81144458E+003   2.80948829E+003  -1.94412714E+000  -1.84640603E+002  -1.82696476E+002   2.80959313E+003  -1.83928933E+000   2.81143241E+003   1.85145428E+000  -1.84535765E+002  -1.82684311E+002
     220       1     1.19999997E+001   7.11953155E+003   1.95709632E+000   2.81127548E+003   2.80931838E+003  -1.94522146E+000  -1.84718047E+002  -1.82772826E+002   2.80942256E+003  -1.84103656E+000   2.81126360E+003   1.85291141E+000  -1.84613862E+002  -1.82760951E+002
     221       1     1.19999997E+001   7.11922141E+003   1.95713534E+000   2.81110645E+003   2.80914932E+003  -1.94644312E+000  -1.84795054E+002  -1.82848611E+002   2.80925311E+003  -1.84265314E+000   2.81109576E+003   1.85334536E+000  -1.84691264E+002  -1.82837919E+002
     222       1     1.19999997E+001   7.11891029E+003   1.95950281E+000   2.81093793E+003   2.80897843E+003  -1.94905147E+000  -1.84873596E+002  -1.82924544E+002   2.80908327E+003  -1.84420900E+000   2.81092748E+003   1.85466035E+000  -1.84768753E+002  -1.82914093E+002
     223       1     1.19999997E+001   7.11859759E+003   1.95956996E+000   2.81076770E+003   2.80880813E+003  -1.95025123E+000  -1.84951079E+002  -1.83000827E+002   2.80891192E+003  -1.84646034E+000   2.81075838E+003   1.85577907E+000  -1.84847288E+002  -1.82991509E+002
     224       1     1.19999997E+001   7.11828169E+003   1.96120447E+000   2.81059638E+003   2.80863518E+003  -1.95234589E+000  -1.85030256E+002  -1.83077910E+002   2.80873907E+003  -1.84845898E+000   2.81058752E+003   1.85731756E+000  -1.84926369E+002  -1.83069052E+002
     225       1     1.19999997E+001   7.11796473E+003   1.96131998E+000   2.81042386E+003   2.80846254E+003  -1.95328036E+000  -1.85108808E+002  -1.83155528E+002   2.80856565E+003  -1.85017031E+000   2.81041582E+003   1.85820993E+000  -1.85005698E+002  -1.83147488E+002
     226       1     1.19999997E+001   7.11765006E+003   1.96156321E+000   2.81025259E+003   2.80829102E+003  -1.95388452E+000  -1.85186920E+002  -1.83233035E+002   2.80839405E+003  -1.85085485E+000   2.81024491E+003   1.85853354E+000  -1.85083890E+002  -1.83225356E+002
     227       1     1.19999997E+001   7.11733871E+003   1.96155189E+000   2.81008289E+003   2.80812134E+003  -1.95496957E+000  -1.85264185E+002  -1.83309215E+002   2.80822396E+003  -1.85234405E+000   2.81007631E+003   1.85892637E+000  -1.85161559E+002  -1.83302633E+002
     228       1     1.19999997E+001   7.11702159E+003   1.96191451E+000   2.80991011E+003   2.80794819E+003  -1.95624925E+000  -1.85343191E+002  -1.83386941E+002   2.80805108E+003  -1.85336217E+000   2.80990444E+003   1.85902743E+000  -1.85240303E+002  -1.83381276E+002
     229       1     1.19999997E+001   7.11670941E+003   1.96189747E+000   2.80973993E+003   2.80777803E+003  -1.95690496E+000  -1.85420679E+002  -1.83463774E+002   2.80788102E+003  -1.85392172E+000   2.80973494E+003   1.85891423E+000  -1.85317696E+002  -1.83458782E+002
     230       1     1.19999997E+001   7.11639353E+003   1.96298756E+000   2.80956831E+003   2.80760532E+003  -1.95841670E+000  -1.85499619E+002  -1.83541202E+002   2.80770857E+003  -1.85517042E+000   2.80956374E+003   1.85974127E+000  -1.85396373E+002  -1.83536632E+002
     231       1     1.19999997E+001   7.11607724E+003   1.96235085E+000   2.80939556E+003   2.80743321E+003  -1.95952252E+000  -1.85577837E+002  -1.83618315E+002   2.80753555E+003  -1.85717841E+000   2.80939273E+003   1.86000674E+000  -1.85475493E+002  -1.83615486E+002
     232       1     1.19999997E+001   7.11576127E+003   1.96280472E+000   2.80922334E+003   2.80726054E+003  -1.96084134E+000  -1.85656708E+002  -1.83695866E+002   2.80736360E+003  -1.85777760E+000   2.80922138E+003   1.85974097E+000  -1.85553644E+002  -1.83693903E+002
     233       1     1.19999997E+001   7.11544923E+003   1.96332486E+000   2.80905349E+003   2.80709016E+003  -1.96192739E+000  -1.85734444E+002  -1.83772516E+002   2.80719345E+003  -1.85863444E+000   2.80905209E+003   1.86003192E+000  -1.85631151E+002  -1.83771119E+002
     234       1     1.19999997E+001   7.11512735E+003   1.96497502E+000   2.80887908E+003   2.80691411E+003  -1.96411917E+000  -1.85814942E+002  -1.83850823E+002   2.80701670E+003  -1.86152438E+000   2.80887823E+003   1.86238023E+000  -1.85712347E+002  -1.83849967E+002
     235       1     1.19999997E+001   7.11480847E+003   1.96436218E+000   2.80870497E+003   2.80674061E+003  -1.96477618E+000  -1.85893767E+002  -1.83928991E+002   2.80684258E+003  -1.86281156E+000   2.80870539E+003   1.86239755E+000  -1.85791802E+002  -1.83929405E+002
     236       1     1.19999997E+001   7.11449696E+003   1.96395907E+000   2.80853502E+003   2.80657106E+003  -1.96476612E+000  -1.85970840E+002  -1.84006073E+002   2.80667313E+003  -1.86268926E+000   2.80853582E+003   1.86188221E+000  -1.85868763E+002  -1.84006881E+002
     237       1     1.19999997E+001   7.11418046E+003   1.96242883E+000   2.80836159E+003   2.80639916E+003  -1.96390495E+000  -1.86048771E+002  -1.84084866E+002   2.80650181E+003  -1.86125582E+000   2.80836306E+003   1.85977970E+000  -1.85946121E+002  -1.84086342E+002
     238       1     1.19999997E+001   7.11386595E+003   1.96127758E+000   2.80818958E+003   2.80622830E+003  -1.96386972E+000  -1.86126253E+002  -1.84162383E+002   2.80633049E+003  -1.86168023E+000   2.80819217E+003   1.85908809E+000  -1.86024063E+002  -1.84164975E+002
     239       1     1.19999997E+001   7.11355453E+003   1.96081578E+000   2.80801953E+003   2.80605872E+003  -1.96418800E+000  -1.86203377E+002  -1.84239189E+002   2.80616103E+003  -1.86187584E+000   2.80802290E+003   1.85850362E+000  -1.86101065E+002  -1.84242561E+002
     240       1     1.19999997E+001   7.11324173E+003   1.96011463E+000   2.80784870E+003   2.80588859E+003  -1.96422572E+000  -1.86280636E+002  -1.84316410E+002   2.80599071E+003  -1.86210309E+000   2.80785281E+003   1.85799200E+000  -1.86178513E+002  -1.84320521E+002
     241       1     1.19999997E+001   7.11292251E+003   1.95864719E+000   2.80767407E+003   2.80571542E+003  -1.96393636E+000  -1.86359027E+002  -1.84395091E+002   2.80581662E+003  -1.86273786E+000   2.80767936E+003   1.85744869E+000  -1.86257828E+002  -1.84400380E+002
     242       1     1.19999997E+001   7.11260069E+003   1.95751800E+000   2.80749823E+003   2.80554071E+003  -1.96341018E+000  -1.86438186E+002  -1.84474776E+002   2.80564136E+003  -1.86275683E+000   2.80750412E+003   1.85686464E+000  -1.86337532E+002  -1.84480668E+002
     243       1     1.19999997E+001   7.11228647E+003   1.95581388E+000   2.80732600E+003   2.80537019E+003  -1.96277894E+000  -1.86515406E+002  -1.84552627E+002   2.80547075E+003  -1.86222282E+000   2.80733297E+003   1.85525776E+000  -1.86414850E+002  -1.84559592E+002
     244       1     1.19999997E+001   7.11196887E+003   1.95382655E+000   2.80715173E+003   2.80519791E+003  -1.96198870E+000  -1.86593389E+002  -1.84631401E+002   2.80529851E+003  -1.86138058E+000   2.80715989E+003   1.85321843E+000  -1.86492781E+002  -1.84639563E+002
     245       1     1.19999997E+001   7.11164223E+003   1.95469840E+000   2.80697406E+003   2.80501937E+003  -1.96311957E+000  -1.86674941E+002  -1.84711822E+002   2.80512056E+003  -1.86192972E+000   2.80698249E+003   1.85350854E+000  -1.86573751E+002  -1.84720243E+002
     246       1     1.19999997E+001   7.11132266E+003   1.95515332E+000   2.80679986E+003   2.80484471E+003  -1.96392360E+000  -1.86754707E+002  -1.84790783E+002   2.80494708E+003  -1.86155204E+000   2.80680863E+003   1.85278176E+000  -1.86652335E+002  -1.84799554E+002
     247       1     1.19999997E+001   7.11100087E+003   1.95376307E+000   2.80662363E+003   2.80466986E+003  -1.96257028E+000  -1.86834002E+002  -1.84871432E+002   2.80477333E+003  -1.85910412E+000   2.80663243E+003   1.85029691E+000  -1.86730536E+002  -1.84880239E+002
     248       1     1.19999997E+001   7.11067765E+003   1.95164226E+000   2.80644642E+003   2.80449478E+003  -1.96086047E+000  -1.86913112E+002  -1.84952251E+002   2.80459826E+003  -1.85737802E+000   2.80645564E+003   1.84815981E+000  -1.86809629E+002  -1.84961469E+002
     249       1     1.19999997E+001   7.11036448E+003   1.95051200E+000   2.80627521E+003   2.80432469E+003  -1.96003634E+000  -1.86990203E+002  -1.85030166E+002   2.80442820E+003  -1.85652800E+000   2.80628473E+003   1.84700366E+000  -1.86886694E+002  -1.85039691E+002
     250       1     1.19999997E+001   7.11004984E+003   1.94932462E+000   2.80610303E+003   2.80415371E+003  -1.95931063E+000  -1.87067758E+002  -1.85108447E+002   2.80425760E+003  -1.85541955E+000   2.80611302E+003   1.84543355E+000  -1.86963867E+002  -1.85118433E+002
     251       1     1.19999997E+001   7.10972199E+003   1.95080573E+000   2.80592492E+003   2.80397411E+003  -1.96111187E+000  -1.87149999E+002  -1.85188887E+002   2.80407883E+003  -1.85639753E+000   2.80593522E+003   1.84609139E+000  -1.87045284E+002  -1.85199193E+002
     252       1     1.19999997E+001   7.10940590E+003   1.95031985E+000   2.80575246E+003   2.80380214E+003  -1.96070372E+000  -1.87228104E+002  -1.85267401E+002   2.80390697E+003  -1.85587328E+000   2.80576284E+003   1.84548941E+000  -1.87123274E+002  -1.85277785E+002
     253       1     1.19999997E+001   7.10909150E+003   1.95019169E+000   2.80558106E+003   2.80363087E+003  -1.96039129E+000  -1.87306012E+002  -1.85345621E+002   2.80373623E+003  -1.85502789E+000   2.80559126E+003   1.84482830E+000  -1.87200649E+002  -1.85355820E+002
     254       1     1.19999997E+001   7.10877834E+003   1.94947799E+000   2.80540958E+003   2.80346010E+003  -1.96010673E+000  -1.87383781E+002  -1.85423674E+002   2.80356724E+003  -1.85297302E+000   2.80542021E+003   1.84234427E+000  -1.87276647E+002  -1.85434303E+002
     255       1     1.19999997E+001   7.10846474E+003   1.94748127E+000   2.80523764E+003   2.80329016E+003  -1.95906560E+000  -1.87460591E+002  -1.85501526E+002   2.80339683E+003  -1.85240322E+000   2.80524923E+003   1.84081889E+000  -1.87353929E+002  -1.85513110E+002
     256       1     1.19999997E+001   7.10815106E+003   1.94608232E+000   2.80506623E+003   2.80312015E+003  -1.95757464E+000  -1.87537448E+002  -1.85579873E+002   2.80322630E+003  -1.85143109E+000   2.80507773E+003   1.83993877E+000  -1.87431304E+002  -1.85591365E+002
     257       1     1.19999997E+001   7.10783780E+003   1.94491711E+000   2.80489533E+003   2.80295041E+003  -1.95594574E+000  -1.87614157E+002  -1.85658212E+002   2.80305576E+003  -1.85059524E+000   2.80490636E+003   1.83956660E+000  -1.87508807E+002  -1.85669240E+002
     258       1     1.19999997E+001   7.10752209E+003   1.94269278E+000   2.80472247E+003   2.80277978E+003  -1.95330970E+000  -1.87691026E+002  -1.85737716E+002   2.80288462E+003  -1.84847587E+000   2.80473309E+003   1.83785894E+000  -1.87586192E+002  -1.85748333E+002
     259       1     1.19999997E+001   7.10720610E+003   1.94066005E+000   2.80454967E+003   2.80260901E+003  -1.95145698E+000  -1.87767955E+002  -1.85816498E+002   2.80271230E+003  -1.84816564E+000   2.80456046E+003   1.83736871E+000  -1.87664663E+002  -1.85827295E+002
     260       1     1.19999997E+001   7.10688920E+003   1.93858358E+000   2.80437613E+003   2.80243755E+003  -1.94930590E+000  -1.87845300E+002  -1.85895994E+002   2.80254041E+003  -1.84643878E+000   2.80438685E+003   1.83571646E+000  -1.87742433E+002  -1.85906717E+002
     261       1     1.19999997E+001   7.10657005E+003   1.93709171E+000   2.80420166E+003   2.80226457E+003  -1.94682100E+000  -1.87923495E+002  -1.85976674E+002   2.80236790E+003  -1.84348159E+000   2.80421139E+003   1.83375230E+000  -1.87820156E+002  -1.85986403E+002
     262       1     1.19999997E+001   7.10625218E+003   1.93574588E+000   2.80402804E+003   2.80209229E+003  -1.94495894E+000  -1.88001363E+002  -1.86056404E+002   2.80219530E+003  -1.84195185E+000   2.80403725E+003   1.83273878E+000  -1.87898356E+002  -1.86065617E+002
     263       1     1.19999997E+001   7.10593271E+003   1.93300922E+000   2.80385261E+003   2.80191960E+003  -1.94270694E+000  -1.88079167E+002  -1.86136460E+002   2.80202222E+003  -1.84009563E+000   2.80386231E+003   1.83039791E+000  -1.87976556E+002  -1.86146158E+002
     264       1     1.19999997E+001   7.10561339E+003   1.93131036E+000   2.80367815E+003   2.80174684E+003  -1.93976682E+000  -1.88157090E+002  -1.86217323E+002   2.80184931E+003  -1.83729228E+000   2.80368661E+003   1.82883582E+000  -1.88054615E+002  -1.86225779E+002
     265       1     1.19999997E+001   7.10529379E+003   1.92782409E+000   2.80350215E+003   2.80157433E+003  -1.93683636E+000  -1.88234679E+002  -1.86297842E+002   2.80167683E+003  -1.83432943E+000   2.80351116E+003   1.82531716E+000  -1.88132172E+002  -1.86306855E+002
     266       1     1.19999997E+001   7.10497240E+003   1.92472327E+000   2.80332530E+003   2.80140058E+003  -1.93399907E+000  -1.88312966E+002  -1.86378967E+002   2.80150365E+003  -1.83092661E+000   2.80333458E+003   1.82165080E+000  -1.88209894E+002  -1.86388243E+002
     267       1     1.19999997E+001   7.10465226E+003   1.92212959E+000   2.80314981E+003   2.80122768E+003  -1.93138416E+000  -1.88390779E+002  -1.86459395E+002   2.80132993E+003  -1.82913260E+000   2.80315906E+003   1.81987803E+000  -1.88288527E+002  -1.86468649E+002
     268       1     1.19999997E+001   7.10433361E+003   1.91821354E+000   2.80297431E+003   2.80105610E+003  -1.92794677E+000  -1.88467714E+002  -1.86539767E+002   2.80115763E+003  -1.82641650E+000   2.80298404E+003   1.81668327E+000  -1.88366184E+002  -1.86549501E+002
     269       1     1.19999997E+001   7.10401243E+003   1.91569015E+000   2.80279846E+003   2.80088277E+003  -1.92496645E+000  -1.88545637E+002  -1.86620671E+002   2.80098316E+003  -1.82457393E+000   2.80280774E+003   1.81529764E+000  -1.88445245E+002  -1.86629947E+002
     270       1     1.19999997E+001   7.10369070E+003   1.91325976E+000   2.80262208E+003   2.80070882E+003  -1.92206177E+000  -1.88624029E+002  -1.86701967E+002   2.80080923E+003  -1.82164502E+000   2.80263088E+003   1.81284300E+000  -1.88523612E+002  -1.86710769E+002
     271       1     1.19999997E+001   7.10336799E+003   1.91095405E+000   2.80244529E+003   2.80053434E+003  -1.91935224E+000  -1.88702650E+002  -1.86783298E+002   2.80063440E+003  -1.81928568E+000   2.80245369E+003   1.81088750E+000  -1.88602583E+002  -1.86791696E+002
     272       1     1.19999997E+001   7.10304576E+003   1.90874583E+000   2.80226877E+003   2.80036003E+003  -1.91650641E+000  -1.88781242E+002  -1.86864736E+002   2.80046013E+003  -1.81640286E+000   2.80227653E+003   1.80864228E+000  -1.88681138E+002  -1.86872496E+002
     273       1     1.19999997E+001   7.10271516E+003   1.90566900E+000   2.80208720E+003   2.80018153E+003  -1.91296746E+000  -1.88861534E+002  -1.86948566E+002   2.80028174E+003  -1.81276337E+000   2.80209450E+003   1.80546491E+000  -1.88761330E+002  -1.86955865E+002
     274       1     1.19999997E+001   7.10238809E+003   1.90222693E+000   2.80190734E+003   2.80000511E+003  -1.90984111E+000  -1.88940800E+002  -1.87030959E+002   2.80010476E+003  -1.81018847E+000   2.80191495E+003   1.80257429E+000  -1.88841148E+002  -1.87038574E+002
     275       1     1.19999997E+001   7.10206555E+003   1.89945047E+000   2.80173029E+003   2.79983084E+003  -1.90672647E+000  -1.89019259E+002  -1.87112532E+002   2.79993051E+003  -1.80705042E+000   2.80173756E+003   1.79977442E+000  -1.88919583E+002  -1.87119808E+002
     276       1     1.19999997E+001   7.10174226E+003   1.89619159E+000   2.80155278E+003   2.79965659E+003  -1.90296952E+000  -1.89097471E+002  -1.87194501E+002   2.79975568E+003  -1.80388283E+000   2.80155956E+003   1.79710490E+000  -1.88998384E+002  -1.87201279E+002
     277       1     1.19999997E+001   7.10141194E+003   1.89245851E+000   2.80137145E+003   2.79947900E+003  -1.89875578E+000  -1.89176935E+002  -1.87278179E+002   2.79957645E+003  -1.80129661E+000   2.80137775E+003   1.79499934E+000  -1.89079476E+002  -1.87284477E+002
     278       1     1.19999997E+001   7.10108581E+003   1.88883769E+000   2.80119221E+003   2.79930338E+003  -1.89463375E+000  -1.89255670E+002  -1.87361037E+002   2.79940024E+003  -1.79776731E+000   2.80119801E+003   1.79197125E+000  -1.89158804E+002  -1.87366833E+002
     279       1     1.19999997E+001   7.10075617E+003   1.88553689E+000   2.80101130E+003   2.79912576E+003  -1.89064825E+000  -1.89335361E+002  -1.87444713E+002   2.79922191E+003  -1.79449395E+000   2.80101641E+003   1.78938260E+000  -1.89239207E+002  -1.87449824E+002
     280       1     1.19999997E+001   7.10042770E+003   1.88249574E+000   2.80083116E+003   2.79894867E+003  -1.88708646E+000  -1.89414872E+002  -1.87527786E+002   2.79904386E+003  -1.79188867E+000   2.80083575E+003   1.78729795E+000  -1.89319675E+002  -1.87532377E+002
     281       1     1.19999997E+001   7.10009690E+003   1.87910103E+000   2.80064931E+003   2.79877021E+003  -1.88351198E+000  -1.89495051E+002  -1.87611539E+002   2.79886517E+003  -1.78855440E+000   2.80065372E+003   1.78414345E+000  -1.89400093E+002  -1.87615950E+002
     282       1     1.19999997E+001   7.09976405E+003   1.87585766E+000   2.80046675E+003   2.79859090E+003  -1.87907427E+000  -1.89575479E+002  -1.87696404E+002   2.79868529E+003  -1.78468290E+000   2.80046997E+003   1.78146629E+000  -1.89481087E+002  -1.87699621E+002
     283       1     1.19999997E+001   7.09943161E+003   1.87299324E+000   2.80028443E+003   2.79841144E+003  -1.87557089E+000  -1.89656170E+002  -1.87780599E+002   2.79850540E+003  -1.78161175E+000   2.80028701E+003   1.77903410E+000  -1.89562210E+002  -1.87783176E+002
     284       1     1.19999997E+001   7.09909655E+003   1.87027045E+000   2.80010087E+003   2.79823060E+003  -1.87214862E+000  -1.89737463E+002  -1.87865315E+002   2.79832373E+003  -1.77902339E+000   2.80010275E+003   1.77714522E+000  -1.89644338E+002  -1.87867193E+002
     285       1     1.19999997E+001   7.09875814E+003   1.86785282E+000   2.79991557E+003   2.79804771E+003  -1.86856425E+000  -1.89819807E+002  -1.87951243E+002   2.79814073E+003  -1.77554857E+000   2.79991628E+003   1.77483715E+000  -1.89726792E+002  -1.87951955E+002
     286       1     1.19999997E+001   7.09842006E+003   1.86410347E+000   2.79972980E+003   2.79786570E+003  -1.86424885E+000  -1.89901372E+002  -1.88037123E+002   2.79795786E+003  -1.77208364E+000   2.79972995E+003   1.77193826E+000  -1.89809207E+002  -1.88037268E+002
     287       1     1.19999997E+001   7.09807591E+003   1.86041819E+000   2.79954091E+003   2.79768049E+003  -1.85955245E+000  -1.89984332E+002  -1.88124780E+002   2.79777169E+003  -1.76835066E+000   2.79954004E+003   1.76921640E+000  -1.89893130E+002  -1.88123914E+002
     288       1     1.19999997E+001   7.09773312E+003   1.85655006E+000   2.79935252E+003   2.79749597E+003  -1.85551329E+000  -1.90067003E+002  -1.88211489E+002   2.79758591E+003  -1.76557010E+000   2.79935148E+003   1.76660687E+000  -1.89977060E+002  -1.88210453E+002
     289       1     1.19999997E+001   7.09738975E+003   1.85331934E+000   2.79916421E+003   2.79731089E+003  -1.85234611E+000  -1.90150061E+002  -1.88297715E+002   2.79739903E+003  -1.76420223E+000   2.79916323E+003   1.76517546E+000  -1.90061917E+002  -1.88296742E+002
     290       1     1.19999997E+001   7.09704263E+003   1.85023478E+000   2.79897427E+003   2.79712404E+003  -1.84826442E+000  -1.90233770E+002  -1.88385506E+002   2.79721003E+003  -1.76226750E+000   2.79897230E+003   1.76423787E+000  -1.90147773E+002  -1.88383535E+002
     291       1     1.19999997E+001   7.09669667E+003   1.84648300E+000   2.79878401E+003   2.79693753E+003  -1.84443753E+000  -1.90317486E+002  -1.88473049E+002   2.79702297E+003  -1.75899817E+000   2.79878196E+003   1.76104364E+000  -1.90232047E+002  -1.88471003E+002
     292       1     1.19999997E+001   7.09634875E+003   1.84328723E+000   2.79859318E+003   2.79674990E+003  -1.84011081E+000  -1.90401736E+002  -1.88561625E+002   2.79683490E+003  -1.75510337E+000   2.79859001E+003   1.75827980E+000  -1.90316729E+002  -1.88558449E+002
     293       1     1.19999997E+001   7.09600140E+003   1.84095453E+000   2.79840296E+003   2.79656201E+003  -1.83748547E+000  -1.90486412E+002  -1.88648926E+002   2.79664627E+003  -1.75321991E+000   2.79839949E+003   1.75668896E+000  -1.90402146E+002  -1.88645457E+002
     294       1     1.19999997E+001   7.09565101E+003   1.83683322E+000   2.79821030E+003   2.79637346E+003  -1.83292115E+000  -1.90570838E+002  -1.88737917E+002   2.79645671E+003  -1.74967684E+000   2.79820638E+003   1.75358891E+000  -1.90487593E+002  -1.88734005E+002
     295       1     1.19999997E+001   7.09530116E+003   1.83279732E+000   2.79801787E+003   2.79618507E+003  -1.82844186E+000  -1.90655273E+002  -1.88826831E+002   2.79626768E+003  -1.74582717E+000   2.79801351E+003   1.75018263E+000  -1.90572658E+002  -1.88822476E+002
     296       1     1.19999997E+001   7.09494911E+003   1.82995910E+000   2.79782478E+003   2.79599483E+003  -1.82506968E+000  -1.90740901E+002  -1.88915831E+002   2.79607709E+003  -1.74280645E+000   2.79781990E+003   1.74769586E+000  -1.90658638E+002  -1.88910942E+002
     297       1     1.19999997E+001   7.09459336E+003   1.82617153E+000   2.79762911E+003   2.79580294E+003  -1.82090508E+000  -1.90827071E+002  -1.89006166E+002   2.79588509E+003  -1.73875442E+000   2.79762385E+003   1.74402087E+000  -1.90744921E+002  -1.89000900E+002
     298       1     1.19999997E+001   7.09424203E+003   1.82294829E+000   2.79743642E+003   2.79561348E+003  -1.81686122E+000  -1.90912129E+002  -1.89095267E+002   2.79569474E+003  -1.73559273E+000   2.79743034E+003   1.74167979E+000  -1.90830860E+002  -1.89089180E+002
     299       1     1.19999997E+001   7.09388867E+003   1.81961776E+000   2.79724246E+003   2.79542285E+003  -1.81348796E+000  -1.90997750E+002  -1.89184262E+002   2.79550292E+003  -1.73341636E+000   2.79723633E+003   1.73954616E+000  -1.90917679E+002  -1.89178132E+002
     300       1     1.19999997E+001   7.09353407E+003   1.81457525E+000   2.79704707E+003   2.79523249E+003  -1.80845618E+000  -1.91082724E+002  -1.89274267E+002   2.79531090E+003  -1.73004754E+000   2.79704095E+003   1.73616662E+000  -1.91004315E+002  -1.89268148E+002
     301       1     1.19999997E+001   7.09317971E+003   1.81097481E+000   2.79685245E+003   2.79504147E+003  -1.80454175E+000  -1.91168434E+002  -1.89363892E+002   2.79511885E+003  -1.72716354E+000   2.79684602E+003   1.73359659E+000  -1.91091055E+002  -1.89357459E+002
     302       1     1.19999997E+001   7.09281898E+003   1.80765333E+000   2.79665457E+003   2.79484692E+003  -1.80085025E+000  -1.91255784E+002  -1.89454934E+002   2.79492299E+003  -1.72478138E+000   2.79664777E+003   1.73158446E+000  -1.91179715E+002  -1.89448131E+002
     303       1     1.19999997E+001   7.09246062E+003   1.80444868E+000   2.79645790E+003   2.79465345E+003  -1.79729119E+000  -1.91342753E+002  -1.89545462E+002   2.79472879E+003  -1.72195143E+000   2.79645074E+003   1.72910892E+000  -1.91267413E+002  -1.89538304E+002
     304       1     1.19999997E+001   7.09210295E+003   1.80100132E+000   2.79626162E+003   2.79446062E+003  -1.79308156E+000  -1.91429279E+002  -1.89636198E+002   2.79453503E+003  -1.71867421E+000   2.79625370E+003   1.72659396E+000  -1.91354872E+002  -1.89628278E+002
     305       1     1.19999997E+001   7.09174336E+003   1.79740448E+000   2.79606431E+003   2.79426691E+003  -1.78852109E+000  -1.91516121E+002  -1.89727600E+002   2.79434023E+003  -1.71520068E+000   2.79605543E+003   1.72408407E+000  -1.91442800E+002  -1.89718716E+002
     306       1     1.19999997E+001   7.09138477E+003   1.79569329E+000   2.79586853E+003   2.79407283E+003  -1.78580901E+000  -1.91603617E+002  -1.89817808E+002   2.79414495E+003  -1.71369528E+000   2.79585864E+003   1.72357956E+000  -1.91531504E+002  -1.89807924E+002
     307       1     1.19999997E+001   7.09102155E+003   1.79247411E+000   2.79566929E+003   2.79387682E+003  -1.78176702E+000  -1.91691680E+002  -1.89909913E+002   2.79394823E+003  -1.71035610E+000   2.79565858E+003   1.72106320E+000  -1.91620269E+002  -1.89899206E+002
     308       1     1.19999997E+001   7.09065782E+003   1.78947879E+000   2.79546993E+003   2.79368045E+003  -1.77781283E+000  -1.91779935E+002  -1.90002123E+002   2.79375109E+003  -1.70717127E+000   2.79545826E+003   1.71883722E+000  -1.91709294E+002  -1.89990457E+002
     309       1     1.19999997E+001   7.09028840E+003   1.78637785E+000   2.79526767E+003   2.79348130E+003  -1.77341833E+000  -1.91869292E+002  -1.90095873E+002   2.79355048E+003  -1.70423070E+000   2.79525471E+003   1.71719023E+000  -1.91800104E+002  -1.90082914E+002
     310       1     1.19999997E+001   7.08992146E+003   1.78440267E+000   2.79506693E+003   2.79328253E+003  -1.77035218E+000  -1.91958990E+002  -1.90188638E+002   2.79335163E+003  -1.70125072E+000   2.79505288E+003   1.71530122E+000  -1.91889889E+002  -1.90174587E+002
     311       1     1.19999997E+001   7.08955116E+003   1.78099664E+000   2.79486387E+003   2.79308288E+003  -1.76631239E+000  -1.92048579E+002  -1.90282267E+002   2.79315051E+003  -1.69867557E+000   2.79484919E+003   1.71335982E+000  -1.91980942E+002  -1.90267582E+002
     312       1     1.19999997E+001   7.08918094E+003   1.77792480E+000   2.79466102E+003   2.79288310E+003  -1.76265611E+000  -1.92138310E+002  -1.90375654E+002   2.79294919E+003  -1.69656446E+000   2.79464576E+003   1.71183316E+000  -1.92072218E+002  -1.90360385E+002
     313       1     1.19999997E+001   7.08880707E+003   1.77444453E+000   2.79445584E+003   2.79268140E+003  -1.75857646E+000  -1.92228878E+002  -1.90470302E+002   2.79274650E+003  -1.69347275E+000   2.79443998E+003   1.70934081E+000  -1.92163775E+002  -1.90454434E+002
     314       1     1.19999997E+001   7.08843637E+003   1.77194336E+000   2.79425295E+003   2.79248101E+003  -1.75476091E+000  -1.92319074E+002  -1.90564313E+002   2.79254553E+003  -1.69024050E+000   2.79423577E+003   1.70742294E+000  -1.92254554E+002  -1.90547131E+002
     315       1     1.19999997E+001   7.08805583E+003   1.76994787E+000   2.79404512E+003   2.79227517E+003  -1.75183800E+000  -1.92411793E+002  -1.90659955E+002   2.79233805E+003  -1.68896581E+000   2.79402701E+003   1.70707567E+000  -1.92348921E+002  -1.90641846E+002
     316       1     1.19999997E+001   7.08766181E+003   1.76544874E+000   2.79382856E+003   2.79206311E+003  -1.74819072E+000  -1.92506729E+002  -1.90758538E+002   2.79212304E+003  -1.68825884E+000   2.79381130E+003   1.70551686E+000  -1.92446797E+002  -1.90741280E+002
     317       1     1.19999997E+001   7.08727324E+003   1.76411292E+000   2.79361642E+003   2.79185230E+003  -1.74640968E+000  -1.92602025E+002  -1.90855615E+002   2.79191111E+003  -1.68760811E+000   2.79359871E+003   1.70531135E+000  -1.92543223E+002  -1.90837912E+002
     318       1     1.19999997E+001   7.08688847E+003   1.76299257E+000   2.79340630E+003   2.79164331E+003  -1.74436211E+000  -1.92696639E+002  -1.90952277E+002   2.79170207E+003  -1.68560395E+000   2.79338767E+003   1.70423442E+000  -1.92637881E+002  -1.90933646E+002
     319       1     1.19999997E+001   7.08649649E+003   1.75956266E+000   2.79319183E+003   2.79143227E+003  -1.73997660E+000  -1.92791151E+002  -1.91051175E+002   2.79148807E+003  -1.68417304E+000   2.79317225E+003   1.70375911E+000  -1.92735348E+002  -1.91031588E+002
     320       1     1.19999997E+001   7.08610273E+003   1.75584241E+000   2.79297595E+003   2.79122010E+003  -1.73531315E+000  -1.92886254E+002  -1.91150941E+002   2.79127410E+003  -1.68131847E+000   2.79295542E+003   1.70184773E+000  -1.92832259E+002  -1.91130411E+002
     321       1     1.19999997E+001   7.08572795E+003   1.75455210E+000   2.79277115E+003   2.79101660E+003  -1.73255361E+000  -1.92978340E+002  -1.91245786E+002   2.79107122E+003  -1.67793842E+000   2.79274916E+003   1.69993691E+000  -1.92923724E+002  -1.91223788E+002
     322       1     1.19999997E+001   7.08534681E+003   1.75351544E+000   2.79256320E+003   2.79080968E+003  -1.72997628E+000  -1.93071944E+002  -1.91341968E+002   2.79086423E+003  -1.67542869E+000   2.79253966E+003   1.69896786E+000  -1.93017397E+002  -1.91318429E+002
     323       1     1.19999997E+001   7.08496455E+003   1.75255535E+000   2.79235596E+003   2.79060341E+003  -1.72608018E+000  -1.93164576E+002  -1.91438495E+002   2.79065413E+003  -1.67535620E+000   2.79232949E+003   1.70183137E+000  -1.93113852E+002  -1.91412020E+002
     324       1     1.19999997E+001   7.08458574E+003   1.75218955E+000   2.79215004E+003   2.79039785E+003  -1.72368389E+000  -1.93257504E+002  -1.91533820E+002   2.79044725E+003  -1.67428373E+000   2.79212154E+003   1.70278940E+000  -1.93208104E+002  -1.91505315E+002
     325       1     1.19999997E+001   7.08421127E+003   1.75009194E+000   2.79194486E+003   2.79019477E+003  -1.72060691E+000  -1.93349257E+002  -1.91628650E+002   2.79024486E+003  -1.67051597E+000   2.79191537E+003   1.70000099E+000  -1.93299166E+002  -1.91599165E+002
     326       1     1.19999997E+001   7.08383439E+003   1.74641201E+000   2.79173781E+003   2.78999140E+003  -1.71483447E+000  -1.93440568E+002  -1.91725733E+002   2.79004230E+003  -1.66393978E+000   2.79170624E+003   1.69551732E+000  -1.93389673E+002  -1.91694156E+002
     327       1     1.19999997E+001   7.08345685E+003   1.74418787E+000   2.79153112E+003   2.78978693E+003  -1.71021389E+000  -1.93532787E+002  -1.91822573E+002   2.78983899E+003  -1.65815171E+000   2.79149715E+003   1.69212568E+000  -1.93480725E+002  -1.91788599E+002
     328       1     1.19999997E+001   7.08308106E+003   1.74422450E+000   2.79132671E+003   2.78958249E+003  -1.70724336E+000  -1.93625497E+002  -1.91918254E+002   2.78963549E+003  -1.65423871E+000   2.79128973E+003   1.69121985E+000  -1.93572492E+002  -1.91881272E+002
     329       1     1.19999997E+001   7.08270432E+003   1.74295808E+000   2.79112108E+003   2.78937812E+003  -1.70391104E+000  -1.93717841E+002  -1.92013930E+002   2.78943132E+003  -1.65071091E+000   2.79108204E+003   1.68975795E+000  -1.93664641E+002  -1.91974883E+002
     330       1     1.19999997E+001   7.08232499E+003   1.74251636E+000   2.79091405E+003   2.78917153E+003  -1.70116179E+000  -1.93811647E+002  -1.92110485E+002   2.78922679E+003  -1.64589710E+000   2.79087269E+003   1.68725166E+000  -1.93756382E+002  -1.92069131E+002
     331       1     1.19999997E+001   7.08194691E+003   1.74124348E+000   2.79070759E+003   2.78896635E+003  -1.69682125E+000  -1.93904409E+002  -1.92207588E+002   2.78902316E+003  -1.64001215E+000   2.79066317E+003   1.68443438E+000  -1.93847600E+002  -1.92163166E+002
     332       1     1.19999997E+001   7.08156381E+003   1.73722580E+000   2.79049648E+003   2.78875926E+003  -1.69209630E+000  -1.93997584E+002  -1.92305487E+002   2.78881740E+003  -1.63395265E+000   2.79045135E+003   1.67908215E+000  -1.93939440E+002  -1.92260358E+002
     333       1     1.19999997E+001   7.08118373E+003   1.73685339E+000   2.79028945E+003   2.78855260E+003  -1.68869844E+000  -1.94091221E+002  -1.92402523E+002   2.78861195E+003  -1.62934864E+000   2.79024130E+003   1.67750359E+000  -1.94031871E+002  -1.92354368E+002
     334       1     1.19999997E+001   7.08080401E+003   1.73626850E+000   2.79008262E+003   2.78834635E+003  -1.68488344E+000  -1.94184556E+002  -1.92499673E+002   2.78840667E+003  -1.62456478E+000   2.79003123E+003   1.67594985E+000  -1.94124238E+002  -1.92448288E+002
     335       1     1.19999997E+001   7.08041876E+003   1.73609347E+000   2.78987299E+003   2.78813690E+003  -1.68164867E+000  -1.94279449E+002  -1.92597801E+002   2.78819794E+003  -1.62060851E+000   2.78981855E+003   1.67505331E+000  -1.94218409E+002  -1.92543356E+002
     336       1     1.19999997E+001   7.08002712E+003   1.73576573E+000   2.78966014E+003   2.78792437E+003  -1.67811064E+000  -1.94375507E+002  -1.92697397E+002   2.78798490E+003  -1.61758279E+000   2.78960249E+003   1.67523787E+000  -1.94314980E+002  -1.92639742E+002
     337       1     1.19999997E+001   7.07963604E+003   1.73294626E+000   2.78944577E+003   2.78771282E+003  -1.67236826E+000  -1.94470764E+002  -1.92798396E+002   2.78777488E+003  -1.61030770E+000   2.78938519E+003   1.67088570E+000  -1.94408703E+002  -1.92737818E+002
     338       1     1.19999997E+001   7.07924871E+003   1.73127935E+000   2.78923390E+003   2.78750262E+003  -1.66807941E+000  -1.94565776E+002  -1.92897697E+002   2.78756634E+003  -1.60435948E+000   2.78917070E+003   1.66755942E+000  -1.94502056E+002  -1.92834497E+002
     339       1     1.19999997E+001   7.07885874E+003   1.72936078E+000   2.78902069E+003   2.78729133E+003  -1.66348603E+000  -1.94661094E+002  -1.92997608E+002   2.78735587E+003  -1.59895342E+000   2.78895482E+003   1.66482817E+000  -1.94596562E+002  -1.92931734E+002
     340       1     1.19999997E+001   7.07847192E+003   1.72862822E+000   2.78880978E+003   2.78708115E+003  -1.65954889E+000  -1.94756232E+002  -1.93096683E+002   2.78714704E+003  -1.59366114E+000   2.78874070E+003   1.66274047E+000  -1.94690344E+002  -1.93027603E+002
     341       1     1.19999997E+001   7.07808499E+003   1.72828040E+000   2.78859917E+003   2.78687089E+003  -1.65512709E+000  -1.94851421E+002  -1.93196294E+002   2.78693834E+003  -1.58767728E+000   2.78852602E+003   1.66083059E+000  -1.94783971E+002  -1.93123141E+002
     342       1     1.19999997E+001   7.07769038E+003   1.72572781E+000   2.78838266E+003   2.78665693E+003  -1.65075763E+000  -1.94948026E+002  -1.93297269E+002   2.78672612E+003  -1.58156522E+000   2.78830769E+003   1.65653540E+000  -1.94878834E+002  -1.93222299E+002
     343       1     1.19999997E+001   7.07729833E+003   1.72431340E+000   2.78816860E+003   2.78644429E+003  -1.64594212E+000  -1.95044067E+002  -1.93398125E+002   2.78651481E+003  -1.57542317E+000   2.78809023E+003   1.65379445E+000  -1.94973548E+002  -1.93319753E+002
     344       1     1.19999997E+001   7.07690695E+003   1.72293050E+000   2.78795495E+003   2.78623202E+003  -1.64205083E+000  -1.95139926E+002  -1.93497875E+002   2.78630284E+003  -1.57123620E+000   2.78787407E+003   1.65211587E+000  -1.95069111E+002  -1.93416995E+002
     345       1     1.19999997E+001   7.07651079E+003   1.72066085E+000   2.78773793E+003   2.78601726E+003  -1.63726513E+000  -1.95236859E+002  -1.93599594E+002   2.78608971E+003  -1.56482176E+000   2.78765453E+003   1.64821748E+000  -1.95164415E+002  -1.93516198E+002
     346       1     1.19999997E+001   7.07611403E+003   1.71999057E+000   2.78752139E+003   2.78580140E+003  -1.63334304E+000  -1.95334714E+002  -1.93701371E+002   2.78587610E+003  -1.55864536E+000   2.78743475E+003   1.64529289E+000  -1.95260016E+002  -1.93614724E+002
     347       1     1.19999997E+001   7.07571324E+003   1.71987379E+000   2.78730331E+003   2.78558343E+003  -1.62941838E+000  -1.95433475E+002  -1.93804056E+002   2.78565944E+003  -1.55340867E+000   2.78721285E+003   1.64386408E+000  -1.95357465E+002  -1.93713601E+002
     348       1     1.19999997E+001   7.07530964E+003   1.71980512E+000   2.78708343E+003   2.78536363E+003  -1.62621281E+000  -1.95533232E+002  -1.93907019E+002   2.78544137E+003  -1.54847157E+000   2.78698984E+003   1.64206389E+000  -1.95455491E+002  -1.93813427E+002
     349       1     1.19999997E+001   7.07490545E+003   1.71930410E+000   2.78686320E+003   2.78514390E+003  -1.62177657E+000  -1.95632736E+002  -1.94010959E+002   2.78522343E+003  -1.54224216E+000   2.78676567E+003   1.63976969E+000  -1.95553201E+002  -1.93913431E+002
     350       1     1.19999997E+001   7.07450198E+003   1.71745874E+000   2.78664247E+003   2.78492501E+003  -1.61747334E+000  -1.95731609E+002  -1.94114136E+002   2.78500573E+003  -1.53675041E+000   2.78654249E+003   1.63673581E+000  -1.95650886E+002  -1.94014150E+002
     351       1     1.19999997E+001   7.07409270E+003   1.71612836E+000   2.78641862E+003   2.78470250E+003  -1.61344487E+000  -1.95832383E+002  -1.94218938E+002   2.78478544E+003  -1.53049518E+000   2.78631594E+003   1.63317867E+000  -1.95749433E+002  -1.94116254E+002
     352       1     1.19999997E+001   7.07368098E+003   1.71489917E+000   2.78619409E+003   2.78447919E+003  -1.60871352E+000  -1.95933210E+002  -1.94324497E+002   2.78456275E+003  -1.52515843E+000   2.78608791E+003   1.63134407E+000  -1.95849655E+002  -1.94218311E+002
     353       1     1.19999997E+001   7.07326876E+003   1.71435133E+000   2.78596902E+003   2.78425467E+003  -1.60502898E+000  -1.96035112E+002  -1.94430083E+002   2.78434091E+003  -1.51878835E+000   2.78585970E+003   1.62811069E+000  -1.95948872E+002  -1.94320761E+002
     354       1     1.19999997E+001   7.07285371E+003   1.71263381E+000   2.78574215E+003   2.78402952E+003  -1.60015075E+000  -1.96136797E+002  -1.94536646E+002   2.78411711E+003  -1.51256051E+000   2.78562967E+003   1.62504357E+000  -1.96049207E+002  -1.94424163E+002
     355       1     1.19999997E+001   7.07244018E+003   1.71073387E+000   2.78551597E+003   2.78380524E+003  -1.59505805E+000  -1.96238058E+002  -1.94643000E+002   2.78389438E+003  -1.50591324E+000   2.78540030E+003   1.62158907E+000  -1.96148913E+002  -1.94527324E+002
     356       1     1.19999997E+001   7.07202518E+003   1.70901142E+000   2.78528937E+003   2.78358036E+003  -1.58974247E+000  -1.96339478E+002  -1.94749736E+002   2.78367028E+003  -1.49982057E+000   2.78517010E+003   1.61908952E+000  -1.96249557E+002  -1.94630467E+002
     357       1     1.19999997E+001   7.07160743E+003   1.70745363E+000   2.78506114E+003   2.78335369E+003  -1.58397647E+000  -1.96441874E+002  -1.94857898E+002   2.78344582E+003  -1.49183889E+000   2.78493766E+003   1.61531605E+000  -1.96349737E+002  -1.94734420E+002
     358       1     1.19999997E+001   7.07118861E+003   1.70691308E+000   2.78483257E+003   2.78312565E+003  -1.58032137E+000  -1.96545307E+002  -1.94964985E+002   2.78321996E+003  -1.48601339E+000   2.78470598E+003   1.61260510E+000  -1.96450999E+002  -1.94838394E+002
     359       1     1.19999997E+001   7.07076628E+003   1.70627784E+000   2.78460233E+003   2.78289606E+003  -1.57540253E+000  -1.96649261E+002  -1.95073858E+002   2.78299249E+003  -1.47896817E+000   2.78447146E+003   1.60984347E+000  -1.96552826E+002  -1.94942983E+002
     360       1     1.19999997E+001   7.07034134E+003   1.70432019E+000   2.78436976E+003   2.78266544E+003  -1.57030176E+000  -1.96753450E+002  -1.95183148E+002   2.78276384E+003  -1.47190344E+000   2.78423574E+003   1.60592187E+000  -1.96655051E+002  -1.95049130E+002
     361       1     1.19999997E+001   7.06991836E+003   1.70352089E+000   2.78413893E+003   2.78243541E+003  -1.56591955E+000  -1.96857642E+002  -1.95291722E+002   2.78253585E+003  -1.46547945E+000   2.78400133E+003   1.60308079E+000  -1.96757202E+002  -1.95154121E+002
     362       1     1.19999997E+001   7.06949145E+003   1.70265355E+000   2.78390607E+003   2.78220342E+003  -1.56121070E+000  -1.96962610E+002  -1.95401399E+002   2.78230548E+003  -1.45915157E+000   2.78376463E+003   1.60059442E+000  -1.96860551E+002  -1.95259956E+002
     363       1     1.19999997E+001   7.06906336E+003   1.70122073E+000   2.78367221E+003   2.78197099E+003  -1.55596672E+000  -1.97067666E+002  -1.95511700E+002   2.78207496E+003  -1.45200450E+000   2.78352696E+003   1.59725851E+000  -1.96963704E+002  -1.95366446E+002
     364       1     1.19999997E+001   7.06863306E+003   1.70022310E+000   2.78343735E+003   2.78173713E+003  -1.55101618E+000  -1.97173504E+002  -1.95622488E+002   2.78184319E+003  -1.44495737E+000   2.78328814E+003   1.59416429E+000  -1.97067446E+002  -1.95473281E+002
     365       1     1.19999997E+001   7.06820227E+003   1.69944727E+000   2.78320230E+003   2.78150286E+003  -1.54636765E+000  -1.97279596E+002  -1.95733228E+002   2.78161101E+003  -1.43821778E+000   2.78304922E+003   1.59129740E+000  -1.97171446E+002  -1.95580148E+002
     366       1     1.19999997E+001   7.06776886E+003   1.69847913E+000   2.78296573E+003   2.78126725E+003  -1.54146619E+000  -1.97386243E+002  -1.95844777E+002   2.78137754E+003  -1.43117737E+000   2.78280871E+003   1.58819031E+000  -1.97275954E+002  -1.95687764E+002
     367       1     1.19999997E+001   7.06733174E+003   1.69851379E+000   2.78272779E+003   2.78102928E+003  -1.53735554E+000  -1.97494142E+002  -1.95956787E+002   2.78114124E+003  -1.42539724E+000   2.78256663E+003   1.58655548E+000  -1.97382184E+002  -1.95795628E+002
     368       1     1.19999997E+001   7.06688880E+003   1.69862074E+000   2.78248673E+003   2.78078811E+003  -1.53295862E+000  -1.97603512E+002  -1.96070554E+002   2.78090205E+003  -1.41901977E+000   2.78232107E+003   1.58468189E+000  -1.97489574E+002  -1.95904892E+002
     369       1     1.19999997E+001   7.06644171E+003   1.69853453E+000   2.78224323E+003   2.78054470E+003  -1.52878380E+000  -1.97713880E+002  -1.96185096E+002   2.78066044E+003  -1.41304106E+000   2.78207348E+003   1.58279178E+000  -1.97598137E+002  -1.96015345E+002
     370       1     1.19999997E+001   7.06600015E+003   1.69794825E+000   2.78200233E+003   2.78030438E+003  -1.52452213E+000  -1.97822797E+002  -1.96298275E+002   2.78042220E+003  -1.40670185E+000   2.78182891E+003   1.58012797E+000  -1.97704977E+002  -1.96124849E+002
     371       1     1.19999997E+001   7.06555533E+003   1.69788207E+000   2.78175991E+003   2.78006202E+003  -1.52040962E+000  -1.97932788E+002  -1.96412378E+002   2.78018230E+003  -1.40013301E+000   2.78158243E+003   1.57760546E+000  -1.97812511E+002  -1.96234906E+002
     372       1     1.19999997E+001   7.06510337E+003   1.69710207E+000   2.78151339E+003   2.77981629E+003  -1.51595583E+000  -1.98044023E+002  -1.96528067E+002   2.77993795E+003  -1.39429735E+000   2.78133225E+003   1.57544359E+000  -1.97922364E+002  -1.96346920E+002
     373       1     1.19999997E+001   7.06465199E+003   1.69755103E+000   2.78126771E+003   2.77957016E+003  -1.51270410E+000  -1.98155820E+002  -1.96643116E+002   2.77969359E+003  -1.38927483E+000   2.78108287E+003   1.57412176E+000  -1.98032391E+002  -1.96458269E+002
     374       1     1.19999997E+001   7.06420380E+003   1.69999619E+000   2.78102473E+003   2.77932473E+003  -1.51076758E+000  -1.98267865E+002  -1.96757097E+002   2.77945077E+003  -1.38473347E+000   2.78083550E+003   1.57396208E+000  -1.98141831E+002  -1.96567869E+002
     375       1     1.19999997E+001   7.06375384E+003   1.69959057E+000   2.78077930E+003   2.77907971E+003  -1.50613829E+000  -1.98378974E+002  -1.96872835E+002   2.77920839E+003  -1.37746566E+000   2.78058585E+003   1.57091794E+000  -1.98250301E+002  -1.96679383E+002
     376       1     1.19999997E+001   7.06329744E+003   1.69886874E+000   2.78053022E+003   2.77883136E+003  -1.50176206E+000  -1.98491503E+002  -1.96989741E+002   2.77896202E+003  -1.37110016E+000   2.78033312E+003   1.56820685E+000  -1.98360841E+002  -1.96792635E+002
     377       1     1.19999997E+001   7.06283772E+003   1.69669267E+000   2.78027839E+003   2.77858170E+003  -1.49619713E+000  -1.98604337E+002  -1.97108140E+002   2.77871488E+003  -1.36301063E+000   2.78007789E+003   1.56350618E+000  -1.98471150E+002  -1.96907644E+002
     378       1     1.19999997E+001   7.06237756E+003   1.69549005E+000   2.78002696E+003   2.77833147E+003  -1.49092741E+000  -1.98717608E+002  -1.97226680E+002   2.77846723E+003  -1.35517190E+000   2.77982240E+003   1.55973453E+000  -1.98581852E+002  -1.97022118E+002
     379       1     1.19999997E+001   7.06191521E+003   1.69412951E+000   2.77977398E+003   2.77807985E+003  -1.48643530E+000  -1.98831621E+002  -1.97345186E+002   2.77821834E+003  -1.34794537E+000   2.77956628E+003   1.55563958E+000  -1.98693131E+002  -1.97137492E+002
     380       1     1.19999997E+001   7.06145306E+003   1.69405461E+000   2.77952146E+003   2.77782740E+003  -1.48317650E+000  -1.98946509E+002  -1.97463332E+002   2.77796979E+003  -1.34079402E+000   2.77931058E+003   1.55167213E+000  -1.98804126E+002  -1.97252454E+002
     381       1     1.19999997E+001   7.06098537E+003   1.69394893E+000   2.77926635E+003   2.77757240E+003  -1.47908973E+000  -1.99062306E+002  -1.97583216E+002   2.77771768E+003  -1.33381400E+000   2.77905149E+003   1.54867319E+000  -1.98917030E+002  -1.97368357E+002
     382       1     1.19999997E+001   7.06051854E+003   1.69418927E+000   2.77901151E+003   2.77731732E+003  -1.47590074E+000  -1.99178433E+002  -1.97702532E+002   2.77746639E+003  -1.32682861E+000   2.77879322E+003   1.54511714E+000  -1.99029360E+002  -1.97484243E+002
     383       1     1.19999997E+001   7.06004666E+003   1.69492094E+000   2.77875367E+003   2.77705875E+003  -1.47373859E+000  -1.99296538E+002  -1.97822800E+002   2.77721300E+003  -1.31948853E+000   2.77853249E+003   1.54067088E+000  -1.99142288E+002  -1.97601617E+002
     384       1     1.19999997E+001   7.05957458E+003   1.69410426E+000   2.77849513E+003   2.77680103E+003  -1.46962178E+000  -1.99413734E+002  -1.97944112E+002   2.77696011E+003  -1.31054030E+000   2.77827065E+003   1.53502278E+000  -1.99254652E+002  -1.97719630E+002
     385       1     1.19999997E+001   7.05910557E+003   1.69136165E+000   2.77823824E+003   2.77654688E+003  -1.46245785E+000  -1.99528270E+002  -1.98065812E+002   2.77670816E+003  -1.30118091E+000   2.77800934E+003   1.53008471E+000  -1.99366993E+002  -1.97836908E+002
     386       1     1.19999997E+001   7.05862647E+003   1.68949200E+000   2.77797559E+003   2.77628610E+003  -1.45674549E+000  -1.99646431E+002  -1.98189686E+002   2.77645173E+003  -1.29112046E+000   2.77774285E+003   1.52386697E+000  -1.99480806E+002  -1.97956939E+002
     387       1     1.19999997E+001   7.05815134E+003   1.68618710E+000   2.77771490E+003   2.77602871E+003  -1.44955584E+000  -1.99762378E+002  -1.98312822E+002   2.77619666E+003  -1.28160814E+000   2.77747827E+003   1.51823940E+000  -1.99594430E+002  -1.98076190E+002
     388       1     1.19999997E+001   7.05768534E+003   1.68541294E+000   2.77746050E+003   2.77577509E+003  -1.44472507E+000  -1.99877280E+002  -1.98432554E+002   2.77594536E+003  -1.27445371E+000   2.77721981E+003   1.51514157E+000  -1.99707008E+002  -1.98191867E+002
     389       1     1.19999997E+001   7.05721909E+003   1.68348355E+000   2.77720548E+003   2.77552200E+003  -1.43815226E+000  -1.99991563E+002  -1.98553410E+002   2.77569475E+003  -1.26540119E+000   2.77696015E+003   1.51073249E+000  -1.99818812E+002  -1.98308079E+002
     390       1     1.19999997E+001   7.05674955E+003   1.68212442E+000   2.77694900E+003   2.77526688E+003  -1.43266812E+000  -2.00106897E+002  -1.98674229E+002   2.77544138E+003  -1.25816733E+000   2.77669955E+003   1.50762364E+000  -1.99932396E+002  -1.98424772E+002
     391       1     1.19999997E+001   7.05628216E+003   1.68060127E+000   2.77669289E+003   2.77501228E+003  -1.42795653E+000  -2.00222342E+002  -1.98794385E+002   2.77519049E+003  -1.24974607E+000   2.77644024E+003   1.50239082E+000  -2.00044131E+002  -1.98541740E+002
     392       1     1.19999997E+001   7.05580791E+003   1.67979319E+000   2.77643346E+003   2.77475366E+003  -1.42496145E+000  -2.00339766E+002  -1.98914804E+002   2.77493424E+003  -1.24438512E+000   2.77617862E+003   1.49921686E+000  -2.00159189E+002  -1.98659973E+002
     393       1     1.19999997E+001   7.05533100E+003   1.67695824E+000   2.77617304E+003   2.77449608E+003  -1.41614553E+000  -2.00455359E+002  -1.99039213E+002   2.77467689E+003  -1.23533139E+000   2.77591223E+003   1.49614411E+000  -2.00274545E+002  -1.98778401E+002
     394       1     1.19999997E+001   7.05486071E+003   1.67442195E+000   2.77591512E+003   2.77424069E+003  -1.40986482E+000  -2.00570721E+002  -1.99160856E+002   2.77442455E+003  -1.22601023E+000   2.77565056E+003   1.49056736E+000  -2.00386867E+002  -1.98896299E+002
     395       1     1.19999997E+001   7.05438821E+003   1.67185120E+000   2.77565646E+003   2.77398461E+003  -1.40263851E+000  -2.00686128E+002  -1.99283489E+002   2.77417046E+003  -1.21678117E+000   2.77538724E+003   1.48599386E+000  -2.00500270E+002  -1.99014277E+002
     396       1     1.19999997E+001   7.05391810E+003   1.67002534E+000   2.77539931E+003   2.77372929E+003  -1.39638643E+000  -2.00801470E+002  -1.99405084E+002   2.77391752E+003  -1.20815071E+000   2.77512567E+003   1.48178961E+000  -2.00613234E+002  -1.99131445E+002
     397       1     1.19999997E+001   7.05344202E+003   1.66912117E+000   2.77513850E+003   2.77346938E+003  -1.39238995E+000  -2.00919620E+002  -1.99527230E+002   2.77366211E+003  -1.19965499E+000   2.77486177E+003   1.47638621E+000  -2.00726885E+002  -1.99250499E+002
     398       1     1.19999997E+001   7.05297446E+003   1.66795792E+000   2.77488287E+003   2.77321491E+003  -1.38743114E+000  -2.01034866E+002  -1.99647435E+002   2.77341019E+003  -1.19214769E+000   2.77460234E+003   1.47267447E+000  -2.00839582E+002  -1.99366908E+002
     399       1     1.19999997E+001   7.05250648E+003   1.66667836E+000   2.77462733E+003   2.77296065E+003  -1.38177532E+000  -2.01149777E+002  -1.99768001E+002   2.77315754E+003  -1.18488703E+000   2.77434242E+003   1.46979006E+000  -2.00952888E+002  -1.99483098E+002
     400       1     1.19999997E+001   7.05203812E+003   1.66737735E+000   2.77437206E+003   2.77270468E+003  -1.37813136E+000  -2.01266273E+002  -1.99888142E+002   2.77290514E+003  -1.17767649E+000   2.77408281E+003   1.46692247E+000  -2.01065818E+002  -1.99598896E+002
     401       1     1.19999997E+001   7.05157263E+003   1.66717448E+000   2.77411820E+003   2.77245102E+003  -1.37382588E+000  -2.01381317E+002  -2.00007491E+002   2.77265364E+003  -1.17121418E+000   2.77382485E+003   1.46456278E+000  -2.01178705E+002  -1.99714143E+002
     402       1     1.19999997E+001   7.05109948E+003   1.66491998E+000   2.77385962E+003   2.77219470E+003  -1.36715022E+000  -2.01496735E+002  -2.00129585E+002   2.77239776E+003  -1.16409278E+000   2.77356185E+003   1.46186254E+000  -2.01293678E+002  -1.99831815E+002
     403       1     1.19999997E+001   7.05062495E+003   1.66233753E+000   2.77359969E+003   2.77193735E+003  -1.36122155E+000  -2.01612772E+002  -2.00251550E+002   2.77214153E+003  -1.15703951E+000   2.77329857E+003   1.45815548E+000  -2.01408589E+002  -1.99950434E+002
     404       1     1.19999997E+001   7.05015253E+003   1.66081693E+000   2.77334208E+003   2.77168126E+003  -1.35436003E+000  -2.01728173E+002  -2.00373813E+002   2.77188599E+003  -1.14963542E+000   2.77303562E+003   1.45609232E+000  -2.01523448E+002  -2.00067356E+002
     405       1     1.19999997E+001   7.04969028E+003   1.65908977E+000   2.77308912E+003   2.77143003E+003  -1.34824833E+000  -2.01841744E+002  -2.00493496E+002   2.77163753E+003  -1.14074101E+000   2.77277828E+003   1.45158245E+000  -2.01634237E+002  -2.00182654E+002
     406       1     1.19999997E+001   7.04921311E+003   1.65679268E+000   2.77282793E+003   2.77117114E+003  -1.34166083E+000  -2.01958517E+002  -2.00616856E+002   2.77138043E+003  -1.13237357E+000   2.77251280E+003   1.44750542E+000  -2.01749230E+002  -2.00301724E+002
     407       1     1.19999997E+001   7.04874264E+003   1.65527705E+000   2.77257052E+003   2.77091524E+003  -1.33629374E+000  -2.02074298E+002  -2.00738004E+002   2.77112700E+003  -1.12453702E+000   2.77225154E+003   1.44352032E+000  -2.01862541E+002  -2.00419021E+002
     408       1     1.19999997E+001   7.04826961E+003   1.65358467E+000   2.77231186E+003   2.77065828E+003  -1.33039587E+000  -2.02190376E+002  -2.00859980E+002   2.77087184E+003  -1.11683637E+000   2.77198867E+003   1.44002517E+000  -2.01976817E+002  -2.00536792E+002
     409       1     1.19999997E+001   7.04779963E+003   1.65378289E+000   2.77205583E+003   2.77040205E+003  -1.32486467E+000  -2.02306628E+002  -2.00981764E+002   2.77061888E+003  -1.10803166E+000   2.77172691E+003   1.43694987E+000  -2.02089795E+002  -2.00652845E+002
     410       1     1.19999997E+001   7.04733086E+003   1.65161303E+000   2.77179962E+003   2.77014800E+003  -1.31713495E+000  -2.02421052E+002  -2.01103917E+002   2.77036654E+003  -1.09860083E+000   2.77146514E+003   1.43307890E+000  -2.02202517E+002  -2.00769439E+002
     411       1     1.19999997E+001   7.04685559E+003   1.65032511E+000   2.77153984E+003   2.76988952E+003  -1.31140094E+000  -2.02537976E+002  -2.01226575E+002   2.77011042E+003  -1.09049661E+000   2.77120092E+003   1.42942078E+000  -2.02317072E+002  -2.00887651E+002
     412       1     1.19999997E+001   7.04638692E+003   1.64781191E+000   2.77128361E+003   2.76963579E+003  -1.30332910E+000  -2.02652101E+002  -2.01348772E+002   2.76985798E+003  -1.08114678E+000   2.77093912E+003   1.42562960E+000  -2.02429918E+002  -2.01004289E+002
     413       1     1.19999997E+001   7.04592015E+003   1.64623814E+000   2.77102861E+003   2.76938237E+003  -1.29721752E+000  -2.02766492E+002  -2.01469274E+002   2.76960587E+003  -1.07371747E+000   2.77067958E+003   1.42273809E+000  -2.02542992E+002  -2.01120253E+002
     414       1     1.19999997E+001   7.04544794E+003   1.64390806E+000   2.77077006E+003   2.76912615E+003  -1.29024530E+000  -2.02882050E+002  -2.01591804E+002   2.76935184E+003  -1.06455673E+000   2.77041639E+003   1.41821949E+000  -2.02656361E+002  -2.01238142E+002
     415       1     1.19999997E+001   7.04498292E+003   1.64166121E+000   2.77051588E+003   2.76887422E+003  -1.28233219E+000  -2.02995456E+002  -2.01713124E+002   2.76910149E+003  -1.05506489E+000   2.77015656E+003   1.41439391E+000  -2.02768189E+002  -2.01353795E+002
     416       1     1.19999997E+001   7.04451674E+003   1.64070401E+000   2.77026160E+003   2.76862090E+003  -1.27579271E+000  -2.03109909E+002  -2.01834116E+002   2.76885009E+003  -1.04660065E+000   2.76989669E+003   1.41151196E+000  -2.02880717E+002  -2.01469205E+002
     417       1     1.19999997E+001   7.04404232E+003   1.64002147E+000   2.77000239E+003   2.76836237E+003  -1.27045864E+000  -2.03227114E+002  -2.01956655E+002   2.76859482E+003  -1.03800466E+000   2.76963282E+003   1.40756748E+000  -2.02994660E+002  -2.01587092E+002
     418       1     1.19999997E+001   7.04357044E+003   1.63920317E+000   2.76974475E+003   2.76810554E+003  -1.26489433E+000  -2.03343365E+002  -2.02078471E+002   2.76834033E+003  -1.03010614E+000   2.76937044E+003   1.40441498E+000  -2.03108577E+002  -2.01704162E+002
     419       1     1.19999997E+001   7.04310387E+003   1.63782614E+000   2.76948994E+003   2.76785212E+003  -1.25840966E+000  -2.03457793E+002  -2.02199384E+002   2.76808868E+003  -1.02184714E+000   2.76911053E+003   1.40126362E+000  -2.03221231E+002  -2.01819967E+002
     420       1     1.19999997E+001   7.04264127E+003   1.63641079E+000   2.76923727E+003   2.76760086E+003  -1.25209516E+000  -2.03571236E+002  -2.02319141E+002   2.76783906E+003  -1.01389448E+000   2.76885295E+003   1.39821011E+000  -2.03333036E+002  -2.01934825E+002
     421       1     1.19999997E+001   7.04216737E+003   1.63433294E+000   2.76897807E+003   2.76734374E+003  -1.24464205E+000  -2.03687170E+002  -2.02442528E+002   2.76758411E+003  -1.00427239E+000   2.76858838E+003   1.39396328E+000  -2.03446801E+002  -2.02052837E+002
     422       1     1.19999997E+001   7.04168981E+003   1.63167496E+000   2.76871604E+003   2.76708437E+003  -1.23804679E+000  -2.03804261E+002  -2.02566214E+002   2.76732760E+003  -9.94817785E-001   2.76832241E+003   1.38844596E+000  -2.03561032E+002  -2.02172586E+002
     423       1     1.19999997E+001   7.04122583E+003   1.63106653E+000   2.76846288E+003   2.76683181E+003  -1.23182768E+000  -2.03918579E+002  -2.02686751E+002   2.76707789E+003  -9.85752909E-001   2.76806364E+003   1.38499176E+000  -2.03672504E+002  -2.02287512E+002
     424       1     1.19999997E+001   7.04075208E+003   1.63325069E+000   2.76820635E+003   2.76657309E+003  -1.22676745E+000  -2.04036145E+002  -2.02809378E+002   2.76682132E+003  -9.78540830E-001   2.76779986E+003   1.38502408E+000  -2.03787918E+002  -2.02402894E+002
     425       1     1.19999997E+001   7.04027822E+003   1.63158767E+000   2.76794755E+003   2.76631596E+003  -1.21972788E+000  -2.04152090E+002  -2.02932362E+002   2.76656556E+003  -9.70125546E-001   2.76753569E+003   1.38198533E+000  -2.03902488E+002  -2.02520503E+002
     426       1     1.19999997E+001   7.03980994E+003   1.63063619E+000   2.76769178E+003   2.76606114E+003  -1.21404473E+000  -2.04267383E+002  -2.03053339E+002   2.76631297E+003  -9.62212524E-001   2.76727518E+003   1.37880398E+000  -2.04015551E+002  -2.02636747E+002
     427       1     1.19999997E+001   7.03933511E+003   1.63263599E+000   2.76743363E+003   2.76580099E+003  -1.21103366E+000  -2.04386049E+002  -2.03175015E+002   2.76605641E+003  -9.55617413E-001   2.76701203E+003   1.37721974E+000  -2.04130633E+002  -2.02753413E+002
     428       1     1.19999997E+001   7.03886332E+003   1.63490732E+000   2.76717700E+003   2.76554209E+003  -1.20785872E+000  -2.04504366E+002  -2.03296507E+002   2.76580260E+003  -9.47349922E-001   2.76674995E+003   1.37439853E+000  -2.04243857E+002  -2.02869459E+002
     429       1     1.19999997E+001   7.03838665E+003   1.63589804E+000   2.76691769E+003   2.76528179E+003  -1.20306033E+000  -2.04622630E+002  -2.03419570E+002   2.76554522E+003  -9.39634695E-001   2.76648485E+003   1.37247241E+000  -2.04359204E+002  -2.02986732E+002
     430       1     1.19999997E+001   7.03791357E+003   1.63495405E+000   2.76665925E+003   2.76502429E+003  -1.19747996E+000  -2.04739155E+002  -2.03541676E+002   2.76528996E+003  -9.31809466E-001   2.76622177E+003   1.36928356E+000  -2.04473485E+002  -2.03104201E+002
     431       1     1.19999997E+001   7.03744597E+003   1.63484741E+000   2.76640438E+003   2.76476953E+003  -1.19194545E+000  -2.04854578E+002  -2.03662633E+002   2.76503758E+003  -9.23889482E-001   2.76596147E+003   1.36679144E+000  -2.04586522E+002  -2.03219731E+002
     432       1     1.19999997E+001   7.03697404E+003   1.63471472E+000   2.76614707E+003   2.76451236E+003  -1.18611571E+000  -2.04971111E+002  -2.03784995E+002   2.76478324E+003  -9.15235729E-001   2.76569848E+003   1.36383474E+000  -2.04700231E+002  -2.03336396E+002
     433       1     1.19999997E+001   7.03649900E+003   1.63392962E+000   2.76588772E+003   2.76425379E+003  -1.18030411E+000  -2.05088119E+002  -2.03907815E+002   2.76452693E+003  -9.07161665E-001   2.76543409E+003   1.36078718E+000  -2.04814976E+002  -2.03454189E+002
     434       1     1.19999997E+001   7.03602340E+003   1.63292192E+000   2.76562814E+003   2.76399522E+003  -1.17286543E+000  -2.05204948E+002  -2.04032082E+002   2.76427119E+003  -8.96898380E-001   2.76516809E+003   1.35695487E+000  -2.04928981E+002  -2.03572026E+002
     435       1     1.19999997E+001   7.03553956E+003   1.63191615E+000   2.76536397E+003   2.76373205E+003  -1.16527154E+000  -2.05323922E+002  -2.04158651E+002   2.76401137E+003  -8.85949245E-001   2.76489732E+003   1.35259386E+000  -2.05044600E+002  -2.03692006E+002
     436       1     1.19999997E+001   7.03506082E+003   1.63258354E+000   2.76510364E+003   2.76347106E+003  -1.15875848E+000  -2.05442236E+002  -2.04283477E+002   2.76375340E+003  -8.76416819E-001   2.76462982E+003   1.35024187E+000  -2.05159894E+002  -2.03809652E+002
     437       1     1.19999997E+001   7.03459091E+003   1.63150115E+000   2.76484693E+003   2.76321543E+003  -1.15280442E+000  -2.05557818E+002  -2.04405014E+002   2.76349982E+003  -8.68414890E-001   2.76436823E+003   1.34711161E+000  -2.05273429E+002  -2.03926317E+002
     438       1     1.19999997E+001   7.03411973E+003   1.63110892E+000   2.76458979E+003   2.76295868E+003  -1.14720863E+000  -2.05674135E+002  -2.04526927E+002   2.76324574E+003  -8.60144297E-001   2.76410589E+003   1.34404459E+000  -2.05387071E+002  -2.04043026E+002
     439       1     1.19999997E+001   7.03363451E+003   1.62954483E+000   2.76432456E+003   2.76269501E+003  -1.14031912E+000  -2.05793181E+002  -2.04652862E+002   2.76298415E+003  -8.51183752E-001   2.76383533E+003   1.34040946E+000  -2.05504045E+002  -2.04163636E+002
     440       1     1.19999997E+001   7.03314994E+003   1.62855420E+000   2.76405997E+003   2.76243142E+003  -1.13414461E+000  -2.05912346E+002  -2.04778201E+002   2.76272246E+003  -8.43099964E-001   2.76356556E+003   1.33750955E+000  -2.05621301E+002  -2.04283792E+002
     441       1     1.19999997E+001   7.03267517E+003   1.62724021E+000   2.76380069E+003   2.76217345E+003  -1.12870854E+000  -2.06028805E+002  -2.04900097E+002   2.76246488E+003  -8.37270530E-001   2.76330215E+003   1.33580220E+000  -2.05737367E+002  -2.04401565E+002
     442       1     1.19999997E+001   7.03219356E+003   1.62781943E+000   2.76353797E+003   2.76191015E+003  -1.12485178E+000  -2.06148549E+002  -2.05023698E+002   2.76220483E+003  -8.30164646E-001   2.76303500E+003   1.33313230E+000  -2.05853862E+002  -2.04520730E+002
     443       1     1.19999997E+001   7.03171719E+003   1.62768024E+000   2.76327840E+003   2.76165072E+003  -1.11845697E+000  -2.06265985E+002  -2.05147528E+002   2.76194788E+003  -8.21293174E-001   2.76276917E+003   1.33051644E+000  -2.05968822E+002  -2.04638305E+002
     444       1     1.19999997E+001   7.03123696E+003   1.62602216E+000   2.76301596E+003   2.76138994E+003  -1.11085105E+000  -2.06383612E+002  -2.05272761E+002   2.76168922E+003  -8.11573748E-001   2.76250079E+003   1.32674485E+000  -2.06084334E+002  -2.04757590E+002
     445       1     1.19999997E+001   7.03076147E+003   1.62478637E+000   2.76275586E+003   2.76113108E+003  -1.10481444E+000  -2.06500735E+002  -2.05395921E+002   2.76143317E+003  -8.02720740E-001   2.76223589E+003   1.32269268E+000  -2.06198642E+002  -2.04875949E+002
     446       1     1.19999997E+001   7.03028804E+003   1.62363181E+000   2.76249737E+003   2.76087374E+003  -1.09863509E+000  -2.06616948E+002  -2.05518313E+002   2.76117711E+003  -7.95263864E-001   2.76197237E+003   1.32026058E+000  -2.06313577E+002  -2.04993317E+002
     447       1     1.19999997E+001   7.02981854E+003   1.62347945E+000   2.76224133E+003   2.76061785E+003  -1.09314780E+000  -2.06732867E+002  -2.05639719E+002   2.76092352E+003  -7.87480088E-001   2.76171100E+003   1.31781174E+000  -2.06427200E+002  -2.05109388E+002
     448       1     1.19999997E+001   7.02934406E+003   1.62190444E+000   2.76198200E+003   2.76036010E+003  -1.08652374E+000  -2.06849175E+002  -2.05762652E+002   2.76066722E+003  -7.79399792E-001   2.76144662E+003   1.31478050E+000  -2.06542051E+002  -2.05227271E+002
     449       1     1.19999997E+001   7.02886876E+003   1.62140566E+000   2.76172268E+003   2.76010127E+003  -1.08009583E+000  -2.06966304E+002  -2.05886208E+002   2.76041103E+003  -7.70342672E-001   2.76118137E+003   1.31165251E+000  -2.06656551E+002  -2.05344898E+002
     450       1     1.19999997E+001   7.02839719E+003   1.62067930E+000   2.76146508E+003   2.75984440E+003  -1.07421639E+000  -2.07082586E+002  -2.06008369E+002   2.76015677E+003  -7.61842823E-001   2.76091862E+003   1.30830573E+000  -2.06770212E+002  -2.05461907E+002
     451       1     1.19999997E+001   7.02791973E+003   1.62137392E+000   2.76120494E+003   2.75958357E+003  -1.06945305E+000  -2.07201074E+002  -2.06131621E+002   2.75989898E+003  -7.54039933E-001   2.76065302E+003   1.30596080E+000  -2.06885661E+002  -2.05579700E+002
     452       1     1.19999997E+001   7.02743683E+003   1.62201146E+000   2.76094214E+003   2.75932013E+003  -1.06484494E+000  -2.07320534E+002  -2.06255689E+002   2.75963696E+003  -7.48022047E-001   2.76038498E+003   1.30518857E+000  -2.07003711E+002  -2.05698522E+002
     453       1     1.19999997E+001   7.02695550E+003   1.62124937E+000   2.76067929E+003   2.75905804E+003  -1.05899930E+000  -2.07439116E+002  -2.06380116E+002   2.75937695E+003  -7.40090552E-001   2.76011704E+003   1.30234062E+000  -2.07120207E+002  -2.05817866E+002
     454       1     1.19999997E+001   7.02647282E+003   1.61747528E+000   2.76041403E+003   2.75879655E+003  -1.05170289E+000  -2.07556695E+002  -2.06504992E+002   2.75911665E+003  -7.31607206E-001   2.75984825E+003   1.29737959E+000  -2.07236600E+002  -2.05939220E+002
     455       1     1.19999997E+001   7.02599337E+003   1.61782554E+000   2.76015299E+003   2.75853517E+003  -1.04543458E+000  -2.07675124E+002  -2.06629689E+002   2.75885788E+003  -7.22716449E-001   2.75958060E+003   1.29510740E+000  -2.07352406E+002  -2.06057298E+002
     456       1     1.19999997E+001   7.02551469E+003   1.61928049E+000   2.75989271E+003   2.75827343E+003  -1.04084897E+000  -2.07794135E+002  -2.06753286E+002   2.75859908E+003  -7.15198834E-001   2.75931428E+003   1.29363035E+000  -2.07468485E+002  -2.06174855E+002
     457       1     1.19999997E+001   7.02502804E+003   1.61907418E+000   2.75962698E+003   2.75800791E+003  -1.03527946E+000  -2.07914549E+002  -2.06879269E+002   2.75833680E+003  -7.06386916E-001   2.75904319E+003   1.29018164E+000  -2.07585656E+002  -2.06295474E+002
     458       1     1.19999997E+001   7.02455252E+003   1.61867096E+000   2.75936743E+003   2.75774876E+003  -1.02945617E+000  -2.08031905E+002  -2.07002449E+002   2.75808017E+003  -6.98044228E-001   2.75877821E+003   1.28725902E+000  -2.07700493E+002  -2.06413234E+002
     459       1     1.19999997E+001   7.02407581E+003   1.61852382E+000   2.75910749E+003   2.75748897E+003  -1.02358825E+000  -2.08149542E+002  -2.07125954E+002   2.75782263E+003  -6.89929710E-001   2.75851256E+003   1.28486528E+000  -2.07815884E+002  -2.06531018E+002
     460       1     1.19999997E+001   7.02358632E+003   1.61875655E+000   2.75884157E+003   2.75722281E+003  -1.01495908E+000  -2.08269729E+002  -2.07254769E+002   2.75755856E+003  -6.79214948E-001   2.75823777E+003   1.28301242E+000  -2.07933984E+002  -2.06650972E+002
     461       1     1.19999997E+001   7.02310689E+003   1.61927663E+000   2.75858017E+003   2.75696090E+003  -1.01013474E+000  -2.08388677E+002  -2.07378543E+002   2.75729969E+003  -6.71344217E-001   2.75797103E+003   1.28048610E+000  -2.08049887E+002  -2.06769401E+002
     462       1     1.19999997E+001   7.02262475E+003   1.61820767E+000   2.75831674E+003   2.75669853E+003  -1.00399207E+000  -2.08507259E+002  -2.07503267E+002   2.75703911E+003  -6.63418234E-001   2.75770253E+003   1.27763383E+000  -2.08166686E+002  -2.06889052E+002
     463       1     1.19999997E+001   7.02213943E+003   1.61778699E+000   2.75805226E+003   2.75643447E+003  -9.96301635E-001  -2.08626588E+002  -2.07630287E+002   2.75677754E+003  -6.53234010E-001   2.75743078E+003   1.27471937E+000  -2.08283521E+002  -2.07008801E+002
     464       1     1.19999997E+001   7.02165327E+003   1.61626540E+000   2.75778606E+003   2.75616980E+003  -9.89391907E-001  -2.08746276E+002  -2.07756884E+002   2.75651626E+003  -6.42928119E-001   2.75715919E+003   1.26980161E+000  -2.08399812E+002  -2.07130010E+002
     465       1     1.19999997E+001   7.02117057E+003   1.61640288E+000   2.75752308E+003   2.75590667E+003  -9.83063046E-001  -2.08865440E+002  -2.07882377E+002   2.75625563E+003  -6.34106921E-001   2.75688974E+003   1.26744675E+000  -2.08516484E+002  -2.07249037E+002
     466       1     1.19999997E+001   7.02068592E+003   1.61561806E+000   2.75725858E+003   2.75564296E+003  -9.76717824E-001  -2.08984607E+002  -2.08007889E+002   2.75599341E+003  -6.26272707E-001   2.75661968E+003   1.26517294E+000  -2.08634162E+002  -2.07368989E+002
     467       1     1.19999997E+001   7.02020631E+003   1.61331519E+000   2.75699576E+003   2.75538245E+003  -9.70167581E-001  -2.09102080E+002  -2.08131912E+002   2.75573434E+003  -6.18275967E-001   2.75635262E+003   1.26142358E+000  -2.08750188E+002  -2.07488765E+002
     468       1     1.19999997E+001   7.01972267E+003   1.61245289E+000   2.75673165E+003   2.75511920E+003  -9.64557680E-001  -2.09221083E+002  -2.08256525E+002   2.75547225E+003  -6.11505074E-001   2.75608376E+003   1.25940028E+000  -2.08868030E+002  -2.07608630E+002
     469       1     1.19999997E+001   7.01923579E+003   1.61308021E+000   2.75646670E+003   2.75485362E+003  -9.59193024E-001  -2.09341440E+002  -2.08382247E+002   2.75520828E+003  -6.04529630E-001   2.75581281E+003   1.25841681E+000  -2.08986777E+002  -2.07728360E+002
     470       1     1.19999997E+001   7.01874914E+003   1.61213196E+000   2.75620078E+003   2.75458865E+003  -9.53520815E-001  -2.09461260E+002  -2.08507739E+002   2.75494487E+003  -5.97300494E-001   2.75554217E+003   1.25591164E+000  -2.09105040E+002  -2.07849128E+002
     471       1     1.19999997E+001   7.01826516E+003   1.61295148E+000   2.75593725E+003   2.75432430E+003  -9.48137860E-001  -2.09581246E+002  -2.08633108E+002   2.75468333E+003  -5.89107772E-001   2.75527244E+003   1.25392139E+000  -2.09222216E+002  -2.07968295E+002
     472       1     1.19999997E+001   7.01778203E+003   1.60989108E+000   2.75567206E+003   2.75406217E+003  -9.40361409E-001  -2.09699265E+002  -2.08758904E+002   2.75442325E+003  -5.79280880E-001   2.75500253E+003   1.24881055E+000  -2.09338185E+002  -2.08089374E+002
     473       1     1.19999997E+001   7.01730037E+003   1.60892504E+000   2.75540863E+003   2.75379970E+003  -9.34650611E-001  -2.09818060E+002  -2.08883410E+002   2.75416323E+003  -5.71118644E-001   2.75473435E+003   1.24539308E+000  -2.09454528E+002  -2.08209135E+002
     474       1     1.19999997E+001   7.01682599E+003   1.60761682E+000   2.75514909E+003   2.75354147E+003  -9.28794799E-001  -2.09934784E+002  -2.09005990E+002   2.75390689E+003  -5.63378154E-001   2.75447026E+003   1.24220018E+000  -2.09569368E+002  -2.08327168E+002
     475       1     1.19999997E+001   7.01634053E+003   1.60757047E+000   2.75488433E+003   2.75327676E+003  -9.23998051E-001  -2.10054681E+002  -2.09130683E+002   2.75364338E+003  -5.57369335E-001   2.75420075E+003   1.24094176E+000  -2.09688052E+002  -2.08447110E+002
     476       1     1.19999997E+001   7.01585765E+003   1.60733332E+000   2.75462082E+003   2.75301348E+003  -9.17707067E-001  -2.10173903E+002  -2.09256196E+002   2.75338286E+003  -5.48327356E-001   2.75393119E+003   1.23795361E+000  -2.09804523E+002  -2.08566570E+002
     477       1     1.19999997E+001   7.01537581E+003   1.60568035E+000   2.75435694E+003   2.75275126E+003  -9.10908050E-001  -2.10292381E+002  -2.09381473E+002   2.75312338E+003  -5.38792848E-001   2.75366217E+003   1.23356515E+000  -2.09920266E+002  -2.08686701E+002
     478       1     1.19999997E+001   7.01488859E+003   1.60429595E+000   2.75409054E+003   2.75248624E+003  -9.04406910E-001  -2.10412050E+002  -2.09507643E+002   2.75285990E+003  -5.30743029E-001   2.75339065E+003   1.23063207E+000  -2.10038386E+002  -2.08807754E+002
     479       1     1.19999997E+001   7.01440764E+003   1.60364311E+000   2.75382822E+003   2.75222458E+003  -8.96939414E-001  -2.10530228E+002  -2.09633289E+002   2.75260030E+003  -5.21213931E-001   2.75312152E+003   1.22791762E+000  -2.10154503E+002  -2.08926585E+002
     480       1     1.19999997E+001   7.01392754E+003   1.60043975E+000   2.75356459E+003   2.75196415E+003  -8.89281943E-001  -2.10647422E+002  -2.09758141E+002   2.75234157E+003  -5.11857009E-001   2.75285343E+003   1.22301481E+000  -2.10269998E+002  -2.09046983E+002
     481       1     1.19999997E+001   7.01344546E+003   1.59786138E+000   2.75330067E+003   2.75170281E+003  -8.80131473E-001  -2.10764935E+002  -2.09884803E+002   2.75208209E+003  -5.00846724E-001   2.75258294E+003   1.21857663E+000  -2.10385650E+002  -2.09167073E+002
     482       1     1.19999997E+001   7.01295549E+003   1.59754542E+000   2.75303308E+003   2.75143553E+003  -8.75043245E-001  -2.10886026E+002  -2.10010983E+002   2.75181680E+003  -4.93775312E-001   2.75231057E+003   1.21627748E+000  -2.10504758E+002  -2.09288480E+002
     483       1     1.19999997E+001   7.01247160E+003   1.59551507E+000   2.75276796E+003   2.75117244E+003  -8.68021326E-001  -2.11004737E+002  -2.10136716E+002   2.75155586E+003  -4.84604004E-001   2.75204046E+003   1.21209775E+000  -2.10621320E+002  -2.09409222E+002
     484       1     1.19999997E+001   7.01197959E+003   1.59369712E+000   2.75249828E+003   2.75090459E+003  -8.62030012E-001  -2.11125792E+002  -2.10263762E+002   2.75129019E+003  -4.76422711E-001   2.75176662E+003   1.20808982E+000  -2.10740185E+002  -2.09532095E+002
     485       1     1.19999997E+001   7.01149984E+003   1.59343551E+000   2.75223659E+003   2.75064316E+003  -8.55330583E-001  -2.11244075E+002  -2.10388745E+002   2.75103121E+003  -4.67280079E-001   2.75149849E+003   1.20538501E+000  -2.10856025E+002  -2.09650640E+002
     486       1     1.19999997E+001   7.01101047E+003   1.59303204E+000   2.75196894E+003   2.75037590E+003  -8.49763698E-001  -2.11365305E+002  -2.10515541E+002   2.75076760E+003  -4.58064947E-001   2.75122567E+003   1.20133328E+000  -2.10973606E+002  -2.09772273E+002
     487       1     1.19999997E+001   7.01052830E+003   1.58960511E+000   2.75170409E+003   2.75011449E+003  -8.41648193E-001  -2.11482846E+002  -2.10641198E+002   2.75050781E+003  -4.48325517E-001   2.75095613E+003   1.19628244E+000  -2.11089524E+002  -2.09893241E+002
     488       1     1.19999997E+001   7.01004442E+003   1.58891640E+000   2.75143981E+003   2.74985089E+003  -8.35124060E-001  -2.11602053E+002  -2.10766929E+002   2.75024646E+003  -4.39551940E-001   2.75068601E+003   1.19334428E+000  -2.11206481E+002  -2.10013137E+002
     489       1     1.19999997E+001   7.00955906E+003   1.58658707E+000   2.75117373E+003   2.74958715E+003  -8.27563201E-001  -2.11720959E+002  -2.10893396E+002   2.74998496E+003  -4.29755409E-001   2.75041471E+003   1.18877928E+000  -2.11323151E+002  -2.10134372E+002
     490       1     1.19999997E+001   7.00907265E+003   1.58378458E+000   2.75090694E+003   2.74932316E+003  -8.19516816E-001  -2.11839796E+002  -2.11020279E+002   2.74972283E+003  -4.19846437E-001   2.75014268E+003   1.18411420E+000  -2.11440126E+002  -2.10256011E+002
     491       1     1.19999997E+001   7.00857652E+003   1.58129489E+000   2.75063473E+003   2.74905343E+003  -8.12886500E-001  -2.11961468E+002  -2.11148581E+002   2.74945488E+003  -4.11437449E-001   2.74986632E+003   1.17984583E+000  -2.11560019E+002  -2.10380173E+002
     492       1     1.19999997E+001   7.00808965E+003   1.57959901E+000   2.75036794E+003   2.74878834E+003  -8.05730349E-001  -2.12081261E+002  -2.11275531E+002   2.74919298E+003  -4.01083681E-001   2.74959407E+003   1.17495234E+000  -2.11676614E+002  -2.10501662E+002
     493       1     1.19999997E+001   7.00760180E+003   1.57728502E+000   2.75010046E+003   2.74852318E+003  -7.98059286E-001  -2.12200830E+002  -2.11402771E+002   2.74893028E+003  -3.90956986E-001   2.74932124E+003   1.17018272E+000  -2.11793728E+002  -2.10623545E+002
     494       1     1.19999997E+001   7.00711248E+003   1.57344217E+000   2.74983131E+003   2.74825786E+003  -7.89911236E-001  -2.12320108E+002  -2.11530197E+002   2.74866679E+003  -3.80988713E-001   2.74904778E+003   1.16451965E+000  -2.11911185E+002  -2.10746666E+002
     495       1     1.19999997E+001   7.00662967E+003   1.57066754E+000   2.74956665E+003   2.74799598E+003  -7.81769228E-001  -2.12437892E+002  -2.11656123E+002   2.74840615E+003  -3.71605690E-001   2.74877775E+003   1.16050400E+000  -2.12027729E+002  -2.10867225E+002
     496       1     1.19999997E+001   7.00614607E+003   1.56788009E+000   2.74930135E+003   2.74773347E+003  -7.73811901E-001  -2.12556074E+002  -2.11782262E+002   2.74814549E+003  -3.61786269E-001   2.74850728E+003   1.15585446E+000  -2.12144048E+002  -2.10988194E+002
     497       1     1.19999997E+001   7.00566667E+003   1.56591289E+000   2.74903871E+003   2.74747279E+003  -7.66553641E-001  -2.12673662E+002  -2.11907109E+002   2.74788696E+003  -3.52389556E-001   2.74823935E+003   1.15174881E+000  -2.12259498E+002  -2.11107749E+002
     498       1     1.19999997E+001   7.00518265E+003   1.56466477E+000   2.74877402E+003   2.74720936E+003  -7.58510942E-001  -2.12792630E+002  -2.12034119E+002   2.74762664E+003  -3.41230377E-001   2.74796787E+003   1.14738420E+000  -2.12375350E+002  -2.11227965E+002
     499       1     1.19999997E+001   7.00470344E+003   1.56072585E+000   2.74850986E+003   2.74694913E+003  -7.51832659E-001  -2.12909823E+002  -2.12157990E+002   2.74736853E+003  -3.32437583E-001   2.74770096E+003   1.14133078E+000  -2.12490428E+002  -2.11349097E+002
     500       1     1.19999997E+001   7.00421952E+003   1.55808627E+000   2.74824384E+003   2.74668576E+003  -7.45301235E-001  -2.13028752E+002  -2.12283450E+002   2.74710806E+003  -3.22996190E-001   2.74743106E+003   1.13578122E+000  -2.12606447E+002  -2.11470665E+002
