   iLoop            strain     Layer Density  B5                B4                B2                D6                D1                D4                C1                C5                C3                A6                C2                C3              
       1   7.67604516E+014   0.00000000E+000   2.34980736E+014   1.72319231E+014   0.00000000E+000   0.00000000E+000   0.00000000E+000   1.72319464E+014   0.00000000E+000   1.87985085E+014   0.00000000E+000   0.00000000E+000
   0.00000000E+000
       2   7.73006449E+014   0.00000000E+000   2.36634191E+014   1.73531750E+014   0.00000000E+000   0.00000000E+000   0.00000000E+000   1.73532221E+014   0.00000000E+000   1.89308288E+014   0.00000000E+000   0.00000000E+000
   0.00000000E+000
       3   7.78410135E+014   0.00000000E+000   2.38288183E+014   1.74744596E+014   0.00000000E+000   0.00000000E+000   0.00000000E+000   1.74745417E+014   0.00000000E+000   1.90631940E+014   0.00000000E+000   0.00000000E+000
   0.00000000E+000
       4   7.83815700E+014   0.00000000E+000   2.39942764E+014   1.75957852E+014   0.00000000E+000   0.00000000E+000   0.00000000E+000   1.75959033E+014   0.00000000E+000   1.91956052E+014   0.00000000E+000   0.00000000E+000
   0.00000000E+000
       5   7.89223515E+014   0.00000000E+000   2.41598032E+014   1.77171627E+014   0.00000000E+000   0.00000000E+000   0.00000000E+000   1.77173138E+014   0.00000000E+000   1.93280720E+014   0.00000000E+000   0.00000000E+000
   0.00000000E+000
       6   7.94633926E+014   0.00000000E+000   2.43254091E+014   1.78385979E+014   0.00000000E+000   0.00000000E+000   0.00000000E+000   1.78387814E+014   0.00000000E+000   1.94606042E+014   0.00000000E+000   0.00000000E+000
   0.00000000E+000
       7   8.00046042E+014   0.00000000E+000   2.44910675E+014   1.79600709E+014   0.00000000E+000   0.00000000E+000   0.00000000E+000   1.79602885E+014   0.00000000E+000   1.95931774E+014   0.00000000E+000   0.00000000E+000
   0.00000000E+000
       8   8.05460977E+014   0.00000000E+000   2.46568150E+014   1.80816083E+014   0.00000000E+000   0.00000000E+000   0.00000000E+000   1.80818576E+014   0.00000000E+000   1.97258168E+014   0.00000000E+000   0.00000000E+000
   0.00000000E+000
       9   8.10877497E+014   0.00000000E+000   2.48226133E+014   1.82031806E+014   0.00000000E+000   0.00000000E+000   0.00000000E+000   1.82034615E+014   0.00000000E+000   1.98584943E+014   0.00000000E+000   0.00000000E+000
   0.00000000E+000
      10   8.16295895E+014   0.00000000E+000   2.49884716E+014   1.83247933E+014   0.00000000E+000   0.00000000E+000   0.00000000E+000   1.83251075E+014   0.00000000E+000   1.99912171E+014   0.00000000E+000   0.00000000E+000
   0.00000000E+000
      11   8.21715916E+014   0.00000000E+000   2.51543813E+014   1.84464423E+014   0.00000000E+000   0.00000000E+000   0.00000000E+000   1.84467889E+014   0.00000000E+000   2.01239791E+014   0.00000000E+000   0.00000000E+000
   0.00000000E+000
      12   8.27137169E+014   0.00000000E+000   2.53203288E+014   1.85681199E+014   0.00000000E+000   0.00000000E+000   0.00000000E+000   1.85684980E+014   0.00000000E+000   2.02567702E+014   0.00000000E+000   0.00000000E+000
   0.00000000E+000
      13   8.32559826E+014   0.00000000E+000   2.54863218E+014   1.86898275E+014   0.00000000E+000   0.00000000E+000   0.00000000E+000   1.86902382E+014   0.00000000E+000   2.03895951E+014   0.00000000E+000   0.00000000E+000
   0.00000000E+000
      14   8.37984105E+014   0.00000000E+000   2.56523641E+014   1.88115706E+014   0.00000000E+000   0.00000000E+000   0.00000000E+000   1.88120153E+014   0.00000000E+000   2.05224605E+014   0.00000000E+000   0.00000000E+000
   0.00000000E+000
      15   8.43410387E+014   0.00000000E+000   2.58184696E+014   1.89333581E+014   0.00000000E+000   0.00000000E+000   0.00000000E+000   1.89338347E+014   0.00000000E+000   2.06553763E+014   0.00000000E+000   0.00000000E+000
   0.00000000E+000
      16   8.48838513E+014   0.00000000E+000   2.59846349E+014   1.90551852E+014   0.00000000E+000   0.00000000E+000   0.00000000E+000   1.90556959E+014   0.00000000E+000   2.07883353E+014   0.00000000E+000   0.00000000E+000
   0.00000000E+000
      17   8.54268043E+014   0.00000000E+000   2.61508440E+014   1.91770422E+014   0.00000000E+000   0.00000000E+000   0.00000000E+000   1.91775872E+014   0.00000000E+000   2.09213308E+014   0.00000000E+000   0.00000000E+000
   0.00000000E+000
      18   8.59699137E+014   0.00000000E+000   2.63171026E+014   1.92989341E+014   0.00000000E+000   0.00000000E+000   0.00000000E+000   1.92995121E+014   0.00000000E+000   2.10543649E+014   0.00000000E+000   0.00000000E+000
   0.00000000E+000
      19   8.65132777E+014   0.00000000E+000   2.64834429E+014   1.94208833E+014   0.00000000E+000   0.00000000E+000   0.00000000E+000   1.94214913E+014   0.00000000E+000   2.11874603E+014   0.00000000E+000   0.00000000E+000
   0.00000000E+000
      20   8.70568128E+014   0.00000000E+000   2.66498389E+014   1.95428677E+014   0.00000000E+000   0.00000000E+000   0.00000000E+000   1.95435086E+014   0.00000000E+000   2.13205976E+014   0.00000000E+000   0.00000000E+000
   0.00000000E+000
      21   8.76005183E+014   0.00000000E+000   2.68162870E+014   1.96648908E+014   0.00000000E+000   0.00000000E+000   0.00000000E+000   1.96655643E+014   0.00000000E+000   2.14537762E+014   0.00000000E+000   0.00000000E+000
   0.00000000E+000
      22   8.81444179E+014   0.00000000E+000   2.69827925E+014   1.97869575E+014   0.00000000E+000   0.00000000E+000   0.00000000E+000   1.97876649E+014   0.00000000E+000   2.15870030E+014   0.00000000E+000   0.00000000E+000
   0.00000000E+000
      23   8.86884238E+014   0.00000000E+000   2.71493296E+014   1.99090481E+014   0.00000000E+000   0.00000000E+000   0.00000000E+000   1.99097890E+014   0.00000000E+000   2.17202570E+014   0.00000000E+000   0.00000000E+000
   0.00000000E+000
      24   8.92325528E+014   0.00000000E+000   2.73159042E+014   2.00311659E+014   0.00000000E+000   0.00000000E+000   0.00000000E+000   2.00319414E+014   0.00000000E+000   2.18535413E+014   0.00000000E+000   0.00000000E+000
   0.00000000E+000
      25   8.97768110E+014   0.00000000E+000   2.74825203E+014   2.01533124E+014   0.00000000E+000   0.00000000E+000   0.00000000E+000   2.01541219E+014   0.00000000E+000   2.19868564E+014   0.00000000E+000   0.00000000E+000
   0.00000000E+000
      26   9.03212259E+014   0.00000000E+000   2.76491893E+014   2.02754938E+014   0.00000000E+000   0.00000000E+000   0.00000000E+000   2.02763319E+014   0.00000000E+000   2.21202110E+014   0.00000000E+000   0.00000000E+000
   0.00000000E+000
      27   9.08657467E+014   0.00000000E+000   2.78158947E+014   2.03976977E+014   0.00000000E+000   0.00000000E+000   0.00000000E+000   2.03985633E+014   0.00000000E+000   2.22535909E+014   0.00000000E+000   0.00000000E+000
   0.00000000E+000
      28   9.14103736E+014   0.00000000E+000   2.79826340E+014   2.05199256E+014   0.00000000E+000   0.00000000E+000   0.00000000E+000   2.05208177E+014   0.00000000E+000   2.23869964E+014   0.00000000E+000   0.00000000E+000
   0.00000000E+000
      29   9.19551373E+014   0.00000000E+000   2.81494192E+014   2.06421850E+014   0.00000000E+000   0.00000000E+000   0.00000000E+000   2.06431005E+014   0.00000000E+000   2.25204326E+014   0.00000000E+000   0.00000000E+000
   0.00000000E+000
      30   9.25000488E+014   0.00000000E+000   2.83162490E+014   2.07644777E+014   0.00000000E+000   0.00000000E+000   0.00000000E+000   2.07654151E+014   0.00000000E+000   2.26539072E+014   0.00000000E+000   0.00000000E+000
   0.00000000E+000
      31   9.30450661E+014   0.00000000E+000   2.84831134E+014   2.08867938E+014   0.00000000E+000   0.00000000E+000   0.00000000E+000   2.08877521E+014   0.00000000E+000   2.27874069E+014   0.00000000E+000   0.00000000E+000
   0.00000000E+000
      32   9.35902060E+014   0.00000000E+000   2.86500172E+014   2.10091359E+014   0.00000000E+000   0.00000000E+000   0.00000000E+000   2.10101165E+014   0.00000000E+000   2.29209364E+014   0.00000000E+000   0.00000000E+000
   0.00000000E+000
      33   9.41354398E+014   0.00000000E+000   2.88169508E+014   2.11314991E+014   0.00000000E+000   0.00000000E+000   0.00000000E+000   2.11325001E+014   0.00000000E+000   2.30544898E+014   0.00000000E+000   0.00000000E+000
   0.00000000E+000
      34   9.46807797E+014   0.00000000E+000   2.89839173E+014   2.12538873E+014   0.00000000E+000   0.00000000E+000   0.00000000E+000   2.12549077E+014   0.00000000E+000   2.31880674E+014   0.00000000E+000   0.00000000E+000
   0.00000000E+000
      35   9.52262492E+014   0.00000000E+000   2.91509229E+014   2.13763038E+014   0.00000000E+000   0.00000000E+000   0.00000000E+000   2.13773431E+014   0.00000000E+000   2.33216795E+014   0.00000000E+000   0.00000000E+000
   0.00000000E+000
      36   9.57718854E+014   0.00000000E+000   2.93179752E+014   2.14987581E+014   0.00000000E+000   0.00000000E+000   0.00000000E+000   2.14998152E+014   0.00000000E+000   2.34553369E+014   0.00000000E+000   0.00000000E+000
   0.00000000E+000
      37   9.63177050E+014   0.00000000E+000   2.94850830E+014   2.16212528E+014   0.00000000E+000   0.00000000E+000   0.00000000E+000   2.16223255E+014   0.00000000E+000   2.35890437E+014   0.00000000E+000   0.00000000E+000
   0.00000000E+000
      38   9.68637863E+014   0.00000000E+000   2.96522644E+014   2.17438098E+014   0.00000000E+000   0.00000000E+000   0.00000000E+000   2.17448920E+014   0.00000000E+000   2.37228202E+014   0.00000000E+000   0.00000000E+000
   0.00000000E+000
      39   9.74100916E+014   0.00000000E+000   2.98195124E+014   2.18664195E+014   0.00000000E+000   0.00000000E+000   0.00000000E+000   2.18675048E+014   0.00000000E+000   2.38566549E+014   0.00000000E+000   0.00000000E+000
   0.00000000E+000
      40   9.79566038E+014   0.00000000E+000   2.99868197E+014   2.19890757E+014   0.00000000E+000   0.00000000E+000   0.00000000E+000   2.19901647E+014   0.00000000E+000   2.39905437E+014   0.00000000E+000   0.00000000E+000
   0.00000000E+000
      41   9.85033403E+014   0.00000000E+000   3.01541925E+014   2.21117837E+014   0.00000000E+000   0.00000000E+000   0.00000000E+000   2.21128735E+014   0.00000000E+000   2.41244906E+014   0.00000000E+000   0.00000000E+000
   0.00000000E+000
      42   9.90502714E+014   0.00000000E+000   3.03216257E+014   2.22345372E+014   0.00000000E+000   0.00000000E+000   0.00000000E+000   2.22356237E+014   0.00000000E+000   2.42584848E+014   0.00000000E+000   0.00000000E+000
   0.00000000E+000
      43   9.95973586E+014   0.00000000E+000   3.04891033E+014   2.23573295E+014   0.00000000E+000   0.00000000E+000   0.00000000E+000   2.23584071E+014   0.00000000E+000   2.43925188E+014   0.00000000E+000   0.00000000E+000
   0.00000000E+000
      44   1.00144556E+015   0.00000000E+000   3.06566181E+014   2.24801481E+014   0.00000000E+000   0.00000000E+000   0.00000000E+000   2.24812128E+014   0.00000000E+000   2.45265769E+014   0.00000000E+000   0.00000000E+000
   0.00000000E+000
      45   1.00691828E+015   0.00000000E+000   3.08241655E+014   2.26029825E+014   0.00000000E+000   0.00000000E+000   0.00000000E+000   2.26040346E+014   0.00000000E+000   2.46606453E+014   0.00000000E+000   0.00000000E+000
   0.00000000E+000
      46   1.01519160E+015   0.00000000E+000   3.10536848E+014   2.28047173E+014   0.00000000E+000   0.00000000E+000   0.00000000E+000   2.27961503E+014   0.00000000E+000   2.48646071E+014   0.00000000E+000   0.00000000E+000
   0.00000000E+000
      47   1.02487892E+015   0.00000000E+000   3.13454171E+014   2.30136236E+014   0.00000000E+000   0.00000000E+000   0.00000000E+000   2.30180467E+014   0.00000000E+000   2.51108048E+014   0.00000000E+000   0.00000000E+000
   0.00000000E+000
      48   1.03052427E+015   0.00000000E+000   3.15115736E+014   2.31472679E+014   0.00000000E+000   0.00000000E+000   0.00000000E+000   2.31375134E+014   0.00000000E+000   2.52560721E+014   0.00000000E+000   0.00000000E+000
   0.00000000E+000
      49   1.03521168E+015   0.00000000E+000   3.16568715E+014   2.32531360E+014   0.00000000E+000   0.00000000E+000   0.00000000E+000   2.32417230E+014   0.00000000E+000   2.53694371E+014   0.00000000E+000   0.00000000E+000
   0.00000000E+000
      50   1.03993886E+015   0.00000000E+000   3.18045857E+014   2.33585484E+014   0.00000000E+000   0.00000000E+000   0.00000000E+000   2.33474573E+014   0.00000000E+000   2.54832951E+014   0.00000000E+000   0.00000000E+000
   0.00000000E+000
      51   1.04478583E+015   0.00000000E+000   3.19553898E+014   2.34668415E+014   0.00000000E+000   0.00000000E+000   0.00000000E+000   2.34560018E+014   0.00000000E+000   2.56003504E+014   0.00000000E+000   0.00000000E+000
   0.00000000E+000
      52   1.04975224E+015   0.00000000E+000   3.21092609E+014   2.35779892E+014   0.00000000E+000   0.00000000E+000   0.00000000E+000   2.35673457E+014   0.00000000E+000   2.57206280E+014   0.00000000E+000   0.00000000E+000
   0.00000000E+000
      53   1.05483619E+015   0.00000000E+000   3.22661510E+014   2.36919626E+014   0.00000000E+000   0.00000000E+000   0.00000000E+000   2.36814425E+014   0.00000000E+000   2.58440629E+014   0.00000000E+000   0.00000000E+000
   0.00000000E+000
      54   1.06003291E+015   0.00000000E+000   3.24259308E+014   2.38086442E+014   0.00000000E+000   0.00000000E+000   0.00000000E+000   2.37981840E+014   0.00000000E+000   2.59705317E+014   0.00000000E+000   0.00000000E+000
   0.00000000E+000
      55   1.06534536E+015   0.00000000E+000   3.25886402E+014   2.39281292E+014   0.00000000E+000   0.00000000E+000   0.00000000E+000   2.39176080E+014   0.00000000E+000   2.61001585E+014   0.00000000E+000   0.00000000E+000
   0.00000000E+000
      56   1.07077311E+015   0.00000000E+000   3.27542650E+014   2.40504425E+014   0.00000000E+000   0.00000000E+000   0.00000000E+000   2.40396725E+014   0.00000000E+000   2.62329310E+014   0.00000000E+000   0.00000000E+000
   0.00000000E+000
      57   1.07630844E+015   0.00000000E+000   3.29225790E+014   2.41754479E+014   0.00000000E+000   0.00000000E+000   0.00000000E+000   2.41641347E+014   0.00000000E+000   2.63686824E+014   0.00000000E+000   0.00000000E+000
   0.00000000E+000
      58   1.08193935E+015   0.00000000E+000   3.30931926E+014   2.43028855E+014   0.00000000E+000   0.00000000E+000   0.00000000E+000   2.42907315E+014   0.00000000E+000   2.65071256E+014   0.00000000E+000   0.00000000E+000
   0.00000000E+000
      59   1.08546049E+015   0.00000000E+000   3.32168479E+014   2.43708858E+014   0.00000000E+000   0.00000000E+000   0.00000000E+000   2.43709219E+014   0.00000000E+000   2.65873938E+014   0.00000000E+000   0.00000000E+000
   0.00000000E+000
      60   1.09119539E+015   0.00000000E+000   3.33898699E+014   2.45007064E+014   0.00000000E+000   0.00000000E+000   0.00000000E+000   2.44999510E+014   0.00000000E+000   2.67290120E+014   0.00000000E+000   0.00000000E+000
   0.00000000E+000
      61   1.09725048E+015   0.00000000E+000   3.35709973E+014   2.46391003E+014   0.00000000E+000   0.00000000E+000   0.00000000E+000   2.46360687E+014   0.00000000E+000   2.68788821E+014   0.00000000E+000   0.00000000E+000
   0.00000000E+000
      62   1.10318606E+015   0.00000000E+000   3.37494364E+014   2.47736214E+014   0.00000000E+000   0.00000000E+000   0.00000000E+000   2.47699804E+014   0.00000000E+000   2.70255677E+014   0.00000000E+000   0.00000000E+000
   0.00000000E+000
      63   1.10922307E+015   0.00000000E+000   3.39304827E+014   2.49105990E+014   0.00000000E+000   0.00000000E+000   0.00000000E+000   2.49063308E+014   0.00000000E+000   2.71748942E+014   0.00000000E+000   0.00000000E+000
   0.00000000E+000
      64   1.11536458E+015   0.00000000E+000   3.41142473E+014   2.50500684E+014   0.00000000E+000   0.00000000E+000   0.00000000E+000   2.50451820E+014   0.00000000E+000   2.73269603E+014   0.00000000E+000   0.00000000E+000
   0.00000000E+000
      65   1.12160700E+015   0.00000000E+000   3.43006328E+014   2.51919465E+014   0.00000000E+000   0.00000000E+000   0.00000000E+000   2.51864486E+014   0.00000000E+000   2.74816719E+014   0.00000000E+000   0.00000000E+000
   0.00000000E+000
      66   1.12794691E+015   0.00000000E+000   3.44895688E+014   2.53361343E+014   0.00000000E+000   0.00000000E+000   0.00000000E+000   2.53300182E+014   0.00000000E+000   2.76389696E+014   0.00000000E+000   0.00000000E+000
   0.00000000E+000
      67   1.13439324E+015   0.00000000E+000   3.46812460E+014   2.54829133E+014   0.00000000E+000   0.00000000E+000   0.00000000E+000   2.54760881E+014   0.00000000E+000   2.77990770E+014   0.00000000E+000   0.00000000E+000
   0.00000000E+000
      68   1.14052317E+015   0.00000000E+000   3.48748338E+014   2.56183745E+014   0.00000000E+000   0.00000000E+000   0.00000000E+000   2.56109179E+014   0.00000000E+000   2.79481910E+014   0.00000000E+000   0.00000000E+000
   0.00000000E+000
      69   1.14520411E+015   0.00000000E+000   3.50298784E+014   2.57425038E+014   0.00000000E+000   0.00000000E+000   0.00000000E+000   2.57216155E+014   0.00000000E+000   2.80264130E+014   0.00000000E+000   0.00000000E+000
   0.00000000E+000
      70   1.15209729E+015   0.00000000E+000   3.52352446E+014   2.58994871E+014   0.00000000E+000   0.00000000E+000   0.00000000E+000   2.58771884E+014   0.00000000E+000   2.81978094E+014   0.00000000E+000   0.00000000E+000
   0.00000000E+000
      71   1.16130308E+015   0.00000000E+000   3.55443143E+014   2.61104875E+014   0.00000000E+000   0.00000000E+000   0.00000000E+000   2.60550567E+014   0.00000000E+000   2.84204496E+014   0.00000000E+000   0.00000000E+000
   0.00000000E+000
      72   1.16830889E+015   0.00000000E+000   3.57729839E+014   2.62711825E+014   0.00000000E+000   0.00000000E+000   0.00000000E+000   2.61936865E+014   0.00000000E+000   2.85930363E+014   0.00000000E+000   0.00000000E+000
   0.00000000E+000
      73   1.17429556E+015   0.00000000E+000   3.59297574E+014   2.64338166E+014   0.00000000E+000   0.00000000E+000   0.00000000E+000   2.62979862E+014   0.00000000E+000   2.87679959E+014   0.00000000E+000   0.00000000E+000
   0.00000000E+000
      74   1.18115287E+015   0.00000000E+000   3.61335472E+014   2.65938509E+014   0.00000000E+000   0.00000000E+000   0.00000000E+000   2.64483980E+014   0.00000000E+000   2.89394908E+014   0.00000000E+000   0.00000000E+000
   0.00000000E+000
      75   1.18803342E+015   0.00000000E+000   3.63392907E+014   2.67534317E+014   0.00000000E+000   0.00000000E+000   0.00000000E+000   2.66001159E+014   0.00000000E+000   2.91105032E+014   0.00000000E+000   0.00000000E+000
   0.00000000E+000
      76   1.19497602E+015   0.00000000E+000   3.65469332E+014   2.69145689E+014   0.00000000E+000   0.00000000E+000   0.00000000E+000   2.67529627E+014   0.00000000E+000   2.92831373E+014   0.00000000E+000   0.00000000E+000
   0.00000000E+000
      77   1.20220121E+015   0.00000000E+000   3.67562106E+014   2.70758778E+014   0.00000000E+000   0.00000000E+000   0.00000000E+000   2.69061476E+014   0.00000000E+000   2.94818851E+014   0.00000000E+000   0.00000000E+000
   0.00000000E+000
      78   1.20902259E+015   0.00000000E+000   3.69392360E+014   2.72133962E+014   0.00000000E+000   0.00000000E+000   0.00000000E+000   2.70912810E+014   0.00000000E+000   2.96583461E+014   0.00000000E+000   0.00000000E+000
   0.00000000E+000
      79   1.21651008E+015   0.00000000E+000   3.71556142E+014   2.73786731E+014   0.00000000E+000   0.00000000E+000   0.00000000E+000   2.72811192E+014   0.00000000E+000   2.98356015E+014   0.00000000E+000   0.00000000E+000
   0.00000000E+000
      80   1.22404888E+015   0.00000000E+000   3.73993290E+014   2.75384275E+014   0.00000000E+000   0.00000000E+000   0.00000000E+000   2.74444529E+014   0.00000000E+000   3.00226788E+014   0.00000000E+000   0.00000000E+000
   0.00000000E+000
      81   1.23136963E+015   0.00000000E+000   3.76223427E+014   2.77070310E+014   0.00000000E+000   0.00000000E+000   0.00000000E+000   2.76060429E+014   0.00000000E+000   3.02015467E+014   0.00000000E+000   0.00000000E+000
   0.00000000E+000
      82   1.23838388E+015   0.00000000E+000   3.78367145E+014   2.78426976E+014   0.00000000E+000   0.00000000E+000   0.00000000E+000   2.77668125E+014   0.00000000E+000   3.03921637E+014   0.00000000E+000   0.00000000E+000
   0.00000000E+000
      83   1.24459016E+015   0.00000000E+000   3.79771711E+014   2.80130677E+014   0.00000000E+000   0.00000000E+000   0.00000000E+000   2.79699243E+014   0.00000000E+000   3.04988529E+014   0.00000000E+000   0.00000000E+000
   0.00000000E+000
      84   1.25207294E+015   0.00000000E+000   3.81665907E+014   2.82073740E+014   0.00000000E+000   0.00000000E+000   0.00000000E+000   2.81484439E+014   0.00000000E+000   3.06848854E+014   0.00000000E+000   0.00000000E+000
   0.00000000E+000
      85   1.25871981E+015   0.00000000E+000   3.83396892E+014   2.82673351E+014   0.00000000E+000   0.00000000E+000   0.00000000E+000   2.83074283E+014   0.00000000E+000   3.09575284E+014   0.00000000E+000   0.00000000E+000
   0.00000000E+000
      86   1.26597318E+015   0.00000000E+000   3.85543668E+014   2.84349310E+014   0.00000000E+000   0.00000000E+000   0.00000000E+000   2.84750341E+014   0.00000000E+000   3.11329860E+014   0.00000000E+000   0.00000000E+000
   0.00000000E+000
      87   1.27146059E+015   0.00000000E+000   3.87703667E+014   2.85068261E+014   0.00000000E+000   0.00000000E+000   0.00000000E+000   2.85397791E+014   0.00000000E+000   3.13290875E+014   0.00000000E+000   0.00000000E+000
   0.00000000E+000
      88   1.27671110E+015   0.00000000E+000   3.89876339E+014   2.86762911E+014   0.00000000E+000   0.00000000E+000   0.00000000E+000   2.85972623E+014   0.00000000E+000   3.14099229E+014   0.00000000E+000   0.00000000E+000
   0.00000000E+000
      89   1.28374156E+015   0.00000000E+000   3.92036383E+014   2.88365088E+014   0.00000000E+000   0.00000000E+000   0.00000000E+000   2.87507167E+014   0.00000000E+000   3.15832926E+014   0.00000000E+000   0.00000000E+000
   0.00000000E+000
      90   1.29062649E+015   0.00000000E+000   3.94090700E+014   2.89903972E+014   0.00000000E+000   0.00000000E+000   0.00000000E+000   2.89084324E+014   0.00000000E+000   3.17547495E+014   0.00000000E+000   0.00000000E+000
   0.00000000E+000
      91   1.29553632E+015   0.00000000E+000   3.96301209E+014   2.91442610E+014   0.00000000E+000   0.00000000E+000   0.00000000E+000   2.90742582E+014   0.00000000E+000   3.17049919E+014   0.00000000E+000   0.00000000E+000
   0.00000000E+000
      92   1.30149051E+015   0.00000000E+000   3.98325302E+014   2.93078317E+014   0.00000000E+000   0.00000000E+000   0.00000000E+000   2.91373139E+014   0.00000000E+000   3.18713757E+014   0.00000000E+000   0.00000000E+000
   0.00000000E+000
      93   1.30489542E+015   0.00000000E+000   3.98302597E+014   2.94779850E+014   0.00000000E+000   0.00000000E+000   0.00000000E+000   2.92503258E+014   0.00000000E+000   3.19309718E+014   0.00000000E+000   0.00000000E+000
   0.00000000E+000
      94   1.30637795E+015   0.00000000E+000   3.99149451E+014   2.92296663E+014   0.00000000E+000   0.00000000E+000   0.00000000E+000   2.94001426E+014   0.00000000E+000   3.20930410E+014   0.00000000E+000   0.00000000E+000
   0.00000000E+000
      95   1.30538978E+015   0.00000000E+000   3.97889225E+014   2.92790010E+014   0.00000000E+000   0.00000000E+000   0.00000000E+000   2.93284245E+014   0.00000000E+000   3.21426297E+014   0.00000000E+000   0.00000000E+000
   0.00000000E+000
      96   1.30996072E+015   0.00000000E+000   3.99801879E+014   2.93817282E+014   0.00000000E+000   0.00000000E+000   0.00000000E+000   2.93282323E+014   0.00000000E+000   3.23059239E+014   0.00000000E+000   0.00000000E+000
   0.00000000E+000
      97   1.31019191E+015   0.00000000E+000   3.99243123E+014   2.94086258E+014   0.00000000E+000   0.00000000E+000   0.00000000E+000   2.94544310E+014   0.00000000E+000   3.22318223E+014   0.00000000E+000   0.00000000E+000
   0.00000000E+000
      98   1.31720663E+015   0.00000000E+000   4.01532163E+014   2.95774817E+014   0.00000000E+000   0.00000000E+000   0.00000000E+000   2.96441589E+014   0.00000000E+000   3.23458064E+014   0.00000000E+000   0.00000000E+000
   0.00000000E+000
      99   1.32832560E+015   0.00000000E+000   4.05175687E+014   2.98487904E+014   0.00000000E+000   0.00000000E+000   0.00000000E+000   2.98456197E+014   2.47625232E+010   3.26181054E+014   0.00000000E+000   0.00000000E+000
   0.00000000E+000
     100   1.33071753E+015   1.70526404E+011   4.06479587E+014   2.97326622E+014   0.00000000E+000   0.00000000E+000   0.00000000E+000   2.99594029E+014   8.20648727E+010   3.27064699E+014   0.00000000E+000   0.00000000E+000
   0.00000000E+000
     101   1.33100277E+015   2.31469617E+011   4.06777968E+014   2.98154310E+014   0.00000000E+000   0.00000000E+000   0.00000000E+000   2.99505196E+014   1.31235268E+011   3.26202596E+014   0.00000000E+000   0.00000000E+000
   0.00000000E+000
     102   1.33467887E+015   2.89967711E+011   4.07181269E+014   2.99172748E+014   0.00000000E+000   0.00000000E+000   0.00000000E+000   3.00565802E+014   1.63970086E+011   3.27305111E+014   0.00000000E+000   0.00000000E+000
   0.00000000E+000
     103   1.33786774E+015   3.45818308E+011   4.08607958E+014   3.00158345E+014   0.00000000E+000   0.00000000E+000   0.00000000E+000   3.00039354E+014   9.44260828E+011   3.27772008E+014   0.00000000E+000   0.00000000E+000
   0.00000000E+000
     104   1.31184098E+015   4.94102912E+012   3.98282434E+014   2.90939781E+014   0.00000000E+000   0.00000000E+000   0.00000000E+000   2.95157332E+014   2.49313008E+012   3.20027273E+014   0.00000000E+000   0.00000000E+000
   0.00000000E+000
     105   1.29809671E+015   5.82159382E+012   3.91404631E+014   2.90993966E+014   0.00000000E+000   0.00000000E+000   0.00000000E+000   2.90848236E+014   3.32280704E+012   3.15705476E+014   0.00000000E+000   0.00000000E+000
   0.00000000E+000
     106   1.29560638E+015   1.02918676E+013   3.88331263E+014   2.87627594E+014   0.00000000E+000   0.00000000E+000   0.00000000E+000   2.89319706E+014   4.84944861E+012   3.15186496E+014   0.00000000E+000   0.00000000E+000
   0.00000000E+000
     107   1.29738104E+015   1.12061844E+013   3.88635535E+014   2.87729101E+014   0.00000000E+000   0.00000000E+000   0.00000000E+000   2.88753011E+014   6.39217789E+012   3.14665027E+014   0.00000000E+000   0.00000000E+000
   0.00000000E+000
     108   1.30072159E+015   1.13991875E+013   3.89635566E+014   2.88127085E+014   0.00000000E+000   0.00000000E+000   0.00000000E+000   2.89550844E+014   6.50116654E+012   3.15507738E+014   0.00000000E+000   0.00000000E+000
   0.00000000E+000
     109   1.30399790E+015   1.15896187E+013   3.90578988E+014   2.88820891E+014   0.00000000E+000   0.00000000E+000   0.00000000E+000   2.90132578E+014   6.60850102E+012   3.16267322E+014   0.00000000E+000   0.00000000E+000
   0.00000000E+000
     110   1.30709030E+015   1.17770842E+013   3.91613978E+014   2.89561071E+014   0.00000000E+000   0.00000000E+000   0.00000000E+000   2.90334164E+014   6.71399736E+012   3.17090002E+014   0.00000000E+000   0.00000000E+000
   0.00000000E+000
     111   1.30990734E+015   1.19611405E+013   3.92247956E+014   2.90284333E+014   0.00000000E+000   0.00000000E+000   0.00000000E+000   2.91028582E+014   6.81738233E+012   3.17567951E+014   0.00000000E+000   0.00000000E+000
   0.00000000E+000
     112   1.31041539E+015   1.28320545E+013   3.91872930E+014   2.90478617E+014   0.00000000E+000   0.00000000E+000   0.00000000E+000   2.90568178E+014   8.29071457E+012   3.16372890E+014   0.00000000E+000   0.00000000E+000
   0.00000000E+000
     113   1.30566892E+015   1.43773758E+013   3.88253076E+014   2.88878122E+014   0.00000000E+000   0.00000000E+000   0.00000000E+000   2.89638632E+014   9.07735297E+012   3.15444363E+014   0.00000000E+000   0.00000000E+000
   0.00000000E+000
     114   1.29558247E+015   1.59361769E+013   3.84631111E+014   2.85189124E+014   0.00000000E+000   0.00000000E+000   0.00000000E+000   2.88748462E+014   9.89123161E+012   3.11186369E+014   0.00000000E+000   0.00000000E+000
   0.00000000E+000
     115   1.28937082E+015   1.74924521E+013   3.81041684E+014   2.84810854E+014   0.00000000E+000   0.00000000E+000   0.00000000E+000   2.86225800E+014   1.00029148E+013   3.09797118E+014   0.00000000E+000   0.00000000E+000
   0.00000000E+000
     116   1.28800907E+015   1.96644759E+013   3.78788570E+014   2.83767171E+014   0.00000000E+000   0.00000000E+000   0.00000000E+000   2.85337216E+014   1.07686353E+013   3.09683007E+014   0.00000000E+000   0.00000000E+000
   0.00000000E+000
     117   1.29050765E+015   1.98641725E+013   3.79697484E+014   2.84556790E+014   0.00000000E+000   0.00000000E+000   0.00000000E+000   2.86094239E+014   1.08799592E+013   3.09415007E+014   0.00000000E+000   0.00000000E+000
   0.00000000E+000
     118   1.29414440E+015   2.00613520E+013   3.80621727E+014   2.85360711E+014   0.00000000E+000   0.00000000E+000   0.00000000E+000   2.86897026E+014   1.09888924E+013   3.10214689E+014   0.00000000E+000   0.00000000E+000
   0.00000000E+000
     119   1.29722806E+015   2.09134346E+013   3.80985547E+014   2.85547717E+014   0.00000000E+000   0.00000000E+000   0.00000000E+000   2.87670614E+014   1.10963927E+013   3.11014356E+014   0.00000000E+000   0.00000000E+000
   0.00000000E+000
     120   1.30018585E+015   2.17637140E+013   3.81340323E+014   2.85511847E+014   0.00000000E+000   0.00000000E+000   0.00000000E+000   2.88504165E+014   1.12013468E+013   3.11864452E+014   0.00000000E+000   0.00000000E+000
   0.00000000E+000
     121   1.30216865E+015   2.19647575E+013   3.82297495E+014   2.85454916E+014   0.00000000E+000   0.00000000E+000   0.00000000E+000   2.88152851E+014   1.26090552E+013   3.11689572E+014   0.00000000E+000   0.00000000E+000
   0.00000000E+000
     122   1.30519741E+015   2.21639326E+013   3.83266971E+014   2.86195011E+014   0.00000000E+000   0.00000000E+000   0.00000000E+000   2.88330049E+014   1.27217041E+013   3.12519741E+014   0.00000000E+000   0.00000000E+000
   0.00000000E+000
     123   1.30786249E+015   2.30076957E+013   3.83623462E+014   2.86427446E+014   0.00000000E+000   0.00000000E+000   0.00000000E+000   2.88535094E+014   1.34729970E+013   3.12795798E+014   0.00000000E+000   0.00000000E+000
   0.00000000E+000
     124   1.31165754E+015   2.32059601E+013   3.84553134E+014   2.87217767E+014   0.00000000E+000   0.00000000E+000   0.00000000E+000   2.89358159E+014   1.35874578E+013   3.13735064E+014   0.00000000E+000   0.00000000E+000
   0.00000000E+000
     125   1.31500427E+015   2.34019946E+013   3.85509457E+014   2.87916173E+014   0.00000000E+000   0.00000000E+000   0.00000000E+000   2.90133210E+014   1.37001515E+013   3.14343284E+014   0.00000000E+000   0.00000000E+000
   0.00000000E+000
     126   1.31840892E+015   2.35935069E+013   3.86525523E+014   2.88523892E+014   0.00000000E+000   0.00000000E+000   0.00000000E+000   2.90984984E+014   1.38099892E+013   3.14971022E+014   0.00000000E+000   0.00000000E+000
   0.00000000E+000
     127   1.32134348E+015   2.37807199E+013   3.87562251E+014   2.88610540E+014   0.00000000E+000   0.00000000E+000   0.00000000E+000   2.91606627E+014   1.39191206E+013   3.15864221E+014   0.00000000E+000   0.00000000E+000
   0.00000000E+000
     128   1.32371591E+015   2.45502859E+013   3.87551510E+014   2.88879565E+014   0.00000000E+000   0.00000000E+000   0.00000000E+000   2.92194854E+014   1.40272668E+013   3.16512428E+014   0.00000000E+000   0.00000000E+000
   0.00000000E+000
     129   1.32632136E+015   2.47392038E+013   3.88190972E+014   2.89626893E+014   0.00000000E+000   0.00000000E+000   0.00000000E+000   2.92452205E+014   1.41342760E+013   3.17177807E+014   0.00000000E+000   0.00000000E+000
   0.00000000E+000
     130   1.33113036E+015   2.50906002E+013   3.89677896E+014   2.90426755E+014   0.00000000E+000   0.00000000E+000   0.00000000E+000   2.93286704E+014   1.42400817E+013   3.18408325E+014   0.00000000E+000   0.00000000E+000
   0.00000000E+000
     131   1.33504741E+015   2.52733782E+013   3.90436000E+014   2.91244899E+014   0.00000000E+000   0.00000000E+000   0.00000000E+000   2.94450051E+014   1.43444675E+013   3.19298617E+014   0.00000000E+000   0.00000000E+000
   0.00000000E+000
     132   1.33944875E+015   2.56261048E+013   3.91651365E+014   2.92529680E+014   0.00000000E+000   0.00000000E+000   0.00000000E+000   2.94781346E+014   1.46257023E+013   3.20234551E+014   0.00000000E+000   0.00000000E+000
   0.00000000E+000
     133   1.34513453E+015   2.59987940E+013   3.93362327E+014   2.93722115E+014   0.00000000E+000   0.00000000E+000   0.00000000E+000   2.95866062E+014   1.48324309E+013   3.21352801E+014   0.00000000E+000   0.00000000E+000
   0.00000000E+000
     134   1.34838567E+015   2.66195688E+013   3.94291063E+014   2.93620932E+014   0.00000000E+000   0.00000000E+000   0.00000000E+000   2.96802901E+014   1.49354773E+013   3.22115726E+014   0.00000000E+000   0.00000000E+000
   0.00000000E+000
     135   1.35228785E+015   2.72167663E+013   3.95188099E+014   2.94081548E+014   0.00000000E+000   0.00000000E+000   0.00000000E+000   2.97639147E+014   1.52197747E+013   3.22942513E+014   0.00000000E+000   0.00000000E+000
   0.00000000E+000
     136   1.35603815E+015   2.75416221E+013   3.96409489E+014   2.94800299E+014   0.00000000E+000   0.00000000E+000   0.00000000E+000   2.97943917E+014   1.58972365E+013   3.23445584E+014   0.00000000E+000   0.00000000E+000
   0.00000000E+000
     137   1.35824404E+015   2.94719468E+013   3.96124438E+014   2.94200665E+014   0.00000000E+000   0.00000000E+000   0.00000000E+000   2.97838908E+014   1.71675428E+013   3.23440544E+014   0.00000000E+000   0.00000000E+000
   0.00000000E+000
     138   1.35085297E+015   2.96772369E+013   3.92195222E+014   2.93391131E+014   0.00000000E+000   0.00000000E+000   0.00000000E+000   2.97375868E+014   1.72811189E+013   3.20932395E+014   0.00000000E+000   0.00000000E+000
   0.00000000E+000
     139   1.35466918E+015   2.98806216E+013   3.92969163E+014   2.94306384E+014   0.00000000E+000   0.00000000E+000   0.00000000E+000   2.98232640E+014   1.73944373E+013   3.21885937E+014   0.00000000E+000   0.00000000E+000
   0.00000000E+000
     140   1.35851916E+015   3.00823033E+013   3.94142551E+014   2.95237106E+014   0.00000000E+000   0.00000000E+000   0.00000000E+000   2.98697355E+014   1.75074443E+013   3.22852401E+014   0.00000000E+000   0.00000000E+000
   0.00000000E+000
     141   1.35993946E+015   3.13795915E+013   3.92769677E+014   2.95208784E+014   0.00000000E+000   0.00000000E+000   0.00000000E+000   2.99054539E+014   1.81672360E+013   3.23359636E+014   0.00000000E+000   0.00000000E+000
   0.00000000E+000
     142   1.36381550E+015   3.15873172E+013   3.93517458E+014   2.96153937E+014   0.00000000E+000   0.00000000E+000   0.00000000E+000   2.99917736E+014   1.82836164E+013   3.24355431E+014   0.00000000E+000   0.00000000E+000
   0.00000000E+000
     143   1.36527801E+015   3.17937778E+013   3.93810865E+014   2.96178261E+014   0.00000000E+000   0.00000000E+000   0.00000000E+000   3.00778204E+014   1.83994904E+013   3.24317412E+014   0.00000000E+000   0.00000000E+000
   0.00000000E+000
     144   1.36772439E+015   3.19981027E+013   3.94975012E+014   2.97088444E+014   0.00000000E+000   0.00000000E+000   0.00000000E+000   3.01685562E+014   1.85143290E+013   3.23462937E+014   0.00000000E+000   0.00000000E+000
   0.00000000E+000
     145   1.37200002E+015   3.21993363E+013   3.96161366E+014   2.98020976E+014   0.00000000E+000   0.00000000E+000   0.00000000E+000   3.02567041E+014   1.86291515E+013   3.24422153E+014   0.00000000E+000   0.00000000E+000
   0.00000000E+000
     146   1.37646006E+015   3.23990804E+013   3.97431037E+014   2.99056537E+014   0.00000000E+000   0.00000000E+000   0.00000000E+000   3.03467900E+014   1.87428978E+013   3.25362606E+014   0.00000000E+000   0.00000000E+000
   0.00000000E+000
     147   1.37985692E+015   3.25945113E+013   3.97613303E+014   3.00030351E+014   0.00000000E+000   0.00000000E+000   0.00000000E+000   3.04410581E+014   1.88557812E+013   3.26352394E+014   0.00000000E+000   0.00000000E+000
   0.00000000E+000
     148   1.38133346E+015   3.27878367E+013   3.99116879E+014   2.98895900E+014   0.00000000E+000   0.00000000E+000   0.00000000E+000   3.04218885E+014   1.89676925E+013   3.27346266E+014   0.00000000E+000   0.00000000E+000
   0.00000000E+000
     149   1.38440560E+015   3.29752681E+013   3.99259245E+014   2.99665028E+014   0.00000000E+000   0.00000000E+000   0.00000000E+000   3.05070720E+014   1.90784699E+013   3.28356869E+014   0.00000000E+000   0.00000000E+000
   0.00000000E+000
     150   1.38615778E+015   3.31621267E+013   3.99365619E+014   3.00366743E+014   0.00000000E+000   0.00000000E+000   0.00000000E+000   3.05878229E+014   1.91881023E+013   3.28196958E+014   0.00000000E+000   0.00000000E+000
   0.00000000E+000
     151   1.38861111E+015   3.45327587E+013   3.99872625E+014   2.99265440E+014   0.00000000E+000   0.00000000E+000   0.00000000E+000   3.06930661E+014   1.92948232E+013   3.28714806E+014   0.00000000E+000   0.00000000E+000
   0.00000000E+000
     152   1.37967451E+015   3.47262231E+013   3.97735558E+014   2.96484953E+014   0.00000000E+000   0.00000000E+000   0.00000000E+000   3.04560083E+014   1.94017494E+013   3.26765939E+014   0.00000000E+000   0.00000000E+000
   0.00000000E+000
     153   1.35838583E+015   3.49207663E+013   3.92479176E+014   2.91468061E+014   0.00000000E+000   0.00000000E+000   0.00000000E+000   2.96104965E+014   2.01338820E+013   3.23278979E+014   0.00000000E+000   0.00000000E+000
   0.00000000E+000
     154   1.35320100E+015   3.51099796E+013   3.91389488E+014   2.89562028E+014   0.00000000E+000   0.00000000E+000   0.00000000E+000   2.94745413E+014   2.02423765E+013   3.22151710E+014   0.00000000E+000   0.00000000E+000
   0.00000000E+000
     155   1.34005561E+015   3.52976981E+013   3.88016701E+014   2.86286590E+014   0.00000000E+000   0.00000000E+000   0.00000000E+000   2.90184717E+014   2.03489860E+013   3.19920915E+014   0.00000000E+000   0.00000000E+000
   0.00000000E+000
     156   1.33673039E+015   3.54809118E+013   3.87732369E+014   2.85878539E+014   0.00000000E+000   0.00000000E+000   0.00000000E+000   2.88920931E+014   2.10736399E+013   3.17643999E+014   0.00000000E+000   0.00000000E+000
   0.00000000E+000
     157   1.33636197E+015   3.56566762E+013   3.88551238E+014   2.86289639E+014   0.00000000E+000   0.00000000E+000   0.00000000E+000   2.87909844E+014   2.11810169E+013   3.16773552E+014   0.00000000E+000   0.00000000E+000
   0.00000000E+000
     158   1.33606920E+015   3.58288673E+013   3.87760339E+014   2.86514744E+014   0.00000000E+000   0.00000000E+000   0.00000000E+000   2.87297558E+014   2.12870644E+013   3.17380631E+014   0.00000000E+000   0.00000000E+000
   0.00000000E+000
     159   1.33776894E+015   3.66220770E+013   3.87923268E+014   2.86348026E+014   0.00000000E+000   0.00000000E+000   0.00000000E+000   2.87643710E+014   2.13916877E+013   3.17840175E+014   0.00000000E+000   0.00000000E+000
   0.00000000E+000
     160   1.33810992E+015   3.67958863E+013   3.86777950E+014   2.86784411E+014   0.00000000E+000   0.00000000E+000   0.00000000E+000   2.87787872E+014   2.14933000E+013   3.18470502E+014   0.00000000E+000   0.00000000E+000
   0.00000000E+000
     161   1.33790943E+015   3.74920655E+013   3.86664412E+014   2.86032396E+014   0.00000000E+000   0.00000000E+000   0.00000000E+000   2.87442802E+014   2.15935735E+013   3.18684176E+014   0.00000000E+000   0.00000000E+000
   0.00000000E+000
     162   1.33450080E+015   3.76599403E+013   3.86338050E+014   2.85365393E+014   0.00000000E+000   0.00000000E+000   0.00000000E+000   2.86300948E+014   2.22092564E+013   3.16627212E+014   0.00000000E+000   0.00000000E+000
   0.00000000E+000
     163   1.33550644E+015   3.84397303E+013   3.86349818E+014   2.84918103E+014   0.00000000E+000   0.00000000E+000   0.00000000E+000   2.86315536E+014   2.23134139E+013   3.17169841E+014   0.00000000E+000   0.00000000E+000
   0.00000000E+000
     164   1.33750079E+015   3.91927082E+013   3.86734752E+014   2.84812757E+014   0.00000000E+000   0.00000000E+000   0.00000000E+000   2.86635778E+014   2.24155564E+013   3.17709243E+014   0.00000000E+000   0.00000000E+000
   0.00000000E+000
     165   1.33242052E+015   3.93669683E+013   3.84585478E+014   2.84481050E+014   0.00000000E+000   0.00000000E+000   0.00000000E+000   2.83676999E+014   2.25140463E+013   3.17795976E+014   0.00000000E+000   0.00000000E+000
   0.00000000E+000
     166   1.32617454E+015   4.01563221E+013   3.82062917E+014   2.82899102E+014   0.00000000E+000   0.00000000E+000   0.00000000E+000   2.80908850E+014   2.38628437E+013   3.16284508E+014   0.00000000E+000   0.00000000E+000
   0.00000000E+000
     167   1.31905919E+015   4.15220617E+013   3.77253546E+014   2.81000772E+014   0.00000000E+000   0.00000000E+000   0.00000000E+000   2.80283063E+014   2.46064889E+013   3.14393259E+014   0.00000000E+000   0.00000000E+000
   0.00000000E+000
     168   1.31543787E+015   4.17019767E+013   3.76272373E+014   2.80989913E+014   0.00000000E+000   0.00000000E+000   0.00000000E+000   2.79294183E+014   2.52394817E+013   3.11939939E+014   0.00000000E+000   0.00000000E+000
   0.00000000E+000
     169   1.31378998E+015   4.24390965E+013   3.74564951E+014   2.80639365E+014   0.00000000E+000   0.00000000E+000   0.00000000E+000   2.78729329E+014   2.53600738E+013   3.12057166E+014   0.00000000E+000   0.00000000E+000
   0.00000000E+000
     170   1.30987081E+015   4.26181538E+013   3.74162583E+014   2.79424277E+014   0.00000000E+000   0.00000000E+000   0.00000000E+000   2.77426009E+014   2.54799504E+013   3.10759835E+014   0.00000000E+000   0.00000000E+000
   0.00000000E+000
     171   1.30879480E+015   4.39796767E+013   3.73188013E+014   2.77705325E+014   0.00000000E+000   0.00000000E+000   0.00000000E+000   2.77387291E+014   2.55977528E+013   3.10936737E+014   0.00000000E+000   0.00000000E+000
   0.00000000E+000
     172   1.31049204E+015   4.41619928E+013   3.73708477E+014   2.78098794E+014   0.00000000E+000   0.00000000E+000   0.00000000E+000   2.77495769E+014   2.57162517E+013   3.11310760E+014   0.00000000E+000   0.00000000E+000
   0.00000000E+000
     173   1.31251131E+015   4.43436793E+013   3.74243242E+014   2.78508484E+014   0.00000000E+000   0.00000000E+000   0.00000000E+000   2.77772784E+014   2.58340746E+013   3.11809044E+014   0.00000000E+000   0.00000000E+000
   0.00000000E+000
     174   1.31246970E+015   4.46654030E+013   3.74119840E+014   2.78370273E+014   0.00000000E+000   0.00000000E+000   0.00000000E+000   2.77080156E+014   2.59512838E+013   3.12282746E+014   0.00000000E+000   0.00000000E+000
   0.00000000E+000
     175   1.30997716E+015   4.48460788E+013   3.73041618E+014   2.77528573E+014   0.00000000E+000   0.00000000E+000   0.00000000E+000   2.75984098E+014   2.60682776E+013   3.12508517E+014   0.00000000E+000   0.00000000E+000
   0.00000000E+000
     176   1.30879224E+015   4.56875071E+013   3.71875101E+014   2.76967591E+014   0.00000000E+000   0.00000000E+000   0.00000000E+000   2.75647485E+014   2.61847371E+013   3.12429818E+014   0.00000000E+000   0.00000000E+000
   0.00000000E+000
     177   1.30575818E+015   4.73757542E+013   3.71002312E+014   2.73510198E+014   0.00000000E+000   0.00000000E+000   0.00000000E+000   2.75001344E+014   2.64577271E+013   3.12410841E+014   0.00000000E+000   0.00000000E+000
   0.00000000E+000
     178   1.30720660E+015   4.78532918E+013   3.71003247E+014   2.73575237E+014   0.00000000E+000   0.00000000E+000   0.00000000E+000   2.75255662E+014   2.65733523E+013   3.12945805E+014   0.00000000E+000   0.00000000E+000
   0.00000000E+000
     179   1.30671102E+015   4.80715639E+013   3.70992041E+014   2.73899030E+014   0.00000000E+000   0.00000000E+000   0.00000000E+000   2.74123885E+014   2.66879475E+013   3.12936557E+014   0.00000000E+000   0.00000000E+000
   0.00000000E+000
     180   1.30849924E+015   4.82893714E+013   3.71400889E+014   2.74148301E+014   0.00000000E+000   0.00000000E+000   0.00000000E+000   2.74394313E+014   2.67999590E+013   3.13466409E+014   0.00000000E+000   0.00000000E+000
   0.00000000E+000
     181   1.30969655E+015   4.85050783E+013   3.71856206E+014   2.74469652E+014   0.00000000E+000   0.00000000E+000   0.00000000E+000   2.73947094E+014   2.75053453E+013   3.13413173E+014   0.00000000E+000   0.00000000E+000
   0.00000000E+000
     182   1.31139914E+015   4.87213647E+013   3.72326136E+014   2.74822465E+014   0.00000000E+000   0.00000000E+000   0.00000000E+000   2.74006948E+014   2.76247440E+013   3.13897479E+014   0.00000000E+000   0.00000000E+000
   0.00000000E+000
     183   1.31330609E+015   4.89351117E+013   3.72803115E+014   2.75187061E+014   0.00000000E+000   0.00000000E+000   0.00000000E+000   2.74189720E+014   2.77434125E+013   3.14447667E+014   0.00000000E+000   0.00000000E+000
   0.00000000E+000
     184   1.31523676E+015   4.91472027E+013   3.73299969E+014   2.75563077E+014   0.00000000E+000   0.00000000E+000   0.00000000E+000   2.74355506E+014   2.78608082E+013   3.15010194E+014   0.00000000E+000   0.00000000E+000
   0.00000000E+000
     185   1.31712895E+015   4.94779452E+013   3.73567616E+014   2.75961214E+014   0.00000000E+000   0.00000000E+000   0.00000000E+000   2.74663493E+014   2.79760243E+013   3.15482663E+014   0.00000000E+000   0.00000000E+000
   0.00000000E+000
     186   1.31857868E+015   4.96897743E+013   3.73693156E+014   2.76300209E+014   0.00000000E+000   0.00000000E+000   0.00000000E+000   2.74985244E+014   2.80896212E+013   3.15820680E+014   0.00000000E+000   0.00000000E+000
   0.00000000E+000
     187   1.31914484E+015   4.99012722E+013   3.73477432E+014   2.76700902E+014   0.00000000E+000   0.00000000E+000   0.00000000E+000   2.74866908E+014   2.82017910E+013   3.15996540E+014   0.00000000E+000   0.00000000E+000
   0.00000000E+000
     188   1.32031678E+015   5.01106718E+013   3.74017026E+014   2.76394353E+014   0.00000000E+000   0.00000000E+000   0.00000000E+000   2.74888661E+014   2.83130614E+013   3.16593004E+014   0.00000000E+000   0.00000000E+000
   0.00000000E+000
     189   1.32056526E+015   5.04675900E+013   3.73586109E+014   2.76824670E+014   0.00000000E+000   0.00000000E+000   0.00000000E+000   2.74366070E+014   2.88217754E+013   3.16499044E+014   0.00000000E+000   0.00000000E+000
   0.00000000E+000
     190   1.32140109E+015   5.08129410E+013   3.74135175E+014   2.76399834E+014   0.00000000E+000   0.00000000E+000   0.00000000E+000   2.74075218E+014   2.89364717E+013   3.17041455E+014   0.00000000E+000   0.00000000E+000
   0.00000000E+000
     191   1.32350284E+015   5.11483015E+013   3.74512401E+014   2.76830219E+014   0.00000000E+000   0.00000000E+000   0.00000000E+000   2.74058082E+014   2.93336827E+013   3.17620155E+014   0.00000000E+000   0.00000000E+000
   0.00000000E+000
     192   1.32576476E+015   5.15221206E+013   3.74901211E+014   2.77238409E+014   0.00000000E+000   0.00000000E+000   0.00000000E+000   2.74448992E+014   2.94500419E+013   3.18203986E+014   0.00000000E+000   0.00000000E+000
   0.00000000E+000
     193   1.32540215E+015   5.18936337E+013   3.75000698E+014   2.76662753E+014   0.00000000E+000   0.00000000E+000   0.00000000E+000   2.73986525E+014   2.95653653E+013   3.18293175E+014   0.00000000E+000   0.00000000E+000
   0.00000000E+000
     194   1.32250944E+015   5.23950295E+013   3.74974599E+014   2.74776124E+014   0.00000000E+000   0.00000000E+000   0.00000000E+000   2.72303623E+014   2.96794151E+013   3.18380654E+014   0.00000000E+000   0.00000000E+000
   0.00000000E+000
     195   1.32372228E+015   5.27757851E+013   3.75039803E+014   2.75024650E+014   0.00000000E+000   0.00000000E+000   0.00000000E+000   2.72390610E+014   2.97883792E+013   3.18703056E+014   0.00000000E+000   0.00000000E+000
   0.00000000E+000
     196   1.32496838E+015   5.29823250E+013   3.75549629E+014   2.74913488E+014   0.00000000E+000   0.00000000E+000   0.00000000E+000   2.72378849E+014   3.00157546E+013   3.19128331E+014   0.00000000E+000   0.00000000E+000
   0.00000000E+000
     197   1.32617190E+015   5.31851488E+013   3.75773223E+014   2.75153014E+014   0.00000000E+000   0.00000000E+000   0.00000000E+000   2.72219388E+014   3.01286451E+013   3.19712479E+014   0.00000000E+000   0.00000000E+000
   0.00000000E+000
     198   1.32726243E+015   5.34982120E+013   3.76013771E+014   2.75404585E+014   0.00000000E+000   0.00000000E+000   0.00000000E+000   2.71565004E+014   3.07581972E+013   3.20022659E+014   0.00000000E+000   0.00000000E+000
   0.00000000E+000
     199   1.32809750E+015   5.38330963E+013   3.75633535E+014   2.75773202E+014   0.00000000E+000   0.00000000E+000   0.00000000E+000   2.71951640E+014   3.08704940E+013   3.20035536E+014   0.00000000E+000   0.00000000E+000
   0.00000000E+000
     200   1.32969006E+015   5.41354478E+013   3.75631679E+014   2.76283853E+014   0.00000000E+000   0.00000000E+000   0.00000000E+000   2.72029402E+014   3.11218095E+013   3.20487866E+014   0.00000000E+000   0.00000000E+000
   0.00000000E+000
     201   1.33135897E+015   5.43310578E+013   3.75899870E+014   2.76750581E+014   0.00000000E+000   0.00000000E+000   0.00000000E+000   2.72429272E+014   3.12278558E+013   3.20720333E+014   0.00000000E+000   0.00000000E+000
   0.00000000E+000
     202   1.33339147E+015   5.46341144E+013   3.75970005E+014   2.77233660E+014   0.00000000E+000   0.00000000E+000   0.00000000E+000   2.72845705E+014   3.13342311E+013   3.21373749E+014   0.00000000E+000   0.00000000E+000
   0.00000000E+000
     203   1.33529988E+015   5.49834289E+013   3.76322358E+014   2.77744336E+014   0.00000000E+000   0.00000000E+000   0.00000000E+000   2.72893445E+014   3.18460702E+013   3.21510239E+014   0.00000000E+000   0.00000000E+000
   0.00000000E+000
     204   1.33659762E+015   5.51759204E+013   3.76463646E+014   2.78090712E+014   0.00000000E+000   0.00000000E+000   0.00000000E+000   2.73342398E+014   3.21041547E+013   3.21420785E+014   0.00000000E+000   0.00000000E+000
   0.00000000E+000
     205   1.33835759E+015   5.53663889E+013   3.76713587E+014   2.78583700E+014   0.00000000E+000   0.00000000E+000   0.00000000E+000   2.73415967E+014   3.22177431E+013   3.22060209E+014   0.00000000E+000   0.00000000E+000
   0.00000000E+000
     206   1.33862627E+015   5.64305482E+013   3.75803613E+014   2.78224952E+014   0.00000000E+000   0.00000000E+000   0.00000000E+000   2.73526845E+014   3.23264629E+013   3.22313853E+014   0.00000000E+000   0.00000000E+000
   0.00000000E+000
     207   1.34094467E+015   5.67968475E+013   3.76220431E+014   2.78629651E+014   0.00000000E+000   0.00000000E+000   0.00000000E+000   2.73883339E+014   3.24331481E+013   3.22981256E+014   0.00000000E+000   0.00000000E+000
   0.00000000E+000
     208   1.34079265E+015   5.70065352E+013   3.76190113E+014   2.78277587E+014   0.00000000E+000   0.00000000E+000   0.00000000E+000   2.73119394E+014   3.25389575E+013   3.23660068E+014   0.00000000E+000   0.00000000E+000
   0.00000000E+000
     209   1.34222482E+015   5.72163936E+013   3.76424760E+014   2.78727421E+014   0.00000000E+000   0.00000000E+000   0.00000000E+000   2.73262082E+014   3.26430561E+013   3.23951107E+014   0.00000000E+000   0.00000000E+000
   0.00000000E+000
     210   1.34339333E+015   5.74208048E+013   3.76728862E+014   2.79221682E+014   0.00000000E+000   0.00000000E+000   0.00000000E+000   2.73288685E+014   3.31670707E+013   3.23566221E+014   0.00000000E+000   0.00000000E+000
   0.00000000E+000
     211   1.34576233E+015   5.76226774E+013   3.77383898E+014   2.79515803E+014   0.00000000E+000   0.00000000E+000   0.00000000E+000   2.73735330E+014   3.32801796E+013   3.24224440E+014   0.00000000E+000   0.00000000E+000
   0.00000000E+000
     212   1.34833902E+015   5.78230974E+013   3.78041680E+014   2.80041644E+014   0.00000000E+000   0.00000000E+000   0.00000000E+000   2.74146663E+014   3.33902634E+013   3.24895671E+014   0.00000000E+000   0.00000000E+000
   0.00000000E+000
     213   1.34920101E+015   5.80181614E+013   3.77813777E+014   2.80384385E+014   0.00000000E+000   0.00000000E+000   0.00000000E+000   2.73877635E+014   3.41303312E+013   3.24976725E+014   0.00000000E+000   0.00000000E+000
   0.00000000E+000
     214   1.35172886E+015   5.83632544E+013   3.78625985E+014   2.80533338E+014   0.00000000E+000   0.00000000E+000   0.00000000E+000   2.74322653E+014   3.42431479E+013   3.25640486E+014   0.00000000E+000   0.00000000E+000
   0.00000000E+000
     215   1.35355092E+015   5.88501208E+013   3.78922877E+014   2.80800484E+014   0.00000000E+000   0.00000000E+000   0.00000000E+000   2.74516337E+014   3.43561273E+013   3.26104973E+014   0.00000000E+000   0.00000000E+000
   0.00000000E+000
     216   1.35421001E+015   5.90876327E+013   3.78733649E+014   2.81160563E+014   0.00000000E+000   0.00000000E+000   0.00000000E+000   2.74220000E+014   3.46377981E+013   3.26370369E+014   0.00000000E+000   0.00000000E+000
   0.00000000E+000
     217   1.35603548E+015   5.92782702E+013   3.79133536E+014   2.81551266E+014   0.00000000E+000   0.00000000E+000   0.00000000E+000   2.74693880E+014   3.48133301E+013   3.26565195E+014   0.00000000E+000   0.00000000E+000
   0.00000000E+000
     218   1.35647976E+015   5.94602048E+013   3.79370856E+014   2.81355633E+014   0.00000000E+000   0.00000000E+000   0.00000000E+000   2.74371711E+014   3.49290412E+013   3.26992320E+014   0.00000000E+000   0.00000000E+000
   0.00000000E+000
     219   1.35607548E+015   6.00761188E+013   3.79671946E+014   2.81617191E+014   0.00000000E+000   0.00000000E+000   0.00000000E+000   2.74716444E+014   3.50402021E+013   3.24953578E+014   0.00000000E+000   0.00000000E+000
   0.00000000E+000
     220   1.35752889E+015   6.04308941E+013   3.80081619E+014   2.81490085E+014   0.00000000E+000   0.00000000E+000   0.00000000E+000   2.75065929E+014   3.51466964E+013   3.25313672E+014   0.00000000E+000   0.00000000E+000
   0.00000000E+000
     221   1.35984257E+015   6.06026803E+013   3.80591395E+014   2.82069958E+014   0.00000000E+000   0.00000000E+000   0.00000000E+000   2.75333899E+014   3.52500473E+013   3.25994595E+014   0.00000000E+000   0.00000000E+000
   0.00000000E+000
     222   1.36153923E+015   6.09497145E+013   3.81080142E+014   2.82294209E+014   0.00000000E+000   0.00000000E+000   0.00000000E+000   2.75393484E+014   3.55515327E+013   3.26270151E+014   0.00000000E+000   0.00000000E+000
   0.00000000E+000
     223   1.36222314E+015   6.11186675E+013   3.81402112E+014   2.82366001E+014   0.00000000E+000   0.00000000E+000   0.00000000E+000   2.74803555E+014   3.56521391E+013   3.26880670E+014   0.00000000E+000   0.00000000E+000
   0.00000000E+000
     224   1.36434196E+015   6.12849729E+013   3.81794508E+014   2.82960761E+014   0.00000000E+000   0.00000000E+000   0.00000000E+000   2.74973527E+014   3.57525565E+013   3.27575631E+014   0.00000000E+000   0.00000000E+000
   0.00000000E+000
     225   1.36681515E+015   6.14471787E+013   3.82546479E+014   2.83446702E+014   0.00000000E+000   0.00000000E+000   0.00000000E+000   2.75250140E+014   3.58441457E+013   3.28280508E+014   0.00000000E+000   0.00000000E+000
   0.00000000E+000
     226   1.36889797E+015   6.16069655E+013   3.83029128E+014   2.83860756E+014   0.00000000E+000   0.00000000E+000   0.00000000E+000   2.75472556E+014   3.59339629E+013   3.28994607E+014   0.00000000E+000   0.00000000E+000
   0.00000000E+000
     227   1.37035784E+015   6.25350727E+013   3.82619657E+014   2.83915344E+014   0.00000000E+000   0.00000000E+000   0.00000000E+000   2.75412370E+014   3.64438055E+013   3.29431592E+014   0.00000000E+000   0.00000000E+000
   0.00000000E+000
     228   1.37236759E+015   6.27469118E+013   3.82907297E+014   2.84535852E+014   0.00000000E+000   0.00000000E+000   0.00000000E+000   2.75652044E+014   3.68178883E+013   3.29707597E+014   0.00000000E+000   0.00000000E+000
   0.00000000E+000
     229   1.37249102E+015   6.29070800E+013   3.83223239E+014   2.84256172E+014   0.00000000E+000   0.00000000E+000   0.00000000E+000   2.75191182E+014   3.69057608E+013   3.30007588E+014   0.00000000E+000   0.00000000E+000
   0.00000000E+000
     230   1.37319006E+015   6.32723146E+013   3.83496426E+014   2.84434151E+014   0.00000000E+000   0.00000000E+000   0.00000000E+000   2.75287303E+014   3.71864842E+013   3.29513380E+014   0.00000000E+000   0.00000000E+000
   0.00000000E+000
     231   1.37536262E+015   6.38415725E+013   3.83851899E+014   2.84678302E+014   0.00000000E+000   0.00000000E+000   0.00000000E+000   2.75504593E+014   3.78855100E+013   3.29600749E+014   0.00000000E+000   0.00000000E+000
   0.00000000E+000
     232   1.37755069E+015   6.40741807E+013   3.84550160E+014   2.85259833E+014   0.00000000E+000   0.00000000E+000   0.00000000E+000   2.75685192E+014   3.79970879E+013   3.29984238E+014   0.00000000E+000   0.00000000E+000
   0.00000000E+000
     233   1.37947289E+015   6.47075495E+013   3.85043883E+014   2.85047397E+014   0.00000000E+000   0.00000000E+000   0.00000000E+000   2.76162049E+014   3.81058040E+013   3.30406209E+014   0.00000000E+000   0.00000000E+000
   0.00000000E+000
     234   1.38072162E+015   6.54672822E+013   3.85303998E+014   2.84479470E+014   0.00000000E+000   0.00000000E+000   0.00000000E+000   2.76092969E+014   3.84085366E+013   3.30969361E+014   0.00000000E+000   0.00000000E+000
   0.00000000E+000
     235   1.38213204E+015   6.61996774E+013   3.84909092E+014   2.84753444E+014   0.00000000E+000   0.00000000E+000   0.00000000E+000   2.75992978E+014   3.89200995E+013   3.31356744E+014   0.00000000E+000   0.00000000E+000
   0.00000000E+000
     236   1.38496644E+015   6.63983546E+013   3.85391771E+014   2.85524898E+014   0.00000000E+000   0.00000000E+000   0.00000000E+000   2.76341145E+014   3.90393291E+013   3.32270942E+014   0.00000000E+000   0.00000000E+000
   0.00000000E+000
     237   1.38765672E+015   6.66950150E+013   3.85942547E+014   2.86122171E+014   0.00000000E+000   0.00000000E+000   0.00000000E+000   2.76817233E+014   3.91607947E+013   3.32918955E+014   0.00000000E+000   0.00000000E+000
   0.00000000E+000
     238   1.38960351E+015   6.68946254E+013   3.86442326E+014   2.86072392E+014   0.00000000E+000   0.00000000E+000   0.00000000E+000   2.77303082E+014   3.92821519E+013   3.33608933E+014   0.00000000E+000   0.00000000E+000
   0.00000000E+000
     239   1.39210094E+015   6.70949024E+013   3.87332028E+014   2.86630713E+014   0.00000000E+000   0.00000000E+000   0.00000000E+000   2.77884583E+014   3.94041522E+013   3.33754561E+014   0.00000000E+000   0.00000000E+000
   0.00000000E+000
     240   1.39528141E+015   6.72911351E+013   3.88256938E+014   2.86995623E+014   0.00000000E+000   0.00000000E+000   0.00000000E+000   2.78470001E+014   3.95235943E+013   3.34744120E+014   0.00000000E+000   0.00000000E+000
   0.00000000E+000
     241   1.39830826E+015   6.74884266E+013   3.89276008E+014   2.87466079E+014   0.00000000E+000   0.00000000E+000   0.00000000E+000   2.79080332E+014   3.96440325E+013   3.35353378E+014   0.00000000E+000   0.00000000E+000
   0.00000000E+000
     242   1.40083372E+015   6.81625931E+013   3.89563208E+014   2.87588693E+014   0.00000000E+000   0.00000000E+000   0.00000000E+000   2.79674014E+014   3.97646265E+013   3.36080586E+014   0.00000000E+000   0.00000000E+000
   0.00000000E+000
     243   1.40321831E+015   6.83720714E+013   3.90304524E+014   2.87993161E+014   0.00000000E+000   0.00000000E+000   0.00000000E+000   2.80130698E+014   3.98838030E+013   3.36534051E+014   0.00000000E+000   0.00000000E+000
   0.00000000E+000
     244   1.40631805E+015   6.91801434E+013   3.90531702E+014   2.88411628E+014   0.00000000E+000   0.00000000E+000   0.00000000E+000   2.80571859E+014   4.00000303E+013   3.37622684E+014   0.00000000E+000   0.00000000E+000
   0.00000000E+000
     245   1.40902478E+015   6.93883436E+013   3.91532560E+014   2.88973234E+014   0.00000000E+000   0.00000000E+000   0.00000000E+000   2.80632010E+014   4.03273597E+013   3.38171271E+014   0.00000000E+000   0.00000000E+000
   0.00000000E+000
     246   1.41165713E+015   6.95951203E+013   3.92309981E+014   2.89331365E+014   0.00000000E+000   0.00000000E+000   0.00000000E+000   2.81054390E+014   4.04437851E+013   3.38922494E+014   0.00000000E+000   0.00000000E+000
   0.00000000E+000
     247   1.41547432E+015   6.97984574E+013   3.93121331E+014   2.90038359E+014   0.00000000E+000   0.00000000E+000   0.00000000E+000   2.82081600E+014   4.05610448E+013   3.39873528E+014   0.00000000E+000   0.00000000E+000
   0.00000000E+000
     248   1.41397692E+015   7.00012149E+013   3.92087844E+014   2.89781351E+014   0.00000000E+000   0.00000000E+000   0.00000000E+000   2.81319374E+014   4.07505915E+013   3.40036550E+014   0.00000000E+000   0.00000000E+000
   0.00000000E+000
     249   1.41518973E+015   7.02014119E+013   3.93104225E+014   2.90745040E+014   0.00000000E+000   0.00000000E+000   0.00000000E+000   2.81785507E+014   4.08456030E+013   3.38507941E+014   0.00000000E+000   0.00000000E+000
   0.00000000E+000
     250   1.41894617E+015   7.05113582E+013   3.94180531E+014   2.91478380E+014   0.00000000E+000   0.00000000E+000   0.00000000E+000   2.82568322E+014   4.09387384E+013   3.39268845E+014   0.00000000E+000   0.00000000E+000
   0.00000000E+000
     251   1.42208863E+015   7.06948841E+013   3.95234150E+014   2.92059554E+014   0.00000000E+000   0.00000000E+000   0.00000000E+000   2.83000992E+014   4.10302471E+013   3.40068803E+014   0.00000000E+000   0.00000000E+000
   0.00000000E+000
     252   1.42353669E+015   7.08760778E+013   3.95667958E+014   2.93050348E+014   0.00000000E+000   0.00000000E+000   0.00000000E+000   2.82997170E+014   4.18006518E+013   3.39144482E+014   0.00000000E+000   0.00000000E+000
   0.00000000E+000
     253   1.42559737E+015   7.10542817E+013   3.96292887E+014   2.93261848E+014   0.00000000E+000   0.00000000E+000   0.00000000E+000   2.83169277E+014   4.20516721E+013   3.39767403E+014   0.00000000E+000   0.00000000E+000
   0.00000000E+000
     254   1.42664538E+015   7.18784779E+013   3.96372916E+014   2.92682641E+014   0.00000000E+000   0.00000000E+000   0.00000000E+000   2.83181826E+014   4.21501050E+013   3.40379411E+014   0.00000000E+000   0.00000000E+000
   0.00000000E+000
     255   1.42895239E+015   7.21800137E+013   3.97081699E+014   2.92549309E+014   0.00000000E+000   0.00000000E+000   0.00000000E+000   2.83615079E+014   4.22494851E+013   3.41276802E+014   0.00000000E+000   0.00000000E+000
   0.00000000E+000
     256   1.43268951E+015   7.23490889E+013   3.98251229E+014   2.93248047E+014   0.00000000E+000   0.00000000E+000   0.00000000E+000   2.84382493E+014   4.23471112E+013   3.42111540E+014   0.00000000E+000   0.00000000E+000
   0.00000000E+000
     257   1.43669036E+015   7.25158952E+013   3.99341618E+014   2.94262239E+014   0.00000000E+000   0.00000000E+000   0.00000000E+000   2.85155191E+014   4.24436848E+013   3.42971733E+014   0.00000000E+000   0.00000000E+000
   0.00000000E+000
     258   1.43928416E+015   7.26706300E+013   4.00264639E+014   2.94650490E+014   0.00000000E+000   0.00000000E+000   0.00000000E+000   2.85674942E+014   4.25378695E+013   3.43485588E+014   0.00000000E+000   0.00000000E+000
   0.00000000E+000
     259   1.44189004E+015   7.28233826E+013   4.01110112E+014   2.95436407E+014   0.00000000E+000   0.00000000E+000   0.00000000E+000   2.86496766E+014   4.26316703E+013   3.43391707E+014   0.00000000E+000   0.00000000E+000
   0.00000000E+000
     260   1.44318200E+015   7.29756577E+013   4.00775629E+014   2.95992250E+014   0.00000000E+000   0.00000000E+000   0.00000000E+000   2.86474028E+014   4.27244856E+013   3.44239953E+014   0.00000000E+000   0.00000000E+000
   0.00000000E+000
     261   1.44603283E+015   7.42687252E+013   4.00677804E+014   2.95769150E+014   0.00000000E+000   0.00000000E+000   0.00000000E+000   2.87369305E+014   4.28165373E+013   3.45131305E+014   0.00000000E+000   0.00000000E+000
   0.00000000E+000
     262   1.45013166E+015   7.44262745E+013   4.01878661E+014   2.96715681E+014   0.00000000E+000   0.00000000E+000   0.00000000E+000   2.88292562E+014   4.29062192E+013   3.45912263E+014   0.00000000E+000   0.00000000E+000
   0.00000000E+000
     263   1.45436731E+015   7.45843920E+013   4.03101747E+014   2.97520217E+014   0.00000000E+000   0.00000000E+000   0.00000000E+000   2.89374475E+014   4.29942779E+013   3.46792203E+014   0.00000000E+000   0.00000000E+000
   0.00000000E+000
     264   1.45845440E+015   7.47382369E+013   4.04359424E+014   2.98405997E+014   0.00000000E+000   0.00000000E+000   0.00000000E+000   2.90147132E+014   4.30794770E+013   3.47724131E+014   0.00000000E+000   0.00000000E+000
   0.00000000E+000
     265   1.46209740E+015   7.55482085E+013   4.05077416E+014   2.98689895E+014   0.00000000E+000   0.00000000E+000   0.00000000E+000   2.90883138E+014   4.31626395E+013   3.48736107E+014   0.00000000E+000   0.00000000E+000
   0.00000000E+000
     266   1.46765206E+015   7.57078636E+013   4.06264072E+014   3.00060186E+014   0.00000000E+000   0.00000000E+000   0.00000000E+000   2.92414508E+014   4.32443078E+013   3.49961118E+014   0.00000000E+000   0.00000000E+000
   0.00000000E+000
     267   1.47213829E+015   7.58641674E+013   4.07583807E+014   3.01014246E+014   0.00000000E+000   0.00000000E+000   0.00000000E+000   2.93277281E+014   4.33236498E+013   3.51075137E+014   0.00000000E+000   0.00000000E+000
   0.00000000E+000
     268   1.47504860E+015   7.60183650E+013   4.07134114E+014   3.01970787E+014   0.00000000E+000   0.00000000E+000   0.00000000E+000   2.94492633E+014   4.34013715E+013   3.52031331E+014   0.00000000E+000   0.00000000E+000
   0.00000000E+000
     269   1.47923220E+015   7.66515801E+013   4.07986873E+014   3.02475415E+014   0.00000000E+000   0.00000000E+000   0.00000000E+000   2.95414626E+014   4.34774100E+013   3.53226300E+014   0.00000000E+000   0.00000000E+000
   0.00000000E+000
     270   1.48355342E+015   7.72537615E+013   4.09248150E+014   3.03731383E+014   0.00000000E+000   0.00000000E+000   0.00000000E+000   2.95338936E+014   4.49092146E+013   3.53071978E+014   0.00000000E+000   0.00000000E+000
   0.00000000E+000
     271   1.48882464E+015   7.74334301E+013   4.10833167E+014   3.05055632E+014   0.00000000E+000   0.00000000E+000   0.00000000E+000   2.96648267E+014   4.53632857E+013   3.53490857E+014   0.00000000E+000   0.00000000E+000
   0.00000000E+000
     272   1.49265240E+015   7.87506276E+013   4.11199527E+014   3.04906776E+014   0.00000000E+000   0.00000000E+000   0.00000000E+000   2.97869734E+014   4.54746460E+013   3.54451087E+014   0.00000000E+000   0.00000000E+000
   0.00000000E+000
     273   1.49615622E+015   7.89551178E+013   4.12264475E+014   3.05620413E+014   0.00000000E+000   0.00000000E+000   0.00000000E+000   2.98912871E+014   4.55865278E+013   3.54816813E+014   0.00000000E+000   0.00000000E+000
   0.00000000E+000
     274   1.49966276E+015   7.91773429E+013   4.13105738E+014   3.06259403E+014   0.00000000E+000   0.00000000E+000   0.00000000E+000   2.99308385E+014   4.56976137E+013   3.56114277E+014   0.00000000E+000   0.00000000E+000
   0.00000000E+000
     275   1.50315975E+015   7.93816209E+013   4.14090725E+014   3.06602795E+014   0.00000000E+000   0.00000000E+000   0.00000000E+000   3.00259621E+014   4.58081937E+013   3.57016791E+014   0.00000000E+000   0.00000000E+000
   0.00000000E+000
     276   1.50763263E+015   8.08666810E+013   4.14849841E+014   3.06995882E+014   0.00000000E+000   0.00000000E+000   0.00000000E+000   3.01143038E+014   4.56908126E+013   3.58086374E+014   0.00000000E+000   0.00000000E+000
   0.00000000E+000
     277   1.51159682E+015   8.10686730E+013   4.16147879E+014   3.07886220E+014   0.00000000E+000   0.00000000E+000   0.00000000E+000   3.02100881E+014   4.57957251E+013   3.58597440E+014   0.00000000E+000   0.00000000E+000
   0.00000000E+000
     278   1.51730105E+015   8.12870246E+013   4.17712971E+014   3.09193256E+014   0.00000000E+000   0.00000000E+000   0.00000000E+000   3.03011393E+014   4.58997597E+013   3.60196648E+014   0.00000000E+000   0.00000000E+000
   0.00000000E+000
     279   1.52114163E+015   8.15046887E+013   4.17691212E+014   3.10236757E+014   0.00000000E+000   0.00000000E+000   0.00000000E+000   3.04391239E+014   4.60045980E+013   3.61313140E+014   0.00000000E+000   0.00000000E+000
   0.00000000E+000
     280   1.52415831E+015   8.17234755E+013   4.18730240E+014   3.10498921E+014   0.00000000E+000   0.00000000E+000   0.00000000E+000   3.05113418E+014   4.61084400E+013   3.61983812E+014   0.00000000E+000   0.00000000E+000
   0.00000000E+000
     281   1.52972311E+015   8.19432504E+013   4.20083131E+014   3.11540591E+014   0.00000000E+000   0.00000000E+000   0.00000000E+000   3.06260805E+014   4.62116319E+013   3.63683700E+014   0.00000000E+000   0.00000000E+000
   0.00000000E+000
     282   1.53494925E+015   8.21648083E+013   4.21604638E+014   3.12600612E+014   0.00000000E+000   0.00000000E+000   0.00000000E+000   3.07480561E+014   4.63143092E+013   3.64784326E+014   0.00000000E+000   0.00000000E+000
   0.00000000E+000
     283   1.54034198E+015   8.23868584E+013   4.23422223E+014   3.13637676E+014   0.00000000E+000   0.00000000E+000   0.00000000E+000   3.08755142E+014   4.64162868E+013   3.65723795E+014   0.00000000E+000   0.00000000E+000
   0.00000000E+000
     284   1.54448490E+015   8.26069464E+013   4.24815395E+014   3.14537118E+014   0.00000000E+000   0.00000000E+000   0.00000000E+000   3.09861076E+014   4.65185633E+013   3.66145805E+014   0.00000000E+000   0.00000000E+000
   0.00000000E+000
     285   1.54791310E+015   8.28284502E+013   4.25279661E+014   3.15474518E+014   0.00000000E+000   0.00000000E+000   0.00000000E+000   3.10552603E+014   4.66211482E+013   3.67156714E+014   0.00000000E+000   0.00000000E+000
   0.00000000E+000
     286   1.55205347E+015   8.30482735E+013   4.26205236E+014   3.15969298E+014   0.00000000E+000   0.00000000E+000   0.00000000E+000   3.11798343E+014   4.67216365E+013   3.68310686E+014   0.00000000E+000   0.00000000E+000
   0.00000000E+000
     287   1.55668542E+015   8.32697549E+013   4.27692266E+014   3.16809541E+014   0.00000000E+000   0.00000000E+000   0.00000000E+000   3.12636119E+014   4.68282831E+013   3.69449456E+014   0.00000000E+000   0.00000000E+000
   0.00000000E+000
     288   1.55875434E+015   8.34902978E+013   4.28170877E+014   3.17647852E+014   0.00000000E+000   0.00000000E+000   0.00000000E+000   3.12592869E+014   4.74996646E+013   3.69352783E+014   0.00000000E+000   0.00000000E+000
   0.00000000E+000
     289   1.56335457E+015   8.38153841E+013   4.29229549E+014   3.18581805E+014   0.00000000E+000   0.00000000E+000   0.00000000E+000   3.13733129E+014   4.76065462E+013   3.70388153E+014   0.00000000E+000   0.00000000E+000
   0.00000000E+000
     290   1.56708434E+015   8.35471023E+013   4.31063621E+014   3.19225131E+014   0.00000000E+000   0.00000000E+000   0.00000000E+000   3.14722166E+014   4.77126653E+013   3.70813650E+014   0.00000000E+000   0.00000000E+000
   0.00000000E+000
     291   1.57149006E+015   8.37508398E+013   4.32390548E+014   3.20278091E+014   0.00000000E+000   0.00000000E+000   0.00000000E+000   3.15286995E+014   4.78200129E+013   3.71963569E+014   0.00000000E+000   0.00000000E+000
   0.00000000E+000
     292   1.57362751E+015   8.45652036E+013   4.33491786E+014   3.19420944E+014   0.00000000E+000   0.00000000E+000   0.00000000E+000   3.15106482E+014   4.79232397E+013   3.73119852E+014   0.00000000E+000   0.00000000E+000
   0.00000000E+000
     293   1.57688733E+015   8.47783316E+013   4.34589098E+014   3.19173020E+014   0.00000000E+000   0.00000000E+000   0.00000000E+000   3.16122751E+014   4.80299079E+013   3.74194217E+014   0.00000000E+000   0.00000000E+000
   0.00000000E+000
     294   1.58157213E+015   8.50647662E+013   4.35760400E+014   3.20057912E+014   0.00000000E+000   0.00000000E+000   0.00000000E+000   3.17110591E+014   4.81356752E+013   3.75442784E+014   0.00000000E+000   0.00000000E+000
   0.00000000E+000
     295   1.58473447E+015   8.52942338E+013   4.37111547E+014   3.21049251E+014   0.00000000E+000   0.00000000E+000   0.00000000E+000   3.18161957E+014   4.85345398E+013   3.74582943E+014   0.00000000E+000   0.00000000E+000
   0.00000000E+000
     296   1.58759013E+015   8.51305309E+013   4.38703746E+014   3.22590413E+014   0.00000000E+000   0.00000000E+000   0.00000000E+000   3.17884616E+014   4.86379642E+013   3.74642861E+014   0.00000000E+000   0.00000000E+000
   0.00000000E+000
     297   1.59280717E+015   8.53443227E+013   4.40184420E+014   3.23093781E+014   0.00000000E+000   0.00000000E+000   0.00000000E+000   3.18449783E+014   4.92772465E+013   3.76457613E+014   0.00000000E+000   0.00000000E+000
   0.00000000E+000
     298   1.59732810E+015   8.56232792E+013   4.41531593E+014   3.23914961E+014   0.00000000E+000   0.00000000E+000   0.00000000E+000   3.19288220E+014   4.93899627E+013   3.77580089E+014   0.00000000E+000   0.00000000E+000
   0.00000000E+000
     299   1.60129222E+015   8.58379926E+013   4.42722609E+014   3.24840802E+014   0.00000000E+000   0.00000000E+000   0.00000000E+000   3.20120872E+014   4.95032784E+013   3.78266664E+014   0.00000000E+000   0.00000000E+000
   0.00000000E+000
     300   1.60443869E+015   8.60484733E+013   4.42582137E+014   3.25813542E+014   0.00000000E+000   0.00000000E+000   0.00000000E+000   3.21166583E+014   4.96165371E+013   3.79211422E+014   0.00000000E+000   0.00000000E+000
   0.00000000E+000
     301   1.60931674E+015   8.62571189E+013   4.44093399E+014   3.26720625E+014   0.00000000E+000   0.00000000E+000   0.00000000E+000   3.22120454E+014   4.98540313E+013   3.80271111E+014   0.00000000E+000   0.00000000E+000
   0.00000000E+000
     302   1.61291928E+015   8.64653009E+013   4.45270796E+014   3.27695995E+014   0.00000000E+000   0.00000000E+000   0.00000000E+000   3.22367913E+014   5.06984557E+013   3.80420815E+014   0.00000000E+000   0.00000000E+000
   0.00000000E+000
     303   1.61494111E+015   8.66755952E+013   4.45277307E+014   3.27913873E+014   0.00000000E+000   0.00000000E+000   0.00000000E+000   3.23649630E+014   5.08499076E+013   3.80574799E+014   0.00000000E+000   0.00000000E+000
   0.00000000E+000
     304   1.61924825E+015   8.68858474E+013   4.46569508E+014   3.28722726E+014   0.00000000E+000   0.00000000E+000   0.00000000E+000   3.24397895E+014   5.10966318E+013   3.81575639E+014   0.00000000E+000   0.00000000E+000
   0.00000000E+000
     305   1.62271754E+015   8.70897738E+013   4.47988258E+014   3.29437659E+014   0.00000000E+000   0.00000000E+000   0.00000000E+000   3.24491353E+014   5.11774692E+013   3.82533025E+014   0.00000000E+000   0.00000000E+000
   0.00000000E+000
     306   1.62732237E+015   8.72893215E+013   4.49370192E+014   3.30350260E+014   0.00000000E+000   0.00000000E+000   0.00000000E+000   3.25464274E+014   5.12511827E+013   3.83597134E+014   0.00000000E+000   0.00000000E+000
   0.00000000E+000
     307   1.63125931E+015   8.74963234E+013   4.50727905E+014   3.30864175E+014   0.00000000E+000   0.00000000E+000   0.00000000E+000   3.26393939E+014   5.11240278E+013   3.84652943E+014   0.00000000E+000   0.00000000E+000
   0.00000000E+000
     308   1.63349081E+015   8.81006291E+013   4.50937515E+014   3.30715520E+014   0.00000000E+000   0.00000000E+000   0.00000000E+000   3.26506443E+014   5.12230485E+013   3.86007658E+014   0.00000000E+000   0.00000000E+000
   0.00000000E+000
     309   1.63725482E+015   8.83142596E+013   4.52155050E+014   3.31723087E+014   0.00000000E+000   0.00000000E+000   0.00000000E+000   3.26649138E+014   5.13210596E+013   3.87092227E+014   0.00000000E+000   0.00000000E+000
   0.00000000E+000
     310   1.64157366E+015   8.85274516E+013   4.53470890E+014   3.32641461E+014   0.00000000E+000   0.00000000E+000   0.00000000E+000   3.27652635E+014   5.14192169E+013   3.87862001E+014   0.00000000E+000   0.00000000E+000
   0.00000000E+000
     311   1.64583094E+015   8.87396563E+013   4.54939245E+014   3.32658750E+014   0.00000000E+000   0.00000000E+000   0.00000000E+000   3.29219426E+014   5.15141912E+013   3.88759668E+014   0.00000000E+000   0.00000000E+000
   0.00000000E+000
     312   1.64870876E+015   8.93081491E+013   4.55947391E+014   3.32813354E+014   0.00000000E+000   0.00000000E+000   0.00000000E+000   3.29766071E+014   5.17730771E+013   3.89100714E+014   0.00000000E+000   0.00000000E+000
   0.00000000E+000
     313   1.65130917E+015   8.95244999E+013   4.57277806E+014   3.33454041E+014   0.00000000E+000   0.00000000E+000   0.00000000E+000   3.30556607E+014   5.18647657E+013   3.88631452E+014   0.00000000E+000   0.00000000E+000
   0.00000000E+000
     314   1.65241491E+015   8.97400496E+013   4.58069373E+014   3.34552397E+014   0.00000000E+000   0.00000000E+000   0.00000000E+000   3.31159050E+014   5.19511984E+013   3.86942841E+014   0.00000000E+000   0.00000000E+000
   0.00000000E+000
     315   1.65766384E+015   8.98553447E+013   4.60081207E+014   3.34909179E+014   0.00000000E+000   0.00000000E+000   0.00000000E+000   3.32909480E+014   5.20369733E+013   3.87871654E+014   0.00000000E+000   0.00000000E+000
   0.00000000E+000
     316   1.66050540E+015   9.00686734E+013   4.61641806E+014   3.35217238E+014   0.00000000E+000   0.00000000E+000   0.00000000E+000   3.33248690E+014   5.21191190E+013   3.88209874E+014   0.00000000E+000   0.00000000E+000
   0.00000000E+000
     317   1.66338547E+015   9.02094571E+013   4.62630044E+014   3.35650500E+014   0.00000000E+000   0.00000000E+000   0.00000000E+000   3.33562749E+014   5.26409565E+013   3.88691765E+014   0.00000000E+000   0.00000000E+000
   0.00000000E+000
     318   1.66574401E+015   9.04046597E+013   4.63513365E+014   3.36888179E+014   0.00000000E+000   0.00000000E+000   0.00000000E+000   3.32454936E+014   5.32927123E+013   3.89190160E+014   0.00000000E+000   0.00000000E+000
   0.00000000E+000
     319   1.66895187E+015   9.09926516E+013   4.63460245E+014   3.37936827E+014   0.00000000E+000   0.00000000E+000   0.00000000E+000   3.33393366E+014   5.39048526E+013   3.89263926E+014   0.00000000E+000   0.00000000E+000
   0.00000000E+000
     320   1.66700920E+015   9.12114339E+013   4.62276800E+014   3.37684919E+014   0.00000000E+000   0.00000000E+000   0.00000000E+000   3.34584438E+014   5.40120999E+013   3.87239509E+014   0.00000000E+000   0.00000000E+000
   0.00000000E+000
     321   1.66512096E+015   9.15750690E+013   4.61312728E+014   3.36803742E+014   0.00000000E+000   0.00000000E+000   0.00000000E+000   3.35906097E+014   5.40187541E+013   3.85504571E+014   0.00000000E+000   0.00000000E+000
   0.00000000E+000
     322   1.66639676E+015   9.17673627E+013   4.59869701E+014   3.37796894E+014   0.00000000E+000   0.00000000E+000   0.00000000E+000   3.36941179E+014   5.41265143E+013   3.85895106E+014   0.00000000E+000   0.00000000E+000
   0.00000000E+000
     323   1.66623847E+015   9.19741771E+013   4.58225659E+014   3.38624891E+014   0.00000000E+000   0.00000000E+000   0.00000000E+000   3.37856825E+014   5.42335151E+013   3.85323398E+014   0.00000000E+000   0.00000000E+000
   0.00000000E+000
     324   1.66918817E+015   9.26719381E+013   4.58975922E+014   3.39203792E+014   0.00000000E+000   0.00000000E+000   0.00000000E+000   3.39019307E+014   5.43817678E+013   3.84935444E+014   0.00000000E+000   0.00000000E+000
   0.00000000E+000
     325   1.67286597E+015   9.28819846E+013   4.60431257E+014   3.40184871E+014   0.00000000E+000   0.00000000E+000   0.00000000E+000   3.39740078E+014   5.51806871E+013   3.84447088E+014   0.00000000E+000   0.00000000E+000
   0.00000000E+000
     326   1.67634282E+015   9.37204278E+013   4.60995175E+014   3.40598359E+014   0.00000000E+000   0.00000000E+000   0.00000000E+000   3.40194227E+014   5.52891127E+013   3.85545516E+014   0.00000000E+000   0.00000000E+000
   0.00000000E+000
     327   1.67817199E+015   9.45511884E+013   4.60533710E+014   3.41086767E+014   0.00000000E+000   0.00000000E+000   0.00000000E+000   3.40918723E+014   5.59906349E+013   3.85090972E+014   0.00000000E+000   0.00000000E+000
   0.00000000E+000
     328   1.68228415E+015   9.47992339E+013   4.61967772E+014   3.41263794E+014   0.00000000E+000   0.00000000E+000   0.00000000E+000   3.42222719E+014   5.61154271E+013   3.85915203E+014   0.00000000E+000   0.00000000E+000
   0.00000000E+000
     329   1.68351732E+015   9.49924153E+013   4.62127343E+014   3.42220437E+014   0.00000000E+000   0.00000000E+000   0.00000000E+000   3.42377258E+014   5.62367248E+013   3.85563142E+014   0.00000000E+000   0.00000000E+000
   0.00000000E+000
     330   1.68605183E+015   9.52398867E+013   4.62752589E+014   3.43136459E+014   0.00000000E+000   0.00000000E+000   0.00000000E+000   3.42865750E+014   5.60843193E+013   3.85972822E+014   0.00000000E+000   0.00000000E+000
   0.00000000E+000
     331   1.68950897E+015   9.53727276E+013   4.63994042E+014   3.43263361E+014   0.00000000E+000   0.00000000E+000   0.00000000E+000   3.43315512E+014   5.69352308E+013   3.86628092E+014   0.00000000E+000   0.00000000E+000
   0.00000000E+000
     332   1.69239853E+015   9.56145153E+013   4.65506453E+014   3.42148399E+014   0.00000000E+000   0.00000000E+000   0.00000000E+000   3.44494316E+014   5.70858604E+013   3.87548986E+014   0.00000000E+000   0.00000000E+000
   0.00000000E+000
     333   1.69707692E+015   9.63152891E+013   4.66631043E+014   3.42552672E+014   0.00000000E+000   0.00000000E+000   0.00000000E+000   3.45687929E+014   5.76897568E+013   3.88200233E+014   0.00000000E+000   0.00000000E+000
   0.00000000E+000
     334   1.70067371E+015   9.65622615E+013   4.68216231E+014   3.42703931E+014   0.00000000E+000   0.00000000E+000   0.00000000E+000   3.46308566E+014   5.78482218E+013   3.89034502E+014   0.00000000E+000   0.00000000E+000
   0.00000000E+000
     335   1.70284471E+015   9.68063493E+013   4.69755761E+014   3.43293341E+014   0.00000000E+000   0.00000000E+000   0.00000000E+000   3.44628479E+014   5.80737647E+013   3.90287013E+014   0.00000000E+000   0.00000000E+000
   0.00000000E+000
     336   1.70702237E+015   9.66843475E+013   4.70576067E+014   3.44388398E+014   0.00000000E+000   0.00000000E+000   0.00000000E+000   3.45508554E+014   5.82293006E+013   3.91635705E+014   0.00000000E+000   0.00000000E+000
   0.00000000E+000
     337   1.71239712E+015   9.69149756E+013   4.72072513E+014   3.45799090E+014   0.00000000E+000   0.00000000E+000   0.00000000E+000   3.46420284E+014   5.83892001E+013   3.92801053E+014   0.00000000E+000   0.00000000E+000
   0.00000000E+000
     338   1.71694194E+015   9.72687906E+013   4.73470979E+014   3.46490535E+014   0.00000000E+000   0.00000000E+000   0.00000000E+000   3.47518073E+014   5.82310148E+013   3.93962543E+014   0.00000000E+000   0.00000000E+000
   0.00000000E+000
     339   1.71872787E+015   9.74951831E+013   4.74246260E+014   3.46234592E+014   0.00000000E+000   0.00000000E+000   0.00000000E+000   3.47501856E+014   5.83927421E+013   3.94857233E+014   0.00000000E+000   0.00000000E+000
   0.00000000E+000
     340   1.72215882E+015   9.77419034E+013   4.75278793E+014   3.47252299E+014   0.00000000E+000   0.00000000E+000   0.00000000E+000   3.46647992E+014   5.85557645E+013   3.96682069E+014   0.00000000E+000   0.00000000E+000
   0.00000000E+000
     341   1.72556793E+015   9.79913504E+013   4.75691186E+014   3.48160407E+014   0.00000000E+000   0.00000000E+000   0.00000000E+000   3.47160583E+014   5.92280849E+013   3.97336324E+014   0.00000000E+000   0.00000000E+000
   0.00000000E+000
     342   1.73045044E+015   9.83592935E+013   4.77227640E+014   3.49006041E+014   0.00000000E+000   0.00000000E+000   0.00000000E+000   3.47654935E+014   6.00710122E+013   3.98131520E+014   0.00000000E+000   0.00000000E+000
   0.00000000E+000
     343   1.73258555E+015   9.86070995E+013   4.78034480E+014   3.48914118E+014   0.00000000E+000   0.00000000E+000   0.00000000E+000   3.47065033E+014   6.02693819E+013   3.99695443E+014   0.00000000E+000   0.00000000E+000
   0.00000000E+000
     344   1.73841382E+015   9.97744043E+013   4.79666901E+014   3.49615397E+014   0.00000000E+000   0.00000000E+000   0.00000000E+000   3.47730808E+014   6.05054780E+013   4.01120836E+014   0.00000000E+000   0.00000000E+000
   0.00000000E+000
     345   1.74205718E+015   1.00047503E+014   4.81121126E+014   3.50315725E+014   0.00000000E+000   0.00000000E+000   0.00000000E+000   3.48066033E+014   6.04822260E+013   4.02024572E+014   0.00000000E+000   0.00000000E+000
   0.00000000E+000
     346   1.74634506E+015   1.00308769E+014   4.82627197E+014   3.51025607E+014   0.00000000E+000   0.00000000E+000   0.00000000E+000   3.48735662E+014   6.07427915E+013   4.02905033E+014   0.00000000E+000   0.00000000E+000
   0.00000000E+000
     347   1.75130215E+015   1.00197017E+014   4.84306136E+014   3.51901496E+014   0.00000000E+000   0.00000000E+000   0.00000000E+000   3.49632096E+014   6.09213551E+013   4.04344053E+014   0.00000000E+000   0.00000000E+000
   0.00000000E+000
     348   1.75498885E+015   9.96580719E+013   4.85281964E+014   3.52914053E+014   0.00000000E+000   0.00000000E+000   0.00000000E+000   3.50530073E+014   6.10990567E+013   4.05505630E+014   0.00000000E+000   0.00000000E+000
   0.00000000E+000
     349   1.75944140E+015   9.99014459E+013   4.86548090E+014   3.53572436E+014   0.00000000E+000   0.00000000E+000   0.00000000E+000   3.51525252E+014   6.12752720E+013   4.06618903E+014   0.00000000E+000   0.00000000E+000
   0.00000000E+000
     350   1.76423602E+015   1.00139539E+014   4.88173196E+014   3.54460731E+014   0.00000000E+000   0.00000000E+000   0.00000000E+000   3.52308938E+014   6.15412284E+013   4.07612385E+014   0.00000000E+000   0.00000000E+000
   0.00000000E+000
     351   1.76734240E+015   1.00633656E+014   4.89565239E+014   3.53473471E+014   0.00000000E+000   0.00000000E+000   0.00000000E+000   3.53128052E+014   6.17245932E+013   4.08817393E+014   0.00000000E+000   0.00000000E+000
   0.00000000E+000
     352   1.77277483E+015   1.00866765E+014   4.91412524E+014   3.54435039E+014   0.00000000E+000   0.00000000E+000   0.00000000E+000   3.54040410E+014   6.19095799E+013   4.10110513E+014   0.00000000E+000   0.00000000E+000
   0.00000000E+000
     353   1.77704586E+015   1.01783585E+014   4.92396614E+014   3.54429666E+014   0.00000000E+000   0.00000000E+000   0.00000000E+000   3.55056234E+014   6.20949131E+013   4.11284850E+014   0.00000000E+000   0.00000000E+000
   0.00000000E+000
     354   1.78269134E+015   1.02025212E+014   4.94170933E+014   3.55215775E+014   0.00000000E+000   0.00000000E+000   0.00000000E+000   3.56147316E+014   6.23144192E+013   4.12817684E+014   0.00000000E+000   0.00000000E+000
   0.00000000E+000
     355   1.78874622E+015   1.02405050E+014   4.95988179E+014   3.55729946E+014   0.00000000E+000   0.00000000E+000   0.00000000E+000   3.57614784E+014   6.22085533E+013   4.14799704E+014   0.00000000E+000   0.00000000E+000
   0.00000000E+000
     356   1.79399311E+015   1.03085816E+014   4.97320478E+014   3.56083836E+014   0.00000000E+000   0.00000000E+000   0.00000000E+000   3.58787625E+014   6.23994165E+013   4.16315937E+014   0.00000000E+000   0.00000000E+000
   0.00000000E+000
     357   1.79925849E+015   1.03342232E+014   4.98900729E+014   3.56931736E+014   0.00000000E+000   0.00000000E+000   0.00000000E+000   3.59924391E+014   6.27478924E+013   4.17411510E+014   0.00000000E+000   0.00000000E+000
   0.00000000E+000
     358   1.80370267E+015   1.03623507E+014   4.99829919E+014   3.58083037E+014   0.00000000E+000   0.00000000E+000   0.00000000E+000   3.60915768E+014   6.29230047E+013   4.18327435E+014   0.00000000E+000   0.00000000E+000
   0.00000000E+000
     359   1.80874015E+015   1.03891091E+014   5.01342215E+014   3.58858441E+014   0.00000000E+000   0.00000000E+000   0.00000000E+000   3.61957088E+014   6.31144917E+013   4.19576827E+014   0.00000000E+000   0.00000000E+000
   0.00000000E+000
     360   1.81300560E+015   1.04707543E+014   5.01716749E+014   3.59046971E+014   0.00000000E+000   0.00000000E+000   0.00000000E+000   3.62992589E+014   6.33067368E+013   4.21235015E+014   0.00000000E+000   0.00000000E+000
   0.00000000E+000
     361   1.81556792E+015   1.05602574E+014   5.01652873E+014   3.59330675E+014   0.00000000E+000   0.00000000E+000   0.00000000E+000   3.62771917E+014   6.50908188E+013   4.21119063E+014   0.00000000E+000   0.00000000E+000
   0.00000000E+000
     362   1.81879121E+015   1.07229800E+014   5.01626083E+014   3.58985002E+014   0.00000000E+000   0.00000000E+000   0.00000000E+000   3.63567835E+014   6.53298462E+013   4.22052643E+014   0.00000000E+000   0.00000000E+000
   0.00000000E+000
     363   1.82365469E+015   1.08458667E+014   5.02504881E+014   3.59424417E+014   0.00000000E+000   0.00000000E+000   0.00000000E+000   3.64380414E+014   6.55891571E+013   4.23297159E+014   0.00000000E+000   0.00000000E+000
   0.00000000E+000
     364   1.82300078E+015   1.09980635E+014   5.01417031E+014   3.58923423E+014   0.00000000E+000   0.00000000E+000   0.00000000E+000   3.63627398E+014   6.74702336E+013   4.21582058E+014   0.00000000E+000   0.00000000E+000
   0.00000000E+000
     365   1.82392329E+015   1.12010329E+014   5.00714644E+014   3.57174096E+014   0.00000000E+000   0.00000000E+000   0.00000000E+000   3.63730153E+014   6.84911727E+013   4.21802898E+014   0.00000000E+000   0.00000000E+000
   0.00000000E+000
     366   1.82308553E+015   1.13781587E+014   5.00146323E+014   3.54066306E+014   0.00000000E+000   0.00000000E+000   0.00000000E+000   3.64224927E+014   6.93581001E+013   4.21508284E+014   0.00000000E+000   0.00000000E+000
   0.00000000E+000
     367   1.82320526E+015   1.14135018E+014   5.00713317E+014   3.54964498E+014   0.00000000E+000   0.00000000E+000   0.00000000E+000   3.64106730E+014   7.08114685E+013   4.18474224E+014   0.00000000E+000   0.00000000E+000
   0.00000000E+000
     368   1.82235915E+015   1.15083912E+014   5.00594187E+014   3.54734030E+014   0.00000000E+000   0.00000000E+000   0.00000000E+000   3.63742469E+014   7.21755666E+013   4.16028982E+014   0.00000000E+000   0.00000000E+000
   0.00000000E+000
     369   1.81861950E+015   1.17295602E+014   4.96391705E+014   3.52295394E+014   0.00000000E+000   0.00000000E+000   0.00000000E+000   3.64043442E+014   7.30578356E+013   4.15535524E+014   0.00000000E+000   0.00000000E+000
   0.00000000E+000
     370   1.82040817E+015   1.18356558E+014   4.96673064E+014   3.52563422E+014   0.00000000E+000   0.00000000E+000   0.00000000E+000   3.63119187E+014   7.44232900E+013   4.15272646E+014   0.00000000E+000   0.00000000E+000
   0.00000000E+000
     371   1.81941768E+015   1.17679320E+014   4.94915340E+014   3.51751284E+014   0.00000000E+000   0.00000000E+000   0.00000000E+000   3.63854164E+014   7.55859920E+013   4.15631580E+014   0.00000000E+000   0.00000000E+000
   0.00000000E+000
     372   1.82074432E+015   1.18012917E+014   4.94020388E+014   3.52505300E+014   0.00000000E+000   0.00000000E+000   0.00000000E+000   3.64108446E+014   7.66465071E+013   4.15450758E+014   0.00000000E+000   0.00000000E+000
   0.00000000E+000
     373   1.82164827E+015   1.19539593E+014   4.93566752E+014   3.51942017E+014   0.00000000E+000   0.00000000E+000   0.00000000E+000   3.64284233E+014   7.75573666E+013   4.14758306E+014   0.00000000E+000   0.00000000E+000
   0.00000000E+000
     374   1.82154660E+015   1.19749167E+014   4.93710621E+014   3.51759770E+014   0.00000000E+000   0.00000000E+000   0.00000000E+000   3.64460228E+014   7.78410594E+013   4.14025752E+014   0.00000000E+000   0.00000000E+000
   0.00000000E+000
     375   1.82385322E+015   1.20317042E+014   4.94347832E+014   3.52130248E+014   0.00000000E+000   0.00000000E+000   0.00000000E+000   3.64000765E+014   7.83621425E+013   4.14695195E+014   0.00000000E+000   0.00000000E+000
   0.00000000E+000
     376   1.82640438E+015   1.22501656E+014   4.93825859E+014   3.51102719E+014   0.00000000E+000   0.00000000E+000   0.00000000E+000   3.64866570E+014   7.86491933E+013   4.15458383E+014   0.00000000E+000   0.00000000E+000
   0.00000000E+000
     377   1.82852223E+015   1.23059310E+014   4.93950879E+014   3.51144740E+014   0.00000000E+000   0.00000000E+000   0.00000000E+000   3.65410397E+014   7.89343640E+013   4.16022535E+014   0.00000000E+000   0.00000000E+000
   0.00000000E+000
     378   1.83030833E+015   1.23390780E+014   4.94816692E+014   3.50503711E+014   0.00000000E+000   0.00000000E+000   0.00000000E+000   3.65460920E+014   8.03975134E+013   4.15738709E+014   0.00000000E+000   0.00000000E+000
   0.00000000E+000
     379   1.82760128E+015   1.24326681E+014   4.92662026E+014   3.49876689E+014   0.00000000E+000   0.00000000E+000   0.00000000E+000   3.64296772E+014   8.16694803E+013   4.14769632E+014   0.00000000E+000   0.00000000E+000
   0.00000000E+000
     380   1.82710295E+015   1.24135397E+014   4.92920654E+014   3.49118091E+014   0.00000000E+000   0.00000000E+000   0.00000000E+000   3.65209584E+014   8.17343645E+013   4.13984859E+014   0.00000000E+000   0.00000000E+000
   0.00000000E+000
     381   1.82864209E+015   1.25442635E+014   4.93353290E+014   3.48664671E+014   0.00000000E+000   0.00000000E+000   0.00000000E+000   3.64254639E+014   8.28117450E+013   4.14115109E+014   0.00000000E+000   0.00000000E+000
   0.00000000E+000
     382   1.82958330E+015   1.25770995E+014   4.93586892E+014   3.48486398E+014   0.00000000E+000   0.00000000E+000   0.00000000E+000   3.63967614E+014   8.29543656E+013   4.14817030E+014   0.00000000E+000   0.00000000E+000
   0.00000000E+000
     383   1.83222444E+015   1.26099016E+014   4.93935902E+014   3.49086437E+014   0.00000000E+000   0.00000000E+000   0.00000000E+000   3.63713445E+014   8.41824782E+013   4.15207164E+014   0.00000000E+000   0.00000000E+000
   0.00000000E+000
     384   1.83591673E+015   1.26575877E+014   4.94802167E+014   3.49661155E+014   0.00000000E+000   0.00000000E+000   0.00000000E+000   3.64407170E+014   8.49060339E+013   4.15564328E+014   0.00000000E+000   0.00000000E+000
   0.00000000E+000
     385   1.83718665E+015   1.27600109E+014   4.93902953E+014   3.49033612E+014   0.00000000E+000   0.00000000E+000   0.00000000E+000   3.65228231E+014   8.52925338E+013   4.16129208E+014   0.00000000E+000   0.00000000E+000
   0.00000000E+000
     386   1.84117338E+015   1.28941156E+014   4.94699355E+014   3.49169531E+014   0.00000000E+000   0.00000000E+000   0.00000000E+000   3.65736068E+014   8.56929247E+013   4.16934344E+014   0.00000000E+000   0.00000000E+000
   0.00000000E+000
     387   1.83871448E+015   1.30600944E+014   4.91260276E+014   3.47425417E+014   0.00000000E+000   0.00000000E+000   0.00000000E+000   3.66131235E+014   8.60965943E+013   4.17200018E+014   0.00000000E+000   0.00000000E+000
   0.00000000E+000
     388   1.84096639E+015   1.32761113E+014   4.90448199E+014   3.47333300E+014   0.00000000E+000   0.00000000E+000   0.00000000E+000   3.66174091E+014   8.76100111E+013   4.16639673E+014   0.00000000E+000   0.00000000E+000
   0.00000000E+000
     389   1.84131790E+015   1.33123066E+014   4.90644495E+014   3.47495623E+014   0.00000000E+000   0.00000000E+000   0.00000000E+000   3.65736040E+014   8.68290823E+013   4.17489595E+014   0.00000000E+000   0.00000000E+000
   0.00000000E+000
     390   1.84177780E+015   1.33476822E+014   4.91333804E+014   3.47019865E+014   0.00000000E+000   0.00000000E+000   0.00000000E+000   3.66146210E+014   8.71279684E+013   4.16673126E+014   0.00000000E+000   0.00000000E+000
   0.00000000E+000
     391   1.84486703E+015   1.33807126E+014   4.92045167E+014   3.47290452E+014   0.00000000E+000   0.00000000E+000   0.00000000E+000   3.66819131E+014   8.75960659E+013   4.17309084E+014   0.00000000E+000   0.00000000E+000
   0.00000000E+000
     392   1.84802834E+015   1.34782986E+014   4.92512339E+014   3.47599615E+014   0.00000000E+000   0.00000000E+000   0.00000000E+000   3.66666812E+014   8.90042041E+013   4.17462383E+014   0.00000000E+000   0.00000000E+000
   0.00000000E+000
     393   1.85208463E+015   1.35118659E+014   4.93577722E+014   3.48151800E+014   0.00000000E+000   0.00000000E+000   0.00000000E+000   3.67455169E+014   8.93109013E+013   4.18470381E+014   0.00000000E+000   0.00000000E+000
   0.00000000E+000
     394   1.85441988E+015   1.35350188E+014   4.94378001E+014   3.48400974E+014   0.00000000E+000   0.00000000E+000   0.00000000E+000   3.67548479E+014   8.99468473E+013   4.18795391E+014   0.00000000E+000   0.00000000E+000
   0.00000000E+000
     395   1.85631378E+015   1.35827517E+014   4.94310167E+014   3.48609008E+014   0.00000000E+000   0.00000000E+000   0.00000000E+000   3.67843478E+014   9.02172804E+013   4.19506332E+014   0.00000000E+000   0.00000000E+000
   0.00000000E+000
     396   1.85835992E+015   1.36275515E+014   4.95222797E+014   3.48357016E+014   0.00000000E+000   0.00000000E+000   0.00000000E+000   3.67829515E+014   9.10440860E+013   4.19630988E+014   0.00000000E+000   0.00000000E+000
   0.00000000E+000
     397   1.86166589E+015   1.37138223E+014   4.95161878E+014   3.48467076E+014   0.00000000E+000   0.00000000E+000   0.00000000E+000   3.68640176E+014   9.13413726E+013   4.20917162E+014   0.00000000E+000   0.00000000E+000
   0.00000000E+000
     398   1.86241824E+015   1.37632765E+014   4.95053521E+014   3.48263427E+014   0.00000000E+000   0.00000000E+000   0.00000000E+000   3.68344041E+014   9.28985386E+013   4.20225946E+014   0.00000000E+000   0.00000000E+000
   0.00000000E+000
     399   1.86529663E+015   1.40940942E+014   4.93724528E+014   3.46997251E+014   0.00000000E+000   0.00000000E+000   0.00000000E+000   3.69373873E+014   9.31395365E+013   4.21120498E+014   0.00000000E+000   0.00000000E+000
   0.00000000E+000
     400   1.86795458E+015   1.41350032E+014   4.93936483E+014   3.47520082E+014   0.00000000E+000   0.00000000E+000   0.00000000E+000   3.69950225E+014   9.34548247E+013   4.21742929E+014   0.00000000E+000   0.00000000E+000
   0.00000000E+000
     401   1.87056391E+015   1.41790400E+014   4.94510225E+014   3.47302825E+014   0.00000000E+000   0.00000000E+000   0.00000000E+000   3.70724503E+014   9.39642309E+013   4.22271722E+014   0.00000000E+000   0.00000000E+000
   0.00000000E+000
     402   1.87321223E+015   1.43025431E+014   4.94546599E+014   3.46845843E+014   0.00000000E+000   0.00000000E+000   0.00000000E+000   3.71773124E+014   9.43146367E+013   4.22706600E+014   0.00000000E+000   0.00000000E+000
   0.00000000E+000
     403   1.87641448E+015   1.42799544E+014   4.95622194E+014   3.47175063E+014   0.00000000E+000   0.00000000E+000   0.00000000E+000   3.72522132E+014   9.46496418E+013   4.23645900E+014   0.00000000E+000   0.00000000E+000
   0.00000000E+000
     404   1.87709588E+015   1.43203706E+014   4.96069365E+014   3.47722208E+014   0.00000000E+000   0.00000000E+000   0.00000000E+000   3.72720281E+014   9.37753639E+013   4.23604959E+014   0.00000000E+000   0.00000000E+000
   0.00000000E+000
     405   1.87970522E+015   1.44192660E+014   4.95366148E+014   3.47650491E+014   0.00000000E+000   0.00000000E+000   0.00000000E+000   3.72964432E+014   9.52016871E+013   4.24329807E+014   0.00000000E+000   0.00000000E+000
   0.00000000E+000
     406   1.88050280E+015   1.44539122E+014   4.96347208E+014   3.48052432E+014   0.00000000E+000   0.00000000E+000   0.00000000E+000   3.72522586E+014   9.61123292E+013   4.22929122E+014   0.00000000E+000   0.00000000E+000
   0.00000000E+000
     407   1.88188646E+015   1.44876346E+014   4.97246472E+014   3.48345134E+014   0.00000000E+000   0.00000000E+000   0.00000000E+000   3.73186542E+014   9.70939196E+013   4.21138042E+014   0.00000000E+000   0.00000000E+000
   0.00000000E+000
     408   1.88285243E+015   1.45888260E+014   4.97568762E+014   3.47318623E+014   0.00000000E+000   0.00000000E+000   0.00000000E+000   3.73426002E+014   9.80118244E+013   4.20638955E+014   0.00000000E+000   0.00000000E+000
   0.00000000E+000
     409   1.88518525E+015   1.46750095E+014   4.97971900E+014   3.46894666E+014   0.00000000E+000   0.00000000E+000   0.00000000E+000   3.74187388E+014   9.85206901E+013   4.20860514E+014   0.00000000E+000   0.00000000E+000
   0.00000000E+000
     410   1.88863986E+015   1.47734002E+014   4.98581083E+014   3.46888823E+014   0.00000000E+000   0.00000000E+000   0.00000000E+000   3.74730731E+014   9.89332782E+013   4.21771941E+014   0.00000000E+000   0.00000000E+000
   0.00000000E+000
     411   1.89199328E+015   1.48327320E+014   4.99317143E+014   3.47172270E+014   0.00000000E+000   0.00000000E+000   0.00000000E+000   3.75364652E+014   9.86146338E+013   4.23197258E+014   0.00000000E+000   0.00000000E+000
   0.00000000E+000
     412   1.89340039E+015   1.48753443E+014   4.99060597E+014   3.47501948E+014   0.00000000E+000   0.00000000E+000   0.00000000E+000   3.75177672E+014   1.00145444E+014   4.22761290E+014   0.00000000E+000   0.00000000E+000
   0.00000000E+000
     413   1.89375937E+015   1.49540075E+014   4.98914484E+014   3.47477626E+014   0.00000000E+000   0.00000000E+000   0.00000000E+000   3.75325309E+014   1.00819750E+014   4.21682128E+014   0.00000000E+000   0.00000000E+000
   0.00000000E+000
     414   1.89480547E+015   1.50498426E+014   4.98626978E+014   3.47231358E+014   0.00000000E+000   0.00000000E+000   0.00000000E+000   3.75320311E+014   1.01843657E+014   4.21284744E+014   0.00000000E+000   0.00000000E+000
   0.00000000E+000
     415   1.89356688E+015   1.51251245E+014   4.95785181E+014   3.47161294E+014   0.00000000E+000   0.00000000E+000   0.00000000E+000   3.75693070E+014   1.02216013E+014   4.21460075E+014   0.00000000E+000   0.00000000E+000
   0.00000000E+000
     416   1.89527419E+015   1.52286006E+014   4.94656717E+014   3.47030681E+014   0.00000000E+000   0.00000000E+000   0.00000000E+000   3.76504084E+014   1.02605564E+014   4.22191139E+014   0.00000000E+000   0.00000000E+000
   0.00000000E+000
     417   1.89875722E+015   1.52704862E+014   4.95513025E+014   3.47544418E+014   0.00000000E+000   0.00000000E+000   0.00000000E+000   3.77270498E+014   1.03030977E+014   4.22693445E+014   0.00000000E+000   0.00000000E+000
   0.00000000E+000
     418   1.90230258E+015   1.53329384E+014   4.96278976E+014   3.47841921E+014   0.00000000E+000   0.00000000E+000   0.00000000E+000   3.78057498E+014   1.03449417E+014   4.23345379E+014   0.00000000E+000   0.00000000E+000
   0.00000000E+000
     419   1.90590215E+015   1.53761130E+014   4.97152459E+014   3.48386134E+014   0.00000000E+000   0.00000000E+000   0.00000000E+000   3.78860359E+014   1.03868834E+014   4.23873237E+014   0.00000000E+000   0.00000000E+000
   0.00000000E+000
     420   1.90845117E+015   1.54535369E+014   4.96748149E+014   3.48671266E+014   0.00000000E+000   0.00000000E+000   0.00000000E+000   3.79660729E+014   1.04289246E+014   4.24546406E+014   0.00000000E+000   0.00000000E+000
   0.00000000E+000
     421   1.91183626E+015   1.55126696E+014   4.97473188E+014   3.49013596E+014   0.00000000E+000   0.00000000E+000   0.00000000E+000   3.80413465E+014   1.04851310E+014   4.24958003E+014   0.00000000E+000   0.00000000E+000
   0.00000000E+000
     422   1.91278263E+015   1.54589990E+014   4.97914834E+014   3.49576662E+014   0.00000000E+000   0.00000000E+000   0.00000000E+000   3.81118869E+014   1.05424857E+014   4.24157419E+014   0.00000000E+000   0.00000000E+000
   0.00000000E+000
     423   1.91615410E+015   1.55008408E+014   4.98564741E+014   3.50361869E+014   0.00000000E+000   0.00000000E+000   0.00000000E+000   3.81449272E+014   1.06372413E+014   4.24397392E+014   0.00000000E+000   0.00000000E+000
   0.00000000E+000
     424   1.91811652E+015   1.56244218E+014   4.98690691E+014   3.50210689E+014   0.00000000E+000   0.00000000E+000   0.00000000E+000   3.82207881E+014   1.05602454E+014   4.25160587E+014   0.00000000E+000   0.00000000E+000
   0.00000000E+000
     425   1.91980057E+015   1.56847349E+014   4.98427897E+014   3.50214102E+014   0.00000000E+000   0.00000000E+000   0.00000000E+000   3.82516836E+014   1.06190735E+014   4.25603646E+014   0.00000000E+000   0.00000000E+000
   0.00000000E+000
     426   1.92175584E+015   1.57738633E+014   4.98446442E+014   3.50027310E+014   0.00000000E+000   0.00000000E+000   0.00000000E+000   3.83319732E+014   1.05949036E+014   4.26274687E+014   0.00000000E+000   0.00000000E+000
   0.00000000E+000
     427   1.92267552E+015   1.58144717E+014   4.98547276E+014   3.50595578E+014   0.00000000E+000   0.00000000E+000   0.00000000E+000   3.82480685E+014   1.06786183E+014   4.26121081E+014   0.00000000E+000   0.00000000E+000
   0.00000000E+000
     428   1.92584584E+015   1.58910369E+014   4.99070905E+014   3.50805425E+014   0.00000000E+000   0.00000000E+000   0.00000000E+000   3.83395809E+014   1.07163492E+014   4.26499837E+014   0.00000000E+000   0.00000000E+000
   0.00000000E+000
     429   1.92900289E+015   1.59809293E+014   4.99464041E+014   3.50657654E+014   0.00000000E+000   0.00000000E+000   0.00000000E+000   3.84015348E+014   1.07540579E+014   4.27515979E+014   0.00000000E+000   0.00000000E+000
   0.00000000E+000
     430   1.93209714E+015   1.60661270E+014   4.99665253E+014   3.50980260E+014   0.00000000E+000   0.00000000E+000   0.00000000E+000   3.84749301E+014   1.08115913E+014   4.27925144E+014   0.00000000E+000   0.00000000E+000
   0.00000000E+000
     431   1.93348803E+015   1.61104966E+014   4.99482589E+014   3.51446041E+014   0.00000000E+000   0.00000000E+000   0.00000000E+000   3.84452253E+014   1.08483919E+014   4.28518257E+014   0.00000000E+000   0.00000000E+000
   0.00000000E+000
     432   1.93557748E+015   1.61270627E+014   4.99392454E+014   3.51852002E+014   0.00000000E+000   0.00000000E+000   0.00000000E+000   3.84772482E+014   1.09732959E+014   4.28556954E+014   0.00000000E+000   0.00000000E+000
   0.00000000E+000
     433   1.93860496E+015   1.61741921E+014   5.00616288E+014   3.52116650E+014   0.00000000E+000   0.00000000E+000   0.00000000E+000   3.84793735E+014   1.10614548E+014   4.28721813E+014   0.00000000E+000   0.00000000E+000
   0.00000000E+000
     434   1.94085337E+015   1.62221573E+014   5.01064135E+014   3.52509533E+014   0.00000000E+000   0.00000000E+000   0.00000000E+000   3.85189373E+014   1.10740217E+014   4.29128538E+014   0.00000000E+000   0.00000000E+000
   0.00000000E+000
     435   1.94436677E+015   1.63385415E+014   5.01288590E+014   3.52255743E+014   0.00000000E+000   0.00000000E+000   0.00000000E+000   3.86368456E+014   1.11142979E+014   4.29925585E+014   0.00000000E+000   0.00000000E+000
   0.00000000E+000
     436   1.94766447E+015   1.64025280E+014   5.01836982E+014   3.52722912E+014   0.00000000E+000   0.00000000E+000   0.00000000E+000   3.87094991E+014   1.11547230E+014   4.30437074E+014   0.00000000E+000   0.00000000E+000
   0.00000000E+000
     437   1.95092322E+015   1.63953972E+014   5.02552216E+014   3.53225215E+014   0.00000000E+000   0.00000000E+000   0.00000000E+000   3.87785132E+014   1.12118902E+014   4.31287781E+014   0.00000000E+000   0.00000000E+000
   0.00000000E+000
     438   1.95311897E+015   1.63702922E+014   5.03471603E+014   3.53742013E+014   0.00000000E+000   0.00000000E+000   0.00000000E+000   3.88127203E+014   1.12675281E+014   4.31399951E+014   0.00000000E+000   0.00000000E+000
   0.00000000E+000
     439   1.95523919E+015   1.63002766E+014   5.04265381E+014   3.54307874E+014   0.00000000E+000   0.00000000E+000   0.00000000E+000   3.88572916E+014   1.13427672E+014   4.31662582E+014   0.00000000E+000   0.00000000E+000
   0.00000000E+000
     440   1.95765761E+015   1.63952352E+014   5.04459461E+014   3.54327244E+014   0.00000000E+000   0.00000000E+000   0.00000000E+000   3.88856082E+014   1.13824891E+014   4.32237578E+014   0.00000000E+000   0.00000000E+000
   0.00000000E+000
     441   1.96059870E+015   1.64403784E+014   5.04518499E+014   3.54883359E+014   0.00000000E+000   0.00000000E+000   0.00000000E+000   3.89451246E+014   1.14283366E+014   4.33058447E+014   0.00000000E+000   0.00000000E+000
   0.00000000E+000
     442   1.96374067E+015   1.64856441E+014   5.05178494E+014   3.55334209E+014   0.00000000E+000   0.00000000E+000   0.00000000E+000   3.90139781E+014   1.14757157E+014   4.33474585E+014   0.00000000E+000   0.00000000E+000
   0.00000000E+000
     443   1.96493519E+015   1.65908151E+014   5.04689833E+014   3.55242851E+014   0.00000000E+000   0.00000000E+000   0.00000000E+000   3.90970970E+014   1.13891861E+014   4.34231528E+014   0.00000000E+000   0.00000000E+000
   0.00000000E+000
     444   1.96756489E+015   1.66325309E+014   5.05498461E+014   3.55386005E+014   0.00000000E+000   0.00000000E+000   0.00000000E+000   3.91362979E+014   1.14290565E+014   4.34701575E+014   0.00000000E+000   0.00000000E+000
   0.00000000E+000
     445   1.96772123E+015   1.67047113E+014   5.05075950E+014   3.55702384E+014   0.00000000E+000   0.00000000E+000   0.00000000E+000   3.92129999E+014   1.15319256E+014   4.32446527E+014   0.00000000E+000   0.00000000E+000
   0.00000000E+000
     446   1.96937704E+015   1.67482359E+014   5.05344081E+014   3.55529892E+014   0.00000000E+000   0.00000000E+000   0.00000000E+000   3.93056578E+014   1.14965960E+014   4.32998167E+014   0.00000000E+000   0.00000000E+000
   0.00000000E+000
     447   1.97196611E+015   1.67813004E+014   5.05398839E+014   3.55864844E+014   0.00000000E+000   0.00000000E+000   0.00000000E+000   3.93315924E+014   1.15926018E+014   4.33647479E+014   0.00000000E+000   0.00000000E+000
   0.00000000E+000
     448   1.97628418E+015   1.68238792E+014   5.06313712E+014   3.56291963E+014   0.00000000E+000   0.00000000E+000   0.00000000E+000   3.94320776E+014   1.16719098E+014   4.34399843E+014   0.00000000E+000   0.00000000E+000
   0.00000000E+000
     449   1.97911899E+015   1.68668030E+014   5.07327482E+014   3.56546104E+014   0.00000000E+000   0.00000000E+000   0.00000000E+000   3.94394444E+014   1.17994081E+014   4.34188849E+014   0.00000000E+000   0.00000000E+000
   0.00000000E+000
     450   1.98171517E+015   1.68239406E+014   5.08072037E+014   3.57127076E+014   0.00000000E+000   0.00000000E+000   0.00000000E+000   3.94909609E+014   1.18420656E+014   4.34946386E+014   0.00000000E+000   0.00000000E+000
   0.00000000E+000
     451   1.98475614E+015   1.69534958E+014   5.07876695E+014   3.56771622E+014   0.00000000E+000   0.00000000E+000   0.00000000E+000   3.95815789E+014   1.18974695E+014   4.35782380E+014   0.00000000E+000   0.00000000E+000
   0.00000000E+000
     452   1.98795185E+015   1.69970289E+014   5.08367933E+014   3.57355671E+014   0.00000000E+000   0.00000000E+000   0.00000000E+000   3.96649008E+014   1.18947222E+014   4.36661727E+014   0.00000000E+000   0.00000000E+000
   0.00000000E+000
     453   1.98994290E+015   1.70408948E+014   5.08939578E+014   3.57700607E+014   0.00000000E+000   0.00000000E+000   0.00000000E+000   3.96997688E+014   1.18844949E+014   4.37051128E+014   0.00000000E+000   0.00000000E+000
   0.00000000E+000
     454   1.99232689E+015   1.71352077E+014   5.09600847E+014   3.58247269E+014   0.00000000E+000   0.00000000E+000   0.00000000E+000   3.97235664E+014   1.19427282E+014   4.36463756E+014   0.00000000E+000   0.00000000E+000
   0.00000000E+000
     455   1.99668301E+015   1.71819767E+014   5.10463994E+014   3.58830869E+014   0.00000000E+000   0.00000000E+000   0.00000000E+000   3.97697938E+014   1.20722148E+014   4.37148295E+014   0.00000000E+000   0.00000000E+000
   0.00000000E+000
     456   2.00020519E+015   1.72293506E+014   5.11279725E+014   3.59293704E+014   0.00000000E+000   0.00000000E+000   0.00000000E+000   3.98456337E+014   1.20558036E+014   4.38323883E+014   0.00000000E+000   0.00000000E+000
   0.00000000E+000
     457   2.00366067E+015   1.71768583E+014   5.12338896E+014   3.59928681E+014   0.00000000E+000   0.00000000E+000   0.00000000E+000   3.99365783E+014   1.20993045E+014   4.39265678E+014   0.00000000E+000   0.00000000E+000
   0.00000000E+000
     458   2.00751013E+015   1.72439267E+014   5.13173378E+014   3.60330076E+014   0.00000000E+000   0.00000000E+000   0.00000000E+000   4.00306331E+014   1.21495135E+014   4.39765942E+014   0.00000000E+000   0.00000000E+000
   0.00000000E+000
     459   2.00869903E+015   1.72488883E+014   5.13887622E+014   3.60580854E+014   0.00000000E+000   0.00000000E+000   0.00000000E+000   4.00339153E+014   1.21959671E+014   4.39442850E+014   0.00000000E+000   0.00000000E+000
   0.00000000E+000
     460   2.01210193E+015   1.72878997E+014   5.14191895E+014   3.60514741E+014   0.00000000E+000   0.00000000E+000   0.00000000E+000   4.01212707E+014   1.23280748E+014   4.40022839E+014   0.00000000E+000   0.00000000E+000
   0.00000000E+000
     461   2.01563984E+015   1.73336940E+014   5.15101767E+014   3.61483814E+014   0.00000000E+000   0.00000000E+000   0.00000000E+000   4.02073576E+014   1.23020200E+014   4.40623540E+014   0.00000000E+000   0.00000000E+000
   0.00000000E+000
     462   2.01979257E+015   1.73764696E+014   5.16122384E+014   3.62064657E+014   0.00000000E+000   0.00000000E+000   0.00000000E+000   4.03031136E+014   1.23783749E+014   4.41025950E+014   0.00000000E+000   0.00000000E+000
   0.00000000E+000
     463   2.02293080E+015   1.73283762E+014   5.16762243E+014   3.62741483E+014   0.00000000E+000   0.00000000E+000   0.00000000E+000   4.03934088E+014   1.24478672E+014   4.41730548E+014   0.00000000E+000   0.00000000E+000
   0.00000000E+000
     464   2.02691583E+015   1.73713238E+014   5.17772316E+014   3.63389602E+014   0.00000000E+000   0.00000000E+000   0.00000000E+000   4.04710871E+014   1.25011556E+014   4.42318245E+014   0.00000000E+000   0.00000000E+000
   0.00000000E+000
     465   2.02966862E+015   1.74147300E+014   5.18478799E+014   3.64061075E+014   0.00000000E+000   0.00000000E+000   0.00000000E+000   4.05003678E+014   1.25815234E+014   4.42162530E+014   0.00000000E+000   0.00000000E+000
   0.00000000E+000
     466   2.03195893E+015   1.74573762E+014   5.20017960E+014   3.63850197E+014   0.00000000E+000   0.00000000E+000   0.00000000E+000   4.05995827E+014   1.26004172E+014   4.41517007E+014   0.00000000E+000   0.00000000E+000
   0.00000000E+000
     467   2.03605925E+015   1.75800450E+014   5.20177055E+014   3.63858436E+014   0.00000000E+000   0.00000000E+000   0.00000000E+000   4.06778094E+014   1.26400811E+014   4.43044404E+014   0.00000000E+000   0.00000000E+000
   0.00000000E+000
     468   2.03921785E+015   1.76255130E+014   5.21450928E+014   3.64051828E+014   0.00000000E+000   0.00000000E+000   0.00000000E+000   4.07157058E+014   1.26743602E+014   4.43559303E+014   0.00000000E+000   0.00000000E+000
   0.00000000E+000
     469   2.03998921E+015   1.77202762E+014   5.20608532E+014   3.63149600E+014   0.00000000E+000   0.00000000E+000   0.00000000E+000   4.07751674E+014   1.27398530E+014   4.43878112E+014   0.00000000E+000   0.00000000E+000
   0.00000000E+000
     470   2.04310689E+015   1.77734578E+014   5.21242555E+014   3.63493016E+014   0.00000000E+000   0.00000000E+000   0.00000000E+000   4.07866772E+014   1.28594381E+014   4.44175587E+014   0.00000000E+000   0.00000000E+000
   0.00000000E+000
     471   2.04694723E+015   1.78213196E+014   5.22185874E+014   3.64101020E+014   0.00000000E+000   0.00000000E+000   0.00000000E+000   4.08605671E+014   1.29186051E+014   4.44655416E+014   0.00000000E+000   0.00000000E+000
   0.00000000E+000
     472   2.05110930E+015   1.78813284E+014   5.23697264E+014   3.63562099E+014   0.00000000E+000   0.00000000E+000   0.00000000E+000   4.09695241E+014   1.29477492E+014   4.45863921E+014   0.00000000E+000   0.00000000E+000
   0.00000000E+000
     473   2.05451929E+015   1.80149619E+014   5.24104144E+014   3.63378947E+014   0.00000000E+000   0.00000000E+000   0.00000000E+000   4.10336362E+014   1.30355978E+014   4.46194245E+014   0.00000000E+000   0.00000000E+000
   0.00000000E+000
     474   2.05665046E+015   1.80258164E+014   5.24994511E+014   3.63707471E+014   0.00000000E+000   0.00000000E+000   0.00000000E+000   4.11074937E+014   1.30914269E+014   4.45701104E+014   0.00000000E+000   0.00000000E+000
   0.00000000E+000
     475   2.05903049E+015   1.81094218E+014   5.25204070E+014   3.63986870E+014   0.00000000E+000   0.00000000E+000   0.00000000E+000   4.11996334E+014   1.31394427E+014   4.45354567E+014   0.00000000E+000   0.00000000E+000
   0.00000000E+000
     476   2.06221905E+015   1.81571507E+014   5.26169952E+014   3.64428434E+014   0.00000000E+000   0.00000000E+000   0.00000000E+000   4.12196083E+014   1.32494549E+014   4.45358528E+014   0.00000000E+000   0.00000000E+000
   0.00000000E+000
     477   2.06407461E+015   1.82577149E+014   5.25962484E+014   3.64973606E+014   0.00000000E+000   0.00000000E+000   0.00000000E+000   4.12191648E+014   1.33215636E+014   4.45154087E+014   0.00000000E+000   0.00000000E+000
   0.00000000E+000
     478   2.06693413E+015   1.83065492E+014   5.26819978E+014   3.65536701E+014   0.00000000E+000   0.00000000E+000   0.00000000E+000   4.13104723E+014   1.32612012E+014   4.45795228E+014   0.00000000E+000   0.00000000E+000
   0.00000000E+000
     479   2.06953576E+015   1.83444668E+014   5.27797076E+014   3.66102131E+014   0.00000000E+000   0.00000000E+000   0.00000000E+000   4.13644610E+014   1.32212788E+014   4.46334491E+014   0.00000000E+000   0.00000000E+000
   0.00000000E+000
     480   2.07218650E+015   1.84026839E+014   5.27806510E+014   3.66460974E+014   0.00000000E+000   0.00000000E+000   0.00000000E+000   4.14666980E+014   1.32698989E+014   4.46526213E+014   0.00000000E+000   0.00000000E+000
   0.00000000E+000
     481   2.07488102E+015   1.84501069E+014   5.28741763E+014   3.66470043E+014   0.00000000E+000   0.00000000E+000   0.00000000E+000   4.15186458E+014   1.33192222E+014   4.46789467E+014   0.00000000E+000   0.00000000E+000
   0.00000000E+000
     482   2.07602748E+015   1.84996602E+014   5.27344947E+014   3.67093381E+014   0.00000000E+000   0.00000000E+000   0.00000000E+000   4.16281061E+014   1.33690976E+014   4.46620510E+014   0.00000000E+000   0.00000000E+000
   0.00000000E+000
     483   2.07668982E+015   1.84266092E+014   5.27056578E+014   3.67119539E+014   0.00000000E+000   0.00000000E+000   0.00000000E+000   4.16758756E+014   1.34279945E+014   4.47208915E+014   0.00000000E+000   0.00000000E+000
   0.00000000E+000
     484   2.07975552E+015   1.85296377E+014   5.27192309E+014   3.67720582E+014   0.00000000E+000   0.00000000E+000   0.00000000E+000   4.17638414E+014   1.34796601E+014   4.47111241E+014   0.00000000E+000   0.00000000E+000
   0.00000000E+000
     485   2.08260615E+015   1.85823245E+014   5.28069865E+014   3.68033450E+014   0.00000000E+000   0.00000000E+000   0.00000000E+000   4.17433423E+014   1.35520491E+014   4.47725673E+014   0.00000000E+000   0.00000000E+000
   0.00000000E+000
     486   2.08610257E+015   1.86405028E+014   5.28752173E+014   3.68592913E+014   0.00000000E+000   0.00000000E+000   0.00000000E+000   4.18114466E+014   1.36214260E+014   4.48023728E+014   0.00000000E+000   0.00000000E+000
   0.00000000E+000
     487   2.08840737E+015   1.86064261E+014   5.29122216E+014   3.68957889E+014   0.00000000E+000   0.00000000E+000   0.00000000E+000   4.19204209E+014   1.36734548E+014   4.48324244E+014   0.00000000E+000   0.00000000E+000
   0.00000000E+000
     488   2.08879362E+015   1.85557547E+014   5.28830698E+014   3.68369444E+014   0.00000000E+000   0.00000000E+000   0.00000000E+000   4.19693026E+014   1.37589024E+014   4.48753878E+014   0.00000000E+000   0.00000000E+000
   0.00000000E+000
     489   2.09200140E+015   1.86792383E+014   5.28655499E+014   3.68550063E+014   0.00000000E+000   0.00000000E+000   0.00000000E+000   4.20334667E+014   1.38128861E+014   4.49539931E+014   0.00000000E+000   0.00000000E+000
   0.00000000E+000
     490   2.09531400E+015   1.86881711E+014   5.29493517E+014   3.69148284E+014   0.00000000E+000   0.00000000E+000   0.00000000E+000   4.20826733E+014   1.38928266E+014   4.50035495E+014   0.00000000E+000   0.00000000E+000
   0.00000000E+000
     491   2.09860322E+015   1.87372430E+014   5.29873123E+014   3.69779807E+014   0.00000000E+000   0.00000000E+000   0.00000000E+000   4.21744366E+014   1.39425464E+014   4.50408034E+014   0.00000000E+000   0.00000000E+000
   0.00000000E+000
     492   2.10135842E+015   1.87712954E+014   5.30146198E+014   3.69783202E+014   0.00000000E+000   0.00000000E+000   0.00000000E+000   4.22476668E+014   1.40227317E+014   4.51012082E+014   0.00000000E+000   0.00000000E+000
   0.00000000E+000
     493   2.10467697E+015   1.88884943E+014   5.30409738E+014   3.70376846E+014   0.00000000E+000   0.00000000E+000   0.00000000E+000   4.23110173E+014   1.41236515E+014   4.50658756E+014   0.00000000E+000   0.00000000E+000
   0.00000000E+000
     494   2.10962240E+015   1.89403353E+014   5.31317087E+014   3.70987612E+014   0.00000000E+000   0.00000000E+000   0.00000000E+000   4.24663636E+014   1.41744483E+014   4.51506230E+014   0.00000000E+000   0.00000000E+000
   0.00000000E+000
     495   2.11269729E+015   1.89913771E+014   5.32296796E+014   3.71219311E+014   0.00000000E+000   0.00000000E+000   0.00000000E+000   4.24571534E+014   1.43205526E+014   4.51490349E+014   0.00000000E+000   0.00000000E+000
   0.00000000E+000
     496   2.11638463E+015   1.90428464E+014   5.33053226E+014   3.71808803E+014   0.00000000E+000   0.00000000E+000   0.00000000E+000   4.25155861E+014   1.44265186E+014   4.51673093E+014   0.00000000E+000   0.00000000E+000
   0.00000000E+000
     497   2.11794046E+015   1.90601279E+014   5.32949894E+014   3.71648110E+014   0.00000000E+000   0.00000000E+000   0.00000000E+000   4.25690919E+014   1.45088186E+014   4.51962071E+014   0.00000000E+000   0.00000000E+000
   0.00000000E+000
     498   2.12062662E+015   1.91137871E+014   5.33421193E+014   3.72380977E+014   0.00000000E+000   0.00000000E+000   0.00000000E+000   4.26517326E+014   1.44850487E+014   4.52318769E+014   0.00000000E+000   0.00000000E+000
   0.00000000E+000
     499   2.12099970E+015   1.91678411E+014   5.33434016E+014   3.72968956E+014   0.00000000E+000   0.00000000E+000   0.00000000E+000   4.26206749E+014   1.45602475E+014   4.51109091E+014   0.00000000E+000   0.00000000E+000
   0.00000000E+000
     500   2.12590995E+015   1.92215773E+014   5.34305105E+014   3.73304609E+014   0.00000000E+000   0.00000000E+000   0.00000000E+000   4.27350334E+014   1.46927700E+014   4.51806426E+014   0.00000000E+000   0.00000000E+000
   0.00000000E+000
