   iLoop   Phase     EVM               SVM                    B5                B4                B2                D6                D1                D4                C1                C5                C3                A6                C2                C3              
       1       1     1.19999997E+001   7.18850064E+003   4.36699279E-002   2.84782372E+003   2.84778005E+003  -5.76679239E-002  -1.66694844E+002  -1.66637176E+002   2.84779049E+003  -4.72312628E-002   2.84783772E+003   3.32332668E-002  -1.66684407E+002  -1.66651174E+002
       2       1     1.19999997E+001   7.18828443E+003   3.20197585E-002   2.84770143E+003   2.84766941E+003  -4.95973544E-002  -1.66741513E+002  -1.66691916E+002   2.84767279E+003  -4.62196259E-002   2.84771901E+003   2.86420300E-002  -1.66738135E+002  -1.66709493E+002
       3       1     1.19999997E+001   7.18806506E+003   2.01996080E-002   2.84757736E+003   2.84755716E+003  -4.14078474E-002  -1.66788863E+002  -1.66747455E+002   2.84755337E+003  -4.51927916E-002   2.84759857E+003   2.39845522E-002  -1.66792648E+002  -1.66768663E+002
       4       1     1.19999997E+001   7.18784408E+003   8.29240899E-003   2.84745238E+003   2.84744408E+003  -3.31580431E-002  -1.66836560E+002  -1.66803402E+002   2.84743308E+003  -4.41584310E-002   2.84747724E+003   1.92927969E-002  -1.66847560E+002  -1.66828267E+002
       5       1     1.19999997E+001   7.18762150E+003  -3.70183919E-003   2.84732648E+003   2.84733018E+003  -2.48479398E-002  -1.66884603E+002  -1.66859755E+002   2.84731191E+003  -4.31165397E-002   2.84735503E+003   1.45667608E-002  -1.66902872E+002  -1.66888305E+002
       6       1     1.19999997E+001   7.18739732E+003  -1.57829468E-002   2.84719968E+003   2.84721546E+003  -1.64776562E-002  -1.66932992E+002  -1.66916515E+002   2.84718987E+003  -4.20671557E-002   2.84723194E+003   9.80655270E-003  -1.66958582E+002  -1.66948775E+002
       7       1     1.19999997E+001   7.18717154E+003  -2.79507963E-002   2.84707197E+003   2.84709992E+003  -8.04730281E-003  -1.66981727E+002  -1.66973680E+002   2.84706696E+003  -4.10103057E-002   2.84710797E+003   5.01220651E-003  -1.67014690E+002  -1.67009678E+002
       8       1     1.19999997E+001   7.18694415E+003  -4.02053163E-002   2.84694336E+003   2.84698356E+003   4.43104341E-004  -1.67030808E+002  -1.67031251E+002   2.84694318E+003  -3.99459915E-002   2.84698312E+003   1.83779535E-004  -1.67071197E+002  -1.67071013E+002
       9       1     1.19999997E+001   7.18671517E+003  -5.25464744E-002   2.84681384E+003   2.84686639E+003   8.99361435E-003  -1.67080233E+002  -1.67089227E+002   2.84681852E+003  -3.88740879E-002   2.84685739E+003  -4.67877212E-003  -1.67128101E+002  -1.67132780E+002
      10       1     1.19999997E+001   7.18648460E+003  -6.49743738E-002   2.84668341E+003   2.84674839E+003   1.76042729E-002  -1.67130005E+002  -1.67147609E+002   2.84669299E+003  -3.77946900E-002   2.84673078E+003  -9.57541087E-003  -1.67185404E+002  -1.67194979E+002
      11       1     1.19999997E+001   7.18625242E+003  -7.74890703E-002   2.84655208E+003   2.84662957E+003   2.62751244E-002  -1.67180121E+002  -1.67206397E+002   2.84656659E+003  -3.67077650E-002   2.84660330E+003  -1.45061809E-002  -1.67243104E+002  -1.67257611E+002
      12       1     1.19999997E+001   7.18601863E+003  -9.00907554E-002   2.84641984E+003   2.84650993E+003   3.50063380E-002  -1.67230585E+002  -1.67265591E+002   2.84643931E+003  -3.56132593E-002   2.84647493E+003  -1.94711582E-002  -1.67301204E+002  -1.67320676E+002
      13       1     1.19999997E+001   7.18578325E+003  -1.02779293E-001   2.84628669E+003   2.84638947E+003   4.37978407E-002  -1.67281394E+002  -1.67325192E+002   2.84631116E+003  -3.45112083E-002   2.84634567E+003  -2.44702443E-002  -1.67359703E+002  -1.67384173E+002
      14       1     1.19999997E+001   7.18554626E+003  -1.15554682E-001   2.84615264E+003   2.84626819E+003   5.26496328E-002  -1.67332550E+002  -1.67385199E+002   2.84618214E+003  -3.34015826E-002   2.84621554E+003  -2.95034671E-002  -1.67418601E+002  -1.67448104E+002
      15       1     1.19999997E+001   7.18530767E+003  -1.28416951E-001   2.84601767E+003   2.84614609E+003   6.15617888E-002  -1.67384051E+002  -1.67445613E+002   2.84605224E+003  -3.22843055E-002   2.84608453E+003  -3.45708563E-002  -1.67477897E+002  -1.67512468E+002
      16       1     1.19999997E+001   7.18506748E+003  -1.41366130E-001   2.84588180E+003   2.84602317E+003   7.05343159E-002  -1.67435899E+002  -1.67506433E+002   2.84592147E+003  -3.11594231E-002   2.84595263E+003  -3.96723905E-002  -1.67537593E+002  -1.67577265E+002
      17       1     1.19999997E+001   7.18482569E+003  -1.54402129E-001   2.84574502E+003   2.84589942E+003   7.95671844E-002  -1.67488092E+002  -1.67567660E+002   2.84578983E+003  -3.00269187E-002   2.84581986E+003  -4.48080258E-002  -1.67597687E+002  -1.67642495E+002
      18       1     1.19999997E+001   7.18458230E+003  -1.67524975E-001   2.84560734E+003   2.84577486E+003   8.86604192E-002  -1.67540632E+002  -1.67629292E+002   2.84565731E+003  -2.88867983E-002   2.84568620E+003  -4.99777571E-002  -1.67658179E+002  -1.67708157E+002
      19       1     1.19999997E+001   7.18433730E+003  -1.80734634E-001   2.84546874E+003   2.84564948E+003   9.78140269E-002  -1.67593517E+002  -1.67691331E+002   2.84552392E+003  -2.77390205E-002   2.84555166E+003  -5.51815865E-002  -1.67719071E+002  -1.67774252E+002
      20       1     1.19999997E+001   7.18409071E+003  -1.94031129E-001   2.84532924E+003   2.84552327E+003   1.07028028E-001  -1.67646749E+002  -1.67753777E+002   2.84538966E+003  -2.65836251E-002   2.84541624E+003  -6.04194756E-002  -1.67780361E+002  -1.67840780E+002
      21       1     1.19999997E+001   7.18384251E+003  -2.07414291E-001   2.84518883E+003   2.84539625E+003   1.16302328E-001  -1.67700326E+002  -1.67816628E+002   2.84525452E+003  -2.54206062E-002   2.84527994E+003  -6.56913560E-002  -1.67842049E+002  -1.67907740E+002
      22       1     1.19999997E+001   7.18359272E+003  -2.20884008E-001   2.84504752E+003   2.84526840E+003   1.25636857E-001  -1.67754248E+002  -1.67879885E+002   2.84511852E+003  -2.42499461E-002   2.84514277E+003  -7.09972054E-002  -1.67904135E+002  -1.67975132E+002
      23       1     1.19999997E+001   7.18334133E+003  -2.34440220E-001   2.84490530E+003   2.84513974E+003   1.35031622E-001  -1.67808515E+002  -1.67943547E+002   2.84498164E+003  -2.30716190E-002   2.84500471E+003  -7.63369786E-002  -1.67966618E+002  -1.68042955E+002
      24       1     1.19999997E+001   7.18308835E+003  -2.48082917E-001   2.84476218E+003   2.84501026E+003   1.44486634E-001  -1.67863127E+002  -1.68007614E+002   2.84484389E+003  -2.18856190E-002   2.84486578E+003  -8.17106635E-002  -1.68029499E+002  -1.68111210E+002
      25       1     1.19999997E+001   7.18283377E+003  -2.61812125E-001   2.84461815E+003   2.84487996E+003   1.54001937E-001  -1.67918084E+002  -1.68072086E+002   2.84470527E+003  -2.06919086E-002   2.84472596E+003  -8.71182796E-002  -1.68092778E+002  -1.68179896E+002
      26       1     1.19999997E+001   7.18257759E+003  -2.75627851E-001   2.84447322E+003   2.84474885E+003   1.63577575E-001  -1.67973387E+002  -1.68136964E+002   2.84456578E+003  -1.94904894E-002   2.84458527E+003  -9.25597865E-002  -1.68156455E+002  -1.68249015E+002
      27       1     1.19999997E+001   7.18231981E+003  -2.89530171E-001   2.84432738E+003   2.84461691E+003   1.73213614E-001  -1.68029035E+002  -1.68202249E+002   2.84442541E+003  -1.82813454E-002   2.84444370E+003  -9.80352117E-002  -1.68220530E+002  -1.68318566E+002
      28       1     1.19999997E+001   7.18206043E+003  -3.03519165E-001   2.84418063E+003   2.84448415E+003   1.82910047E-001  -1.68085030E+002  -1.68267940E+002   2.84428418E+003  -1.70645344E-002   2.84430124E+003  -1.03544584E-001  -1.68285005E+002  -1.68388549E+002
      29       1     1.19999997E+001   7.18179945E+003  -3.17594916E-001   2.84403298E+003   2.84435057E+003   1.92666938E-001  -1.68141371E+002  -1.68334038E+002   2.84414206E+003  -1.58400110E-002   2.84415790E+003  -1.09087967E-001  -1.68349878E+002  -1.68458966E+002
      30       1     1.19999997E+001   7.18153687E+003  -3.31757378E-001   2.84388441E+003   2.84421617E+003   2.02484250E-001  -1.68198058E+002  -1.68400542E+002   2.84399908E+003  -1.46078121E-002   2.84401368E+003  -1.14665316E-001  -1.68415150E+002  -1.68529815E+002
      31       1     1.19999997E+001   7.18127268E+003  -3.46006477E-001   2.84373494E+003   2.84408095E+003   2.12361952E-001  -1.68255091E+002  -1.68467453E+002   2.84385522E+003  -1.33679336E-002   2.84386858E+003  -1.20276592E-001  -1.68480821E+002  -1.68601098E+002
      32       1     1.19999997E+001   7.18100689E+003  -3.60342209E-001   2.84358456E+003   2.84394490E+003   2.22300054E-001  -1.68312471E+002  -1.68534772E+002   2.84371048E+003  -1.21203772E-002   2.84372260E+003  -1.25921777E-001  -1.68546892E+002  -1.68672814E+002
      33       1     1.19999997E+001   7.18073950E+003  -3.74764602E-001   2.84343327E+003   2.84380803E+003   2.32298586E-001  -1.68370199E+002  -1.68602497E+002   2.84356487E+003  -1.08651437E-002   2.84357574E+003  -1.31600872E-001  -1.68613362E+002  -1.68744963E+002
      34       1     1.19999997E+001   7.18047050E+003  -3.89273786E-001   2.84328107E+003   2.84367034E+003   2.42357752E-001  -1.68428273E+002  -1.68670631E+002   2.84341838E+003  -9.60206933E-003   2.84342798E+003  -1.37313965E-001  -1.68680233E+002  -1.68817547E+002
      35       1     1.19999997E+001   7.18019988E+003  -4.03870187E-001   2.84312795E+003   2.84353182E+003   2.52477984E-001  -1.68486698E+002  -1.68739176E+002   2.84327101E+003  -8.33105164E-003   2.84327934E+003  -1.43061151E-001  -1.68747507E+002  -1.68890568E+002
      36       1     1.19999997E+001   7.17992763E+003  -4.18554336E-001   2.84297391E+003   2.84339246E+003   2.62659616E-001  -1.68545475E+002  -1.68808135E+002   2.84312275E+003  -7.05222725E-003   2.84312980E+003  -1.48842493E-001  -1.68815187E+002  -1.68964030E+002
      37       1     1.19999997E+001   7.17965375E+003  -4.33326621E-001   2.84281894E+003   2.84325226E+003   2.72902882E-001  -1.68604607E+002  -1.68877510E+002   2.84297360E+003  -5.76567895E-003   2.84297936E+003  -1.54658060E-001  -1.68883276E+002  -1.69037934E+002
      38       1     1.19999997E+001   7.17937822E+003  -4.48187211E-001   2.84266304E+003   2.84311122E+003   2.83207829E-001  -1.68664094E+002  -1.68947301E+002   2.84282355E+003  -4.47151850E-003   2.84282802E+003  -1.60507863E-001  -1.68951773E+002  -1.69112281E+002
      39       1     1.19999997E+001   7.17910106E+003  -4.63136110E-001   2.84250621E+003   2.84296934E+003   2.93574470E-001  -1.68723935E+002  -1.69017509E+002   2.84267260E+003  -3.16972504E-003   2.84267577E+003  -1.66391915E-001  -1.69020679E+002  -1.69187071E+002
      40       1     1.19999997E+001   7.17882226E+003  -4.78173219E-001   2.84234845E+003   2.84282663E+003   3.04002767E-001  -1.68784129E+002  -1.69088132E+002   2.84252076E+003  -1.86024304E-003   2.84252262E+003  -1.72310210E-001  -1.69089992E+002  -1.69262302E+002
      41       1     1.19999997E+001   7.17854183E+003  -4.93298359E-001   2.84218977E+003   2.84268307E+003   3.14492669E-001  -1.68844676E+002  -1.69159169E+002   2.84236804E+003  -5.42928744E-004   2.84236858E+003  -1.78262761E-001  -1.69159712E+002  -1.69337974E+002
      42       1     1.19999997E+001   7.17825978E+003  -5.08511317E-001   2.84203018E+003   2.84253869E+003   3.25044102E-001  -1.68905573E+002  -1.69230617E+002   2.84221442E+003   7.82383324E-004   2.84221364E+003  -1.84249599E-001  -1.69229835E+002  -1.69414084E+002
      43       1     1.19999997E+001   7.17797612E+003  -5.23811744E-001   2.84186967E+003   2.84239348E+003   3.35656983E-001  -1.68966818E+002  -1.69302475E+002   2.84205994E+003   2.11596897E-003   2.84205782E+003  -1.90270730E-001  -1.69300359E+002  -1.69490630E+002
      44       1     1.19999997E+001   7.17769087E+003  -5.39199236E-001   2.84170825E+003   2.84224745E+003   3.46331190E-001  -1.69028407E+002  -1.69374738E+002   2.84190458E+003   3.45816497E-003   2.84190112E+003  -1.96326210E-001  -1.69371280E+002  -1.69567606E+002
      45       1     1.19999997E+001   7.17740405E+003  -5.54673214E-001   2.84154594E+003   2.84210062E+003   3.57066506E-001  -1.69090335E+002  -1.69447401E+002   2.84174836E+003   4.80938527E-003   2.84174355E+003  -2.02416093E-001  -1.69442592E+002  -1.69645008E+002
      46       1     1.19999997E+001   7.17704051E+003  -5.74388578E-001   2.84133982E+003   2.84191421E+003   3.70479598E-001  -1.69169124E+002  -1.69539603E+002   2.84155115E+003   7.41915774E-003   2.84154373E+003  -2.11328138E-001  -1.69532184E+002  -1.69743512E+002
      47       1     1.19999997E+001   7.17668810E+003  -5.88062193E-001   2.84114290E+003   2.84173096E+003   3.81412604E-001  -1.69248053E+002  -1.69629465E+002   2.84136012E+003   1.05709104E-002   2.84134955E+003  -2.17220500E-001  -1.69618894E+002  -1.69836115E+002
      48       1     1.19999997E+001   7.17639180E+003  -6.07680823E-001   2.84097335E+003   2.84158103E+003   3.92129588E-001  -1.69310263E+002  -1.69702392E+002   2.84119669E+003   7.78206183E-003   2.84118891E+003  -2.23333297E-001  -1.69694610E+002  -1.69917944E+002
      49       1     1.19999997E+001   7.17612504E+003  -6.22469403E-001   2.84082231E+003   2.84144478E+003   4.02801108E-001  -1.69367546E+002  -1.69770347E+002   2.84105153E+003   9.54761084E-003   2.84104198E+003  -2.29215905E-001  -1.69760800E+002  -1.69990016E+002
      50       1     1.19999997E+001   7.17585674E+003  -6.37422310E-001   2.84067033E+003   2.84130776E+003   4.13510133E-001  -1.69425145E+002  -1.69838655E+002   2.84090553E+003   1.12843304E-002   2.84089425E+003  -2.35196508E-001  -1.69827371E+002  -1.70062567E+002
      51       1     1.19999997E+001   7.17558739E+003  -6.52453422E-001   2.84051774E+003   2.84117019E+003   4.24248058E-001  -1.69482971E+002  -1.69907219E+002   2.84075897E+003   1.30230702E-002   2.84074594E+003  -2.41228434E-001  -1.69894196E+002  -1.70135424E+002
      52       1     1.19999997E+001   7.17531706E+003  -6.67608558E-001   2.84036456E+003   2.84103216E+003   4.35113880E-001  -1.69540967E+002  -1.69976081E+002   2.84061191E+003   1.48541114E-002   2.84059705E+003  -2.47348789E-001  -1.69961227E+002  -1.70208576E+002
      53       1     1.19999997E+001   7.17504574E+003  -6.82712885E-001   2.84021086E+003   2.84089358E+003   4.45948335E-001  -1.69599231E+002  -1.70045179E+002   2.84046429E+003   1.66602462E-002   2.84044763E+003  -2.53424797E-001  -1.70028519E+002  -1.70281944E+002
      54       1     1.19999997E+001   7.17477305E+003  -6.97973643E-001   2.84005634E+003   2.84075431E+003   4.56848450E-001  -1.69657763E+002  -1.70114612E+002   2.84031593E+003   1.84642384E-002   2.84029746E+003  -2.59589432E-001  -1.70096147E+002  -1.70355737E+002
      55       1     1.19999997E+001   7.17449932E+003  -7.13198847E-001   2.83990127E+003   2.84061447E+003   4.67750474E-001  -1.69716564E+002  -1.70184314E+002   2.84016700E+003   2.02846507E-002   2.84014672E+003  -2.65733024E-001  -1.70164030E+002  -1.70429763E+002
      56       1     1.19999997E+001   7.17422463E+003  -7.28530548E-001   2.83974562E+003   2.84047415E+003   4.78702631E-001  -1.69775561E+002  -1.70254264E+002   2.84001759E+003   2.21476115E-002   2.83999545E+003  -2.71975528E-001  -1.70232116E+002  -1.70504092E+002
      57       1     1.19999997E+001   7.17394895E+003  -7.44051305E-001   2.83958934E+003   2.84033339E+003   4.89786819E-001  -1.69834699E+002  -1.70324486E+002   2.83986765E+003   2.40488801E-002   2.83984361E+003  -2.78313366E-001  -1.70300437E+002  -1.70578751E+002
      58       1     1.19999997E+001   7.17367285E+003  -7.59550979E-001   2.83943287E+003   2.84019242E+003   5.00884372E-001  -1.69893924E+002  -1.70394808E+002   2.83971741E+003   2.58768631E-002   2.83969154E+003  -2.84543470E-001  -1.70368931E+002  -1.70653475E+002
      59       1     1.19999997E+001   7.17340187E+003  -7.74726942E-001   2.83927927E+003   2.84005400E+003   5.11509882E-001  -1.69952120E+002  -1.70463630E+002   2.83956987E+003   2.73807896E-002   2.83954249E+003  -2.90597850E-001  -1.70436249E+002  -1.70726847E+002
      60       1     1.19999997E+001   7.17311456E+003  -7.90566707E-001   2.83911647E+003   2.83990703E+003   5.22516229E-001  -1.70014014E+002  -1.70536530E+002   2.83941348E+003   2.89607566E-002   2.83938452E+003  -2.97011234E-001  -1.70507570E+002  -1.70804581E+002
      61       1     1.19999997E+001   7.17283487E+003  -8.05369886E-001   2.83895835E+003   2.83976372E+003   5.32942617E-001  -1.70074516E+002  -1.70607459E+002   2.83926109E+003   3.03108589E-002   2.83923078E+003  -3.02738128E-001  -1.70577148E+002  -1.70879886E+002
      62       1     1.19999997E+001   7.17255603E+003  -8.21109075E-001   2.83880033E+003   2.83962144E+003   5.44335280E-001  -1.70134238E+002  -1.70678573E+002   2.83910934E+003   3.22316297E-002   2.83907710E+003  -3.09005425E-001  -1.70646342E+002  -1.70955347E+002
      63       1     1.19999997E+001   7.17227557E+003  -8.36903259E-001   2.83864139E+003   2.83947830E+003   5.55728113E-001  -1.70194340E+002  -1.70750068E+002   2.83895670E+003   3.41321605E-002   2.83892257E+003  -3.15307307E-001  -1.70715936E+002  -1.71031243E+002
      64       1     1.19999997E+001   7.17199368E+003  -8.52830617E-001   2.83848161E+003   2.83933444E+003   5.67186954E-001  -1.70254728E+002  -1.70821915E+002   2.83880327E+003   3.60205055E-002   2.83876725E+003  -3.21664169E-001  -1.70785895E+002  -1.71107559E+002
      65       1     1.19999997E+001   7.17171001E+003  -8.68749712E-001   2.83832086E+003   2.83918961E+003   5.78614858E-001  -1.70315566E+002  -1.70894180E+002   2.83864888E+003   3.78799593E-002   2.83861100E+003  -3.28014813E-001  -1.70856300E+002  -1.71184315E+002
      66       1     1.19999997E+001   7.17142453E+003  -8.84779148E-001   2.83815907E+003   2.83904385E+003   5.90107039E-001  -1.70376798E+002  -1.70966905E+002   2.83849350E+003   3.97621158E-002   2.83845374E+003  -3.34434225E-001  -1.70927143E+002  -1.71261577E+002
      67       1     1.19999997E+001   7.17113685E+003  -9.00968503E-001   2.83799601E+003   2.83889698E+003   6.01673403E-001  -1.70438485E+002  -1.71040159E+002   2.83833690E+003   4.15967799E-002   2.83829530E+003  -3.40891880E-001  -1.70998562E+002  -1.71339454E+002
      68       1     1.19999997E+001   7.17084336E+003  -9.17533779E-001   2.83782977E+003   2.83874730E+003   6.13785030E-001  -1.70501257E+002  -1.71115042E+002   2.83817700E+003   4.34893250E-002   2.83813351E+003  -3.47238075E-001  -1.71071552E+002  -1.71418790E+002
      69       1     1.19999997E+001   7.17054694E+003  -9.34302858E-001   2.83766171E+003   2.83859602E+003   6.25915446E-001  -1.70564766E+002  -1.71190681E+002   2.83801577E+003   4.56708248E-002   2.83797010E+003  -3.54058236E-001  -1.71145010E+002  -1.71499068E+002
      70       1     1.19999997E+001   7.17025257E+003  -9.50834138E-001   2.83749485E+003   2.83844568E+003   6.37664684E-001  -1.70627933E+002  -1.71265598E+002   2.83785554E+003   4.75193766E-002   2.83780802E+003  -3.60688830E-001  -1.71218078E+002  -1.71578767E+002
      71       1     1.19999997E+001   7.16995419E+003  -9.67724400E-001   2.83732563E+003   2.83829335E+003   6.49477563E-001  -1.70691907E+002  -1.71341384E+002   2.83769298E+003   4.91030418E-002   2.83764387E+003  -3.67349878E-001  -1.71292281E+002  -1.71659631E+002
      72       1     1.19999997E+001   7.16964340E+003  -9.84172381E-001   2.83714997E+003   2.83813415E+003   6.61756062E-001  -1.70759077E+002  -1.71420833E+002   2.83752409E+003   5.16964571E-002   2.83747239E+003  -3.74112776E-001  -1.71369137E+002  -1.71743250E+002
      73       1     1.19999997E+001   7.16933932E+003  -1.00130845E+000   2.83697750E+003   2.83797881E+003   6.73900572E-001  -1.70824365E+002  -1.71498265E+002   2.83735871E+003   5.37994220E-002   2.83730491E+003  -3.81207298E-001  -1.71444466E+002  -1.71825673E+002
      74       1     1.19999997E+001   7.16903402E+003  -1.01818995E+000   2.83680456E+003   2.83782275E+003   6.85994891E-001  -1.70890016E+002  -1.71576011E+002   2.83719256E+003   5.58023365E-002   2.83713676E+003  -3.87997399E-001  -1.71520208E+002  -1.71908206E+002
      75       1     1.19999997E+001   7.16872654E+003  -1.03525786E+000   2.83663035E+003   2.83766561E+003   6.98199231E-001  -1.70956102E+002  -1.71654301E+002   2.83702519E+003   5.77856410E-002   2.83696741E+003  -3.94844271E-001  -1.71596515E+002  -1.71991360E+002
      76       1     1.19999997E+001   7.16841528E+003  -1.05258848E+000   2.83645408E+003   2.83750666E+003   7.11083303E-001  -1.71022868E+002  -1.71733951E+002   2.83685596E+003   6.03778382E-002   2.83679558E+003  -4.01883014E-001  -1.71673573E+002  -1.72075456E+002
      77       1     1.19999997E+001   7.16810123E+003  -1.07058298E+000   2.83627573E+003   2.83734632E+003   7.23723120E-001  -1.71090208E+002  -1.71813931E+002   2.83668527E+003   6.26721498E-002   2.83662259E+003  -4.09532008E-001  -1.71751259E+002  -1.72160791E+002
      78       1     1.19999997E+001   7.16778610E+003  -1.08804187E+000   2.83609717E+003   2.83718521E+003   7.36174332E-001  -1.71157987E+002  -1.71894161E+002   2.83651378E+003   6.47438400E-002   2.83644904E+003  -4.16611378E-001  -1.71829417E+002  -1.72246029E+002
      79       1     1.19999997E+001   7.16746081E+003  -1.10521363E+000   2.83591267E+003   2.83701788E+003   7.47273185E-001  -1.71228983E+002  -1.71976256E+002   2.83633725E+003   6.66456780E-002   2.83627061E+003  -4.24586125E-001  -1.71909611E+002  -1.72334197E+002
      80       1     1.19999997E+001   7.16714014E+003  -1.12272391E+000   2.83573104E+003   2.83685376E+003   7.59639280E-001  -1.71298130E+002  -1.72057769E+002   2.83616271E+003   6.85843068E-002   2.83609412E+003  -4.31668942E-001  -1.71989185E+002  -1.72420854E+002
      81       1     1.19999997E+001   7.16680219E+003  -1.14191952E+000   2.83553832E+003   2.83668024E+003   7.71027765E-001  -1.71371560E+002  -1.72142588E+002   2.83597951E+003   7.02986617E-002   2.83590921E+003  -4.41190415E-001  -1.72072289E+002  -1.72513480E+002
      82       1     1.19999997E+001   7.16646981E+003  -1.15813572E+000   2.83535108E+003   2.83650922E+003   7.83572601E-001  -1.71444143E+002  -1.72227716E+002   2.83579911E+003   7.34663743E-002   2.83572565E+003  -4.48029498E-001  -1.72154250E+002  -1.72602279E+002
      83       1     1.19999997E+001   7.16612897E+003  -1.17759474E+000   2.83515756E+003   2.83633515E+003   7.97778741E-001  -1.71517258E+002  -1.72315037E+002   2.83561433E+003   7.69520514E-002   2.83553738E+003  -4.56768048E-001  -1.72238085E+002  -1.72694853E+002
      84       1     1.19999997E+001   7.16578662E+003  -1.19575700E+000   2.83496359E+003   2.83615935E+003   8.09320365E-001  -1.71591668E+002  -1.72400989E+002   2.83542753E+003   7.75016885E-002   2.83535003E+003  -4.63938325E-001  -1.72323487E+002  -1.72787425E+002
      85       1     1.19999997E+001   7.16543947E+003  -1.21397971E+000   2.83476700E+003   2.83598098E+003   8.20766161E-001  -1.71667216E+002  -1.72487982E+002   2.83523793E+003   7.77167998E-002   2.83516021E+003  -4.70930344E-001  -1.72410265E+002  -1.72881196E+002
      86       1     1.19999997E+001   7.16510054E+003  -1.23208366E+000   2.83457530E+003   2.83580739E+003   8.33398486E-001  -1.71740421E+002  -1.72573819E+002   2.83505293E+003   7.89396524E-002   2.83497399E+003  -4.77624831E-001  -1.72494880E+002  -1.72972505E+002
      87       1     1.19999997E+001   7.16475051E+003  -1.25158482E+000   2.83437710E+003   2.83562868E+003   8.47642443E-001  -1.71815445E+002  -1.72663088E+002   2.83486212E+003   8.10740635E-002   2.83478104E+003  -4.85016439E-001  -1.72582013E+002  -1.73067030E+002
      88       1     1.19999997E+001   7.16439876E+003  -1.26973315E+000   2.83417897E+003   2.83544870E+003   8.60862564E-001  -1.71891241E+002  -1.72752104E+002   2.83466903E+003   8.11939112E-002   2.83458784E+003  -4.90064496E-001  -1.72670910E+002  -1.73160974E+002
      89       1     1.19999997E+001   7.16405313E+003  -1.28848512E+000   2.83398324E+003   2.83527173E+003   8.73985001E-001  -1.71965835E+002  -1.72839820E+002   2.83448070E+003   8.29576227E-002   2.83439774E+003  -4.97457743E-001  -1.72756863E+002  -1.73254320E+002
      90       1     1.19999997E+001   7.16370446E+003  -1.30760500E+000   2.83378566E+003   2.83509326E+003   8.87240633E-001  -1.72041022E+002  -1.72928263E+002   2.83429074E+003   8.47207283E-002   2.83420602E+003  -5.05085092E-001  -1.72843542E+002  -1.73348627E+002
      91       1     1.19999997E+001   7.16334902E+003  -1.32712629E+000   2.83358461E+003   2.83491174E+003   9.02572192E-001  -1.72117259E+002  -1.73019831E+002   2.83409771E+003   8.85407835E-002   2.83400917E+003  -5.13094881E-001  -1.72931290E+002  -1.73444385E+002
      92       1     1.19999997E+001   7.16299108E+003  -1.34715567E+000   2.83338151E+003   2.83472867E+003   9.15881457E-001  -1.72194298E+002  -1.73110180E+002   2.83390233E+003   8.95454880E-002   2.83381279E+003  -5.20819701E-001  -1.73020634E+002  -1.73541454E+002
      93       1     1.19999997E+001   7.16263111E+003  -1.36730586E+000   2.83317750E+003   2.83454481E+003   9.30928779E-001  -1.72271530E+002  -1.73202459E+002   2.83370680E+003   9.29176461E-002   2.83361388E+003  -5.29294729E-001  -1.73109541E+002  -1.73638836E+002
      94       1     1.19999997E+001   7.16226332E+003  -1.38543747E+000   2.83297015E+003   2.83435559E+003   9.43029925E-001  -1.72351801E+002  -1.73294831E+002   2.83350535E+003   9.27977339E-002   2.83341256E+003  -5.35205278E-001  -1.73202034E+002  -1.73737239E+002
      95       1     1.19999997E+001   7.16189170E+003  -1.40271156E+000   2.83276143E+003   2.83416414E+003   9.54778257E-001  -1.72433160E+002  -1.73387938E+002   2.83330102E+003   9.16612313E-002   2.83320936E+003  -5.39594534E-001  -1.73296277E+002  -1.73835872E+002
      96       1     1.19999997E+001   7.16152100E+003  -1.42167598E+000   2.83255195E+003   2.83397363E+003   9.68589182E-001  -1.72513852E+002  -1.73482441E+002   2.83309963E+003   9.45910108E-002   2.83300504E+003  -5.47677806E-001  -1.73387850E+002  -1.73935528E+002
      97       1     1.19999997E+001   7.16115032E+003  -1.44040156E+000   2.83234247E+003   2.83378287E+003   9.81176308E-001  -1.72594802E+002  -1.73575979E+002   2.83289756E+003   9.58697647E-002   2.83280169E+003  -5.55095020E-001  -1.73480109E+002  -1.74035204E+002
      98       1     1.19999997E+001   7.16077628E+003  -1.46106306E+000   2.83213085E+003   2.83359191E+003   9.97450378E-001  -1.72674950E+002  -1.73672401E+002   2.83269438E+003   9.99251211E-002   2.83259446E+003  -5.63537807E-001  -1.73572476E+002  -1.74136013E+002
      99       1     1.19999997E+001   7.16024638E+003  -1.48955560E+000   2.83183009E+003   2.83331964E+003   1.01546338E+000  -1.72790231E+002  -1.73805694E+002   2.83240592E+003   1.01739830E-001   2.83230418E+003  -5.75832048E-001  -1.73703954E+002  -1.74279786E+002
     100       1     1.19999997E+001   7.15986706E+003  -1.51008570E+000   2.83161547E+003   2.83312556E+003   1.02917175E+000  -1.72871935E+002  -1.73901107E+002   2.83219791E+003   1.01525176E-001   2.83209639E+003  -5.82439134E-001  -1.73799582E+002  -1.74382021E+002
     101       1     1.19999997E+001   7.15951443E+003  -1.52937847E+000   2.83141566E+003   2.83294504E+003   1.04268661E+000  -1.72947987E+002  -1.73990674E+002   2.83200580E+003   1.03456031E-001   2.83190235E+003  -5.90147894E-001  -1.73887218E+002  -1.74477366E+002
     102       1     1.19999997E+001   7.15916174E+003  -1.54856243E+000   2.83121585E+003   2.83276441E+003   1.05604796E+000  -1.73024115E+002  -1.74080163E+002   2.83181357E+003   1.05201589E-001   2.83170836E+003  -5.97716052E-001  -1.73974962E+002  -1.74572678E+002
     103       1     1.19999997E+001   7.15880770E+003  -1.56780804E+000   2.83101528E+003   2.83258309E+003   1.06944005E+000  -1.73100545E+002  -1.74169985E+002   2.83162059E+003   1.06940689E-001   2.83151365E+003  -6.05308675E-001  -1.74063044E+002  -1.74668353E+002
     104       1     1.19999997E+001   7.15839382E+003  -1.58826039E+000   2.83078157E+003   2.83236983E+003   1.08575544E+000  -1.73191181E+002  -1.74276937E+002   2.83139747E+003   1.13400424E-001   2.83128407E+003  -6.15905380E-001  -1.74163536E+002  -1.74779442E+002
     105       1     1.19999997E+001   7.15797503E+003  -1.61077736E+000   2.83054506E+003   2.83215584E+003   1.10067607E+000  -1.73281084E+002  -1.74381760E+002   2.83116649E+003   1.11323421E-001   2.83105516E+003  -6.21424714E-001  -1.74270437E+002  -1.74891861E+002
     106       1     1.19999997E+001   7.15759852E+003  -1.63017978E+000   2.83033260E+003   2.83196278E+003   1.11505407E+000  -1.73362592E+002  -1.74477646E+002   2.83096099E+003   1.13273272E-001   2.83084772E+003  -6.28398986E-001  -1.74364372E+002  -1.74992771E+002
     107       1     1.19999997E+001   7.15724645E+003  -1.64919597E+000   2.83013354E+003   2.83178274E+003   1.12879079E+000  -1.73438309E+002  -1.74567099E+002   2.83076849E+003   1.14541351E-001   2.83065395E+003  -6.34946534E-001  -1.74452558E+002  -1.75087505E+002
     108       1     1.19999997E+001   7.15689865E+003  -1.66822920E+000   2.82993635E+003   2.83160458E+003   1.14189506E+000  -1.73513415E+002  -1.74655310E+002   2.83057902E+003   1.16337772E-001   2.83046268E+003  -6.42671914E-001  -1.74538972E+002  -1.75181644E+002
     109       1     1.19999997E+001   7.15655023E+003  -1.68736976E+000   2.82973881E+003   2.83142618E+003   1.15494632E+000  -1.73588573E+002  -1.74743520E+002   2.83038896E+003   1.17724502E-001   2.83027123E+003  -6.50147946E-001  -1.74625795E+002  -1.75275943E+002
     110       1     1.19999997E+001   7.15620182E+003  -1.70659710E+000   2.82954116E+003   2.83124776E+003   1.16798123E+000  -1.73663754E+002  -1.74831735E+002   2.83019904E+003   1.19260052E-001   2.83007978E+003  -6.57875920E-001  -1.74712475E+002  -1.75370351E+002
     111       1     1.19999997E+001   7.15585100E+003  -1.72595633E+000   2.82934217E+003   2.83106813E+003   1.18097159E+000  -1.73739429E+002  -1.74920400E+002   2.83000757E+003   1.20419512E-001   2.82988716E+003  -6.65404257E-001  -1.74799981E+002  -1.75465385E+002
     112       1     1.19999997E+001   7.15549929E+003  -1.74575255E+000   2.82914240E+003   2.83088815E+003   1.19436324E+000  -1.73815183E+002  -1.75009546E+002   2.82981605E+003   1.22259052E-001   2.82969379E+003  -6.73648366E-001  -1.74887287E+002  -1.75560935E+002
     113       1     1.19999997E+001   7.15513275E+003  -1.76715312E+000   2.82893341E+003   2.83070056E+003   1.20795379E+000  -1.73894154E+002  -1.75102107E+002   2.82961690E+003   1.24289522E-001   2.82949261E+003  -6.83488850E-001  -1.74977818E+002  -1.75661307E+002
     114       1     1.19999997E+001   7.15474822E+003  -1.78810376E+000   2.82871623E+003   2.83050434E+003   1.22294955E+000  -1.73976431E+002  -1.75199380E+002   2.82940550E+003   1.24109131E-001   2.82928139E+003  -6.89263340E-001  -1.75075271E+002  -1.75764534E+002
     115       1     1.19999997E+001   7.15435740E+003  -1.80548356E+000   2.82849678E+003   2.83030227E+003   1.23545800E+000  -1.74062685E+002  -1.75298143E+002   2.82919188E+003   1.25076759E-001   2.82906681E+003  -6.95102320E-001  -1.75173066E+002  -1.75868168E+002
     116       1     1.19999997E+001   7.15398497E+003  -1.82758547E+000   2.82828334E+003   2.83011092E+003   1.24851979E+000  -1.74143661E+002  -1.75392181E+002   2.82899133E+003   1.28928687E-001   2.82886240E+003  -7.07994366E-001  -1.75263252E+002  -1.75971247E+002
     117       1     1.19999997E+001   7.15362886E+003  -1.84669745E+000   2.82808227E+003   2.82992897E+003   1.26284158E+000  -1.74220083E+002  -1.75482925E+002   2.82879636E+003   1.30234512E-001   2.82866612E+003  -7.14090378E-001  -1.75352691E+002  -1.76066781E+002
     118       1     1.19999997E+001   7.15328243E+003  -1.86589660E+000   2.82788563E+003   2.82975153E+003   1.27571321E+000  -1.74294852E+002  -1.75570565E+002   2.82860749E+003   1.31677883E-001   2.82847582E+003  -7.21861271E-001  -1.75438888E+002  -1.76160749E+002
     119       1     1.19999997E+001   7.15293514E+003  -1.88514775E+000   2.82768850E+003   2.82957365E+003   1.28860507E+000  -1.74369812E+002  -1.75658417E+002   2.82841815E+003   1.33113984E-001   2.82828504E+003  -7.29656654E-001  -1.75525303E+002  -1.76254959E+002
     120       1     1.19999997E+001   7.15257813E+003  -1.90444284E+000   2.82748671E+003   2.82939115E+003   1.30281957E+000  -1.74446499E+002  -1.75749319E+002   2.82822287E+003   1.34535256E-001   2.82808833E+003  -7.36158519E-001  -1.75614784E+002  -1.76350942E+002
     121       1     1.19999997E+001   7.15222995E+003  -1.92383518E+000   2.82728898E+003   2.82921281E+003   1.31569996E+000  -1.74521647E+002  -1.75837347E+002   2.82803307E+003   1.35957556E-001   2.82789711E+003  -7.44092782E-001  -1.75701389E+002  -1.76445482E+002
     122       1     1.19999997E+001   7.15188002E+003  -1.94298718E+000   2.82709043E+003   2.82903342E+003   1.32838713E+000  -1.74597331E+002  -1.75925719E+002   2.82784220E+003   1.37167817E-001   2.82770503E+003  -7.51767861E-001  -1.75788551E+002  -1.76540319E+002
     123       1     1.19999997E+001   7.15152914E+003  -1.96230664E+000   2.82689127E+003   2.82885357E+003   1.34111789E+000  -1.74673179E+002  -1.76014297E+002   2.82765078E+003   1.38326979E-001   2.82751246E+003  -7.59515729E-001  -1.75875970E+002  -1.76635486E+002
     124       1     1.19999997E+001   7.15117816E+003  -1.98155024E+000   2.82669206E+003   2.82867361E+003   1.35385490E+000  -1.74749119E+002  -1.76102974E+002   2.82745945E+003   1.39695403E-001   2.82731975E+003  -7.67390745E-001  -1.75963278E+002  -1.76730669E+002
     125       1     1.19999997E+001   7.15082630E+003  -2.00093775E+000   2.82649230E+003   2.82849324E+003   1.36668017E+000  -1.74825199E+002  -1.76191879E+002   2.82726762E+003   1.41064600E-001   2.82712656E+003  -7.75322183E-001  -1.76050815E+002  -1.76826137E+002
     126       1     1.19999997E+001   7.15047356E+003  -2.02033669E+000   2.82629205E+003   2.82831238E+003   1.37950317E+000  -1.74901501E+002  -1.76281004E+002   2.82707534E+003   1.42453956E-001   2.82693288E+003  -7.83287469E-001  -1.76138550E+002  -1.76921838E+002
     127       1     1.19999997E+001   7.15011698E+003  -2.04054127E+000   2.82608912E+003   2.82812966E+003   1.39248961E+000  -1.74978534E+002  -1.76371023E+002   2.82688128E+003   1.44101585E-001   2.82673717E+003  -7.92153244E-001  -1.76226922E+002  -1.77019075E+002
     128       1     1.19999997E+001   7.14975698E+003  -2.05923085E+000   2.82588537E+003   2.82794460E+003   1.40498715E+000  -1.75056887E+002  -1.76461875E+002   2.82668476E+003   1.45143755E-001   2.82653961E+003  -7.99387451E-001  -1.76316731E+002  -1.77116118E+002
     129       1     1.19999997E+001   7.14939944E+003  -2.07833411E+000   2.82568256E+003   2.82776090E+003   1.41741412E+000  -1.75134612E+002  -1.76552026E+002   2.82648986E+003   1.46378328E-001   2.82634348E+003  -8.07298320E-001  -1.76405648E+002  -1.77212946E+002
     130       1     1.19999997E+001   7.14903323E+003  -2.09890470E+000   2.82547467E+003   2.82757357E+003   1.43059278E+000  -1.75213383E+002  -1.76643976E+002   2.82628915E+003   1.46170585E-001   2.82614298E+003  -8.14482507E-001  -1.76497806E+002  -1.77312288E+002
     131       1     1.19999997E+001   7.14867031E+003  -2.11949941E+000   2.82526842E+003   2.82738792E+003   1.44425194E+000  -1.75291460E+002  -1.76735712E+002   2.82609110E+003   1.47428298E-001   2.82594367E+003  -8.22675770E-001  -1.76588283E+002  -1.77410959E+002
     132       1     1.19999997E+001   7.14830039E+003  -2.14145142E+000   2.82505772E+003   2.82719918E+003   1.45930927E+000  -1.75370549E+002  -1.76829858E+002   2.82588982E+003   1.49958243E-001   2.82573987E+003  -8.32100397E-001  -1.76679900E+002  -1.77512001E+002
     133       1     1.19999997E+001   7.14793406E+003  -2.15914839E+000   2.82485058E+003   2.82700973E+003   1.47017101E+000  -1.75451406E+002  -1.76921577E+002   2.82569002E+003   1.50461852E-001   2.82553956E+003  -8.39439236E-001  -1.76771115E+002  -1.77610554E+002
     134       1     1.19999997E+001   7.14756176E+003  -2.18353776E+000   2.82463693E+003   2.82682047E+003   1.48633634E+000  -1.75530297E+002  -1.77016633E+002   2.82548861E+003   1.54479252E-001   2.82533413E+003  -8.51680674E-001  -1.76862154E+002  -1.77713835E+002
     135       1     1.19999997E+001   7.14719680E+003  -2.20436673E+000   2.82442940E+003   2.82663377E+003   1.50001660E+000  -1.75608808E+002  -1.77108824E+002   2.82528946E+003   1.55704986E-001   2.82513375E+003  -8.60055112E-001  -1.76953119E+002  -1.77813175E+002
     136       1     1.19999997E+001   7.14682904E+003  -2.22475424E+000   2.82422050E+003   2.82644525E+003   1.51334830E+000  -1.75688302E+002  -1.77201650E+002   2.82508886E+003   1.56950830E-001   2.82493191E+003  -8.68356772E-001  -1.77044699E+002  -1.77913056E+002
     137       1     1.19999997E+001   7.14644806E+003  -2.24471566E+000   2.82400492E+003   2.82624964E+003   1.52515590E+000  -1.75770971E+002  -1.77296127E+002   2.82487882E+003   1.54337903E-001   2.82472448E+003  -8.73897666E-001  -1.77141789E+002  -1.78015687E+002
     138       1     1.19999997E+001   7.14606336E+003  -2.26899414E+000   2.82378486E+003   2.82605386E+003   1.54059889E+000  -1.75852707E+002  -1.77393306E+002   2.82466915E+003   1.55888794E-001   2.82451326E+003  -8.84284036E-001  -1.77237417E+002  -1.78121701E+002
     139       1     1.19999997E+001   7.14568536E+003  -2.28984340E+000   2.82357026E+003   2.82586010E+003   1.55356770E+000  -1.75934396E+002  -1.77487964E+002   2.82446203E+003   1.55500752E-001   2.82430653E+003  -8.91776455E-001  -1.77332463E+002  -1.78224240E+002
     140       1     1.19999997E+001   7.14531093E+003  -2.31073837E+000   2.82335711E+003   2.82566785E+003   1.56624963E+000  -1.76015642E+002  -1.77581891E+002   2.82425794E+003   1.56336237E-001   2.82410160E+003  -9.00824974E-001  -1.77425555E+002  -1.78326380E+002
     141       1     1.19999997E+001   7.14492651E+003  -2.33168217E+000   2.82313851E+003   2.82547019E+003   1.57894253E+000  -1.76099326E+002  -1.77678269E+002   2.82404835E+003   1.57101979E-001   2.82389125E+003  -9.09841617E-001  -1.77521167E+002  -1.78431008E+002
     142       1     1.19999997E+001   7.14455475E+003  -2.35259988E+000   2.82292715E+003   2.82527975E+003   1.59238685E+000  -1.76179552E+002  -1.77771939E+002   2.82384540E+003   1.58036168E-001   2.82368736E+003  -9.18249199E-001  -1.77613903E+002  -1.78532152E+002
     143       1     1.19999997E+001   7.14418151E+003  -2.37372136E+000   2.82271489E+003   2.82508861E+003   1.60592831E+000  -1.76260027E+002  -1.77865955E+002   2.82364157E+003   1.58890525E-001   2.82348268E+003  -9.26683569E-001  -1.77707064E+002  -1.78633748E+002
     144       1     1.19999997E+001   7.14380629E+003  -2.39480692E+000   2.82250164E+003   2.82489645E+003   1.61945698E+000  -1.76340942E+002  -1.77960399E+002   2.82343647E+003   1.59483142E-001   2.82327699E+003  -9.34833084E-001  -1.77800916E+002  -1.78735749E+002
     145       1     1.19999997E+001   7.14342956E+003  -2.41613070E+000   2.82228730E+003   2.82470343E+003   1.63296740E+000  -1.76422258E+002  -1.78055225E+002   2.82323083E+003   1.60367968E-001   2.82307046E+003  -9.43531270E-001  -1.77894857E+002  -1.78838389E+002
     146       1     1.19999997E+001   7.14304040E+003  -2.43776000E+000   2.82206664E+003   2.82450440E+003   1.64676492E+000  -1.76505900E+002  -1.78152665E+002   2.82301678E+003   1.59146302E-001   2.82285763E+003  -9.50141382E-001  -1.77993519E+002  -1.78943660E+002
     147       1     1.19999997E+001   7.14265814E+003  -2.46033010E+000   2.82184859E+003   2.82430892E+003   1.66103152E+000  -1.76588028E+002  -1.78249060E+002   2.82280845E+003   1.60553044E-001   2.82264789E+003  -9.59851628E-001  -1.78088507E+002  -1.79048358E+002
     148       1     1.19999997E+001   7.14227357E+003  -2.48229777E+000   2.82162943E+003   2.82411173E+003   1.67436967E+000  -1.76671193E+002  -1.78345563E+002   2.82259873E+003   1.61365436E-001   2.82243736E+003  -9.69293537E-001  -1.78184197E+002  -1.79153491E+002
     149       1     1.19999997E+001   7.14188592E+003  -2.50323027E+000   2.82140949E+003   2.82391272E+003   1.68759207E+000  -1.76755257E+002  -1.78442850E+002   2.82238659E+003   1.61457558E-001   2.82222513E+003  -9.77095764E-001  -1.78281392E+002  -1.79258488E+002
     150       1     1.19999997E+001   7.14149964E+003  -2.52561832E+000   2.82118951E+003   2.82371513E+003   1.70212927E+000  -1.76838309E+002  -1.78540438E+002   2.82217592E+003   1.62925471E-001   2.82201300E+003  -9.86414521E-001  -1.78377513E+002  -1.79363927E+002
     151       1     1.19999997E+001   7.14104575E+003  -2.54934743E+000   2.82093197E+003   2.82348132E+003   1.71626550E+000  -1.76937526E+002  -1.78653792E+002   2.82192774E+003   1.62689385E-001   2.82176505E+003  -9.95771313E-001  -1.78491102E+002  -1.79486874E+002
     152       1     1.19999997E+001   7.14056439E+003  -2.58091610E+000   2.82065626E+003   2.82323717E+003   1.73705456E+000  -1.77038926E+002  -1.78775981E+002   2.82166526E+003   1.65138820E-001   2.82150012E+003  -1.00900037E+000  -1.78610842E+002  -1.79619842E+002
     153       1     1.19999997E+001   7.14007666E+003  -2.60795945E+000   2.82037860E+003   2.82298656E+003   1.75293353E+000  -1.77144904E+002  -1.78897838E+002   2.82139886E+003   1.65237081E-001   2.82123363E+003  -1.02026300E+000  -1.78732601E+002  -1.79752864E+002
     154       1     1.19999997E+001   7.13966463E+003  -2.63312010E+000   2.82014318E+003   2.82277630E+003   1.76724168E+000  -1.77232975E+002  -1.79000217E+002   2.82117264E+003   1.63585014E-001   2.82100906E+003  -1.02946343E+000  -1.78836632E+002  -1.79866095E+002
     155       1     1.19999997E+001   7.13921640E+003  -2.65823724E+000   2.81988780E+003   2.82254604E+003   1.78160734E+000  -1.77330308E+002  -1.79111916E+002   2.82092765E+003   1.63221634E-001   2.82076443E+003  -1.03985153E+000  -1.78948694E+002  -1.79988546E+002
     156       1     1.19999997E+001   7.13885011E+003  -2.67795372E+000   2.81967989E+003   2.82235785E+003   1.79484785E+000  -1.77409872E+002  -1.79204720E+002   2.82072820E+003   1.65204734E-001   2.82056300E+003  -1.04831061E+000  -1.79039515E+002  -1.80087826E+002
     157       1     1.19999997E+001   7.13848801E+003  -2.69926967E+000   2.81947359E+003   2.82217286E+003   1.80952687E+000  -1.77487474E+002  -1.79297001E+002   2.82053130E+003   1.67964740E-001   2.82036333E+003  -1.05770754E+000  -1.79129036E+002  -1.80186744E+002
     158       1     1.19999997E+001   7.13812310E+003  -2.72028508E+000   2.81926602E+003   2.82198631E+003   1.82373412E+000  -1.77565797E+002  -1.79389531E+002   2.82033214E+003   1.69564454E-001   2.82016258E+003  -1.06611542E+000  -1.79219967E+002  -1.80286082E+002
     159       1     1.19999997E+001   7.13775784E+003  -2.74129726E+000   2.81905821E+003   2.82179951E+003   1.83768855E+000  -1.77644268E+002  -1.79481956E+002   2.82013272E+003   1.70902528E-001   2.81996182E+003  -1.07451124E+000  -1.79311054E+002  -1.80385565E+002
     160       1     1.19999997E+001   7.13739468E+003  -2.76252495E+000   2.81885119E+003   2.82161371E+003   1.85189595E+000  -1.77722358E+002  -1.79574254E+002   2.81993532E+003   1.73507327E-001   2.81976181E+003  -1.08413633E+000  -1.79400747E+002  -1.80484883E+002
     161       1     1.19999997E+001   7.13700993E+003  -2.78284902E+000   2.81863306E+003   2.82141591E+003   1.86584395E+000  -1.77806044E+002  -1.79671888E+002   2.81972577E+003   1.75702773E-001   2.81955007E+003  -1.09270785E+000  -1.79496185E+002  -1.80588893E+002
     162       1     1.19999997E+001   7.13663252E+003  -2.80604375E+000   2.81841736E+003   2.82122341E+003   1.88215516E+000  -1.77886613E+002  -1.79768768E+002   2.81952154E+003   1.80290250E-001   2.81934125E+003  -1.10417884E+000  -1.79588478E+002  -1.80692657E+002
     163       1     1.19999997E+001   7.13626144E+003  -2.82847294E+000   2.81820540E+003   2.82103388E+003   1.89672912E+000  -1.77966080E+002  -1.79862809E+002   2.81931962E+003   1.82476956E-001   2.81913715E+003  -1.11422078E+000  -1.79680332E+002  -1.80794553E+002
     164       1     1.19999997E+001   7.13587127E+003  -2.85180446E+000   2.81798261E+003   2.82083441E+003   1.91123603E+000  -1.78049815E+002  -1.79961051E+002   2.81910678E+003   1.83602940E-001   2.81892318E+003  -1.12417137E+000  -1.79777448E+002  -1.80901620E+002
     165       1     1.19999997E+001   7.13548276E+003  -2.87590847E+000   2.81776059E+003   2.82063650E+003   1.92666655E+000  -1.78132492E+002  -1.80059159E+002   2.81889459E+003   1.84755747E-001   2.81870983E+003  -1.13399767E+000  -1.79874403E+002  -1.81008401E+002
     166       1     1.19999997E+001   7.13507016E+003  -2.89781914E+000   2.81752642E+003   2.82042424E+003   1.94173360E+000  -1.78222367E+002  -1.80164101E+002   2.81867044E+003   1.87933447E-001   2.81848250E+003  -1.14401898E+000  -1.79976168E+002  -1.81120187E+002
     167       1     1.19999997E+001   7.13470572E+003  -2.91943608E+000   2.81731875E+003   2.82023819E+003   1.95633191E+000  -1.78300317E+002  -1.80256649E+002   2.81847169E+003   1.89838352E-001   2.81828185E+003  -1.15294252E+000  -1.80066811E+002  -1.81219754E+002
     168       1     1.19999997E+001   7.13433648E+003  -2.94270219E+000   2.81710730E+003   2.82005000E+003   1.97073995E+000  -1.78378977E+002  -1.80349717E+002   2.81827035E+003   1.91086582E-001   2.81807926E+003  -1.16304882E+000  -1.80158630E+002  -1.81321679E+002
     169       1     1.19999997E+001   7.13397281E+003  -2.96206517E+000   2.81690102E+003   2.81986308E+003   1.98342859E+000  -1.78458015E+002  -1.80441444E+002   2.81807168E+003   1.92020996E-001   2.81787965E+003  -1.17065758E+000  -1.80249423E+002  -1.81420081E+002
     170       1     1.19999997E+001   7.13356406E+003  -2.98610717E+000   2.81666765E+003   2.81965375E+003   2.00151044E+000  -1.78546094E+002  -1.80547604E+002   2.81785219E+003   1.99947819E-001   2.81765224E+003  -1.18454456E+000  -1.80347656E+002  -1.81532201E+002
     171       1     1.19999997E+001   7.13320048E+003  -3.00791723E+000   2.81646040E+003   2.81946832E+003   2.01697068E+000  -1.78623670E+002  -1.80640641E+002   2.81765445E+003   2.03096632E-001   2.81745135E+003  -1.19404318E+000  -1.80437544E+002  -1.81631587E+002
     172       1     1.19999997E+001   7.13284760E+003  -3.02863764E+000   2.81625930E+003   2.81928794E+003   2.03146848E+000  -1.78699369E+002  -1.80730838E+002   2.81746278E+003   2.06309934E-001   2.81725647E+003  -1.20347910E+000  -1.80524528E+002  -1.81728007E+002
     173       1     1.19999997E+001   7.13247880E+003  -3.05171599E+000   2.81604834E+003   2.81910005E+003   2.04596139E+000  -1.78777850E+002  -1.80823812E+002   2.81726133E+003   2.07236804E-001   2.81705409E+003  -1.21299140E+000  -1.80616575E+002  -1.81829566E+002
     174       1     1.19999997E+001   7.13210767E+003  -3.07319692E+000   2.81583660E+003   2.81890980E+003   2.06049235E+000  -1.78858003E+002  -1.80918495E+002   2.81706031E+003   2.11004086E-001   2.81684931E+003  -1.22370866E+000  -1.80707491E+002  -1.81931200E+002
     175       1     1.19999997E+001   7.13174348E+003  -3.09299545E+000   2.81562976E+003   2.81872275E+003   2.07475138E+000  -1.78937004E+002  -1.81011756E+002   2.81686282E+003   2.14813667E-001   2.81664800E+003  -1.23305774E+000  -1.80796942E+002  -1.82030000E+002
     176       1     1.19999997E+001   7.13135657E+003  -3.11692828E+000   2.81540887E+003   2.81852580E+003   2.09317670E+000  -1.79019173E+002  -1.81112350E+002   2.81665389E+003   2.21265897E-001   2.81643262E+003  -1.24501748E+000  -1.80891084E+002  -1.82136101E+002
     177       1     1.19999997E+001   7.13099749E+003  -3.13650762E+000   2.81520522E+003   2.81834172E+003   2.10627357E+000  -1.79096718E+002  -1.81202992E+002   2.81645720E+003   2.21750212E-001   2.81623545E+003  -1.25198426E+000  -1.80981242E+002  -1.82233226E+002
     178       1     1.19999997E+001   7.13064507E+003  -3.15810124E+000   2.81500373E+003   2.81816183E+003   2.12099079E+000  -1.79172051E+002  -1.81293042E+002   2.81626607E+003   2.25226260E-001   2.81604084E+003  -1.26233671E+000  -1.81067816E+002  -1.82330153E+002
     179       1     1.19999997E+001   7.13029500E+003  -3.17849501E+000   2.81480436E+003   2.81798286E+003   2.13539925E+000  -1.79247164E+002  -1.81382563E+002   2.81607578E+003   2.28324068E-001   2.81584746E+003  -1.27141983E+000  -1.81154239E+002  -1.82425659E+002
     180       1     1.19999997E+001   7.12994419E+003  -3.19965374E+000   2.81460401E+003   2.81780367E+003   2.15010090E+000  -1.79322271E+002  -1.81472372E+002   2.81588558E+003   2.32015165E-001   2.81565357E+003  -1.28156801E+000  -1.81240357E+002  -1.82521925E+002
     181       1     1.19999997E+001   7.12959127E+003  -3.22018168E+000   2.81440300E+003   2.81762319E+003   2.16531147E+000  -1.79398043E+002  -1.81563355E+002   2.81569453E+003   2.36658489E-001   2.81545787E+003  -1.29152870E+000  -1.81326696E+002  -1.82618225E+002
     182       1     1.19999997E+001   7.12924340E+003  -3.24069184E+000   2.81420468E+003   2.81744537E+003   2.17990989E+000  -1.79472645E+002  -1.81652555E+002   2.81550583E+003   2.40371423E-001   2.81526546E+003  -1.30115337E+000  -1.81412183E+002  -1.82713337E+002
     183       1     1.19999997E+001   7.12889362E+003  -3.26130148E+000   2.81400536E+003   2.81726666E+003   2.19514340E+000  -1.79547575E+002  -1.81742719E+002   2.81531639E+003   2.44872922E-001   2.81507151E+003  -1.31103100E+000  -1.81497846E+002  -1.82808877E+002
     184       1     1.19999997E+001   7.12854333E+003  -3.28122504E+000   2.81380595E+003   2.81708718E+003   2.20919873E+000  -1.79623118E+002  -1.81832317E+002   2.81512625E+003   2.48269257E-001   2.81487798E+003  -1.32029557E+000  -1.81584047E+002  -1.82904343E+002
     185       1     1.19999997E+001   7.12819406E+003  -3.30194880E+000   2.81360670E+003   2.81690865E+003   2.22390180E+000  -1.79698015E+002  -1.81921916E+002   2.81493692E+003   2.52179486E-001   2.81468475E+003  -1.33022648E+000  -1.81669737E+002  -1.82999963E+002
     186       1     1.19999997E+001   7.12784266E+003  -3.32244813E+000   2.81340653E+003   2.81672898E+003   2.23848338E+000  -1.79773410E+002  -1.82011894E+002   2.81474600E+003   2.55500254E-001   2.81449050E+003  -1.33946501E+000  -1.81756393E+002  -1.83095858E+002
     187       1     1.19999997E+001   7.12748701E+003  -3.34227569E+000   2.81320412E+003   2.81654640E+003   2.25207264E+000  -1.79850463E+002  -1.82102536E+002   2.81455292E+003   2.58593929E-001   2.81429433E+003  -1.34879698E+000  -1.81843942E+002  -1.83192739E+002
     188       1     1.19999997E+001   7.12713575E+003  -3.36402802E+000   2.81300326E+003   2.81636729E+003   2.26784347E+000  -1.79925340E+002  -1.82193184E+002   2.81436305E+003   2.63597829E-001   2.81409945E+003  -1.35978237E+000  -1.81929586E+002  -1.83289368E+002
     189       1     1.19999997E+001   7.12677568E+003  -3.38363971E+000   2.81279847E+003   2.81618211E+003   2.27961244E+000  -1.80003670E+002  -1.82283282E+002   2.81416605E+003   2.63547965E-001   2.81390250E+003  -1.36757524E+000  -1.82019734E+002  -1.83387310E+002
     190       1     1.19999997E+001   7.12642345E+003  -3.40440846E+000   2.81259771E+003   2.81600211E+003   2.29446955E+000  -1.80079148E+002  -1.82373617E+002   2.81397482E+003   2.67173882E-001   2.81370764E+003  -1.37711279E+000  -1.82106443E+002  -1.83483556E+002
     191       1     1.19999997E+001   7.12607622E+003  -3.42553233E+000   2.81239946E+003   2.81582499E+003   2.31003293E+000  -1.80153227E+002  -1.82463260E+002   2.81378688E+003   2.71919060E-001   2.81351496E+003  -1.38741846E+000  -1.82191341E+002  -1.83578760E+002
     192       1     1.19999997E+001   7.12573010E+003  -3.44666486E+000   2.81220165E+003   2.81564831E+003   2.32488344E+000  -1.80227193E+002  -1.82552076E+002   2.81359932E+003   2.75886218E-001   2.81332343E+003  -1.39766764E+000  -1.82276190E+002  -1.83673858E+002
     193       1     1.19999997E+001   7.12536524E+003  -3.46518193E+000   2.81199488E+003   2.81546006E+003   2.33916737E+000  -1.80307171E+002  -1.82646338E+002   2.81340249E+003   2.81595608E-001   2.81312090E+003  -1.40761016E+000  -1.82364742E+002  -1.83772353E+002
     194       1     1.19999997E+001   7.12498734E+003  -3.48822084E+000   2.81177877E+003   2.81526699E+003   2.35506923E+000  -1.80388097E+002  -1.82743166E+002   2.81319786E+003   2.85938784E-001   2.81291192E+003  -1.41909039E+000  -1.82457228E+002  -1.83876318E+002
     195       1     1.19999997E+001   7.12462816E+003  -3.50429328E+000   2.81157634E+003   2.81508063E+003   2.36557928E+000  -1.80467862E+002  -1.82833442E+002   2.81300148E+003   2.86422437E-001   2.81271505E+003  -1.42513643E+000  -1.82547019E+002  -1.83972156E+002
     196       1     1.19999997E+001   7.12428191E+003  -3.52493452E+000   2.81137882E+003   2.81490375E+003   2.38036258E+000  -1.80541986E+002  -1.82922349E+002   2.81281363E+003   2.90245934E-001   2.81252339E+003  -1.43481788E+000  -1.82632103E+002  -1.84066921E+002
     197       1     1.19999997E+001   7.12393558E+003  -3.54706714E+000   2.81118026E+003   2.81472732E+003   2.39584607E+000  -1.80615629E+002  -1.83011475E+002   2.81262643E+003   2.94950689E-001   2.81233148E+003  -1.44617176E+000  -1.82716525E+002  -1.84162696E+002
     198       1     1.19999997E+001   7.12358429E+003  -3.56925011E+000   2.81097932E+003   2.81454857E+003   2.41236998E+000  -1.80690119E+002  -1.83102489E+002   2.81243645E+003   3.00249129E-001   2.81213620E+003  -1.45712926E+000  -1.82802239E+002  -1.84259369E+002
     199       1     1.19999997E+001   7.12323476E+003  -3.59130611E+000   2.81077930E+003   2.81437061E+003   2.42828585E+000  -1.80764348E+002  -1.83192633E+002   2.81224723E+003   3.04907922E-001   2.81194232E+003  -1.46792818E+000  -1.82887725E+002  -1.84355654E+002
     200       1     1.19999997E+001   7.12288496E+003  -3.61324519E+000   2.81057910E+003   2.81419235E+003   2.44485744E+000  -1.80838791E+002  -1.83283648E+002   2.81205882E+003   3.11335602E-001   2.81174749E+003  -1.47972335E+000  -1.82972312E+002  -1.84452036E+002
     201       1     1.19999997E+001   7.12252834E+003  -3.63425544E+000   2.81037542E+003   2.81400967E+003   2.45789685E+000  -1.80915617E+002  -1.83373514E+002   2.81186432E+003   3.12548753E-001   2.81155178E+003  -1.48890735E+000  -1.83060965E+002  -1.84549873E+002
     202       1     1.19999997E+001   7.12217609E+003  -3.65443536E+000   2.81017496E+003   2.81382939E+003   2.47251031E+000  -1.80991348E+002  -1.83463858E+002   2.81167291E+003   3.16026720E-001   2.81135688E+003  -1.49795177E+000  -1.83147832E+002  -1.84645783E+002
     203       1     1.19999997E+001   7.12182096E+003  -3.67519464E+000   2.80997266E+003   2.81364786E+003   2.48638138E+000  -1.81067478E+002  -1.83553859E+002   2.81147880E+003   3.17324046E-001   2.81116147E+003  -1.50613731E+000  -1.83236535E+002  -1.84742672E+002
     204       1     1.19999997E+001   7.12147076E+003  -3.69458006E+000   2.80977358E+003   2.81346816E+003   2.50006617E+000  -1.81143226E+002  -1.83643292E+002   2.81128834E+003   3.20238687E-001   2.81096810E+003  -1.51475258E+000  -1.83323053E+002  -1.84837806E+002
     205       1     1.19999997E+001   7.12112599E+003  -3.71468803E+000   2.80957690E+003   2.81329158E+003   2.51466684E+000  -1.81217472E+002  -1.83732139E+002   2.81110199E+003   3.25070655E-001   2.81077692E+003  -1.52509185E+000  -1.83407068E+002  -1.84932160E+002
     206       1     1.19999997E+001   7.12076833E+003  -3.73684113E+000   2.80937235E+003   2.81310919E+003   2.53078751E+000  -1.81293702E+002  -1.83824489E+002   2.81090854E+003   3.30139345E-001   2.81057840E+003  -1.53619296E+000  -1.83494350E+002  -1.85030543E+002
     207       1     1.19999997E+001   7.12041631E+003  -3.75657371E+000   2.80917198E+003   2.81292855E+003   2.54446099E+000  -1.81369846E+002  -1.83914307E+002   2.81071723E+003   3.33136696E-001   2.81038409E+003  -1.54524942E+000  -1.83581170E+002  -1.85126420E+002
     208       1     1.19999997E+001   7.12006029E+003  -3.77917296E+000   2.80896773E+003   2.81274691E+003   2.56068833E+000  -1.81445814E+002  -1.84006503E+002   2.81052565E+003   3.39431779E-001   2.81018622E+003  -1.55791641E+000  -1.83667071E+002  -1.85224987E+002
     209       1     1.19999997E+001   7.11970713E+003  -3.80292777E+000   2.80876440E+003   2.81256733E+003   2.57772539E+000  -1.81520556E+002  -1.84098282E+002   2.81033603E+003   3.46420791E-001   2.80998960E+003  -1.57162318E+000  -1.83751861E+002  -1.85323484E+002
     210       1     1.19999997E+001   7.11936397E+003  -3.82401840E+000   2.80856823E+003   2.81239225E+003   2.59369539E+000  -1.81593773E+002  -1.84187468E+002   2.81015096E+003   3.52412715E-001   2.80979855E+003  -1.58273573E+000  -1.83835055E+002  -1.85417791E+002
     211       1     1.19999997E+001   7.11901601E+003  -3.84215398E+000   2.80837090E+003   2.81221306E+003   2.60711095E+000  -1.81669674E+002  -1.84276785E+002   2.80996229E+003   3.56339601E-001   2.80960595E+003  -1.59138262E+000  -1.83920446E+002  -1.85511828E+002
     212       1     1.19999997E+001   7.11866548E+003  -3.86259003E+000   2.80817115E+003   2.81203374E+003   2.62261810E+000  -1.81744938E+002  -1.84367556E+002   2.80977275E+003   3.61632645E-001   2.80941112E+003  -1.60160457E+000  -1.84005924E+002  -1.85607528E+002
     213       1     1.19999997E+001   7.11831442E+003  -3.88444068E+000   2.80797022E+003   2.81185466E+003   2.63797855E+000  -1.81819791E+002  -1.84457770E+002   2.80958255E+003   3.65866100E-001   2.80921669E+003  -1.61232823E+000  -1.84091904E+002  -1.85704232E+002
     214       1     1.19999997E+001   7.11796259E+003  -3.90680324E+000   2.80776879E+003   2.81167560E+003   2.65437739E+000  -1.81894411E+002  -1.84548788E+002   2.80939221E+003   3.70986885E-001   2.80902122E+003  -1.62341274E+000  -1.84177801E+002  -1.85801214E+002
     215       1     1.19999997E+001   7.11761860E+003  -3.92721963E+000   2.80757241E+003   2.81149963E+003   2.66913553E+000  -1.81968254E+002  -1.84637389E+002   2.80920603E+003   3.75533334E-001   2.80883050E+003  -1.63361743E+000  -1.84261856E+002  -1.85895473E+002
     216       1     1.19999997E+001   7.11727048E+003  -3.94839028E+000   2.80737347E+003   2.81132186E+003   2.68488686E+000  -1.82042673E+002  -1.84727560E+002   2.80901801E+003   3.81034554E-001   2.80863698E+003  -1.64453797E+000  -1.84346526E+002  -1.85991064E+002
     217       1     1.19999997E+001   7.11691948E+003  -3.96937270E+000   2.80717332E+003   2.81114269E+003   2.70076691E+000  -1.82117640E+002  -1.84818407E+002   2.80882786E+003   3.85932115E-001   2.80844193E+003  -1.65453790E+000  -1.84432475E+002  -1.86087013E+002
     218       1     1.19999997E+001   7.11657115E+003  -3.98892933E+000   2.80697484E+003   2.81096377E+003   2.71509865E+000  -1.82193143E+002  -1.84908242E+002   2.80863977E+003   3.91098065E-001   2.80824868E+003  -1.66492875E+000  -1.84517144E+002  -1.86182073E+002
     219       1     1.19999997E+001   7.11621887E+003  -4.00867351E+000   2.80677420E+003   2.81078287E+003   2.72892177E+000  -1.82269455E+002  -1.84998376E+002   2.80844870E+003   3.94745821E-001   2.80805395E+003  -1.67449756E+000  -1.84603631E+002  -1.86278128E+002
     220       1     1.19999997E+001   7.11586893E+003  -4.03086350E+000   2.80657390E+003   2.81060476E+003   2.74654011E+000  -1.82343673E+002  -1.85090213E+002   2.80826060E+003   4.02375929E-001   2.80785822E+003  -1.68669932E+000  -1.84687837E+002  -1.86374537E+002
     221       1     1.19999997E+001   7.11551638E+003  -4.05496241E+000   2.80637089E+003   2.81042585E+003   2.76312613E+000  -1.82417905E+002  -1.85181031E+002   2.80807003E+003   4.07298082E-001   2.80766273E+003  -1.69913437E+000  -1.84773733E+002  -1.86472868E+002
     222       1     1.19999997E+001   7.11516854E+003  -4.07520074E+000   2.80617243E+003   2.81024763E+003   2.77735118E+000  -1.82492856E+002  -1.85270207E+002   2.80788146E+003   4.11180797E-001   2.80747028E+003  -1.70903035E+000  -1.84859026E+002  -1.86568057E+002
     223       1     1.19999997E+001   7.11481904E+003  -4.09563488E+000   2.80597296E+003   2.81006860E+003   2.79242153E+000  -1.82568114E+002  -1.85360535E+002   2.80769270E+003   4.16525977E-001   2.80727618E+003  -1.71973932E+000  -1.84944009E+002  -1.86663749E+002
     224       1     1.19999997E+001   7.11446682E+003  -4.11644302E+000   2.80577210E+003   2.80988855E+003   2.80778635E+000  -1.82643584E+002  -1.85451370E+002   2.80750175E+003   4.20985220E-001   2.80708076E+003  -1.72964190E+000  -1.85030385E+002  -1.86760027E+002
     225       1     1.19999997E+001   7.11411506E+003  -4.13730894E+000   2.80557110E+003   2.80970841E+003   2.82299310E+000  -1.82719280E+002  -1.85542273E+002   2.80731196E+003   4.26543412E-001   2.80688541E+003  -1.74085925E+000  -1.85115730E+002  -1.86856589E+002
     226       1     1.19999997E+001   7.11376677E+003  -4.15815560E+000   2.80537217E+003   2.80953033E+003   2.83885975E+000  -1.82793940E+002  -1.85632800E+002   2.80712416E+003   4.32686215E-001   2.80669147E+003  -1.75198206E+000  -1.85200114E+002  -1.86952096E+002
     227       1     1.19999997E+001   7.11341531E+003  -4.17707200E+000   2.80517243E+003   2.80934950E+003   2.85285752E+000  -1.82870408E+002  -1.85723266E+002   2.80693389E+003   4.37248464E-001   2.80649664E+003  -1.76146295E+000  -1.85286017E+002  -1.87047480E+002
     228       1     1.19999997E+001   7.11306329E+003  -4.19794754E+000   2.80497151E+003   2.80916946E+003   2.86764047E+000  -1.82945922E+002  -1.85813563E+002   2.80674278E+003   4.40960311E-001   2.80630182E+003  -1.77126738E+000  -1.85372602E+002  -1.87143870E+002
     229       1     1.19999997E+001   7.11270931E+003  -4.21932733E+000   2.80476937E+003   2.80898870E+003   2.88363094E+000  -1.83021573E+002  -1.85905204E+002   2.80655126E+003   4.46191150E-001   2.80610507E+003  -1.78188753E+000  -1.85459013E+002  -1.87240900E+002
     230       1     1.19999997E+001   7.11235035E+003  -4.24219758E+000   2.80456365E+003   2.80880585E+003   2.90094949E+000  -1.83097827E+002  -1.85998777E+002   2.80635793E+003   4.53036460E-001   2.80590490E+003  -1.79428455E+000  -1.85545740E+002  -1.87340025E+002
     231       1     1.19999997E+001   7.11199581E+003  -4.26431809E+000   2.80436053E+003   2.80862485E+003   2.91712060E+000  -1.83173540E+002  -1.86090661E+002   2.80616678E+003   4.59044955E-001   2.80570773E+003  -1.80624245E+000  -1.85631616E+002  -1.87437858E+002
     232       1     1.19999997E+001   7.11163383E+003  -4.28164807E+000   2.80415601E+003   2.80843766E+003   2.92947229E+000  -1.83253238E+002  -1.86182710E+002   2.80596939E+003   4.61202608E-001   2.80550819E+003  -1.81337839E+000  -1.85721508E+002  -1.87534886E+002
     233       1     1.19999997E+001   7.11127870E+003  -4.30355188E+000   2.80395302E+003   2.80825657E+003   2.94580264E+000  -1.83328868E+002  -1.86274671E+002   2.80577716E+003   4.66389328E-001   2.80531077E+003  -1.82413856E+000  -1.85808281E+002  -1.87632420E+002
     234       1     1.19999997E+001   7.11092502E+003  -4.32528726E+000   2.80375069E+003   2.80807598E+003   2.96134983E+000  -1.83404427E+002  -1.86365776E+002   2.80558562E+003   4.70985367E-001   2.80511463E+003  -1.83492279E+000  -1.85894791E+002  -1.87729714E+002
     235       1     1.19999997E+001   7.11056983E+003  -4.34654009E+000   2.80354774E+003   2.80789428E+003   2.97611856E+000  -1.83480639E+002  -1.86456757E+002   2.80539281E+003   4.74648818E-001   2.80491817E+003  -1.84507034E+000  -1.85982108E+002  -1.87827179E+002
     236       1     1.19999997E+001   7.11020852E+003  -4.37089565E+000   2.80334008E+003   2.80771098E+003   2.99486005E+000  -1.83556646E+002  -1.86551506E+002   2.80519859E+003   4.82472954E-001   2.80471612E+003  -1.85850856E+000  -1.86069033E+002  -1.87927541E+002
     237       1     1.19999997E+001   7.10985396E+003  -4.39321965E+000   2.80313685E+003   2.80753007E+003   3.01078024E+000  -1.83632249E+002  -1.86643030E+002   2.80500698E+003   4.87688896E-001   2.80451929E+003  -1.87012830E+000  -1.86155341E+002  -1.88025469E+002
     238       1     1.19999997E+001   7.10949640E+003  -4.41796945E+000   2.80293061E+003   2.80734858E+003   3.02796323E+000  -1.83707550E+002  -1.86735513E+002   2.80481428E+003   4.93667340E-001   2.80432062E+003  -1.88367356E+000  -1.86241846E+002  -1.88125519E+002
     239       1     1.19999997E+001   7.10913662E+003  -4.43818094E+000   2.80272532E+003   2.80716350E+003   3.04203320E+000  -1.83785778E+002  -1.86827812E+002   2.80461986E+003   4.98393069E-001   2.80412146E+003  -1.89454081E+000  -1.86329419E+002  -1.88223959E+002
     240       1     1.19999997E+001   7.10876703E+003  -4.46139474E+000   2.80251383E+003   2.80697523E+003   3.05989497E+000  -1.83864280E+002  -1.86924175E+002   2.80442040E+003   5.05064047E-001   2.80391533E+003  -1.90656382E+000  -1.86419111E+002  -1.88325675E+002
     241       1     1.19999997E+001   7.10840126E+003  -4.48205101E+000   2.80230563E+003   2.80678768E+003   3.07686325E+000  -1.83943188E+002  -1.87020051E+002   2.80422362E+003   5.12803686E-001   2.80371082E+003  -1.91799145E+000  -1.86507248E+002  -1.88425239E+002
     242       1     1.19999997E+001   7.10803732E+003  -4.50673198E+000   2.80209613E+003   2.80660286E+003   3.09400090E+000  -1.84019918E+002  -1.87113919E+002   2.80402684E+003   5.17983052E-001   2.80350886E+003  -1.93071414E+000  -1.86595936E+002  -1.88526650E+002
     243       1     1.19999997E+001   7.10767940E+003  -4.52970865E+000   2.80189044E+003   2.80642015E+003   3.10956631E+000  -1.84096319E+002  -1.87205885E+002   2.80383354E+003   5.22964508E-001   2.80331058E+003  -1.94310684E+000  -1.86682921E+002  -1.88626028E+002
     244       1     1.19999997E+001   7.10730972E+003  -4.55536774E+000   2.80167744E+003   2.80623281E+003   3.12844264E+000  -1.84173856E+002  -1.87302299E+002   2.80363450E+003   5.30135374E-001   2.80310436E+003  -1.95706048E+000  -1.86772163E+002  -1.88729224E+002
     245       1     1.19999997E+001   7.10694863E+003  -4.57837964E+000   2.80147036E+003   2.80604874E+003   3.14551389E+000  -1.84250663E+002  -1.87396177E+002   2.80343987E+003   5.36635384E-001   2.80290323E+003  -1.96950114E+000  -1.86859542E+002  -1.88829043E+002
     246       1     1.19999997E+001   7.10658841E+003  -4.60237011E+000   2.80126301E+003   2.80586538E+003   3.16214945E+000  -1.84327031E+002  -1.87489181E+002   2.80324557E+003   5.42338420E-001   2.80270323E+003  -1.98255908E+000  -1.86946842E+002  -1.88929401E+002
     247       1     1.19999997E+001   7.10623517E+003  -4.62458238E+000   2.80106041E+003   2.80568499E+003   3.17744771E+000  -1.84402490E+002  -1.87579938E+002   2.80305442E+003   5.46870849E-001   2.80250754E+003  -1.99400552E+000  -1.87033067E+002  -1.89027072E+002
     248       1     1.19999997E+001   7.10588061E+003  -4.64821290E+000   2.80085614E+003   2.80550436E+003   3.19332789E+000  -1.84477804E+002  -1.87671132E+002   2.80286311E+003   5.52081305E-001   2.80231103E+003  -2.00696631E+000  -1.87119050E+002  -1.89126017E+002
     249       1     1.19999997E+001   7.10551191E+003  -4.67354914E+000   2.80064359E+003   2.80531713E+003   3.21081028E+000  -1.84555501E+002  -1.87766312E+002   2.80266405E+003   5.57721233E-001   2.80210632E+003  -2.02046010E+000  -1.87208590E+002  -1.89229051E+002
     250       1     1.19999997E+001   7.10515310E+003  -4.69882601E+000   2.80043607E+003   2.80513490E+003   3.22708525E+000  -1.84631148E+002  -1.87858233E+002   2.80247028E+003   5.62466166E-001   2.80190781E+003  -2.03420693E+000  -1.87295767E+002  -1.89329974E+002
     251       1     1.19999997E+001   7.10479501E+003  -4.72024916E+000   2.80023126E+003   2.80495151E+003   3.24195481E+000  -1.84708160E+002  -1.87950114E+002   2.80227629E+003   5.66735884E-001   2.80170956E+003  -2.04503023E+000  -1.87383379E+002  -1.89428409E+002
     252       1     1.19999997E+001   7.10443548E+003  -4.74491763E+000   2.80002361E+003   2.80476853E+003   3.25896013E+000  -1.84784337E+002  -1.88043297E+002   2.80208330E+003   5.73735278E-001   2.80150957E+003  -2.05969278E+000  -1.87469562E+002  -1.89529255E+002
     253       1     1.19999997E+001   7.10407730E+003  -4.77156731E+000   2.79981594E+003   2.80458750E+003   3.27782957E+000  -1.84858957E+002  -1.88136787E+002   2.80189122E+003   5.81547966E-001   2.80130967E+003  -2.07528571E+000  -1.87555239E+002  -1.89630525E+002
     254       1     1.19999997E+001   7.10372324E+003  -4.79577685E+000   2.79961213E+003   2.80440791E+003   3.29456099E+000  -1.84933365E+002  -1.88227926E+002   2.80169923E+003   5.85876950E-001   2.80111335E+003  -2.08709281E+000  -1.87642049E+002  -1.89729142E+002
     255       1     1.19999997E+001   7.10336258E+003  -4.82116964E+000   2.79940399E+003   2.80422516E+003   3.31323325E+000  -1.85008969E+002  -1.88322202E+002   2.80150544E+003   5.93509365E-001   2.80091193E+003  -2.10144575E+000  -1.87728693E+002  -1.89830138E+002
     256       1     1.19999997E+001   7.10300779E+003  -4.84605763E+000   2.79919885E+003   2.80404491E+003   3.33034769E+000  -1.85083819E+002  -1.88414166E+002   2.80131487E+003   6.00311740E-001   2.80071456E+003  -2.11602169E+000  -1.87813854E+002  -1.89929876E+002
     257       1     1.19999997E+001   7.10265410E+003  -4.86639824E+000   2.79899675E+003   2.80386315E+003   3.34409100E+000  -1.85160492E+002  -1.88504583E+002   2.80112327E+003   6.04210946E-001   2.80051906E+003  -2.12651818E+000  -1.87900372E+002  -1.90026891E+002
     258       1     1.19999997E+001   7.10229732E+003  -4.89058506E+000   2.79879066E+003   2.80368125E+003   3.35905833E+000  -1.85236400E+002  -1.88595459E+002   2.80093046E+003   6.08273930E-001   2.80032219E+003  -2.13980066E+000  -1.87987185E+002  -1.90126985E+002
     259       1     1.19999997E+001   7.10194733E+003  -4.91461942E+000   2.79858877E+003   2.80350339E+003   3.37553399E+000  -1.85310277E+002  -1.88685811E+002   2.80074164E+003   6.13791638E-001   2.80012785E+003  -2.15287707E+000  -1.88072019E+002  -1.90224896E+002
     260       1     1.19999997E+001   7.10158803E+003  -4.93730831E+000   2.79838235E+003   2.80331966E+003   3.39185299E+000  -1.85387249E+002  -1.88779102E+002   2.80054861E+003   6.20801308E-001   2.79992781E+003  -2.16625662E+000  -1.88158301E+002  -1.90324557E+002
     261       1     1.19999997E+001   7.10123581E+003  -4.96079689E+000   2.79817956E+003   2.80314036E+003   3.40763949E+000  -1.85461901E+002  -1.88869541E+002   2.80035800E+003   6.25279352E-001   2.79973272E+003  -2.17843676E+000  -1.88244262E+002  -1.90422698E+002
     262       1     1.19999997E+001   7.10088521E+003  -4.98396360E+000   2.79797775E+003   2.80296172E+003   3.42348320E+000  -1.85536373E+002  -1.88959857E+002   2.80016866E+003   6.30429824E-001   2.79953823E+003  -2.19091023E+000  -1.88329427E+002  -1.90520337E+002
     263       1     1.19999997E+001   7.10053635E+003  -5.00639446E+000   2.79777729E+003   2.80278369E+003   3.43893973E+000  -1.85610749E+002  -1.89049688E+002   2.79998015E+003   6.35406218E-001   2.79934475E+003  -2.20286095E+000  -1.88414282E+002  -1.90617143E+002
     264       1     1.19999997E+001   7.10018068E+003  -5.02907951E+000   2.79757319E+003   2.80260227E+003   3.45438760E+000  -1.85686485E+002  -1.89140872E+002   2.79978719E+003   6.39302661E-001   2.79914788E+003  -2.21399457E+000  -1.88501570E+002  -1.90715564E+002
     265       1     1.19999997E+001   7.09982730E+003  -5.05327517E+000   2.79736946E+003   2.80242273E+003   3.47119484E+000  -1.85761021E+002  -1.89232216E+002   2.79959643E+003   6.44892544E-001   2.79895154E+003  -2.22697287E+000  -1.88587324E+002  -1.90814297E+002
     266       1     1.19999997E+001   7.09946706E+003  -5.08138219E+000   2.79715969E+003   2.80224107E+003   3.49019959E+000  -1.85835632E+002  -1.89325832E+002   2.79940313E+003   6.52257992E-001   2.79875087E+003  -2.24344059E+000  -1.88673574E+002  -1.90917015E+002
     267       1     1.19999997E+001   7.09910658E+003  -5.10548576E+000   2.79695209E+003   2.80205757E+003   3.50750283E+000  -1.85912018E+002  -1.89419520E+002   2.79920917E+003   6.59096793E-001   2.79855007E+003  -2.25707972E+000  -1.88760424E+002  -1.91017503E+002
     268       1     1.19999997E+001   7.09874822E+003  -5.13058278E+000   2.79674498E+003   2.80187556E+003   3.52498997E+000  -1.85987542E+002  -1.89512531E+002   2.79901651E+003   6.65935445E-001   2.79835057E+003  -2.27152826E+000  -1.88846596E+002  -1.91118124E+002
     269       1     1.19999997E+001   7.09838830E+003  -5.15518547E+000   2.79653706E+003   2.80169224E+003   3.54104225E+000  -1.86063903E+002  -1.89604946E+002   2.79882241E+003   6.71208800E-001   2.79815120E+003  -2.28535202E+000  -1.88933737E+002  -1.91219089E+002
     270       1     1.19999997E+001   7.09802979E+003  -5.17909957E+000   2.79633001E+003   2.80150911E+003   3.55544609E+000  -1.86140506E+002  -1.89695952E+002   2.79862853E+003   6.74862875E-001   2.79795366E+003  -2.29851635E+000  -1.89021089E+002  -1.91319605E+002
     271       1     1.19999997E+001   7.09766522E+003  -5.20415207E+000   2.79611962E+003   2.80132377E+003   3.57199862E+000  -1.86217501E+002  -1.89789499E+002   2.79843127E+003   6.79495132E-001   2.79775177E+003  -2.31164858E+000  -1.89110004E+002  -1.91421653E+002
     272       1     1.19999997E+001   7.09729910E+003  -5.22899384E+000   2.79590835E+003   2.80113735E+003   3.58815426E+000  -1.86295126E+002  -1.89883280E+002   2.79823330E+003   6.84103462E-001   2.79754919E+003  -2.32494304E+000  -1.89199177E+002  -1.91524120E+002
     273       1     1.19999997E+001   7.09693449E+003  -5.25311156E+000   2.79569827E+003   2.80095138E+003   3.60378422E+000  -1.86372735E+002  -1.89976519E+002   2.79803595E+003   6.88357173E-001   2.79734760E+003  -2.33768451E+000  -1.89288162E+002  -1.91625846E+002
     274       1     1.19999997E+001   7.09656076E+003  -5.27557408E+000   2.79548352E+003   2.80075910E+003   3.61710275E+000  -1.86453956E+002  -1.90071059E+002   2.79783374E+003   6.91749735E-001   2.79714199E+003  -2.35022106E+000  -1.89379309E+002  -1.91729530E+002
     275       1     1.19999997E+001   7.09618810E+003  -5.29990976E+000   2.79526901E+003   2.80056892E+003   3.63312190E+000  -1.86533378E+002  -1.90166500E+002   2.79763206E+003   6.96260787E-001   2.79693580E+003  -2.36304865E+000  -1.89470240E+002  -1.91833288E+002
     276       1     1.19999997E+001   7.09581730E+003  -5.32366925E+000   2.79505619E+003   2.80037986E+003   3.64964333E+000  -1.86612237E+002  -1.90261881E+002   2.79743101E+003   7.00788717E-001   2.79673022E+003  -2.37481464E+000  -1.89561092E+002  -1.91935906E+002
     277       1     1.19999997E+001   7.09543770E+003  -5.34659231E+000   2.79483833E+003   2.80018492E+003   3.66374061E+000  -1.86694363E+002  -1.90358103E+002   2.79722515E+003   7.03966635E-001   2.79652118E+003  -2.38681834E+000  -1.89654137E+002  -1.92040955E+002
     278       1     1.19999997E+001   7.09506139E+003  -5.37345635E+000   2.79462025E+003   2.79999371E+003   3.68105123E+000  -1.86773733E+002  -1.90454784E+002   2.79702239E+003   7.09735566E-001   2.79631266E+003  -2.40214068E+000  -1.89745049E+002  -1.92147189E+002
     279       1     1.19999997E+001   7.09467969E+003  -5.39919489E+000   2.79440026E+003   2.79979946E+003   3.69853230E+000  -1.86854536E+002  -1.90553069E+002   2.79681604E+003   7.15112437E-001   2.79610093E+003  -2.41577503E+000  -1.89837956E+002  -1.92253731E+002
     280       1     1.19999997E+001   7.09429896E+003  -5.42411823E+000   2.79418121E+003   2.79960533E+003   3.71498724E+000  -1.86935506E+002  -1.90650493E+002   2.79660957E+003   7.19229192E-001   2.79589034E+003  -2.42836018E+000  -1.89931264E+002  -1.92359624E+002
     281       1     1.19999997E+001   7.09390893E+003  -5.44921776E+000   2.79395748E+003   2.79940669E+003   3.73215818E+000  -1.87018215E+002  -1.90750373E+002   2.79639723E+003   7.22692298E-001   2.79567453E+003  -2.43975188E+000  -1.90027681E+002  -1.92467433E+002
     282       1     1.19999997E+001   7.09351568E+003  -5.47426117E+000   2.79373128E+003   2.79920554E+003   3.74701274E+000  -1.87102483E+002  -1.90849496E+002   2.79618302E+003   7.24492967E-001   2.79545853E+003  -2.45174140E+000  -1.90125003E+002  -1.92576744E+002
     283       1     1.19999997E+001   7.09312674E+003  -5.50029610E+000   2.79350721E+003   2.79900750E+003   3.76506209E+000  -1.87184914E+002  -1.90949976E+002   2.79597304E+003   7.30602647E-001   2.79524244E+003  -2.46583665E+000  -1.90219373E+002  -1.92685210E+002
     284       1     1.19999997E+001   7.09273318E+003  -5.52673557E+000   2.79328072E+003   2.79880745E+003   3.78343255E+000  -1.87267977E+002  -1.91051410E+002   2.79575971E+003   7.35687349E-001   2.79502402E+003  -2.47899037E+000  -1.90315722E+002  -1.92794713E+002
     285       1     1.19999997E+001   7.09233641E+003  -5.55435560E+000   2.79305155E+003   2.79860590E+003   3.80256614E+000  -1.87351586E+002  -1.91154152E+002   2.79554581E+003   7.42472770E-001   2.79480334E+003  -2.49426223E+000  -1.90411680E+002  -1.92905942E+002
     286       1     1.19999997E+001   7.09194308E+003  -5.58042215E+000   2.79282500E+003   2.79840542E+003   3.81995733E+000  -1.87435151E+002  -1.91255108E+002   2.79533293E+003   7.47458863E-001   2.79458547E+003  -2.50792368E+000  -1.90507649E+002  -1.93015573E+002
     287       1     1.19999997E+001   7.09154301E+003  -5.60766832E+000   2.79259456E+003   2.79820223E+003   3.83934887E+000  -1.87519423E+002  -1.91358772E+002   2.79511663E+003   7.53749310E-001   2.79436288E+003  -2.52206876E+000  -1.90605023E+002  -1.93127091E+002
     288       1     1.19999997E+001   7.09113832E+003  -5.63388343E+000   2.79236209E+003   2.79799597E+003   3.85668803E+000  -1.87605377E+002  -1.91462065E+002   2.79489633E+003   7.57047734E-001   2.79413928E+003  -2.53424314E+000  -1.90705018E+002  -1.93239261E+002
     289       1     1.19999997E+001   7.09072963E+003  -5.66228823E+000   2.79212585E+003   2.79778813E+003   3.87592163E+000  -1.87691721E+002  -1.91567643E+002   2.79467611E+003   7.63898150E-001   2.79391221E+003  -2.55026475E+000  -1.90803745E+002  -1.93354009E+002
     290       1     1.19999997E+001   7.09032725E+003  -5.68832205E+000   2.79189424E+003   2.79758257E+003   3.89258752E+000  -1.87777671E+002  -1.91670258E+002   2.79445791E+003   7.67927835E-001   2.79368998E+003  -2.56366237E+000  -1.90902330E+002  -1.93465993E+002
     291       1     1.19999997E+001   7.08991449E+003  -5.71639542E+000   2.79165607E+003   2.79737247E+003   3.91052278E+000  -1.87865063E+002  -1.91775586E+002   2.79423394E+003   7.71992479E-001   2.79346194E+003  -2.57786512E+000  -1.91003594E+002  -1.93581459E+002
     292       1     1.19999997E+001   7.08950634E+003  -5.74211264E+000   2.79142182E+003   2.79716393E+003   3.92776263E+000  -1.87952260E+002  -1.91880022E+002   2.79401227E+003   7.76099407E-001   2.79323617E+003  -2.59044942E+000  -1.91103923E+002  -1.93694372E+002
     293       1     1.19999997E+001   7.08909622E+003  -5.76934022E+000   2.79118545E+003   2.79695479E+003   3.94575396E+000  -1.88039473E+002  -1.91985227E+002   2.79379036E+003   7.81318345E-001   2.79300904E+003  -2.60490460E+000  -1.91203908E+002  -1.93808813E+002
     294       1     1.19999997E+001   7.08868704E+003  -5.79660645E+000   2.79094973E+003   2.79674634E+003   3.96430764E+000  -1.88126273E+002  -1.92090580E+002   2.79356900E+003   7.86968825E-001   2.79278203E+003  -2.61926763E+000  -1.91303611E+002  -1.93922879E+002
     295       1     1.19999997E+001   7.08827551E+003  -5.82350978E+000   2.79071271E+003   2.79653622E+003   3.98187972E+000  -1.88214042E+002  -1.92195922E+002   2.79334618E+003   7.91841056E-001   2.79255434E+003  -2.63347111E+000  -1.91404081E+002  -1.94037552E+002
     296       1     1.19999997E+001   7.08786008E+003  -5.85196826E+000   2.79047293E+003   2.79632490E+003   4.00195422E+000  -1.88301851E+002  -1.92303805E+002   2.79312249E+003   7.99547180E-001   2.79232294E+003  -2.64956122E+000  -1.91504258E+002  -1.94153819E+002
     297       1     1.19999997E+001   7.08744306E+003  -5.87932836E+000   2.79023255E+003   2.79611188E+003   4.02001346E+000  -1.88390883E+002  -1.92410896E+002   2.79289731E+003   8.05442968E-001   2.79209187E+003  -2.66475787E+000  -1.91605453E+002  -1.94270211E+002
     298       1     1.19999997E+001   7.08702236E+003  -5.90815453E+000   2.78998973E+003   2.79589789E+003   4.03989137E+000  -1.88479789E+002  -1.92519681E+002   2.79267026E+003   8.12266879E-001   2.79185799E+003  -2.68053004E+000  -1.91707414E+002  -1.94387944E+002
     299       1     1.19999997E+001   7.08659917E+003  -5.93497968E+000   2.78974686E+003   2.79568184E+003   4.05736080E+000  -1.88570007E+002  -1.92627368E+002   2.79243952E+003   8.15039597E-001   2.79162448E+003  -2.69265848E+000  -1.91812328E+002  -1.94504987E+002
     300       1     1.19999997E+001   7.08617739E+003  -5.96172579E+000   2.78950424E+003   2.79546597E+003   4.07464681E+000  -1.88660467E+002  -1.92735114E+002   2.79221106E+003   8.19737253E-001   2.79139132E+003  -2.70681623E+000  -1.91915377E+002  -1.94622193E+002
     301       1     1.19999997E+001   7.08575633E+003  -5.98480887E+000   2.78926413E+003   2.79524893E+003   4.09031498E+000  -1.88752306E+002  -1.92842621E+002   2.79198238E+003   8.23761549E-001   2.79115862E+003  -2.71825544E+000  -1.92018859E+002  -1.94737115E+002
     302       1     1.19999997E+001   7.08532951E+003  -6.01303046E+000   2.78901820E+003   2.79503123E+003   4.10934092E+000  -1.88843095E+002  -1.92952436E+002   2.79175159E+003   8.29703099E-001   2.79092189E+003  -2.73339264E+000  -1.92122733E+002  -1.94856125E+002
     303       1     1.19999997E+001   7.08490616E+003  -6.04165837E+000   2.78877386E+003   2.79481551E+003   4.12870308E+000  -1.88932923E+002  -1.93061626E+002   2.79152312E+003   8.36311168E-001   2.79068681E+003  -2.74926646E+000  -1.92225315E+002  -1.94974581E+002
     304       1     1.19999997E+001   7.08447570E+003  -6.07141140E+000   2.78852481E+003   2.79459622E+003   4.14836204E+000  -1.89024209E+002  -1.93172571E+002   2.79129126E+003   8.43401545E-001   2.79044786E+003  -2.76645090E+000  -1.92329169E+002  -1.95095620E+002
     305       1     1.19999997E+001   7.08404514E+003  -6.10052855E+000   2.78827636E+003   2.79437688E+003   4.16774437E+000  -1.89115511E+002  -1.93283255E+002   2.79105840E+003   8.49263734E-001   2.79020914E+003  -2.78204791E+000  -1.92433991E+002  -1.95216039E+002
     306       1     1.19999997E+001   7.08361601E+003  -6.12894358E+000   2.78802891E+003   2.79415785E+003   4.18696964E+000  -1.89206932E+002  -1.93393902E+002   2.79082688E+003   8.56001831E-001   2.78997088E+003  -2.79797577E+000  -1.92537900E+002  -1.95335876E+002
     307       1     1.19999997E+001   7.08318052E+003  -6.15921065E+000   2.78777686E+003   2.79393607E+003   4.20687255E+000  -1.89299206E+002  -1.93506079E+002   2.79059223E+003   8.63033001E-001   2.78972919E+003  -2.81537110E+000  -1.92643046E+002  -1.95458417E+002
     308       1     1.19999997E+001   7.08274717E+003  -6.18909020E+000   2.78752648E+003   2.79371557E+003   4.22707681E+000  -1.89390829E+002  -1.93617906E+002   2.79035828E+003   8.69789773E-001   2.78948849E+003  -2.83180316E+000  -1.92748116E+002  -1.95579920E+002
     309       1     1.19999997E+001   7.08231000E+003  -6.21685258E+000   2.78727519E+003   2.79349204E+003   4.24703497E+000  -1.89484343E+002  -1.93731378E+002   2.79012272E+003   8.77708164E-001   2.78924501E+003  -2.84752578E+000  -1.92853670E+002  -1.95701196E+002
     310       1     1.19999997E+001   7.08187349E+003  -6.24487693E+000   2.78702414E+003   2.79326902E+003   4.26595130E+000  -1.89577550E+002  -1.93843501E+002   2.78988628E+003   8.83213892E-001   2.78900307E+003  -2.86213953E+000  -1.92960287E+002  -1.95822427E+002
     311       1     1.19999997E+001   7.08142850E+003  -6.27565376E+000   2.78676715E+003   2.79304281E+003   4.28951778E+000  -1.89671415E+002  -1.93960932E+002   2.78964826E+003   8.94975403E-001   2.78875329E+003  -2.88111138E+000  -1.93065957E+002  -1.95947068E+002
     312       1     1.19999997E+001   7.08098041E+003  -6.30444080E+000   2.78650894E+003   2.79281338E+003   4.30826409E+000  -1.89767571E+002  -1.94075835E+002   2.78940632E+003   9.01198940E-001   2.78850512E+003  -2.89737565E+000  -1.93174636E+002  -1.96072012E+002
     313       1     1.19999997E+001   7.08053674E+003  -6.33296556E+000   2.78625369E+003   2.79258666E+003   4.32759931E+000  -1.89862338E+002  -1.94189938E+002   2.78916622E+003   9.07161286E-001   2.78825906E+003  -2.91252753E+000  -1.93282776E+002  -1.96195304E+002
     314       1     1.19999997E+001   7.08008084E+003  -6.36001838E+000   2.78599244E+003   2.79235246E+003   4.34673593E+000  -1.89960944E+002  -1.94307680E+002   2.78892018E+003   9.14458403E-001   2.78800572E+003  -2.92774085E+000  -1.93393221E+002  -1.96320962E+002
     315       1     1.19999997E+001   7.07962998E+003  -6.38989862E+000   2.78573227E+003   2.79212217E+003   4.36674649E+000  -1.90057131E+002  -1.94423878E+002   2.78867706E+003   9.21639180E-001   2.78775542E+003  -2.94479131E+000  -1.93502239E+002  -1.96447030E+002
     316       1     1.19999997E+001   7.07918148E+003  -6.42124951E+000   2.78547234E+003   2.79189359E+003   4.38675621E+000  -1.90152304E+002  -1.94539060E+002   2.78843539E+003   9.28557668E-001   2.78750683E+003  -2.96305096E+000  -1.93610503E+002  -1.96573553E+002
     317       1     1.19999997E+001   7.07871056E+003  -6.45347606E+000   2.78520009E+003   2.79165356E+003   4.40996229E+000  -1.90252259E+002  -1.94662221E+002   2.78818323E+003   9.39626766E-001   2.78724360E+003  -2.98314053E+000  -1.93722595E+002  -1.96705735E+002
     318       1     1.19999997E+001   7.07826617E+003  -6.48273911E+000   2.78494408E+003   2.79142682E+003   4.43035154E+000  -1.90346817E+002  -1.94777169E+002   2.78794328E+003   9.46819917E-001   2.78699646E+003  -2.99920749E+000  -1.93830349E+002  -1.96829556E+002
     319       1     1.19999997E+001   7.07781508E+003  -6.51446382E+000   2.78468289E+003   2.79119735E+003   4.45023910E+000  -1.90442095E+002  -1.94892334E+002   2.78769880E+003   9.51688732E-001   2.78674711E+003  -3.01591346E+000  -1.93940645E+002  -1.96956558E+002
     320       1     1.19999997E+001   7.07734412E+003  -6.54419445E+000   2.78441232E+003   2.79095651E+003   4.47349215E+000  -1.90542837E+002  -1.95016330E+002   2.78744645E+003   9.63430918E-001   2.78648302E+003  -3.03413322E+000  -1.94052899E+002  -1.97087032E+002
     321       1     1.19999997E+001   7.07689387E+003  -6.57303707E+000   2.78415363E+003   2.79072667E+003   4.49594054E+000  -1.90638749E+002  -1.95134689E+002   2.78720462E+003   9.73896187E-001   2.78623072E+003  -3.05099272E+000  -1.94160793E+002  -1.97211786E+002
     322       1     1.19999997E+001   7.07644707E+003  -6.60570158E+000   2.78389392E+003   2.79049962E+003   4.51688399E+000  -1.90732872E+002  -1.95249756E+002   2.78696417E+003   9.81427118E-001   2.78598274E+003  -3.07024470E+000  -1.94268329E+002  -1.97338574E+002
     323       1     1.19999997E+001   7.07599715E+003  -6.63679551E+000   2.78363423E+003   2.79027103E+003   4.53807508E+000  -1.90827622E+002  -1.95365697E+002   2.78672023E+003   9.87278151E-001   2.78573295E+003  -3.08599857E+000  -1.94378419E+002  -1.97464417E+002
     324       1     1.19999997E+001   7.07554373E+003  -6.66741725E+000   2.78337307E+003   2.79004048E+003   4.55997092E+000  -1.90923272E+002  -1.95483243E+002   2.78647471E+003   9.94195697E-001   2.78548051E+003  -3.10164202E+000  -1.94489047E+002  -1.97590689E+002
     325       1     1.19999997E+001   7.07509989E+003  -6.69721306E+000   2.78311706E+003   2.78981427E+003   4.58087392E+000  -1.91017440E+002  -1.95598314E+002   2.78623527E+003   1.00187093E+000   2.78523340E+003  -3.11821008E+000  -1.94596443E+002  -1.97714653E+002
     326       1     1.19999997E+001   7.07464989E+003  -6.72731051E+000   2.78285737E+003   2.78958468E+003   4.60151284E+000  -1.91113150E+002  -1.95714663E+002   2.78599253E+003   1.00935695E+000   2.78498317E+003  -3.13515462E+000  -1.94705306E+002  -1.97840461E+002
     327       1     1.19999997E+001   7.07420010E+003  -6.75838432E+000   2.78259715E+003   2.78935554E+003   4.62225401E+000  -1.91208472E+002  -1.95830726E+002   2.78574996E+003   1.01667225E+000   2.78473328E+003  -3.15280257E+000  -1.94814054E+002  -1.97966857E+002
     328       1     1.19999997E+001   7.07374916E+003  -6.78923136E+000   2.78233730E+003   2.78912653E+003   4.64356360E+000  -1.91303316E+002  -1.95946879E+002   2.78550479E+003   1.02182587E+000   2.78448296E+003  -3.16749362E+000  -1.94925053E+002  -1.98092547E+002
     329       1     1.19999997E+001   7.07329659E+003  -6.82230853E+000   2.78207435E+003   2.78889666E+003   4.66531401E+000  -1.91398526E+002  -1.96063840E+002   2.78526127E+003   1.02992479E+000   2.78423134E+003  -3.18691931E+000  -1.95033916E+002  -1.98220835E+002
     330       1     1.19999997E+001   7.07284162E+003  -6.85195087E+000   2.78181249E+003   2.78866445E+003   4.68582982E+000  -1.91495370E+002  -1.96181200E+002   2.78501490E+003   1.03628139E+000   2.78397862E+003  -3.20240245E+000  -1.95144918E+002  -1.98347321E+002
     331       1     1.19999997E+001   7.07238023E+003  -6.88256929E+000   2.78154641E+003   2.78842898E+003   4.70629605E+000  -1.91593554E+002  -1.96299850E+002   2.78476516E+003   1.04247655E+000   2.78372268E+003  -3.21874979E+000  -1.95257373E+002  -1.98476123E+002
     332       1     1.19999997E+001   7.07193067E+003  -6.91347343E+000   2.78128643E+003   2.78819991E+003   4.72675641E+000  -1.91688852E+002  -1.96415609E+002   2.78452229E+003   1.04913979E+000   2.78347315E+003  -3.23585681E+000  -1.95366469E+002  -1.98602326E+002
     333       1     1.19999997E+001   7.07147910E+003  -6.94568176E+000   2.78102480E+003   2.78797048E+003   4.74847970E+000  -1.91783910E+002  -1.96532389E+002   2.78427866E+003   1.05666060E+000   2.78322200E+003  -3.25386267E+000  -1.95475729E+002  -1.98729591E+002
     334       1     1.19999997E+001   7.07102386E+003  -6.97401504E+000   2.78076232E+003   2.78773634E+003   4.76645657E+000  -1.91882591E+002  -1.96649048E+002   2.78403355E+003   1.06367278E+000   2.78296988E+003  -3.27123125E+000  -1.95585375E+002  -1.98856606E+002
     335       1     1.19999997E+001   7.07056956E+003  -7.00329932E+000   2.78050045E+003   2.78750375E+003   4.78577292E+000  -1.91979995E+002  -1.96765768E+002   2.78378810E+003   1.07012516E+000   2.78271797E+003  -3.28765156E+000  -1.95695643E+002  -1.98983295E+002
     336       1     1.19999997E+001   7.07011407E+003  -7.03480345E+000   2.78023705E+003   2.78727185E+003   4.80708081E+000  -1.92076344E+002  -1.96883424E+002   2.78354213E+003   1.07735368E+000   2.78246477E+003  -3.30507632E+000  -1.95806071E+002  -1.99111147E+002
     337       1     1.19999997E+001   7.06965780E+003  -7.06552462E+000   2.77997366E+003   2.78703918E+003   4.82791878E+000  -1.92173234E+002  -1.97001153E+002   2.78329551E+003   1.08424288E+000   2.78221126E+003  -3.32184872E+000  -1.95916910E+002  -1.99238759E+002
     338       1     1.19999997E+001   7.06919655E+003  -7.09826491E+000   2.77970617E+003   2.78680443E+003   4.84916505E+000  -1.92270715E+002  -1.97119880E+002   2.78304664E+003   1.09137052E+000   2.78195527E+003  -3.34047038E+000  -1.96028509E+002  -1.99368980E+002
     339       1     1.19999997E+001   7.06873830E+003  -7.12789420E+000   2.77944224E+003   2.78657013E+003   4.86904503E+000  -1.92368646E+002  -1.97237691E+002   2.78279852E+003   1.09743935E+000   2.78170108E+003  -3.35628852E+000  -1.96140251E+002  -1.99496540E+002
     340       1     1.19999997E+001   7.06827595E+003  -7.15958617E+000   2.77917476E+003   2.78633434E+003   4.88944249E+000  -1.92466834E+002  -1.97356276E+002   2.78254844E+003   1.10354205E+000   2.78144490E+003  -3.37368573E+000  -1.96252734E+002  -1.99626420E+002
     341       1     1.19999997E+001   7.06781033E+003  -7.19019582E+000   2.77890579E+003   2.78609599E+003   4.90900153E+000  -1.92566612E+002  -1.97475614E+002   2.78229698E+003   1.10998907E+000   2.78118699E+003  -3.39118337E+000  -1.96365624E+002  -1.99756808E+002
     342       1     1.19999997E+001   7.06734012E+003  -7.22283874E+000   2.77863359E+003   2.78585642E+003   4.92985985E+000  -1.92666231E+002  -1.97596091E+002   2.78204242E+003   1.11586040E+000   2.78092656E+003  -3.40883929E+000  -1.96480230E+002  -1.99889070E+002
     343       1     1.19999997E+001   7.06687636E+003  -7.25519231E+000   2.77836520E+003   2.78562039E+003   4.95156111E+000  -1.92764235E+002  -1.97715796E+002   2.78179189E+003   1.12306069E+000   2.78066883E+003  -3.42669189E+000  -1.96592735E+002  -2.00019427E+002
     344       1     1.19999997E+001   7.06640911E+003  -7.28709882E+000   2.77809509E+003   2.78538219E+003   4.97241587E+000  -1.92863359E+002  -1.97835775E+002   2.78153890E+003   1.12912298E+000   2.78040978E+003  -3.44380593E+000  -1.96706652E+002  -2.00150458E+002
     345       1     1.19999997E+001   7.06594239E+003  -7.31978326E+000   2.77782496E+003   2.78514474E+003   4.99400898E+000  -1.92961894E+002  -1.97955903E+002   2.78128634E+003   1.13560338E+000   2.78015073E+003  -3.46137766E+000  -1.96820300E+002  -2.00281678E+002
     346       1     1.19999997E+001   7.06547323E+003  -7.35131151E+000   2.77755404E+003   2.78490535E+003   5.01549921E+000  -1.93061640E+002  -1.98077140E+002   2.78103298E+003   1.14312941E+000   2.77988985E+003  -3.47894172E+000  -1.96934010E+002  -2.00412952E+002
     347       1     1.19999997E+001   7.06500222E+003  -7.38314955E+000   2.77728205E+003   2.78466520E+003   5.03769429E+000  -1.93161588E+002  -1.98199283E+002   2.78077884E+003   1.15133475E+000   2.77962751E+003  -3.49679001E+000  -1.97047948E+002  -2.00544738E+002
     348       1     1.19999997E+001   7.06453013E+003  -7.41346842E+000   2.77700988E+003   2.78442335E+003   5.05772918E+000  -1.93262921E+002  -1.98320650E+002   2.78052378E+003   1.15816006E+000   2.77936562E+003  -3.51389930E+000  -1.97162490E+002  -2.00676389E+002
     349       1     1.19999997E+001   7.06405687E+003  -7.44522635E+000   2.77673670E+003   2.78418192E+003   5.07950734E+000  -1.93363469E+002  -1.98442976E+002   2.78026801E+003   1.16559667E+000   2.77910241E+003  -3.53131569E+000  -1.97277379E+002  -2.00808695E+002
     350       1     1.19999997E+001   7.06358535E+003  -7.47718439E+000   2.77646390E+003   2.78394108E+003   5.09988107E+000  -1.93463946E+002  -1.98563827E+002   2.78001306E+003   1.17185874E+000   2.77884120E+003  -3.54916206E+000  -1.97391969E+002  -2.00941131E+002
     351       1     1.19999997E+001   7.06310679E+003  -7.50814723E+000   2.77618737E+003   2.78369551E+003   5.12059901E+000  -1.93567055E+002  -1.98687654E+002   2.77975626E+003   1.18134451E+000   2.77857492E+003  -3.56889274E+000  -1.97506310E+002  -2.01075202E+002
     352       1     1.19999997E+001   7.06262970E+003  -7.54020609E+000   2.77591172E+003   2.78345193E+003   5.14189806E+000  -1.93668616E+002  -1.98810514E+002   2.77949837E+003   1.18833755E+000   2.77831003E+003  -3.58664558E+000  -1.97622176E+002  -2.01208822E+002
     353       1     1.19999997E+001   7.06215037E+003  -7.57368229E+000   2.77563382E+003   2.78320751E+003   5.16391477E+000  -1.93770340E+002  -1.98934255E+002   2.77924019E+003   1.19659682E+000   2.77804359E+003  -3.60636434E+000  -1.97737658E+002  -2.01344022E+002
     354       1     1.19999997E+001   7.06167054E+003  -7.60583095E+000   2.77535668E+003   2.78296251E+003   5.18556622E+000  -1.93872485E+002  -1.99058051E+002   2.77898092E+003   1.20397492E+000   2.77777695E+003  -3.62423965E+000  -1.97854076E+002  -2.01478316E+002
     355       1     1.19999997E+001   7.06118718E+003  -7.63803066E+000   2.77507764E+003   2.78271567E+003   5.20772097E+000  -1.93975429E+002  -1.99183150E+002   2.77872004E+003   1.21209434E+000   2.77750795E+003  -3.64240403E+000  -1.97971056E+002  -2.01613460E+002
     356       1     1.19999997E+001   7.06070126E+003  -7.67136068E+000   2.77479652E+003   2.78246788E+003   5.22987605E+000  -1.94078548E+002  -1.99308424E+002   2.77845748E+003   1.21947635E+000   2.77723800E+003  -3.66096097E+000  -1.98088947E+002  -2.01749908E+002
     357       1     1.19999997E+001   7.06021119E+003  -7.70267084E+000   2.77451489E+003   2.78221756E+003   5.25163722E+000  -1.94182957E+002  -1.99434594E+002   2.77819101E+003   1.22508565E+000   2.77696592E+003  -3.67611927E+000  -1.98209508E+002  -2.01885628E+002
     358       1     1.19999997E+001   7.05972487E+003  -7.73718058E+000   2.77423319E+003   2.78197037E+003   5.27544436E+000  -1.94285345E+002  -1.99560790E+002   2.77792854E+003   1.23361400E+000   2.77669493E+003  -3.69535023E+000  -1.98327176E+002  -2.02022526E+002
     359       1     1.19999997E+001   7.05921827E+003  -7.77211283E+000   2.77394050E+003   2.78171261E+003   5.29967373E+000  -1.94392268E+002  -1.99691942E+002   2.77765432E+003   1.24138425E+000   2.77641294E+003  -3.71382335E+000  -1.98450558E+002  -2.02164381E+002
     360       1     1.19999997E+001   7.05870136E+003  -7.80983269E+000   2.77363914E+003   2.78144898E+003   5.32324926E+000  -1.94501993E+002  -1.99825243E+002   2.77737729E+003   1.25156673E+000   2.77612573E+003  -3.73815016E+000  -1.98573676E+002  -2.02311826E+002
     361       1     1.19999997E+001   7.05818587E+003  -7.84633748E+000   2.77334100E+003   2.78118734E+003   5.34874000E+000  -1.94610138E+002  -1.99958878E+002   2.77709805E+003   1.25945166E+000   2.77583860E+003  -3.75704914E+000  -1.98699426E+002  -2.02456475E+002
     362       1     1.19999997E+001   7.05766630E+003  -7.88307125E+000   2.77304070E+003   2.78092377E+003   5.37744124E+000  -1.94718992E+002  -2.00096433E+002   2.77681908E+003   1.27275639E+000   2.77554633E+003  -3.77838639E+000  -1.98823677E+002  -2.02602063E+002
     363       1     1.19999997E+001   7.05715085E+003  -7.91985408E+000   2.77274186E+003   2.78066172E+003   5.40132798E+000  -1.94827559E+002  -2.00228887E+002   2.77653980E+003   1.27941155E+000   2.77526039E+003  -3.79793765E+000  -1.98949475E+002  -2.02747413E+002
     364       1     1.19999997E+001   7.05663853E+003  -7.95388101E+000   2.77244606E+003   2.78039994E+003   5.42525121E+000  -1.94936770E+002  -2.00362022E+002   2.77626376E+003   1.28906630E+000   2.77497469E+003  -3.81769610E+000  -1.99072955E+002  -2.02890651E+002
     365       1     1.19999997E+001   7.05612466E+003  -7.98696618E+000   2.77215005E+003   2.78013702E+003   5.44887630E+000  -1.95046676E+002  -2.00495552E+002   2.77598655E+003   1.29841283E+000   2.77468814E+003  -3.83650271E+000  -1.99197139E+002  -2.03033642E+002
     366       1     1.19999997E+001   7.05561350E+003  -8.02343581E+000   2.77185338E+003   2.77987682E+003   5.47339143E+000  -1.95154648E+002  -2.00628040E+002   2.77571127E+003   1.30784337E+000   2.77440343E+003  -3.85788775E+000  -1.99320196E+002  -2.03178084E+002
     367       1     1.19999997E+001   7.05510177E+003  -8.05272447E+000   2.77156006E+003   2.77961278E+003   5.49354931E+000  -1.95266292E+002  -2.00759842E+002   2.77543476E+003   1.31552389E+000   2.77411923E+003  -3.87469905E+000  -1.99444318E+002  -2.03319017E+002
     368       1     1.19999997E+001   7.05458964E+003  -8.08765016E+000   2.77126275E+003   2.77935040E+003   5.51639886E+000  -1.95376158E+002  -2.00892557E+002   2.77516068E+003   1.32667640E+000   2.77383400E+003  -3.89792770E+000  -1.99565881E+002  -2.03463808E+002
     369       1     1.19999997E+001   7.05406547E+003  -8.12461005E+000   2.77095928E+003   2.77908389E+003   5.54103544E+000  -1.95486553E+002  -2.01027588E+002   2.77487642E+003   1.33356119E+000   2.77354286E+003  -3.91713581E+000  -1.99694027E+002  -2.03611163E+002
     370       1     1.19999997E+001   7.05357231E+003  -8.15549193E+000   2.77067573E+003   2.77883122E+003   5.56375038E+000  -1.95592354E+002  -2.01156104E+002   2.77461047E+003   1.34299557E+000   2.77326747E+003  -3.93473711E+000  -1.99813108E+002  -2.03747846E+002
     371       1     1.19999997E+001   7.05307239E+003  -8.18720726E+000   2.77038738E+003   2.77857459E+003   5.58619889E+000  -1.95700096E+002  -2.01286295E+002   2.77434214E+003   1.35375092E+000   2.77298839E+003  -3.95475928E+000  -1.99932544E+002  -2.03887303E+002
     372       1     1.19999997E+001   7.05259152E+003  -8.21793543E+000   2.77011015E+003   2.77832809E+003   5.60724354E+000  -1.95803370E+002  -2.01410614E+002   2.77408260E+003   1.36175829E+000   2.77272084E+003  -3.97245017E+000  -2.00048856E+002  -2.04021306E+002
     373       1     1.19999997E+001   7.05209580E+003  -8.25381178E+000   2.76982164E+003   2.77807546E+003   5.63118492E+000  -1.95908350E+002  -2.01539535E+002   2.77381702E+003   1.37275246E+000   2.77244427E+003  -3.99537932E+000  -2.00166783E+002  -2.04162162E+002
     374       1     1.19999997E+001   7.05161899E+003  -8.28430647E+000   2.76954662E+003   2.77783093E+003   5.65143797E+000  -1.96010853E+002  -2.01662291E+002   2.77355937E+003   1.37987420E+000   2.77217949E+003  -4.01274270E+000  -2.00282417E+002  -2.04295160E+002
     375       1     1.19999997E+001   7.05113831E+003  -8.31668819E+000   2.76926805E+003   2.77758474E+003   5.67182465E+000  -1.96113869E+002  -2.01785694E+002   2.77330024E+003   1.38732822E+000   2.77191291E+003  -4.03219175E+000  -2.00398366E+002  -2.04430558E+002
     376       1     1.19999997E+001   7.05065933E+003  -8.34657062E+000   2.76899202E+003   2.77733859E+003   5.69002416E+000  -1.96217347E+002  -2.01907372E+002   2.77304003E+003   1.39146453E+000   2.77164856E+003  -4.04801099E+000  -2.00515907E+002  -2.04563918E+002
     377       1     1.19999997E+001   7.05017672E+003  -8.37953768E+000   2.76871151E+003   2.77709104E+003   5.71018510E+000  -1.96321128E+002  -2.02031313E+002   2.77278103E+003   1.40016747E+000   2.77138086E+003  -4.06952006E+000  -2.00631146E+002  -2.04700666E+002
     378       1     1.19999997E+001   7.04968565E+003  -8.41241633E+000   2.76842765E+003   2.77684006E+003   5.73247461E+000  -1.96425828E+002  -2.02158303E+002   2.77251589E+003   1.40830627E+000   2.77110759E+003  -4.08824799E+000  -2.00749996E+002  -2.04838244E+002
     379       1     1.19999997E+001   7.04920565E+003  -8.44412949E+000   2.76815009E+003   2.77659422E+003   5.75384100E+000  -1.96528682E+002  -2.02282523E+002   2.77225742E+003   1.41704388E+000   2.77084038E+003  -4.10733237E+000  -2.00865479E+002  -2.04972811E+002
     380       1     1.19999997E+001   7.04872232E+003  -8.47511493E+000   2.76787142E+003   2.77634653E+003   5.77477642E+000  -1.96632381E+002  -2.02407158E+002   2.77199601E+003   1.42425695E+000   2.77057176E+003  -4.12459545E+000  -2.00982901E+002  -2.05107496E+002
     381       1     1.19999997E+001   7.04823076E+003  -8.50654806E+000   2.76758745E+003   2.77609400E+003   5.79431630E+000  -1.96738479E+002  -2.02532795E+002   2.77173020E+003   1.43052134E+000   2.77029968E+003  -4.14275310E+000  -2.01102274E+002  -2.05245027E+002
     382       1     1.19999997E+001   7.04774738E+003  -8.53332309E+000   2.76730918E+003   2.77584250E+003   5.80900297E+000  -1.96845971E+002  -2.02654974E+002   2.77146964E+003   1.43614211E+000   2.77003350E+003  -4.16046222E+000  -2.01218832E+002  -2.05379294E+002
     383       1     1.19999997E+001   7.04726522E+003  -8.56235879E+000   2.76703115E+003   2.77559351E+003   5.82602074E+000  -1.96951319E+002  -2.02777340E+002   2.77120879E+003   1.44129612E+000   2.76976749E+003  -4.17763417E+000  -2.01336043E+002  -2.05513678E+002
     384       1     1.19999997E+001   7.04678395E+003  -8.59453204E+000   2.76675207E+003   2.77534660E+003   5.84585606E+000  -1.97054843E+002  -2.02900699E+002   2.77094954E+003   1.44879399E+000   2.76950075E+003  -4.19746997E+000  -2.01451905E+002  -2.05649375E+002
     385       1     1.19999997E+001   7.04630155E+003  -8.62558345E+000   2.76647287E+003   2.77509846E+003   5.86526646E+000  -1.97159265E+002  -2.03024531E+002   2.77068996E+003   1.45677492E+000   2.76923319E+003  -4.21709192E+000  -2.01567756E+002  -2.05784848E+002
     386       1     1.19999997E+001   7.04581821E+003  -8.66032903E+000   2.76619063E+003   2.77485096E+003   5.88558840E+000  -1.97262749E+002  -2.03148337E+002   2.77043093E+003   1.46555514E+000   2.76896537E+003  -4.24029577E+000  -2.01682782E+002  -2.05923078E+002
     387       1     1.19999997E+001   7.04533667E+003  -8.69284988E+000   2.76591088E+003   2.77460373E+003   5.90562852E+000  -1.97366508E+002  -2.03272136E+002   2.77017254E+003   1.47444216E+000   2.76869810E+003  -4.26166352E+000  -2.01797694E+002  -2.06059357E+002
     388       1     1.19999997E+001   7.04485163E+003  -8.72442701E+000   2.76563041E+003   2.77435484E+003   5.92696725E+000  -1.97470873E+002  -2.03397840E+002   2.76991179E+003   1.48391683E+000   2.76842787E+003  -4.28137659E+000  -2.01913923E+002  -2.06195300E+002
     389       1     1.19999997E+001   7.04435738E+003  -8.75589792E+000   2.76534573E+003   2.77410162E+003   5.94916779E+000  -1.97576819E+002  -2.03525986E+002   2.76964462E+003   1.49216518E+000   2.76815246E+003  -4.29889531E+000  -2.02033821E+002  -2.06332717E+002
     390       1     1.19999997E+001   7.04385969E+003  -8.78733180E+000   2.76505751E+003   2.77384484E+003   5.96889354E+000  -1.97685301E+002  -2.03654194E+002   2.76937811E+003   1.50215388E+000   2.76787595E+003  -4.32059215E+000  -2.02152041E+002  -2.06472633E+002
     391       1     1.19999997E+001   7.04337648E+003  -8.81908255E+000   2.76477785E+003   2.77359693E+003   5.99005551E+000  -1.97789228E+002  -2.03779283E+002   2.76911835E+003   1.51147346E+000   2.76760687E+003  -4.34050050E+000  -2.02267810E+002  -2.06608310E+002
     392       1     1.19999997E+001   7.04289605E+003  -8.85015509E+000   2.76449964E+003   2.77334980E+003   6.00924433E+000  -1.97893195E+002  -2.03902440E+002   2.76885964E+003   1.51908946E+000   2.76734055E+003  -4.36000022E+000  -2.02383350E+002  -2.06743350E+002
     393       1     1.19999997E+001   7.04241376E+003  -8.88190645E+000   2.76421959E+003   2.77310150E+003   6.02846532E+000  -1.97997771E+002  -2.04026237E+002   2.76860106E+003   1.52802664E+000   2.76707304E+003  -4.38146777E+000  -2.02498210E+002  -2.06879678E+002
     394       1     1.19999997E+001   7.04192714E+003  -8.91479121E+000   2.76393603E+003   2.77285082E+003   6.04716966E+000  -1.98103433E+002  -2.04150603E+002   2.76834074E+003   1.53708481E+000   2.76680366E+003  -4.40470636E+000  -2.02613518E+002  -2.07018224E+002
     395       1     1.19999997E+001   7.04144299E+003  -8.94535449E+000   2.76365512E+003   2.77260048E+003   6.06385837E+000  -1.98209499E+002  -2.04273357E+002   2.76808047E+003   1.54385402E+000   2.76653662E+003  -4.42535014E+000  -2.02729503E+002  -2.07154853E+002
     396       1     1.19999997E+001   7.04095899E+003  -8.97909893E+000   2.76337333E+003   2.77235242E+003   6.08402130E+000  -1.98313311E+002  -2.04397332E+002   2.76782027E+003   1.55186435E+000   2.76626840E+003  -4.44694197E+000  -2.02845468E+002  -2.07292410E+002
     397       1     1.19999997E+001   7.04047116E+003  -9.01138617E+000   2.76309093E+003   2.77210231E+003   6.10414539E+000  -1.98418034E+002  -2.04522180E+002   2.76755634E+003   1.55816747E+000   2.76599817E+003  -4.46540825E+000  -2.02964012E+002  -2.07429420E+002
     398       1     1.19999997E+001   7.03998060E+003  -9.04264970E+000   2.76280664E+003   2.77184929E+003   6.12194424E+000  -1.98524854E+002  -2.04646798E+002   2.76729181E+003   1.56446230E+000   2.76572735E+003  -4.48516775E+000  -2.03082336E+002  -2.07567504E+002
     399       1     1.19999997E+001   7.03949345E+003  -9.07168293E+000   2.76252576E+003   2.77159744E+003   6.13839924E+000  -1.98631518E+002  -2.04769917E+002   2.76702764E+003   1.56860361E+000   2.76545904E+003  -4.50188730E+000  -2.03201313E+002  -2.07703201E+002
     400       1     1.19999997E+001   7.03899604E+003  -9.10712455E+000   2.76223598E+003   2.77134311E+003   6.16112079E+000  -1.98737595E+002  -2.04898716E+002   2.76676109E+003   1.57910080E+000   2.76518199E+003  -4.52510456E+000  -2.03319615E+002  -2.07844720E+002
     401       1     1.19999997E+001   7.03851302E+003  -9.13973878E+000   2.76195543E+003   2.77109517E+003   6.18217573E+000  -1.98841563E+002  -2.05023739E+002   2.76650229E+003   1.58929934E+000   2.76491300E+003  -4.54686239E+000  -2.03434439E+002  -2.07981302E+002
     402       1     1.19999997E+001   7.03803290E+003  -9.16954331E+000   2.76167766E+003   2.77084720E+003   6.19998303E+000  -1.98946430E+002  -2.05146413E+002   2.76624390E+003   1.59668267E+000   2.76464722E+003  -4.56624295E+000  -2.03549730E+002  -2.08115973E+002
     403       1     1.19999997E+001   7.03754058E+003  -9.20163086E+000   2.76139258E+003   2.77059421E+003   6.22050293E+000  -1.99052674E+002  -2.05273177E+002   2.76597883E+003   1.60512662E+000   2.76437371E+003  -4.58625455E+000  -2.03668050E+002  -2.08254305E+002
     404       1     1.19999997E+001   7.03705859E+003  -9.23475670E+000   2.76111155E+003   2.77034631E+003   6.23939032E+000  -1.99156904E+002  -2.05396294E+002   2.76572045E+003   1.61353791E+000   2.76410692E+003  -4.60890429E+000  -2.03782757E+002  -2.08391661E+002
     405       1     1.19999997E+001   7.03657812E+003  -9.26546013E+000   2.76083288E+003   2.77009834E+003   6.25707954E+000  -1.99261648E+002  -2.05518727E+002   2.76546197E+003   1.62070252E+000   2.76384126E+003  -4.62908312E+000  -2.03898025E+002  -2.08527108E+002
     406       1     1.19999997E+001   7.03609389E+003  -9.29755569E+000   2.76055121E+003   2.76984877E+003   6.27514658E+000  -1.99366876E+002  -2.05642022E+002   2.76520182E+003   1.62819236E+000   2.76357362E+003  -4.65060147E+000  -2.04013830E+002  -2.08664431E+002
     407       1     1.19999997E+001   7.03560533E+003  -9.32713734E+000   2.76026943E+003   2.76959656E+003   6.29236970E+000  -1.99473444E+002  -2.05765813E+002   2.76493673E+003   1.63253165E+000   2.76330419E+003  -4.66729929E+000  -2.04133282E+002  -2.08800581E+002
     408       1     1.19999997E+001   7.03511176E+003  -9.35751677E+000   2.75998449E+003   2.76934201E+003   6.31132611E+000  -1.99580859E+002  -2.05892185E+002   2.76467021E+003   1.63952758E+000   2.76303069E+003  -4.68571824E+000  -2.04252657E+002  -2.08938376E+002
     409       1     1.19999997E+001   7.03462516E+003  -9.38940515E+000   2.75970236E+003   2.76909177E+003   6.33176337E+000  -1.99686042E+002  -2.06017805E+002   2.76440899E+003   1.64898914E+000   2.76276000E+003  -4.70663093E+000  -2.04368816E+002  -2.09075447E+002
     410       1     1.19999997E+001   7.03414391E+003  -9.42147952E+000   2.75942235E+003   2.76884383E+003   6.35055541E+000  -1.99790509E+002  -2.06141065E+002   2.76415106E+003   1.65778682E+000   2.76249327E+003  -4.72871093E+000  -2.04483278E+002  -2.09211989E+002
     411       1     1.19999997E+001   7.03366357E+003  -9.45307047E+000   2.75914325E+003   2.76859632E+003   6.36851099E+000  -1.99894813E+002  -2.06263324E+002   2.76389246E+003   1.66465572E+000   2.76222781E+003  -4.74921521E+000  -2.04598668E+002  -2.09347883E+002
     412       1     1.19999997E+001   7.03316591E+003  -9.48729547E+000   2.75885290E+003   2.76834020E+003   6.38784679E+000  -2.00002560E+002  -2.06390407E+002   2.76362580E+003   1.67345206E+000   2.76195235E+003  -4.77290073E+000  -2.04716955E+002  -2.09489855E+002
     413       1     1.19999997E+001   7.03267926E+003  -9.51818038E+000   2.75857130E+003   2.76808948E+003   6.40616091E+000  -2.00108186E+002  -2.06514347E+002   2.76336266E+003   1.67933969E+000   2.76168332E+003  -4.79135915E+000  -2.04835007E+002  -2.09626366E+002
     414       1     1.19999997E+001   7.03219260E+003  -9.55058048E+000   2.75828841E+003   2.76783899E+003   6.42465574E+000  -2.00213579E+002  -2.06638235E+002   2.76310047E+003   1.68613293E+000   2.76141433E+003  -4.81205767E+000  -2.04952102E+002  -2.09764159E+002
     415       1     1.19999997E+001   7.03170338E+003  -9.57949523E+000   2.75800619E+003   2.76758569E+003   6.44268190E+000  -2.00321021E+002  -2.06763703E+002   2.76283716E+003   1.69415918E+000   2.76114300E+003  -4.83097251E+000  -2.05069544E+002  -2.09900517E+002
     416       1     1.19999997E+001   7.03120743E+003  -9.61058188E+000   2.75771803E+003   2.76732862E+003   6.45852739E+000  -2.00430215E+002  -2.06888742E+002   2.76257037E+003   1.70027696E+000   2.76087009E+003  -4.85233145E+000  -2.05188465E+002  -2.10040797E+002
     417       1     1.19999997E+001   7.03071529E+003  -9.64096780E+000   2.75743333E+003   2.76707429E+003   6.47666701E+000  -2.00537798E+002  -2.07014465E+002   2.76230527E+003   1.70763880E+000   2.76059763E+003  -4.87193959E+000  -2.05306826E+002  -2.10178766E+002
     418       1     1.19999997E+001   7.03022616E+003  -9.67275403E+000   2.75714946E+003   2.76682221E+003   6.49550732E+000  -2.00644025E+002  -2.07139532E+002   2.76204204E+003   1.71533457E+000   2.76032671E+003  -4.89258128E+000  -2.05424197E+002  -2.10316779E+002
     419       1     1.19999997E+001   7.02973476E+003  -9.70336625E+000   2.75686502E+003   2.76656838E+003   6.51385508E+000  -2.00751325E+002  -2.07265180E+002   2.76177744E+003   1.72291113E+000   2.76005453E+003  -4.91242230E+000  -2.05542269E+002  -2.10454691E+002
     420       1     1.19999997E+001   7.02924748E+003  -9.73464508E+000   2.75658217E+003   2.76631682E+003   6.53159886E+000  -2.00857587E+002  -2.07389185E+002   2.76151510E+003   1.72987669E+000   2.75978522E+003  -4.93292291E+000  -2.05659309E+002  -2.10592232E+002
     421       1     1.19999997E+001   7.02874383E+003  -9.76854589E+000   2.75628906E+003   2.76605761E+003   6.55204081E+000  -2.00966605E+002  -2.07518646E+002   2.76124514E+003   1.73957223E+000   2.75950557E+003  -4.95607731E+000  -2.05779074E+002  -2.10735151E+002
     422       1     1.19999997E+001   7.02824217E+003  -9.79924884E+000   2.75599899E+003   2.76579824E+003   6.56869577E+000  -2.01076373E+002  -2.07645069E+002   2.76097303E+003   1.74348456E+000   2.75922955E+003  -4.97403763E+000  -2.05901584E+002  -2.10875622E+002
     423       1     1.19999997E+001   7.02775375E+003  -9.82997501E+000   2.75571579E+003   2.76554577E+003   6.58566328E+000  -2.01183191E+002  -2.07768854E+002   2.76070950E+003   1.74939298E+000   2.75896010E+003  -4.99370470E+000  -2.06019461E+002  -2.11013166E+002
     424       1     1.19999997E+001   7.02725216E+003  -9.86286210E+000   2.75542477E+003   2.76528763E+003   6.60529774E+000  -2.01291736E+002  -2.07897034E+002   2.76043892E+003   1.75658439E+000   2.75868233E+003  -5.01414874E+000  -2.06140449E+002  -2.11154598E+002
     425       1     1.19999997E+001   7.02675758E+003  -9.89459137E+000   2.75513817E+003   2.76503276E+003   6.62436172E+000  -2.01399109E+002  -2.08023471E+002   2.76017216E+003   1.76376159E+000   2.75840840E+003  -5.03399124E+000  -2.06259709E+002  -2.11293700E+002
     426       1     1.19999997E+001   7.02626125E+003  -9.92940184E+000   2.75484771E+003   2.76477711E+003   6.64260598E+000  -2.01506722E+002  -2.08149328E+002   2.75990608E+003   1.77156645E+000   2.75813451E+003  -5.05836231E+000  -2.06377762E+002  -2.11436124E+002
     427       1     1.19999997E+001   7.02576920E+003  -9.96093513E+000   2.75456198E+003   2.76452291E+003   6.66066735E+000  -2.01614169E+002  -2.08274836E+002   2.75964157E+003   1.77932794E+000   2.75786225E+003  -5.07959572E+000  -2.06495509E+002  -2.11575104E+002
     428       1     1.19999997E+001   7.02527108E+003  -9.99262453E+000   2.75427347E+003   2.76426610E+003   6.67971688E+000  -2.01722420E+002  -2.08402137E+002   2.75937277E+003   1.78638676E+000   2.75758638E+003  -5.09929442E+000  -2.06615750E+002  -2.11715045E+002
     429       1     1.19999997E+001   7.02477555E+003  -1.00237333E+001   2.75398601E+003   2.76400974E+003   6.69713833E+000  -2.01830974E+002  -2.08528113E+002   2.75910599E+003   1.79338288E+000   2.75731260E+003  -5.11997782E+000  -2.06734730E+002  -2.11854708E+002
     430       1     1.19999997E+001   7.02427789E+003  -1.00547144E+001   2.75369757E+003   2.76375228E+003   6.71318876E+000  -2.01939999E+002  -2.08653188E+002   2.75883635E+003   1.79726274E+000   2.75703909E+003  -5.13878838E+000  -2.06855925E+002  -2.11994714E+002
     431       1     1.19999997E+001   7.02378375E+003  -1.00875311E+001   2.75341000E+003   2.76349753E+003   6.73105837E+000  -2.02047353E+002  -2.08778412E+002   2.75856989E+003   1.80341174E+000   2.75676647E+003  -5.15988445E+000  -2.06975000E+002  -2.12134885E+002
     432       1     1.19999997E+001   7.02328857E+003  -1.01193866E+001   2.75312234E+003   2.76324173E+003   6.74864062E+000  -2.02155454E+002  -2.08904094E+002   2.75830305E+003   1.80996905E+000   2.75649308E+003  -5.18071505E+000  -2.07094125E+002  -2.12274840E+002
     433       1     1.19999997E+001   7.02278459E+003  -1.01523936E+001   2.75282921E+003   2.76298160E+003   6.76678747E+000  -2.02265238E+002  -2.09032026E+002   2.75803159E+003   1.81677579E+000   2.75621482E+003  -5.20238191E+000  -2.07215250E+002  -2.12417632E+002
     434       1     1.19999997E+001   7.02228414E+003  -1.01914114E+001   2.75253474E+003   2.76272615E+003   6.78872255E+000  -2.02371401E+002  -2.09160123E+002   2.75776357E+003   1.82614312E+000   2.75593742E+003  -5.22883194E+000  -2.07333980E+002  -2.12562812E+002
     435       1     1.19999997E+001   7.02177787E+003  -1.02246245E+001   2.75224037E+003   2.76246499E+003   6.80602344E+000  -2.02481528E+002  -2.09287552E+002   2.75748950E+003   1.83052984E+000   2.75565897E+003  -5.24913088E+000  -2.07457022E+002  -2.12706153E+002
     436       1     1.19999997E+001   7.02127686E+003  -1.02570812E+001   2.75194915E+003   2.76220623E+003   6.82296796E+000  -2.02590825E+002  -2.09413793E+002   2.75721860E+003   1.83533790E+000   2.75538327E+003  -5.26945115E+000  -2.07578455E+002  -2.12847906E+002
     437       1     1.19999997E+001   7.02076991E+003  -1.02936920E+001   2.75165224E+003   2.76194594E+003   6.84293971E+000  -2.02699880E+002  -2.09542820E+002   2.75694645E+003   1.84344822E+000   2.75510300E+003  -5.29420054E+000  -2.07699371E+002  -2.12993572E+002
     438       1     1.19999997E+001   7.02026151E+003  -1.03304733E+001   2.75135445E+003   2.76168492E+003   6.86444099E+000  -2.02809217E+002  -2.09673658E+002   2.75667495E+003   1.85446589E+000   2.75482048E+003  -5.32049823E+000  -2.07819192E+002  -2.13139690E+002
     439       1     1.19999997E+001   7.01975832E+003  -1.03625699E+001   2.75106217E+003   2.76142474E+003   6.88401998E+000  -2.02919276E+002  -2.09803296E+002   2.75640575E+003   1.86503497E+000   2.75454072E+003  -5.34358485E+000  -2.07938261E+002  -2.13281846E+002
     440       1     1.19999997E+001   7.01924801E+003  -1.03985043E+001   2.75076350E+003   2.76116201E+003   6.90381597E+000  -2.03029755E+002  -2.09933571E+002   2.75613262E+003   1.87443094E+000   2.75425819E+003  -5.36911929E+000  -2.08059140E+002  -2.13428259E+002
     441       1     1.19999997E+001   7.01872477E+003  -1.04312023E+001   2.75045914E+003   2.76089035E+003   6.91927235E+000  -2.03145305E+002  -2.10064577E+002   2.75585041E+003   1.87933635E+000   2.75397107E+003  -5.39126628E+000  -2.08185241E+002  -2.13576507E+002
     442       1     1.19999997E+001   7.01822103E+003  -1.04641589E+001   2.75016649E+003   2.76063065E+003   6.93950479E+000  -2.03254701E+002  -2.10194206E+002   2.75557997E+003   1.88882377E+000   2.75369114E+003  -5.41347788E+000  -2.08305382E+002  -2.13718860E+002
     443       1     1.19999997E+001   7.01771807E+003  -1.04976642E+001   2.74987350E+003   2.76037116E+003   6.95815777E+000  -2.03364118E+002  -2.10322276E+002   2.75530955E+003   1.89654518E+000   2.75341300E+003  -5.43605161E+000  -2.08425731E+002  -2.13861782E+002
     444       1     1.19999997E+001   7.01720863E+003  -1.05296044E+001   2.74957807E+003   2.76010767E+003   6.97582257E+000  -2.03475597E+002  -2.10451419E+002   2.75503438E+003   1.90252271E+000   2.75313185E+003  -5.45630454E+000  -2.08548897E+002  -2.14005201E+002
     445       1     1.19999997E+001   7.01670375E+003  -1.05645362E+001   2.74928261E+003   2.75984715E+003   6.99444419E+000  -2.03585466E+002  -2.10579910E+002   2.75476418E+003   1.91147312E+000   2.75285271E+003  -5.48156509E+000  -2.08668437E+002  -2.14150002E+002
     446       1     1.19999997E+001   7.01620304E+003  -1.05958759E+001   2.74899138E+003   2.75958726E+003   7.01142518E+000  -2.03695950E+002  -2.10707376E+002   2.75449600E+003   1.92016737E+000   2.75257583E+003  -5.50461808E+000  -2.08787208E+002  -2.14291826E+002
     447       1     1.19999997E+001   7.01569533E+003  -1.06293696E+001   2.74869608E+003   2.75932545E+003   7.03147042E+000  -2.03806256E+002  -2.10837726E+002   2.75422341E+003   1.92943801E+000   2.75229398E+003  -5.52733717E+000  -2.08908288E+002  -2.14435625E+002
     448       1     1.19999997E+001   7.01518702E+003  -1.06634168E+001   2.74839966E+003   2.75906308E+003   7.05039513E+000  -2.03916942E+002  -2.10967337E+002   2.75395062E+003   1.93793866E+000   2.75201268E+003  -5.55096033E+000  -2.09029398E+002  -2.14580359E+002
     449       1     1.19999997E+001   7.01468856E+003  -1.06943491E+001   2.74811066E+003   2.75880501E+003   7.06737932E+000  -2.04026260E+002  -2.11093640E+002   2.75368139E+003   1.94376697E+000   2.75173763E+003  -5.57073679E+000  -2.09149873E+002  -2.14720609E+002
     450       1     1.19999997E+001   7.01418800E+003  -1.07277375E+001   2.74781894E+003   2.75854668E+003   7.08630862E+000  -2.04135206E+002  -2.11221515E+002   2.75341271E+003   1.95234355E+000   2.75146037E+003  -5.59377242E+000  -2.09269171E+002  -2.14862944E+002
     451       1     1.19999997E+001   7.01368495E+003  -1.07621835E+001   2.74752481E+003   2.75828699E+003   7.10421001E+000  -2.04244761E+002  -2.11348971E+002   2.75314263E+003   1.95984720E+000   2.75118278E+003  -5.61782066E+000  -2.09389124E+002  -2.15006944E+002
     452       1     1.19999997E+001   7.01318523E+003  -1.07910946E+001   2.74723587E+003   2.75802697E+003   7.11981445E+000  -2.04355653E+002  -2.11475467E+002   2.75287306E+003   1.96591257E+000   2.75090715E+003  -5.63719267E+000  -2.09509555E+002  -2.15146747E+002
     453       1     1.19999997E+001   7.01268181E+003  -1.08203091E+001   2.74694433E+003   2.75776464E+003   7.13500752E+000  -2.04467736E+002  -2.11602744E+002   2.75260215E+003   1.97252199E+000   2.75062963E+003  -5.65782353E+000  -2.09630222E+002  -2.15288046E+002
     454       1     1.19999997E+001   7.01217578E+003  -1.08552969E+001   2.74664820E+003   2.75750350E+003   7.15240409E+000  -2.04577842E+002  -2.11730246E+002   2.75232987E+003   1.97877080E+000   2.75035110E+003  -5.68166360E+000  -2.09751476E+002  -2.15433139E+002
     455       1     1.19999997E+001   7.01165992E+003  -1.08895205E+001   2.74634777E+003   2.75723729E+003   7.17269267E+000  -2.04690086E+002  -2.11862779E+002   2.75205338E+003   1.98878608E+000   2.75006460E+003  -5.70561392E+000  -2.09873993E+002  -2.15579607E+002
     456       1     1.19999997E+001   7.01116330E+003  -1.09212820E+001   2.74605903E+003   2.75698032E+003   7.18964353E+000  -2.04798828E+002  -2.11988472E+002   2.75178548E+003   1.99480929E+000   2.74979067E+003  -5.72644779E+000  -2.09993663E+002  -2.15720111E+002
     457       1     1.19999997E+001   7.01065147E+003  -1.09512614E+001   2.74576202E+003   2.75671328E+003   7.20469952E+000  -2.04913098E+002  -2.12117798E+002   2.75151080E+003   2.00222317E+000   2.74950858E+003  -5.74878501E+000  -2.10115574E+002  -2.15864359E+002
     458       1     1.19999997E+001   7.01015290E+003  -1.09866758E+001   2.74546977E+003   2.75645645E+003   7.22418529E+000  -2.05021106E+002  -2.12245291E+002   2.75124431E+003   2.01204940E+000   2.74923226E+003  -5.77453992E+000  -2.10233242E+002  -2.16007782E+002
     459       1     1.19999997E+001   7.00965125E+003  -1.10196796E+001   2.74517731E+003   2.75619699E+003   7.24205567E+000  -2.05130823E+002  -2.12372879E+002   2.75097494E+003   2.02001271E+000   2.74895493E+003  -5.79763666E+000  -2.10352866E+002  -2.16150503E+002
     460       1     1.19999997E+001   7.00915368E+003  -1.10512116E+001   2.74488792E+003   2.75593913E+003   7.25659458E+000  -2.05240150E+002  -2.12496745E+002   2.75070486E+003   2.02232237E+000   2.74868254E+003  -5.81693942E+000  -2.10474423E+002  -2.16291362E+002
     461       1     1.19999997E+001   7.00864651E+003  -1.10842164E+001   2.74459286E+003   2.75567707E+003   7.27375030E+000  -2.05350809E+002  -2.12624559E+002   2.75043041E+003   2.02709042E+000   2.74840332E+003  -5.83755648E+000  -2.10597469E+002  -2.16435025E+002
     462       1     1.19999997E+001   7.00813107E+003  -1.11180044E+001   2.74429190E+003   2.75540991E+003   7.28664448E+000  -2.05464100E+002  -2.12750744E+002   2.75014965E+003   2.02639150E+000   2.74812326E+003  -5.85775143E+000  -2.10724353E+002  -2.16582104E+002
     463       1     1.19999997E+001   7.00762721E+003  -1.11505834E+001   2.74399885E+003   2.75514943E+003   7.30392279E+000  -2.05574162E+002  -2.12878085E+002   2.74987737E+003   2.03186796E+000   2.74784551E+003  -5.87852853E+000  -2.10846217E+002  -2.16724745E+002
     464       1     1.19999997E+001   7.00712345E+003  -1.11860153E+001   2.74370349E+003   2.75488951E+003   7.32216578E+000  -2.05683687E+002  -2.13005852E+002   2.74960739E+003   2.04004417E+000   2.74756734E+003  -5.90389371E+000  -2.10965808E+002  -2.16869702E+002
     465       1     1.19999997E+001   7.00662620E+003  -1.12197133E+001   2.74341268E+003   2.75463239E+003   7.33952753E+000  -2.05792345E+002  -2.13131873E+002   2.74934061E+003   2.04774389E+000   2.74729287E+003  -5.92792962E+000  -2.11084129E+002  -2.17012058E+002
     466       1     1.19999997E+001   7.00611661E+003  -1.12517135E+001   2.74311691E+003   2.75436862E+003   7.35663130E+000  -2.05903975E+002  -2.13260606E+002   2.74906481E+003   2.05281507E+000   2.74701199E+003  -5.94789731E+000  -2.11207791E+002  -2.17155688E+002
     467       1     1.19999997E+001   7.00561496E+003  -1.12852015E+001   2.74282400E+003   2.75410920E+003   7.37556000E+000  -2.06013624E+002  -2.13389184E+002   2.74879664E+003   2.06299505E+000   2.74673364E+003  -5.97263658E+000  -2.11326189E+002  -2.17298825E+002
     468       1     1.19999997E+001   7.00510512E+003  -1.13214282E+001   2.74252525E+003   2.75384668E+003   7.39405334E+000  -2.06123914E+002  -2.13517967E+002   2.74852204E+003   2.06941228E+000   2.74645263E+003  -5.99678716E+000  -2.11448555E+002  -2.17445342E+002
     469       1     1.19999997E+001   7.00459632E+003  -1.13572421E+001   2.74222720E+003   2.75358445E+003   7.41339827E+000  -2.06234231E+002  -2.13647629E+002   2.74824931E+003   2.07826611E+000   2.74617105E+003  -6.02210998E+000  -2.11569363E+002  -2.17591473E+002
     470       1     1.19999997E+001   7.00408978E+003  -1.13907262E+001   2.74193178E+003   2.75332251E+003   7.43126216E+000  -2.06344923E+002  -2.13776186E+002   2.74797681E+003   2.08556451E+000   2.74589124E+003  -6.04502858E+000  -2.11690621E+002  -2.17735650E+002
     471       1     1.19999997E+001   7.00357926E+003  -1.14256007E+001   2.74163388E+003   2.75305948E+003   7.45265290E+000  -2.06455514E+002  -2.13908167E+002   2.74770374E+003   2.09692051E+000   2.74560682E+003  -6.06986836E+000  -2.11811246E+002  -2.17881114E+002
     472       1     1.19999997E+001   7.00307166E+003  -1.14606685E+001   2.74133654E+003   2.75279721E+003   7.47199978E+000  -2.06566211E+002  -2.14038210E+002   2.74743291E+003   2.10770113E+000   2.74532521E+003  -6.09636982E+000  -2.11930509E+002  -2.18026879E+002
     473       1     1.19999997E+001   7.00257132E+003  -1.14940867E+001   2.74104437E+003   2.75253846E+003   7.49069208E+000  -2.06675549E+002  -2.14166241E+002   2.74716509E+003   2.11731920E+000   2.74504777E+003  -6.12071380E+000  -2.12048922E+002  -2.18169636E+002
     474       1     1.19999997E+001   7.00204797E+003  -1.15266368E+001   2.74074125E+003   2.75226789E+003   7.51036921E+000  -2.06789843E+002  -2.14300212E+002   2.74688244E+003   2.12492672E+000   2.74475752E+003  -6.14119432E+000  -2.12175285E+002  -2.18316480E+002
     475       1     1.19999997E+001   7.00153378E+003  -1.15602063E+001   2.74044164E+003   2.75200185E+003   7.52941304E+000  -2.06902329E+002  -2.14431742E+002   2.74660659E+003   2.13415776E+000   2.74447243E+003  -6.16495107E+000  -2.12297584E+002  -2.18462535E+002
     476       1     1.19999997E+001   7.00103244E+003  -1.15929341E+001   2.74014925E+003   2.75174218E+003   7.54806877E+000  -2.07012278E+002  -2.14560346E+002   2.74633854E+003   2.14442708E+000   2.74419411E+003  -6.18929246E+000  -2.12415919E+002  -2.18605212E+002
     477       1     1.19999997E+001   7.00053224E+003  -1.16254644E+001   2.73985784E+003   2.75148330E+003   7.56686608E+000  -2.07121780E+002  -2.14688646E+002   2.74607055E+003   2.15411800E+000   2.74391643E+003  -6.21271636E+000  -2.12534528E+002  -2.18747245E+002
     478       1     1.19999997E+001   7.00003540E+003  -1.16562922E+001   2.73956921E+003   2.75122550E+003   7.58525410E+000  -2.07231203E+002  -2.14816457E+002   2.74580455E+003   2.16430665E+000   2.74364024E+003  -6.23534471E+000  -2.12652150E+002  -2.18887495E+002
     479       1     1.19999997E+001   6.99950645E+003  -1.16924669E+001   2.73926005E+003   2.75095251E+003   7.60694712E+000  -2.07346209E+002  -2.14953156E+002   2.74552233E+003   2.17676229E+000   2.74334557E+003  -6.26228204E+000  -2.12776394E+002  -2.19038676E+002
     480       1     1.19999997E+001   6.99900977E+003  -1.17213034E+001   2.73897249E+003   2.75069379E+003   7.62369076E+000  -2.07456597E+002  -2.15080288E+002   2.74525577E+003   2.18567457E+000   2.74307010E+003  -6.28328719E+000  -2.12894613E+002  -2.19177900E+002
     481       1     1.19999997E+001   6.99849083E+003  -1.17519317E+001   2.73867120E+003   2.75042313E+003   7.63968105E+000  -2.07572271E+002  -2.15211952E+002   2.74497727E+003   2.19381900E+000   2.74278345E+003  -6.30606960E+000  -2.13018133E+002  -2.19324203E+002
     482       1     1.19999997E+001   6.99798892E+003  -1.17854707E+001   2.73837872E+003   2.75016419E+003   7.66119746E+000  -2.07681295E+002  -2.15342493E+002   2.74470926E+003   2.20626437E+000   2.74250299E+003  -6.33053765E+000  -2.13136228E+002  -2.19466766E+002
     483       1     1.19999997E+001   6.99748404E+003  -1.18155824E+001   2.73808614E+003   2.74990172E+003   7.67844987E+000  -2.07792965E+002  -2.15471415E+002   2.74443766E+003   2.21438479E+000   2.74222327E+003  -6.35151736E+000  -2.13257030E+002  -2.19608548E+002
     484       1     1.19999997E+001   6.99698177E+003  -1.18450148E+001   2.73779507E+003   2.74964008E+003   7.69679893E+000  -2.07904581E+002  -2.15601380E+002   2.74416968E+003   2.22639073E+000   2.74194329E+003  -6.37460663E+000  -2.13374990E+002  -2.19749596E+002
     485       1     1.19999997E+001   6.99647896E+003  -1.18749136E+001   2.73750322E+003   2.74937814E+003   7.71372304E+000  -2.08016344E+002  -2.15730067E+002   2.74390046E+003   2.23605079E+000   2.74166441E+003  -6.39724134E+000  -2.13494016E+002  -2.19891258E+002
     486       1     1.19999997E+001   6.99597026E+003  -1.19068191E+001   2.73720731E+003   2.74911413E+003   7.73258034E+000  -2.08128399E+002  -2.15860980E+002   2.74362841E+003   2.24686087E+000   2.74138155E+003  -6.42109962E+000  -2.13614119E+002  -2.20035218E+002
     487       1     1.19999997E+001   6.99546206E+003  -1.19389400E+001   2.73691172E+003   2.74885066E+003   7.75289044E+000  -2.08240052E+002  -2.15992943E+002   2.74335743E+003   2.25966057E+000   2.74109777E+003  -6.44571011E+000  -2.13733282E+002  -2.20178992E+002
     488       1     1.19999997E+001   6.99495168E+003  -1.19680599E+001   2.73661687E+003   2.74858493E+003   7.77267936E+000  -2.08353331E+002  -2.16126010E+002   2.74308501E+003   2.27276141E+000   2.74081225E+003  -6.46814199E+000  -2.13853249E+002  -2.20321391E+002
     489       1     1.19999997E+001   6.99444664E+003  -1.19993650E+001   2.73632358E+003   2.74832295E+003   7.79364686E+000  -2.08464443E+002  -2.16258090E+002   2.74281632E+003   2.28702398E+000   2.74052930E+003  -6.49274210E+000  -2.13971066E+002  -2.20463808E+002
     490       1     1.19999997E+001   6.99394788E+003  -1.20297205E+001   2.73603414E+003   2.74806386E+003   7.81255677E+000  -2.08574532E+002  -2.16387089E+002   2.74254969E+003   2.29839002E+000   2.74025130E+003  -6.51555376E+000  -2.14088699E+002  -2.20604253E+002
     491       1     1.19999997E+001   6.99345134E+003  -1.20585498E+001   2.73574686E+003   2.74780541E+003   7.83212931E+000  -2.08684645E+002  -2.16516775E+002   2.74228514E+003   2.31185795E+000   2.73997328E+003  -6.53827847E+000  -2.14204917E+002  -2.20743195E+002
     492       1     1.19999997E+001   6.99295170E+003  -1.20909138E+001   2.73545552E+003   2.74754644E+003   7.85304179E+000  -2.08794346E+002  -2.16647387E+002   2.74202015E+003   2.32675748E+000   2.73969340E+003  -6.56462951E+000  -2.14320630E+002  -2.20885259E+002
     493       1     1.19999997E+001   6.99243131E+003  -1.21248926E+001   2.73515177E+003   2.74727667E+003   7.87203923E+000  -2.08908641E+002  -2.16780680E+002   2.74174175E+003   2.33712303E+000   2.73940463E+003  -6.58997640E+000  -2.14443557E+002  -2.21033534E+002
     494       1     1.19999997E+001   6.99190785E+003  -1.21582996E+001   2.73484717E+003   2.74700547E+003   7.89548922E+000  -2.09023447E+002  -2.16918937E+002   2.74146478E+003   2.35480397E+000   2.73910998E+003  -6.61761435E+000  -2.14564133E+002  -2.21181747E+002
     495       1     1.19999997E+001   6.99140640E+003  -1.21907341E+001   2.73455447E+003   2.74674520E+003   7.91568351E+000  -2.09133885E+002  -2.17049569E+002   2.74119897E+003   2.36944918E+000   2.73882952E+003  -6.64449981E+000  -2.14680120E+002  -2.21324619E+002
     496       1     1.19999997E+001   6.99090520E+003  -1.22203781E+001   2.73426376E+003   2.74648414E+003   7.93184264E+000  -2.09245198E+002  -2.17177041E+002   2.74092929E+003   2.37698990E+000   2.73855230E+003  -6.66552532E+000  -2.14800051E+002  -2.21465577E+002
     497       1     1.19999997E+001   6.99039313E+003  -1.22506422E+001   2.73396692E+003   2.74621757E+003   7.95196074E+000  -2.09358772E+002  -2.17310733E+002   2.74065686E+003   2.39125519E+000   2.73826561E+003  -6.68993661E+000  -2.14919478E+002  -2.21609414E+002
     498       1     1.19999997E+001   6.98987878E+003  -1.22806609E+001   2.73366824E+003   2.74594890E+003   7.97018260E+000  -2.09473752E+002  -2.17443935E+002   2.74038354E+003   2.40482430E+000   2.73797872E+003  -6.71530258E+000  -2.15039111E+002  -2.21754413E+002
     499       1     1.19999997E+001   6.98936930E+003  -1.23144134E+001   2.73337060E+003   2.74568502E+003   7.99093158E+000  -2.09585397E+002  -2.17576328E+002   2.74011274E+003   2.41865931E+000   2.73769409E+003  -6.74214111E+000  -2.15157669E+002  -2.21899810E+002
     500       1     1.19999997E+001   6.98886568E+003  -1.23444009E+001   2.73307832E+003   2.74542272E+003   8.01131430E+000  -2.09697206E+002  -2.17708520E+002   2.73984590E+003   2.43449521E+000   2.73741140E+003  -6.76758177E+000  -2.15274025E+002  -2.22041607E+002
