   iLoop   Phase     EVM               SVM                    B5                B4                B2                D6                D1                D4                C1                C5                C3                A6                C2                C3              
       1       1     1.19999997E+001   7.18850079E+003   5.72230271E-002   2.84783005E+003   2.84777282E+003  -6.38421647E-002  -1.66702118E+002  -1.66638275E+002   2.84779277E+003  -4.38972887E-002   2.84783667E+003   3.72781511E-002  -1.66682173E+002  -1.66644894E+002
       2       1     1.19999997E+001   7.18828470E+003   5.93207812E-002   2.84771416E+003   2.84765484E+003  -6.20364144E-002  -1.66756170E+002  -1.66694134E+002   2.84767738E+003  -3.94992972E-002   2.84771688E+003   3.67836640E-002  -1.66733633E+002  -1.66696849E+002
       3       1     1.19999997E+001   7.18806554E+003   6.14462251E-002   2.84759662E+003   2.84753517E+003  -6.02032983E-002  -1.66810992E+002  -1.66750789E+002   2.84756034E+003  -3.50384197E-002   2.84759538E+003   3.62813466E-002  -1.66785827E+002  -1.66749546E+002
       4       1     1.19999997E+001   7.18784477E+003   6.35875197E-002   2.84747822E+003   2.84741463E+003  -5.83571358E-002  -1.66866216E+002  -1.66807859E+002   2.84744244E+003  -3.05451504E-002   2.84747299E+003   3.57755342E-002  -1.66838404E+002  -1.66802628E+002
       5       1     1.19999997E+001   7.18762237E+003   6.57435051E-002   2.84735894E+003   2.84729320E+003  -5.64964201E-002  -1.66921848E+002  -1.66865352E+002   2.84732367E+003  -2.60183047E-002   2.84734969E+003   3.52653896E-002  -1.66891370E+002  -1.66856105E+002
       6       1     1.19999997E+001   7.18739833E+003   6.79151409E-002   2.84723878E+003   2.84717086E+003  -5.46220510E-002  -1.66977891E+002  -1.66923269E+002   2.84720403E+003  -2.14583818E-002   2.84722549E+003   3.47514717E-002  -1.66944727E+002  -1.66909976E+002
       7       1     1.19999997E+001   7.18717269E+003   7.01023292E-002   2.84711776E+003   2.84704766E+003  -5.27346587E-002  -1.67034335E+002  -1.66981600E+002   2.84708353E+003  -1.68662447E-002   2.84710039E+003   3.42339152E-002  -1.66998466E+002  -1.66964232E+002
       8       1     1.19999997E+001   7.18694541E+003   7.23056125E-002   2.84699586E+003   2.84692355E+003  -5.08336357E-002  -1.67091191E+002  -1.67040358E+002   2.84696214E+003  -1.22401735E-002   2.84697438E+003   3.37121503E-002  -1.67052598E+002  -1.67018886E+002
       9       1     1.19999997E+001   7.18671652E+003   7.45241872E-002   2.84687309E+003   2.84679857E+003  -4.89194014E-002  -1.67148449E+002  -1.67099530E+002   2.84683991E+003  -7.58183145E-003   2.84684749E+003   3.31866173E-002  -1.67107111E+002  -1.67073925E+002
      10       1     1.19999997E+001   7.18648602E+003   7.67588316E-002   2.84674946E+003   2.84667270E+003  -4.69922910E-002  -1.67206110E+002  -1.67159118E+002   2.84671681E+003  -2.89095716E-003   2.84671970E+003   3.26574978E-002  -1.67162009E+002  -1.67129351E+002
      11       1     1.19999997E+001   7.18625391E+003   7.90094097E-002   2.84662497E+003   2.84654596E+003  -4.50520832E-002  -1.67264174E+002  -1.67219122E+002   2.84659285E+003   1.83240608E-003   2.84659101E+003   3.21249205E-002  -1.67217290E+002  -1.67185165E+002
      12       1     1.19999997E+001   7.18602022E+003   8.12749591E-002   2.84649963E+003   2.84641835E+003  -4.30983645E-002  -1.67322637E+002  -1.67279538E+002   2.84646804E+003   6.58802134E-003   2.84646145E+003   3.15885733E-002  -1.67272950E+002  -1.67241362E+002
      13       1     1.19999997E+001   7.18578493E+003   8.35556456E-002   2.84637342E+003   2.84628987E+003  -4.11311714E-002  -1.67381499E+002  -1.67340368E+002   2.84634237E+003   1.13760150E-002   2.84633100E+003   3.10484592E-002  -1.67328992E+002  -1.67297943E+002
      14       1     1.19999997E+001   7.18554803E+003   8.58517112E-002   2.84624635E+003   2.84616050E+003  -3.91508750E-002  -1.67440763E+002  -1.67401612E+002   2.84621585E+003   1.61964343E-002   2.84619965E+003   3.05044019E-002  -1.67385416E+002  -1.67354912E+002
      15       1     1.19999997E+001   7.18530951E+003   8.81640307E-002   2.84611841E+003   2.84603025E+003  -3.71576539E-002  -1.67500435E+002  -1.67463278E+002   2.84608846E+003   2.10495201E-002   2.84606741E+003   2.99568567E-002  -1.67442228E+002  -1.67412271E+002
      16       1     1.19999997E+001   7.18506937E+003   9.04916583E-002   2.84598960E+003   2.84589911E+003  -3.51513291E-002  -1.67560513E+002  -1.67525361E+002   2.84596020E+003   2.59350990E-002   2.84593426E+003   2.94052302E-002  -1.67499426E+002  -1.67470021E+002
      17       1     1.19999997E+001   7.18482763E+003   9.28345398E-002   2.84585994E+003   2.84576710E+003  -3.31316333E-002  -1.67620991E+002  -1.67587859E+002   2.84583109E+003   3.08529684E-002   2.84580023E+003   2.88499381E-002  -1.67557006E+002  -1.67528156E+002
      18       1     1.19999997E+001   7.18458428E+003   9.51931462E-002   2.84572940E+003   2.84563421E+003  -3.10985731E-002  -1.67681873E+002  -1.67650775E+002   2.84570111E+003   3.58036625E-002   2.84566531E+003   2.82909107E-002  -1.67614971E+002  -1.67586680E+002
      19       1     1.19999997E+001   7.18433927E+003   9.75697326E-002   2.84559798E+003   2.84550041E+003  -2.90532743E-002  -1.67743171E+002  -1.67714117E+002   2.84557025E+003   4.07874014E-002   2.84552946E+003   2.77290569E-002  -1.67673330E+002  -1.67645601E+002
      20       1     1.19999997E+001   7.18409265E+003   9.99629689E-002   2.84546569E+003   2.84536572E+003  -2.69953181E-002  -1.67804873E+002  -1.67777878E+002   2.84543852E+003   4.58038397E-002   2.84539272E+003   2.71638111E-002  -1.67732074E+002  -1.67704910E+002
      21       1     1.19999997E+001   7.18384441E+003   1.02371636E-001   2.84533253E+003   2.84523015E+003  -2.49235110E-002  -1.67866983E+002  -1.67842059E+002   2.84530593E+003   5.08533920E-002   2.84525508E+003   2.65947333E-002  -1.67791206E+002  -1.67764611E+002
      22       1     1.19999997E+001   7.18359454E+003   1.04795703E-001   2.84519849E+003   2.84509369E+003  -2.28374278E-002  -1.67929501E+002  -1.67906664E+002   2.84517246E+003   5.59367862E-002   2.84511653E+003   2.60214889E-002  -1.67850727E+002  -1.67824706E+002
      23       1     1.19999997E+001   7.18334307E+003   1.07234698E-001   2.84506359E+003   2.84495635E+003  -2.07375649E-002  -1.67992419E+002  -1.67971682E+002   2.84503814E+003   6.10527125E-002   2.84497709E+003   2.54444202E-002  -1.67910629E+002  -1.67885185E+002
      24       1     1.19999997E+001   7.18309000E+003   1.09689837E-001   2.84492783E+003   2.84481814E+003  -1.86245278E-002  -1.68055737E+002  -1.68037112E+002   2.84490297E+003   6.62013133E-002   2.84483677E+003   2.48639963E-002  -1.67970911E+002  -1.67946047E+002
      25       1     1.19999997E+001   7.18283534E+003   1.12160430E-001   2.84479122E+003   2.84467906E+003  -1.64982475E-002  -1.68119456E+002  -1.68102958E+002   2.84476694E+003   7.13823163E-002   2.84469556E+003   2.42798663E-002  -1.68031576E+002  -1.68007296E+002
      26       1     1.19999997E+001   7.18257905E+003   1.14647271E-001   2.84465373E+003   2.84453909E+003  -1.43589378E-002  -1.68183582E+002  -1.68169223E+002   2.84463004E+003   7.65959188E-002   2.84455345E+003   2.36924149E-002  -1.68092627E+002  -1.68068934E+002
      27       1     1.19999997E+001   7.18232116E+003   1.17150686E-001   2.84451539E+003   2.84439824E+003  -1.22073549E-002  -1.68248109E+002  -1.68235902E+002   2.84449229E+003   8.18414752E-002   2.84441045E+003   2.31018563E-002  -1.68154061E+002  -1.68130959E+002
      28       1     1.19999997E+001   7.18206167E+003   1.19669728E-001   2.84437618E+003   2.84425651E+003  -1.00425289E-002  -1.68313038E+002  -1.68302996E+002   2.84435368E+003   8.71194691E-002   2.84426656E+003   2.25077300E-002  -1.68215876E+002  -1.68193369E+002
      29       1     1.19999997E+001   7.18180058E+003   1.22204968E-001   2.84423611E+003   2.84411391E+003  -7.86455166E-003  -1.68378371E+002  -1.68370506E+002   2.84421420E+003   9.24303631E-002   2.84412177E+003   2.19100534E-002  -1.68278076E+002  -1.68256166E+002
      30       1     1.19999997E+001   7.18153786E+003   1.24755376E-001   2.84409517E+003   2.84397041E+003  -5.67308078E-003  -1.68444110E+002  -1.68438437E+002   2.84407386E+003   9.77744623E-002   2.84397609E+003   2.13078327E-002  -1.68340663E+002  -1.68319355E+002
      31       1     1.19999997E+001   7.18127354E+003   1.27321748E-001   2.84395337E+003   2.84382605E+003  -3.46877683E-003  -1.68510251E+002  -1.68506783E+002   2.84393267E+003   1.03150895E-001   2.84382951E+003   2.07020762E-002  -1.68403632E+002  -1.68382930E+002
      32       1     1.19999997E+001   7.18100761E+003   1.29904602E-001   2.84381070E+003   2.84368080E+003  -1.25159434E-003  -1.68576796E+002  -1.68575544E+002   2.84379061E+003   1.08560070E-001   2.84368205E+003   2.00929375E-002  -1.68466984E+002  -1.68446891E+002
      33       1     1.19999997E+001   7.18074008E+003   1.32503249E-001   2.84366717E+003   2.84353467E+003   9.78900666E-004  -1.68643742E+002  -1.68644721E+002   2.84364769E+003   1.14001804E-001   2.84353369E+003   1.94803456E-002  -1.68530719E+002  -1.68511238E+002
      34       1     1.19999997E+001   7.18047095E+003   1.35117641E-001   2.84352278E+003   2.84338767E+003   3.22218200E-003  -1.68711090E+002  -1.68714312E+002   2.84350392E+003   1.19475705E-001   2.84338444E+003   1.88641173E-002  -1.68594836E+002  -1.68575972E+002
      35       1     1.19999997E+001   7.18020020E+003   1.37748383E-001   2.84337752E+003   2.84323978E+003   5.47788726E-003  -1.68778845E+002  -1.68784322E+002   2.84335928E+003   1.24981757E-001   2.84323430E+003   1.82445131E-002  -1.68659341E+002  -1.68641096E+002
      36       1     1.19999997E+001   7.17992781E+003   1.40396549E-001   2.84323138E+003   2.84309099E+003   7.74620145E-003  -1.68847011E+002  -1.68854758E+002   2.84321376E+003   1.30521012E-001   2.84308324E+003   1.76217380E-002  -1.68724237E+002  -1.68706615E+002
      37       1     1.19999997E+001   7.17965377E+003   1.43062365E-001   2.84308436E+003   2.84294130E+003   1.00265403E-002  -1.68915592E+002  -1.68925618E+002   2.84306736E+003   1.36092480E-001   2.84293127E+003   1.69964253E-002  -1.68789526E+002  -1.68772530E+002
      38       1     1.19999997E+001   7.17937804E+003   1.45746812E-001   2.84293642E+003   2.84279068E+003   1.23188984E-002  -1.68984598E+002  -1.68996917E+002   2.84292006E+003   1.41697107E-001   2.84277836E+003   1.63686036E-002  -1.68855220E+002  -1.68838851E+002
      39       1     1.19999997E+001   7.17910065E+003   1.48449245E-001   2.84278760E+003   2.84263915E+003   1.46234139E-002  -1.69054022E+002  -1.69068646E+002   2.84277186E+003   1.47334766E-001   2.84262452E+003   1.57378923E-002  -1.68921311E+002  -1.68905573E+002
      40       1     1.19999997E+001   7.17882160E+003   1.51171053E-001   2.84263788E+003   2.84248671E+003   1.69386820E-002  -1.69123865E+002  -1.69140803E+002   2.84262277E+003   1.53004656E-001   2.84246977E+003   1.51050786E-002  -1.68987799E+002  -1.68972694E+002
      41       1     1.19999997E+001   7.17854089E+003   1.53910900E-001   2.84248727E+003   2.84233336E+003   1.92661741E-002  -1.69194125E+002  -1.69213391E+002   2.84247280E+003   1.58707498E-001   2.84231409E+003   1.44695754E-002  -1.69054684E+002  -1.69040214E+002
      42       1     1.19999997E+001   7.17825850E+003   1.56669212E-001   2.84233576E+003   2.84217909E+003   2.16058162E-002  -1.69264805E+002  -1.69286411E+002   2.84232193E+003   1.64443415E-001   2.84215748E+003   1.38316131E-002  -1.69121968E+002  -1.69108136E+002
      43       1     1.19999997E+001   7.17797448E+003   1.59443962E-001   2.84218337E+003   2.84202392E+003   2.39584819E-002  -1.69335898E+002  -1.69359856E+002   2.84217018E+003   1.70211659E-001   2.84199997E+003   1.31907842E-002  -1.69189645E+002  -1.69176454E+002
      44       1     1.19999997E+001   7.17768884E+003   1.62234852E-001   2.84203011E+003   2.84186788E+003   2.63239611E-002  -1.69407394E+002  -1.69433718E+002   2.84201756E+003   1.76011449E-001   2.84184155E+003   1.25473637E-002  -1.69257707E+002  -1.69245159E+002
      45       1     1.19999997E+001   7.17740162E+003   1.65040779E-001   2.84187600E+003   2.84171096E+003   2.87023124E-002  -1.69479289E+002  -1.69507991E+002   2.84186410E+003   1.81841933E-001   2.84168226E+003   1.19011590E-002  -1.69326149E+002  -1.69314248E+002
      46       1     1.19999997E+001   7.17703164E+003   1.69547098E-001   2.84167784E+003   2.84150830E+003   3.11258867E-002  -1.69572432E+002  -1.69603558E+002   2.84166648E+003   1.89312586E-001   2.84147717E+003   1.13603986E-002  -1.69414245E+002  -1.69402885E+002
      47       1     1.19999997E+001   7.17666053E+003   1.75861422E-001   2.84147997E+003   2.84130411E+003   3.08994677E-002  -1.69666764E+002  -1.69697664E+002   2.84146651E+003   1.93303392E-001   2.84127321E+003   1.34574978E-002  -1.69504361E+002  -1.69490903E+002
      48       1     1.19999997E+001   7.17636621E+003   1.78924896E-001   2.84132213E+003   2.84114320E+003   3.36420711E-002  -1.69740540E+002  -1.69774182E+002   2.84130966E+003   2.00104612E-001   2.84110956E+003   1.24623548E-002  -1.69574078E+002  -1.69561615E+002
      49       1     1.19999997E+001   7.17610070E+003   1.81019129E-001   2.84117946E+003   2.84099844E+003   3.62730564E-002  -1.69806706E+002  -1.69842979E+002   2.84116784E+003   2.05673099E-001   2.84096217E+003   1.16190868E-002  -1.69637306E+002  -1.69625687E+002
      50       1     1.19999997E+001   7.17583381E+003   1.83015906E-001   2.84103600E+003   2.84085299E+003   3.90612414E-002  -1.69873151E+002  -1.69912212E+002   2.84102532E+003   2.11400767E-001   2.84081392E+003   1.06763803E-002  -1.69700811E+002  -1.69690135E+002
      51       1     1.19999997E+001   7.17556611E+003   1.85003276E-001   2.84089210E+003   2.84070709E+003   4.18780095E-002  -1.69939791E+002  -1.69981669E+002   2.84088238E+003   2.17164096E-001   2.84066522E+003   9.71718997E-003  -1.69764505E+002  -1.69754787E+002
      52       1     1.19999997E+001   7.17529734E+003   1.87001155E-001   2.84074762E+003   2.84056061E+003   4.47013580E-002  -1.70006701E+002  -1.70051403E+002   2.84073887E+003   2.22955186E-001   2.84051591E+003   8.74732686E-003  -1.69828448E+002  -1.69819700E+002
      53       1     1.19999997E+001   7.17502779E+003   1.89033054E-001   2.84060272E+003   2.84041369E+003   4.74997626E-002  -1.70073827E+002  -1.70121326E+002   2.84059495E+003   2.28754050E-001   2.84036619E+003   7.77876670E-003  -1.69892572E+002  -1.69884794E+002
      54       1     1.19999997E+001   7.17475735E+003   1.91007218E-001   2.84045731E+003   2.84026630E+003   5.03346146E-002  -1.70141152E+002  -1.70191487E+002   2.84045057E+003   2.34600829E-001   2.84021597E+003   6.74100363E-003  -1.69956886E+002  -1.69950145E+002
      55       1     1.19999997E+001   7.17448600E+003   1.92987528E-001   2.84031141E+003   2.84011842E+003   5.32163646E-002  -1.70208702E+002  -1.70261918E+002   2.84030573E+003   2.40526139E-001   2.84006520E+003   5.67775296E-003  -1.70021392E+002  -1.70015714E+002
      56       1     1.19999997E+001   7.17421398E+003   1.94965626E-001   2.84016514E+003   2.83997018E+003   5.61043214E-002  -1.70276410E+002  -1.70332514E+002   2.84016051E+003   2.46435368E-001   2.83991407E+003   4.63457904E-003  -1.70086079E+002  -1.70081445E+002
      57       1     1.19999997E+001   7.17394139E+003   1.96914319E-001   2.84001853E+003   2.83982162E+003   5.90280824E-002  -1.70344266E+002  -1.70403294E+002   2.84001505E+003   2.52463384E-001   2.83976259E+003   3.47901716E-003  -1.70150831E+002  -1.70147352E+002
      58       1     1.19999997E+001   7.17366836E+003   1.98831142E-001   2.83987166E+003   2.83967283E+003   6.19778224E-002  -1.70412222E+002  -1.70474200E+002   2.83986940E+003   2.58553035E-001   2.83961085E+003   2.25592981E-003  -1.70215647E+002  -1.70213391E+002
      59       1     1.19999997E+001   7.17339848E+003   2.00542642E-001   2.83972640E+003   2.83952586E+003   6.49949505E-002  -1.70479283E+002  -1.70544278E+002   2.83972536E+003   2.64495776E-001   2.83946087E+003   1.04181614E-003  -1.70279782E+002  -1.70278741E+002
      60       1     1.19999997E+001   7.17311483E+003   2.03060852E-001   2.83957408E+003   2.83937102E+003   6.80691364E-002  -1.70550142E+002  -1.70618211E+002   2.83957429E+003   2.71335858E-001   2.83930295E+003  -2.05869838E-004  -1.70346875E+002  -1.70347081E+002
      61       1     1.19999997E+001   7.17284119E+003   2.04942467E-001   2.83942692E+003   2.83922198E+003   7.12734287E-002  -1.70618164E+002  -1.70689437E+002   2.83942832E+003   2.77615853E-001   2.83915071E+003  -1.39995804E-003  -1.70411821E+002  -1.70413221E+002
      62       1     1.19999997E+001   7.17256603E+003   2.06908614E-001   2.83927892E+003   2.83907201E+003   7.43095041E-002  -1.70686661E+002  -1.70760970E+002   2.83928157E+003   2.83865326E-001   2.83899771E+003  -2.64720721E-003  -1.70477105E+002  -1.70479752E+002
      63       1     1.19999997E+001   7.17228951E+003   2.08898634E-001   2.83913021E+003   2.83892131E+003   7.73609408E-002  -1.70755493E+002  -1.70832854E+002   2.83913406E+003   2.90110692E-001   2.83884395E+003  -3.85111690E-003  -1.70542744E+002  -1.70546595E+002
      64       1     1.19999997E+001   7.17201151E+003   2.10890263E-001   2.83898070E+003   2.83876981E+003   8.04698844E-002  -1.70824678E+002  -1.70905148E+002   2.83898576E+003   2.96417955E-001   2.83868934E+003  -5.05780723E-003  -1.70608730E+002  -1.70613788E+002
      65       1     1.19999997E+001   7.17173203E+003   2.12874237E-001   2.83883040E+003   2.83861752E+003   8.36214666E-002  -1.70894217E+002  -1.70977839E+002   2.83883668E+003   3.02780524E-001   2.83853390E+003  -6.28482054E-003  -1.70675058E+002  -1.70681343E+002
      66       1     1.19999997E+001   7.17145098E+003   2.14889162E-001   2.83867924E+003   2.83846435E+003   8.67624965E-002  -1.70964168E+002  -1.71050931E+002   2.83868676E+003   3.09169608E-001   2.83837759E+003  -7.51795015E-003  -1.70741761E+002  -1.70749279E+002
      67       1     1.19999997E+001   7.17116826E+003   2.16874328E-001   2.83852716E+003   2.83831028E+003   8.99184963E-002  -1.71034525E+002  -1.71124443E+002   2.83853596E+003   3.15594896E-001   2.83822036E+003  -8.80207251E-003  -1.70808849E+002  -1.70817651E+002
      68       1     1.19999997E+001   7.17088123E+003   2.19223190E-001   2.83837295E+003   2.83815373E+003   9.29773066E-002  -1.71106091E+002  -1.71199068E+002   2.83838278E+003   3.22036168E-001   2.83806075E+003  -9.83567127E-003  -1.70877032E+002  -1.70886868E+002
      69       1     1.19999997E+001   7.17058762E+003   2.21716683E-001   2.83821507E+003   2.83799336E+003   9.56954715E-002  -1.71179520E+002  -1.71275216E+002   2.83822626E+003   3.28595931E-001   2.83789766E+003  -1.11837767E-002  -1.70946620E+002  -1.70957804E+002
      70       1     1.19999997E+001   7.17029898E+003   2.23880858E-001   2.83805984E+003   2.83783596E+003   9.87794076E-002  -1.71251443E+002  -1.71350222E+002   2.83807228E+003   3.35096361E-001   2.83773718E+003  -1.24360956E-002  -1.71015126E+002  -1.71027562E+002
      71       1     1.19999997E+001   7.17000563E+003   2.25498392E-001   2.83790183E+003   2.83767633E+003   1.02569909E-001  -1.71324212E+002  -1.71426782E+002   2.83791604E+003   3.42286348E-001   2.83757376E+003  -1.42180478E-002  -1.71084496E+002  -1.71098714E+002
      72       1     1.19999997E+001   7.16970399E+003   2.27624675E-001   2.83773959E+003   2.83751197E+003   1.06169172E-001  -1.71399249E+002  -1.71505419E+002   2.83775526E+003   3.49461152E-001   2.83740580E+003  -1.56673052E-002  -1.71155957E+002  -1.71171625E+002
      73       1     1.19999997E+001   7.16940568E+003   2.30018830E-001   2.83757926E+003   2.83734924E+003   1.09393829E-001  -1.71473646E+002  -1.71583039E+002   2.83759619E+003   3.56348629E-001   2.83723984E+003  -1.69359693E-002  -1.71226691E+002  -1.71243627E+002
      74       1     1.19999997E+001   7.16910672E+003   2.32207051E-001   2.83741846E+003   2.83718625E+003   1.12666381E-001  -1.71548101E+002  -1.71660768E+002   2.83743670E+003   3.63118201E-001   2.83707358E+003  -1.82447693E-002  -1.71297649E+002  -1.71315894E+002
      75       1     1.19999997E+001   7.16880584E+003   2.34483786E-001   2.83725663E+003   2.83702214E+003   1.15825776E-001  -1.71623107E+002  -1.71738933E+002   2.83727620E+003   3.69881731E-001   2.83690632E+003  -1.95721689E-002  -1.71369051E+002  -1.71388623E+002
      76       1     1.19999997E+001   7.16850043E+003   2.36859025E-001   2.83709252E+003   2.83685566E+003   1.19225301E-001  -1.71699144E+002  -1.71818370E+002   2.83711311E+003   3.76668669E-001   2.83673644E+003  -2.05843427E-002  -1.71441701E+002  -1.71462285E+002
      77       1     1.19999997E+001   7.16819378E+003   2.39287257E-001   2.83692767E+003   2.83668839E+003   1.22418849E-001  -1.71775610E+002  -1.71898029E+002   2.83694944E+003   3.83473488E-001   2.83656597E+003  -2.17673818E-002  -1.71514555E+002  -1.71536322E+002
      78       1     1.19999997E+001   7.16788442E+003   2.41758515E-001   2.83676136E+003   2.83651960E+003   1.25573972E-001  -1.71852781E+002  -1.71978355E+002   2.83678432E+003   3.90291927E-001   2.83639402E+003  -2.29594398E-002  -1.71588063E+002  -1.71611023E+002
      79       1     1.19999997E+001   7.16757232E+003   2.44467405E-001   2.83659355E+003   2.83634908E+003   1.28505779E-001  -1.71930871E+002  -1.72059376E+002   2.83661798E+003   3.97402669E-001   2.83622058E+003  -2.44294845E-002  -1.71661974E+002  -1.71686403E+002
      80       1     1.19999997E+001   7.16725303E+003   2.44871346E-001   2.83642041E+003   2.83617554E+003   1.32296327E-001  -1.72009855E+002  -1.72142152E+002   2.83644824E+003   4.04995352E-001   2.83604324E+003  -2.78276796E-002  -1.71737156E+002  -1.71764984E+002
      81       1     1.19999997E+001   7.16693626E+003   2.47451092E-001   2.83625012E+003   2.83600267E+003   1.35477286E-001  -1.72088915E+002  -1.72224392E+002   2.83627917E+003   4.11983987E-001   2.83586719E+003  -2.90556091E-002  -1.71812408E+002  -1.71841464E+002
      82       1     1.19999997E+001   7.16661579E+003   2.50524694E-001   2.83607799E+003   2.83582747E+003   1.38209464E-001  -1.72169199E+002  -1.72307408E+002   2.83610807E+003   4.18806558E-001   2.83568926E+003  -3.00724001E-002  -1.71888602E+002  -1.71918674E+002
      83       1     1.19999997E+001   7.16625690E+003   2.54887062E-001   2.83588645E+003   2.83563156E+003   1.43650963E-001  -1.72258812E+002  -1.72402463E+002   2.83591703E+003   4.29113307E-001   2.83548791E+003  -3.05752809E-002  -1.71973349E+002  -1.72003925E+002
      84       1     1.19999997E+001   7.16592077E+003   2.55805167E-001   2.83570506E+003   2.83544925E+003   1.48500312E-001  -1.72341574E+002  -1.72490075E+002   2.83573752E+003   4.36765207E-001   2.83530075E+003  -3.24597276E-002  -1.72053309E+002  -1.72085769E+002
      85       1     1.19999997E+001   7.16558146E+003   2.60119975E-001   2.83552324E+003   2.83526312E+003   1.51363339E-001  -1.72427205E+002  -1.72578568E+002   2.83555712E+003   4.45362190E-001   2.83511176E+003  -3.38788762E-002  -1.72133206E+002  -1.72167085E+002
      86       1     1.19999997E+001   7.16524045E+003   2.62446755E-001   2.83533913E+003   2.83507668E+003   1.54090262E-001  -1.72512644E+002  -1.72666735E+002   2.83537583E+003   4.53239503E-001   2.83492259E+003  -3.67024854E-002  -1.72213495E+002  -1.72250198E+002
      87       1     1.19999997E+001   7.16490143E+003   2.65337759E-001   2.83515711E+003   2.83489177E+003   1.56997217E-001  -1.72597144E+002  -1.72754141E+002   2.83519388E+003   4.59108429E-001   2.83473477E+003  -3.67734532E-002  -1.72295033E+002  -1.72331806E+002
      88       1     1.19999997E+001   7.16455398E+003   2.69448553E-001   2.83497016E+003   2.83470071E+003   1.57942251E-001  -1.72685292E+002  -1.72843234E+002   2.83500885E+003   4.66084126E-001   2.83454277E+003  -3.86933219E-002  -1.72377150E+002  -1.72415843E+002
      89       1     1.19999997E+001   7.16420388E+003   2.73903031E-001   2.83478274E+003   2.83450884E+003   1.61296169E-001  -1.72773463E+002  -1.72934759E+002   2.83482256E+003   4.75009711E-001   2.83434755E+003  -3.98105104E-002  -1.72459750E+002  -1.72499560E+002
      90       1     1.19999997E+001   7.16385853E+003   2.77357460E-001   2.83459750E+003   2.83432015E+003   1.64066604E-001  -1.72859868E+002  -1.73023934E+002   2.83463747E+003   4.81388994E-001   2.83415608E+003  -3.99649288E-002  -1.72542545E+002  -1.72582510E+002
      91       1     1.19999997E+001   7.16351188E+003   2.79807468E-001   2.83441078E+003   2.83413097E+003   1.67375603E-001  -1.72946358E+002  -1.73113734E+002   2.83445250E+003   4.88898796E-001   2.83396360E+003  -4.17157242E-002  -1.72624835E+002  -1.72666551E+002
      92       1     1.19999997E+001   7.16316140E+003   2.83779575E-001   2.83422291E+003   2.83393913E+003   1.69752242E-001  -1.73034387E+002  -1.73204139E+002   2.83426477E+003   4.95389627E-001   2.83376938E+003  -4.18578095E-002  -1.72708749E+002  -1.72750607E+002
      93       1     1.19999997E+001   7.16281100E+003   2.86488972E-001   2.83403430E+003   2.83374781E+003   1.72963194E-001  -1.73121917E+002  -1.73294880E+002   2.83407773E+003   5.02890732E-001   2.83357484E+003  -4.34385666E-002  -1.72791989E+002  -1.72835428E+002
      94       1     1.19999997E+001   7.16245246E+003   2.90098084E-001   2.83384199E+003   2.83355189E+003   1.75444459E-001  -1.73211628E+002  -1.73387072E+002   2.83388515E+003   5.08700699E-001   2.83337644E+003  -4.31581566E-002  -1.72878371E+002  -1.72921530E+002
      95       1     1.19999997E+001   7.16207979E+003   2.92119966E-001   2.83364112E+003   2.83334900E+003   1.80136133E-001  -1.73304123E+002  -1.73484259E+002   2.83368654E+003   5.17678165E-001   2.83316886E+003  -4.54220653E-002  -1.72966581E+002  -1.73012003E+002
      96       1     1.19999997E+001   7.16171310E+003   2.97801363E-001   2.83344505E+003   2.83314725E+003   1.80936977E-001  -1.73397253E+002  -1.73578190E+002   2.83348998E+003   5.23674503E-001   2.83296631E+003  -4.49361623E-002  -1.73054516E+002  -1.73099452E+002
      97       1     1.19999997E+001   7.16133825E+003   3.01122692E-001   2.83324396E+003   2.83294283E+003   1.84467119E-001  -1.73490621E+002  -1.73675088E+002   2.83328873E+003   5.30360543E-001   2.83275837E+003  -4.47707317E-002  -1.73144727E+002  -1.73189498E+002
      98       1     1.19999997E+001   7.16092956E+003   3.04018525E-001   2.83302344E+003   2.83271943E+003   1.85871262E-001  -1.73592959E+002  -1.73778830E+002   2.83306920E+003   5.35642214E-001   2.83253355E+003  -4.57524263E-002  -1.73243188E+002  -1.73288940E+002
      99       1     1.19999997E+001   7.16042461E+003   3.10567684E-001   2.83275342E+003   2.83244285E+003   1.91204999E-001  -1.73719941E+002  -1.73911146E+002   2.83280019E+003   5.48543760E-001   2.83225165E+003  -4.67710768E-002  -1.73362602E+002  -1.73409373E+002
     100       1     1.19999997E+001   7.16006133E+003   3.13910123E-001   2.83255859E+003   2.83224468E+003   1.95141322E-001  -1.73810491E+002  -1.74005632E+002   2.83260569E+003   5.56156338E-001   2.83204954E+003  -4.71048931E-002  -1.73449476E+002  -1.73496581E+002
     101       1     1.19999997E+001   7.15971116E+003   3.17332262E-001   2.83237056E+003   2.83205323E+003   1.98145178E-001  -1.73898202E+002  -1.74096347E+002   2.83241851E+003   5.63428927E-001   2.83185508E+003  -4.79514866E-002  -1.73532918E+002  -1.73580869E+002
     102       1     1.19999997E+001   7.15936000E+003   3.20662472E-001   2.83218199E+003   2.83186133E+003   2.01213136E-001  -1.73986070E+002  -1.74187283E+002   2.83223069E+003   5.70574166E-001   2.83166011E+003  -4.86985575E-002  -1.73616709E+002  -1.73665407E+002
     103       1     1.19999997E+001   7.15900238E+003   3.24237745E-001   2.83199028E+003   2.83166605E+003   2.04653075E-001  -1.74075399E+002  -1.74280052E+002   2.83203905E+003   5.77662305E-001   2.83146139E+003  -4.87714853E-002  -1.73702390E+002  -1.73751161E+002
     104       1     1.19999997E+001   7.15856359E+003   3.26105658E-001   2.83175261E+003   2.83142650E+003   2.07446088E-001  -1.74184942E+002  -1.74392388E+002   2.83180482E+003   5.85763114E-001   2.83121905E+003  -5.22113673E-002  -1.73806625E+002  -1.73858836E+002
     105       1     1.19999997E+001   7.15815036E+003   3.35897274E-001   2.83153346E+003   2.83119756E+003   2.09333505E-001  -1.74291449E+002  -1.74500782E+002   2.83158548E+003   5.97250489E-001   2.83098823E+003  -5.20197103E-002  -1.73903532E+002  -1.73955551E+002
     106       1     1.19999997E+001   7.15776600E+003   3.39132026E-001   2.83132796E+003   2.83098883E+003   2.14625640E-001  -1.74386301E+002  -1.74600927E+002   2.83137823E+003   6.04027074E-001   2.83077420E+003  -5.02694075E-002  -1.73996900E+002  -1.74047169E+002
     107       1     1.19999997E+001   7.15740002E+003   3.42531949E-001   2.83113113E+003   2.83078860E+003   2.17002076E-001  -1.74478098E+002  -1.74695100E+002   2.83118234E+003   6.10741774E-001   2.83057159E+003  -5.12077495E-002  -1.74084358E+002  -1.74135566E+002
     108       1     1.19999997E+001   7.15705574E+003   3.45565105E-001   2.83094567E+003   2.83060011E+003   2.19154188E-001  -1.74564579E+002  -1.74783733E+002   2.83099851E+003   6.17557514E-001   2.83038095E+003  -5.28382206E-002  -1.74166175E+002  -1.74219014E+002
     109       1     1.19999997E+001   7.15671547E+003   3.48699177E-001   2.83076278E+003   2.83041408E+003   2.22101976E-001  -1.74649787E+002  -1.74871888E+002   2.83081671E+003   6.24736692E-001   2.83019198E+003  -5.39355388E-002  -1.74247152E+002  -1.74301087E+002
     110       1     1.19999997E+001   7.15637380E+003   3.51763569E-001   2.83057906E+003   2.83022730E+003   2.24866252E-001  -1.74735329E+002  -1.74960195E+002   2.83063399E+003   6.31561350E-001   2.83000243E+003  -5.49315288E-002  -1.74328634E+002  -1.74383566E+002
     111       1     1.19999997E+001   7.15602910E+003   3.55100684E-001   2.83039386E+003   2.83003876E+003   2.27766422E-001  -1.74821724E+002  -1.75049491E+002   2.83044979E+003   6.38794525E-001   2.82981100E+003  -5.59274187E-002  -1.74410696E+002  -1.74466624E+002
     112       1     1.19999997E+001   7.15566741E+003   3.58554963E-001   2.83019969E+003   2.82984114E+003   2.30511245E-001  -1.74912178E+002  -1.75142689E+002   2.83025566E+003   6.45034879E-001   2.82961063E+003  -5.59686704E-002  -1.74497654E+002  -1.74553623E+002
     113       1     1.19999997E+001   7.15529895E+003   3.63831581E-001   2.83000216E+003   2.82963832E+003   2.30404087E-001  -1.75005809E+002  -1.75236213E+002   2.83005768E+003   6.49757608E-001   2.82940792E+003  -5.55219401E-002  -1.74586456E+002  -1.74641977E+002
     114       1     1.19999997E+001   7.15491350E+003   3.67350502E-001   2.82979513E+003   2.82942778E+003   2.35582696E-001  -1.75102132E+002  -1.75337714E+002   2.82985297E+003   6.60771059E-001   2.82919220E+003  -5.78378613E-002  -1.74676943E+002  -1.74734781E+002
     115       1     1.19999997E+001   7.15454713E+003   3.69835055E-001   2.82959731E+003   2.82922747E+003   2.38919169E-001  -1.75193877E+002  -1.75432797E+002   2.82965824E+003   6.69683552E-001   2.82898855E+003  -6.09293278E-002  -1.74763113E+002  -1.74824042E+002
     116       1     1.19999997E+001   7.15418404E+003   3.74960104E-001   2.82940314E+003   2.82902818E+003   2.40495610E-001  -1.75285570E+002  -1.75526066E+002   2.82946315E+003   6.75461574E-001   2.82878769E+003  -6.00058600E-002  -1.74850604E+002  -1.74910610E+002
     117       1     1.19999997E+001   7.15384004E+003   3.79488742E-001   2.82921898E+003   2.82883949E+003   2.42361473E-001  -1.75372318E+002  -1.75614680E+002   2.82927864E+003   6.81507773E-001   2.82859713E+003  -5.96575581E-002  -1.74933172E+002  -1.74992830E+002
     118       1     1.19999997E+001   7.15350327E+003   3.82418113E-001   2.82903785E+003   2.82865543E+003   2.45048578E-001  -1.75456578E+002  -1.75701627E+002   2.82909836E+003   6.87979710E-001   2.82841038E+003  -6.05130191E-002  -1.75013647E+002  -1.75074160E+002
     119       1     1.19999997E+001   7.15316466E+003   3.85749377E-001   2.82885596E+003   2.82847021E+003   2.47408649E-001  -1.75541453E+002  -1.75788862E+002   2.82891684E+003   6.94038702E-001   2.82822280E+003  -6.08806760E-002  -1.75094823E+002  -1.75155703E+002
     120       1     1.19999997E+001   7.15282014E+003   3.88790161E-001   2.82867072E+003   2.82828193E+003   2.50080520E-001  -1.75627634E+002  -1.75877715E+002   2.82873223E+003   7.00381117E-001   2.82803185E+003  -6.15104363E-002  -1.75177334E+002  -1.75238844E+002
     121       1     1.19999997E+001   7.15246031E+003   3.91851071E-001   2.82847774E+003   2.82808588E+003   2.53749229E-001  -1.75717043E+002  -1.75970793E+002   2.82853861E+003   7.06472713E-001   2.82783213E+003  -6.08724132E-002  -1.75264320E+002  -1.75325192E+002
     122       1     1.19999997E+001   7.15211564E+003   3.95307243E-001   2.82829263E+003   2.82789732E+003   2.55966871E-001  -1.75803461E+002  -1.76059428E+002   2.82835363E+003   7.12275267E-001   2.82764135E+003  -6.10011528E-002  -1.75347152E+002  -1.75408153E+002
     123       1     1.19999997E+001   7.15177436E+003   3.98560661E-001   2.82810901E+003   2.82771045E+003   2.57998678E-001  -1.75889183E+002  -1.76147181E+002   2.82817094E+003   7.18482118E-001   2.82745245E+003  -6.19227802E-002  -1.75428699E+002  -1.75490622E+002
     124       1     1.19999997E+001   7.15143544E+003   4.01896494E-001   2.82792688E+003   2.82752498E+003   2.60271502E-001  -1.75974209E+002  -1.76234481E+002   2.82798934E+003   7.24628788E-001   2.82726471E+003  -6.24607917E-002  -1.75509852E+002  -1.75572313E+002
     125       1     1.19999997E+001   7.15109659E+003   4.05224461E-001   2.82774482E+003   2.82733960E+003   2.62657456E-001  -1.76059163E+002  -1.76321820E+002   2.82780774E+003   7.30795157E-001   2.82707694E+003  -6.29132398E-002  -1.75591025E+002  -1.75653938E+002
     126       1     1.19999997E+001   7.15075568E+003   4.09098927E-001   2.82756186E+003   2.82715276E+003   2.64532508E-001  -1.76144960E+002  -1.76409492E+002   2.82762494E+003   7.36709220E-001   2.82688823E+003  -6.30777847E-002  -1.75672783E+002  -1.75735861E+002
     127       1     1.19999997E+001   7.15041438E+003   4.11982121E-001   2.82737817E+003   2.82696619E+003   2.67069064E-001  -1.76230375E+002  -1.76497444E+002   2.82744215E+003   7.43028285E-001   2.82669912E+003  -6.39770998E-002  -1.75754415E+002  -1.75818392E+002
     128       1     1.19999997E+001   7.15006813E+003   4.15140899E-001   2.82719194E+003   2.82677680E+003   2.69264995E-001  -1.76317141E+002  -1.76586406E+002   2.82725642E+003   7.48883607E-001   2.82650753E+003  -6.44777123E-002  -1.75837522E+002  -1.75902000E+002
     129       1     1.19999997E+001   7.14972044E+003   4.19362445E-001   2.82700546E+003   2.82658610E+003   2.71528611E-001  -1.76404785E+002  -1.76676314E+002   2.82707048E+003   7.55907047E-001   2.82631457E+003  -6.50159906E-002  -1.75920407E+002  -1.75985423E+002
     130       1     1.19999997E+001   7.14936843E+003   4.22812435E-001   2.82681660E+003   2.82639378E+003   2.74723257E-001  -1.76492767E+002  -1.76767490E+002   2.82688168E+003   7.62623406E-001   2.82611906E+003  -6.50877136E-002  -1.76004867E+002  -1.76069954E+002
     131       1     1.19999997E+001   7.14901626E+003   4.25899212E-001   2.82662721E+003   2.82620131E+003   2.77431778E-001  -1.76580852E+002  -1.76858284E+002   2.82669287E+003   7.68988900E-001   2.82592388E+003  -6.56579091E-002  -1.76089295E+002  -1.76154953E+002
     132       1     1.19999997E+001   7.14866026E+003   4.30179393E-001   2.82643656E+003   2.82600638E+003   2.78099717E-001  -1.76670261E+002  -1.76948361E+002   2.82649985E+003   7.71568761E-001   2.82572828E+003  -6.32896511E-002  -1.76176792E+002  -1.76240082E+002
     133       1     1.19999997E+001   7.14830595E+003   4.34021450E-001   2.82624617E+003   2.82581215E+003   2.80534428E-001  -1.76759468E+002  -1.77040002E+002   2.82631061E+003   7.78992054E-001   2.82553162E+003  -6.44361756E-002  -1.76261010E+002  -1.76325446E+002
     134       1     1.19999997E+001   7.14795215E+003   4.36907638E-001   2.82605575E+003   2.82561885E+003   2.83810490E-001  -1.76847901E+002  -1.77131712E+002   2.82612149E+003   7.86452479E-001   2.82533504E+003  -6.57343514E-002  -1.76345259E+002  -1.76410994E+002
     135       1     1.19999997E+001   7.14760235E+003   4.41707303E-001   2.82586824E+003   2.82542653E+003   2.84781220E-001  -1.76936522E+002  -1.77221303E+002   2.82593384E+003   7.92089187E-001   2.82514175E+003  -6.56006635E-002  -1.76429214E+002  -1.76494815E+002
     136       1     1.19999997E+001   7.14724301E+003   4.43460990E-001   2.82567466E+003   2.82523120E+003   2.89511131E-001  -1.77025344E+002  -1.77314855E+002   2.82574134E+003   7.99655684E-001   2.82494168E+003  -6.66835633E-002  -1.76515199E+002  -1.76581883E+002
     137       1     1.19999997E+001   7.14688188E+003   4.46648658E-001   2.82548021E+003   2.82503356E+003   2.91640842E-001  -1.77115920E+002  -1.77407561E+002   2.82554774E+003   8.05819700E-001   2.82474192E+003  -6.75301997E-002  -1.76601741E+002  -1.76669271E+002
     138       1     1.19999997E+001   7.14651184E+003   4.51187156E-001   2.82528180E+003   2.82483061E+003   2.93292799E-001  -1.77209177E+002  -1.77502470E+002   2.82534891E+003   8.11593419E-001   2.82453732E+003  -6.71134632E-002  -1.76690877E+002  -1.76757990E+002
     139       1     1.19999997E+001   7.14615454E+003   4.55488118E-001   2.82509021E+003   2.82463472E+003   2.95132775E-001  -1.77299153E+002  -1.77594285E+002   2.82515704E+003   8.17453081E-001   2.82433959E+003  -6.68321878E-002  -1.76776832E+002  -1.76843665E+002
     140       1     1.19999997E+001   7.14580348E+003   4.58874482E-001   2.82490153E+003   2.82444265E+003   2.97200856E-001  -1.77387147E+002  -1.77684348E+002   2.82496836E+003   8.22913837E-001   2.82414545E+003  -6.68384989E-002  -1.76861434E+002  -1.76928273E+002
     141       1     1.19999997E+001   7.14544142E+003   4.62085744E-001   2.82470652E+003   2.82424444E+003   2.99167036E-001  -1.77478029E+002  -1.77777196E+002   2.82477429E+003   8.29017387E-001   2.82394527E+003  -6.77646069E-002  -1.76948179E+002  -1.77015943E+002
     142       1     1.19999997E+001   7.14508644E+003   4.65300140E-001   2.82451578E+003   2.82405048E+003   3.01821268E-001  -1.77566748E+002  -1.77868569E+002   2.82458349E+003   8.34831297E-001   2.82374866E+003  -6.77098892E-002  -1.77033738E+002  -1.77101448E+002
     143       1     1.19999997E+001   7.14473190E+003   4.67662629E-001   2.82432446E+003   2.82385680E+003   3.04280193E-001  -1.77655319E+002  -1.77959599E+002   2.82439347E+003   8.40952254E-001   2.82355252E+003  -6.90094317E-002  -1.77118647E+002  -1.77187656E+002
     144       1     1.19999997E+001   7.14437447E+003   4.70803969E-001   2.82413222E+003   2.82366142E+003   3.07307065E-001  -1.77744732E+002  -1.78052039E+002   2.82420204E+003   8.47924343E-001   2.82335411E+003  -6.98133080E-002  -1.77204114E+002  -1.77273928E+002
     145       1     1.19999997E+001   7.14401243E+003   4.73462954E-001   2.82393684E+003   2.82346338E+003   3.08986390E-001  -1.77835436E+002  -1.78144423E+002   2.82400768E+003   8.53291399E-001   2.82315439E+003  -7.08420547E-002  -1.77291131E+002  -1.77361973E+002
     146       1     1.19999997E+001   7.14364645E+003   4.76477597E-001   2.82374041E+003   2.82326394E+003   3.13690170E-001  -1.77926375E+002  -1.78240065E+002   2.82381163E+003   8.61381298E-001   2.82295025E+003  -7.12135313E-002  -1.77378683E+002  -1.77449897E+002
     147       1     1.19999997E+001   7.14328813E+003   4.80018760E-001   2.82354778E+003   2.82306776E+003   3.15789647E-001  -1.78016309E+002  -1.78332099E+002   2.82361927E+003   8.67292780E-001   2.82275197E+003  -7.14843724E-002  -1.77464806E+002  -1.77536291E+002
     148       1     1.19999997E+001   7.14292675E+003   4.83941051E-001   2.82335345E+003   2.82286951E+003   3.17103765E-001  -1.78107413E+002  -1.78424517E+002   2.82342530E+003   8.72893272E-001   2.82255241E+003  -7.18484557E-002  -1.77551624E+002  -1.77623472E+002
     149       1     1.19999997E+001   7.14256562E+003   4.87545845E-001   2.82315933E+003   2.82267178E+003   3.19114128E-001  -1.78198072E+002  -1.78517186E+002   2.82323134E+003   8.78667197E-001   2.82235267E+003  -7.20072239E-002  -1.77638519E+002  -1.77710526E+002
     150       1     1.19999997E+001   7.14219830E+003   4.91921226E-001   2.82296206E+003   2.82247014E+003   3.20002668E-001  -1.78290805E+002  -1.78610808E+002   2.82303373E+003   8.83590940E-001   2.82215013E+003  -7.16670454E-002  -1.77727217E+002  -1.77798884E+002
     151       1     1.19999997E+001   7.14176886E+003   4.97411422E-001   2.82273175E+003   2.82223434E+003   3.21824766E-001  -1.78399273E+002  -1.78721098E+002   2.82280326E+003   8.90744521E-001   2.82191251E+003  -7.15083330E-002  -1.77830353E+002  -1.77901862E+002
     152       1     1.19999997E+001   7.14134492E+003   5.04707652E-001   2.82250501E+003   2.82200030E+003   3.20058437E-001  -1.78507604E+002  -1.78827662E+002   2.82257404E+003   8.93792015E-001   2.82168024E+003  -6.90259254E-002  -1.77933870E+002  -1.78002896E+002
     153       1     1.19999997E+001   7.14086269E+003   5.09730213E-001   2.82224534E+003   2.82173561E+003   3.24901495E-001  -1.78629309E+002  -1.78954210E+002   2.82231886E+003   9.08150753E-001   2.82141071E+003  -7.35190455E-002  -1.78046059E+002  -1.78119578E+002
     154       1     1.19999997E+001   7.14046457E+003   5.15643820E-001   2.82203221E+003   2.82151657E+003   3.26152305E-001  -1.78730299E+002  -1.79056451E+002   2.82210520E+003   9.14789948E-001   2.82119041E+003  -7.29938233E-002  -1.78141661E+002  -1.78214655E+002
     155       1     1.19999997E+001   7.14004212E+003   5.21806588E-001   2.82180607E+003   2.82128427E+003   3.28715541E-001  -1.78837328E+002  -1.79166043E+002   2.82187943E+003   9.23874370E-001   2.82095555E+003  -7.33522418E-002  -1.78242169E+002  -1.78315521E+002
     156       1     1.19999997E+001   7.13970321E+003   5.23415885E-001   2.82162307E+003   2.82109966E+003   3.31608552E-001  -1.78921437E+002  -1.79253046E+002   2.82169719E+003   9.29145703E-001   2.82076805E+003  -7.41212664E-002  -1.78323900E+002  -1.78398021E+002
     157       1     1.19999997E+001   7.13936123E+003   5.25173468E-001   2.82143831E+003   2.82091313E+003   3.34185310E-001  -1.79006553E+002  -1.79340739E+002   2.82151358E+003   9.34629410E-001   2.82057895E+003  -7.52706329E-002  -1.78406109E+002  -1.78481380E+002
     158       1     1.19999997E+001   7.13901826E+003   5.27067828E-001   2.82125347E+003   2.82072641E+003   3.37082166E-001  -1.79091572E+002  -1.79428655E+002   2.82132856E+003   9.39232166E-001   2.82038932E+003  -7.50821710E-002  -1.78489422E+002  -1.78564505E+002
     159       1     1.19999997E+001   7.13868029E+003   5.29204447E-001   2.82107140E+003   2.82054219E+003   3.39808566E-001  -1.79175563E+002  -1.79515372E+002   2.82114647E+003   9.44090007E-001   2.82020238E+003  -7.50769934E-002  -1.78571282E+002  -1.78646359E+002
     160       1     1.19999997E+001   7.13834221E+003   5.31458842E-001   2.82088907E+003   2.82035762E+003   3.41593990E-001  -1.79259879E+002  -1.79601473E+002   2.82096415E+003   9.48127884E-001   2.82001602E+003  -7.50750523E-002  -1.78653345E+002  -1.78728420E+002
     161       1     1.19999997E+001   7.13797904E+003   5.35182607E-001   2.82069401E+003   2.82015883E+003   3.42196721E-001  -1.79350967E+002  -1.79693164E+002   2.82076722E+003   9.50592827E-001   2.81981663E+003  -7.32134984E-002  -1.78742571E+002  -1.78815784E+002
     162       1     1.19999997E+001   7.13763438E+003   5.36200723E-001   2.82050762E+003   2.81997142E+003   3.45756152E-001  -1.79436159E+002  -1.79781915E+002   2.82058206E+003   9.56394349E-001   2.81962567E+003  -7.44374738E-002  -1.78825521E+002  -1.78899958E+002
     163       1     1.19999997E+001   7.13729648E+003   5.37673025E-001   2.82032516E+003   2.81978749E+003   3.49011243E-001  -1.79519884E+002  -1.79868895E+002   2.82040044E+003   9.61959862E-001   2.81943848E+003  -7.52755942E-002  -1.78906935E+002  -1.78982211E+002
     164       1     1.19999997E+001   7.13696323E+003   5.40023444E-001   2.82014550E+003   2.81960548E+003   3.50786991E-001  -1.79603062E+002  -1.79953849E+002   2.82022078E+003   9.66088685E-001   2.81925469E+003  -7.52782513E-002  -1.78987760E+002  -1.79063039E+002
     165       1     1.19999997E+001   7.13658205E+003   5.44453357E-001   2.81994068E+003   2.81939623E+003   3.51507913E-001  -1.79699256E+002  -1.80050764E+002   2.82001538E+003   9.70654937E-001   2.81904472E+003  -7.46936678E-002  -1.79080109E+002  -1.79154803E+002
     166       1     1.19999997E+001   7.13619408E+003   5.49284118E-001   2.81973241E+003   2.81918313E+003   3.52059688E-001  -1.79797295E+002  -1.80149354E+002   2.81980621E+003   9.75143851E-001   2.81883107E+003  -7.38000450E-002  -1.79174210E+002  -1.79248011E+002
     167       1     1.19999997E+001   7.13585129E+003   5.48702422E-001   2.81954619E+003   2.81899749E+003   3.56463113E-001  -1.79881264E+002  -1.80237727E+002   2.81962220E+003   9.81168842E-001   2.81864103E+003  -7.60033069E-002  -1.79256558E+002  -1.79332561E+002
     168       1     1.19999997E+001   7.13550669E+003   5.49955206E-001   2.81935997E+003   2.81881002E+003   3.60731065E-001  -1.79966531E+002  -1.80327262E+002   2.81943777E+003   9.88478820E-001   2.81844929E+003  -7.77925489E-002  -1.79338783E+002  -1.79416576E+002
     169       1     1.19999997E+001   7.13517649E+003   5.51344847E-001   2.81918164E+003   2.81863030E+003   3.62782664E-001  -1.80048317E+002  -1.80411099E+002   2.81925906E+003   9.91544666E-001   2.81826751E+003  -7.74171550E-002  -1.79419555E+002  -1.79496972E+002
     170       1     1.19999997E+001   7.13481705E+003   5.57622739E-001   2.81898976E+003   2.81843214E+003   3.61337916E-001  -1.80139861E+002  -1.80501199E+002   2.81906362E+003   9.92815639E-001   2.81807080E+003  -7.38549845E-002  -1.79508383E+002  -1.79582238E+002
     171       1     1.19999997E+001   7.13448006E+003   5.59005767E-001   2.81880783E+003   2.81824882E+003   3.64215346E-001  -1.80223221E+002  -1.80587437E+002   2.81888172E+003   9.97107836E-001   2.81788461E+003  -7.38867218E-002  -1.79590329E+002  -1.79664216E+002
     172       1     1.19999997E+001   7.13415665E+003   5.61382307E-001   2.81863336E+003   2.81807198E+003   3.64998825E-001  -1.80304141E+002  -1.80669140E+002   2.81870687E+003   9.99890262E-001   2.81770698E+003  -7.35091298E-002  -1.79669249E+002  -1.79742758E+002
     173       1     1.19999997E+001   7.13383101E+003   5.62878631E-001   2.81845744E+003   2.81789456E+003   3.66400184E-001  -1.80384966E+002  -1.80751367E+002   2.81853037E+003   1.00220728E+000   2.81752816E+003  -7.29284600E-002  -1.79749159E+002  -1.79822088E+002
     174       1     1.19999997E+001   7.13349080E+003   5.67011760E-001   2.81827473E+003   2.81770772E+003   3.67085568E-001  -1.80470897E+002  -1.80837983E+002   2.81834707E+003   1.00643986E+000   2.81734063E+003  -7.23425295E-002  -1.79831543E+002  -1.79903885E+002
     175       1     1.19999997E+001   7.13315612E+003   5.71919708E-001   2.81809524E+003   2.81752332E+003   3.65634707E-001  -1.80556019E+002  -1.80921653E+002   2.81816556E+003   1.00786642E+000   2.81715769E+003  -7.03120066E-002  -1.79913787E+002  -1.79984099E+002
     176       1     1.19999997E+001   7.13282458E+003   5.70095346E-001   2.81791435E+003   2.81734425E+003   3.70130028E-001  -1.80636744E+002  -1.81006875E+002   2.81798755E+003   1.01342694E+000   2.81697412E+003  -7.32015644E-002  -1.79993448E+002  -1.80066649E+002
     177       1     1.19999997E+001   7.13249060E+003   5.72089377E-001   2.81773385E+003   2.81716176E+003   3.70720119E-001  -1.80720164E+002  -1.81090884E+002   2.81780676E+003   1.01572256E+000   2.81679104E+003  -7.29130606E-002  -1.80075162E+002  -1.80148075E+002
     178       1     1.19999997E+001   7.13216828E+003   5.73654022E-001   2.81755970E+003   2.81698604E+003   3.71741661E-001  -1.80800269E+002  -1.81172010E+002   2.81763188E+003   1.01758117E+000   2.81661430E+003  -7.21854847E-002  -1.80154429E+002  -1.80226615E+002
     179       1     1.19999997E+001   7.13184185E+003   5.75198008E-001   2.81738370E+003   2.81680850E+003   3.73685350E-001  -1.80880983E+002  -1.81254669E+002   2.81745449E+003   1.01967855E+000   2.81643481E+003  -7.07951936E-002  -1.80234990E+002  -1.80305785E+002
     180       1     1.19999997E+001   7.13152108E+003   5.76425382E-001   2.81721024E+003   2.81663381E+003   3.75697702E-001  -1.80960511E+002  -1.81336209E+002   2.81728119E+003   1.02307369E+000   2.81625811E+003  -7.09506014E-002  -1.80313135E+002  -1.80384086E+002
     181       1     1.19999997E+001   7.13119821E+003   5.76524679E-001   2.81703504E+003   2.81645851E+003   3.78994266E-001  -1.81040033E+002  -1.81419027E+002   2.81710758E+003   1.02806473E+000   2.81607952E+003  -7.25457882E-002  -1.80390963E+002  -1.80463508E+002
     182       1     1.19999997E+001   7.13087689E+003   5.77897674E-001   2.81686125E+003   2.81628335E+003   3.80200808E-001  -1.81119872E+002  -1.81500073E+002   2.81693354E+003   1.03039338E+000   2.81590315E+003  -7.22948954E-002  -1.80469679E+002  -1.80541974E+002
     183       1     1.19999997E+001   7.13056238E+003   5.78956153E-001   2.81669106E+003   2.81611210E+003   3.81680717E-001  -1.81197818E+002  -1.81579499E+002   2.81676317E+003   1.03274805E+000   2.81573042E+003  -7.21111810E-002  -1.80546751E+002  -1.80618862E+002
     184       1     1.19999997E+001   7.13024734E+003   5.79990080E-001   2.81652053E+003   2.81594054E+003   3.82931265E-001  -1.81275916E+002  -1.81658847E+002   2.81659236E+003   1.03475186E+000   2.81555761E+003  -7.18305178E-002  -1.80624096E+002  -1.80695926E+002
     185       1     1.19999997E+001   7.12993194E+003   5.80588771E-001   2.81634971E+003   2.81576912E+003   3.84875819E-001  -1.81353770E+002  -1.81738646E+002   2.81642147E+003   1.03723055E+000   2.81538424E+003  -7.17659572E-002  -1.80701416E+002  -1.80773181E+002
     186       1     1.19999997E+001   7.12961641E+003   5.81273739E-001   2.81617877E+003   2.81559750E+003   3.86485867E-001  -1.81431781E+002  -1.81818266E+002   2.81625048E+003   1.03946144E+000   2.81521101E+003  -7.17018359E-002  -1.80778805E+002  -1.80850507E+002
     187       1     1.19999997E+001   7.12929598E+003   5.82123540E-001   2.81600517E+003   2.81542304E+003   3.87803122E-001  -1.81511171E+002  -1.81898975E+002   2.81607684E+003   1.04159792E+000   2.81503524E+003  -7.16712620E-002  -1.80857377E+002  -1.80929048E+002
     188       1     1.19999997E+001   7.12897944E+003   5.83232374E-001   2.81583394E+003   2.81525071E+003   3.89386729E-001  -1.81589594E+002  -1.81978981E+002   2.81590531E+003   1.04398917E+000   2.81486132E+003  -7.13700623E-002  -1.80934992E+002  -1.81006362E+002
     189       1     1.19999997E+001   7.12866223E+003   5.84426348E-001   2.81566243E+003   2.81507801E+003   3.90379879E-001  -1.81668182E+002  -1.82058562E+002   2.81573273E+003   1.04509817E+000   2.81468763E+003  -7.02919464E-002  -1.81013464E+002  -1.81083756E+002
     190       1     1.19999997E+001   7.12833887E+003   5.84344245E-001   2.81548660E+003   2.81490226E+003   3.91814047E-001  -1.81747993E+002  -1.82139808E+002   2.81555763E+003   1.04718057E+000   2.81451045E+003  -7.10222731E-002  -1.81092627E+002  -1.81163649E+002
     191       1     1.19999997E+001   7.12802246E+003   5.85771471E-001   2.81531545E+003   2.81472968E+003   3.92388092E-001  -1.81826693E+002  -1.82219081E+002   2.81538574E+003   1.04844616E+000   2.81433729E+003  -7.02865932E-002  -1.81170635E+002  -1.81240922E+002
     192       1     1.19999997E+001   7.12770109E+003   5.84640692E-001   2.81514034E+003   2.81455570E+003   3.94686002E-001  -1.81905321E+002  -1.82300007E+002   2.81521154E+003   1.05052690E+000   2.81416102E+003  -7.12002081E-002  -1.81249480E+002  -1.81320680E+002
     193       1     1.19999997E+001   7.12737933E+003   5.83386273E-001   2.81496498E+003   2.81438159E+003   3.97457130E-001  -1.81983966E+002  -1.82381423E+002   2.81503748E+003   1.05334482E+000   2.81398413E+003  -7.25014201E-002  -1.81328078E+002  -1.81400580E+002
     194       1     1.19999997E+001   7.12705639E+003   5.84463240E-001   2.81479026E+003   2.81420580E+003   3.97934332E-001  -1.82063935E+002  -1.82461870E+002   2.81486125E+003   1.05337865E+000   2.81380787E+003  -7.09810738E-002  -1.81408491E+002  -1.81479472E+002
     195       1     1.19999997E+001   7.12674320E+003   5.87924350E-001   2.81462183E+003   2.81403391E+003   3.96932536E-001  -1.82142902E+002  -1.82539834E+002   2.81469067E+003   1.05369830E+000   2.81363697E+003  -6.88414138E-002  -1.81486136E+002  -1.81554977E+002
     196       1     1.19999997E+001   7.12642629E+003   5.89228998E-001   2.81445058E+003   2.81386135E+003   3.98375741E-001  -1.82221426E+002  -1.82619802E+002   2.81451859E+003   1.05561529E+000   2.81346297E+003  -6.80105511E-002  -1.81564187E+002  -1.81632198E+002
     197       1     1.19999997E+001   7.12611122E+003   5.92386886E-001   2.81428108E+003   2.81368869E+003   3.97201965E-001  -1.82300591E+002  -1.82697793E+002   2.81434631E+003   1.05482179E+000   2.81329149E+003  -6.52329354E-002  -1.81642972E+002  -1.81708205E+002
     198       1     1.19999997E+001   7.12579418E+003   5.90442375E-001   2.81410776E+003   2.81351732E+003   4.00964309E-001  -1.82377894E+002  -1.82778858E+002   2.81417595E+003   1.05959728E+000   2.81311635E+003  -6.81905960E-002  -1.81719261E+002  -1.81787452E+002
     199       1     1.19999997E+001   7.12548032E+003   5.91162281E-001   2.81393761E+003   2.81334644E+003   4.02978192E-001  -1.82455635E+002  -1.82858614E+002   2.81400658E+003   1.06311009E+000   2.81294347E+003  -6.89696206E-002  -1.81795504E+002  -1.81864473E+002
     200       1     1.19999997E+001   7.12516344E+003   5.91389438E-001   2.81376598E+003   2.81317460E+003   4.05326452E-001  -1.82533455E+002  -1.82938781E+002   2.81383437E+003   1.06510223E+000   2.81276927E+003  -6.83863379E-002  -1.81873679E+002  -1.81942065E+002
     201       1     1.19999997E+001   7.12485567E+003   5.91893521E-001   2.81359898E+003   2.81300709E+003   4.06463131E-001  -1.82609631E+002  -1.83016094E+002   2.81366746E+003   1.06683724E+000   2.81260063E+003  -6.84805910E-002  -1.81949257E+002  -1.82017737E+002
     202       1     1.19999997E+001   7.12454814E+003   5.92114055E-001   2.81343219E+003   2.81284008E+003   4.08347113E-001  -1.82685383E+002  -1.83093730E+002   2.81350062E+003   1.06888614E+000   2.81243173E+003  -6.84249759E-002  -1.82024844E+002  -1.82093269E+002
     203       1     1.19999997E+001   7.12424049E+003   5.91529009E-001   2.81326483E+003   2.81267330E+003   4.10443868E-001  -1.82760866E+002  -1.83171309E+002   2.81333383E+003   1.07096835E+000   2.81226286E+003  -6.89954687E-002  -1.82100341E+002  -1.82169337E+002
     204       1     1.19999997E+001   7.12392505E+003   5.91786459E-001   2.81309386E+003   2.81250207E+003   4.11861244E-001  -1.82838491E+002  -1.83250352E+002   2.81316191E+003   1.07170021E+000   2.81209021E+003  -6.80525113E-002  -1.82178652E+002  -1.82246704E+002
     205       1     1.19999997E+001   7.12361307E+003   5.91144999E-001   2.81292434E+003   2.81233319E+003   4.14985731E-001  -1.82914783E+002  -1.83329769E+002   2.81299304E+003   1.07483222E+000   2.81191821E+003  -6.87014862E-002  -1.82254937E+002  -1.82323638E+002
     206       1     1.19999997E+001   7.12329868E+003   5.93354193E-001   2.81275445E+003   2.81216109E+003   4.15125893E-001  -1.82993586E+002  -1.83408712E+002   2.81282277E+003   1.07679931E+000   2.81174597E+003  -6.83192211E-002  -1.82331913E+002  -1.82400232E+002
     207       1     1.19999997E+001   7.12298401E+003   5.93490757E-001   2.81258354E+003   2.81199005E+003   4.17680064E-001  -1.83071243E+002  -1.83488923E+002   2.81265317E+003   1.08079611E+000   2.81157237E+003  -6.96252910E-002  -1.82408127E+002  -1.82477752E+002
     208       1     1.19999997E+001   7.12267284E+003   5.93834388E-001   2.81241496E+003   2.81182113E+003   4.19691064E-001  -1.83147822E+002  -1.83567513E+002   2.81248409E+003   1.08265431E+000   2.81140144E+003  -6.91288564E-002  -1.82484858E+002  -1.82553987E+002
     209       1     1.19999997E+001   7.12236366E+003   5.94475185E-001   2.81224733E+003   2.81165285E+003   4.20800966E-001  -1.83224339E+002  -1.83645140E+002   2.81231619E+003   1.08413550E+000   2.81123205E+003  -6.88593531E-002  -1.82561004E+002  -1.82629863E+002
     210       1     1.19999997E+001   7.12205359E+003   5.95162196E-001   2.81207924E+003   2.81148407E+003   4.22834216E-001  -1.83301094E+002  -1.83723928E+002   2.81214871E+003   1.08747406E+000   2.81106124E+003  -6.94776476E-002  -1.82636454E+002  -1.82705932E+002
     211       1     1.19999997E+001   7.12174495E+003   5.96297974E-001   2.81191222E+003   2.81131593E+003   4.24050796E-001  -1.83377644E+002  -1.83801695E+002   2.81198120E+003   1.08932713E+000   2.81089187E+003  -6.89783584E-002  -1.82712367E+002  -1.82781346E+002
     212       1     1.19999997E+001   7.12143609E+003   5.95975335E-001   2.81174427E+003   2.81114830E+003   4.25912623E-001  -1.83453607E+002  -1.83879520E+002   2.81181374E+003   1.09135942E+000   2.81072238E+003  -6.94714612E-002  -1.82788160E+002  -1.82857632E+002
     213       1     1.19999997E+001   7.12112432E+003   5.95477445E-001   2.81157488E+003   2.81097940E+003   4.28467768E-001  -1.83529969E+002  -1.83958437E+002   2.81164459E+003   1.09365892E+000   2.81055093E+003  -6.97137032E-002  -1.82864778E+002  -1.82934491E+002
     214       1     1.19999997E+001   7.12081047E+003   5.96592675E-001   2.81140497E+003   2.81080838E+003   4.28815583E-001  -1.83607840E+002  -1.84036656E+002   2.81147347E+003   1.09390251E+000   2.81037956E+003  -6.84942483E-002  -1.82942753E+002  -1.83011247E+002
     215       1     1.19999997E+001   7.12050099E+003   5.93485638E-001   2.81123519E+003   2.81064171E+003   4.32171114E-001  -1.83682662E+002  -1.84114833E+002   2.81130605E+003   1.09651519E+000   2.81020953E+003  -7.08584401E-002  -1.83018318E+002  -1.83089177E+002
     216       1     1.19999997E+001   7.12018894E+003   5.92958092E-001   2.81106547E+003   2.81047251E+003   4.33321657E-001  -1.83759242E+002  -1.84192564E+002   2.81113581E+003   1.09662381E+000   2.81003919E+003  -7.03440593E-002  -1.83095940E+002  -1.83166284E+002
     217       1     1.19999997E+001   7.11987828E+003   5.94200290E-001   2.81089710E+003   2.81030290E+003   4.32974414E-001  -1.83836644E+002  -1.84269619E+002   2.81096655E+003   1.09662559E+000   2.80986992E+003  -6.94508878E-002  -1.83172993E+002  -1.83242444E+002
     218       1     1.19999997E+001   7.11955974E+003   5.93422263E-001   2.81072332E+003   2.81012990E+003   4.33710983E-001  -1.83915099E+002  -1.84348810E+002   2.81079340E+003   1.09721584E+000   2.80969619E+003  -7.00825979E-002  -1.83251594E+002  -1.83321677E+002
     219       1     1.19999997E+001   7.11924292E+003   5.91875737E-001   2.81055015E+003   2.80995827E+003   4.35016157E-001  -1.83992682E+002  -1.84427698E+002   2.81062118E+003   1.09791867E+000   2.80952326E+003  -7.10267773E-002  -1.83329779E+002  -1.83400806E+002
     220       1     1.19999997E+001   7.11893131E+003   5.90310982E-001   2.81038030E+003   2.80978999E+003   4.38164830E-001  -1.84068479E+002  -1.84506644E+002   2.81045217E+003   1.10035063E+000   2.80935182E+003  -7.18748145E-002  -1.83406294E+002  -1.83478168E+002
     221       1     1.19999997E+001   7.11862151E+003   5.88526096E-001   2.81021118E+003   2.80962266E+003   4.41142794E-001  -1.84143852E+002  -1.84584995E+002   2.81028425E+003   1.10273903E+000   2.80918151E+003  -7.30701425E-002  -1.83482256E+002  -1.83555326E+002
     222       1     1.19999997E+001   7.11830390E+003   5.88967578E-001   2.81003857E+003   2.80944960E+003   4.42742243E-001  -1.84222626E+002  -1.84665369E+002   2.81011287E+003   1.10601143E+000   2.80900686E+003  -7.43016077E-002  -1.83559357E+002  -1.83633659E+002
     223       1     1.19999997E+001   7.11799342E+003   5.87582512E-001   2.80986910E+003   2.80928152E+003   4.44916533E-001  -1.84298548E+002  -1.84743464E+002   2.80994451E+003   1.10790933E+000   2.80883660E+003  -7.54102801E-002  -1.83635555E+002  -1.83710965E+002
     224       1     1.19999997E+001   7.11767814E+003   5.87017777E-001   2.80969745E+003   2.80911043E+003   4.47096622E-001  -1.84376052E+002  -1.84823148E+002   2.80977390E+003   1.11056877E+000   2.80866333E+003  -7.64543742E-002  -1.83712579E+002  -1.83789034E+002
     225       1     1.19999997E+001   7.11736445E+003   5.88980567E-001   2.80952799E+003   2.80893901E+003   4.47422233E-001  -1.84454349E+002  -1.84901771E+002   2.80960334E+003   1.11174364E+000   2.80849159E+003  -7.53408444E-002  -1.83790027E+002  -1.83865368E+002
     226       1     1.19999997E+001   7.11705337E+003   5.88534218E-001   2.80935878E+003   2.80877024E+003   4.49579100E-001  -1.84530776E+002  -1.84980355E+002   2.80943474E+003   1.11407832E+000   2.80832066E+003  -7.59650024E-002  -1.83866277E+002  -1.83942242E+002
     227       1     1.19999997E+001   7.11673858E+003   5.87684034E-001   2.80918712E+003   2.80859944E+003   4.51533429E-001  -1.84608130E+002  -1.85059663E+002   2.80926435E+003   1.11644144E+000   2.80814791E+003  -7.72239785E-002  -1.83943222E+002  -1.84020446E+002
     228       1     1.19999997E+001   7.11642193E+003   5.88221400E-001   2.80901540E+003   2.80842718E+003   4.52742165E-001  -1.84686388E+002  -1.85139130E+002   2.80909214E+003   1.11770391E+000   2.80797444E+003  -7.67403421E-002  -1.84021427E+002  -1.84098167E+002
     229       1     1.19999997E+001   7.11610691E+003   5.88784467E-001   2.80884438E+003   2.80825559E+003   4.53813467E-001  -1.84764462E+002  -1.85218276E+002   2.80892131E+003   1.11953581E+000   2.80780178E+003  -7.69378767E-002  -1.84098740E+002  -1.84175678E+002
     230       1     1.19999997E+001   7.11578620E+003   5.88712484E-001   2.80867057E+003   2.80808186E+003   4.56177296E-001  -1.84842987E+002  -1.85299164E+002   2.80874642E+003   1.12074394E+000   2.80762568E+003  -7.58541586E-002  -1.84178420E+002  -1.84254274E+002
     231       1     1.19999997E+001   7.11546704E+003   5.87450976E-001   2.80849687E+003   2.80790941E+003   4.60544966E-001  -1.84920678E+002  -1.85381223E+002   2.80857422E+003   1.12534653E+000   2.80744887E+003  -7.73505917E-002  -1.84255877E+002  -1.84333227E+002
     232       1     1.19999997E+001   7.11515043E+003   5.86418052E-001   2.80832433E+003   2.80773791E+003   4.63550177E-001  -1.84998186E+002  -1.85461737E+002   2.80840315E+003   1.12878813E+000   2.80727436E+003  -7.88199037E-002  -1.84332949E+002  -1.84411768E+002
     233       1     1.19999997E+001   7.11483085E+003   5.85918285E-001   2.80815039E+003   2.80756447E+003   4.66370129E-001  -1.85076753E+002  -1.85543123E+002   2.80823070E+003   1.13260475E+000   2.80709810E+003  -8.03163384E-002  -1.84410518E+002  -1.84490835E+002
     234       1     1.19999997E+001   7.11450594E+003   5.85859411E-001   2.80797392E+003   2.80738806E+003   4.68803889E-001  -1.85156699E+002  -1.85625503E+002   2.80805472E+003   1.13545680E+000   2.80691926E+003  -8.07935050E-002  -1.84490047E+002  -1.84570840E+002
     235       1     1.19999997E+001   7.11418864E+003   5.85266955E-001   2.80780122E+003   2.80721595E+003   4.71174446E-001  -1.85234609E+002  -1.85705783E+002   2.80788287E+003   1.13809229E+000   2.80674478E+003  -8.16508892E-002  -1.84567691E+002  -1.84649342E+002
     236       1     1.19999997E+001   7.11386929E+003   5.84949247E-001   2.80762768E+003   2.80704273E+003   4.73942081E-001  -1.85313010E+002  -1.85786952E+002   2.80770996E+003   1.14117195E+000   2.80656879E+003  -8.22806254E-002  -1.84645780E+002  -1.84728060E+002
     237       1     1.19999997E+001   7.11354267E+003   5.83487310E-001   2.80744932E+003   2.80686583E+003   4.77284520E-001  -1.85392935E+002  -1.85870220E+002   2.80753399E+003   1.14544245E+000   2.80638855E+003  -8.46706225E-002  -1.84724777E+002  -1.84809448E+002
     238       1     1.19999997E+001   7.11322048E+003   5.83915548E-001   2.80727457E+003   2.80669066E+003   4.78960131E-001  -1.85472450E+002  -1.85951410E+002   2.80735893E+003   1.14723063E+000   2.80621170E+003  -8.43549501E-002  -1.84804179E+002  -1.84888534E+002
     239       1     1.19999997E+001   7.11290292E+003   5.83735843E-001   2.80710185E+003   2.80651812E+003   4.80893827E-001  -1.85550705E+002  -1.86031599E+002   2.80718691E+003   1.14968963E+000   2.80603722E+003  -8.50599554E-002  -1.84881910E+002  -1.84966970E+002
     240       1     1.19999997E+001   7.11258080E+003   5.83524494E-001   2.80692663E+003   2.80634311E+003   4.83096372E-001  -1.85630075E+002  -1.86113171E+002   2.80701267E+003   1.15265407E+000   2.80586001E+003  -8.60332001E-002  -1.84960517E+002  -1.85046551E+002
     241       1     1.19999997E+001   7.11225509E+003   5.84859045E-001   2.80675029E+003   2.80616543E+003   4.84768316E-001  -1.85711037E+002  -1.86195806E+002   2.80683648E+003   1.15581077E+000   2.80568067E+003  -8.61834055E-002  -1.85039995E+002  -1.85126178E+002
     242       1     1.19999997E+001   7.11193577E+003   5.84977686E-001   2.80657680E+003   2.80599183E+003   4.86526759E-001  -1.85789834E+002  -1.86276361E+002   2.80666333E+003   1.15803108E+000   2.80550530E+003  -8.65266310E-002  -1.85118330E+002  -1.85204856E+002
     243       1     1.19999997E+001   7.11160604E+003   5.84563174E-001   2.80639714E+003   2.80581257E+003   4.88149055E-001  -1.85871179E+002  -1.86359329E+002   2.80648481E+003   1.16038388E+000   2.80532442E+003  -8.76716485E-002  -1.85198945E+002  -1.85286616E+002
     244       1     1.19999997E+001   7.11127366E+003   5.85514293E-001   2.80621661E+003   2.80563110E+003   4.88047520E-001  -1.85953958E+002  -1.86442006E+002   2.80630408E+003   1.16102394E+000   2.80514305E+003  -8.74621232E-002  -1.85280982E+002  -1.85368444E+002
     245       1     1.19999997E+001   7.11094139E+003   5.84921521E-001   2.80603566E+003   2.80545074E+003   4.89793632E-001  -1.86035656E+002  -1.86525450E+002   2.80612364E+003   1.16268917E+000   2.80496095E+003  -8.79740206E-002  -1.85362760E+002  -1.85450734E+002
     246       1     1.19999997E+001   7.11061280E+003   5.84959307E-001   2.80585698E+003   2.80527202E+003   4.90968001E-001  -1.86116805E+002  -1.86607773E+002   2.80594507E+003   1.16401999E+000   2.80478105E+003  -8.80926811E-002  -1.85443753E+002  -1.85531845E+002
     247       1     1.19999997E+001   7.11028568E+003   5.83707403E-001   2.80567855E+003   2.80509484E+003   4.93522613E-001  -1.86196849E+002  -1.86690371E+002   2.80576776E+003   1.16644298E+000   2.80460132E+003  -8.92129624E-002  -1.85523928E+002  -1.85613141E+002
     248       1     1.19999997E+001   7.10996227E+003   5.85318632E-001   2.80550340E+003   2.80491808E+003   4.94080325E-001  -1.86277572E+002  -1.86771652E+002   2.80559239E+003   1.16839073E+000   2.80442400E+003  -8.89917732E-002  -1.85603262E+002  -1.85692253E+002
     249       1     1.19999997E+001   7.10963309E+003   5.82763345E-001   2.80532290E+003   2.80474014E+003   4.97307722E-001  -1.86357761E+002  -1.86855069E+002   2.80541481E+003   1.17198197E+000   2.80424283E+003  -9.19109012E-002  -1.85683087E+002  -1.85774998E+002
     250       1     1.19999997E+001   7.10930904E+003   5.83275224E-001   2.80514700E+003   2.80456372E+003   4.98997321E-001  -1.86437945E+002  -1.86936942E+002   2.80523921E+003   1.17448601E+000   2.80406473E+003  -9.22134620E-002  -1.85762456E+002  -1.85854670E+002
     251       1     1.19999997E+001   7.10898416E+003   5.82720014E-001   2.80497009E+003   2.80438737E+003   5.01235942E-001  -1.86517824E+002  -1.87019060E+002   2.80506325E+003   1.17711753E+000   2.80388613E+003  -9.31615703E-002  -1.85841942E+002  -1.85935104E+002
     252       1     1.19999997E+001   7.10866011E+003   5.83508294E-001   2.80479393E+003   2.80421042E+003   5.01504914E-001  -1.86598534E+002  -1.87100039E+002   2.80488752E+003   1.17859709E+000   2.80370892E+003  -9.35838847E-002  -1.85921442E+002  -1.86015026E+002
     253       1     1.19999997E+001   7.10834067E+003   5.84196498E-001   2.80462064E+003   2.80403644E+003   5.02631950E-001  -1.86677651E+002  -1.87180283E+002   2.80471391E+003   1.18009364E+000   2.80353381E+003  -9.32651925E-002  -1.86000189E+002  -1.86093454E+002
     254       1     1.19999997E+001   7.10801552E+003   5.83544033E-001   2.80444332E+003   2.80385978E+003   5.05361025E-001  -1.86757755E+002  -1.87263116E+002   2.80453883E+003   1.18441307E+000   2.80335442E+003  -9.55080088E-002  -1.86078703E+002  -1.86174211E+002
     255       1     1.19999997E+001   7.10769354E+003   5.84725219E-001   2.80426906E+003   2.80368433E+003   5.07090671E-001  -1.86837575E+002  -1.87344665E+002   2.80436414E+003   1.18689735E+000   2.80317724E+003  -9.50814608E-002  -1.86157768E+002  -1.86252850E+002
     256       1     1.19999997E+001   7.10736979E+003   5.85137814E-001   2.80409335E+003   2.80350821E+003   5.07412438E-001  -1.86917548E+002  -1.87424960E+002   2.80418700E+003   1.18620125E+000   2.80300080E+003  -9.36509951E-002  -1.86238759E+002  -1.86332410E+002
     257       1     1.19999997E+001   7.10705095E+003   5.84755666E-001   2.80391956E+003   2.80333480E+003   5.08477469E-001  -1.86996266E+002  -1.87504743E+002   2.80401394E+003   1.18761380E+000   2.80282632E+003  -9.43806612E-002  -1.86317129E+002  -1.86411510E+002
     258       1     1.19999997E+001   7.10672426E+003   5.84779237E-001   2.80374192E+003   2.80315714E+003   5.09956918E-001  -1.87076900E+002  -1.87586857E+002   2.80383652E+003   1.18933429E+000   2.80264718E+003  -9.45981375E-002  -1.86397523E+002  -1.86492121E+002
     259       1     1.19999997E+001   7.10640011E+003   5.84077451E-001   2.80356552E+003   2.80298144E+003   5.12230795E-001  -1.87156328E+002  -1.87668559E+002   2.80366028E+003   1.19106637E+000   2.80246921E+003  -9.47581255E-002  -1.86477493E+002  -1.86572251E+002
     260       1     1.19999997E+001   7.10607101E+003   5.85316310E-001   2.80338793E+003   2.80280262E+003   5.14693003E-001  -1.87237408E+002  -1.87752101E+002   2.80348084E+003   1.19291940E+000   2.80228792E+003  -9.29100877E-002  -1.86559181E+002  -1.86652091E+002
     261       1     1.19999997E+001   7.10574596E+003   5.86172855E-001   2.80321147E+003   2.80262530E+003   5.15841993E-001  -1.87318185E+002  -1.87834027E+002   2.80330478E+003   1.19532645E+000   2.80210945E+003  -9.33115973E-002  -1.86638700E+002  -1.86732012E+002
     262       1     1.19999997E+001   7.10541967E+003   5.85394044E-001   2.80303390E+003   2.80244851E+003   5.19696819E-001  -1.87398057E+002  -1.87917754E+002   2.80312874E+003   1.19992703E+000   2.80192881E+003  -9.48361670E-002  -1.86717827E+002  -1.86812663E+002
     263       1     1.19999997E+001   7.10509608E+003   5.85917284E-001   2.80285828E+003   2.80227237E+003   5.21377268E-001  -1.87478088E+002  -1.87999465E+002   2.80295317E+003   1.20218010E+000   2.80175099E+003  -9.48855461E-002  -1.86797285E+002  -1.86892170E+002
     264       1     1.19999997E+001   7.10477116E+003   5.86824124E-001   2.80268196E+003   2.80209513E+003   5.22495457E-001  -1.87558813E+002  -1.88081309E+002   2.80277702E+003   1.20438797E+000   2.80157264E+003  -9.50683877E-002  -1.86876921E+002  -1.86971989E+002
     265       1     1.19999997E+001   7.10444483E+003   5.86768130E-001   2.80250432E+003   2.80191755E+003   5.24373423E-001  -1.87639461E+002  -1.88163834E+002   2.80260054E+003   1.20735759E+000   2.80139318E+003  -9.62160345E-002  -1.86956477E+002  -1.87052693E+002
     266       1     1.19999997E+001   7.10411706E+003   5.87061382E-001   2.80232630E+003   2.80173924E+003   5.26640236E-001  -1.87720416E+002  -1.88247057E+002   2.80242316E+003   1.21056346E+000   2.80121260E+003  -9.68618373E-002  -1.87036493E+002  -1.87133355E+002
     267       1     1.19999997E+001   7.10378855E+003   5.87902509E-001   2.80214799E+003   2.80156009E+003   5.28055522E-001  -1.87801986E+002  -1.88330041E+002   2.80224526E+003   1.21322224E+000   2.80103203E+003  -9.72642104E-002  -1.87116819E+002  -1.87214083E+002
     268       1     1.19999997E+001   7.10345662E+003   5.89333897E-001   2.80196806E+003   2.80137873E+003   5.29284532E-001  -1.87884753E+002  -1.88414038E+002   2.80206577E+003   1.21632691E+000   2.80084944E+003  -9.77084779E-002  -1.87197711E+002  -1.87295419E+002
     269       1     1.19999997E+001   7.10311862E+003   5.92418150E-001   2.80178496E+003   2.80119254E+003   5.28487815E-001  -1.87970537E+002  -1.88499025E+002   2.80188382E+003   1.21976550E+000   2.80066405E+003  -9.88595366E-002  -1.87279260E+002  -1.87378119E+002
     270       1     1.19999997E+001   7.10278439E+003   5.93962835E-001   2.80160426E+003   2.80101030E+003   5.30159567E-001  -1.88053494E+002  -1.88583653E+002   2.80170224E+003   1.22210232E+000   2.80048014E+003  -9.79799135E-002  -1.87361551E+002  -1.87459531E+002
     271       1     1.19999997E+001   7.10245192E+003   5.94697804E-001   2.80142374E+003   2.80082904E+003   5.31670595E-001  -1.88135992E+002  -1.88667663E+002   2.80152220E+003   1.22483666E+000   2.80029737E+003  -9.84682564E-002  -1.87442826E+002  -1.87541294E+002
     272       1     1.19999997E+001   7.10211769E+003   5.96099793E-001   2.80124252E+003   2.80064642E+003   5.32077064E-001  -1.88219325E+002  -1.88751402E+002   2.80134062E+003   1.22627975E+000   2.80011434E+003  -9.81028963E-002  -1.87525122E+002  -1.87623225E+002
     273       1     1.19999997E+001   7.10177896E+003   5.97747252E-001   2.80105913E+003   2.80046138E+003   5.33152694E-001  -1.88303732E+002  -1.88836884E+002   2.80115688E+003   1.22864640E+000   2.79992823E+003  -9.77464542E-002  -1.87608238E+002  -1.87705984E+002
     274       1     1.19999997E+001   7.10143880E+003   6.00323267E-001   2.80087528E+003   2.80027496E+003   5.33399897E-001  -1.88389110E+002  -1.88922509E+002   2.80097246E+003   1.23089938E+000   2.79974156E+003  -9.71762155E-002  -1.87691610E+002  -1.87788786E+002
     275       1     1.19999997E+001   7.10109828E+003   6.01887774E-001   2.80069077E+003   2.80008888E+003   5.34479729E-001  -1.88474022E+002  -1.89008501E+002   2.80078800E+003   1.23359284E+000   2.79955440E+003  -9.72253369E-002  -1.87774909E+002  -1.87872134E+002
     276       1     1.19999997E+001   7.10075885E+003   6.02897538E-001   2.80050646E+003   2.79990357E+003   5.35635603E-001  -1.88558499E+002  -1.89094135E+002   2.80060427E+003   1.23633470E+000   2.79936793E+003  -9.78015622E-002  -1.87857800E+002  -1.87955602E+002
     277       1     1.19999997E+001   7.10041857E+003   6.05148532E-001   2.80032241E+003   2.79971726E+003   5.36276317E-001  -1.88643715E+002  -1.89179991E+002   2.80041989E+003   1.23890771E+000   2.79918098E+003  -9.74828625E-002  -1.87941083E+002  -1.88038566E+002
     278       1     1.19999997E+001   7.10007548E+003   6.06709817E-001   2.80013634E+003   2.79952963E+003   5.37066976E-001  -1.88729417E+002  -1.89266484E+002   2.80023418E+003   1.24161841E+000   2.79899256E+003  -9.78416156E-002  -1.88024866E+002  -1.88122707E+002
     279       1     1.19999997E+001   7.09972689E+003   6.09152181E-001   2.79994748E+003   2.79933833E+003   5.37909380E-001  -1.88817148E+002  -1.89355058E+002   2.80004664E+003   1.24621621E+000   2.79880042E+003  -9.91546507E-002  -1.88108841E+002  -1.88207996E+002
     280       1     1.19999997E+001   7.09937680E+003   6.11365369E-001   2.79975806E+003   2.79914669E+003   5.38709290E-001  -1.88904776E+002  -1.89443485E+002   2.79985703E+003   1.24905081E+000   2.79860798E+003  -9.89761479E-002  -1.88194434E+002  -1.88293410E+002
     281       1     1.19999997E+001   7.09902787E+003   6.13339759E-001   2.79956935E+003   2.79895601E+003   5.40295725E-001  -1.88991786E+002  -1.89532082E+002   2.79966809E+003   1.25237171E+000   2.79841572E+003  -9.87362237E-002  -1.88279710E+002  -1.88378446E+002
     282       1     1.19999997E+001   7.09867706E+003   6.16621598E-001   2.79937983E+003   2.79876321E+003   5.40410123E-001  -1.89080356E+002  -1.89620766E+002   2.79947861E+003   1.25580727E+000   2.79822280E+003  -9.87755507E-002  -1.88364958E+002  -1.88463734E+002
     283       1     1.19999997E+001   7.09832732E+003   6.18762963E-001   2.79919061E+003   2.79857184E+003   5.41784697E-001  -1.89167810E+002  -1.89709595E+002   2.79928956E+003   1.25950104E+000   2.79803006E+003  -9.89533833E-002  -1.88450094E+002  -1.88549047E+002
     284       1     1.19999997E+001   7.09797166E+003   6.22372439E-001   2.79899859E+003   2.79837622E+003   5.41357439E-001  -1.89257762E+002  -1.89799119E+002   2.79909709E+003   1.26223065E+000   2.79783486E+003  -9.85007699E-002  -1.88536889E+002  -1.88635389E+002
     285       1     1.19999997E+001   7.09761452E+003   6.24251258E-001   2.79880538E+003   2.79818113E+003   5.43754109E-001  -1.89346734E+002  -1.89890488E+002   2.79890433E+003   1.26695560E+000   2.79763738E+003  -9.89502369E-002  -1.88623532E+002  -1.88722482E+002
     286       1     1.19999997E+001   7.09725988E+003   6.26256869E-001   2.79861350E+003   2.79798724E+003   5.45457705E-001  -1.89435245E+002  -1.89980703E+002   2.79871257E+003   1.27078862E+000   2.79744178E+003  -9.90740465E-002  -1.88709915E+002  -1.88808989E+002
     287       1     1.19999997E+001   7.09689998E+003   6.27646811E-001   2.79841863E+003   2.79779098E+003   5.48289116E-001  -1.89524562E+002  -1.90072851E+002   2.79851819E+003   1.27549606E+000   2.79724270E+003  -9.95601340E-002  -1.88797355E+002  -1.88896915E+002
     288       1     1.19999997E+001   7.09653328E+003   6.30118031E-001   2.79822013E+003   2.79759002E+003   5.48599851E-001  -1.89616568E+002  -1.90165168E+002   2.79831950E+003   1.27808810E+000   2.79704142E+003  -9.93702219E-002  -1.88887080E+002  -1.88986450E+002
     289       1     1.19999997E+001   7.09617402E+003   6.32496105E-001   2.79802577E+003   2.79739327E+003   5.49500521E-001  -1.89706560E+002  -1.90256061E+002   2.79812505E+003   1.28127785E+000   2.79684377E+003  -9.92812285E-002  -1.88974783E+002  -1.89074064E+002
     290       1     1.19999997E+001   7.09580272E+003   6.36740954E-001   2.79782520E+003   2.79718846E+003   5.48138523E-001  -1.89801040E+002  -1.90349179E+002   2.79792439E+003   1.28406854E+000   2.79664032E+003  -9.91890616E-002  -1.89065110E+002  -1.89164299E+002
     291       1     1.19999997E+001   7.09543443E+003   6.38911423E-001   2.79762569E+003   2.79698678E+003   5.49456663E-001  -1.89893284E+002  -1.90442741E+002   2.79772566E+003   1.28834305E+000   2.79643732E+003  -9.99749668E-002  -1.89154398E+002  -1.89254373E+002
     292       1     1.19999997E+001   7.09506991E+003   6.42124572E-001   2.79742915E+003   2.79678702E+003   5.51005807E-001  -1.89984716E+002  -1.90535722E+002   2.79752853E+003   1.29250970E+000   2.79623602E+003  -9.93793245E-002  -1.89243212E+002  -1.89342592E+002
     293       1     1.19999997E+001   7.09469930E+003   6.47780376E-001   2.79723043E+003   2.79658265E+003   5.49555599E-001  -1.90078950E+002  -1.90628506E+002   2.79732650E+003   1.29340248E+000   2.79603310E+003  -9.60665039E-002  -1.89335104E+002  -1.89431170E+002
     294       1     1.19999997E+001   7.09432835E+003   6.51206135E-001   2.79703038E+003   2.79637917E+003   5.50872347E-001  -1.90172192E+002  -1.90723065E+002   2.79712605E+003   1.29774379E+000   2.79582830E+003  -9.56653065E-002  -1.89425321E+002  -1.89520986E+002
     295       1     1.19999997E+001   7.09395967E+003   6.54276924E-001   2.79683116E+003   2.79617689E+003   5.51544047E-001  -1.90264914E+002  -1.90816458E+002   2.79692666E+003   1.30131166E+000   2.79562534E+003  -9.54906946E-002  -1.89515146E+002  -1.89610637E+002
     296       1     1.19999997E+001   7.09358663E+003   6.57319342E-001   2.79662960E+003   2.79597228E+003   5.52759509E-001  -1.90358658E+002  -1.90911417E+002   2.79672528E+003   1.30575473E+000   2.79541952E+003  -9.56758816E-002  -1.89605662E+002  -1.89701338E+002
     297       1     1.19999997E+001   7.09321489E+003   6.59741077E-001   2.79642848E+003   2.79576874E+003   5.54607363E-001  -1.90451723E+002  -1.91006331E+002   2.79652478E+003   1.31065120E+000   2.79521413E+003  -9.63027562E-002  -1.89695680E+002  -1.89791982E+002
     298       1     1.19999997E+001   7.09283961E+003   6.62542689E-001   2.79622535E+003   2.79556280E+003   5.54699510E-001  -1.90546127E+002  -1.91100827E+002   2.79632160E+003   1.31349982E+000   2.79500810E+003  -9.62576195E-002  -1.89787327E+002  -1.89883585E+002
     299       1     1.19999997E+001   7.09246608E+003   6.65011003E-001   2.79602294E+003   2.79535792E+003   5.54462964E-001  -1.90639992E+002  -1.91194455E+002   2.79611905E+003   1.31559084E+000   2.79480346E+003  -9.61168683E-002  -1.89878864E+002  -1.89974981E+002
     300       1     1.19999997E+001   7.09209110E+003   6.68175101E-001   2.79582027E+003   2.79515209E+003   5.55297616E-001  -1.90734378E+002  -1.91289676E+002   2.79591657E+003   1.31977363E+000   2.79459680E+003  -9.63009140E-002  -1.89969902E+002  -1.90066203E+002
     301       1     1.19999997E+001   7.09171697E+003   6.70534983E-001   2.79561787E+003   2.79494733E+003   5.57542273E-001  -1.90827941E+002  -1.91385483E+002   2.79571491E+003   1.32511744E+000   2.79438979E+003  -9.70401883E-002  -1.90060365E+002  -1.90157406E+002
     302       1     1.19999997E+001   7.09133770E+003   6.73355200E-001   2.79541255E+003   2.79473920E+003   5.58250359E-001  -1.90923351E+002  -1.91481602E+002   2.79551017E+003   1.32922072E+000   2.79418095E+003  -9.76151553E-002  -1.90152381E+002  -1.90249996E+002
     303       1     1.19999997E+001   7.09096018E+003   6.76295831E-001   2.79520838E+003   2.79453209E+003   5.59189916E-001  -1.91018256E+002  -1.91577446E+002   2.79530626E+003   1.33336649E+000   2.79397290E+003  -9.78807453E-002  -1.90244079E+002  -1.90341960E+002
     304       1     1.19999997E+001   7.09058121E+003   6.79975485E-001   2.79500368E+003   2.79432370E+003   5.59592336E-001  -1.91113999E+002  -1.91673591E+002   2.79510173E+003   1.33761792E+000   2.79376411E+003  -9.80500974E-002  -1.90335973E+002  -1.90434024E+002
     305       1     1.19999997E+001   7.09019724E+003   6.82498932E-001   2.79479577E+003   2.79411328E+003   5.61085361E-001  -1.91210296E+002  -1.91771381E+002   2.79489463E+003   1.34244178E+000   2.79355219E+003  -9.88574883E-002  -1.90428940E+002  -1.90527797E+002
     306       1     1.19999997E+001   7.08981309E+003   6.87502006E-001   2.79458888E+003   2.79390138E+003   5.60375496E-001  -1.91308008E+002  -1.91868384E+002   2.79468687E+003   1.34586491E+000   2.79334100E+003  -9.79874027E-002  -1.90522519E+002  -1.90620506E+002
     307       1     1.19999997E+001   7.08942827E+003   6.90185687E-001   2.79438056E+003   2.79369038E+003   5.61328577E-001  -1.91404626E+002  -1.91965954E+002   2.79447893E+003   1.34988481E+000   2.79312905E+003  -9.83705468E-002  -1.90616070E+002  -1.90714440E+002
     308       1     1.19999997E+001   7.08904250E+003   6.93372394E-001   2.79417170E+003   2.79347833E+003   5.61524258E-001  -1.91502008E+002  -1.92063532E+002   2.79427080E+003   1.35399296E+000   2.79291680E+003  -9.90963083E-002  -1.90709539E+002  -1.90808636E+002
     309       1     1.19999997E+001   7.08865490E+003   6.97760224E-001   2.79396296E+003   2.79326520E+003   5.61610363E-001  -1.91599918E+002  -1.92161528E+002   2.79406055E+003   1.35696493E+000   2.79270359E+003  -9.75943469E-002  -1.90804563E+002  -1.90902157E+002
     310       1     1.19999997E+001   7.08826997E+003   7.00764917E-001   2.79375462E+003   2.79305386E+003   5.62163906E-001  -1.91696837E+002  -1.92259000E+002   2.79385263E+003   1.36093529E+000   2.79249169E+003  -9.80064634E-002  -1.90898065E+002  -1.90996072E+002
     311       1     1.19999997E+001   7.08788111E+003   7.05456062E-001   2.79354522E+003   2.79283976E+003   5.62158231E-001  -1.91795335E+002  -1.92357493E+002   2.79364212E+003   1.36451605E+000   2.79227760E+003  -9.69017593E-002  -1.90992977E+002  -1.91089879E+002
     312       1     1.19999997E+001   7.08748823E+003   7.08413750E-001   2.79333271E+003   2.79262430E+003   5.64140666E-001  -1.91894004E+002  -1.92458144E+002   2.79343064E+003   1.37048491E+000   2.79206016E+003  -9.79304893E-002  -1.91087660E+002  -1.91185590E+002
     313       1     1.19999997E+001   7.08709170E+003   7.15569654E-001   2.79311991E+003   2.79240434E+003   5.62430851E-001  -1.91996086E+002  -1.92558517E+002   2.79321681E+003   1.37490568E+000   2.79184191E+003  -9.69051749E-002  -1.91183611E+002  -1.91280516E+002
     314       1     1.19999997E+001   7.08669306E+003   7.21320284E-001   2.79290566E+003   2.79218434E+003   5.62828860E-001  -1.92097574E+002  -1.92660403E+002   2.79300197E+003   1.38045975E+000   2.79162151E+003  -9.63106015E-002  -1.91279943E+002  -1.91376254E+002
     315       1     1.19999997E+001   7.08628983E+003   7.24215269E-001   2.79268723E+003   2.79196301E+003   5.62885165E-001  -1.92199026E+002  -1.92761911E+002   2.79278362E+003   1.38349616E+000   2.79140013E+003  -9.63957281E-002  -1.91378415E+002  -1.91474811E+002
     316       1     1.19999997E+001   7.08590342E+003   7.27828519E-001   2.79247864E+003   2.79175081E+003   5.64062969E-001  -1.92296349E+002  -1.92860412E+002   2.79257495E+003   1.38820680E+000   2.79118675E+003  -9.63153123E-002  -1.91472206E+002  -1.91568521E+002
     317       1     1.19999997E+001   7.08549072E+003   7.33775516E-001   2.79225725E+003   2.79152348E+003   5.64109966E-001  -1.92400988E+002  -1.92965098E+002   2.79235087E+003   1.39150643E+000   2.79095937E+003  -9.36209485E-002  -1.91573592E+002  -1.91667213E+002
     318       1     1.19999997E+001   7.08509638E+003   7.38679016E-001   2.79204503E+003   2.79130635E+003   5.64440880E-001  -1.92500874E+002  -1.93065315E+002   2.79213752E+003   1.39560745E+000   2.79074191E+003  -9.24875556E-002  -1.91669708E+002  -1.91762195E+002
     319       1     1.19999997E+001   7.08469509E+003   7.45393070E-001   2.79182871E+003   2.79108331E+003   5.61523776E-001  -1.92604600E+002  -1.93166124E+002   2.79192165E+003   1.39985701E+000   2.79052179E+003  -9.29401637E-002  -1.91766267E+002  -1.91859207E+002
     320       1     1.19999997E+001   7.08428734E+003   7.50289397E-001   2.79160873E+003   2.79085844E+003   5.62551964E-001  -1.92708239E+002  -1.93270791E+002   2.79170295E+003   1.40705417E+000   2.79029589E+003  -9.42128124E-002  -1.91863737E+002  -1.91957949E+002
     321       1     1.19999997E+001   7.08389513E+003   7.53625834E-001   2.79139736E+003   2.79064374E+003   5.64282184E-001  -1.92806334E+002  -1.93370616E+002   2.79148990E+003   1.41044800E+000   2.79007945E+003  -9.25399844E-002  -1.91960168E+002  -1.92052708E+002
     322       1     1.19999997E+001   7.08349441E+003   7.52120063E-001   2.79117796E+003   2.79042584E+003   5.69316982E-001  -1.92905087E+002  -1.93474404E+002   2.79127600E+003   1.41947443E+000   2.78985652E+003  -9.80373858E-002  -1.92054929E+002  -1.92152967E+002
     323       1     1.19999997E+001   7.08310160E+003   7.57299496E-001   2.79096574E+003   2.79020844E+003   5.65940832E-001  -1.93005689E+002  -1.93571630E+002   2.79106273E+003   1.42023397E+000   2.78964250E+003  -9.69936423E-002  -1.92151396E+002  -1.92248390E+002
     324       1     1.19999997E+001   7.08271498E+003   7.58743223E-001   2.79075571E+003   2.78999697E+003   5.68680256E-001  -1.93102197E+002  -1.93670877E+002   2.79085499E+003   1.42670282E+000   2.78942829E+003  -9.92793419E-002  -1.92244174E+002  -1.92343454E+002
     325       1     1.19999997E+001   7.08233061E+003   7.60109746E-001   2.79054689E+003   2.78978678E+003   5.71948666E-001  -1.93198098E+002  -1.93770047E+002   2.79064895E+003   1.43411884E+000   2.78921483E+003  -1.02060429E-001  -1.92335928E+002  -1.92437988E+002
     326       1     1.19999997E+001   7.08194418E+003   7.64048577E-001   2.79033882E+003   2.78957477E+003   5.74319688E-001  -1.93295200E+002  -1.93869519E+002   2.79044037E+003   1.43991431E+000   2.78900045E+003  -1.01546048E-001  -1.92429605E+002  -1.92531151E+002
     327       1     1.19999997E+001   7.08156243E+003   7.66834204E-001   2.79013260E+003   2.78936577E+003   5.76403064E-001  -1.93390685E+002  -1.93967088E+002   2.79023383E+003   1.44446479E+000   2.78878937E+003  -1.01227523E-001  -1.92522623E+002  -1.92623851E+002
     328       1     1.19999997E+001   7.08117621E+003   7.70144454E-001   2.78992436E+003   2.78915422E+003   5.79207624E-001  -1.93487393E+002  -1.94066600E+002   2.79002538E+003   1.45037564E+000   2.78857501E+003  -1.01023565E-001  -1.92616225E+002  -1.92717248E+002
     329       1     1.19999997E+001   7.08079055E+003   7.75092983E-001   2.78971688E+003   2.78894178E+003   5.80820225E-001  -1.93585139E+002  -1.94165959E+002   2.78981792E+003   1.45695955E+000   2.78836096E+003  -1.01046341E-001  -1.92709000E+002  -1.92810046E+002
     330       1     1.19999997E+001   7.08040492E+003   7.78728295E-001   2.78950836E+003   2.78872963E+003   5.82732999E-001  -1.93682612E+002  -1.94265345E+002   2.78961129E+003   1.46439397E+000   2.78814690E+003  -1.02932672E-001  -1.92800951E+002  -1.92903884E+002
     331       1     1.19999997E+001   7.08002348E+003   7.84446862E-001   2.78930295E+003   2.78851850E+003   5.81954764E-001  -1.93780311E+002  -1.94362266E+002   2.78940596E+003   1.46941645E+000   2.78793655E+003  -1.03014829E-001  -1.92892850E+002  -1.92995864E+002
     332       1     1.19999997E+001   7.07963935E+003   7.89036183E-001   2.78909561E+003   2.78830657E+003   5.82489527E-001  -1.93878006E+002  -1.94460496E+002   2.78919959E+003   1.47550869E+000   2.78772408E+003  -1.03982980E-001  -1.92984987E+002  -1.93088970E+002
     333       1     1.19999997E+001   7.07925705E+003   7.92109554E-001   2.78888864E+003   2.78809653E+003   5.84273947E-001  -1.93974353E+002  -1.94558627E+002   2.78899427E+003   1.48201640E+000   2.78751226E+003  -1.05632898E-001  -1.93076610E+002  -1.93182243E+002
     334       1     1.19999997E+001   7.07887394E+003   7.95207629E-001   2.78868096E+003   2.78788576E+003   5.85103460E-001  -1.94071191E+002  -1.94656295E+002   2.78878841E+003   1.48775604E+000   2.78730065E+003  -1.07444948E-001  -1.93168539E+002  -1.93275984E+002
     335       1     1.19999997E+001   7.07849186E+003   7.99218961E-001   2.78847459E+003   2.78767537E+003   5.86178551E-001  -1.94167942E+002  -1.94754120E+002   2.78858293E+003   1.49373410E+000   2.78708919E+003  -1.08336586E-001  -1.93260386E+002  -1.93368723E+002
     336       1     1.19999997E+001   7.07810867E+003   8.02226462E-001   2.78826723E+003   2.78746500E+003   5.87660869E-001  -1.94264346E+002  -1.94852007E+002   2.78837638E+003   1.49903954E+000   2.78687734E+003  -1.09152212E-001  -1.93352967E+002  -1.93462120E+002
     337       1     1.19999997E+001   7.07772264E+003   8.03444652E-001   2.78805735E+003   2.78725390E+003   5.91234181E-001  -1.94360639E+002  -1.94951874E+002   2.78816972E+003   1.50704871E+000   2.78666267E+003  -1.12369879E-001  -1.93444825E+002  -1.93557195E+002
     338       1     1.19999997E+001   7.07733701E+003   8.04853319E-001   2.78784775E+003   2.78704289E+003   5.94575009E-001  -1.94456954E+002  -1.95051529E+002   2.78796320E+003   1.51487883E+000   2.78644832E+003  -1.15450505E-001  -1.93536650E+002  -1.93652101E+002
     339       1     1.19999997E+001   7.07695021E+003   8.07748581E-001   2.78763850E+003   2.78683075E+003   5.96834137E-001  -1.94554051E+002  -1.95150885E+002   2.78775494E+003   1.52101642E+000   2.78623392E+003  -1.16433703E-001  -1.93629869E+002  -1.93746303E+002
     340       1     1.19999997E+001   7.07656172E+003   8.12284271E-001   2.78742866E+003   2.78661638E+003   5.97458741E-001  -1.94652873E+002  -1.95250332E+002   2.78754637E+003   1.52745127E+000   2.78601892E+003  -1.17708257E-001  -1.93722880E+002  -1.93840589E+002
     341       1     1.19999997E+001   7.07617524E+003   8.13537912E-001   2.78721856E+003   2.78640502E+003   6.00980697E-001  -1.94749278E+002  -1.95350258E+002   2.78733934E+003   1.53529462E+000   2.78580404E+003  -1.20776016E-001  -1.93814964E+002  -1.93935740E+002
     342       1     1.19999997E+001   7.07578440E+003   8.14754107E-001   2.78700608E+003   2.78619133E+003   6.04121414E-001  -1.94846719E+002  -1.95450841E+002   2.78712943E+003   1.54222002E+000   2.78558721E+003  -1.23344502E-001  -1.93908621E+002  -1.94031965E+002
     343       1     1.19999997E+001   7.07539484E+003   8.17643492E-001   2.78679535E+003   2.78597770E+003   6.07081655E-001  -1.94944468E+002  -1.95551550E+002   2.78692022E+003   1.54959739E+000   2.78537062E+003  -1.24872248E-001  -1.94001952E+002  -1.94126825E+002
     344       1     1.19999997E+001   7.07499615E+003   8.22247750E-001   2.78658006E+003   2.78575781E+003   6.08455467E-001  -1.95045770E+002  -1.95654225E+002   2.78670660E+003   1.55724509E+000   2.78514936E+003  -1.26541873E-001  -1.94096980E+002  -1.94223522E+002
     345       1     1.19999997E+001   7.07460735E+003   8.25541872E-001   2.78636949E+003   2.78554394E+003   6.09774095E-001  -1.95143985E+002  -1.95753759E+002   2.78649771E+003   1.56354004E+000   2.78493417E+003  -1.28224070E-001  -1.94190219E+002  -1.94318443E+002
     346       1     1.19999997E+001   7.07421291E+003   8.34043520E-001   2.78615857E+003   2.78532453E+003   6.08713435E-001  -1.95246067E+002  -1.95854781E+002   2.78628555E+003   1.56973427E+000   2.78471581E+003  -1.26977311E-001  -1.94285046E+002  -1.94412024E+002
     347       1     1.19999997E+001   7.07382173E+003   8.38396789E-001   2.78594750E+003   2.78510910E+003   6.09206880E-001  -1.95345134E+002  -1.95954341E+002   2.78607426E+003   1.57436359E+000   2.78449989E+003  -1.26759922E-001  -1.94379977E+002  -1.94506737E+002
     348       1     1.19999997E+001   7.07342917E+003   8.41521215E-001   2.78573497E+003   2.78489345E+003   6.11279375E-001  -1.95444008E+002  -1.96055287E+002   2.78586338E+003   1.58121563E+000   2.78428217E+003  -1.28415044E-001  -1.94474071E+002  -1.94602486E+002
     349       1     1.19999997E+001   7.07303682E+003   8.44610846E-001   2.78552243E+003   2.78467782E+003   6.12433742E-001  -1.95542917E+002  -1.96155350E+002   2.78565201E+003   1.58661865E+000   2.78406539E+003  -1.29574065E-001  -1.94568732E+002  -1.94698306E+002
     350       1     1.19999997E+001   7.07264158E+003   8.45731661E-001   2.78530729E+003   2.78446156E+003   6.15155867E-001  -1.95641599E+002  -1.96256755E+002   2.78543974E+003   1.59334145E+000   2.78384640E+003  -1.32453927E-001  -1.94663414E+002  -1.94795868E+002
     351       1     1.19999997E+001   7.07224188E+003   8.49255627E-001   2.78509126E+003   2.78424200E+003   6.17412882E-001  -1.95742247E+002  -1.96359660E+002   2.78522474E+003   1.60015221E+000   2.78362459E+003  -1.33483703E-001  -1.94759508E+002  -1.94892991E+002
     352       1     1.19999997E+001   7.07184136E+003   8.49014218E-001   2.78487290E+003   2.78402388E+003   6.21864168E-001  -1.95841212E+002  -1.96463076E+002   2.78500959E+003   1.60756701E+000   2.78340202E+003  -1.36688628E-001  -1.94855509E+002  -1.94992198E+002
     353       1     1.19999997E+001   7.07144897E+003   8.50926064E-001   2.78465955E+003   2.78380862E+003   6.24171689E-001  -1.95939735E+002  -1.96563906E+002   2.78479929E+003   1.61483572E+000   2.78318445E+003  -1.39737962E-001  -1.94949071E+002  -1.95088808E+002
     354       1     1.19999997E+001   7.07104901E+003   8.54946451E-001   2.78444349E+003   2.78358855E+003   6.25166363E-001  -1.96040819E+002  -1.96665985E+002   2.78458348E+003   1.62009859E+000   2.78296338E+003  -1.39985776E-001  -1.95045887E+002  -1.95185872E+002
     355       1     1.19999997E+001   7.07064422E+003   8.56734936E-001   2.78422353E+003   2.78336679E+003   6.27252231E-001  -1.96142145E+002  -1.96769397E+002   2.78436547E+003   1.62593281E+000   2.78273954E+003  -1.41945638E-001  -1.95143464E+002  -1.95285410E+002
     356       1     1.19999997E+001   7.07023937E+003   8.58327757E-001   2.78400356E+003   2.78314523E+003   6.29420674E-001  -1.96243255E+002  -1.96872676E+002   2.78414701E+003   1.63120512E+000   2.78251581E+003  -1.43456688E-001  -1.95241471E+002  -1.95384927E+002
     357       1     1.19999997E+001   7.06983130E+003   8.60738045E-001   2.78378240E+003   2.78292166E+003   6.30766682E-001  -1.96345409E+002  -1.96976176E+002   2.78392588E+003   1.63498116E+000   2.78229090E+003  -1.43476434E-001  -1.95341195E+002  -1.95484671E+002
     358       1     1.19999997E+001   7.06942089E+003   8.62081836E-001   2.78355888E+003   2.78269680E+003   6.31844947E-001  -1.96448162E+002  -1.97080007E+002   2.78370431E+003   1.63935633E+000   2.78206496E+003  -1.45429550E-001  -1.95440651E+002  -1.95586081E+002
     359       1     1.19999997E+001   7.06900450E+003   8.64834331E-001   2.78333326E+003   2.78246843E+003   6.31879454E-001  -1.96552642E+002  -1.97184522E+002   2.78347775E+003   1.64119735E+000   2.78183655E+003  -1.44483568E-001  -1.95543324E+002  -1.95687808E+002
     360       1     1.19999997E+001   7.06857534E+003   8.64887897E-001   2.78309887E+003   2.78223398E+003   6.34050578E-001  -1.96659397E+002  -1.97293447E+002   2.78324634E+003   1.64641369E+000   2.78159993E+003  -1.47475210E-001  -1.95647034E+002  -1.95794509E+002
     361       1     1.19999997E+001   7.06815041E+003   8.64936016E-001   2.78286774E+003   2.78200280E+003   6.38063294E-001  -1.96764140E+002  -1.97402203E+002   2.78301620E+003   1.65146871E+000   2.78136474E+003  -1.48469398E-001  -1.95750734E+002  -1.95899204E+002
     362       1     1.19999997E+001   7.06772921E+003   8.67262339E-001   2.78263923E+003   2.78177196E+003   6.39537320E-001  -1.96869644E+002  -1.97509182E+002   2.78278834E+003   1.65591056E+000   2.78113243E+003  -1.49110900E-001  -1.95853271E+002  -1.96002382E+002
     363       1     1.19999997E+001   7.06730017E+003   8.68504283E-001   2.78240560E+003   2.78153709E+003   6.41688637E-001  -1.96976849E+002  -1.97618537E+002   2.78255720E+003   1.66179492E+000   2.78089541E+003  -1.51602000E-001  -1.95956742E+002  -1.96108344E+002
     364       1     1.19999997E+001   7.06687541E+003   8.70134632E-001   2.78217518E+003   2.78130504E+003   6.45763843E-001  -1.97082506E+002  -1.97728270E+002   2.78232847E+003   1.66918908E+000   2.78065928E+003  -1.53290601E-001  -1.96059081E+002  -1.96212372E+002
     365       1     1.19999997E+001   7.06644570E+003   8.71663469E-001   2.78194101E+003   2.78106934E+003   6.47277157E-001  -1.97190330E+002  -1.97837607E+002   2.78209737E+003   1.67530287E+000   2.78042207E+003  -1.56362243E-001  -1.96162304E+002  -1.96318667E+002
     366       1     1.19999997E+001   7.06600937E+003   8.75052894E-001   2.78170482E+003   2.78082977E+003   6.46677968E-001  -1.97300063E+002  -1.97946741E+002   2.78185948E+003   1.67639061E+000   2.78018309E+003  -1.54659745E-001  -1.96270351E+002  -1.96425010E+002
     367       1     1.19999997E+001   7.06558777E+003   8.76860081E-001   2.78147598E+003   2.78059912E+003   6.48146681E-001  -1.97405250E+002  -1.98053397E+002   2.78163061E+003   1.67963248E+000   2.77995097E+003  -1.54625714E-001  -1.96373764E+002  -1.96528390E+002
     368       1     1.19999997E+001   7.06515748E+003   8.78227260E-001   2.78124254E+003   2.78036431E+003   6.53123382E-001  -1.97512007E+002  -1.98165131E+002   2.78139915E+003   1.68796161E+000   2.77971119E+003  -1.56610971E-001  -1.96477169E+002  -1.96633780E+002
     369       1     1.19999997E+001   7.06473432E+003   8.80193099E-001   2.78101293E+003   2.78013274E+003   6.55353678E-001  -1.97617649E+002  -1.98273002E+002   2.78117020E+003   1.69281600E+000   2.77947738E+003  -1.57269227E-001  -1.96580186E+002  -1.96737456E+002
     370       1     1.19999997E+001   7.06432206E+003   8.82309213E-001   2.78078939E+003   2.77990708E+003   6.56838067E-001  -1.97720613E+002  -1.98377451E+002   2.78094637E+003   1.69613164E+000   2.77925024E+003  -1.56984363E-001  -1.96681320E+002  -1.96838304E+002
     371       1     1.19999997E+001   7.06389411E+003   8.84723959E-001   2.78055678E+003   2.77967206E+003   6.56694779E-001  -1.97828275E+002  -1.98484969E+002   2.78071445E+003   1.69909133E+000   2.77901536E+003  -1.57672593E-001  -1.96785878E+002  -1.96943551E+002
     372       1     1.19999997E+001   7.06348293E+003   8.87993437E-001   2.78033424E+003   2.77944625E+003   6.57176321E-001  -1.97931704E+002  -1.98588881E+002   2.78049125E+003   1.70217013E+000   2.77878908E+003  -1.57000370E-001  -1.96886710E+002  -1.97043711E+002
     373       1     1.19999997E+001   7.06306719E+003   8.87939137E-001   2.78010736E+003   2.77921943E+003   6.60306803E-001  -1.98034797E+002  -1.98695104E+002   2.78026710E+003   1.70798661E+000   2.77855912E+003  -1.59740664E-001  -1.96987118E+002  -1.97146858E+002
     374       1     1.19999997E+001   7.06264868E+003   8.91670054E-001   2.77988169E+003   2.77899002E+003   6.63532049E-001  -1.98139637E+002  -1.98803169E+002   2.78004092E+003   1.71442615E+000   2.77832649E+003  -1.59224049E-001  -1.97088743E+002  -1.97247967E+002
     375       1     1.19999997E+001   7.06223376E+003   8.94597677E-001   2.77965706E+003   2.77876247E+003   6.62851947E-001  -1.98243699E+002  -1.98906551E+002   2.77981394E+003   1.71432198E+000   2.77809962E+003  -1.56872358E-001  -1.97192229E+002  -1.97349101E+002
     376       1     1.19999997E+001   7.06182571E+003   8.95524455E-001   2.77943422E+003   2.77853870E+003   6.63497217E-001  -1.98346016E+002  -1.99009513E+002   2.77959389E+003   1.71868665E+000   2.77787520E+003  -1.59664979E-001  -1.97290826E+002  -1.97450491E+002
     377       1     1.19999997E+001   7.06142345E+003   8.97584660E-001   2.77921550E+003   2.77831792E+003   6.64254843E-001  -1.98447063E+002  -1.99111318E+002   2.77937649E+003   1.72282456E+000   2.77765366E+003  -1.60985059E-001  -1.97388494E+002  -1.97549479E+002
     378       1     1.19999997E+001   7.06101116E+003   8.99114242E-001   2.77899133E+003   2.77809221E+003   6.64763425E-001  -1.98550051E+002  -1.99214814E+002   2.77915222E+003   1.72477598E+000   2.77742745E+003  -1.60898314E-001  -1.97490038E+002  -1.97650936E+002
     379       1     1.19999997E+001   7.06060769E+003   9.01722404E-001   2.77877214E+003   2.77787042E+003   6.65018704E-001  -1.98651746E+002  -1.99316765E+002   2.77893413E+003   1.72872554E+000   2.77720540E+003  -1.61984435E-001  -1.97588039E+002  -1.97750024E+002
     380       1     1.19999997E+001   7.06019283E+003   9.02789851E-001   2.77854560E+003   2.77764281E+003   6.65161908E-001  -1.98755865E+002  -1.99421027E+002   2.77871001E+003   1.73236226E+000   2.77697765E+003  -1.64410502E-001  -1.97688664E+002  -1.97853075E+002
     381       1     1.19999997E+001   7.05977948E+003   9.00414771E-001   2.77831870E+003   2.77741829E+003   6.68771370E-001  -1.98857345E+002  -1.99526117E+002   2.77848683E+003   1.73731371E+000   2.77674952E+003  -1.68127569E-001  -1.97788803E+002  -1.97956930E+002
     382       1     1.19999997E+001   7.05936855E+003   9.03314567E-001   2.77809614E+003   2.77719282E+003   6.69117011E-001  -1.98960486E+002  -1.99629603E+002   2.77826321E+003   1.73950379E+000   2.77652371E+003  -1.67072215E-001  -1.97890099E+002  -1.98057171E+002
     383       1     1.19999997E+001   7.05896176E+003   9.04600356E-001   2.77787463E+003   2.77697003E+003   6.70707228E-001  -1.99062183E+002  -1.99732890E+002   2.77804344E+003   1.74411673E+000   2.77629933E+003  -1.68809144E-001  -1.97988773E+002  -1.98157582E+002
     384       1     1.19999997E+001   7.05854957E+003   9.07797952E-001   2.77765154E+003   2.77674374E+003   6.71249167E-001  -1.99165771E+002  -1.99837020E+002   2.77781941E+003   1.74692180E+000   2.77607249E+003  -1.67874683E-001  -1.98090098E+002  -1.98257973E+002
     385       1     1.19999997E+001   7.05812962E+003   9.13062129E-001   2.77742509E+003   2.77651202E+003   6.70287326E-001  -1.99272468E+002  -1.99942755E+002   2.77759110E+003   1.74936704E+000   2.77584174E+003  -1.66017585E-001  -1.98193388E+002  -1.98359406E+002
     386       1     1.19999997E+001   7.05771735E+003   9.15678450E-001   2.77720107E+003   2.77628539E+003   6.69100654E-001  -1.99376365E+002  -2.00045466E+002   2.77736673E+003   1.75043905E+000   2.77561629E+003  -1.65659945E-001  -1.98295027E+002  -1.98460687E+002
     387       1     1.19999997E+001   7.05731011E+003   9.17915425E-001   2.77697980E+003   2.77606188E+003   6.68656473E-001  -1.99478641E+002  -2.00147297E+002   2.77714509E+003   1.75186562E+000   2.77539322E+003  -1.65293723E-001  -1.98395432E+002  -1.98560726E+002
     388       1     1.19999997E+001   7.05689824E+003   9.21901659E-001   2.77675704E+003   2.77583514E+003   6.68510957E-001  -1.99582764E+002  -2.00251275E+002   2.77692156E+003   1.75492942E+000   2.77516663E+003  -1.64516801E-001  -1.98496346E+002  -1.98660863E+002
     389       1     1.19999997E+001   7.05648507E+003   9.29043461E-001   2.77653479E+003   2.77560575E+003   6.65169294E-001  -1.99689146E+002  -2.00354315E+002   2.77669676E+003   1.75618217E+000   2.77494058E+003  -1.61969419E-001  -1.98598133E+002  -1.98760102E+002
     390       1     1.19999997E+001   7.05607915E+003   9.34015312E-001   2.77631580E+003   2.77538178E+003   6.64021203E-001  -1.99792256E+002  -2.00456277E+002   2.77647586E+003   1.75809450E+000   2.77471776E+003  -1.60057983E-001  -1.98698183E+002  -1.98858241E+002
     391       1     1.19999997E+001   7.05566055E+003   9.37447885E-001   2.77608948E+003   2.77515203E+003   6.65978432E-001  -1.99897375E+002  -2.00563353E+002   2.77624924E+003   1.76318824E+000   2.77448606E+003  -1.59761924E-001  -1.98800165E+002  -1.98959927E+002
     392       1     1.19999997E+001   7.05524682E+003   9.42062458E-001   2.77586612E+003   2.77492406E+003   6.65956741E-001  -2.00002168E+002  -2.00668124E+002   2.77602477E+003   1.76667349E+000   2.77425810E+003  -1.58654287E-001  -1.98901451E+002  -1.99060105E+002
     393       1     1.19999997E+001   7.05482361E+003   9.45908790E-001   2.77563620E+003   2.77469029E+003   6.64814877E-001  -2.00109923E+002  -2.00774738E+002   2.77579658E+003   1.77110356E+000   2.77402548E+003  -1.60379893E-001  -1.99003634E+002  -1.99164014E+002
     394       1     1.19999997E+001   7.05441155E+003   9.52749639E-001   2.77541460E+003   2.77446185E+003   6.62430576E-001  -2.00215679E+002  -2.00878110E+002   2.77557254E+003   1.77312833E+000   2.77379942E+003  -1.57948110E-001  -1.99104981E+002  -1.99262929E+002
     395       1     1.19999997E+001   7.05398818E+003   9.57866469E-001   2.77518630E+003   2.77422843E+003   6.62457647E-001  -2.00323032E+002  -2.00985490E+002   2.77534282E+003   1.77684334E+000   2.77356597E+003  -1.56519225E-001  -1.99208646E+002  -1.99365166E+002
     396       1     1.19999997E+001   7.05356608E+003   9.60683541E-001   2.77495715E+003   2.77399646E+003   6.61743143E-001  -2.00429314E+002  -2.01091057E+002   2.77511306E+003   1.77833565E+000   2.77333472E+003  -1.55908970E-001  -1.99312721E+002  -1.99468630E+002
     397       1     1.19999997E+001   7.05314432E+003   9.62211050E-001   2.77472739E+003   2.77376518E+003   6.63870038E-001  -2.00535015E+002  -2.01198885E+002   2.77488613E+003   1.78482038E+000   2.77310131E+003  -1.58739291E-001  -1.99414064E+002  -1.99572804E+002
     398       1     1.19999997E+001   7.05272795E+003   9.63574628E-001   2.77450061E+003   2.77353704E+003   6.65143713E-001  -2.00639167E+002  -2.01304310E+002   2.77466080E+003   1.78890060E+000   2.77287190E+003  -1.60182258E-001  -1.99515410E+002  -1.99675592E+002
     399       1     1.19999997E+001   7.05231939E+003   9.66958548E-001   2.77427935E+003   2.77331239E+003   6.64940034E-001  -2.00742151E+002  -2.01407091E+002   2.77443854E+003   1.79109033E+000   2.77264745E+003  -1.59191751E-001  -1.99616001E+002  -1.99775192E+002
     400       1     1.19999997E+001   7.05190698E+003   9.70168513E-001   2.77405620E+003   2.77308603E+003   6.65342518E-001  -2.00845707E+002  -2.01511050E+002   2.77421381E+003   1.79312852E+000   2.77242069E+003  -1.57617491E-001  -1.99717921E+002  -1.99875539E+002
     401       1     1.19999997E+001   7.05149483E+003   9.74731589E-001   2.77383364E+003   2.77285891E+003   6.63696627E-001  -2.00950087E+002  -2.01613784E+002   2.77398847E+003   1.79325480E+000   2.77219522E+003  -1.54826582E-001  -1.99820529E+002  -1.99975356E+002
     402       1     1.19999997E+001   7.05107257E+003   9.79644366E-001   2.77360540E+003   2.77262576E+003   6.60943840E-001  -2.01057493E+002  -2.01718437E+002   2.77375769E+003   1.79287391E+000   2.77196481E+003  -1.52285701E-001  -1.99925563E+002  -2.00077849E+002
     403       1     1.19999997E+001   7.05065698E+003   9.85232777E-001   2.77338154E+003   2.77239630E+003   6.57713148E-001  -2.01163183E+002  -2.01820896E+002   2.77352920E+003   1.79061154E+000   2.77173859E+003  -1.47665617E-001  -2.00030284E+002  -2.00177950E+002
     404       1     1.19999997E+001   7.05024424E+003   9.87780631E-001   2.77315791E+003   2.77217013E+003   6.58959812E-001  -2.01266440E+002  -2.01925400E+002   2.77330460E+003   1.79342974E+000   2.77151117E+003  -1.46689298E-001  -2.00131970E+002  -2.00278659E+002
     405       1     1.19999997E+001   7.04983525E+003   9.91271307E-001   2.77293652E+003   2.77194524E+003   6.59538975E-001  -2.01369521E+002  -2.02029060E+002   2.77308270E+003   1.79699381E+000   2.77128571E+003  -1.46183530E-001  -2.00232066E+002  -2.00378250E+002
     406       1     1.19999997E+001   7.04942079E+003   9.93004630E-001   2.77271111E+003   2.77171811E+003   6.60230255E-001  -2.01473224E+002  -2.02133454E+002   2.77285746E+003   1.79958261E+000   2.77105788E+003  -1.46347729E-001  -2.00333872E+002  -2.00480219E+002
     407       1     1.19999997E+001   7.04900325E+003   9.95704956E-001   2.77248478E+003   2.77148907E+003   6.60563076E-001  -2.01577903E+002  -2.02238466E+002   2.77262983E+003   1.80131773E+000   2.77082851E+003  -1.45049702E-001  -2.00437149E+002  -2.00582198E+002
     408       1     1.19999997E+001   7.04859064E+003   9.98642291E-001   2.77226087E+003   2.77126223E+003   6.59971261E-001  -2.01681860E+002  -2.02341832E+002   2.77240523E+003   1.80297112E+000   2.77060225E+003  -1.44357572E-001  -2.00538860E+002  -2.00683218E+002
     409       1     1.19999997E+001   7.04817217E+003   1.00227705E+000   2.77203366E+003   2.77103138E+003   6.58131280E-001  -2.01788069E+002  -2.02446200E+002   2.77217785E+003   1.80460257E+000   2.77037325E+003  -1.44194236E-001  -2.00641598E+002  -2.00785792E+002
     410       1     1.19999997E+001   7.04775537E+003   1.00639270E+000   2.77180825E+003   2.77080186E+003   6.56267678E-001  -2.01893446E+002  -2.02549714E+002   2.77194963E+003   1.80404048E+000   2.77014559E+003  -1.41380097E-001  -2.00745673E+002  -2.00887053E+002
     411       1     1.19999997E+001   7.04733720E+003   1.00937289E+000   2.77158161E+003   2.77057223E+003   6.55041283E-001  -2.01998522E+002  -2.02653563E+002   2.77172051E+003   1.80331561E+000   2.76991719E+003  -1.38901435E-001  -2.00850248E+002  -2.00989149E+002
     412       1     1.19999997E+001   7.04691637E+003   1.01334678E+000   2.77135369E+003   2.77034034E+003   6.53397249E-001  -2.02105063E+002  -2.02758460E+002   2.77149091E+003   1.80395931E+000   2.76968695E+003  -1.37215283E-001  -2.00954501E+002  -2.01091716E+002
     413       1     1.19999997E+001   7.04649932E+003   1.01596933E+000   2.77112778E+003   2.77011181E+003   6.54974138E-001  -2.02209372E+002  -2.02864346E+002   2.77126405E+003   1.80721846E+000   2.76945684E+003  -1.36274993E-001  -2.01057128E+002  -2.01193403E+002
     414       1     1.19999997E+001   7.04607478E+003   1.01777672E+000   2.77089674E+003   2.76987896E+003   6.53854021E-001  -2.02315760E+002  -2.02969614E+002   2.77103187E+003   1.80675556E+000   2.76922511E+003  -1.35124816E-001  -2.01162859E+002  -2.01297984E+002
     415       1     1.19999997E+001   7.04565357E+003   1.02085741E+000   2.77066838E+003   2.76964752E+003   6.53319207E-001  -2.02421734E+002  -2.03075053E+002   2.77080204E+003   1.80783856E+000   2.76899420E+003  -1.33661939E-001  -2.01267214E+002  -2.01400876E+002
     416       1     1.19999997E+001   7.04523575E+003   1.02574599E+000   2.77044241E+003   2.76941666E+003   6.51078367E-001  -2.02528132E+002  -2.03179210E+002   2.77057435E+003   1.80876881E+000   2.76876558E+003  -1.31944445E-001  -2.01370441E+002  -2.01502386E+002
     417       1     1.19999997E+001   7.04481819E+003   1.03002916E+000   2.77021673E+003   2.76918670E+003   6.49485198E-001  -2.02633710E+002  -2.03283195E+002   2.77034578E+003   1.80856607E+000   2.76853721E+003  -1.29051710E-001  -2.01474629E+002  -2.01603680E+002
     418       1     1.19999997E+001   7.04439811E+003   1.03643263E+000   2.76999027E+003   2.76895383E+003   6.45389478E-001  -2.02741434E+002  -2.03386823E+002   2.77011575E+003   1.80730519E+000   2.76830844E+003  -1.25483080E-001  -2.01579518E+002  -2.01705001E+002
     419       1     1.19999997E+001   7.04397930E+003   1.04063231E+000   2.76976342E+003   2.76872279E+003   6.41438238E-001  -2.02847712E+002  -2.03489151E+002   2.76988536E+003   1.80400580E+000   2.76808135E+003  -1.21935247E-001  -2.01685145E+002  -2.01807080E+002
     420       1     1.19999997E+001   7.04356584E+003   1.04590845E+000   2.76954044E+003   2.76849453E+003   6.37474270E-001  -2.02952799E+002  -2.03590273E+002   2.76965721E+003   1.80015455E+000   2.76785706E+003  -1.16771830E-001  -2.01790118E+002  -2.01906890E+002
     421       1     1.19999997E+001   7.04314682E+003   1.05037320E+000   2.76931401E+003   2.76826363E+003   6.34833607E-001  -2.03058866E+002  -2.03693700E+002   2.76942695E+003   1.79815222E+000   2.76762880E+003  -1.12945415E-001  -2.01895547E+002  -2.02008493E+002
     422       1     1.19999997E+001   7.04273129E+003   1.05161772E+000   2.76908793E+003   2.76803631E+003   6.34799916E-001  -2.03162397E+002  -2.03797197E+002   2.76919940E+003   1.79789053E+000   2.76740151E+003  -1.11472898E-001  -2.01999306E+002  -2.02110779E+002
     423       1     1.19999997E+001   7.04230672E+003   1.05336824E+000   2.76885764E+003   2.76780427E+003   6.36350624E-001  -2.03267950E+002  -2.03904301E+002   2.76896731E+003   1.79939028E+000   2.76716792E+003  -1.09671413E-001  -2.02104911E+002  -2.02214582E+002
     424       1     1.19999997E+001   7.04188657E+003   1.05905044E+000   2.76863077E+003   2.76757172E+003   6.31358573E-001  -2.03375315E+002  -2.04006674E+002   2.76873586E+003   1.79549710E+000   2.76694037E+003  -1.05088085E-001  -2.02211177E+002  -2.02316265E+002
     425       1     1.19999997E+001   7.04145803E+003   1.06372972E+000   2.76839998E+003   2.76733625E+003   6.33499287E-001  -2.03483113E+002  -2.04116612E+002   2.76850300E+003   1.80025120E+000   2.76670275E+003  -1.03022198E-001  -2.02316361E+002  -2.02419383E+002
     426       1     1.19999997E+001   7.04104097E+003   1.06734922E+000   2.76817421E+003   2.76710686E+003   6.32486847E-001  -2.03588245E+002  -2.04220731E+002   2.76827488E+003   1.80051010E+000   2.76647437E+003  -1.00674041E-001  -2.02420221E+002  -2.02520895E+002
     427       1     1.19999997E+001   7.04062094E+003   1.07086026E+000   2.76794648E+003   2.76687562E+003   6.29988093E-001  -2.03694330E+002  -2.04324318E+002   2.76804439E+003   1.79875784E+000   2.76624564E+003  -9.79094899E-002  -2.02525560E+002  -2.02623469E+002
     428       1     1.19999997E+001   7.04019618E+003   1.07557042E+000   2.76771676E+003   2.76664119E+003   6.27285213E-001  -2.03802207E+002  -2.04429492E+002   2.76781175E+003   1.79784640E+000   2.76601390E+003  -9.49907627E-002  -2.02631646E+002  -2.02726637E+002
     429       1     1.19999997E+001   7.03977147E+003   1.08129174E+000   2.76748757E+003   2.76640628E+003   6.23877135E-001  -2.03910564E+002  -2.04534442E+002   2.76757888E+003   1.79648005E+000   2.76578240E+003  -9.13111725E-002  -2.02737962E+002  -2.02829273E+002
     430       1     1.19999997E+001   7.03935227E+003   1.08766593E+000   2.76726216E+003   2.76617450E+003   6.20306683E-001  -2.04017437E+002  -2.04637744E+002   2.76734786E+003   1.79366558E+000   2.76555419E+003  -8.56929592E-002  -2.02844078E+002  -2.02929771E+002
     431       1     1.19999997E+001   7.03892973E+003   1.09177017E+000   2.76703356E+003   2.76594179E+003   6.18771004E-001  -2.04124237E+002  -2.04743008E+002   2.76711659E+003   1.79356617E+000   2.76532302E+003  -8.30250015E-002  -2.02949442E+002  -2.03032467E+002
     432       1     1.19999997E+001   7.03850841E+003   1.09457947E+000   2.76680514E+003   2.76571056E+003   6.18222613E-001  -2.04229924E+002  -2.04848147E+002   2.76688583E+003   1.79349401E+000   2.76509234E+003  -8.06919263E-002  -2.03054653E+002  -2.03135345E+002
     433       1     1.19999997E+001   7.03808584E+003   1.09650685E+000   2.76657567E+003   2.76547916E+003   6.18092399E-001  -2.04335400E+002  -2.04953492E+002   2.76665412E+003   1.79305000E+000   2.76486107E+003  -7.84507447E-002  -2.03160442E+002  -2.03238893E+002
     434       1     1.19999997E+001   7.03766781E+003   1.10130449E+000   2.76634992E+003   2.76524862E+003   6.15371354E-001  -2.04441376E+002  -2.05056748E+002   2.76642430E+003   1.79105723E+000   2.76463325E+003  -7.43813890E-002  -2.03265690E+002  -2.03340072E+002
     435       1     1.19999997E+001   7.03724775E+003   1.10293730E+000   2.76612168E+003   2.76501874E+003   6.15408447E-001  -2.04546076E+002  -2.05161485E+002   2.76619394E+003   1.79060787E+000   2.76440333E+003  -7.22621229E-002  -2.03370877E+002  -2.03443139E+002
     436       1     1.19999997E+001   7.03682427E+003   1.10773652E+000   2.76589310E+003   2.76478536E+003   6.13385954E-001  -2.04653251E+002  -2.05266637E+002   2.76596134E+003   1.78936547E+000   2.76417198E+003  -6.82430007E-002  -2.03477271E+002  -2.03545514E+002
     437       1     1.19999997E+001   7.03640375E+003   1.11199727E+000   2.76566593E+003   2.76455393E+003   6.12105066E-001  -2.04759366E+002  -2.05371471E+002   2.76573066E+003   1.78884152E+000   2.76394182E+003  -6.47391864E-002  -2.03582629E+002  -2.03647369E+002
     438       1     1.19999997E+001   7.03598610E+003   1.11643644E+000   2.76544023E+003   2.76432379E+003   6.09565141E-001  -2.04865033E+002  -2.05474599E+002   2.76550091E+003   1.78667954E+000   2.76371423E+003  -6.06779680E-002  -2.03687919E+002  -2.03748597E+002
     439       1     1.19999997E+001   7.03556420E+003   1.12157194E+000   2.76521239E+003   2.76409081E+003   6.06357513E-001  -2.04972278E+002  -2.05578635E+002   2.76526900E+003   1.78454398E+000   2.76348446E+003  -5.66145267E-002  -2.03794091E+002  -2.03850706E+002
     440       1     1.19999997E+001   7.03513791E+003   1.12451035E+000   2.76498079E+003   2.76385628E+003   6.05260099E-001  -2.05079768E+002  -2.05685028E+002   2.76503645E+003   1.78543805E+000   2.76325102E+003  -5.56676005E-002  -2.03899590E+002  -2.03955258E+002
     441       1     1.19999997E+001   7.03471806E+003   1.12919085E+000   2.76475409E+003   2.76362490E+003   6.02590196E-001  -2.05186018E+002  -2.05788608E+002   2.76480520E+003   1.78289349E+000   2.76302231E+003  -5.11124487E-002  -2.04005715E+002  -2.04056827E+002
     442       1     1.19999997E+001   7.03428694E+003   1.13330550E+000   2.76452066E+003   2.76338735E+003   6.00863801E-001  -2.05295065E+002  -2.05895929E+002   2.76456925E+003   1.78276161E+000   2.76278649E+003  -4.85923137E-002  -2.04113168E+002  -2.04161760E+002
     443       1     1.19999997E+001   7.03385914E+003   1.13502021E+000   2.76428778E+003   2.76315276E+003   6.00715060E-001  -2.05402159E+002  -2.06002874E+002   2.76433571E+003   1.78366935E+000   2.76255204E+003  -4.79340790E-002  -2.04219205E+002  -2.04267139E+002
     444       1     1.19999997E+001   7.03343663E+003   1.13979306E+000   2.76405928E+003   2.76291949E+003   5.97931947E-001  -2.05509496E+002  -2.06107428E+002   2.76410404E+003   1.78247959E+000   2.76232156E+003  -4.47545823E-002  -2.04324949E+002  -2.04369703E+002
     445       1     1.19999997E+001   7.03301480E+003   1.14433459E+000   2.76383138E+003   2.76268705E+003   5.96425023E-001  -2.05616203E+002  -2.06212628E+002   2.76387284E+003   1.78221888E+000   2.76209062E+003  -4.14592674E-002  -2.04430410E+002  -2.04471869E+002
     446       1     1.19999997E+001   7.03259439E+003   1.15227028E+000   2.76360617E+003   2.76245390E+003   5.92226315E-001  -2.05724035E+002  -2.06316262E+002   2.76364075E+003   1.77907163E+000   2.76186168E+003  -3.45750436E-002  -2.04537190E+002  -2.04571765E+002
     447       1     1.19999997E+001   7.03216962E+003   1.15868221E+000   2.76337774E+003   2.76221906E+003   5.89965098E-001  -2.05832266E+002  -2.06422231E+002   2.76340768E+003   1.77858405E+000   2.76162910E+003  -2.99367450E-002  -2.04643647E+002  -2.04673583E+002
     448       1     1.19999997E+001   7.03174636E+003   1.16550341E+000   2.76314999E+003   2.76198449E+003   5.84047332E-001  -2.05940669E+002  -2.06524717E+002   2.76317300E+003   1.77255507E+000   2.76140044E+003  -2.30043274E-002  -2.04752162E+002  -2.04775166E+002
     449       1     1.19999997E+001   7.03131693E+003   1.17610155E+000   2.76292082E+003   2.76174472E+003   5.75679003E-001  -2.06052438E+002  -2.06628117E+002   2.76293421E+003   1.76517454E+000   2.76116904E+003  -1.33939816E-002  -2.04862943E+002  -2.04876337E+002
     450       1     1.19999997E+001   7.03089222E+003   1.18150322E+000   2.76269136E+003   2.76150985E+003   5.72137786E-001  -2.06160698E+002  -2.06732836E+002   2.76270100E+003   1.76328609E+000   2.76093771E+003  -9.64507585E-003  -2.04969550E+002  -2.04979195E+002
     451       1     1.19999997E+001   7.03046489E+003   1.18621685E+000   2.76246062E+003   2.76127441E+003   5.69411884E-001  -2.06268759E+002  -2.06838171E+002   2.76246531E+003   1.76031408E+000   2.76070499E+003  -4.68534651E-003  -2.05077857E+002  -2.05082542E+002
     452       1     1.19999997E+001   7.03003704E+003   1.19027245E+000   2.76222902E+003   2.76103875E+003   5.67723234E-001  -2.06376870E+002  -2.06944593E+002   2.76223075E+003   1.75972772E+000   2.76047103E+003  -1.73203918E-003  -2.05184865E+002  -2.05186597E+002
     453       1     1.19999997E+001   7.02961053E+003   1.19433593E+000   2.76199780E+003   2.76080346E+003   5.65673122E-001  -2.06485007E+002  -2.07050680E+002   2.76199764E+003   1.75984841E+000   2.76023779E+003   1.60647577E-004  -2.05290832E+002  -2.05290671E+002
     454       1     1.19999997E+001   7.02918260E+003   1.20049442E+000   2.76176736E+003   2.76056686E+003   5.62870247E-001  -2.06594033E+002  -2.07156903E+002   2.76176249E+003   1.75850279E+000   2.76000399E+003   4.86187703E-003  -2.05398400E+002  -2.05393538E+002
     455       1     1.19999997E+001   7.02875752E+003   1.20225334E+000   2.76153590E+003   2.76033364E+003   5.62327764E-001  -2.06700527E+002  -2.07262854E+002   2.76153009E+003   1.75877908E+000   2.75977132E+003   5.80202311E-003  -2.05504075E+002  -2.05498273E+002
     456       1     1.19999997E+001   7.02832828E+003   1.20686419E+000   2.76130384E+003   2.76009697E+003   5.59478035E-001  -2.06809225E+002  -2.07368703E+002   2.76129375E+003   1.75625483E+000   2.75953750E+003   1.00873882E-002  -2.05612448E+002  -2.05602361E+002
     457       1     1.19999997E+001   7.02789969E+003   1.21105626E+000   2.76107200E+003   2.75986095E+003   5.57788863E-001  -2.06917472E+002  -2.07475261E+002   2.76105846E+003   1.75530323E+000   2.75930316E+003   1.35418974E-002  -2.05719958E+002  -2.05706416E+002
     458       1     1.19999997E+001   7.02745811E+003   1.21314394E+000   2.76083149E+003   2.75961834E+003   5.57623540E-001  -2.07028426E+002  -2.07586049E+002   2.76081812E+003   1.75740177E+000   2.75906072E+003   1.33657017E-002  -2.05828647E+002  -2.05815282E+002
     459       1     1.19999997E+001   7.02703000E+003   1.21847607E+000   2.76060026E+003   2.75938178E+003   5.53209792E-001  -2.07137345E+002  -2.07690555E+002   2.76058158E+003   1.75301155E+000   2.75882857E+003   1.86743093E-002  -2.05937543E+002  -2.05918869E+002
     460       1     1.19999997E+001   7.02659562E+003   1.22275565E+000   2.76036454E+003   2.75914179E+003   5.49403385E-001  -2.07247823E+002  -2.07797227E+002   2.76034327E+003   1.75087951E+000   2.75859239E+003   2.12795285E-002  -2.06046347E+002  -2.06025068E+002
     461       1     1.19999997E+001   7.02616802E+003   1.22769920E+000   2.76013312E+003   2.75890542E+003   5.45442981E-001  -2.07356696E+002  -2.07902139E+002   2.76010807E+003   1.74808860E+000   2.75835998E+003   2.50535890E-002  -2.06154050E+002  -2.06128997E+002
     462       1     1.19999997E+001   7.02573146E+003   1.23483130E+000   2.75989787E+003   2.75866303E+003   5.38853437E-001  -2.07468916E+002  -2.08007769E+002   2.75986650E+003   1.74231537E+000   2.75812418E+003   3.13693677E-002  -2.06265454E+002  -2.06234084E+002
     463       1     1.19999997E+001   7.02530371E+003   1.24008715E+000   2.75966657E+003   2.75842649E+003   5.34120238E-001  -2.07577918E+002  -2.08112038E+002   2.75963039E+003   1.73802143E+000   2.75789237E+003   3.61859628E-002  -2.06374017E+002  -2.06337831E+002
     464       1     1.19999997E+001   7.02487492E+003   1.24333235E+000   2.75943385E+003   2.75819051E+003   5.33705117E-001  -2.07686033E+002  -2.08219738E+002   2.75939658E+003   1.73977087E+000   2.75765681E+003   3.72665918E-002  -2.06479967E+002  -2.06442701E+002
     465       1     1.19999997E+001   7.02443611E+003   1.25222455E+000   2.75919828E+003   2.75794606E+003   5.26626489E-001  -2.07799638E+002  -2.08326265E+002   2.75915397E+003   1.73454176E+000   2.75741943E+003   4.43092788E-002  -2.06591723E+002  -2.06547414E+002
     466       1     1.19999997E+001   7.02399430E+003   1.26013580E+000   2.75896011E+003   2.75769997E+003   5.20231002E-001  -2.07913982E+002  -2.08434213E+002   2.75891135E+003   1.73160812E+000   2.75717974E+003   4.87586738E-002  -2.06702604E+002  -2.06653846E+002
     467       1     1.19999997E+001   7.02355420E+003   1.26526404E+000   2.75872206E+003   2.75745680E+003   5.17268079E-001  -2.08025911E+002  -2.08543180E+002   2.75866989E+003   1.73035855E+000   2.75693953E+003   5.21735693E-002  -2.06812821E+002  -2.06760647E+002
     468       1     1.19999997E+001   7.02311719E+003   1.26911248E+000   2.75848490E+003   2.75721579E+003   5.13868210E-001  -2.08136607E+002  -2.08650476E+002   2.75842957E+003   1.72765297E+000   2.75670192E+003   5.53277218E-002  -2.06922823E+002  -2.06867495E+002
     469       1     1.19999997E+001   7.02267720E+003   1.27144309E+000   2.75824561E+003   2.75697417E+003   5.12240682E-001  -2.08247011E+002  -2.08759252E+002   2.75818780E+003   1.72586451E+000   2.75646193E+003   5.78192627E-002  -2.07033387E+002  -2.06975568E+002
     470       1     1.19999997E+001   7.02223058E+003   1.27615412E+000   2.75800339E+003   2.75672724E+003   5.09109684E-001  -2.08360751E+002  -2.08869860E+002   2.75794354E+003   1.72541081E+000   2.75621813E+003   5.98529923E-002  -2.07144450E+002  -2.07084597E+002
     471       1     1.19999997E+001   7.02178919E+003   1.28368687E+000   2.75776595E+003   2.75648226E+003   5.02943997E-001  -2.08474095E+002  -2.08977039E+002   2.75769901E+003   1.71969482E+000   2.75597932E+003   6.69360422E-002  -2.07257344E+002  -2.07190408E+002
     472       1     1.19999997E+001   7.02135768E+003   1.28697781E+000   2.75753190E+003   2.75624492E+003   5.01560292E-001  -2.08582745E+002  -2.09084306E+002   2.75746219E+003   1.71883023E+000   2.75574336E+003   6.97078710E-002  -2.07365475E+002  -2.07295768E+002
     473       1     1.19999997E+001   7.02092042E+003   1.28975811E+000   2.75729417E+003   2.75600442E+003   5.00389409E-001  -2.08692838E+002  -2.09193228E+002   2.75722296E+003   1.71893062E+000   2.75550403E+003   7.12168996E-002  -2.07474297E+002  -2.07403080E+002
     474       1     1.19999997E+001   7.02047605E+003   1.29380746E+000   2.75705304E+003   2.75575924E+003   4.97006573E-001  -2.08805486E+002  -2.09302493E+002   2.75697871E+003   1.71648468E+000   2.75526223E+003   7.43293449E-002  -2.07586008E+002  -2.07511679E+002
     475       1     1.19999997E+001   7.02003426E+003   1.29889352E+000   2.75681427E+003   2.75551538E+003   4.93736648E-001  -2.08917581E+002  -2.09411318E+002   2.75673521E+003   1.71357251E+000   2.75502164E+003   7.90576516E-002  -2.07697745E+002  -2.07618688E+002
     476       1     1.19999997E+001   7.01959600E+003   1.30198211E+000   2.75657629E+003   2.75527430E+003   4.92385997E-001  -2.09027935E+002  -2.09520321E+002   2.75649494E+003   1.71302171E+000   2.75478192E+003   8.13463970E-002  -2.07807299E+002  -2.07725953E+002
     477       1     1.19999997E+001   7.01914863E+003   1.30483233E+000   2.75633363E+003   2.75502879E+003   4.92958023E-001  -2.09140010E+002  -2.09632968E+002   2.75625021E+003   1.71437678E+000   2.75453584E+003   8.34135742E-002  -2.07918591E+002  -2.07835178E+002
     478       1     1.19999997E+001   7.01870440E+003   1.30720513E+000   2.75609172E+003   2.75478451E+003   4.90274876E-001  -2.09251790E+002  -2.09742065E+002   2.75600587E+003   1.71163099E+000   2.75429424E+003   8.58490238E-002  -2.08030434E+002  -2.07944585E+002
     479       1     1.19999997E+001   7.01826637E+003   1.30957775E+000   2.75585331E+003   2.75454373E+003   4.86427796E-001  -2.09361921E+002  -2.09848348E+002   2.75576342E+003   1.70612353E+000   2.75405730E+003   8.98820170E-002  -2.08142225E+002  -2.08052343E+002
     480       1     1.19999997E+001   7.01781734E+003   1.31265588E+000   2.75560932E+003   2.75429666E+003   4.84541407E-001  -2.09475048E+002  -2.09959589E+002   2.75551698E+003   1.70486162E+000   2.75381212E+003   9.23356674E-002  -2.08254728E+002  -2.08162392E+002
     481       1     1.19999997E+001   7.01738962E+003   1.31803523E+000   2.75537830E+003   2.75406027E+003   4.79192763E-001  -2.09583857E+002  -2.10063050E+002   2.75527937E+003   1.69829793E+000   2.75358107E+003   9.89300668E-002  -2.08364752E+002  -2.08265822E+002
     482       1     1.19999997E+001   7.01694973E+003   1.32121643E+000   2.75513917E+003   2.75381796E+003   4.77070355E-001  -2.09694948E+002  -2.10172019E+002   2.75503828E+003   1.69739250E+000   2.75334089E+003   1.00894281E-001  -2.08474626E+002  -2.08373732E+002
     483       1     1.19999997E+001   7.01650828E+003   1.32332615E+000   2.75489911E+003   2.75357578E+003   4.75387425E-001  -2.09805435E+002  -2.10280822E+002   2.75479485E+003   1.69445808E+000   2.75310040E+003   1.04255499E-001  -2.08586364E+002  -2.08482109E+002
     484       1     1.19999997E+001   7.01606663E+003   1.32418514E+000   2.75465756E+003   2.75333337E+003   4.72180900E-001  -2.09916098E+002  -2.10388278E+002   2.75455141E+003   1.69021769E+000   2.75286119E+003   1.06148353E-001  -2.08698061E+002  -2.08591912E+002
     485       1     1.19999997E+001   7.01563397E+003   1.32681470E+000   2.75442233E+003   2.75309552E+003   4.70298465E-001  -2.10024879E+002  -2.10495177E+002   2.75431349E+003   1.68827135E+000   2.75262522E+003   1.08841820E-001  -2.08806906E+002  -2.08698064E+002
     486       1     1.19999997E+001   7.01519434E+003   1.33041125E+000   2.75418402E+003   2.75285361E+003   4.67753656E-001  -2.10135637E+002  -2.10603391E+002   2.75407085E+003   1.68499729E+000   2.75238585E+003   1.13167609E-001  -2.08918394E+002  -2.08805226E+002
     487       1     1.19999997E+001   7.01476442E+003   1.33388213E+000   2.75395060E+003   2.75261672E+003   4.64857875E-001  -2.10244267E+002  -2.10709125E+002   2.75383415E+003   1.68228533E+000   2.75215186E+003   1.16454674E-001  -2.09026840E+002  -2.08910385E+002
     488       1     1.19999997E+001   7.01433026E+003   1.33658669E+000   2.75371476E+003   2.75237818E+003   4.64003939E-001  -2.10353280E+002  -2.10817284E+002   2.75359590E+003   1.68172233E+000   2.75191417E+003   1.18868296E-001  -2.09135562E+002  -2.09016694E+002
     489       1     1.19999997E+001   7.01389771E+003   1.33929586E+000   2.75347933E+003   2.75214004E+003   4.61632941E-001  -2.10462375E+002  -2.10924008E+002   2.75335845E+003   1.68004379E+000   2.75167840E+003   1.20885012E-001  -2.09243964E+002  -2.09123079E+002
     490       1     1.19999997E+001   7.01346627E+003   1.34085739E+000   2.75324404E+003   2.75190318E+003   4.60943792E-001  -2.10570511E+002  -2.11031455E+002   2.75312238E+003   1.68014402E+000   2.75144224E+003   1.21657165E-001  -2.09351311E+002  -2.09229654E+002
     491       1     1.19999997E+001   7.01303741E+003   1.34410287E+000   2.75301110E+003   2.75166700E+003   4.58195514E-001  -2.10678736E+002  -2.11136931E+002   2.75288616E+003   1.67735143E+000   2.75120881E+003   1.24946950E-001  -2.09459580E+002  -2.09334633E+002
     492       1     1.19999997E+001   7.01259378E+003   1.34320929E+000   2.75276761E+003   2.75142440E+003   4.58438579E-001  -2.10788976E+002  -2.11247414E+002   2.75264398E+003   1.67802430E+000   2.75096596E+003   1.23623568E-001  -2.09569390E+002  -2.09445767E+002
     493       1     1.19999997E+001   7.01214958E+003   1.34497317E+000   2.75252597E+003   2.75118100E+003   4.58200301E-001  -2.10899837E+002  -2.11358037E+002   2.75239978E+003   1.67698128E+000   2.75072280E+003   1.26192192E-001  -2.09681056E+002  -2.09554863E+002
     494       1     1.19999997E+001   7.01170680E+003   1.34876067E+000   2.75228563E+003   2.75093687E+003   4.55446229E-001  -2.11011852E+002  -2.11467299E+002   2.75215633E+003   1.67491039E+000   2.75048142E+003   1.29296511E-001  -2.09792388E+002  -2.09663092E+002
     495       1     1.19999997E+001   7.01127096E+003   1.35290674E+000   2.75204938E+003   2.75069648E+003   4.54123047E-001  -2.11122196E+002  -2.11576319E+002   2.75191791E+003   1.67555642E+000   2.75024235E+003   1.31473363E-001  -2.09900763E+002  -2.09769289E+002
     496       1     1.19999997E+001   7.01083594E+003   1.35421787E+000   2.75181223E+003   2.75045801E+003   4.53804464E-001  -2.11230855E+002  -2.11684659E+002   2.75167932E+003   1.67510818E+000   2.75000421E+003   1.32914161E-001  -2.10009551E+002  -2.09876637E+002
     497       1     1.19999997E+001   7.01040072E+003   1.35912529E+000   2.75157653E+003   2.75021740E+003   4.50674711E-001  -2.11341596E+002  -2.11792271E+002   2.75144029E+003   1.67356710E+000   2.74976673E+003   1.36232904E-001  -2.10118704E+002  -2.09982471E+002
     498       1     1.19999997E+001   7.00996397E+003   1.36235805E+000   2.75133911E+003   2.74997676E+003   4.49764804E-001  -2.11451913E+002  -2.11901678E+002   2.75120190E+003   1.67490945E+000   2.74952699E+003   1.37213397E-001  -2.10226768E+002  -2.10089555E+002
     499       1     1.19999997E+001   7.00952777E+003   1.36262208E+000   2.75110049E+003   2.74973786E+003   4.50187690E-001  -2.11560638E+002  -2.12010826E+002   2.75096373E+003   1.67605704E+000   2.74928768E+003   1.36752734E-001  -2.10334769E+002  -2.10198016E+002
     500       1     1.19999997E+001   7.00908556E+003   1.36868885E+000   2.75086147E+003   2.74949278E+003   4.46377127E-001  -2.11673756E+002  -2.12120134E+002   2.75072091E+003   1.67450637E+000   2.74904640E+003   1.40559607E-001  -2.10445627E+002  -2.10305068E+002
