    iLoop            EVM               SVM               E11               E22               E33               E12               E13               E23               S11               S22               S33               S12               S13               S23              EpVM              dEVM             dEpVM             TotDens         TotJunctDens         DTIME           DTIMETOT
         1     1.19999997E+001   7.18849877E+003   7.89974029E-021  -1.13354763E-022  -1.19999997E+001  -4.03882696E-021   0.00000000E+000   8.67361738E-020  -6.98629045E+003  -6.98629647E+003  -1.41660924E+004  -2.04125000E+002   2.39512390E-002  -6.61623630E-003   4.48477033E-004   1.19996198E+001   0.00000000E+000   7.67653957E+014   0.00000000E+000   1.00000000E-014   1.00000000E-014
         2     1.19999997E+001   7.18828083E+003  -6.42742600E-021  -7.43991575E-021  -1.19999997E+001   1.32148307E-021  -8.67361738E-020   0.00000000E+000  -6.98635820E+003  -6.98637794E+003  -1.41659432E+004  -2.04190878E+002   5.25145520E-002  -1.54602560E-002   9.02978193E-004   1.19992348E+001   0.00000000E+000   7.73100389E+014   0.00000000E+000   1.00000000E-014   2.00000000E-014
         3     1.19999997E+001   7.18805970E+003   6.32902253E-021   1.94501181E-021  -1.19999997E+001  -2.24225400E-021   0.00000000E+000   0.00000000E+000  -6.98642693E+003  -6.98646061E+003  -1.41657918E+004  -2.04257721E+002   8.14974104E-002  -2.44345022E-002   1.36414282E-003   1.19988442E+001   0.00000000E+000   7.78545692E+014   0.00000000E+000   1.00000000E-014   3.00000000E-014
         4     1.19999997E+001   7.18783697E+003  -8.13359458E-021  -1.74929054E-021  -1.19999997E+001  -4.29802529E-021   1.73472348E-019   8.67361738E-020  -6.98649617E+003  -6.98654387E+003  -1.41656393E+004  -2.04325050E+002   1.10690742E-001  -3.34743700E-002   1.82865416E-003   1.19984507E+001   0.00000000E+000   7.83992228E+014   0.00000000E+000   1.00000000E-014   4.00000000E-014
         5     1.19999997E+001   7.18761264E+003   4.82056046E-021  -3.34302977E-021  -1.19999997E+001  -5.88370985E-021   0.00000000E+000  -2.60208521E-019  -6.98656591E+003  -6.98662773E+003  -1.41654857E+004  -2.04392864E+002   1.40094533E-001  -4.25798390E-002   2.29651200E-003   1.19980544E+001   0.00000000E+000   7.89439971E+014   0.00000000E+000   1.00000000E-014   5.00000000E-014
         6     1.19999997E+001   7.18738670E+003   1.96210860E-021   6.99685197E-021  -1.19999997E+001  -4.19421930E-022   0.00000000E+000   8.67361738E-020  -6.98663614E+003  -6.98671220E+003  -1.41653310E+004  -2.04461163E+002   1.69708853E-001  -5.17509131E-002   2.76771756E-003   1.19976552E+001   0.00000000E+000   7.94888908E+014   0.00000000E+000   1.00000000E-014   6.00000000E-014
         7     1.19999997E+001   7.18715916E+003  -1.05695071E-020   3.40073595E-021  -1.19999997E+001   1.11680737E-020  -1.73472348E-019  -8.67361738E-020  -6.98670688E+003  -6.98679726E+003  -1.41651752E+004  -2.04529948E+002   1.99533747E-001  -6.09875851E-002   3.24227163E-003   1.19972533E+001   0.00000000E+000   8.00339023E+014   0.00000000E+000   1.00000000E-014   7.00000000E-014
         8     1.19999997E+001   7.18693002E+003  -1.06263344E-020  -5.92206776E-021  -1.19999997E+001   4.21211742E-021  -1.73472348E-019  -8.67361738E-020  -6.98677811E+003  -6.98688292E+003  -1.41650183E+004  -2.04599218E+002   2.29569176E-001  -7.02898237E-002   3.72017362E-003   1.19968485E+001   0.00000000E+000   8.05790287E+014   0.00000000E+000   1.00000000E-014   8.00000000E-014
         9     1.19999997E+001   7.18669928E+003   8.49272022E-021   1.12686194E-020  -1.19999997E+001   3.85570597E-021  -8.67361738E-020  -1.73472348E-019  -6.98684985E+003  -6.98696918E+003  -1.41648603E+004  -2.04668972E+002   2.59815084E-001  -7.96575954E-002   4.20142263E-003   1.19964408E+001   0.00000000E+000   8.11242666E+014   0.00000000E+000   1.00000000E-014   9.00000000E-014
        10     1.19999997E+001   7.18646693E+003  -3.40738183E-021   5.06839152E-021  -1.19999997E+001   1.37510699E-022   1.73472348E-019   8.67361738E-020  -6.98692208E+003  -6.98705604E+003  -1.41647012E+004  -2.04739212E+002   2.90271423E-001  -8.90908757E-002   4.68601800E-003   1.19960304E+001   0.00000000E+000   8.16696135E+014   0.00000000E+000   1.00000000E-014   1.00000000E-013
        11     1.19999997E+001   7.18623299E+003   7.47967729E-022   7.39711433E-021  -1.19999997E+001  -8.55051429E-022   1.73472348E-019   8.67361738E-020  -6.98699481E+003  -6.98714350E+003  -1.41645411E+004  -2.04809937E+002   3.20938211E-001  -9.85896391E-002   5.17396020E-003   1.19956171E+001   0.00000000E+000   8.22150675E+014   0.00000000E+000   1.00000000E-014   1.10000000E-013
        12     1.19999997E+001   7.18599744E+003   2.13347561E-020  -4.55411524E-021  -1.19999997E+001  -2.21213816E-021   8.67361738E-020  -1.73472348E-019  -6.98706804E+003  -6.98723156E+003  -1.41643798E+004  -2.04881147E+002   3.51815393E-001  -1.08153849E-001   5.66524845E-003   1.19952010E+001   0.00000000E+000   8.27606257E+014   0.00000000E+000   1.00000000E-014   1.20000000E-013
        13     1.19999997E+001   7.18576029E+003   2.93626111E-021  -8.86317822E-021  -1.19999997E+001  -7.74284480E-021   0.00000000E+000   1.73472348E-019  -6.98714177E+003  -6.98732022E+003  -1.41642174E+004  -2.04952842E+002   3.82902994E-001  -1.17783489E-001   6.15988323E-003   1.19947820E+001   0.00000000E+000   8.33062868E+014   0.00000000E+000   1.00000000E-014   1.30000000E-013
        14     1.19999997E+001   7.18552154E+003  -9.94851447E-021   6.26179860E-021  -1.19999997E+001   4.44419328E-021  -1.73472348E-019   8.67361738E-020  -6.98721600E+003  -6.98740948E+003  -1.41640539E+004  -2.05025022E+002   4.14201024E-001  -1.27478540E-001   6.65786485E-003   1.19943603E+001   0.00000000E+000   8.38520491E+014   0.00000000E+000   1.00000000E-014   1.40000000E-013
        15     1.19999997E+001   7.18528119E+003   1.09017442E-020   2.20003677E-021  -1.19999997E+001  -6.09367931E-021   0.00000000E+000   0.00000000E+000  -6.98729073E+003  -6.98749934E+003  -1.41638893E+004  -2.05097688E+002   4.45709528E-001  -1.37238988E-001   7.15919420E-003   1.19939357E+001   0.00000000E+000   8.43979117E+014   0.00000000E+000   1.00000000E-014   1.50000000E-013
        16     1.19999997E+001   7.18503924E+003  -1.31290624E-021   1.29472998E-020  -1.19999997E+001  -7.49671463E-021  -8.67361738E-020   0.00000000E+000  -6.98736596E+003  -6.98758980E+003  -1.41637236E+004  -2.05170838E+002   4.77428548E-001  -1.47064818E-001   7.66387207E-003   1.19935082E+001   0.00000000E+000   8.49438735E+014   0.00000000E+000   1.00000000E-014   1.60000000E-013
        17     1.19999997E+001   7.18479568E+003   1.14309485E-020   5.64690872E-021  -1.19999997E+001   6.06685281E-021   0.00000000E+000   0.00000000E+000  -6.98744169E+003  -6.98768086E+003  -1.41635568E+004  -2.05244474E+002   5.09358042E-001  -1.56955995E-001   8.17189793E-003   1.19930780E+001   0.00000000E+000   8.54899321E+014   0.00000000E+000   1.00000000E-014   1.70000000E-013
        18     1.19999997E+001   7.18455052E+003   1.06937082E-020  -6.39392002E-021  -1.19999997E+001  -4.18540078E-021   0.00000000E+000  -8.67361738E-020  -6.98751792E+003  -6.98777251E+003  -1.41633889E+004  -2.05318595E+002   5.41497813E-001  -1.66912443E-001   8.68326832E-003   1.19926449E+001   0.00000000E+000   8.60360829E+014   0.00000000E+000   1.00000000E-014   1.80000000E-013
        19     1.19999997E+001   7.18430377E+003   6.70427819E-021   4.15656190E-021  -1.19999997E+001   2.56840614E-021   1.73472348E-019   1.73472348E-019  -6.98759464E+003  -6.98786477E+003  -1.41632200E+004  -2.05393200E+002   5.73847981E-001  -1.76934206E-001   9.19798393E-003   1.19922090E+001   0.00000000E+000   8.65823248E+014   0.00000000E+000   1.00000000E-014   1.90000000E-013
        20     1.19999997E+001   7.18405541E+003   1.34671880E-020  -5.12430118E-021  -1.19999997E+001  -7.89617307E-021   8.67361738E-020   0.00000000E+000  -6.98767187E+003  -6.98795763E+003  -1.41630499E+004  -2.05468291E+002   6.06408819E-001  -1.87021380E-001   9.71604831E-003   1.19917702E+001   0.00000000E+000   8.71286596E+014   0.00000000E+000   1.00000000E-014   2.00000000E-013
        21     1.19999997E+001   7.18380545E+003   3.46093338E-021  -1.05865056E-020  -1.19999997E+001   3.21722593E-021   0.00000000E+000   8.67361738E-020  -6.98774959E+003  -6.98805108E+003  -1.41628787E+004  -2.05543868E+002   6.39180481E-001  -1.97174034E-001   1.02374635E-002   1.19913286E+001   0.00000000E+000   8.76750875E+014   0.00000000E+000   1.00000000E-014   2.10000000E-013
        22     1.19999997E+001   7.18355388E+003   1.15064959E-020  -9.04348292E-021  -1.19999997E+001  -9.08480059E-021  -1.73472348E-019  -1.73472348E-019  -6.98782782E+003  -6.98814514E+003  -1.41627064E+004  -2.05619930E+002   6.72163063E-001  -2.07392218E-001   1.07622307E-002   1.19908842E+001   0.00000000E+000   8.82216082E+014   0.00000000E+000   1.00000000E-014   2.20000000E-013
        23     1.19999997E+001   7.18330071E+003  -2.42313772E-021   9.08608789E-021  -1.19999997E+001   8.12934494E-021   8.67361738E-020   0.00000000E+000  -6.98790654E+003  -6.98823980E+003  -1.41625330E+004  -2.05696479E+002   7.05356638E-001  -2.17675975E-001   1.12903506E-002   1.19904370E+001   0.00000000E+000   8.87682212E+014   0.00000000E+000   1.00000000E-014   2.30000000E-013
        24     1.19999997E+001   7.18304594E+003  -1.04174506E-020   3.31419218E-021  -1.19999997E+001  -1.17493768E-021  -3.46944695E-019   0.00000000E+000  -6.98798577E+003  -6.98833506E+003  -1.41623585E+004  -2.05773513E+002   7.38761271E-001  -2.28025334E-001   1.18218245E-002   1.19899869E+001   0.00000000E+000   8.93149260E+014   0.00000000E+000   1.00000000E-014   2.40000000E-013
        25     1.19999997E+001   7.18278956E+003  -5.93518633E-021   6.09284696E-021  -1.19999997E+001   1.15766512E-022  -8.67361738E-020   1.73472348E-019  -6.98806549E+003  -6.98843092E+003  -1.41621830E+004  -2.05851034E+002   7.72377090E-001  -2.38440345E-001   1.23566541E-002   1.19895340E+001   0.00000000E+000   8.98617230E+014   0.00000000E+000   1.00000000E-014   2.50000000E-013
        26     1.19999997E+001   7.18253158E+003   1.69682247E-020  -1.91553833E-021  -1.19999997E+001   4.10849237E-021  -8.67361738E-020   0.00000000E+000  -6.98814572E+003  -6.98852738E+003  -1.41620063E+004  -2.05929041E+002   8.06204196E-001  -2.48921050E-001   1.28948412E-002   1.19890783E+001   0.00000000E+000   9.04086123E+014   0.00000000E+000   1.00000000E-014   2.60000000E-013
        27     1.19999997E+001   7.18227199E+003   4.75027078E-021   6.62413989E-021  -1.19999997E+001  -2.15024566E-021   0.00000000E+000   8.67361738E-020  -6.98822645E+003  -6.98862444E+003  -1.41618285E+004  -2.06007536E+002   8.40242662E-001  -2.59467496E-001   1.34363867E-002   1.19886197E+001   0.00000000E+000   9.09555933E+014   0.00000000E+000   1.00000000E-014   2.70000000E-013
        28     1.19999997E+001   7.18201079E+003   9.43280969E-021  -4.26963749E-021  -1.19999997E+001   2.20210989E-021   0.00000000E+000  -8.67361738E-020  -6.98830768E+003  -6.98872210E+003  -1.41616496E+004  -2.06086517E+002   8.74492519E-001  -2.70079720E-001   1.39812913E-002   1.19881583E+001   0.00000000E+000   9.15026653E+014   0.00000000E+000   1.00000000E-014   2.80000000E-013
        29     1.19999997E+001   7.18174799E+003   1.53867743E-020  -2.92495201E-021  -1.19999997E+001  -1.01163155E-020   8.67361738E-020   8.67361738E-020  -6.98838941E+003  -6.98882037E+003  -1.41614696E+004  -2.06165985E+002   9.08953763E-001  -2.80757750E-001   1.45295550E-002   1.19876940E+001   0.00000000E+000   9.20498266E+014   0.00000000E+000   1.00000000E-014   2.90000000E-013
        30     1.19999997E+001   7.18148358E+003   6.86948166E-021  -2.12936969E-021  -1.19999997E+001   7.57865462E-022   0.00000000E+000   0.00000000E+000  -6.98847164E+003  -6.98891924E+003  -1.41612885E+004  -2.06245939E+002   9.43626383E-001  -2.91501595E-001   1.50811780E-002   1.19872269E+001   0.00000000E+000   9.25970761E+014   0.00000000E+000   1.00000000E-014   3.00000000E-013
        31     1.19999997E+001   7.18121757E+003  -8.57566575E-021   3.77783726E-022  -1.19999997E+001   1.45669659E-020   0.00000000E+000  -8.67361738E-020  -6.98855437E+003  -6.98901871E+003  -1.41611063E+004  -2.06326381E+002   9.78510419E-001  -3.02311294E-001   1.56361612E-002   1.19867570E+001   0.00000000E+000   9.31444129E+014   0.00000000E+000   1.00000000E-014   3.10000000E-013
        32     1.19999997E+001   7.18094994E+003  -1.04575585E-020   1.14945845E-020  -1.19999997E+001  -5.50357900E-021   8.67361738E-020  -8.67361738E-020  -6.98863760E+003  -6.98911878E+003  -1.41609230E+004  -2.06407310E+002   1.01360592E+000  -3.13186868E-001   1.61945060E-002   1.19862842E+001   0.00000000E+000   9.36918369E+014   0.00000000E+000   1.00000000E-014   3.20000000E-013
        33     1.19999997E+001   7.18068071E+003  -2.47823880E-020   6.64375725E-021  -1.19999997E+001  -4.89255231E-021  -1.73472348E-019  -1.73472348E-019  -6.98872133E+003  -6.98921946E+003  -1.41607386E+004  -2.06488727E+002   1.04891295E+000  -3.24128371E-001   1.67562138E-002   1.19858086E+001   0.00000000E+000   9.42393478E+014   0.00000000E+000   1.00000000E-014   3.30000000E-013
        34     1.19999997E+001   7.18040987E+003  -1.74305205E-020  -2.99192262E-021  -1.19999997E+001  -5.23958947E-021   1.73472348E-019   8.67361738E-020  -6.98880557E+003  -6.98932074E+003  -1.41605531E+004  -2.06570631E+002   1.08443155E+000  -3.35135845E-001   1.73212858E-002   1.19853302E+001   0.00000000E+000   9.47869453E+014   0.00000000E+000   1.00000000E-014   3.40000000E-013
        35     1.19999997E+001   7.18013743E+003  -1.46992844E-020  -4.97921370E-021  -1.19999997E+001  -8.72721041E-021   1.73472348E-019   1.73472348E-019  -6.98889030E+003  -6.98942262E+003  -1.41603664E+004  -2.06653022E+002   1.12016171E+000  -3.46209321E-001   1.78897222E-002   1.19848489E+001   0.00000000E+000   9.53346286E+014   0.00000000E+000   1.00000000E-014   3.50000000E-013
        36     1.19999997E+001   7.17986337E+003  -1.18927893E-021  -4.89484127E-023  -1.19999997E+001  -5.80966943E-021   2.60208521E-019   4.33680869E-019  -6.98897554E+003  -6.98952510E+003  -1.41601787E+004  -2.06735902E+002   1.15610348E+000  -3.57348839E-001   1.84615242E-002   1.19843647E+001   0.00000000E+000   9.58823972E+014   0.00000000E+000   1.00000000E-014   3.60000000E-013
        37     1.19999997E+001   7.17958770E+003   1.24850040E-020   4.71215844E-021  -1.19999997E+001   2.79747313E-021   8.67361738E-020  -1.73472348E-019  -6.98906128E+003  -6.98962819E+003  -1.41599899E+004  -2.06819269E+002   1.19225689E+000  -3.68554423E-001   1.90366927E-002   1.19838777E+001   0.00000000E+000   9.64302508E+014   0.00000000E+000   1.00000000E-014   3.70000000E-013
        38     1.19999997E+001   7.17931043E+003  -1.52963428E-020   1.02456659E-020  -1.19999997E+001  -1.12308005E-020  -8.67361738E-020  -8.67361738E-020  -6.98914752E+003  -6.98973189E+003  -1.41598000E+004  -2.06903125E+002   1.22862200E+000  -3.79826118E-001   1.96152293E-002   1.19833879E+001   0.00000000E+000   9.69781894E+014   0.00000000E+000   1.00000000E-014   3.80000000E-013
        39     1.19999997E+001   7.17903154E+003  -1.20323708E-020   9.84820558E-021  -1.19999997E+001   1.43907190E-020  -2.60208521E-019   1.73472348E-019  -6.98923426E+003  -6.98983619E+003  -1.41596089E+004  -2.06987471E+002   1.26520009E+000  -3.91164693E-001   2.01971486E-002   1.19828953E+001   0.00000000E+000   9.75262211E+014   0.00000000E+000   1.00000000E-014   3.90000000E-013
        40     1.19999997E+001   7.17875101E+003  -1.28763820E-020  -1.71202812E-020  -1.19999997E+001  -1.17957054E-021  -8.67361738E-020  -1.73472348E-019  -6.98932152E+003  -6.98994110E+003  -1.41594168E+004  -2.07072311E+002   1.30199342E+000  -4.02571527E-001   2.07824811E-002   1.19823997E+001   0.00000000E+000   9.80743662E+014   0.00000000E+000   1.00000000E-014   4.00000000E-013
        41     1.19999997E+001   7.17846884E+003   1.61188136E-020  -6.71875385E-021  -1.19999997E+001  -3.24306499E-023  -1.73472348E-019   0.00000000E+000  -6.98940928E+003  -6.99004662E+003  -1.41592235E+004  -2.07157649E+002   1.33900365E+000  -4.14047671E-001   2.13712517E-002   1.19819012E+001   0.00000000E+000   9.86226440E+014   0.00000000E+000   1.00000000E-014   4.10000000E-013
        42     1.19999997E+001   7.17818503E+003   8.59184747E-021  -9.42994170E-021  -1.19999997E+001   1.28937295E-020  -8.67361738E-020   8.67361738E-020  -6.98949756E+003  -6.99015277E+003  -1.41590290E+004  -2.07243489E+002   1.37623193E+000  -4.25593853E-001   2.19634774E-002   1.19813999E+001   0.00000000E+000   9.91710688E+014   0.00000000E+000   1.00000000E-014   4.20000000E-013
        43     1.19999997E+001   7.17789955E+003   1.93253690E-020  -8.48973720E-021  -1.19999997E+001   6.80216726E-021  -2.60208521E-019  -8.67361738E-020  -6.98958636E+003  -6.99025954E+003  -1.41588335E+004  -2.07329830E+002   1.41367878E+000  -4.37210410E-001   2.25591669E-002   1.19808956E+001   0.00000000E+000   9.97196480E+014   0.00000000E+000   1.00000000E-014   4.30000000E-013
        44     1.19999997E+001   7.17761243E+003   6.79354648E-021   1.43219499E-020  -1.19999997E+001  -1.55972039E-020  -8.67361738E-020  -2.60208521E-019  -6.98967567E+003  -6.99036692E+003  -1.41586368E+004  -2.07416673E+002   1.45134422E+000  -4.48897331E-001   2.31583195E-002   1.19803883E+001   0.00000000E+000   1.00268380E+015   0.00000000E+000   1.00000000E-014   4.40000000E-013
        45     1.19999997E+001   7.17732365E+003   2.57861148E-021   1.01322387E-020  -1.19999997E+001  -9.27846167E-021   1.73472348E-019   1.73472348E-019  -6.98976550E+003  -6.99047493E+003  -1.41584389E+004  -2.07504016E+002   1.48922797E+000  -4.60654369E-001   2.37609289E-002   1.19798782E+001   0.00000000E+000   1.00817258E+015   0.00000000E+000   1.00000000E-014   4.50000000E-013
        46     1.19999997E+001   7.17687654E+003  -1.10303087E-020   2.59813294E-021  -1.19999997E+001   3.25878142E-021   2.60208521E-019  -2.60208521E-019  -6.98990442E+003  -6.99064232E+003  -1.41581326E+004  -2.07639252E+002   1.54821024E+000  -4.92717635E-001   2.46975373E-002   1.19790884E+001   0.00000000E+000   1.02030635E+015   0.00000000E+000   1.00000000E-014   4.60000000E-013
        47     1.19999997E+001   7.17655671E+003   2.09983934E-021  -1.92990749E-020  -1.19999997E+001  -5.86028513E-021   0.00000000E+000   0.00000000E+000  -6.98999421E+003  -6.99077164E+003  -1.41579135E+004  -2.07735989E+002   1.58430784E+000  -5.02680422E-001   2.53619612E-002   1.19785234E+001   0.00000000E+000   1.02681940E+015   4.48136664E+011   1.00000000E-014   4.70000000E-013
        48     1.19999997E+001   7.17628520E+003  -1.55160265E-020   9.38379019E-021  -1.19999997E+001   1.53383584E-020   8.67361738E-020  -2.60208521E-019  -6.99007997E+003  -6.99087190E+003  -1.41577275E+004  -2.07818114E+002   1.62056970E+000  -5.12431589E-001   2.59284594E-002   1.19780438E+001   0.00000000E+000   1.03133085E+015   7.64876282E+011   1.00000000E-014   4.80000000E-013
        49     1.19999997E+001   7.17601205E+003  -2.36957312E-020   3.00917967E-022  -1.19999997E+001   5.62240866E-021  -8.67361738E-020   8.67361738E-020  -6.99016619E+003  -6.99097283E+003  -1.41575404E+004  -2.07900739E+002   1.65704545E+000  -5.22359472E-001   2.64984397E-002   1.19775612E+001   0.00000000E+000   1.03573691E+015   8.81341755E+011   1.00000000E-014   4.90000000E-013
        50     1.19999997E+001   7.17573767E+003  -2.04098855E-020  -3.91918174E-021  -1.19999997E+001   1.62811892E-021   8.67361738E-020   8.67361738E-020  -6.99025282E+003  -6.99107418E+003  -1.41573524E+004  -2.07983733E+002   1.69370030E+000  -5.32298039E-001   2.70709701E-002   1.19770765E+001   0.00000000E+000   1.04025100E+015   1.01280947E+012   1.00000000E-014   5.00000000E-013
        51     1.19999997E+001   7.17546209E+003  -2.50041306E-020  -5.68242579E-021  -1.19999997E+001  -6.01486450E-021  -1.73472348E-019   2.60208521E-019  -6.99033985E+003  -6.99117596E+003  -1.41571636E+004  -2.08067094E+002   1.73053390E+000  -5.42247738E-001   2.76460327E-002   1.19765897E+001   0.00000000E+000   1.04487288E+015   1.15807695E+012   1.00000000E-014   5.10000000E-013
        52     1.19999997E+001   7.17518530E+003   6.77408189E-021  -2.11241249E-021  -1.19999997E+001   9.44233390E-021   0.00000000E+000   3.46944695E-019  -6.99042727E+003  -6.99127818E+003  -1.41569739E+004  -2.08150821E+002   1.76753941E+000  -5.52221498E-001   2.82236200E-002   1.19761008E+001   0.00000000E+000   1.04960274E+015   1.31815113E+012   1.00000000E-014   5.20000000E-013
        53     1.19999997E+001   7.17490729E+003   5.68479876E-022   1.17724345E-021  -1.19999997E+001   2.29018562E-020   3.46944695E-019   1.73472348E-019  -6.99051509E+003  -6.99138085E+003  -1.41567834E+004  -2.08234919E+002   1.80471737E+000  -5.62224465E-001   2.88037709E-002   1.19756097E+001   0.00000000E+000   1.05443800E+015   1.48953780E+012   1.00000000E-014   5.30000000E-013
        54     1.19999997E+001   7.17462807E+003   2.62012768E-020  -2.00797680E-020  -1.19999997E+001   1.18843934E-020  -1.73472348E-019   1.73472348E-019  -6.99060329E+003  -6.99148396E+003  -1.41565921E+004  -2.08319385E+002   1.84206553E+000  -5.72260869E-001   2.93864560E-002   1.19751164E+001   0.00000000E+000   1.05937681E+015   1.67516645E+012   1.00000000E-014   5.40000000E-013
        55     1.19999997E+001   7.17434766E+003   3.45185158E-020   8.54237690E-021  -1.19999997E+001  -1.61499208E-020   3.46944695E-019   0.00000000E+000  -6.99069188E+003  -6.99158750E+003  -1.41564000E+004  -2.08404209E+002   1.87958043E+000  -5.82298951E-001   2.99716111E-002   1.19746211E+001   0.00000000E+000   1.06441746E+015   1.87493122E+012   1.00000000E-014   5.50000000E-013
        56     1.19999997E+001   7.17406614E+003  -2.86346405E-021  -8.61752626E-021  -1.19999997E+001   8.96607949E-021   0.00000000E+000   3.46944695E-019  -6.99078086E+003  -6.99169142E+003  -1.41562071E+004  -2.08489372E+002   1.91726023E+000  -5.92328435E-001   3.05591018E-002   1.19741238E+001   0.00000000E+000   1.06955649E+015   2.08631391E+012   1.00000000E-014   5.60000000E-013
        57     1.19999997E+001   7.17378352E+003   1.30739205E-020   1.97028632E-020  -1.19999997E+001  -6.38397317E-021  -1.73472348E-019   0.00000000E+000  -6.99087017E+003  -6.99179576E+003  -1.41560134E+004  -2.08574870E+002   1.95507823E+000  -6.02405502E-001   3.11488985E-002   1.19736245E+001   0.00000000E+000   1.07479422E+015   2.30691289E+012   1.00000000E-014   5.70000000E-013
        58     1.19999997E+001   7.17349983E+003   2.11461176E-020  -3.22042092E-021  -1.19999997E+001  -8.33327598E-021  -3.46944695E-019   1.73472348E-019  -6.99095980E+003  -6.99190051E+003  -1.41558191E+004  -2.08660693E+002   1.99301858E+000  -6.12503748E-001   3.17409226E-002   1.19731234E+001   0.00000000E+000   1.08013083E+015   2.54020887E+012   1.00000000E-014   5.80000000E-013
        59     1.19999997E+001   7.17321506E+003  -5.16145193E-021  -6.49771051E-021  -1.19999997E+001   4.08579660E-021   1.73472348E-019  -1.73472348E-019  -6.99104980E+003  -6.99200566E+003  -1.41556239E+004  -2.08746845E+002   2.03111106E+000  -6.22614651E-001   3.23352145E-002   1.19726203E+001   0.00000000E+000   1.08556477E+015   2.78670934E+012   1.00000000E-014   5.90000000E-013
        60     1.19999997E+001   7.17292917E+003   1.36038421E-020   2.93471274E-021  -1.19999997E+001  -2.39282878E-020   0.00000000E+000   3.46944695E-019  -6.99114016E+003  -6.99211118E+003  -1.41554280E+004  -2.08833333E+002   2.06936304E+000  -6.32731767E-001   3.29318225E-002   1.19721153E+001   0.00000000E+000   1.09109417E+015   3.04450986E+012   1.00000000E-014   6.00000000E-013
        61     1.19999997E+001   7.17264215E+003   1.04223516E-020   9.04433078E-021  -1.19999997E+001  -7.65052886E-022   1.73472348E-019  -5.20417043E-019  -6.99123090E+003  -6.99221713E+003  -1.41552313E+004  -2.08920168E+002   2.10777101E+000  -6.42859087E-001   3.35308143E-002   1.19716083E+001   0.00000000E+000   1.09671700E+015   3.31178150E+012   1.00000000E-014   6.10000000E-013
        62     1.19999997E+001   7.17235392E+003  -1.38005262E-020  -3.43817622E-021  -1.19999997E+001   8.20357406E-021  -3.46944695E-019  -3.46944695E-019  -6.99132201E+003  -6.99232353E+003  -1.41550338E+004  -2.09007369E+002   2.14633701E+000  -6.53025703E-001   3.41323309E-002   1.19710991E+001   0.00000000E+000   1.10243116E+015   3.58443601E+012   1.00000000E-014   6.20000000E-013
        63     1.19999997E+001   7.17206441E+003   1.76294936E-020  -2.21932558E-022  -1.19999997E+001   2.26411224E-021  -3.46944695E-019   0.00000000E+000  -6.99141354E+003  -6.99243040E+003  -1.41548354E+004  -2.09094960E+002   2.18509295E+000  -6.63145255E-001   3.47365300E-002   1.19705877E+001   0.00000000E+000   1.10823325E+015   3.86509942E+012   1.00000000E-014   6.30000000E-013
        64     1.19999997E+001   7.17177361E+003   2.61881091E-020   1.55155095E-020  -1.19999997E+001   5.45415496E-021   0.00000000E+000   1.73472348E-019  -6.99150546E+003  -6.99253776E+003  -1.41546362E+004  -2.09182942E+002   2.22400568E+000  -6.73303497E-001   3.53434114E-002   1.19700740E+001   0.00000000E+000   1.11412366E+015   4.14972069E+012   1.00000000E-014   6.40000000E-013
        65     1.19999997E+001   7.17148155E+003  -9.63184744E-021   3.16905300E-021  -1.19999997E+001  -6.02647605E-021  -1.73472348E-019   0.00000000E+000  -6.99159779E+003  -6.99264557E+003  -1.41544360E+004  -2.09271305E+002   2.26307788E+000  -6.83468032E-001   3.59529096E-002   1.19695581E+001   0.00000000E+000   1.12010327E+015   4.44110016E+012   1.00000000E-014   6.50000000E-013
        66     1.19999997E+001   7.17118823E+003   1.24785314E-020   6.65930024E-021  -1.19999997E+001   8.39580050E-021  -1.73472348E-019   1.73472348E-019  -6.99169050E+003  -6.99275386E+003  -1.41542350E+004  -2.09360051E+002   2.30231458E+000  -6.93652212E-001   3.65650446E-002   1.19690399E+001   0.00000000E+000   1.12617010E+015   4.73890398E+012   1.00000000E-014   6.60000000E-013
        67     1.19999997E+001   7.17089363E+003  -2.41033710E-020  -1.06724497E-020  -1.19999997E+001  -4.85725109E-021  -1.73472348E-019   0.00000000E+000  -6.99178360E+003  -6.99286267E+003  -1.41540331E+004  -2.09449188E+002   2.34170189E+000  -7.03862534E-001   3.71798662E-002   1.19685195E+001   0.00000000E+000   1.13232184E+015   5.04372687E+012   1.00000000E-014   6.70000000E-013
        68     1.19999997E+001   7.17059766E+003  -1.68772788E-020  -5.65171154E-021  -1.19999997E+001   2.75092354E-021   0.00000000E+000   0.00000000E+000  -6.99187709E+003  -6.99297201E+003  -1.41538303E+004  -2.09538740E+002   2.38125085E+000  -7.14113757E-001   3.77975370E-002   1.19679967E+001   0.00000000E+000   1.13855681E+015   5.35403609E+012   1.00000000E-014   6.80000000E-013
        69     1.19999997E+001   7.17030019E+003   1.82700985E-020  -5.03595829E-021  -1.19999997E+001   9.40244829E-021  -1.73472348E-019  -1.73472348E-019  -6.99197100E+003  -6.99308197E+003  -1.41536264E+004  -2.09628746E+002   2.42096491E+000  -7.24404203E-001   3.84183257E-002   1.19674712E+001   0.00000000E+000   1.14487521E+015   5.66934290E+012   1.00000000E-014   6.90000000E-013
        70     1.19999997E+001   7.17000113E+003  -1.27208016E-020  -1.57941453E-020  -1.19999997E+001  -4.05538737E-021   0.00000000E+000   0.00000000E+000  -6.99206535E+003  -6.99319258E+003  -1.41534214E+004  -2.09719236E+002   2.46084109E+000  -7.34744890E-001   3.90424274E-002   1.19669429E+001   0.00000000E+000   1.15127826E+015   5.99038634E+012   1.00000000E-014   7.00000000E-013
        71     1.19999997E+001   7.16970045E+003   3.29577501E-020  -1.96792472E-021  -1.19999997E+001   8.51277418E-021   0.00000000E+000  -1.73472348E-019  -6.99216022E+003  -6.99330378E+003  -1.41532154E+004  -2.09810216E+002   2.50093567E+000  -7.45063036E-001   3.96698880E-002   1.19664118E+001   0.00000000E+000   1.15777200E+015   6.32094668E+012   1.00000000E-014   7.10000000E-013
        72     1.19999997E+001   7.16938581E+003   3.75166629E-020   2.16204333E-021  -1.19999997E+001  -3.06477862E-020   0.00000000E+000   1.73472348E-019  -6.99225662E+003  -6.99342303E+003  -1.41529997E+004  -2.09905423E+002   2.54136416E+000  -7.56640749E-001   4.03261230E-002   1.19658560E+001   0.00000000E+000   1.16156157E+015   5.62464046E+012   1.00000000E-014   7.20000000E-013
        73     1.19999997E+001   7.16907244E+003  -3.90137720E-020  -1.86206628E-021  -1.19999997E+001   2.18303717E-020   1.73472348E-019   0.00000000E+000  -6.99235325E+003  -6.99354117E+003  -1.41527850E+004  -2.10000247E+002   2.58185093E+000  -7.67049733E-001   4.09795157E-002   1.19653024E+001   0.00000000E+000   1.16719189E+015   3.90534146E+012   1.00000000E-014   7.30000000E-013
        74     1.19999997E+001   7.16876309E+003  -2.05021885E-021  -1.07086595E-020  -1.19999997E+001  -1.08696185E-020  -1.73472348E-019  -3.46944695E-019  -6.99244988E+003  -6.99365656E+003  -1.41525729E+004  -2.10093854E+002   2.62255899E+000  -7.77728407E-001   4.16249073E-002   1.19647560E+001   0.00000000E+000   1.17361097E+015   4.07789318E+012   1.00000000E-014   7.40000000E-013
        75     1.19999997E+001   7.16845193E+003  -1.88987609E-020   1.20220776E-020  -1.19999997E+001   1.37548659E-020  -1.73472348E-019   3.46944695E-019  -6.99254702E+003  -6.99377270E+003  -1.41523597E+004  -2.10188015E+002   2.66346682E+000  -7.88499045E-001   4.22741033E-002   1.19642063E+001   0.00000000E+000   1.18010183E+015   4.24617511E+012   1.00000000E-014   7.50000000E-013
        76     1.19999997E+001   7.16813893E+003  -1.81895750E-020   1.42086468E-020  -1.19999997E+001   2.63277630E-021  -1.73472348E-019  -1.73472348E-019  -6.99264467E+003  -6.99388957E+003  -1.41521451E+004  -2.10282729E+002   2.70458271E+000  -7.99347412E-001   4.29271083E-002   1.19636534E+001   0.00000000E+000   1.18665730E+015   4.40862845E+012   1.00000000E-014   7.60000000E-013
        77     1.19999997E+001   7.16782436E+003   3.26311559E-020   5.58925940E-021  -1.19999997E+001   4.18397777E-021  -1.73472348E-019   0.00000000E+000  -6.99274284E+003  -6.99400703E+003  -1.41519295E+004  -2.10377925E+002   2.74593339E+000  -8.10387279E-001   4.35834833E-002   1.19630977E+001   0.00000000E+000   1.19329520E+015   4.58543470E+012   1.00000000E-014   7.70000000E-013
        78     1.19999997E+001   7.16750797E+003  -6.09770406E-022  -8.54744339E-021  -1.19999997E+001  -8.71385144E-021  -3.46944695E-019  -8.67361738E-019  -6.99284150E+003  -6.99412523E+003  -1.41517126E+004  -2.10473669E+002   2.78748265E+000  -8.21455021E-001   4.42436160E-002   1.19625389E+001   0.00000000E+000   1.20000986E+015   4.76260458E+012   1.00000000E-014   7.80000000E-013
        79     1.19999997E+001   7.16718960E+003  -1.18403667E-020   1.86969288E-020  -1.19999997E+001  -9.01385951E-021  -1.73472348E-019   0.00000000E+000  -6.99294069E+003  -6.99424426E+003  -1.41514944E+004  -2.10570015E+002   2.82923328E+000  -8.32529629E-001   4.49078520E-002   1.19619765E+001   0.00000000E+000   1.20678637E+015   4.93416131E+012   1.00000000E-014   7.90000000E-013
        80     1.19999997E+001   7.16686949E+003   1.40025858E-020   1.50153961E-021  -1.19999997E+001   1.03384342E-020  -1.73472348E-019  -3.46944695E-019  -6.99304037E+003  -6.99436401E+003  -1.41512750E+004  -2.10666891E+002   2.87117086E+000  -8.43668226E-001   4.55757293E-002   1.19614110E+001   0.00000000E+000   1.21362722E+015   5.10475981E+012   1.00000000E-014   8.00000000E-013
        81     1.19999997E+001   7.16654739E+003  -8.99190304E-021  -3.89047858E-021  -1.19999997E+001  -3.32850241E-021   0.00000000E+000   0.00000000E+000  -6.99314057E+003  -6.99448459E+003  -1.41510542E+004  -2.10764370E+002   2.91331880E+000  -8.54946243E-001   4.62477625E-002   1.19608420E+001   0.00000000E+000   1.22053736E+015   5.27705281E+012   1.00000000E-014   8.10000000E-013
        82     1.19999997E+001   7.16621678E+003  -2.77782016E-020  -1.78254113E-020  -1.19999997E+001  -1.42166911E-020   0.00000000E+000   1.73472348E-019  -6.99324190E+003  -6.99460990E+003  -1.41508276E+004  -2.10864426E+002   2.95554108E+000  -8.64988471E-001   4.69367785E-002   1.19602580E+001   0.00000000E+000   1.22707293E+015   4.89863008E+012   1.00000000E-014   8.20000000E-013
        83     1.19999997E+001   7.16588887E+003   1.43536878E-020   1.03472436E-020  -1.19999997E+001  -6.72067704E-021   0.00000000E+000   0.00000000E+000  -6.99334340E+003  -6.99473318E+003  -1.41506028E+004  -2.10963667E+002   2.99804905E+000  -8.75497524E-001   4.76205600E-002   1.19596788E+001   0.00000000E+000   1.23408975E+015   4.09749835E+012   1.00000000E-014   8.30000000E-013
        84     1.19999997E+001   7.16556082E+003  -1.53394854E-020   5.14349177E-021  -1.19999997E+001   5.18273115E-021  -1.73472348E-019   0.00000000E+000  -6.99344531E+003  -6.99485614E+003  -1.41503779E+004  -2.11062950E+002   3.04087619E+000  -8.86820494E-001   4.83049523E-002   1.19590993E+001   0.00000000E+000   1.24107831E+015   4.21511405E+012   1.00000000E-014   8.40000000E-013
        85     1.19999997E+001   7.16523065E+003   2.22454199E-021  -1.69609662E-020  -1.19999997E+001  -5.97196485E-021   1.73472348E-019   0.00000000E+000  -6.99354781E+003  -6.99497999E+003  -1.41501516E+004  -2.11162878E+002   3.08393973E+000  -8.98187200E-001   4.89937671E-002   1.19585161E+001   0.00000000E+000   1.24813577E+015   4.33379717E+012   1.00000000E-014   8.50000000E-013
        86     1.19999997E+001   7.16489617E+003  -4.57024940E-020   5.93373877E-021  -1.19999997E+001   1.05348430E-021   0.00000000E+000   1.73472348E-019  -6.99365114E+003  -6.99510595E+003  -1.41499223E+004  -2.11264112E+002   3.12722114E+000  -9.09046668E-001   4.96912927E-002   1.19579252E+001   0.00000000E+000   1.25412924E+015   3.36391904E+012   1.00000000E-014   8.60000000E-013
        87     1.19999997E+001   7.16455878E+003   4.22707905E-021  -1.36200665E-020  -1.19999997E+001  -2.29044567E-021   1.73472348E-019  -1.73472348E-019  -6.99375526E+003  -6.99523313E+003  -1.41496910E+004  -2.11366230E+002   3.17100959E+000  -9.21345396E-001   5.03953075E-002   1.19573292E+001   0.00000000E+000   1.25895153E+015   3.42416526E+012   1.00000000E-014   8.70000000E-013
        88     1.19999997E+001   7.16422099E+003   3.50674949E-021  -3.61999051E-021  -1.19999997E+001   1.36403195E-020   1.73472348E-019  -1.73472348E-019  -6.99385984E+003  -6.99536013E+003  -1.41494594E+004  -2.11468471E+002   3.21498308E+000  -9.33140660E-001   5.11000919E-002   1.19567326E+001   0.00000000E+000   1.26594196E+015   3.48226116E+012   1.00000000E-014   8.80000000E-013
        89     1.19999997E+001   7.16388112E+003  -4.29513533E-021  -8.37201906E-021  -1.19999997E+001   1.27666022E-021  -1.73472348E-019  -1.73472348E-019  -6.99396510E+003  -6.99548786E+003  -1.41492264E+004  -2.11571341E+002   3.25927781E+000  -9.45048734E-001   5.18092446E-002   1.19561322E+001   0.00000000E+000   1.27299127E+015   3.53975340E+012   1.00000000E-014   8.90000000E-013
        90     1.19999997E+001   7.16353881E+003   1.11413913E-020  -5.95102684E-021  -1.19999997E+001  -2.11015118E-020   1.73472348E-019   0.00000000E+000  -6.99407119E+003  -6.99561646E+003  -1.41489917E+004  -2.11674953E+002   3.30397427E+000  -9.57146080E-001   5.25235713E-002   1.19555275E+001   0.00000000E+000   1.28010573E+015   3.59471580E+012   1.00000000E-014   9.00000000E-013
        91     1.19999997E+001   7.16319448E+003  -1.04447928E-020   1.47487958E-020  -1.19999997E+001   9.90637705E-021  -1.73472348E-019   1.73472348E-019  -6.99417788E+003  -6.99574585E+003  -1.41487556E+004  -2.11779180E+002   3.34894794E+000  -9.69251095E-001   5.32421436E-002   1.19549193E+001   0.00000000E+000   1.28726147E+015   3.63948902E+012   1.00000000E-014   9.10000000E-013
        92     1.19999997E+001   7.16284769E+003   1.23079098E-020   1.20727424E-020  -1.19999997E+001   7.17625710E-022  -1.73472348E-019   1.73472348E-019  -6.99428501E+003  -6.99587647E+003  -1.41485179E+004  -2.11884152E+002   3.39429559E+000  -9.81253223E-001   5.39658729E-002   1.19543067E+001   0.00000000E+000   1.29440228E+015   3.39838977E+012   1.00000000E-014   9.20000000E-013
        93     1.19999997E+001   7.16249864E+003   9.22153872E-021   1.10417445E-020  -1.19999997E+001   1.03096276E-020  -1.73472348E-019   3.46944695E-019  -6.99439314E+003  -6.99600766E+003  -1.41482786E+004  -2.11989810E+002   3.43993497E+000  -9.93482536E-001   5.46943302E-002   1.19536901E+001   0.00000000E+000   1.30171123E+015   3.50409015E+012   1.00000000E-014   9.30000000E-013
        94     1.19999997E+001   7.16214681E+003   3.36847591E-020   2.63820985E-021  -1.19999997E+001  -1.31066510E-020   0.00000000E+000   3.46944695E-019  -6.99450293E+003  -6.99613910E+003  -1.41480373E+004  -2.12096312E+002   3.48642572E+000  -1.00564444E+000   5.54287522E-002   1.19530687E+001   0.00000000E+000   1.30889763E+015   3.01578299E+012   1.00000000E-014   9.40000000E-013
        95     1.19999997E+001   7.16179208E+003   2.29317213E-020  -9.09154211E-021  -1.19999997E+001  -1.61652896E-020  -3.46944695E-019  -1.21430643E-018  -6.99461366E+003  -6.99627159E+003  -1.41477941E+004  -2.12203692E+002   3.53338232E+000  -1.01812110E+000   5.61693345E-002   1.19524421E+001   0.00000000E+000   1.31618181E+015   2.95914260E+012   1.00000000E-014   9.50000000E-013
        96     1.19999997E+001   7.16143449E+003  -8.92587722E-021   1.90028202E-020  -1.19999997E+001  -8.07231343E-021   1.73472348E-019  -5.20417043E-019  -6.99472517E+003  -6.99640527E+003  -1.41475489E+004  -2.12311942E+002   3.58067296E+000  -1.03076703E+000   5.69159112E-002   1.19518104E+001   0.00000000E+000   1.31942257E+015   2.31659839E+012   1.00000000E-014   9.60000000E-013
        97     1.19999997E+001   7.16107280E+003   3.47072164E-020   1.31800477E-020  -1.19999997E+001   1.66703570E-020  -1.73472348E-019  -1.73472348E-019  -6.99483747E+003  -6.99654097E+003  -1.41473009E+004  -2.12421434E+002   3.62827443E+000  -1.04458777E+000   5.76712129E-002   1.19511715E+001   0.00000000E+000   1.32688250E+015   9.71452777E+011   1.00000000E-014   9.70000000E-013
        98     1.19999997E+001   7.16059652E+003   2.03595102E-020  -1.49278390E-020  -1.19999997E+001  -8.55403757E-021   0.00000000E+000   0.00000000E+000  -6.99499148E+003  -6.99671356E+003  -1.41469744E+004  -2.12565620E+002   3.69732363E+000  -1.07111374E+000   5.86707689E-002   1.19503302E+001   0.00000000E+000   1.33744666E+015   5.99628433E+011   1.00000000E-014   9.80000000E-013
        99     1.19999997E+001   7.16015897E+003   5.23206213E-021   1.06044555E-020  -1.19999997E+001  -3.05288996E-020   1.73472348E-019   1.73472348E-019  -6.99512012E+003  -6.99688495E+003  -1.41466743E+004  -2.12698083E+002   3.74773514E+000  -1.08004098E+000   5.95793967E-002   1.19495573E+001   0.00000000E+000   1.34858031E+015   8.32363683E+011   1.00000000E-014   9.90000000E-013
       100     1.19999997E+001   7.15981341E+003  -3.62448831E-020   2.20707917E-020  -1.19999997E+001   4.13176716E-022   0.00000000E+000  -1.73472348E-019  -6.99522828E+003  -6.99701374E+003  -1.41464374E+004  -2.12802698E+002   3.79368522E+000  -1.09470509E+000   6.03015617E-002   1.19489469E+001   0.00000000E+000   1.35507549E+015   1.59273935E+012   1.00000000E-014   1.00000000E-012
       101     1.19999997E+001   7.15946443E+003  -3.66671536E-020  -1.33978444E-021  -1.19999997E+001   1.82026160E-020  -6.93889390E-019   8.67361738E-019  -6.99533697E+003  -6.99714436E+003  -1.41461981E+004  -2.12908354E+002   3.83975347E+000  -1.10808435E+000   6.10304450E-002   1.19483305E+001   0.00000000E+000   1.36187111E+015   2.24066406E+012   1.00000000E-014   1.01000000E-012
       102     1.19999997E+001   7.15911342E+003  -1.91103847E-020  -8.83995513E-021  -1.19999997E+001   2.46116218E-021   1.73472348E-019   1.73472348E-019  -6.99544660E+003  -6.99727544E+003  -1.41459574E+004  -2.13014625E+002   3.88615989E+000  -1.12155202E+000   6.17635858E-002   1.19477105E+001   0.00000000E+000   1.36899336E+015   2.90237649E+012   1.00000000E-014   1.02000000E-012
       103     1.19999997E+001   7.15874782E+003   1.08549257E-020   1.05458083E-020  -1.19999997E+001  -1.72913939E-020   1.73472348E-019   1.73472348E-019  -6.99556116E+003  -6.99741160E+003  -1.41457066E+004  -2.13125318E+002   3.93524449E+000  -1.13280772E+000   6.25269941E-002   1.19470646E+001   0.00000000E+000   1.37394671E+015   3.45461850E+012   1.00000000E-014   1.03000000E-012
       104     1.19999997E+001   7.15829369E+003   2.49218145E-021  -2.21940830E-021  -1.19999997E+001  -1.03339054E-020  -1.73472348E-019   1.73472348E-019  -6.99570865E+003  -6.99757557E+003  -1.41453952E+004  -2.13262813E+002   4.00385112E+000  -1.14163682E+000   6.34779502E-002   1.19462625E+001   0.00000000E+000   1.34614034E+015   4.00316005E+012   1.00000000E-014   1.04000000E-012
       105     1.19999997E+001   7.15793256E+003  -5.79746076E-021   5.26062054E-021  -1.19999997E+001   4.93034800E-021   0.00000000E+000  -3.46944695E-019  -6.99581890E+003  -6.99771298E+003  -1.41451475E+004  -2.13372153E+002   4.05063996E+000  -1.16147524E+000   6.42333686E-002   1.19456246E+001   0.00000000E+000   1.34450501E+015   4.29871015E+012   1.00000000E-014   1.05000000E-012
       106     1.19999997E+001   7.15755655E+003  -2.60404729E-020  -9.79712718E-021  -1.19999997E+001  -6.53012565E-021  -5.20417043E-019  -1.73472348E-019  -6.99593893E+003  -6.99785083E+003  -1.41448897E+004  -2.13486005E+002   4.10373986E+000  -1.17229669E+000   6.50196623E-002   1.19449604E+001   0.00000000E+000   1.34323418E+015   4.02415608E+012   1.00000000E-014   1.06000000E-012
       107     1.19999997E+001   7.15721118E+003  -7.73520756E-021   9.58367322E-021  -1.19999997E+001  -1.23916515E-020   0.00000000E+000   0.00000000E+000  -6.99604683E+003  -6.99797979E+003  -1.41446528E+004  -2.13590579E+002   4.14874857E+000  -1.18698697E+000   6.57410396E-002   1.19443503E+001   0.00000000E+000   1.34767064E+015   4.53166697E+012   1.00000000E-014   1.07000000E-012
       108     1.19999997E+001   7.15686094E+003  -2.30639268E-020   9.34044076E-021  -1.19999997E+001   5.35512593E-021   0.00000000E+000   0.00000000E+000  -6.99615498E+003  -6.99811184E+003  -1.41444126E+004  -2.13696630E+002   4.19399084E+000  -1.20369527E+000   6.64729326E-002   1.19437317E+001   0.00000000E+000   1.35054938E+015   4.71928941E+012   1.00000000E-014   1.08000000E-012
       109     1.19999997E+001   7.15650621E+003  -5.32119808E-020  -1.33746833E-020  -1.19999997E+001   4.86046158E-021   0.00000000E+000   1.73472348E-019  -6.99626474E+003  -6.99824538E+003  -1.41441693E+004  -2.13804044E+002   4.24018944E+000  -1.22124417E+000   6.72145687E-002   1.19431051E+001   0.00000000E+000   1.35098956E+015   4.89790153E+012   1.00000000E-014   1.09000000E-012
       110     1.19999997E+001   7.15614144E+003  -2.14951257E-020   2.48605411E-020  -1.19999997E+001  -1.07613820E-020  -1.73472348E-019  -5.20417043E-019  -6.99637830E+003  -6.99838201E+003  -1.41439191E+004  -2.13914501E+002   4.28934495E+000  -1.24086181E+000   6.79784633E-002   1.19424608E+001   0.00000000E+000   1.35020636E+015   4.71043135E+012   1.00000000E-014   1.10000000E-012
       111     1.19999997E+001   7.15578907E+003   1.26340568E-020  -6.08544369E-021  -1.19999997E+001   1.97510051E-020   0.00000000E+000  -1.73472348E-019  -6.99648890E+003  -6.99851309E+003  -1.41436774E+004  -2.14021204E+002   4.33579006E+000  -1.25626074E+000   6.87148655E-002   1.19418384E+001   0.00000000E+000   1.35175881E+015   4.90257912E+012   1.00000000E-014   1.11000000E-012
       112     1.19999997E+001   7.15540103E+003  -2.42767377E-020  -2.69511574E-020  -1.19999997E+001  -2.04846962E-020   1.73472348E-019   0.00000000E+000  -6.99660784E+003  -6.99866030E+003  -1.41434113E+004  -2.14138708E+002   4.38618945E+000  -1.26997424E+000   6.95249682E-002   1.19411529E+001   0.00000000E+000   1.35098250E+015   5.22844539E+012   1.00000000E-014   1.12000000E-012
       113     1.19999997E+001   7.15503685E+003  -1.07367527E-020   2.77773040E-020  -1.19999997E+001  -6.51952740E-021   1.73472348E-019   0.00000000E+000  -6.99672325E+003  -6.99879470E+003  -1.41431615E+004  -2.14248994E+002   4.43620270E+000  -1.28900053E+000   7.02878711E-002   1.19405096E+001   0.00000000E+000   1.34747001E+015   4.49381348E+012   1.00000000E-014   1.13000000E-012
       114     1.19999997E+001   7.15464742E+003  -4.45701458E-021  -6.84268618E-021  -1.19999997E+001   6.86087898E-021   1.73472348E-019   0.00000000E+000  -6.99684722E+003  -6.99893787E+003  -1.41428944E+004  -2.14366923E+002   4.49129436E+000  -1.31303162E+000   7.11053989E-002   1.19398218E+001   0.00000000E+000   1.34057937E+015   4.96844082E+012   1.00000000E-014   1.14000000E-012
       115     1.19999997E+001   7.15425375E+003   4.49560255E-021   7.84423647E-021  -1.19999997E+001  -2.22301894E-020   0.00000000E+000   1.73472348E-019  -6.99696682E+003  -6.99908829E+003  -1.41426243E+004  -2.14486141E+002   4.53846740E+000  -1.32560616E+000   7.19247980E-002   1.19391264E+001   0.00000000E+000   1.32970934E+015   4.86412299E+012   1.00000000E-014   1.15000000E-012
       116     1.19999997E+001   7.15390293E+003   5.76533306E-020  -1.06976373E-020  -1.19999997E+001  -3.97283164E-020   1.73472348E-019   1.73472348E-019  -6.99707560E+003  -6.99922015E+003  -1.41423837E+004  -2.14592385E+002   4.58315437E+000  -1.34313747E+000   7.26577936E-002   1.19385067E+001   0.00000000E+000   1.33407345E+015   5.27996783E+012   1.00000000E-014   1.16000000E-012
       117     1.19999997E+001   7.15355363E+003  -6.57482377E-021  -6.17597861E-021  -1.19999997E+001   2.36516787E-022   0.00000000E+000   0.00000000E+000  -6.99718432E+003  -6.99935104E+003  -1.41421441E+004  -2.14698172E+002   4.62795727E+000  -1.35996653E+000   7.33876244E-002   1.19378897E+001   0.00000000E+000   1.33890170E+015   5.58067350E+012   1.00000000E-014   1.17000000E-012
       118     1.19999997E+001   7.15318182E+003  -1.40068561E-020   1.79719877E-020  -1.19999997E+001  -6.43905306E-021  -1.73472348E-019   0.00000000E+000  -6.99730082E+003  -6.99948959E+003  -1.41418890E+004  -2.14810777E+002   4.67684090E+000  -1.37303646E+000   7.41639728E-002   1.19372330E+001   0.00000000E+000   1.34068621E+015   5.87028006E+012   1.00000000E-014   1.18000000E-012
       119     1.19999997E+001   7.15283211E+003  -4.82448956E-020  -3.10616246E-020  -1.19999997E+001   6.55087754E-021  -1.73472348E-019   3.46944695E-019  -6.99740980E+003  -6.99962051E+003  -1.41416491E+004  -2.14916691E+002   4.72170975E+000  -1.39044405E+000   7.48948026E-002   1.19366153E+001   0.00000000E+000   1.34557573E+015   6.14637736E+012   1.00000000E-014   1.19000000E-012
       120     1.19999997E+001   7.15248319E+003  -3.69285892E-020   9.43490478E-021  -1.19999997E+001   4.90334056E-021   0.00000000E+000   1.73472348E-019  -6.99751822E+003  -6.99975145E+003  -1.41414098E+004  -2.15022367E+002   4.76684822E+000  -1.40839258E+000   7.56243802E-002   1.19359990E+001   0.00000000E+000   1.35051729E+015   5.87759098E+012   1.00000000E-014   1.20000000E-012
       121     1.19999997E+001   7.15213236E+003  -2.23799505E-020  -1.14223716E-020  -1.19999997E+001   1.80362803E-020   1.73472348E-019   0.00000000E+000  -6.99762738E+003  -6.99988297E+003  -1.41411691E+004  -2.15128626E+002   4.81139295E+000  -1.42582229E+000   7.63573319E-002   1.19353793E+001   0.00000000E+000   1.35550066E+015   6.22349777E+012   1.00000000E-014   1.21000000E-012
       122     1.19999997E+001   7.15178126E+003  -1.86855551E-020  -2.34832440E-021  -1.19999997E+001  -2.96771724E-022   1.73472348E-019   0.00000000E+000  -6.99773725E+003  -7.00001396E+003  -1.41409283E+004  -2.15234965E+002   4.85657689E+000  -1.44276090E+000   7.70910014E-002   1.19347591E+001   0.00000000E+000   1.36039079E+015   6.37159434E+012   1.00000000E-014   1.22000000E-012
       123     1.19999997E+001   7.15142968E+003   4.36834702E-020  -1.05026709E-020  -1.19999997E+001  -1.25816653E-020  -3.46944695E-019   0.00000000E+000  -6.99784718E+003  -7.00014523E+003  -1.41406871E+004  -2.15341455E+002   4.90173104E+000  -1.45972106E+000   7.78256651E-002   1.19341381E+001   0.00000000E+000   1.36598435E+015   5.84318730E+012   1.00000000E-014   1.23000000E-012
       124     1.19999997E+001   7.15106693E+003   4.20677176E-021   1.01732876E-020  -1.19999997E+001   1.13763701E-020   0.00000000E+000  -1.73472348E-019  -6.99795837E+003  -7.00028290E+003  -1.41404382E+004  -2.15451329E+002   4.94780538E+000  -1.47843613E+000   7.85839208E-002   1.19334974E+001   0.00000000E+000   1.36979132E+015   5.94202927E+012   1.00000000E-014   1.24000000E-012
       125     1.19999997E+001   7.15071090E+003  -4.21484711E-021   1.39411366E-020  -1.19999997E+001   2.12695536E-021  -1.73472348E-019   1.73472348E-019  -6.99806945E+003  -7.00041608E+003  -1.41401939E+004  -2.15559169E+002   4.99335125E+000  -1.49655420E+000   7.93280514E-002   1.19328685E+001   0.00000000E+000   1.37511708E+015   6.08170926E+012   1.00000000E-014   1.25000000E-012
       126     1.19999997E+001   7.15035337E+003  -8.53621699E-021   3.53508818E-021  -1.19999997E+001  -1.27943954E-020   3.46944695E-019  -5.20417043E-019  -6.99818085E+003  -7.00054998E+003  -1.41399486E+004  -2.15667469E+002   5.03924223E+000  -1.51493885E+000   8.00755005E-002   1.19322370E+001   0.00000000E+000   1.38049240E+015   6.31405518E+012   1.00000000E-014   1.26000000E-012
       127     1.19999997E+001   7.14999579E+003   1.20598797E-021   2.80165453E-020  -1.19999997E+001   6.93731694E-021  -5.20417043E-019  -8.67361738E-019  -6.99829212E+003  -7.00068404E+003  -1.41397033E+004  -2.15775783E+002   5.08532873E+000  -1.53311423E+000   8.08231298E-002   1.19316054E+001   0.00000000E+000   1.38409297E+015   6.46644879E+012   1.00000000E-014   1.27000000E-012
       128     1.19999997E+001   7.14963488E+003   1.92732049E-020   1.35094000E-020  -1.19999997E+001  -1.18651046E-020   3.46944695E-019   0.00000000E+000  -6.99840355E+003  -7.00082023E+003  -1.41394557E+004  -2.15885107E+002   5.13139985E+000  -1.55011370E+000   8.15772616E-002   1.19309679E+001   0.00000000E+000   1.38118465E+015   5.89816056E+012   1.00000000E-014   1.28000000E-012
       129     1.19999997E+001   7.14926836E+003  -4.20058678E-020   8.78656062E-021  -1.19999997E+001   1.39138396E-020   1.04083409E-018   5.20417043E-019  -6.99851866E+003  -7.00095661E+003  -1.41392042E+004  -2.15996137E+002   5.17951081E+000  -1.56727362E+000   8.23436780E-002   1.19303205E+001   0.00000000E+000   1.38091553E+015   4.59763451E+012   1.00000000E-014   1.29000000E-012
       130     1.19999997E+001   7.14890111E+003   4.46651888E-020   1.58796344E-020  -1.19999997E+001  -1.17648968E-020   0.00000000E+000  -6.93889390E-019  -6.99863087E+003  -7.00109638E+003  -1.41389522E+004  -2.16107387E+002   5.22580646E+000  -1.58232811E+000   8.31103532E-002   1.19296718E+001   0.00000000E+000   1.38416203E+015   3.51450450E+012   1.00000000E-014   1.30000000E-012
       131     1.19999997E+001   7.14852887E+003   6.01887633E-021   6.06459874E-021  -1.19999997E+001   2.26255223E-021  -3.46944695E-019  -1.73472348E-019  -6.99874700E+003  -7.00123565E+003  -1.41386968E+004  -2.16220147E+002   5.26981661E+000  -1.59845855E+000   8.38856597E-002   1.19290143E+001   0.00000000E+000   1.38611342E+015   3.11179931E+012   1.00000000E-014   1.31000000E-012
       132     1.19999997E+001   7.14815927E+003  -7.88253493E-021  -4.89178071E-021  -1.19999997E+001  -1.08057705E-020   3.46944695E-019  -3.46944695E-019  -6.99886063E+003  -7.00137562E+003  -1.41384432E+004  -2.16332113E+002   5.31580002E+000  -1.61458792E+000   8.46570672E-002   1.19283615E+001   0.00000000E+000   1.39269205E+015   1.74977728E+012   1.00000000E-014   1.32000000E-012
       133     1.19999997E+001   7.14779336E+003   2.71122508E-020  -2.04164719E-020  -1.19999997E+001  -2.67122469E-020   1.73472348E-019   0.00000000E+000  -6.99897417E+003  -7.00151316E+003  -1.41381921E+004  -2.16442965E+002   5.36213755E+000  -1.63281498E+000   8.54216927E-002   1.19277152E+001   0.00000000E+000   1.39797146E+015   2.01125777E+012   1.00000000E-014   1.33000000E-012
       134     1.19999997E+001   7.14741083E+003   4.48965939E-020   3.49764637E-020  -1.19999997E+001  -6.90670996E-021  -1.73472348E-019   1.73472348E-019  -6.99909533E+003  -7.00165450E+003  -1.41379296E+004  -2.16558857E+002   5.41320444E+000  -1.65303662E+000   8.62225930E-002   1.19270395E+001   0.00000000E+000   1.40111224E+015   1.30693453E+012   1.00000000E-014   1.34000000E-012
       135     1.19999997E+001   7.14703944E+003   4.46853720E-020  -6.10864611E-021  -1.19999997E+001   7.70942154E-021   0.00000000E+000   6.93889390E-019  -6.99921206E+003  -7.00179261E+003  -1.41376748E+004  -2.16671371E+002   5.46120711E+000  -1.67097046E+000   8.69989402E-002   1.19263835E+001   0.00000000E+000   1.40311797E+015   1.46103824E+012   1.00000000E-014   1.35000000E-012
       136     1.19999997E+001   7.14664957E+003   4.00061767E-020   4.62352603E-021  -1.19999997E+001   1.04774832E-021   3.46944695E-019   0.00000000E+000  -6.99933144E+003  -7.00194076E+003  -1.41374072E+004  -2.16789489E+002   5.50995192E+000  -1.68893819E+000   8.78131605E-002   1.19256949E+001   0.00000000E+000   1.40413088E+015   1.61390444E+012   1.00000000E-014   1.36000000E-012
       137     1.19999997E+001   7.14627719E+003  -4.56388218E-020   1.05217374E-020  -1.19999997E+001   4.66204486E-021   3.46944695E-019   0.00000000E+000  -6.99944694E+003  -7.00208080E+003  -1.41371517E+004  -2.16902308E+002   5.55681341E+000  -1.70744621E+000   8.85911773E-002   1.19250371E+001   0.00000000E+000   1.40925996E+015   1.81706134E+012   1.00000000E-014   1.37000000E-012
       138     1.19999997E+001   7.14588799E+003  -2.93418127E-020  -2.22433003E-021  -1.19999997E+001   2.08261227E-020   1.04083409E-018   0.00000000E+000  -6.99957208E+003  -7.00222276E+003  -1.41368846E+004  -2.17020228E+002   5.61017458E+000  -1.72710552E+000   8.94064925E-002   1.19243497E+001   0.00000000E+000   1.40970338E+015   1.96978457E+012   1.00000000E-014   1.38000000E-012
       139     1.19999997E+001   7.14550617E+003  -8.13829917E-020   1.04943577E-020  -1.19999997E+001  -2.84713551E-020  -6.93889390E-019  -6.93889390E-019  -6.99969038E+003  -7.00236648E+003  -1.41366226E+004  -2.17135913E+002   5.65864287E+000  -1.74786652E+000   9.02049599E-002   1.19236753E+001   0.00000000E+000   1.41260232E+015   2.13229848E+012   1.00000000E-014   1.39000000E-012
       140     1.19999997E+001   7.14512392E+003   2.43536034E-020   2.59680118E-020  -1.19999997E+001  -1.92272369E-020   3.46944695E-019   6.93889390E-019  -6.99981003E+003  -7.00250917E+003  -1.41363602E+004  -2.17251732E+002   5.70790820E+000  -1.76745106E+000   9.10043606E-002   1.19230001E+001   0.00000000E+000   1.41561648E+015   2.12566392E+012   1.00000000E-014   1.40000000E-012
       141     1.19999997E+001   7.14474624E+003  -2.06571401E-020   3.77094270E-020  -1.19999997E+001  -1.87626102E-020   3.46944695E-019  -3.46944695E-019  -6.99992681E+003  -7.00265158E+003  -1.41361011E+004  -2.17366168E+002   5.75507969E+000  -1.78666463E+000   9.17934712E-002   1.19223330E+001   0.00000000E+000   1.42089315E+015   2.29597159E+012   1.00000000E-014   1.41000000E-012
       142     1.19999997E+001   7.14436729E+003  -1.52592903E-020   4.55619353E-021  -1.19999997E+001  -3.28547195E-020  -6.93889390E-019   3.46944695E-019  -7.00004383E+003  -7.00279464E+003  -1.41358410E+004  -2.17480989E+002   5.80228530E+000  -1.80607093E+000   9.25852215E-002   1.19216637E+001   0.00000000E+000   1.42627309E+015   2.23415498E+012   1.00000000E-014   1.42000000E-012
       143     1.19999997E+001   7.14398651E+003  -3.42958801E-020   5.23018030E-021  -1.19999997E+001   4.55557832E-021   6.93889390E-019   0.00000000E+000  -7.00016140E+003  -7.00293841E+003  -1.41355796E+004  -2.17596370E+002   5.84969466E+000  -1.82538825E+000   9.33807765E-002   1.19209911E+001   0.00000000E+000   1.43174896E+015   2.45667866E+012   1.00000000E-014   1.43000000E-012
       144     1.19999997E+001   7.14360405E+003  -2.25810381E-020  -1.11915883E-020  -1.19999997E+001  -1.60815492E-020  -3.46944695E-019  -3.46944695E-019  -7.00027922E+003  -7.00308308E+003  -1.41353171E+004  -2.17712261E+002   5.89713457E+000  -1.84503688E+000   9.41798330E-002   1.19203156E+001   0.00000000E+000   1.43732251E+015   2.63676908E+012   1.00000000E-014   1.44000000E-012
       145     1.19999997E+001   7.14320975E+003   1.52549683E-020   1.28857782E-020  -1.19999997E+001   1.61321183E-020   3.46944695E-019  -1.04083409E-018  -7.00039889E+003  -7.00323404E+003  -1.41350465E+004  -2.17831743E+002   5.94484194E+000  -1.86800986E+000   9.50038203E-002   1.19196191E+001   0.00000000E+000   1.43678108E+015   2.77136377E+012   1.00000000E-014   1.45000000E-012
       146     1.19999997E+001   7.14281811E+003   3.91170791E-020   2.06695891E-020  -1.19999997E+001  -1.05517847E-020  -3.46944695E-019   3.46944695E-019  -7.00051808E+003  -7.00338367E+003  -1.41347777E+004  -2.17950421E+002   5.99269253E+000  -1.88943922E+000   9.58221679E-002   1.19189274E+001   0.00000000E+000   1.43918780E+015   1.65042773E+012   1.00000000E-014   1.46000000E-012
       147     1.19999997E+001   7.14242405E+003   2.92002201E-020   2.53921287E-020  -1.19999997E+001   3.38608245E-020  -6.93889390E-019   3.46944695E-019  -7.00063775E+003  -7.00353447E+003  -1.41345072E+004  -2.18069832E+002   6.04021698E+000  -1.90706024E+000   9.66442899E-002   1.19182314E+001   0.00000000E+000   1.43893012E+015   8.97174727E+011   1.00000000E-014   1.47000000E-012
       148     1.19999997E+001   7.14202152E+003  -8.66936981E-021   1.28173704E-020  -1.19999997E+001  -3.22653327E-020   0.00000000E+000   0.00000000E+000  -7.00076051E+003  -7.00368800E+003  -1.41342310E+004  -2.18191814E+002   6.08993700E+000  -1.92869117E+000   9.74856134E-002   1.19175204E+001   0.00000000E+000   1.44077218E+015   7.06875649E+011   1.00000000E-014   1.48000000E-012
       149     1.19999997E+001   7.14161779E+003   1.11666901E-020   5.33275069E-021  -1.19999997E+001  -1.74807665E-020  -6.93889390E-019   0.00000000E+000  -7.00088730E+003  -7.00383835E+003  -1.41339538E+004  -2.18314163E+002   6.14181448E+000  -1.95312786E+000   9.83308804E-002   1.19168073E+001   0.00000000E+000   1.43783749E+015   7.33285044E+011   1.00000000E-014   1.49000000E-012
       150     1.19999997E+001   7.14120954E+003   2.93386901E-020  -3.41848932E-021  -1.19999997E+001  -1.32728057E-020   0.00000000E+000   0.00000000E+000  -7.00101193E+003  -7.00399394E+003  -1.41336736E+004  -2.18437883E+002   6.18789374E+000  -1.96817866E+000   9.91799692E-002   1.19160862E+001   0.00000000E+000   1.43765524E+015   7.58738680E+011   1.00000000E-014   1.50000000E-012
       151     1.19999997E+001   7.14071193E+003  -3.07085839E-020   1.29972408E-020  -1.19999997E+001   8.01437718E-021   0.00000000E+000   0.00000000E+000  -7.00116673E+003  -7.00418073E+003  -1.41333320E+004  -2.18588691E+002   6.25068744E+000  -2.00712059E+000   1.00223507E-001   1.19152073E+001   0.00000000E+000   1.43472180E+015   5.12113846E+012   1.00000000E-014   1.51000000E-012
       152     1.19999997E+001   7.14025045E+003  -2.69287304E-020   2.18461708E-020  -1.19999997E+001  -2.53309897E-020   3.46944695E-019   6.93889390E-019  -7.00131088E+003  -7.00435337E+003  -1.41330152E+004  -2.18728553E+002   6.30681020E+000  -2.03664510E+000   1.01188408E-001   1.19143922E+001   0.00000000E+000   1.41641831E+015   1.68377343E+013   1.00000000E-014   1.52000000E-012
       153     1.19999997E+001   7.13976707E+003  -2.46314948E-020  -6.61570782E-021  -1.19999997E+001  -4.07535344E-020   0.00000000E+000   0.00000000E+000  -7.00146264E+003  -7.00453344E+003  -1.41326834E+004  -2.18875059E+002   6.36880500E+000  -2.07210639E+000   1.02202044E-001   1.19135384E+001   0.00000000E+000   1.39052051E+015   3.27402030E+013   1.00000000E-014   1.53000000E-012
       154     1.19999997E+001   7.13935746E+003   4.17637546E-020  -1.17692498E-020  -1.19999997E+001   8.95150043E-021   0.00000000E+000   3.46944695E-019  -7.00158669E+003  -7.00469058E+003  -1.41324022E+004  -2.18999198E+002   6.41135431E+000  -2.08818947E+000   1.03052241E-001   1.19128150E+001   0.00000000E+000   1.38359093E+015   3.90252512E+013   1.00000000E-014   1.54000000E-012
       155     1.19999997E+001   7.13894120E+003  -1.38840198E-020   1.57936076E-020  -1.19999997E+001  -3.76660621E-020   0.00000000E+000   0.00000000E+000  -7.00171824E+003  -7.00484480E+003  -1.41321165E+004  -2.19125366E+002   6.46659879E+000  -2.11632307E+000   1.03925554E-001   1.19120798E+001   0.00000000E+000   1.37432769E+015   4.66644223E+013   1.00000000E-014   1.55000000E-012
       156     1.19999997E+001   7.13856792E+003   4.26601030E-020  -9.94188378E-022  -1.19999997E+001   3.56128137E-021   3.46944695E-019   0.00000000E+000  -7.00183324E+003  -7.00498607E+003  -1.41318602E+004  -2.19238509E+002   6.51419518E+000  -2.13586717E+000   1.04706536E-001   1.19114204E+001   0.00000000E+000   1.37340665E+015   4.87103039E+013   1.00000000E-014   1.56000000E-012
       157     1.19999997E+001   7.13820282E+003   4.61062202E-020  -2.21993356E-020  -1.19999997E+001   2.43725200E-020   0.00000000E+000   0.00000000E+000  -7.00194454E+003  -7.00512542E+003  -1.41316095E+004  -2.19349173E+002   6.55930551E+000  -2.15465482E+000   1.05469625E-001   1.19107756E+001   0.00000000E+000   1.37629544E+015   4.93782721E+013   1.00000000E-014   1.57000000E-012
       158     1.19999997E+001   7.13782516E+003   5.13312513E-020   6.89876903E-021  -1.19999997E+001  -6.20956214E-021   6.93889390E-019   0.00000000E+000  -7.00205930E+003  -7.00526993E+003  -1.41313503E+004  -2.19463642E+002   6.60225471E+000  -2.17279044E+000   1.06256532E-001   1.19101085E+001   0.00000000E+000   1.37538828E+015   5.00360530E+013   1.00000000E-014   1.58000000E-012
       159     1.19999997E+001   7.13745862E+003   3.53716285E-020  -2.15582706E-020  -1.19999997E+001   1.64879171E-020   3.46944695E-019   6.93889390E-019  -7.00217091E+003  -7.00540997E+003  -1.41310986E+004  -2.19574747E+002   6.64730637E+000  -2.19155209E+000   1.07022517E-001   1.19094612E+001   0.00000000E+000   1.37822972E+015   5.06821659E+013   1.00000000E-014   1.59000000E-012
       160     1.19999997E+001   7.13708551E+003   2.73515128E-020   2.20033352E-020  -1.19999997E+001  -1.76615055E-020  -3.46944695E-019  -6.93889390E-019  -7.00228313E+003  -7.00555394E+003  -1.41308424E+004  -2.19687847E+002   6.69264619E+000  -2.21274193E+000   1.07802651E-001   1.19088021E+001   0.00000000E+000   1.37923034E+015   5.13187073E+013   1.00000000E-014   1.60000000E-012
       161     1.19999997E+001   7.13671860E+003   1.94975776E-021   3.66076225E-020  -1.19999997E+001  -6.29348995E-021   6.93889390E-019   0.00000000E+000  -7.00239484E+003  -7.00569414E+003  -1.41305905E+004  -2.19799068E+002   6.73768254E+000  -2.23116620E+000   1.08569326E-001   1.19081541E+001   0.00000000E+000   1.38217648E+015   5.19401484E+013   1.00000000E-014   1.61000000E-012
       162     1.19999997E+001   7.13629503E+003  -2.64389258E-020   1.86999894E-020  -1.19999997E+001   4.21424870E-021   0.00000000E+000   6.93889390E-019  -7.00252455E+003  -7.00585526E+003  -1.41302997E+004  -2.19927469E+002   6.79064615E+000  -2.25895147E+000   1.09456526E-001   1.19074060E+001   0.00000000E+000   1.37062393E+015   5.96328766E+013   1.00000000E-014   1.62000000E-012
       163     1.19999997E+001   7.13592365E+003  -4.53123749E-020  -8.97217995E-021  -1.19999997E+001  -4.06675283E-020   3.46944695E-019   0.00000000E+000  -7.00263588E+003  -7.00599893E+003  -1.41300447E+004  -2.20040049E+002   6.83541955E+000  -2.27849455E+000   1.10232535E-001   1.19067500E+001   0.00000000E+000   1.36922668E+015   6.02774847E+013   1.00000000E-014   1.63000000E-012
       164     1.19999997E+001   7.13553388E+003   1.97070921E-020   1.70457109E-021  -1.19999997E+001   1.83076111E-020   0.00000000E+000   0.00000000E+000  -7.00275016E+003  -7.00615228E+003  -1.41297771E+004  -2.20158206E+002   6.88092010E+000  -2.29513832E+000   1.11045473E-001   1.19060616E+001   0.00000000E+000   1.36667469E+015   6.33156153E+013   1.00000000E-014   1.64000000E-012
       165     1.19999997E+001   7.13514240E+003  -8.71302426E-021   1.30318170E-020  -1.19999997E+001  -2.15497171E-020  -3.46944695E-019   0.00000000E+000  -7.00287105E+003  -7.00630019E+003  -1.41295083E+004  -2.20276882E+002   6.92710583E+000  -2.31462488E+000   1.11862213E-001   1.19053702E+001   0.00000000E+000   1.36022522E+015   6.64077284E+013   1.00000000E-014   1.65000000E-012
       166     1.19999997E+001   7.13474330E+003  -3.25991879E-021   8.30125376E-021  -1.19999997E+001  -1.54841567E-020   0.00000000E+000  -3.46944695E-019  -7.00299611E+003  -7.00644918E+003  -1.41292342E+004  -2.20397873E+002   6.97602339E+000  -2.33512377E+000   1.12695883E-001   1.19046653E+001   0.00000000E+000   1.35518857E+015   7.06778921E+013   1.00000000E-014   1.66000000E-012
       167     1.19999997E+001   7.13436186E+003  -3.20794936E-020   2.79177593E-021  -1.19999997E+001   3.09021235E-021  -3.46944695E-019   0.00000000E+000  -7.00311550E+003  -7.00659173E+003  -1.41289723E+004  -2.20513515E+002   7.02483816E+000  -2.35587554E+000   1.13494195E-001   1.19039916E+001   0.00000000E+000   1.35268261E+015   7.36955315E+013   1.00000000E-014   1.67000000E-012
       168     1.19999997E+001   7.13397698E+003  -2.15487994E-020  -5.54531129E-020  -1.19999997E+001  -4.14544666E-021  -3.46944695E-019   0.00000000E+000  -7.00323325E+003  -7.00673828E+003  -1.41287080E+004  -2.20630204E+002   7.07476966E+000  -2.37895166E+000   1.14300992E-001   1.19033118E+001   0.00000000E+000   1.34307245E+015   7.55964697E+013   1.00000000E-014   1.68000000E-012
       169     1.19999997E+001   7.13361497E+003  -6.28842140E-020  -2.25607722E-020  -1.19999997E+001   1.15004368E-020   0.00000000E+000  -3.46944695E-019  -7.00334335E+003  -7.00687678E+003  -1.41284594E+004  -2.20739960E+002   7.11959524E+000  -2.39655828E+000   1.15057670E-001   1.19026724E+001   0.00000000E+000   1.34463707E+015   7.62292950E+013   1.00000000E-014   1.69000000E-012
       170     1.19999997E+001   7.13321881E+003   2.00950709E-020   3.39765264E-020  -1.19999997E+001  -1.03688434E-020   0.00000000E+000   3.46944695E-019  -7.00346380E+003  -7.00702838E+003  -1.41281873E+004  -2.20860071E+002   7.16701989E+000  -2.41871550E+000   1.15885535E-001   1.19019727E+001   0.00000000E+000   1.33817962E+015   8.16569878E+013   1.00000000E-014   1.70000000E-012
       171     1.19999997E+001   7.13284736E+003   4.40272671E-020   1.36618804E-020  -1.19999997E+001  -3.80709877E-022   1.04083409E-018   3.46944695E-019  -7.00357524E+003  -7.00717203E+003  -1.41279322E+004  -2.20972692E+002   7.21283688E+000  -2.43971462E+000   1.16662788E-001   1.19013166E+001   0.00000000E+000   1.33721207E+015   8.35045688E+013   1.00000000E-014   1.71000000E-012
       172     1.19999997E+001   7.13248938E+003  -2.88511085E-020  -1.36404565E-020  -1.19999997E+001  -1.95062889E-020   0.00000000E+000   3.46944695E-019  -7.00368303E+003  -7.00731009E+003  -1.41276864E+004  -2.21081232E+002   7.25623515E+000  -2.45680899E+000   1.17410604E-001   1.19006844E+001   0.00000000E+000   1.33846872E+015   8.41525630E+013   1.00000000E-014   1.72000000E-012
       173     1.19999997E+001   7.13212422E+003   8.45411260E-020  -2.46648301E-020  -1.19999997E+001   1.89454811E-020  -3.46944695E-019   1.04083409E-018  -7.00378981E+003  -7.00745407E+003  -1.41274356E+004  -2.21191948E+002   7.29815822E+000  -2.47248139E+000   1.18172007E-001   1.19000394E+001   0.00000000E+000   1.33972623E+015   8.47978774E+013   1.00000000E-014   1.73000000E-012
       174     1.19999997E+001   7.13173978E+003  -1.94813649E-020  -1.75134815E-020  -1.19999997E+001   8.00529887E-021  -6.93889390E-019   3.46944695E-019  -7.00390201E+003  -7.00760588E+003  -1.41271716E+004  -2.21308511E+002   7.33988443E+000  -2.48767433E+000   1.18971935E-001   1.18993604E+001   0.00000000E+000   1.33570247E+015   8.90765175E+013   1.00000000E-014   1.74000000E-012
       175     1.19999997E+001   7.13137310E+003  -1.38267375E-020  -1.44009663E-020  -1.19999997E+001   1.38810730E-021   3.46944695E-019   3.46944695E-019  -7.00401281E+003  -7.00774692E+003  -1.41269198E+004  -2.21419695E+002   7.38559380E+000  -2.50720866E+000   1.19739158E-001   1.18987128E+001   0.00000000E+000   1.33581752E+015   9.09099821E+013   1.00000000E-014   1.75000000E-012
       176     1.19999997E+001   7.13101348E+003   6.14276731E-020   3.42353512E-021  -1.19999997E+001   2.15156915E-021   0.00000000E+000  -3.46944695E-019  -7.00412224E+003  -7.00788449E+003  -1.41266728E+004  -2.21528742E+002   7.43048002E+000  -2.52486935E+000   1.20491204E-001   1.18980776E+001   0.00000000E+000   1.33547155E+015   9.15843216E+013   1.00000000E-014   1.76000000E-012
       177     1.19999997E+001   7.13065503E+003   1.05733535E-020   1.68930133E-020  -1.19999997E+001   4.10941054E-020  -3.46944695E-019   3.46944695E-019  -7.00423008E+003  -7.00802284E+003  -1.41264266E+004  -2.21637434E+002   7.47409823E+000  -2.54174367E+000   1.21240116E-001   1.18974445E+001   0.00000000E+000   1.33622066E+015   9.22548042E+013   1.00000000E-014   1.77000000E-012
       178     1.19999997E+001   7.13029651E+003   1.31456215E-020  -1.47719568E-020  -1.19999997E+001   1.03646558E-020   0.00000000E+000   0.00000000E+000  -7.00433928E+003  -7.00815989E+003  -1.41261803E+004  -2.21746150E+002   7.51876017E+000  -2.55856124E+000   1.21989608E-001   1.18968113E+001   0.00000000E+000   1.33746939E+015   9.29191481E+013   1.00000000E-014   1.78000000E-012
       179     1.19999997E+001   7.12993705E+003   6.13500215E-020   2.17988561E-020  -1.19999997E+001   1.61379008E-020   0.00000000E+000   3.46944695E-019  -7.00444851E+003  -7.00829756E+003  -1.41259335E+004  -2.21855154E+002   7.56342834E+000  -2.57586583E+000   1.22741178E-001   1.18961764E+001   0.00000000E+000   1.33589309E+015   9.35731036E+013   1.00000000E-014   1.79000000E-012
       180     1.19999997E+001   7.12957722E+003   2.31711488E-020   3.49194296E-021  -1.19999997E+001   3.52919917E-020   0.00000000E+000   3.46944695E-019  -7.00455771E+003  -7.00843552E+003  -1.41256863E+004  -2.21964273E+002   7.60805673E+000  -2.59328576E+000   1.23493524E-001   1.18955409E+001   0.00000000E+000   1.33775328E+015   9.42245942E+013   1.00000000E-014   1.80000000E-012
       181     1.19999997E+001   7.12920936E+003   1.27873851E-020  -2.85283840E-020  -1.19999997E+001  -4.99081594E-020   0.00000000E+000   3.46944695E-019  -7.00466805E+003  -7.00857785E+003  -1.41254336E+004  -2.22075829E+002   7.65326868E+000  -2.61283466E+000   1.24263041E-001   1.18948912E+001   0.00000000E+000   1.33663677E+015   9.66464023E+013   1.00000000E-014   1.81000000E-012
       182     1.19999997E+001   7.12885325E+003   6.85330511E-021   3.10015713E-020  -1.19999997E+001   3.71363524E-020   6.93889390E-019  -3.46944695E-019  -7.00477485E+003  -7.00871566E+003  -1.41251890E+004  -2.22183821E+002   7.69622843E+000  -2.63020561E+000   1.25007116E-001   1.18942623E+001   0.00000000E+000   1.33860242E+015   9.72948089E+013   1.00000000E-014   1.82000000E-012
       183     1.19999997E+001   7.12849840E+003   1.73884532E-020   1.34601311E-020  -1.19999997E+001   5.44269282E-020   0.00000000E+000  -6.93889390E-019  -7.00488080E+003  -7.00885345E+003  -1.41249453E+004  -2.22291434E+002   7.73855281E+000  -2.64709549E+000   1.25748257E-001   1.18936355E+001   0.00000000E+000   1.34054287E+015   9.79408927E+013   1.00000000E-014   1.83000000E-012
       184     1.19999997E+001   7.12814287E+003   4.20842199E-020  -2.13329880E-021  -1.19999997E+001  -2.63303480E-020   0.00000000E+000   0.00000000E+000  -7.00498849E+003  -7.00898998E+003  -1.41247011E+004  -2.22399257E+002   7.78220020E+000  -2.66400657E+000   1.26491365E-001   1.18930076E+001   0.00000000E+000   1.34253436E+015   9.85785615E+013   1.00000000E-014   1.84000000E-012
       185     1.19999997E+001   7.12777065E+003  -2.04098958E-020   7.53329927E-021  -1.19999997E+001  -7.43603317E-021   3.46944695E-019   0.00000000E+000  -7.00510380E+003  -7.00913035E+003  -1.41244454E+004  -2.22512138E+002   7.82307554E+000  -2.68187096E+000   1.27266286E-001   1.18923502E+001   0.00000000E+000   1.33973597E+015   1.02019197E+014   1.00000000E-014   1.85000000E-012
       186     1.19999997E+001   7.12739994E+003   4.57302200E-020   3.03347810E-021  -1.19999997E+001   2.12930378E-020   0.00000000E+000   0.00000000E+000  -7.00521863E+003  -7.00927018E+003  -1.41241907E+004  -2.22624570E+002   7.87022505E+000  -2.70002099E+000   1.28041911E-001   1.18916955E+001   0.00000000E+000   1.33789687E+015   1.04551015E+014   1.00000000E-014   1.86000000E-012
       187     1.19999997E+001   7.12702237E+003  -3.74989509E-020   3.58247787E-021  -1.19999997E+001   2.71296448E-020  -6.93889390E-019   6.93889390E-019  -7.00533387E+003  -7.00941433E+003  -1.41239313E+004  -2.22739087E+002   7.91874977E+000  -2.72148775E+000   1.28833183E-001   1.18910286E+001   0.00000000E+000   1.33386519E+015   1.08770840E+014   1.00000000E-014   1.87000000E-012
       188     1.19999997E+001   7.12664804E+003   1.02061680E-020   2.18029920E-020  -1.19999997E+001  -3.43258241E-021   3.46944695E-019   6.93889390E-019  -7.00544539E+003  -7.00955995E+003  -1.41236742E+004  -2.22852615E+002   7.96175220E+000  -2.73790578E+000   1.29613798E-001   1.18903675E+001   0.00000000E+000   1.33210003E+015   1.11813633E+014   1.00000000E-014   1.88000000E-012
       189     1.19999997E+001   7.12626545E+003   4.10053282E-020  -2.16155529E-020  -1.19999997E+001  -8.94033350E-021   3.46944695E-019   3.46944695E-019  -7.00555690E+003  -7.00971127E+003  -1.41234114E+004  -2.22968657E+002   8.00761574E+000  -2.75806610E+000   1.30413970E-001   1.18896918E+001   0.00000000E+000   1.32705801E+015   1.15520127E+014   1.00000000E-014   1.89000000E-012
       190     1.19999997E+001   7.12590490E+003   3.66400480E-020   5.83393942E-021  -1.19999997E+001   7.07071403E-021   3.46944695E-019  -3.46944695E-019  -7.00566248E+003  -7.00985338E+003  -1.41231637E+004  -2.23078014E+002   8.04985669E+000  -2.77435295E+000   1.31166734E-001   1.18890550E+001   0.00000000E+000   1.32672129E+015   1.17576149E+014   1.00000000E-014   1.90000000E-012
       191     1.19999997E+001   7.12555239E+003  -3.06740698E-020  -2.45723927E-020  -1.19999997E+001  -7.23317747E-021  -3.46944695E-019   3.46944695E-019  -7.00576741E+003  -7.00999064E+003  -1.41229215E+004  -2.23184935E+002   8.09216588E+000  -2.79100785E+000   1.31903287E-001   1.18884324E+001   0.00000000E+000   1.32869103E+015   1.18230539E+014   1.00000000E-014   1.91000000E-012
       192     1.19999997E+001   7.12520051E+003  -5.51959011E-020   6.48195272E-021  -1.19999997E+001   2.12960544E-020  -3.46944695E-019  -6.93889390E-019  -7.00587178E+003  -7.01012802E+003  -1.41226797E+004  -2.23291667E+002   8.13484377E+000  -2.80767395E+000   1.32638847E-001   1.18878109E+001   0.00000000E+000   1.33070177E+015   1.18876249E+014   1.00000000E-014   1.92000000E-012
       193     1.19999997E+001   7.12484961E+003   4.53307383E-021  -1.21986186E-020  -1.19999997E+001  -2.14609683E-021   6.93889390E-019   6.93889390E-019  -7.00597660E+003  -7.01026428E+003  -1.41224386E+004  -2.23398106E+002   8.17707216E+000  -2.82366882E+000   1.33371944E-001   1.18871912E+001   0.00000000E+000   1.33274475E+015   1.19516929E+014   1.00000000E-014   1.93000000E-012
       194     1.19999997E+001   7.12448988E+003   7.43924884E-021  -3.48054441E-020  -1.19999997E+001   4.35672617E-020  -6.93889390E-019   0.00000000E+000  -7.00608375E+003  -7.01040428E+003  -1.41221915E+004  -2.23507223E+002   8.22103000E+000  -2.84188852E+000   1.34124373E-001   1.18865558E+001   0.00000000E+000   1.33198999E+015   1.21880285E+014   1.00000000E-014   1.94000000E-012
       195     1.19999997E+001   7.12413752E+003   6.82914110E-021   3.15519773E-021  -1.19999997E+001  -4.45739818E-020   0.00000000E+000   3.46944695E-019  -7.00618825E+003  -7.01054188E+003  -1.41219494E+004  -2.23614109E+002   8.26353279E+000  -2.85842337E+000   1.34860825E-001   1.18859335E+001   0.00000000E+000   1.33412546E+015   1.22512097E+014   1.00000000E-014   1.95000000E-012
       196     1.19999997E+001   7.12376849E+003  -4.66756513E-020  -2.60090400E-021  -1.19999997E+001  -1.69488836E-020   0.00000000E+000   3.46944695E-019  -7.00629678E+003  -7.01068691E+003  -1.41216958E+004  -2.23726056E+002   8.30836030E+000  -2.87980012E+000   1.35633478E-001   1.18852817E+001   0.00000000E+000   1.33012500E+015   1.26401247E+014   1.00000000E-014   1.96000000E-012
       197     1.19999997E+001   7.12340691E+003  -5.78802263E-020  -7.01320946E-021  -1.19999997E+001  -2.42796147E-020   3.46944695E-019   0.00000000E+000  -7.00640448E+003  -7.01082766E+003  -1.41214474E+004  -2.23835741E+002   8.35266625E+000  -2.89810842E+000   1.36389906E-001   1.18846431E+001   0.00000000E+000   1.32892044E+015   1.28693366E+014   1.00000000E-014   1.97000000E-012
       198     1.19999997E+001   7.12304672E+003  -3.08695533E-021   1.64360788E-022  -1.19999997E+001   1.88931386E-020   0.00000000E+000   0.00000000E+000  -7.00651044E+003  -7.01096918E+003  -1.41211999E+004  -2.23945008E+002   8.39573788E+000  -2.91684274E+000   1.37143129E-001   1.18840070E+001   0.00000000E+000   1.32907776E+015   1.30634422E+014   1.00000000E-014   1.98000000E-012
       199     1.19999997E+001   7.12267470E+003  -6.54051504E-020   5.15631307E-021  -1.19999997E+001   3.33632146E-020   0.00000000E+000  -3.46944695E-019  -7.00662481E+003  -7.01111044E+003  -1.41209443E+004  -2.24057858E+002   8.43762963E+000  -2.93165802E+000   1.37917791E-001   1.18833500E+001   0.00000000E+000   1.32623380E+015   1.33444875E+014   1.00000000E-014   1.99000000E-012
       200     1.19999997E+001   7.12232387E+003  -7.93468867E-020  -3.44979810E-020  -1.19999997E+001   1.31984422E-020   0.00000000E+000   6.93889390E-019  -7.00672837E+003  -7.01124794E+003  -1.41207032E+004  -2.24164289E+002   8.47935299E+000  -2.94768368E+000   1.38650729E-001   1.18827303E+001   0.00000000E+000   1.32832540E+015   1.34086868E+014   1.00000000E-014   2.00000000E-012
       201     1.19999997E+001   7.12196722E+003  -3.82777828E-020   3.11976131E-020  -1.19999997E+001  -2.55905900E-021   6.93889390E-019  -3.46944695E-019  -7.00683232E+003  -7.01138906E+003  -1.41204582E+004  -2.24272486E+002   8.52147073E+000  -2.96587120E+000   1.39396319E-001   1.18821005E+001   0.00000000E+000   1.32719529E+015   1.36582105E+014   1.00000000E-014   2.01000000E-012
       202     1.19999997E+001   7.12161340E+003   2.19234295E-020   1.20538413E-020  -1.19999997E+001   3.61303548E-020  -3.46944695E-019   6.93889390E-019  -7.00693619E+003  -7.01152831E+003  -1.41202150E+004  -2.24379827E+002   8.56313709E+000  -2.98130893E+000   1.40135178E-001   1.18814756E+001   0.00000000E+000   1.32888590E+015   1.37217926E+014   1.00000000E-014   2.02000000E-012
       203     1.19999997E+001   7.12126100E+003  -4.35490533E-020  -5.73428484E-021  -1.19999997E+001   1.10477209E-021  -3.46944695E-019   0.00000000E+000  -7.00703977E+003  -7.01166689E+003  -1.41199729E+004  -2.24486741E+002   8.60471502E+000  -2.99731072E+000   1.40871293E-001   1.18808532E+001   0.00000000E+000   1.33104470E+015   1.37844649E+014   1.00000000E-014   2.03000000E-012
       204     1.19999997E+001   7.12090542E+003   4.85345639E-020   3.17676233E-020  -1.19999997E+001   2.26963962E-020   3.46944695E-019   1.04083409E-018  -7.00714416E+003  -7.01180687E+003  -1.41197285E+004  -2.24594623E+002   8.64689341E+000  -3.01513243E+000   1.41614642E-001   1.18802252E+001   0.00000000E+000   1.33359653E+015   1.38458905E+014   1.00000000E-014   2.04000000E-012
       205     1.19999997E+001   7.12054523E+003  -2.18275438E-020  -1.36436411E-020  -1.19999997E+001   3.94997354E-021   0.00000000E+000   3.46944695E-019  -7.00725085E+003  -7.01194769E+003  -1.41194810E+004  -2.24703901E+002   8.69018742E+000  -3.02973537E+000   1.42366938E-001   1.18795890E+001   0.00000000E+000   1.33159257E+015   1.39060183E+014   1.00000000E-014   2.05000000E-012
       206     1.19999997E+001   7.12019244E+003   6.43391420E-022   1.45782311E-021  -1.19999997E+001   8.53375355E-021   0.00000000E+000   3.46944695E-019  -7.00735431E+003  -7.01208667E+003  -1.41192386E+004  -2.24810939E+002   8.73156547E+000  -3.04568974E+000   1.43103783E-001   1.18789660E+001   0.00000000E+000   1.33068805E+015   1.39649240E+014   1.00000000E-014   2.06000000E-012
       207     1.19999997E+001   7.11982896E+003  -1.61810797E-020  -2.35131466E-020  -1.19999997E+001  -3.17026928E-020   0.00000000E+000   0.00000000E+000  -7.00746000E+003  -7.01223077E+003  -1.41189888E+004  -2.24921220E+002   8.77246340E+000  -3.06228704E+000   1.43862128E-001   1.18783240E+001   0.00000000E+000   1.32942602E+015   1.42330121E+014   1.00000000E-014   2.07000000E-012
       208     1.19999997E+001   7.11946324E+003  -7.73124360E-022  -4.02291019E-021  -1.19999997E+001  -8.29084162E-021   0.00000000E+000  -3.46944695E-019  -7.00756826E+003  -7.01237384E+003  -1.41187374E+004  -2.25032183E+002   8.81154963E+000  -3.08151735E+000   1.44624386E-001   1.18776781E+001   0.00000000E+000   1.32685560E+015   1.45274546E+014   1.00000000E-014   2.08000000E-012
       209     1.19999997E+001   7.11911236E+003   9.05421559E-022   1.61877592E-020  -1.19999997E+001   2.72845099E-020   3.46944695E-019  -6.93889390E-019  -7.00767148E+003  -7.01251177E+003  -1.41184963E+004  -2.25138646E+002   8.85263754E+000  -3.09778847E+000   1.45357312E-001   1.18770584E+001   0.00000000E+000   1.32883642E+015   1.45899181E+014   1.00000000E-014   2.09000000E-012
       210     1.19999997E+001   7.11875539E+003  -3.66673656E-022   4.10109944E-021  -1.19999997E+001   1.50420526E-020  -6.93889390E-019   0.00000000E+000  -7.00777698E+003  -7.01265160E+003  -1.41182510E+004  -2.25246959E+002   8.89550366E+000  -3.11525017E+000   1.46103746E-001   1.18764280E+001   0.00000000E+000   1.32634758E+015   1.47422867E+014   1.00000000E-014   2.10000000E-012
       211     1.19999997E+001   7.11840525E+003  -6.28026540E-020  -1.70227153E-020  -1.19999997E+001  -1.15619015E-020   3.46944695E-019   0.00000000E+000  -7.00787992E+003  -7.01278931E+003  -1.41180103E+004  -2.25353203E+002   8.93641385E+000  -3.13123810E+000   1.46835057E-001   1.18758096E+001   0.00000000E+000   1.32826125E+015   1.48040513E+014   1.00000000E-014   2.11000000E-012
       212     1.19999997E+001   7.11805084E+003  -2.62241690E-020   5.00700697E-021  -1.19999997E+001   2.31707352E-020  -3.46944695E-019   0.00000000E+000  -7.00798645E+003  -7.01292636E+003  -1.41177667E+004  -2.25460746E+002   8.97976796E+000  -3.14666148E+000   1.47575907E-001   1.18751837E+001   0.00000000E+000   1.32958870E+015   1.48649481E+014   1.00000000E-014   2.12000000E-012
       213     1.19999997E+001   7.11769904E+003  -7.79164639E-020   2.56028943E-021  -1.19999997E+001   1.23523915E-021   0.00000000E+000  -3.46944695E-019  -7.00808960E+003  -7.01306501E+003  -1.41175249E+004  -2.25567497E+002   9.02073022E+000  -3.16313185E+000   1.48310771E-001   1.18745623E+001   0.00000000E+000   1.33150749E+015   1.49256465E+014   1.00000000E-014   2.13000000E-012
       214     1.19999997E+001   7.11735124E+003   4.30225322E-020  -1.24084123E-020  -1.19999997E+001   8.84982960E-021  -3.46944695E-019  -3.46944695E-019  -7.00819197E+003  -7.01320168E+003  -1.41172859E+004  -2.25673033E+002   9.06116411E+000  -3.17814540E+000   1.49036863E-001   1.18739481E+001   0.00000000E+000   1.33349239E+015   1.49856038E+014   1.00000000E-014   2.14000000E-012
       215     1.19999997E+001   7.11699713E+003   2.44944594E-020  -3.63727859E-020  -1.19999997E+001   5.93124688E-021   0.00000000E+000  -3.46944695E-019  -7.00829641E+003  -7.01334063E+003  -1.41170425E+004  -2.25780491E+002   9.10294194E+000  -3.19463980E+000   1.49776801E-001   1.18733227E+001   0.00000000E+000   1.33506062E+015   1.50446399E+014   1.00000000E-014   2.15000000E-012
       216     1.19999997E+001   7.11663022E+003   7.62154962E-020  -2.08391612E-021  -1.19999997E+001   1.54356995E-020   3.46944695E-019   3.46944695E-019  -7.00840408E+003  -7.01348516E+003  -1.41167903E+004  -2.25891836E+002   9.14658625E+000  -3.21311052E+000   1.50544133E-001   1.18726747E+001   0.00000000E+000   1.33292818E+015   1.53610986E+014   1.00000000E-014   2.16000000E-012
       217     1.19999997E+001   7.11624890E+003  -2.39011873E-020   8.92962151E-021  -1.19999997E+001  -2.01587638E-020   6.93889390E-019   0.00000000E+000  -7.00851505E+003  -7.01363630E+003  -1.41165282E+004  -2.26007556E+002   9.19227454E+000  -3.23566923E+000   1.51342792E-001   1.18720013E+001   0.00000000E+000   1.32823893E+015   1.57958689E+014   1.00000000E-014   2.17000000E-012
       218     1.19999997E+001   7.11589726E+003   3.67835328E-020  -3.00703727E-020  -1.19999997E+001   4.54151159E-020   0.00000000E+000   3.46944695E-019  -7.00861945E+003  -7.01377361E+003  -1.41162865E+004  -2.26114269E+002   9.23393236E+000  -3.25081039E+000   1.52077301E-001   1.18713802E+001   0.00000000E+000   1.32974822E+015   1.58574552E+014   1.00000000E-014   2.18000000E-012
       219     1.19999997E+001   7.11554002E+003  -2.85615513E-020  -1.46285237E-020  -1.19999997E+001  -2.29888485E-020   0.00000000E+000   0.00000000E+000  -7.00872296E+003  -7.01391565E+003  -1.41160409E+004  -2.26222682E+002   9.27434994E+000  -3.26476184E+000   1.52822403E-001   1.18707493E+001   0.00000000E+000   1.33083765E+015   1.59182589E+014   1.00000000E-014   2.19000000E-012
       220     1.19999997E+001   7.11518832E+003  -2.49511174E-020   2.23415693E-020  -1.19999997E+001  -1.86361181E-020   0.00000000E+000   0.00000000E+000  -7.00882560E+003  -7.01405477E+003  -1.41157992E+004  -2.26329415E+002   9.31222962E+000  -3.27826910E+000   1.53554723E-001   1.18701282E+001   0.00000000E+000   1.33055236E+015   1.61090136E+014   1.00000000E-014   2.20000000E-012
       221     1.19999997E+001   7.11483315E+003   4.08800931E-021  -1.17345496E-020  -1.19999997E+001  -4.36353903E-020   0.00000000E+000   0.00000000E+000  -7.00892768E+003  -7.01419683E+003  -1.41155550E+004  -2.26437203E+002   9.35202681E+000  -3.29473486E+000   1.54296098E-001   1.18695009E+001   0.00000000E+000   1.33156904E+015   1.61688933E+014   1.00000000E-014   2.21000000E-012
       222     1.19999997E+001   7.11448030E+003  -2.68554526E-020  -3.22215800E-020  -1.19999997E+001  -6.31821025E-020   0.00000000E+000   3.46944695E-019  -7.00903131E+003  -7.01433576E+003  -1.41153125E+004  -2.26544292E+002   9.39310799E+000  -3.31066436E+000   1.55033131E-001   1.18688778E+001   0.00000000E+000   1.33143983E+015   1.63525370E+014   1.00000000E-014   2.22000000E-012
       223     1.19999997E+001   7.11412969E+003  -5.86167479E-020   5.88402935E-020  -1.19999997E+001   2.19985996E-020  -3.46944695E-019   3.46944695E-019  -7.00913348E+003  -7.01447461E+003  -1.41150715E+004  -2.26650702E+002   9.43314548E+000  -3.32639010E+000   1.55765130E-001   1.18682586E+001   0.00000000E+000   1.33348970E+015   1.64112777E+014   1.00000000E-014   2.23000000E-012
       224     1.19999997E+001   7.11378076E+003   5.85643874E-020  -5.19146824E-020  -1.19999997E+001   3.64117461E-020   0.00000000E+000   0.00000000E+000  -7.00923555E+003  -7.01461241E+003  -1.41148316E+004  -2.26756604E+002   9.47310898E+000  -3.34141928E+000   1.56493496E-001   1.18676423E+001   0.00000000E+000   1.33548920E+015   1.64690046E+014   1.00000000E-014   2.24000000E-012
       225     1.19999997E+001   7.11342411E+003   4.47503264E-020  -9.41236618E-020  -1.19999997E+001  -1.84066251E-020   0.00000000E+000   3.46944695E-019  -7.00933788E+003  -7.01475526E+003  -1.41145864E+004  -2.26864852E+002   9.51259979E+000  -3.35525913E+000   1.57237115E-001   1.18670124E+001   0.00000000E+000   1.33695562E+015   1.65262827E+014   1.00000000E-014   2.25000000E-012
       226     1.19999997E+001   7.11307527E+003   5.97598727E-020   9.95555294E-021  -1.19999997E+001   2.83050026E-021   3.46944695E-019   3.46944695E-019  -7.00944001E+003  -7.01489295E+003  -1.41143466E+004  -2.26970731E+002   9.55242304E+000  -3.36997874E+000   1.57965159E-001   1.18663964E+001   0.00000000E+000   1.33910507E+015   1.65832621E+014   1.00000000E-014   2.26000000E-012
       227     1.19999997E+001   7.11272039E+003   4.00335771E-020   2.79161876E-020  -1.19999997E+001   4.19701827E-020   0.00000000E+000   6.93889390E-019  -7.00954448E+003  -7.01503245E+003  -1.41141026E+004  -2.27078445E+002   9.59384918E+000  -3.38630777E+000   1.58706614E-001   1.18657696E+001   0.00000000E+000   1.34093309E+015   1.66389630E+014   1.00000000E-014   2.27000000E-012
       228     1.19999997E+001   7.11236798E+003  -3.55119597E-020  -2.82396980E-020  -1.19999997E+001   4.80111861E-020   1.38777878E-018   2.08166817E-018  -7.00964701E+003  -7.01517221E+003  -1.41138603E+004  -2.27185413E+002   9.63384494E+000  -3.40227234E+000   1.59442389E-001   1.18651472E+001   0.00000000E+000   1.34228164E+015   1.66932806E+014   1.00000000E-014   2.28000000E-012
       229     1.19999997E+001   7.11201344E+003  -3.63004386E-020  -1.80899230E-020  -1.19999997E+001   2.51652098E-020  -3.46944695E-019  -3.46944695E-019  -7.00975088E+003  -7.01531209E+003  -1.41136166E+004  -2.27293027E+002   9.67471942E+000  -3.41820621E+000   1.60182840E-001   1.18645211E+001   0.00000000E+000   1.34421108E+015   1.67466126E+014   1.00000000E-014   2.29000000E-012
       230     1.19999997E+001   7.11166293E+003  -7.53478820E-020   4.07228047E-020  -1.19999997E+001   1.59579994E-020   0.00000000E+000   0.00000000E+000  -7.00985375E+003  -7.01545020E+003  -1.41133756E+004  -2.27399419E+002   9.71400973E+000  -3.43279236E+000   1.60913928E-001   1.18639021E+001   0.00000000E+000   1.34653149E+015   1.67988301E+014   1.00000000E-014   2.30000000E-012
       231     1.19999997E+001   7.11130515E+003   3.33486136E-020  -1.99263260E-020  -1.19999997E+001   2.84706261E-021   0.00000000E+000   0.00000000E+000  -7.00995737E+003  -7.01559256E+003  -1.41131296E+004  -2.27508023E+002   9.75431831E+000  -3.44790290E+000   1.61660581E-001   1.18632702E+001   0.00000000E+000   1.34733271E+015   1.68501359E+014   1.00000000E-014   2.31000000E-012
       232     1.19999997E+001   7.11094844E+003   5.68100614E-020  -2.41832870E-020  -1.19999997E+001   3.22535557E-020   0.00000000E+000   0.00000000E+000  -7.01006376E+003  -7.01573144E+003  -1.41128844E+004  -2.27616305E+002   9.79683682E+000  -3.46295238E+000   1.62405911E-001   1.18626402E+001   0.00000000E+000   1.34805131E+015   1.69000547E+014   1.00000000E-014   2.32000000E-012
       233     1.19999997E+001   7.11058685E+003  -2.06265938E-020   4.82812916E-021  -1.19999997E+001  -3.48403408E-020   1.04083409E-018   3.46944695E-019  -7.01016769E+003  -7.01587612E+003  -1.41126358E+004  -2.27726068E+002   9.83740236E+000  -3.48106191E+000   1.63161275E-001   1.18620017E+001   0.00000000E+000   1.34688826E+015   1.71205366E+014   1.00000000E-014   2.33000000E-012
       234     1.19999997E+001   7.11021416E+003   3.41492107E-020  -2.44577041E-020  -1.19999997E+001   2.42088468E-020   0.00000000E+000   0.00000000E+000  -7.01027850E+003  -7.01602156E+003  -1.41123795E+004  -2.27839201E+002   9.87979154E+000  -3.49514224E+000   1.63938476E-001   1.18613435E+001   0.00000000E+000   1.34188141E+015   1.75117583E+014   1.00000000E-014   2.34000000E-012
       235     1.19999997E+001   7.10986118E+003  -2.69523154E-020   3.07066814E-020  -1.19999997E+001   3.99884027E-020   3.46944695E-019   0.00000000E+000  -7.01038144E+003  -7.01616133E+003  -1.41121368E+004  -2.27946358E+002   9.91994526E+000  -3.51121459E+000   1.64675606E-001   1.18607201E+001   0.00000000E+000   1.34418802E+015   1.75614449E+014   1.00000000E-014   2.35000000E-012
       236     1.19999997E+001   7.10950565E+003  -7.28987656E-020   9.88044494E-021  -1.19999997E+001  -1.29522629E-020   0.00000000E+000   1.04083409E-018  -7.01048670E+003  -7.01630055E+003  -1.41118923E+004  -2.28054291E+002   9.96187578E+000  -3.52882061E+000   1.65419055E-001   1.18600922E+001   0.00000000E+000   1.34487025E+015   1.77156464E+014   1.00000000E-014   2.36000000E-012
       237     1.19999997E+001   7.10915165E+003  -5.10130556E-020   2.45148416E-020  -1.19999997E+001   4.26005098E-020   1.04083409E-018   3.46944695E-019  -7.01058979E+003  -7.01644087E+003  -1.41116489E+004  -2.28161758E+002   1.00028972E+001  -3.54511034E+000   1.66158808E-001   1.18594670E+001   0.00000000E+000   1.34617666E+015   1.77659544E+014   1.00000000E-014   2.37000000E-012
       238     1.19999997E+001   7.10879179E+003   2.95783347E-020   2.35882597E-020  -1.19999997E+001  -4.32424692E-021   0.00000000E+000   3.46944695E-019  -7.01069182E+003  -7.01658629E+003  -1.41114015E+004  -2.28271007E+002   1.00414911E+001  -3.55829232E+000   1.66908606E-001   1.18588315E+001   0.00000000E+000   1.34637775E+015   1.79181479E+014   1.00000000E-014   2.38000000E-012
       239     1.19999997E+001   7.10843240E+003   5.69591814E-020  -2.53418361E-020  -1.19999997E+001   1.28745211E-020   0.00000000E+000  -6.93889390E-019  -7.01079556E+003  -7.01672968E+003  -1.41111543E+004  -2.28380114E+002   1.00818186E+001  -3.57477106E+000   1.67659032E-001   1.18581968E+001   0.00000000E+000   1.34585735E+015   1.80814052E+014   1.00000000E-014   2.39000000E-012
       240     1.19999997E+001   7.10808066E+003   4.19547661E-020  -2.44328473E-020  -1.19999997E+001  -9.96527878E-021   3.46944695E-019   1.38777878E-018  -7.01089991E+003  -7.01686721E+003  -1.41109125E+004  -2.28486901E+002   1.01207203E+001  -3.58956572E+000   1.68392447E-001   1.18575756E+001   0.00000000E+000   1.34728419E+015   1.81309768E+014   1.00000000E-014   2.40000000E-012
       241     1.19999997E+001   7.10771870E+003   6.81416913E-021  -3.94110203E-021  -1.19999997E+001  -1.88816589E-020   0.00000000E+000   0.00000000E+000  -7.01100349E+003  -7.01701253E+003  -1.41106635E+004  -2.28596794E+002   1.01606171E+001  -3.60572473E+000   1.69147892E-001   1.18569364E+001   0.00000000E+000   1.34919668E+015   1.82507791E+014   1.00000000E-014   2.41000000E-012
       242     1.19999997E+001   7.10736564E+003  -1.43520593E-020  -2.31814058E-020  -1.19999997E+001   2.32637620E-020   3.46944695E-019   3.46944695E-019  -7.01110670E+003  -7.01715212E+003  -1.41104208E+004  -2.28703989E+002   1.02008885E+001  -3.62259985E+000   1.69885524E-001   1.18563129E+001   0.00000000E+000   1.35063980E+015   1.83054904E+014   1.00000000E-014   2.42000000E-012
       243     1.19999997E+001   7.10700017E+003   5.70047745E-020  -1.22853692E-020  -1.19999997E+001   1.07216669E-020   0.00000000E+000   3.46944695E-019  -7.01121524E+003  -7.01729492E+003  -1.41101694E+004  -2.28814954E+002   1.02447178E+001  -3.64139262E+000   1.70650408E-001   1.18556674E+001   0.00000000E+000   1.35205805E+015   1.83856097E+014   1.00000000E-014   2.43000000E-012
       244     1.19999997E+001   7.10664073E+003   7.02626237E-020  -7.06102050E-021  -1.19999997E+001  -3.37729572E-021  -3.46944695E-019   3.46944695E-019  -7.01132313E+003  -7.01743420E+003  -1.41099222E+004  -2.28924080E+002   1.02811648E+001  -3.65446352E+000   1.71397343E-001   1.18550327E+001   0.00000000E+000   1.35461276E+015   1.84377567E+014   1.00000000E-014   2.44000000E-012
       245     1.19999997E+001   7.10628414E+003  -1.75338922E-020  -2.26697558E-020  -1.19999997E+001   2.64794925E-020   0.00000000E+000  -1.38777878E-018  -7.01142883E+003  -7.01757376E+003  -1.41096770E+004  -2.29032356E+002   1.03239038E+001  -3.67117054E+000   1.72143292E-001   1.18544029E+001   0.00000000E+000   1.35643562E+015   1.84748022E+014   1.00000000E-014   2.45000000E-012
       246     1.19999997E+001   7.10592511E+003   2.37881841E-020  -1.08708335E-020  -1.19999997E+001  -2.65955162E-020   0.00000000E+000   0.00000000E+000  -7.01153082E+003  -7.01771867E+003  -1.41094301E+004  -2.29141367E+002   1.03632511E+001  -3.68556110E+000   1.72892251E-001   1.18537689E+001   0.00000000E+000   1.35725222E+015   1.85995033E+014   1.00000000E-014   2.46000000E-012
       247     1.19999997E+001   7.10557204E+003  -2.82069519E-020  -2.00426690E-020  -1.19999997E+001   4.06949597E-022  -3.46944695E-019  -3.46944695E-019  -7.01163319E+003  -7.01785914E+003  -1.41091873E+004  -2.29248578E+002   1.04036508E+001  -3.70342133E+000   1.73630445E-001   1.18531453E+001   0.00000000E+000   1.35898990E+015   1.86307906E+014   1.00000000E-014   2.47000000E-012
       248     1.19999997E+001   7.10522182E+003  -8.80750897E-021   1.15105439E-020  -1.19999997E+001   2.50229123E-020   1.38777878E-018   6.93889390E-019  -7.01173765E+003  -7.01799555E+003  -1.41089464E+004  -2.29354921E+002   1.04455035E+001  -3.71827289E+000   1.74362524E-001   1.18525268E+001   0.00000000E+000   1.36069834E+015   1.86650526E+014   1.00000000E-014   2.48000000E-012
       249     1.19999997E+001   7.10486399E+003   8.43602319E-020   2.79661493E-020  -1.19999997E+001  -4.03403474E-020   3.46944695E-019   3.46944695E-019  -7.01184095E+003  -7.01813836E+003  -1.41087003E+004  -2.29463580E+002   1.04859244E+001  -3.73242690E+000   1.75109454E-001   1.18518949E+001   0.00000000E+000   1.35806155E+015   1.88893954E+014   1.00000000E-014   2.49000000E-012
       250     1.19999997E+001   7.10450445E+003  -2.59831156E-020  -2.08944996E-020  -1.19999997E+001  -3.86706497E-020  -1.04083409E-018   3.46944695E-019  -7.01194889E+003  -7.01827771E+003  -1.41084530E+004  -2.29572757E+002   1.05274067E+001  -3.74796920E+000   1.75860191E-001   1.18512599E+001   0.00000000E+000   1.35990697E+015   1.90053131E+014   1.00000000E-014   2.50000000E-012
       251     1.19999997E+001   7.10415460E+003  -5.36014071E-021  -2.83951804E-020  -1.19999997E+001  -1.00973834E-020   1.04083409E-018   0.00000000E+000  -7.01205050E+003  -7.01841673E+003  -1.41082123E+004  -2.29678997E+002   1.05681928E+001  -3.76431720E+000   1.76591760E-001   1.18506421E+001   0.00000000E+000   1.36287328E+015   1.90352958E+014   1.00000000E-014   2.51000000E-012
       252     1.19999997E+001   7.10380800E+003   5.62187306E-020  -2.62652178E-020  -1.19999997E+001  -8.61890145E-021   6.93889390E-019   3.46944695E-019  -7.01215256E+003  -7.01855307E+003  -1.41079739E+004  -2.29784249E+002   1.06086580E+001  -3.77933539E+000   1.77316067E-001   1.18500300E+001   0.00000000E+000   1.36595604E+015   1.90660729E+014   1.00000000E-014   2.52000000E-012
       253     1.19999997E+001   7.10344472E+003  -8.95154179E-022  -5.59068629E-021  -1.19999997E+001  -3.06098444E-020  -6.93889390E-019   1.04083409E-018  -7.01226261E+003  -7.01869292E+003  -1.41077241E+004  -2.29894576E+002   1.06544372E+001  -3.79615933E+000   1.78077013E-001   1.18493884E+001   0.00000000E+000   1.36821593E+015   1.91548301E+014   1.00000000E-014   2.53000000E-012
       254     1.19999997E+001   7.10309842E+003  -2.42503816E-020  -6.70568232E-020  -1.19999997E+001   2.80729383E-020   0.00000000E+000   3.46944695E-019  -7.01236486E+003  -7.01882888E+003  -1.41074859E+004  -2.29999743E+002   1.06948938E+001  -3.81038735E+000   1.78800507E-001   1.18487769E+001   0.00000000E+000   1.37224126E+015   1.91012485E+014   1.00000000E-014   2.54000000E-012
       255     1.19999997E+001   7.10274657E+003   1.36995068E-020  -2.76529374E-020  -1.19999997E+001   2.31558046E-020  -3.46944695E-019   0.00000000E+000  -7.01246703E+003  -7.01896873E+003  -1.41072438E+004  -2.30106597E+002   1.07351219E+001  -3.82701531E+000   1.79535918E-001   1.18481555E+001   0.00000000E+000   1.37551886E+015   1.91291896E+014   1.00000000E-014   2.55000000E-012
       256     1.19999997E+001   7.10238193E+003   5.67994062E-020  -7.36778560E-021  -1.19999997E+001  -1.20127615E-020  -3.46944695E-019  -3.46944695E-019  -7.01256992E+003  -7.01911667E+003  -1.41069930E+004  -2.30217335E+002   1.07744399E+001  -3.84186787E+000   1.80296565E-001   1.18475116E+001   0.00000000E+000   1.37721355E+015   1.92557218E+014   1.00000000E-014   2.56000000E-012
       257     1.19999997E+001   7.10202498E+003   3.59347421E-020   3.81356732E-020  -1.19999997E+001   4.92200382E-021  -6.93889390E-019  -1.04083409E-018  -7.01267286E+003  -7.01925927E+003  -1.41067475E+004  -2.30325742E+002   1.08147113E+001  -3.85851211E+000   1.81042415E-001   1.18468812E+001   0.00000000E+000   1.38066190E+015   1.92872730E+014   1.00000000E-014   2.57000000E-012
       258     1.19999997E+001   7.10167246E+003  -2.49489046E-020  -2.16907229E-020  -1.19999997E+001   1.28925921E-021  -3.46944695E-019   3.46944695E-019  -7.01277782E+003  -7.01939681E+003  -1.41065050E+004  -2.30432808E+002   1.08565588E+001  -3.87271669E+000   1.81779153E-001   1.18462586E+001   0.00000000E+000   1.38066442E+015   1.93870155E+014   1.00000000E-014   2.58000000E-012
       259     1.19999997E+001   7.10131111E+003   2.22618937E-020   1.63371066E-020  -1.19999997E+001  -2.89482712E-020   0.00000000E+000   1.38777878E-018  -7.01288620E+003  -7.01953697E+003  -1.41062564E+004  -2.30542539E+002   1.08895609E+001  -3.88617655E+000   1.82528329E-001   1.18456205E+001   0.00000000E+000   1.38273427E+015   1.94152690E+014   1.00000000E-014   2.59000000E-012
       260     1.19999997E+001   7.10096441E+003   2.80999561E-020   1.87135138E-021  -1.19999997E+001   2.41114153E-020   0.00000000E+000  -3.46944695E-019  -7.01298730E+003  -7.01967438E+003  -1.41060179E+004  -2.30647840E+002   1.09297925E+001  -3.90185854E+000   1.83253154E-001   1.18450082E+001   0.00000000E+000   1.38482965E+015   1.95336894E+014   1.00000000E-014   2.60000000E-012
       261     1.19999997E+001   7.10061447E+003   7.01328184E-020  -2.82678221E-020  -1.19999997E+001  -4.80122231E-020  -3.46944695E-019   0.00000000E+000  -7.01308851E+003  -7.01981392E+003  -1.41057772E+004  -2.30754128E+002   1.09698764E+001  -3.91861345E+000   1.83984838E-001   1.18443902E+001   0.00000000E+000   1.38797509E+015   1.95554801E+014   1.00000000E-014   2.61000000E-012
       262     1.19999997E+001   7.10027220E+003  -3.86659373E-020  -3.30556262E-020  -1.19999997E+001  -5.64051048E-020  -3.46944695E-019   0.00000000E+000  -7.01318951E+003  -7.01994838E+003  -1.41055417E+004  -2.30858088E+002   1.10097941E+001  -3.93184013E+000   1.84699795E-001   1.18437858E+001   0.00000000E+000   1.39140982E+015   1.95817343E+014   1.00000000E-014   2.62000000E-012
       263     1.19999997E+001   7.09992422E+003   2.73715719E-020   2.25182965E-020  -1.19999997E+001   2.87532789E-020   6.93889390E-019  -1.04083409E-018  -7.01329107E+003  -7.02008622E+003  -1.41053023E+004  -2.30963781E+002   1.10499859E+001  -3.94716515E+000   1.85427103E-001   1.18431713E+001   0.00000000E+000   1.39493098E+015   1.96080751E+014   1.00000000E-014   2.63000000E-012
       264     1.19999997E+001   7.09958068E+003   4.82506859E-021  -1.84059887E-020  -1.19999997E+001  -1.69354891E-021   0.00000000E+000   0.00000000E+000  -7.01339245E+003  -7.02022120E+003  -1.41050659E+004  -2.31068131E+002   1.10899405E+001  -3.95973272E+000   1.86144504E-001   1.18425646E+001   0.00000000E+000   1.39914028E+015   1.95986957E+014   1.00000000E-014   2.64000000E-012
       265     1.19999997E+001   7.09922826E+003   2.82418486E-020  -1.62797158E-021  -1.19999997E+001  -2.00721366E-020   3.46944695E-019   0.00000000E+000  -7.01349443E+003  -7.02036168E+003  -1.41048235E+004  -2.31175178E+002   1.11301885E+001  -3.97672892E+000   1.86881377E-001   1.18419422E+001   0.00000000E+000   1.40248051E+015   1.96186766E+014   1.00000000E-014   2.65000000E-012
       266     1.19999997E+001   7.09888352E+003  -1.69367505E-020   2.46121698E-020  -1.19999997E+001  -3.93313525E-021  -3.46944695E-019   0.00000000E+000  -7.01359375E+003  -7.02049954E+003  -1.41045863E+004  -2.31279893E+002   1.11678450E+001  -3.98659843E+000   1.87599590E-001   1.18413334E+001   0.00000000E+000   1.40534590E+015   1.96306117E+014   1.00000000E-014   2.66000000E-012
       267     1.19999997E+001   7.09853306E+003   7.44131059E-020   3.23555652E-020  -1.19999997E+001  -3.01600262E-021  -3.46944695E-019  -3.46944695E-019  -7.01369640E+003  -7.02063801E+003  -1.41043452E+004  -2.31386347E+002   1.12073565E+001  -4.00161724E+000   1.88331437E-001   1.18407145E+001   0.00000000E+000   1.40926745E+015   1.96141200E+014   1.00000000E-014   2.67000000E-012
       268     1.19999997E+001   7.09818899E+003   5.06581124E-020   5.52808267E-020  -1.19999997E+001  -1.94287355E-020  -6.93889390E-019  -3.46944695E-019  -7.01379805E+003  -7.02077309E+003  -1.41041085E+004  -2.31490864E+002   1.12472545E+001  -4.01424683E+000   1.89049925E-001   1.18401069E+001   0.00000000E+000   1.41333832E+015   1.96289711E+014   1.00000000E-014   2.68000000E-012
       269     1.19999997E+001   7.09783432E+003   4.60854373E-020   7.54832294E-021  -1.19999997E+001   3.27200148E-020  -3.46944695E-019   3.46944695E-019  -7.01390073E+003  -7.02091445E+003  -1.41038644E+004  -2.31598604E+002   1.12876415E+001  -4.03081650E+000   1.89791365E-001   1.18394806E+001   0.00000000E+000   1.41732521E+015   1.96448675E+014   1.00000000E-014   2.69000000E-012
       270     1.19999997E+001   7.09747435E+003   2.62368042E-020   2.15182765E-020  -1.19999997E+001  -1.92389699E-020  -3.46944695E-019   0.00000000E+000  -7.01401003E+003  -7.02105284E+003  -1.41036167E+004  -2.31707959E+002   1.13314760E+001  -4.05008963E+000   1.90545369E-001   1.18388449E+001   0.00000000E+000   1.42185310E+015   1.96007610E+014   1.00000000E-014   2.70000000E-012
       271     1.19999997E+001   7.09712874E+003   4.63624290E-020  -1.20558989E-020  -1.19999997E+001   4.30401140E-020   1.04083409E-018   0.00000000E+000  -7.01411087E+003  -7.02118981E+003  -1.41033789E+004  -2.31812950E+002   1.13703641E+001  -4.06224970E+000   1.91266511E-001   1.18382345E+001   0.00000000E+000   1.42571860E+015   1.96464967E+014   1.00000000E-014   2.71000000E-012
       272     1.19999997E+001   7.09676950E+003   8.71103903E-021  -3.23115680E-020  -1.19999997E+001  -3.70809530E-020   0.00000000E+000   3.46944695E-019  -7.01421388E+003  -7.02133399E+003  -1.41031317E+004  -2.31922085E+002   1.14122358E+001  -4.07552256E+000   1.92017349E-001   1.18376001E+001   0.00000000E+000   1.42874074E+015   1.96562911E+014   1.00000000E-014   2.72000000E-012
       273     1.19999997E+001   7.09641054E+003   2.14576777E-020   1.04983799E-020  -1.19999997E+001   3.00048730E-020   0.00000000E+000  -1.04083409E-018  -7.01431838E+003  -7.02147648E+003  -1.41028847E+004  -2.32031132E+002   1.14506334E+001  -4.09056392E+000   1.92765889E-001   1.18369662E+001   0.00000000E+000   1.43148726E+015   1.97316151E+014   1.00000000E-014   2.73000000E-012
       274     1.19999997E+001   7.09605198E+003   5.75938176E-020   2.04774067E-020  -1.19999997E+001   3.57129930E-021   0.00000000E+000  -3.46944695E-019  -7.01442164E+003  -7.02161995E+003  -1.41026380E+004  -2.32140062E+002   1.14908397E+001  -4.10617928E+000   1.93514971E-001   1.18363330E+001   0.00000000E+000   1.43552504E+015   1.97385343E+014   1.00000000E-014   2.74000000E-012
       275     1.19999997E+001   7.09569852E+003  -3.97259435E-020   1.05220295E-020  -1.19999997E+001   8.76375112E-021   0.00000000E+000   1.04083409E-018  -7.01452475E+003  -7.02176007E+003  -1.41023948E+004  -2.32247444E+002   1.15308792E+001  -4.11909451E+000   1.94252821E-001   1.18357088E+001   0.00000000E+000   1.43988655E+015   1.97452076E+014   1.00000000E-014   2.75000000E-012
       276     1.19999997E+001   7.09533435E+003   8.72579684E-020  -2.54485217E-021  -1.19999997E+001   9.51424175E-021   0.00000000E+000   0.00000000E+000  -7.01462904E+003  -7.02190637E+003  -1.41021442E+004  -2.32358081E+002   1.15708572E+001  -4.13093790E+000   1.95012241E-001   1.18350657E+001   0.00000000E+000   1.44251904E+015   1.97499683E+014   1.00000000E-014   2.76000000E-012
       277     1.19999997E+001   7.09497769E+003   2.00134507E-021   5.16091426E-021  -1.19999997E+001   3.53503829E-020   3.46944695E-019  -6.93889390E-019  -7.01473247E+003  -7.02204838E+003  -1.41018988E+004  -2.32466442E+002   1.16107201E+001  -4.14402190E+000   1.95756622E-001   1.18344359E+001   0.00000000E+000   1.44648011E+015   1.97539157E+014   1.00000000E-014   2.77000000E-012
       278     1.19999997E+001   7.09461730E+003  -4.65098197E-020  -7.31811599E-021  -1.19999997E+001  -5.91775402E-020   3.46944695E-019   0.00000000E+000  -7.01483641E+003  -7.02219245E+003  -1.41016508E+004  -2.32575935E+002   1.16507252E+001  -4.15815616E+000   1.96508947E-001   1.18337994E+001   0.00000000E+000   1.45053452E+015   1.97567313E+014   1.00000000E-014   2.78000000E-012
       279     1.19999997E+001   7.09425673E+003  -9.86474919E-021  -1.82810327E-020  -1.19999997E+001   2.85381628E-020  -3.46944695E-019   3.46944695E-019  -7.01494089E+003  -7.02233611E+003  -1.41014026E+004  -2.32685487E+002   1.16909433E+001  -4.17168810E+000   1.97261559E-001   1.18331627E+001   0.00000000E+000   1.45546140E+015   1.97254245E+014   1.00000000E-014   2.79000000E-012
       280     1.19999997E+001   7.09389636E+003   2.72086173E-020   2.30630582E-020  -1.19999997E+001  -3.58234242E-020   1.04083409E-018   6.93889390E-019  -7.01504755E+003  -7.02247744E+003  -1.41011546E+004  -2.32794975E+002   1.17292732E+001  -4.18279577E+000   1.98011755E-001   1.18325263E+001   0.00000000E+000   1.46004492E+015   1.97120900E+014   1.00000000E-014   2.80000000E-012
       281     1.19999997E+001   7.09352126E+003  -2.97890900E-020   2.30901781E-020  -1.19999997E+001  -1.88204398E-020  -6.93889390E-019  -1.73472348E-018  -7.01515335E+003  -7.02262977E+003  -1.41008965E+004  -2.32908942E+002   1.17692487E+001  -4.19710516E+000   1.98794159E-001   1.18318639E+001   0.00000000E+000   1.46194825E+015   1.98465908E+014   1.00000000E-014   2.81000000E-012
       282     1.19999997E+001   7.09316354E+003   3.97036561E-020  -2.53809411E-020  -1.19999997E+001  -1.25105769E-020   3.46944695E-019   3.46944695E-019  -7.01525865E+003  -7.02277066E+003  -1.41006503E+004  -2.33017631E+002   1.18087420E+001  -4.20795462E+000   1.99539732E-001   1.18312322E+001   0.00000000E+000   1.46640205E+015   1.98499337E+014   1.00000000E-014   2.82000000E-012
       283     1.19999997E+001   7.09279493E+003   3.06323618E-020  -2.08488082E-020  -1.19999997E+001   3.45804044E-020   0.00000000E+000   0.00000000E+000  -7.01536577E+003  -7.02291722E+003  -1.41003966E+004  -2.33129633E+002   1.18495364E+001  -4.22252261E+000   2.00309151E-001   1.18305812E+001   0.00000000E+000   1.47086592E+015   1.98037910E+014   1.00000000E-014   2.83000000E-012
       284     1.19999997E+001   7.09243354E+003   9.74777138E-020  -1.49529853E-020  -1.19999997E+001  -5.66781054E-021  -3.46944695E-019   3.46944695E-019  -7.01547206E+003  -7.02305965E+003  -1.41001479E+004  -2.33239442E+002   1.18896884E+001  -4.23401700E+000   2.01062699E-001   1.18299431E+001   0.00000000E+000   1.47559017E+015   1.97967394E+014   1.00000000E-014   2.84000000E-012
       285     1.19999997E+001   7.09205458E+003   7.42303817E-020  -4.47099186E-020  -1.19999997E+001   1.88354454E-020  -1.04083409E-018   1.04083409E-018  -7.01558169E+003  -7.02321085E+003  -1.40998871E+004  -2.33354597E+002   1.19318143E+001  -4.25113330E+000   2.01854490E-001   1.18292738E+001   0.00000000E+000   1.47769220E+015   1.99566505E+014   1.00000000E-014   2.85000000E-012
       286     1.19999997E+001   7.09168973E+003  -5.30034331E-020   2.53732483E-021  -1.19999997E+001  -2.61848999E-021  -1.04083409E-018   3.46944695E-019  -7.01568870E+003  -7.02335495E+003  -1.40996360E+004  -2.33465461E+002   1.19720306E+001  -4.26204414E+000   2.02614972E-001   1.18286295E+001   0.00000000E+000   1.48197059E+015   1.99511145E+014   1.00000000E-014   2.86000000E-012
       287     1.19999997E+001   7.09131376E+003   5.41541705E-021  -1.89047166E-020  -1.19999997E+001  -2.89504012E-020  -3.46944695E-019   0.00000000E+000  -7.01579904E+003  -7.02350339E+003  -1.40993772E+004  -2.33579711E+002   1.20144580E+001  -4.27705984E+000   2.03400164E-001   1.18279656E+001   0.00000000E+000   1.48511966E+015   2.00466036E+014   1.00000000E-014   2.87000000E-012
       288     1.19999997E+001   7.09094449E+003  -1.70792014E-020   1.72861568E-020  -1.19999997E+001  -8.06668601E-021  -3.46944695E-019   0.00000000E+000  -7.01590789E+003  -7.02364870E+003  -1.40991230E+004  -2.33691924E+002   1.20557839E+001  -4.28973082E+000   2.04170580E-001   1.18273135E+001   0.00000000E+000   1.49077063E+015   1.99876703E+014   1.00000000E-014   2.88000000E-012
       289     1.19999997E+001   7.09055507E+003   1.30640563E-020   2.77208903E-022  -1.19999997E+001   1.41956310E-020   3.46944695E-019  -6.93889390E-019  -7.01602312E+003  -7.02380151E+003  -1.40988550E+004  -2.33810259E+002   1.20952973E+001  -4.30440980E+000   2.04981048E-001   1.18266258E+001   0.00000000E+000   1.49043247E+015   2.01560359E+014   1.00000000E-014   2.89000000E-012
       290     1.19999997E+001   7.09017872E+003  -6.98449596E-020   1.87953116E-020  -1.19999997E+001   1.65210115E-020   0.00000000E+000   3.46944695E-019  -7.01613255E+003  -7.02395113E+003  -1.40985960E+004  -2.33924629E+002   1.21365482E+001  -4.31994154E+000   2.05766680E-001   1.18259612E+001   0.00000000E+000   1.49357090E+015   2.02182392E+014   1.00000000E-014   2.90000000E-012
       291     1.19999997E+001   7.08979957E+003   2.01002924E-020   4.18903184E-020  -1.19999997E+001  -3.83745513E-020   3.46944695E-019   0.00000000E+000  -7.01624552E+003  -7.02409915E+003  -1.40983350E+004  -2.34039853E+002   1.21801238E+001  -4.33415714E+000   2.06558520E-001   1.18252917E+001   0.00000000E+000   1.49492326E+015   2.02087220E+014   1.00000000E-014   2.91000000E-012
       292     1.19999997E+001   7.08942088E+003   4.00391270E-020  -2.42505264E-020  -1.19999997E+001  -1.67336958E-020   6.93889390E-019   1.04083409E-018  -7.01635577E+003  -7.02424957E+003  -1.40980743E+004  -2.34154941E+002   1.22216499E+001  -4.35002248E+000   2.07349133E-001   1.18246229E+001   0.00000000E+000   1.49940624E+015   2.01804202E+014   1.00000000E-014   2.92000000E-012
       293     1.19999997E+001   7.08904207E+003   9.86268124E-021  -3.12832832E-020  -1.19999997E+001  -3.25393414E-020  -3.46944695E-019   3.46944695E-019  -7.01646662E+003  -7.02439947E+003  -1.40978135E+004  -2.34270061E+002   1.22630784E+001  -4.36207269E+000   2.08138873E-001   1.18239540E+001   0.00000000E+000   1.50426811E+015   2.01760304E+014   1.00000000E-014   2.93000000E-012
       294     1.19999997E+001   7.08865847E+003   2.02985159E-020   1.12747819E-021  -1.19999997E+001   5.99309983E-020  -3.46944695E-019  -6.93889390E-019  -7.01657739E+003  -7.02455276E+003  -1.40975495E+004  -2.34386645E+002   1.23041985E+001  -4.37724430E+000   2.08939162E-001   1.18232766E+001   0.00000000E+000   1.50946997E+015   2.01195154E+014   1.00000000E-014   2.94000000E-012
       295     1.19999997E+001   7.08828344E+003  -2.09203283E-020   4.29295842E-020  -1.19999997E+001  -1.02498987E-020  -1.04083409E-018   6.93889390E-019  -7.01668739E+003  -7.02470093E+003  -1.40972913E+004  -2.34500624E+002   1.23451922E+001  -4.39032967E+000   2.09721311E-001   1.18226143E+001   0.00000000E+000   1.51413062E+015   2.01117676E+014   1.00000000E-014   2.95000000E-012
       296     1.19999997E+001   7.08789297E+003   3.67770859E-020   1.40445549E-020  -1.19999997E+001  -7.58269747E-021  -3.46944695E-019   1.04083409E-018  -7.01679949E+003  -7.02485763E+003  -1.40970225E+004  -2.34619300E+002   1.23867168E+001  -4.40431807E+000   2.10535517E-001   1.18219248E+001   0.00000000E+000   1.51702604E+015   2.01109997E+014   1.00000000E-014   2.96000000E-012
       297     1.19999997E+001   7.08751642E+003   2.35627742E-020   4.20514842E-020  -1.19999997E+001  -4.09057615E-022  -1.04083409E-018   0.00000000E+000  -7.01690980E+003  -7.02500653E+003  -1.40967633E+004  -2.34733744E+002   1.24274745E+001  -4.41706262E+000   2.11320566E-001   1.18212598E+001   0.00000000E+000   1.52165539E+015   2.01101812E+014   1.00000000E-014   2.97000000E-012
       298     1.19999997E+001   7.08712777E+003  -5.09579653E-020  -1.17498731E-020  -1.19999997E+001   4.83897143E-020   1.04083409E-018   3.46944695E-019  -7.01702344E+003  -7.02516047E+003  -1.40964957E+004  -2.34851873E+002   1.24701763E+001  -4.43268916E+000   2.12131894E-001   1.18205735E+001   0.00000000E+000   1.52419951E+015   2.01066396E+014   1.00000000E-014   2.98000000E-012
       299     1.19999997E+001   7.08674509E+003   2.75323138E-020  -1.40123155E-020  -1.19999997E+001   4.41099128E-020   3.46944695E-019   0.00000000E+000  -7.01713467E+003  -7.02531269E+003  -1.40962323E+004  -2.34968185E+002   1.25109332E+001  -4.44621185E+000   2.12929676E-001   1.18198977E+001   0.00000000E+000   1.52563972E+015   2.00740136E+014   1.00000000E-014   2.99000000E-012
       300     1.19999997E+001   7.08634985E+003   3.78679355E-020  -2.56306876E-020  -1.19999997E+001  -3.22144559E-020   1.04083409E-018   1.04083409E-018  -7.01725131E+003  -7.02546816E+003  -1.40959602E+004  -2.35088321E+002   1.25537063E+001  -4.46220906E+000   2.13754293E-001   1.18191998E+001   0.00000000E+000   1.52738130E+015   2.00175739E+014   1.00000000E-014   3.00000000E-012
       301     1.19999997E+001   7.08596389E+003   4.04936265E-020   2.86228687E-020  -1.19999997E+001   4.56556946E-020  -3.46944695E-019  -3.46944695E-019  -7.01736527E+003  -7.02561992E+003  -1.40956945E+004  -2.35205637E+002   1.25961691E+001  -4.47606834E+000   2.14559489E-001   1.18185182E+001   0.00000000E+000   1.53178852E+015   1.99932237E+014   1.00000000E-014   3.01000000E-012
       302     1.19999997E+001   7.08557357E+003  -6.19161232E-021   3.61946939E-020  -1.19999997E+001   8.31815409E-021  -3.46944695E-019   3.46944695E-019  -7.01747870E+003  -7.02577522E+003  -1.40954257E+004  -2.35324281E+002   1.26380010E+001  -4.49227120E+000   2.15374015E-001   1.18178290E+001   0.00000000E+000   1.53645757E+015   1.99871803E+014   1.00000000E-014   3.02000000E-012
       303     1.19999997E+001   7.08518493E+003  -7.03529674E-020  -3.81934104E-020  -1.19999997E+001  -9.10253327E-021   6.93889390E-019   0.00000000E+000  -7.01759179E+003  -7.02592969E+003  -1.40951582E+004  -2.35442404E+002   1.26716157E+001  -4.50308175E+000   2.16179215E-001   1.18171427E+001   0.00000000E+000   1.53287043E+015   2.03645166E+014   1.00000000E-014   3.03000000E-012
       304     1.19999997E+001   7.08479354E+003   4.88658808E-020  -4.56112705E-020  -1.19999997E+001  -6.27643246E-020   3.46944695E-019   6.93889390E-019  -7.01770553E+003  -7.02608543E+003  -1.40948887E+004  -2.35561380E+002   1.27137729E+001  -4.51933042E+000   2.16996140E-001   1.18164515E+001   0.00000000E+000   1.54119490E+015   1.99144034E+014   1.00000000E-014   3.04000000E-012
       305     1.19999997E+001   7.08440656E+003  -2.08571133E-020   2.40596545E-020  -1.19999997E+001  -4.30736907E-020   1.38777878E-018  -1.04083409E-018  -7.01781911E+003  -7.02623829E+003  -1.40946223E+004  -2.35679013E+002   1.27556438E+001  -4.53285334E+000   2.17803154E-001   1.18157682E+001   0.00000000E+000   1.54503748E+015   1.98867300E+014   1.00000000E-014   3.05000000E-012
       306     1.19999997E+001   7.08401206E+003   1.32966337E-020  -1.19043181E-020  -1.19999997E+001  -1.10141813E-020   3.46944695E-019   0.00000000E+000  -7.01793425E+003  -7.02639479E+003  -1.40943506E+004  -2.35798943E+002   1.27984607E+001  -4.54954390E+000   2.18626810E-001   1.18150715E+001   0.00000000E+000   1.54936311E+015   1.98871180E+014   1.00000000E-014   3.06000000E-012
       307     1.19999997E+001   7.08360903E+003   4.94531170E-020  -1.44860186E-020  -1.19999997E+001   2.73153598E-020  -3.46944695E-019   0.00000000E+000  -7.01805192E+003  -7.02655464E+003  -1.40940731E+004  -2.35921461E+002   1.28424295E+001  -4.56498515E+000   2.19467978E-001   1.18143598E+001   0.00000000E+000   1.54802834E+015   1.99758483E+014   1.00000000E-014   3.07000000E-012
       308     1.19999997E+001   7.08321247E+003  -2.07696638E-020  -1.26907187E-020  -1.19999997E+001  -3.49849140E-020   0.00000000E+000   6.93889390E-019  -7.01816753E+003  -7.02671209E+003  -1.40938000E+004  -2.36042020E+002   1.28853429E+001  -4.58270380E+000   2.20296148E-001   1.18136596E+001   0.00000000E+000   1.55223334E+015   1.99297259E+014   1.00000000E-014   3.08000000E-012
       309     1.19999997E+001   7.08281440E+003   1.51811217E-020  -2.61343475E-020  -1.19999997E+001  -7.90190970E-021   6.93889390E-019   0.00000000E+000  -7.01828730E+003  -7.02686642E+003  -1.40935259E+004  -2.36163034E+002   1.29269058E+001  -4.59807257E+000   2.21125443E-001   1.18129566E+001   0.00000000E+000   1.55508419E+015   2.00318415E+014   1.00000000E-014   3.09000000E-012
       310     1.19999997E+001   7.08241881E+003  -5.08083284E-021   2.08349736E-020  -1.19999997E+001   3.85084570E-020   3.46944695E-019   3.46944695E-019  -7.01840379E+003  -7.02702235E+003  -1.40932535E+004  -2.36283306E+002   1.29706629E+001  -4.61686801E+000   2.21952264E-001   1.18122581E+001   0.00000000E+000   1.55934521E+015   2.00109453E+014   1.00000000E-014   3.10000000E-012
       311     1.19999997E+001   7.08202600E+003   3.02352091E-020  -2.21024521E-020  -1.19999997E+001   5.27088978E-022   3.46944695E-019   6.93889390E-019  -7.01852000E+003  -7.02717664E+003  -1.40929830E+004  -2.36402731E+002   1.30138531E+001  -4.63209561E+000   2.22772181E-001   1.18115644E+001   0.00000000E+000   1.56312759E+015   2.00000714E+014   1.00000000E-014   3.11000000E-012
       312     1.19999997E+001   7.08161843E+003  -6.51234126E-020  -1.31155690E-020  -1.19999997E+001   2.13045601E-020   3.46944695E-019   0.00000000E+000  -7.01863790E+003  -7.02733942E+003  -1.40927024E+004  -2.36526647E+002   1.30574888E+001  -4.65162809E+000   2.23623634E-001   1.18108447E+001   0.00000000E+000   1.56525753E+015   2.01314818E+014   1.00000000E-014   3.12000000E-012
       313     1.19999997E+001   7.08122146E+003   2.42285467E-021  -1.59037984E-020  -1.19999997E+001   2.41331391E-020   0.00000000E+000   0.00000000E+000  -7.01875501E+003  -7.02749569E+003  -1.40924290E+004  -2.36647343E+002   1.31005259E+001  -4.66676592E+000   2.24451938E-001   1.18101437E+001   0.00000000E+000   1.56957187E+015   2.01293917E+014   1.00000000E-014   3.13000000E-012
       314     1.19999997E+001   7.08081691E+003  -2.67896193E-020   3.13128704E-020  -1.19999997E+001   1.91142431E-020   3.46944695E-019   0.00000000E+000  -7.01887316E+003  -7.02765614E+003  -1.40921504E+004  -2.36770344E+002   1.31440425E+001  -4.68455514E+000   2.25296647E-001   1.18094294E+001   0.00000000E+000   1.57376522E+015   2.00860090E+014   1.00000000E-014   3.14000000E-012
       315     1.19999997E+001   7.08041837E+003  -5.95803616E-020  -1.79890690E-020  -1.19999997E+001   5.10642891E-020   6.93889390E-019  -6.93889390E-019  -7.01899068E+003  -7.02781308E+003  -1.40918759E+004  -2.36891522E+002   1.31870031E+001  -4.69934421E+000   2.26128032E-001   1.18087256E+001   0.00000000E+000   1.57817868E+015   2.00849419E+014   1.00000000E-014   3.15000000E-012
       316     1.19999997E+001   7.07999088E+003  -5.16115621E-020   2.17823952E-020  -1.19999997E+001   5.08570209E-020   0.00000000E+000  -6.93889390E-019  -7.01911496E+003  -7.02798322E+003  -1.40915815E+004  -2.37021505E+002   1.32333558E+001  -4.71691343E+000   2.27020682E-001   1.18079707E+001   0.00000000E+000   1.58399584E+015   2.00220976E+014   1.00000000E-014   3.16000000E-012
       317     1.19999997E+001   7.07957249E+003  -4.34785879E-020  -1.23191440E-020  -1.19999997E+001  -3.75732318E-021   6.93889390E-019   0.00000000E+000  -7.01923890E+003  -7.02814744E+003  -1.40912933E+004  -2.37148729E+002   1.32803797E+001  -4.73644518E+000   2.27895503E-001   1.18072319E+001   0.00000000E+000   1.58708666E+015   2.00883687E+014   1.00000000E-014   3.17000000E-012
       318     1.19999997E+001   7.07913185E+003   3.48415930E-020  -1.35312376E-020  -1.19999997E+001   2.28636366E-020  -3.46944695E-019   3.46944695E-019  -7.01937340E+003  -7.02831645E+003  -1.40909898E+004  -2.37282726E+002   1.33328968E+001  -4.76042345E+000   2.28818759E-001   1.18064538E+001   0.00000000E+000   1.58636530E+015   2.03629211E+014   1.00000000E-014   3.18000000E-012
       319     1.19999997E+001   7.07872150E+003   4.53189003E-020  -1.76621672E-021  -1.19999997E+001   5.56176172E-020   6.93889390E-019   3.46944695E-019  -7.01949542E+003  -7.02847706E+003  -1.40907072E+004  -2.37407503E+002   1.33772404E+001  -4.77517701E+000   2.29674632E-001   1.18057292E+001   0.00000000E+000   1.58663948E+015   2.05993740E+014   1.00000000E-014   3.19000000E-012
       320     1.19999997E+001   7.07829536E+003   3.81200705E-020  -7.28472116E-021  -1.19999997E+001  -4.41149612E-020  -1.04083409E-018  -3.46944695E-019  -7.01961669E+003  -7.02864930E+003  -1.40904137E+004  -2.37537086E+002   1.34201888E+001  -4.79070017E+000   2.30562677E-001   1.18049767E+001   0.00000000E+000   1.58439560E+015   2.09086946E+014   1.00000000E-014   3.20000000E-012
       321     1.19999997E+001   7.07788447E+003  -1.97570745E-020  -4.41671227E-020  -1.19999997E+001  -5.13428111E-020   1.04083409E-018  -3.46944695E-019  -7.01973652E+003  -7.02881247E+003  -1.40901307E+004  -2.37662030E+002   1.34625000E+001  -4.80456103E+000   2.31418700E-001   1.18042512E+001   0.00000000E+000   1.58275918E+015   2.10175733E+014   1.00000000E-014   3.21000000E-012
       322     1.19999997E+001   7.07748380E+003  -7.70771002E-020   9.84336140E-021  -1.19999997E+001   2.35799983E-020   3.46944695E-019  -1.04083409E-018  -7.01985521E+003  -7.02896975E+003  -1.40898547E+004  -2.37783874E+002   1.35049727E+001  -4.82055631E+000   2.32254478E-001   1.18035436E+001   0.00000000E+000   1.58395391E+015   2.09788080E+014   1.00000000E-014   3.22000000E-012
       323     1.19999997E+001   7.07708797E+003   1.71371363E-020   2.21658348E-020  -1.19999997E+001   2.35183475E-021  -3.46944695E-019   3.46944695E-019  -7.01997456E+003  -7.02912305E+003  -1.40895821E+004  -2.37904247E+002   1.35479571E+001  -4.83476689E+000   2.33080001E-001   1.18028447E+001   0.00000000E+000   1.58786078E+015   2.09399511E+014   1.00000000E-014   3.23000000E-012
       324     1.19999997E+001   7.07667831E+003   5.39521472E-020   2.33388751E-020  -1.19999997E+001  -2.83326937E-020  -1.38777878E-018   3.46944695E-019  -7.02009425E+003  -7.02928555E+003  -1.40892999E+004  -2.38028832E+002   1.35908450E+001  -4.85509770E+000   2.33935524E-001   1.18021213E+001   0.00000000E+000   1.58957904E+015   2.10792728E+014   1.00000000E-014   3.24000000E-012
       325     1.19999997E+001   7.07627811E+003   6.23859618E-022   2.66339801E-020  -1.19999997E+001  -1.06807228E-020   0.00000000E+000   3.46944695E-019  -7.02021353E+003  -7.02944193E+003  -1.40890242E+004  -2.38150537E+002   1.36330228E+001  -4.86751437E+000   2.34769226E-001   1.18014146E+001   0.00000000E+000   1.59255982E+015   2.10468212E+014   1.00000000E-014   3.25000000E-012
       326     1.19999997E+001   7.07587221E+003  -5.86509092E-020  -5.79309738E-021  -1.19999997E+001   1.53978740E-020   0.00000000E+000   0.00000000E+000  -7.02033313E+003  -7.02960193E+003  -1.40887446E+004  -2.38273980E+002   1.36751786E+001  -4.88193112E+000   2.35615163E-001   1.18006978E+001   0.00000000E+000   1.59621529E+015   2.10327619E+014   1.00000000E-014   3.26000000E-012
       327     1.19999997E+001   7.07547422E+003   7.31890440E-021  -4.35208710E-020  -1.19999997E+001   1.38136666E-020  -6.93889390E-019   0.00000000E+000  -7.02045210E+003  -7.02975712E+003  -1.40884705E+004  -2.38395018E+002   1.37172033E+001  -4.89625044E+000   2.36444777E-001   1.17999951E+001   0.00000000E+000   1.60068604E+015   2.10070588E+014   1.00000000E-014   3.27000000E-012
       328     1.19999997E+001   7.07505993E+003   4.21607341E-020   8.83594330E-021  -1.19999997E+001   3.32491658E-020  -1.04083409E-018   0.00000000E+000  -7.02057645E+003  -7.02991815E+003  -1.40881851E+004  -2.38521015E+002   1.37596468E+001  -4.91235781E+000   2.37307888E-001   1.17992635E+001   0.00000000E+000   1.60699859E+015   2.08570826E+014   1.00000000E-014   3.28000000E-012
       329     1.19999997E+001   7.07465836E+003   5.01204992E-020   1.64123594E-020  -1.19999997E+001  -1.31747641E-020  -6.93889390E-019   3.46944695E-019  -7.02069597E+003  -7.03007526E+003  -1.40879085E+004  -2.38643148E+002   1.38013576E+001  -4.92535363E+000   2.38144358E-001   1.17985544E+001   0.00000000E+000   1.61155039E+015   2.08404021E+014   1.00000000E-014   3.29000000E-012
       330     1.19999997E+001   7.07423814E+003   8.39214023E-021   6.43037800E-021  -1.19999997E+001   3.36509377E-020   3.46944695E-019  -6.93889390E-019  -7.02082311E+003  -7.03023763E+003  -1.40876190E+004  -2.38770961E+002   1.38480811E+001  -4.94203217E+000   2.39021837E-001   1.17978124E+001   0.00000000E+000   1.61130765E+015   2.10151407E+014   1.00000000E-014   3.30000000E-012
       331     1.19999997E+001   7.07384003E+003  -1.46283169E-020   4.43562782E-020  -1.19999997E+001   1.10149412E-020   6.93889390E-019   0.00000000E+000  -7.02094261E+003  -7.03039239E+003  -1.40873447E+004  -2.38892045E+002   1.38896082E+001  -4.95376225E+000   2.39850778E-001   1.17971094E+001   0.00000000E+000   1.61592785E+015   2.09812635E+014   1.00000000E-014   3.31000000E-012
       332     1.19999997E+001   7.07341984E+003  -2.38738283E-020   2.44208119E-020  -1.19999997E+001  -5.76377073E-020  -1.04083409E-018   6.93889390E-019  -7.02106544E+003  -7.03055905E+003  -1.40870552E+004  -2.39019853E+002   1.39337809E+001  -4.97314035E+000   2.40728176E-001   1.17963675E+001   0.00000000E+000   1.61573235E+015   2.12601775E+014   1.00000000E-014   3.32000000E-012
       333     1.19999997E+001   7.07301342E+003  -5.69500824E-020  -3.73889359E-020  -1.19999997E+001   4.37070629E-020   1.04083409E-018  -3.46944695E-019  -7.02118604E+003  -7.03071845E+003  -1.40867752E+004  -2.39143472E+002   1.39756511E+001  -4.98777845E+000   2.41575071E-001   1.17956498E+001   0.00000000E+000   1.62045541E+015   2.12232778E+014   1.00000000E-014   3.33000000E-012
       334     1.19999997E+001   7.07260752E+003  -2.26106719E-020  -2.42406687E-020  -1.19999997E+001   8.03005820E-020  -3.46944695E-019   3.46944695E-019  -7.02130663E+003  -7.03087750E+003  -1.40864956E+004  -2.39266934E+002   1.40173293E+001  -5.00155307E+000   2.42420585E-001   1.17949331E+001   0.00000000E+000   1.62523350E+015   2.11871587E+014   1.00000000E-014   3.34000000E-012
       335     1.19999997E+001   7.07219659E+003   4.63152487E-020   5.11690618E-020  -1.19999997E+001   2.93394578E-020   6.93889390E-019   0.00000000E+000  -7.02142859E+003  -7.03103867E+003  -1.40862125E+004  -2.39391932E+002   1.40597012E+001  -5.01631398E+000   2.43276935E-001   1.17942074E+001   0.00000000E+000   1.63100261E+015   2.10685367E+014   1.00000000E-014   3.35000000E-012
       336     1.19999997E+001   7.07177831E+003  -3.00949193E-020  -1.13620857E-020  -1.19999997E+001  -2.44148924E-020   0.00000000E+000   0.00000000E+000  -7.02155221E+003  -7.03120323E+003  -1.40859243E+004  -2.39519164E+002   1.41027090E+001  -5.03070395E+000   2.44148455E-001   1.17934688E+001   0.00000000E+000   1.63277057E+015   2.12372950E+014   1.00000000E-014   3.36000000E-012
       337     1.19999997E+001   7.07135256E+003  -5.26965749E-022  -2.85425288E-020  -1.19999997E+001  -1.23605392E-020   6.93889390E-019   0.00000000E+000  -7.02167810E+003  -7.03137069E+003  -1.40856309E+004  -2.39648678E+002   1.41475084E+001  -5.05089738E+000   2.45037512E-001   1.17927171E+001   0.00000000E+000   1.63882908E+015   2.11068427E+014   1.00000000E-014   3.37000000E-012
       338     1.19999997E+001   7.07093847E+003  -5.16072711E-020   4.89516439E-021  -1.19999997E+001  -3.01387793E-020   6.93889390E-019  -1.38777878E-018  -7.02180217E+003  -7.03153194E+003  -1.40853456E+004  -2.39774647E+002   1.41907574E+001  -5.06596853E+000   2.45900680E-001   1.17919859E+001   0.00000000E+000   1.64193353E+015   2.10726789E+014   1.00000000E-014   3.38000000E-012
       339     1.19999997E+001   7.07051600E+003   3.02473273E-020   1.20676604E-021  -1.19999997E+001  -2.60682894E-020   1.38777878E-018   0.00000000E+000  -7.02193183E+003  -7.03169339E+003  -1.40850545E+004  -2.39903170E+002   1.42375907E+001  -5.08493643E+000   2.46783216E-001   1.17912399E+001   0.00000000E+000   1.64935919E+015   2.08578033E+014   1.00000000E-014   3.39000000E-012
       340     1.19999997E+001   7.07010139E+003   7.22774806E-020  -1.99851890E-020  -1.19999997E+001  -3.43252037E-020   2.08166817E-018   0.00000000E+000  -7.02205764E+003  -7.03185326E+003  -1.40847688E+004  -2.40029296E+002   1.42796839E+001  -5.09896038E+000   2.47646306E-001   1.17905078E+001   0.00000000E+000   1.65516841E+015   2.07804004E+014   1.00000000E-014   3.40000000E-012
       341     1.19999997E+001   7.06968296E+003  -2.14723007E-020   2.53954400E-020  -1.19999997E+001  -5.63436142E-021   0.00000000E+000   0.00000000E+000  -7.02218142E+003  -7.03201781E+003  -1.40844805E+004  -2.40156592E+002   1.43220752E+001  -5.11577748E+000   2.48518507E-001   1.17897689E+001   0.00000000E+000   1.66012005E+015   2.07411898E+014   1.00000000E-014   3.41000000E-012
       342     1.19999997E+001   7.06925702E+003   4.87859545E-020   3.76215805E-020  -1.19999997E+001  -1.00400081E-020   0.00000000E+000   1.38777878E-018  -7.02231061E+003  -7.03218211E+003  -1.40841870E+004  -2.40286166E+002   1.43641630E+001  -5.12850890E+000   2.49404176E-001   1.17890168E+001   0.00000000E+000   1.66329814E+015   2.07219073E+014   1.00000000E-014   3.42000000E-012
       343     1.19999997E+001   7.06883817E+003   1.92040733E-020   1.61162907E-020  -1.19999997E+001   3.92445502E-021   0.00000000E+000   0.00000000E+000  -7.02243496E+003  -7.03234639E+003  -1.40838984E+004  -2.40413595E+002   1.44067695E+001  -5.14510439E+000   2.50277256E-001   1.17882772E+001   0.00000000E+000   1.66831546E+015   2.06988154E+014   1.00000000E-014   3.43000000E-012
       344     1.19999997E+001   7.06842392E+003  -5.52246456E-020  -6.80073158E-020  -1.19999997E+001  -9.19800026E-021  -6.93889390E-019  -6.93889390E-019  -7.02255882E+003  -7.03250798E+003  -1.40836129E+004  -2.40539624E+002   1.44488498E+001  -5.15888267E+000   2.51139936E-001   1.17875458E+001   0.00000000E+000   1.67332984E+015   2.06757034E+014   1.00000000E-014   3.44000000E-012
       345     1.19999997E+001   7.06799745E+003   3.97104597E-020  -2.74293091E-020  -1.19999997E+001   5.19428066E-021  -6.93889390E-019   4.16333634E-018  -7.02268579E+003  -7.03267491E+003  -1.40833190E+004  -2.40669377E+002   1.44926541E+001  -5.17486298E+000   2.52028900E-001   1.17867927E+001   0.00000000E+000   1.67971259E+015   2.05761293E+014   1.00000000E-014   3.45000000E-012
       346     1.19999997E+001   7.06757720E+003  -2.60168155E-020  -4.48821583E-020  -1.19999997E+001  -6.58030449E-020  -6.93889390E-019  -1.38777878E-018  -7.02281277E+003  -7.03283754E+003  -1.40830294E+004  -2.40797238E+002   1.45354395E+001  -5.18990306E+000   2.52904227E-001   1.17860507E+001   0.00000000E+000   1.68073259E+015   2.07245423E+014   1.00000000E-014   3.46000000E-012
       347     1.19999997E+001   7.06715284E+003   3.58339604E-020  -1.45577170E-020  -1.19999997E+001   1.02767265E-020   1.38777878E-018   0.00000000E+000  -7.02293931E+003  -7.03300345E+003  -1.40827370E+004  -2.40926355E+002   1.45789062E+001  -5.20798758E+000   2.53789272E-001   1.17853013E+001   0.00000000E+000   1.68823111E+015   2.04163138E+014   1.00000000E-014   3.47000000E-012
       348     1.19999997E+001   7.06673568E+003   4.60192576E-020   4.06430231E-020  -1.19999997E+001   3.63833738E-020   0.00000000E+000  -4.16333634E-018  -7.02306428E+003  -7.03316598E+003  -1.40824495E+004  -2.41053282E+002   1.46212870E+001  -5.22282011E+000   2.54658310E-001   1.17845647E+001   0.00000000E+000   1.69403657E+015   2.03296512E+014   1.00000000E-014   3.48000000E-012
       349     1.19999997E+001   7.06630764E+003  -4.25287467E-020  -9.00104855E-021  -1.19999997E+001  -1.73300956E-020   0.00000000E+000   0.00000000E+000  -7.02319167E+003  -7.03333359E+003  -1.40821545E+004  -2.41183526E+002   1.46651110E+001  -5.24131171E+000   2.55551172E-001   1.17838089E+001   0.00000000E+000   1.69917711E+015   2.02975641E+014   1.00000000E-014   3.49000000E-012
       350     1.19999997E+001   7.06588445E+003   3.97620757E-020  -2.63493421E-020  -1.19999997E+001   6.39787808E-020   1.38777878E-018   0.00000000E+000  -7.02331832E+003  -7.03349861E+003  -1.40818628E+004  -2.41312296E+002   1.47083168E+001  -5.25788499E+000   2.56433334E-001   1.17830617E+001   0.00000000E+000   1.70493616E+015   2.02260049E+014   1.00000000E-014   3.50000000E-012
       351     1.19999997E+001   7.06545317E+003   2.65544829E-020   2.05656953E-020  -1.19999997E+001  -2.82591367E-020   6.93889390E-019   6.93889390E-019  -7.02344504E+003  -7.03366914E+003  -1.40815656E+004  -2.41443530E+002   1.47510316E+001  -5.27557301E+000   2.57332243E-001   1.17823002E+001   0.00000000E+000   1.70985895E+015   2.01893331E+014   1.00000000E-014   3.51000000E-012
       352     1.19999997E+001   7.06502092E+003   8.80136715E-021  -2.84821446E-020  -1.19999997E+001  -1.05343105E-020  -1.38777878E-018   6.93889390E-019  -7.02357519E+003  -7.03383689E+003  -1.40812677E+004  -2.41575058E+002   1.47940610E+001  -5.29274675E+000   2.58232654E-001   1.17815369E+001   0.00000000E+000   1.71300931E+015   2.01675930E+014   1.00000000E-014   3.52000000E-012
       353     1.19999997E+001   7.06458094E+003   1.63933963E-020  -3.42241015E-020  -1.19999997E+001   1.52489092E-020  -1.38777878E-018   0.00000000E+000  -7.02370506E+003  -7.03401029E+003  -1.40809644E+004  -2.41708948E+002   1.48385905E+001  -5.31164855E+000   2.59150381E-001   1.17807600E+001   0.00000000E+000   1.71918070E+015   2.00398080E+014   1.00000000E-014   3.53000000E-012
       354     1.19999997E+001   7.06413090E+003  -2.71917428E-020  -2.91167576E-020  -1.19999997E+001  -1.99947752E-020  -6.93889390E-019   1.38777878E-018  -7.02384138E+003  -7.03418418E+003  -1.40806542E+004  -2.41845901E+002   1.48842217E+001  -5.33347145E+000   2.60089223E-001   1.17799654E+001   0.00000000E+000   1.72601051E+015   1.99016015E+014   1.00000000E-014   3.54000000E-012
       355     1.19999997E+001   7.06369158E+003   3.92232503E-020  -2.22101303E-020  -1.19999997E+001  -1.80788595E-020   0.00000000E+000   0.00000000E+000  -7.02397441E+003  -7.03435397E+003  -1.40803514E+004  -2.41979595E+002   1.49305048E+001  -5.35320982E+000   2.61006275E-001   1.17791897E+001   0.00000000E+000   1.72960608E+015   1.99319035E+014   1.00000000E-014   3.55000000E-012
       356     1.19999997E+001   7.06326348E+003  -4.04845353E-020  -1.77268114E-020  -1.19999997E+001  -4.30683166E-020   0.00000000E+000  -6.93889390E-019  -7.02410399E+003  -7.03451950E+003  -1.40800563E+004  -2.42109882E+002   1.49761408E+001  -5.36984980E+000   2.61899616E-001   1.17784338E+001   0.00000000E+000   1.73445343E+015   1.98871066E+014   1.00000000E-014   3.56000000E-012
       357     1.19999997E+001   7.06281473E+003  -5.05920206E-020  -4.38736597E-021  -1.19999997E+001   1.51794260E-020   6.93889390E-019   0.00000000E+000  -7.02423625E+003  -7.03469660E+003  -1.40797469E+004  -2.42246456E+002   1.50219390E+001  -5.39443530E+000   2.62837289E-001   1.17776414E+001   0.00000000E+000   1.73995012E+015   1.98637499E+014   1.00000000E-014   3.57000000E-012
       358     1.19999997E+001   7.06237052E+003  -6.92085475E-021  -2.59165612E-020  -1.19999997E+001   1.57961718E-020   6.93889390E-019  -1.38777878E-018  -7.02437405E+003  -7.03486502E+003  -1.40794407E+004  -2.42381648E+002   1.50709165E+001  -5.41174460E+000   2.63764629E-001   1.17768571E+001   0.00000000E+000   1.74484153E+015   1.98499733E+014   1.00000000E-014   3.58000000E-012
       359     1.19999997E+001   7.06191196E+003  -2.28669117E-020  -3.86048501E-020  -1.19999997E+001   4.68429072E-020   0.00000000E+000   1.38777878E-018  -7.02451363E+003  -7.03504160E+003  -1.40791246E+004  -2.42521216E+002   1.51215489E+001  -5.43721742E+000   2.64724312E-001   1.17760474E+001   0.00000000E+000   1.75064699E+015   1.97884727E+014   1.00000000E-014   3.59000000E-012
       360     1.19999997E+001   7.06146373E+003  -3.42826659E-020   1.57905470E-020  -1.19999997E+001  -1.73122285E-020   0.00000000E+000   0.00000000E+000  -7.02464921E+003  -7.03521501E+003  -1.40788156E+004  -2.42657638E+002   1.51690871E+001  -5.45130424E+000   2.65658792E-001   1.17752560E+001   0.00000000E+000   1.75684749E+015   1.96906017E+014   1.00000000E-014   3.60000000E-012
       361     1.19999997E+001   7.06099329E+003  -1.70958380E-020   5.15141616E-020  -1.19999997E+001  -2.19871224E-020   0.00000000E+000   0.00000000E+000  -7.02479314E+003  -7.03539544E+003  -1.40784913E+004  -2.42800825E+002   1.52215892E+001  -5.47254308E+000   2.66642351E-001   1.17744253E+001   0.00000000E+000   1.75388666E+015   1.96727076E+014   1.00000000E-014   3.61000000E-012
       362     1.19999997E+001   7.06051243E+003   5.99940863E-020   4.15774063E-020  -1.19999997E+001   3.47746730E-020   1.38777878E-018  -6.93889390E-019  -7.02493756E+003  -7.03558255E+003  -1.40781598E+004  -2.42947189E+002   1.52727313E+001  -5.49140811E+000   2.67646098E-001   1.17735763E+001   0.00000000E+000   1.74874356E+015   1.99375087E+014   1.00000000E-014   3.62000000E-012
       363     1.19999997E+001   7.06003428E+003   7.36660584E-020   2.20797667E-020  -1.19999997E+001  -3.94234280E-021   0.00000000E+000  -6.93889390E-019  -7.02508643E+003  -7.03576336E+003  -1.40778301E+004  -2.43092728E+002   1.53278202E+001  -5.50765621E+000   2.68645028E-001   1.17727320E+001   0.00000000E+000   1.73962988E+015   1.99689121E+014   1.00000000E-014   3.63000000E-012
       364     1.19999997E+001   7.05957888E+003  -1.92289714E-020  -4.97949494E-020  -1.19999997E+001  -6.54127811E-020  -6.93889390E-019  -1.38777878E-018  -7.02522352E+003  -7.03594025E+003  -1.40775162E+004  -2.43231347E+002   1.53750409E+001  -5.52353509E+000   2.69594479E-001   1.17719279E+001   0.00000000E+000   1.74149328E+015   1.98736955E+014   1.00000000E-014   3.64000000E-012
       365     1.19999997E+001   7.05910575E+003   2.61706711E-020  -3.22269567E-020  -1.19999997E+001  -3.12525379E-020  -6.93889390E-019  -1.38777878E-018  -7.02536500E+003  -7.03612502E+003  -1.40771900E+004  -2.43375364E+002   1.54256352E+001  -5.54425384E+000   2.70582931E-001   1.17710925E+001   0.00000000E+000   1.73814623E+015   1.96114642E+014   1.00000000E-014   3.65000000E-012
       366     1.19999997E+001   7.05869048E+003  -4.84224913E-020   1.45941130E-020  -1.19999997E+001   2.92805393E-020  -1.38777878E-018   0.00000000E+000  -7.02549005E+003  -7.03628628E+003  -1.40769036E+004  -2.43501771E+002   1.54659862E+001  -5.56125190E+000   2.71447899E-001   1.17703593E+001   0.00000000E+000   1.74133532E+015   1.96526859E+014   1.00000000E-014   3.66000000E-012
       367     1.19999997E+001   7.05825952E+003   2.49815162E-020   3.48143776E-020  -1.19999997E+001  -2.28434198E-020   6.93889390E-019   0.00000000E+000  -7.02561862E+003  -7.03645485E+003  -1.40766065E+004  -2.43632957E+002   1.55081568E+001  -5.58011842E+000   2.72346213E-001   1.17695983E+001   0.00000000E+000   1.74374770E+015   1.96460423E+014   1.00000000E-014   3.67000000E-012
       368     1.19999997E+001   7.05783535E+003  -1.23481522E-021  -6.15620899E-020  -1.19999997E+001   3.52038143E-020   6.93889390E-019  -6.93889390E-019  -7.02574411E+003  -7.03662184E+003  -1.40763140E+004  -2.43762077E+002   1.55484471E+001  -5.60117849E+000   2.73230531E-001   1.17688494E+001   0.00000000E+000   1.74005852E+015   1.95965083E+014   1.00000000E-014   3.68000000E-012
       369     1.19999997E+001   7.05738276E+003  -2.78706927E-020  -1.57654007E-020  -1.19999997E+001   1.91674292E-020   0.00000000E+000   0.00000000E+000  -7.02587221E+003  -7.03680582E+003  -1.40760020E+004  -2.43899851E+002   1.55896864E+001  -5.62443628E+000   2.74174301E-001   1.17680503E+001   0.00000000E+000   1.73301326E+015   1.94954153E+014   1.00000000E-014   3.69000000E-012
       370     1.19999997E+001   7.05694260E+003  -4.00368651E-020   3.79020774E-020  -1.19999997E+001   5.32042570E-020  -6.93889390E-019   0.00000000E+000  -7.02600678E+003  -7.03697475E+003  -1.40756985E+004  -2.44033843E+002   1.56342484E+001  -5.63535460E+000   2.75090093E-001   1.17672731E+001   0.00000000E+000   1.73205600E+015   1.95016790E+014   1.00000000E-014   3.70000000E-012
       371     1.19999997E+001   7.05651269E+003  -5.78232335E-020  -1.57376075E-020  -1.19999997E+001  -4.02965998E-020   1.38777878E-018  -1.38777878E-018  -7.02613701E+003  -7.03714098E+003  -1.40754021E+004  -2.44164721E+002   1.56774999E+001  -5.65634716E+000   2.75987176E-001   1.17665140E+001   0.00000000E+000   1.73255167E+015   1.95213799E+014   1.00000000E-014   3.71000000E-012
       372     1.19999997E+001   7.05609535E+003   2.63506656E-021  -3.96517298E-021  -1.19999997E+001   1.93030868E-020   0.00000000E+000   6.93889390E-019  -7.02626296E+003  -7.03730282E+003  -1.40751143E+004  -2.44291772E+002   1.57181892E+001  -5.67237212E+000   2.76856359E-001   1.17657771E+001   0.00000000E+000   1.73168751E+015   1.94485657E+014   1.00000000E-014   3.72000000E-012
       373     1.19999997E+001   7.05567886E+003  -4.53930250E-020  -1.91336802E-020  -1.19999997E+001  -1.53408916E-020   0.00000000E+000   1.38777878E-018  -7.02638716E+003  -7.03746583E+003  -1.40748271E+004  -2.44418572E+002   1.57580464E+001  -5.69242993E+000   2.77724636E-001   1.17650417E+001   0.00000000E+000   1.73319673E+015   1.94383609E+014   1.00000000E-014   3.73000000E-012
       374     1.19999997E+001   7.05525348E+003   7.77192434E-020  -8.70855749E-021  -1.19999997E+001   3.01785266E-020  -6.93889390E-019  -6.93889390E-019  -7.02651504E+003  -7.03763128E+003  -1.40745337E+004  -2.44548077E+002   1.57989418E+001  -5.70948619E+000   2.78610545E-001   1.17642906E+001   0.00000000E+000   1.73079926E+015   1.94280842E+014   1.00000000E-014   3.74000000E-012
       375     1.19999997E+001   7.05483155E+003   9.11500095E-020   6.87684874E-021  -1.19999997E+001   1.42675421E-020  -6.93889390E-019   1.38777878E-018  -7.02664091E+003  -7.03779639E+003  -1.40742428E+004  -2.44676538E+002   1.58395079E+001  -5.73048443E+000   2.79490465E-001   1.17635457E+001   0.00000000E+000   1.73201800E+015   1.92590433E+014   1.00000000E-014   3.75000000E-012
       376     1.19999997E+001   7.05440713E+003  -1.36008345E-020  -4.17507834E-020  -1.19999997E+001   7.36362799E-020   0.00000000E+000   6.93889390E-019  -7.02676996E+003  -7.03796003E+003  -1.40739501E+004  -2.44805756E+002   1.58808660E+001  -5.74663015E+000   2.80374269E-001   1.17627963E+001   0.00000000E+000   1.73009211E+015   1.92699163E+014   1.00000000E-014   3.76000000E-012
       377     1.19999997E+001   7.05398185E+003  -7.14617875E-021   2.89089698E-020  -1.19999997E+001   6.64599918E-020   6.93889390E-019   6.93889390E-019  -7.02689766E+003  -7.03812561E+003  -1.40736568E+004  -2.44935235E+002   1.59178802E+001  -5.76674904E+000   2.81258729E-001   1.17620454E+001   0.00000000E+000   1.73192303E+015   1.91733167E+014   1.00000000E-014   3.77000000E-012
       378     1.19999997E+001   7.05356846E+003   4.81094862E-020  -1.29635746E-020  -1.19999997E+001   3.26402161E-020  -6.93889390E-019  -6.93889390E-019  -7.02702224E+003  -7.03828613E+003  -1.40733717E+004  -2.45061105E+002   1.59572858E+001  -5.78677509E+000   2.82120390E-001   1.17613155E+001   0.00000000E+000   1.73513296E+015   1.91679663E+014   1.00000000E-014   3.78000000E-012
       379     1.19999997E+001   7.05314038E+003   2.87594155E-020   1.44829399E-020  -1.19999997E+001  -1.78078751E-020   0.00000000E+000   6.93889390E-019  -7.02714848E+003  -7.03845514E+003  -1.40730765E+004  -2.45191453E+002   1.59974394E+001  -5.81160510E+000   2.83013810E-001   1.17605597E+001   0.00000000E+000   1.73543429E+015   1.91459656E+014   1.00000000E-014   3.79000000E-012
       380     1.19999997E+001   7.05272629E+003  -2.71182892E-020   1.07745238E-020  -1.19999997E+001  -3.26110993E-020   6.93889390E-019   6.93889390E-019  -7.02727545E+003  -7.03861377E+003  -1.40727909E+004  -2.45317539E+002   1.60383903E+001  -5.83058000E+000   2.83877137E-001   1.17598285E+001   0.00000000E+000   1.73847666E+015   1.91345754E+014   1.00000000E-014   3.80000000E-012
       381     1.19999997E+001   7.05230155E+003  -1.65958901E-020   5.24975139E-020  -1.19999997E+001  -6.68533989E-020   1.38777878E-018  -6.93889390E-019  -7.02740295E+003  -7.03877921E+003  -1.40724980E+004  -2.45446873E+002   1.60796887E+001  -5.84948671E+000   2.84762627E-001   1.17590786E+001   0.00000000E+000   1.74114106E+015   1.91181988E+014   1.00000000E-014   3.81000000E-012
       382     1.19999997E+001   7.05185227E+003   1.26016003E-020   1.23084475E-021  -1.19999997E+001  -5.06565407E-022   6.93889390E-019   0.00000000E+000  -7.02753936E+003  -7.03895270E+003  -1.40721881E+004  -2.45583686E+002   1.61254843E+001  -5.87036699E+000   2.85700415E-001   1.17582853E+001   0.00000000E+000   1.73588007E+015   1.91119804E+014   1.00000000E-014   3.82000000E-012
       383     1.19999997E+001   7.05143621E+003  -7.74823389E-020   1.01127793E-020  -1.19999997E+001   5.50915523E-020   0.00000000E+000  -1.38777878E-018  -7.02766487E+003  -7.03911417E+003  -1.40719011E+004  -2.45710383E+002   1.61649602E+001  -5.89130043E+000   2.86567831E-001   1.17575507E+001   0.00000000E+000   1.73834163E+015   1.90950917E+014   1.00000000E-014   3.83000000E-012
       384     1.19999997E+001   7.05101411E+003   1.79518045E-020   1.45438204E-020  -1.19999997E+001   2.61829134E-020  -6.93889390E-019   0.00000000E+000  -7.02779429E+003  -7.03927589E+003  -1.40716100E+004  -2.45838921E+002   1.62065396E+001  -5.90816811E+000   2.87447262E-001   1.17568055E+001   0.00000000E+000   1.73792824E+015   1.90832858E+014   1.00000000E-014   3.84000000E-012
       385     1.19999997E+001   7.05059106E+003   9.01891565E-021  -4.09236028E-020  -1.19999997E+001  -7.17000155E-022   0.00000000E+000   6.93889390E-019  -7.02792351E+003  -7.03943847E+003  -1.40713182E+004  -2.45967752E+002   1.62481211E+001  -5.92792734E+000   2.88329422E-001   1.17560585E+001   0.00000000E+000   1.74024758E+015   1.90445609E+014   1.00000000E-014   3.85000000E-012
       386     1.19999997E+001   7.05017941E+003  -2.84298668E-020   9.21148330E-022  -1.19999997E+001   2.58292109E-020   1.38777878E-018  -6.93889390E-019  -7.02804903E+003  -7.03959691E+003  -1.40710342E+004  -2.46093116E+002   1.62876175E+001  -5.94904410E+000   2.89187834E-001   1.17553317E+001   0.00000000E+000   1.73691494E+015   1.91700634E+014   1.00000000E-014   3.86000000E-012
       387     1.19999997E+001   7.04975007E+003   7.34351095E-020   2.65849231E-020  -1.19999997E+001   3.19093193E-021   6.93889390E-019   0.00000000E+000  -7.02818112E+003  -7.03976101E+003  -1.40707381E+004  -2.46223870E+002   1.63312133E+001  -5.97278865E+000   2.90084673E-001   1.17545737E+001   0.00000000E+000   1.73476166E+015   1.92874499E+014   1.00000000E-014   3.87000000E-012
       388     1.19999997E+001   7.04934292E+003   4.70758413E-020   1.87353100E-020  -1.19999997E+001   9.20420411E-021   0.00000000E+000  -6.93889390E-019  -7.02830663E+003  -7.03991635E+003  -1.40704572E+004  -2.46347865E+002   1.63697185E+001  -5.99382233E+000   2.90933239E-001   1.17538548E+001   0.00000000E+000   1.73807571E+015   1.92434973E+014   1.00000000E-014   3.88000000E-012
       389     1.19999997E+001   7.04892517E+003   3.95762910E-020  -9.19692492E-021  -1.19999997E+001  -1.75342438E-020   0.00000000E+000   6.93889390E-019  -7.02843340E+003  -7.04007776E+003  -1.40701690E+004  -2.46475095E+002   1.64098104E+001  -6.01551238E+000   2.91804598E-001   1.17531172E+001   0.00000000E+000   1.73817287E+015   1.92040409E+014   1.00000000E-014   3.89000000E-012
       390     1.19999997E+001   7.04850629E+003  -2.17641145E-020  -1.62736205E-020  -1.19999997E+001  -5.44939970E-020  -6.93889390E-019   2.08166817E-018  -7.02856211E+003  -7.04023803E+003  -1.40698801E+004  -2.46602668E+002   1.64509036E+001  -6.03465007E+000   2.92677908E-001   1.17523776E+001   0.00000000E+000   1.73692492E+015   1.91626887E+014   1.00000000E-014   3.90000000E-012
       391     1.19999997E+001   7.04808929E+003   5.10251324E-020   5.62350468E-021  -1.19999997E+001  -1.06924675E-020   0.00000000E+000   0.00000000E+000  -7.02868559E+003  -7.04040222E+003  -1.40695924E+004  -2.46729672E+002   1.64880019E+001  -6.05469840E+000   2.93546282E-001   1.17516414E+001   0.00000000E+000   1.74012528E+015   1.91632740E+014   1.00000000E-014   3.91000000E-012
       392     1.19999997E+001   7.04766279E+003   1.87432509E-020   2.55142206E-020  -1.19999997E+001  -5.62462964E-020   6.93889390E-019   0.00000000E+000  -7.02881652E+003  -7.04056554E+003  -1.40692982E+004  -2.46859580E+002   1.65308109E+001  -6.08002214E+000   2.94437523E-001   1.17508884E+001   0.00000000E+000   1.74248918E+015   1.91068267E+014   1.00000000E-014   3.92000000E-012
       393     1.19999997E+001   7.04722281E+003  -1.10899774E-019   1.09889290E-020  -1.19999997E+001   1.88650119E-020   0.00000000E+000  -1.38777878E-018  -7.02894938E+003  -7.04073622E+003  -1.40689946E+004  -2.46993592E+002   1.65735296E+001  -6.10029473E+000   2.95355076E-001   1.17501115E+001   0.00000000E+000   1.74459695E+015   1.91298517E+014   1.00000000E-014   3.93000000E-012
       394     1.19999997E+001   7.04679628E+003   9.46870338E-020  -3.47958488E-020  -1.19999997E+001  -2.52832717E-020   6.93889390E-019   0.00000000E+000  -7.02907511E+003  -7.04090478E+003  -1.40687004E+004  -2.47123511E+002   1.66121371E+001  -6.12481595E+000   2.96244817E-001   1.17493585E+001   0.00000000E+000   1.74156495E+015   1.92764919E+014   1.00000000E-014   3.94000000E-012
       395     1.19999997E+001   7.04636066E+003   2.48001983E-020   4.41383575E-020  -1.19999997E+001   2.09058319E-020  -6.93889390E-019   0.00000000E+000  -7.02920417E+003  -7.04107624E+003  -1.40683998E+004  -2.47256196E+002   1.66518938E+001  -6.14050455E+000   2.97151267E-001   1.17485893E+001   0.00000000E+000   1.74166433E+015   1.92570241E+014   1.00000000E-014   3.95000000E-012
       396     1.19999997E+001   7.04595028E+003   2.34125201E-020  -3.58387581E-020  -1.19999997E+001  -4.00831873E-020   0.00000000E+000   6.93889390E-019  -7.02932853E+003  -7.04123501E+003  -1.40681167E+004  -2.47381196E+002   1.66894757E+001  -6.16071331E+000   2.98006190E-001   1.17478648E+001   0.00000000E+000   1.74449446E+015   1.92350919E+014   1.00000000E-014   3.96000000E-012
       397     1.19999997E+001   7.04553798E+003  -8.12079603E-020  -2.81069355E-020  -1.19999997E+001  -4.86699838E-020   0.00000000E+000   0.00000000E+000  -7.02945101E+003  -7.04139698E+003  -1.40678322E+004  -2.47506784E+002   1.67255300E+001  -6.18169772E+000   2.98864797E-001   1.17471368E+001   0.00000000E+000   1.74769203E+015   1.92080248E+014   1.00000000E-014   3.97000000E-012
       398     1.19999997E+001   7.04512795E+003   2.10845029E-020   8.00578484E-021  -1.19999997E+001  -1.48482229E-020   0.00000000E+000   0.00000000E+000  -7.02957389E+003  -7.04155700E+003  -1.40675494E+004  -2.47631681E+002   1.67617346E+001  -6.20092545E+000   2.99718299E-001   1.17464129E+001   0.00000000E+000   1.75136428E+015   1.92175281E+014   1.00000000E-014   3.98000000E-012
       399     1.19999997E+001   7.04469557E+003   6.38437849E-020   2.41602913E-020  -1.19999997E+001   7.70389700E-020   0.00000000E+000   6.93889390E-019  -7.02969923E+003  -7.04172999E+003  -1.40672510E+004  -2.47763396E+002   1.67988733E+001  -6.22451014E+000   3.00619325E-001   1.17456495E+001   0.00000000E+000   1.75086515E+015   1.92081446E+014   1.00000000E-014   3.99000000E-012
       400     1.19999997E+001   7.04427493E+003   1.06984232E-020  -8.76149705E-022  -1.19999997E+001  -2.21280740E-020   6.93889390E-019  -1.38777878E-018  -7.02982553E+003  -7.04189395E+003  -1.40669608E+004  -2.47891535E+002   1.68378303E+001  -6.24698045E+000   3.01496589E-001   1.17449068E+001   0.00000000E+000   1.74798234E+015   1.91708797E+014   1.00000000E-014   4.00000000E-012
       401     1.19999997E+001   7.04385970E+003  -1.48866040E-020   2.49808545E-020  -1.19999997E+001  -4.08891920E-021   1.38777878E-018  -1.38777878E-018  -7.02994922E+003  -7.04205677E+003  -1.40666743E+004  -2.48018028E+002   1.68742032E+001  -6.26760141E+000   3.02361252E-001   1.17441737E+001   0.00000000E+000   1.75161352E+015   1.91664751E+014   1.00000000E-014   4.01000000E-012
       402     1.19999997E+001   7.04345063E+003  -1.78406315E-021  -3.73104778E-020  -1.19999997E+001  -8.66653671E-020   0.00000000E+000  -6.93889390E-019  -7.03007182E+003  -7.04221642E+003  -1.40663920E+004  -2.48142642E+002   1.69099875E+001  -6.28647544E+000   3.03212581E-001   1.17434515E+001   0.00000000E+000   1.75496622E+015   1.91340023E+014   1.00000000E-014   4.02000000E-012
       403     1.19999997E+001   7.04300640E+003   1.79590837E-020   4.76456033E-021  -1.19999997E+001   5.78602912E-020   2.08166817E-018   6.93889390E-019  -7.03020302E+003  -7.04239179E+003  -1.40660855E+004  -2.48277976E+002   1.69504583E+001  -6.30950834E+000   3.04138944E-001   1.17426671E+001   0.00000000E+000   1.75090016E+015   1.91067417E+014   1.00000000E-014   4.03000000E-012
       404     1.19999997E+001   7.04259155E+003  -3.63496248E-020  -2.59178847E-020  -1.19999997E+001   5.25868494E-020   6.93889390E-019  -6.93889390E-019  -7.03032691E+003  -7.04255414E+003  -1.40657992E+004  -2.48404353E+002   1.69853183E+001  -6.32692574E+000   3.05001237E-001   1.17419347E+001   0.00000000E+000   1.74915472E+015   1.93549114E+014   1.00000000E-014   4.04000000E-012
       405     1.19999997E+001   7.04216918E+003  -1.59817912E-020   5.62350468E-020  -1.19999997E+001   4.25958311E-020   6.93889390E-019   0.00000000E+000  -7.03044870E+003  -7.04272381E+003  -1.40655078E+004  -2.48533030E+002   1.70200758E+001  -6.34848005E+000   3.05880463E-001   1.17411890E+001   0.00000000E+000   1.75337439E+015   1.90147847E+014   1.00000000E-014   4.05000000E-012
       406     1.19999997E+001   7.04174302E+003  -3.85863212E-020   1.36504653E-020  -1.19999997E+001  -2.88255900E-021   6.93889390E-019   6.93889390E-019  -7.03057300E+003  -7.04289357E+003  -1.40652137E+004  -2.48662856E+002   1.70537593E+001  -6.36392333E+000   3.06765061E-001   1.17404365E+001   0.00000000E+000   1.75686261E+015   1.89487714E+014   1.00000000E-014   4.06000000E-012
       407     1.19999997E+001   7.04131489E+003   7.91644933E-021  -7.28845381E-021  -1.19999997E+001   3.74620173E-020   6.93889390E-019   6.93889390E-019  -7.03070008E+003  -7.04306195E+003  -1.40649183E+004  -2.48793296E+002   1.70916875E+001  -6.38352411E+000   3.07656629E-001   1.17396806E+001   0.00000000E+000   1.75840993E+015   1.89192841E+014   1.00000000E-014   4.07000000E-012
       408     1.19999997E+001   7.04089765E+003   1.11702470E-021   1.17208184E-020  -1.19999997E+001  -1.88881730E-020   0.00000000E+000   6.93889390E-019  -7.03082582E+003  -7.04322415E+003  -1.40646303E+004  -2.48920417E+002   1.71281300E+001  -6.40442346E+000   3.08525385E-001   1.17389440E+001   0.00000000E+000   1.75916899E+015   1.89157002E+014   1.00000000E-014   4.08000000E-012
       409     1.19999997E+001   7.04047342E+003   3.83672838E-020   6.71273611E-021  -1.19999997E+001  -1.55946707E-020  -1.38777878E-018  -6.93889390E-019  -7.03095451E+003  -7.04338825E+003  -1.40643376E+004  -2.49049674E+002   1.71675785E+001  -6.42723727E+000   3.09410243E-001   1.17381950E+001   0.00000000E+000   1.75864003E+015   1.89087473E+014   1.00000000E-014   4.09000000E-012
       410     1.19999997E+001   7.04006143E+003   5.75168458E-020   5.53363977E-020  -1.19999997E+001   7.22267641E-020   6.93889390E-019  -6.93889390E-019  -7.03107685E+003  -7.04355023E+003  -1.40640533E+004  -2.49175199E+002   1.72017741E+001  -6.44534949E+000   3.10266836E-001   1.17374676E+001   0.00000000E+000   1.76208635E+015   1.89008373E+014   1.00000000E-014   4.10000000E-012
       411     1.19999997E+001   7.03963571E+003   6.34381355E-020   5.59200564E-020  -1.19999997E+001  -1.33970172E-020   6.93889390E-019   1.38777878E-018  -7.03120133E+003  -7.04371954E+003  -1.40637595E+004  -2.49304908E+002   1.72346947E+001  -6.46677883E+000   3.11151712E-001   1.17367160E+001   0.00000000E+000   1.76279189E+015   1.88402007E+014   1.00000000E-014   4.11000000E-012
       412     1.19999997E+001   7.03921277E+003  -5.10340659E-020   2.40782350E-020  -1.19999997E+001  -1.68691905E-020  -6.93889390E-019  -1.38777878E-018  -7.03132681E+003  -7.04388593E+003  -1.40634676E+004  -2.49433775E+002   1.72695623E+001  -6.48238900E+000   3.12030269E-001   1.17359693E+001   0.00000000E+000   1.76544452E+015   1.88178623E+014   1.00000000E-014   4.12000000E-012
       413     1.19999997E+001   7.03876170E+003  -6.44115617E-020  -2.34972234E-020  -1.19999997E+001   2.18197011E-020   0.00000000E+000   6.93889390E-019  -7.03146744E+003  -7.04405667E+003  -1.40631562E+004  -2.49571231E+002   1.73160823E+001  -6.50567081E+000   3.12972802E-001   1.17351729E+001   0.00000000E+000   1.76271174E+015   1.87452645E+014   1.00000000E-014   4.13000000E-012
       414     1.19999997E+001   7.03834216E+003  -4.81495217E-020  -8.14078072E-021  -1.19999997E+001  -5.79205100E-020  -6.93889390E-019  -1.38777878E-018  -7.03159000E+003  -7.04422366E+003  -1.40628667E+004  -2.49699068E+002   1.73497304E+001  -6.52262872E+000   3.13844541E-001   1.17344322E+001   0.00000000E+000   1.76168627E+015   1.87390959E+014   1.00000000E-014   4.14000000E-012
       415     1.19999997E+001   7.03791407E+003   9.13041960E-022  -3.55356791E-020  -1.19999997E+001  -3.85313964E-020   6.93889390E-019  -2.08166817E-018  -7.03171535E+003  -7.04439377E+003  -1.40625712E+004  -2.49829514E+002   1.73850977E+001  -6.54122715E+000   3.14734882E-001   1.17336764E+001   0.00000000E+000   1.76335159E+015   1.87308365E+014   1.00000000E-014   4.15000000E-012
       416     1.19999997E+001   7.03750078E+003   2.15417684E-020   2.15278718E-020  -1.19999997E+001  -3.83480932E-021   1.38777878E-018   6.93889390E-019  -7.03183800E+003  -7.04455638E+003  -1.40622860E+004  -2.49955451E+002   1.74192362E+001  -6.55990170E+000   3.15594373E-001   1.17329467E+001   0.00000000E+000   1.76586383E+015   1.87316691E+014   1.00000000E-014   4.16000000E-012
       417     1.19999997E+001   7.03706757E+003  -2.12419981E-020   2.56492164E-020  -1.19999997E+001   1.83283371E-020   1.38777878E-018  -6.93889390E-019  -7.03196599E+003  -7.04472741E+003  -1.40619870E+004  -2.50087470E+002   1.74567313E+001  -6.58386415E+000   3.16497426E-001   1.17321818E+001   0.00000000E+000   1.76729024E+015   1.87212774E+014   1.00000000E-014   4.17000000E-012
       418     1.19999997E+001   7.03665076E+003  -1.87528462E-020  -2.84682480E-020  -1.19999997E+001  -1.01471900E-020   0.00000000E+000  -6.93889390E-019  -7.03208819E+003  -7.04489292E+003  -1.40616993E+004  -2.50214486E+002   1.74901861E+001  -6.60487057E+000   3.17364563E-001   1.17314460E+001   0.00000000E+000   1.76720428E+015   1.87186550E+014   1.00000000E-014   4.18000000E-012
       419     1.19999997E+001   7.03622116E+003  -3.97261761E-020  -5.27185365E-020  -1.19999997E+001   2.55433373E-021   6.93889390E-019   0.00000000E+000  -7.03221327E+003  -7.04506439E+003  -1.40614027E+004  -2.50345407E+002   1.75253853E+001  -6.62973212E+000   3.18259659E-001   1.17306875E+001   0.00000000E+000   1.76692333E+015   1.87129039E+014   1.00000000E-014   4.19000000E-012
       420     1.19999997E+001   7.03579538E+003  -2.14309262E-020  -2.07509837E-020  -1.19999997E+001   1.07057024E-020   0.00000000E+000   0.00000000E+000  -7.03233558E+003  -7.04523598E+003  -1.40611088E+004  -2.50475164E+002   1.75581558E+001  -6.65077246E+000   3.19145085E-001   1.17299358E+001   0.00000000E+000   1.76947384E+015   1.86089419E+014   1.00000000E-014   4.20000000E-012
       421     1.19999997E+001   7.03537626E+003  -1.55354445E-020  -2.83054588E-020  -1.19999997E+001  -9.42760905E-020   6.93889390E-019   0.00000000E+000  -7.03246008E+003  -7.04540080E+003  -1.40608195E+004  -2.50602898E+002   1.75929639E+001  -6.67151625E+000   3.20017381E-001   1.17291958E+001   0.00000000E+000   1.77180442E+015   1.86047290E+014   1.00000000E-014   4.21000000E-012
       422     1.19999997E+001   7.03496537E+003   5.27906667E-021  -5.99011112E-021  -1.19999997E+001   1.73496170E-020   6.93889390E-019   0.00000000E+000  -7.03258450E+003  -7.04556003E+003  -1.40605359E+004  -2.50728122E+002   1.76280123E+001  -6.69039717E+000   3.20872290E-001   1.17284704E+001   0.00000000E+000   1.77437723E+015   1.85862070E+014   1.00000000E-014   4.22000000E-012
       423     1.19999997E+001   7.03453402E+003   4.54994005E-020   3.67916702E-020  -1.19999997E+001   2.82147998E-020   0.00000000E+000   6.93889390E-019  -7.03271408E+003  -7.04572824E+003  -1.40602381E+004  -2.50859589E+002   1.76660032E+001  -6.71240381E+000   3.21771137E-001   1.17277088E+001   0.00000000E+000   1.77766948E+015   1.85363695E+014   1.00000000E-014   4.23000000E-012
       424     1.19999997E+001   7.03412084E+003  -4.29210785E-020   5.58657933E-020  -1.19999997E+001   5.46402425E-021   2.08166817E-018  -6.93889390E-019  -7.03283685E+003  -7.04589069E+003  -1.40599529E+004  -2.50985516E+002   1.76993687E+001  -6.73069301E+000   3.22630086E-001   1.17269793E+001   0.00000000E+000   1.78043626E+015   1.85374646E+014   1.00000000E-014   4.24000000E-012
       425     1.19999997E+001   7.03370049E+003   1.38420404E-020  -1.32706240E-020  -1.19999997E+001   6.34943838E-021   6.93889390E-019   0.00000000E+000  -7.03295931E+003  -7.04605841E+003  -1.40596627E+004  -2.51113631E+002   1.77322387E+001  -6.75179309E+000   3.23504411E-001   1.17262372E+001   0.00000000E+000   1.78309180E+015   1.85265189E+014   1.00000000E-014   4.25000000E-012
       426     1.19999997E+001   7.03328723E+003   8.64478186E-021   1.07123198E-020  -1.19999997E+001  -5.59504966E-021   0.00000000E+000   0.00000000E+000  -7.03307967E+003  -7.04622333E+003  -1.40593774E+004  -2.51239583E+002   1.77631941E+001  -6.76720975E+000   3.24361981E-001   1.17255076E+001   0.00000000E+000   1.78561513E+015   1.85152927E+014   1.00000000E-014   4.26000000E-012
       427     1.19999997E+001   7.03285056E+003  -5.49300504E-020   3.56812629E-021  -1.19999997E+001  -3.36265463E-020   0.00000000E+000   0.00000000E+000  -7.03320898E+003  -7.04639549E+003  -1.40590759E+004  -2.51372679E+002   1.77998618E+001  -6.78583887E+000   3.25270475E-001   1.17247367E+001   0.00000000E+000   1.78530014E+015   1.85043735E+014   1.00000000E-014   4.27000000E-012
       428     1.19999997E+001   7.03242557E+003   2.35605854E-020  -2.88679416E-020  -1.19999997E+001  -3.96020990E-020   6.93889390E-019   0.00000000E+000  -7.03333285E+003  -7.04656501E+003  -1.40587826E+004  -2.51502205E+002   1.78305126E+001  -6.79919319E+000   3.26151170E-001   1.17239863E+001   0.00000000E+000   1.78890966E+015   1.84385905E+014   1.00000000E-014   4.28000000E-012
       429     1.19999997E+001   7.03199192E+003  -8.88251357E-021   3.82183913E-020  -1.19999997E+001   8.75951181E-020   6.93889390E-019  -6.93889390E-019  -7.03345921E+003  -7.04673803E+003  -1.40584832E+004  -2.51634382E+002   1.78623738E+001  -6.82000993E+000   3.27051961E-001   1.17232207E+001   0.00000000E+000   1.78523242E+015   1.84902996E+014   1.00000000E-014   4.29000000E-012
       430     1.19999997E+001   7.03157605E+003   5.90515967E-021  -5.76247102E-021  -1.19999997E+001   2.85152318E-020   0.00000000E+000   6.93889390E-019  -7.03358145E+003  -7.04690290E+003  -1.40581961E+004  -2.51761144E+002   1.78947903E+001  -6.83941851E+000   3.27916507E-001   1.17224865E+001   0.00000000E+000   1.78742158E+015   1.84756052E+014   1.00000000E-014   4.30000000E-012
       431     1.19999997E+001   7.03115510E+003  -4.60229231E-020  -4.75225188E-020  -1.19999997E+001  -2.36500863E-020  -6.93889390E-019  -2.08166817E-018  -7.03370474E+003  -7.04707027E+003  -1.40579054E+004  -2.51889461E+002   1.79278865E+001  -6.86086318E+000   3.28792324E-001   1.17217433E+001   0.00000000E+000   1.78365893E+015   1.86922523E+014   1.00000000E-014   4.31000000E-012
       432     1.19999997E+001   7.03073759E+003   1.50882707E-020  -3.78650197E-021  -1.19999997E+001  -1.04112261E-020   0.00000000E+000  -1.38777878E-018  -7.03383009E+003  -7.04723319E+003  -1.40576172E+004  -2.52016729E+002   1.79625017E+001  -6.88017050E+000   3.29660935E-001   1.17210062E+001   0.00000000E+000   1.78943169E+015   1.83899381E+014   1.00000000E-014   4.32000000E-012
       433     1.19999997E+001   7.03030492E+003   5.13746782E-020   2.51423202E-020  -1.19999997E+001  -2.58934002E-020   6.93889390E-019   0.00000000E+000  -7.03395783E+003  -7.04740418E+003  -1.40573184E+004  -2.52148615E+002   1.79933273E+001  -6.90014979E+000   3.30558827E-001   1.17202423E+001   0.00000000E+000   1.79168877E+015   1.84600176E+014   1.00000000E-014   4.33000000E-012
       434     1.19999997E+001   7.02987674E+003   5.29391043E-020   1.54186466E-020  -1.19999997E+001   4.88109353E-020   6.93889390E-019   6.93889390E-019  -7.03408208E+003  -7.04757555E+003  -1.40570228E+004  -2.52279140E+002   1.80265621E+001  -6.91536084E+000   3.31448063E-001   1.17194864E+001   0.00000000E+000   1.79145117E+015   1.84494414E+014   1.00000000E-014   4.34000000E-012
       435     1.19999997E+001   7.02942119E+003  -2.91720546E-020   1.80312139E-020  -1.19999997E+001  -3.32367788E-020   1.38777878E-018  -6.93889390E-019  -7.03421283E+003  -7.04775936E+003  -1.40567082E+004  -2.52418010E+002   1.80594948E+001  -6.93499647E+000   3.32394030E-001   1.17186821E+001   0.00000000E+000   1.79343616E+015   1.84395764E+014   1.00000000E-014   4.35000000E-012
       436     1.19999997E+001   7.02900980E+003  -2.12955994E-020   2.53434905E-020  -1.19999997E+001  -1.98437320E-020  -6.93889390E-019   0.00000000E+000  -7.03433406E+003  -7.04792219E+003  -1.40564242E+004  -2.52543426E+002   1.80925452E+001  -6.95422239E+000   3.33249892E-001   1.17179558E+001   0.00000000E+000   1.79625865E+015   1.84443333E+014   1.00000000E-014   4.36000000E-012
       437     1.19999997E+001   7.02858985E+003   3.49087279E-021   8.37768524E-022  -1.19999997E+001  -4.09202940E-020  -6.93889390E-019  -1.38777878E-018  -7.03445669E+003  -7.04808956E+003  -1.40561342E+004  -2.52671459E+002   1.81263082E+001  -6.97747913E+000   3.34124698E-001   1.17172144E+001   0.00000000E+000   1.79910082E+015   1.84336171E+014   1.00000000E-014   4.37000000E-012
       438     1.19999997E+001   7.02817621E+003  -3.11792497E-020   1.93388210E-020  -1.19999997E+001   5.41035678E-020   1.38777878E-018  -6.93889390E-019  -7.03458026E+003  -7.04825164E+003  -1.40558485E+004  -2.52797569E+002   1.81608127E+001  -6.99776494E+000   3.34985911E-001   1.17164841E+001   0.00000000E+000   1.80207310E+015   1.84169862E+014   1.00000000E-014   4.38000000E-012
       439     1.19999997E+001   7.02775600E+003   1.51704924E-020   3.90349840E-020  -1.19999997E+001  -4.38174114E-020   6.93889390E-019   0.00000000E+000  -7.03470205E+003  -7.04842003E+003  -1.40555584E+004  -2.52925685E+002   1.81927298E+001  -7.01811497E+000   3.35859777E-001   1.17157423E+001   0.00000000E+000   1.80179507E+015   1.85697789E+014   1.00000000E-014   4.39000000E-012
       440     1.19999997E+001   7.02734547E+003   1.36703177E-020   8.68208771E-020  -1.19999997E+001   4.28942778E-021   6.93889390E-019   6.93889390E-019  -7.03482291E+003  -7.04858268E+003  -1.40552748E+004  -2.53050854E+002   1.82260186E+001  -7.03943590E+000   3.36714664E-001   1.17150175E+001   0.00000000E+000   1.79839044E+015   1.88884075E+014   1.00000000E-014   4.40000000E-012
       441     1.19999997E+001   7.02692522E+003  -4.96427482E-020  -1.25996151E-021  -1.19999997E+001  -3.22785727E-020   1.38777878E-018   6.93889390E-019  -7.03494586E+003  -7.04874995E+003  -1.40549846E+004  -2.53178987E+002   1.82595795E+001  -7.06222403E+000   3.37589907E-001   1.17142756E+001   0.00000000E+000   1.80378323E+015   1.85345482E+014   1.00000000E-014   4.41000000E-012
       442     1.19999997E+001   7.02649933E+003  -1.10883809E-019  -2.98843812E-021  -1.19999997E+001  -4.16237284E-021   0.00000000E+000   6.93889390E-019  -7.03506998E+003  -7.04891996E+003  -1.40546905E+004  -2.53308847E+002   1.82940867E+001  -7.08370215E+000   3.38476882E-001   1.17135237E+001   0.00000000E+000   1.80426838E+015   1.86992288E+014   1.00000000E-014   4.42000000E-012
       443     1.19999997E+001   7.02608102E+003   2.06949009E-020   7.83505476E-021  -1.19999997E+001   5.15168085E-021  -2.77555756E-018   0.00000000E+000  -7.03519341E+003  -7.04908544E+003  -1.40544016E+004  -2.53436398E+002   1.83285433E+001  -7.10540318E+000   3.39348277E-001   1.17127852E+001   0.00000000E+000   1.80731001E+015   1.86807424E+014   1.00000000E-014   4.43000000E-012
       444     1.19999997E+001   7.02566536E+003   4.12221322E-020  -2.16575737E-020  -1.19999997E+001   3.27398086E-020   6.93889390E-019   0.00000000E+000  -7.03531548E+003  -7.04925045E+003  -1.40541145E+004  -2.53563142E+002   1.83618016E+001  -7.12512906E+000   3.40213311E-001   1.17120513E+001   0.00000000E+000   1.81060175E+015   1.86653201E+014   1.00000000E-014   4.44000000E-012
       445     1.19999997E+001   7.02523392E+003   4.74727225E-020   4.38961590E-020  -1.19999997E+001  -5.91513547E-020   0.00000000E+000   0.00000000E+000  -7.03544114E+003  -7.04942276E+003  -1.40538165E+004  -2.53694695E+002   1.83937042E+001  -7.14901419E+000   3.41110854E-001   1.17112897E+001   0.00000000E+000   1.81375163E+015   1.86038303E+014   1.00000000E-014   4.45000000E-012
       446     1.19999997E+001   7.02481987E+003   3.69175050E-020  -1.60353925E-020  -1.19999997E+001  -3.80827337E-020   0.00000000E+000   0.00000000E+000  -7.03556387E+003  -7.04958601E+003  -1.40535306E+004  -2.53820953E+002   1.84272934E+001  -7.16946555E+000   3.41972832E-001   1.17105587E+001   0.00000000E+000   1.81718923E+015   1.85341617E+014   1.00000000E-014   4.46000000E-012
       447     1.19999997E+001   7.02436313E+003  -8.99235489E-020  -3.66315280E-020  -1.19999997E+001  -2.09190668E-020   0.00000000E+000   6.93889390E-019  -7.03569058E+003  -7.04977481E+003  -1.40532151E+004  -2.53960245E+002   1.84631355E+001  -7.20360099E+000   3.42927437E-001   1.17097524E+001   0.00000000E+000   1.81801063E+015   1.84595248E+014   1.00000000E-014   4.47000000E-012
       448     1.19999997E+001   7.02394368E+003  -4.63640937E-020  -6.28061695E-020  -1.19999997E+001   3.24519498E-021  -6.93889390E-019   0.00000000E+000  -7.03581259E+003  -7.04994252E+003  -1.40529253E+004  -2.54088155E+002   1.84959697E+001  -7.22326091E+000   3.43800222E-001   1.17090118E+001   0.00000000E+000   1.82029279E+015   1.84384314E+014   1.00000000E-014   4.48000000E-012
       449     1.19999997E+001   7.02352428E+003   1.74006127E-020  -5.58035894E-020  -1.19999997E+001  -1.78915858E-020   0.00000000E+000   6.93889390E-019  -7.03593460E+003  -7.05011021E+003  -1.40526356E+004  -2.54216054E+002   1.85290764E+001  -7.24535590E+000   3.44673664E-001   1.17082714E+001   0.00000000E+000   1.82410929E+015   1.84171481E+014   1.00000000E-014   4.49000000E-012
       450     1.19999997E+001   7.02310200E+003  -7.47403178E-020  -2.41483799E-020  -1.19999997E+001   1.78929093E-020   6.93889390E-019   0.00000000E+000  -7.03605940E+003  -7.05027709E+003  -1.40523440E+004  -2.54344833E+002   1.85637011E+001  -7.26367829E+000   3.45552500E-001   1.17075259E+001   0.00000000E+000   1.82696461E+015   1.83740086E+014   1.00000000E-014   4.50000000E-012
       451     1.19999997E+001   7.02268182E+003  -4.28477696E-020   2.19302124E-021  -1.19999997E+001  -6.29497681E-020   1.38777878E-018  -1.38777878E-018  -7.03618157E+003  -7.05044518E+003  -1.40520537E+004  -2.54472978E+002   1.85966535E+001  -7.28595718E+000   3.46427567E-001   1.17067841E+001   0.00000000E+000   1.83079270E+015   1.83468972E+014   1.00000000E-014   4.51000000E-012
       452     1.19999997E+001   7.02226045E+003  -4.68945233E-021   3.37397046E-020  -1.19999997E+001   1.97583670E-020   0.00000000E+000   6.93889390E-019  -7.03630502E+003  -7.05061279E+003  -1.40517626E+004  -2.54601483E+002   1.86302642E+001  -7.30665811E+000   3.47304840E-001   1.17060402E+001   0.00000000E+000   1.83512946E+015   1.82525931E+014   1.00000000E-014   4.52000000E-012
       453     1.19999997E+001   7.02182672E+003  -5.10545387E-020  -2.27243058E-021  -1.19999997E+001   3.26187094E-020  -6.93889390E-019   0.00000000E+000  -7.03643601E+003  -7.05078145E+003  -1.40514630E+004  -2.54733774E+002   1.86689229E+001  -7.33049180E+000   3.48209976E-001   1.17052745E+001   0.00000000E+000   1.83883362E+015   1.81240181E+014   1.00000000E-014   4.53000000E-012
       454     1.19999997E+001   7.02140805E+003  -5.28084201E-020   1.69287475E-020  -1.19999997E+001  -1.83713505E-020   0.00000000E+000  -1.38777878E-018  -7.03655931E+003  -7.05094737E+003  -1.40511738E+004  -2.54861463E+002   1.87023369E+001  -7.35058533E+000   3.49081473E-001   1.17045354E+001   0.00000000E+000   1.84293045E+015   1.80646899E+014   1.00000000E-014   4.54000000E-012
       455     1.19999997E+001   7.02098146E+003  -3.85947895E-020   6.45200878E-022  -1.19999997E+001  -4.31550052E-020  -6.93889390E-019   1.38777878E-018  -7.03668241E+003  -7.05111900E+003  -1.40508791E+004  -2.54991579E+002   1.87375361E+001  -7.37481827E+000   3.49971457E-001   1.17037823E+001   0.00000000E+000   1.84604832E+015   1.80107484E+014   1.00000000E-014   4.55000000E-012
       456     1.19999997E+001   7.02056216E+003  -6.38696033E-020  -8.83164196E-021  -1.19999997E+001   2.28837862E-020   6.93889390E-019  -6.93889390E-019  -7.03680417E+003  -7.05128691E+003  -1.40505894E+004  -2.55119465E+002   1.87695711E+001  -7.39483324E+000   3.50843848E-001   1.17030421E+001   0.00000000E+000   1.84900666E+015   1.79269479E+014   1.00000000E-014   4.56000000E-012
       457     1.19999997E+001   7.02013229E+003  -2.65510242E-021  -3.00339354E-020  -1.19999997E+001   2.85562600E-020  -1.38777878E-018   6.93889390E-019  -7.03692486E+003  -7.05146320E+003  -1.40502924E+004  -2.55250580E+002   1.88005658E+001  -7.42042033E+000   3.51739258E-001   1.17022832E+001   0.00000000E+000   1.85388235E+015   1.77964989E+014   1.00000000E-014   4.57000000E-012
       458     1.19999997E+001   7.01971727E+003  -8.16847059E-021   1.76136531E-020  -1.19999997E+001  -1.90443447E-020  -6.93889390E-019   0.00000000E+000  -7.03704604E+003  -7.05162874E+003  -1.40500057E+004  -2.55377163E+002   1.88319499E+001  -7.43910856E+000   3.52602228E-001   1.17015505E+001   0.00000000E+000   1.85146174E+015   1.80407866E+014   1.00000000E-014   4.58000000E-012
       459     1.19999997E+001   7.01929019E+003  -6.09818398E-020  -5.16663628E-020  -1.19999997E+001   3.99912048E-020  -6.93889390E-019   6.93889390E-019  -7.03716924E+003  -7.05180061E+003  -1.40497106E+004  -2.55507436E+002   1.88644619E+001  -7.46149392E+000   3.53491479E-001   1.17007965E+001   0.00000000E+000   1.85857250E+015   1.76780661E+014   1.00000000E-014   4.59000000E-012
       460     1.19999997E+001   7.01886747E+003   7.61514880E-021  -3.29694340E-020  -1.19999997E+001   3.88735183E-020   6.93889390E-019   0.00000000E+000  -7.03729254E+003  -7.05196936E+003  -1.40494186E+004  -2.55636374E+002   1.88968453E+001  -7.48023878E+000   3.54370671E-001   1.17000503E+001   0.00000000E+000   1.86261501E+015   1.76274100E+014   1.00000000E-014   4.60000000E-012
       461     1.19999997E+001   7.01843844E+003  -7.82611294E-020   1.61207575E-020  -1.19999997E+001   1.11656148E-020   0.00000000E+000   0.00000000E+000  -7.03741568E+003  -7.05214263E+003  -1.40491222E+004  -2.55767240E+002   1.89285393E+001  -7.49839438E+000   3.55262540E-001   1.16992928E+001   0.00000000E+000   1.86712391E+015   1.75735658E+014   1.00000000E-014   4.61000000E-012
       462     1.19999997E+001   7.01800726E+003  -2.88165892E-020  -3.87378607E-020  -1.19999997E+001  -2.93470446E-020  -1.38777878E-018   0.00000000E+000  -7.03753803E+003  -7.05231820E+003  -1.40488243E+004  -2.55898773E+002   1.89617259E+001  -7.52235059E+000   3.56161260E-001   1.16985316E+001   0.00000000E+000   1.87141477E+015   1.75216904E+014   1.00000000E-014   4.62000000E-012
       463     1.19999997E+001   7.01757730E+003   3.76078906E-020  -6.49899264E-020  -1.19999997E+001  -3.82402288E-020   6.93889390E-019   0.00000000E+000  -7.03766245E+003  -7.05249087E+003  -1.40485272E+004  -2.56029931E+002   1.89937605E+001  -7.54425707E+000   3.57056018E-001   1.16977726E+001   0.00000000E+000   1.87507566E+015   1.74638368E+014   1.00000000E-014   4.63000000E-012
       464     1.19999997E+001   7.01712930E+003  -4.17063431E-020  -5.32389986E-021  -1.19999997E+001   5.12851980E-020   0.00000000E+000   0.00000000E+000  -7.03779270E+003  -7.05267019E+003  -1.40482176E+004  -2.56166608E+002   1.90302960E+001  -7.57070621E+000   3.57990792E-001   1.16969817E+001   0.00000000E+000   1.88109974E+015   1.73287457E+014   1.00000000E-014   4.64000000E-012
       465     1.19999997E+001   7.01670674E+003   2.11921010E-020  -1.21894989E-020  -1.19999997E+001   5.22877409E-020   0.00000000E+000  -6.93889390E-019  -7.03791583E+003  -7.05283903E+003  -1.40479256E+004  -2.56295515E+002   1.90624366E+001  -7.58952789E+000   3.58869722E-001   1.16962357E+001   0.00000000E+000   1.88573907E+015   1.72324250E+014   1.00000000E-014   4.65000000E-012
       466     1.19999997E+001   7.01627407E+003   3.35514796E-020   8.55854001E-020  -1.19999997E+001   2.33125966E-020   0.00000000E+000   0.00000000E+000  -7.03804109E+003  -7.05301274E+003  -1.40476267E+004  -2.56427509E+002   1.90955687E+001  -7.61174948E+000   3.59770683E-001   1.16954719E+001   0.00000000E+000   1.88995503E+015   1.71725721E+014   1.00000000E-014   4.66000000E-012
       467     1.19999997E+001   7.01584769E+003   8.89620858E-020   1.77790892E-020  -1.19999997E+001   2.11956760E-021   0.00000000E+000  -6.93889390E-019  -7.03816597E+003  -7.05318248E+003  -1.40473320E+004  -2.56557584E+002   1.91270723E+001  -7.63054547E+000   3.60656978E-001   1.16947192E+001   0.00000000E+000   1.89444624E+015   1.71131151E+014   1.00000000E-014   4.67000000E-012
       468     1.19999997E+001   7.01540216E+003   4.53128506E-020   5.17179789E-020  -1.19999997E+001  -7.84167221E-020   6.93889390E-019   0.00000000E+000  -7.03829431E+003  -7.05336202E+003  -1.40470242E+004  -2.56693509E+002   1.91611543E+001  -7.64955667E+000   3.61583915E-001   1.16939326E+001   0.00000000E+000   1.90044469E+015   1.70027785E+014   1.00000000E-014   4.68000000E-012
       469     1.19999997E+001   7.01497660E+003  -6.09745823E-020  -6.63647005E-022  -1.19999997E+001   2.00693869E-020   6.93889390E-019  -6.93889390E-019  -7.03841991E+003  -7.05353049E+003  -1.40467301E+004  -2.56823342E+002   1.91944691E+001  -7.66934743E+000   3.62469601E-001   1.16931814E+001   0.00000000E+000   1.90499025E+015   1.68899098E+014   1.00000000E-014   4.69000000E-012
       470     1.19999997E+001   7.01454174E+003  -9.05828945E-021  -2.95606640E-020  -1.19999997E+001   3.26259886E-020   0.00000000E+000   0.00000000E+000  -7.03854713E+003  -7.05370377E+003  -1.40464296E+004  -2.56956015E+002   1.92267388E+001  -7.69170369E+000   3.63374490E-001   1.16924137E+001   0.00000000E+000   1.90924915E+015   1.68410913E+014   1.00000000E-014   4.70000000E-012
       471     1.19999997E+001   7.01411321E+003  -8.51417005E-022   3.13311201E-021  -1.19999997E+001  -2.79051034E-020   0.00000000E+000   6.93889390E-019  -7.03867259E+003  -7.05387447E+003  -1.40461334E+004  -2.57086764E+002   1.92598476E+001  -7.71225364E+000   3.64266539E-001   1.16916572E+001   0.00000000E+000   1.91335643E+015   1.67990703E+014   1.00000000E-014   4.71000000E-012
       472     1.19999997E+001   7.01366604E+003  -3.17106305E-020   3.64180327E-020  -1.19999997E+001   1.50692455E-020   0.00000000E+000   6.93889390E-019  -7.03880248E+003  -7.05405359E+003  -1.40458244E+004  -2.57223196E+002   1.92925324E+001  -7.73279784E+000   3.65196386E-001   1.16908678E+001   0.00000000E+000   1.91811130E+015   1.67427792E+014   1.00000000E-014   4.72000000E-012
       473     1.19999997E+001   7.01322740E+003   4.53897163E-020   1.63085275E-020  -1.19999997E+001  -5.06234535E-022  -6.93889390E-019  -6.93889390E-019  -7.03893776E+003  -7.05422147E+003  -1.40455213E+004  -2.57357037E+002   1.93277775E+001  -7.75824349E+000   3.66110157E-001   1.16900934E+001   0.00000000E+000   1.92446989E+015   1.66663979E+014   1.00000000E-014   4.73000000E-012
       474     1.19999997E+001   7.01278257E+003   4.76682680E-020  -2.51211443E-020  -1.19999997E+001  -6.93038387E-020  -6.93889390E-019   0.00000000E+000  -7.03906981E+003  -7.05439687E+003  -1.40452138E+004  -2.57492778E+002   1.93661240E+001  -7.78318877E+000   3.67038831E-001   1.16893082E+001   0.00000000E+000   1.92821227E+015   1.65895323E+014   1.00000000E-014   4.74000000E-012
       475     1.19999997E+001   7.01234432E+003  -2.74298881E-020  -6.86672405E-020  -1.19999997E+001  -2.01031359E-020   2.08166817E-018   0.00000000E+000  -7.03920153E+003  -7.05456804E+003  -1.40449109E+004  -2.57626499E+002   1.93987711E+001  -7.80447039E+000   3.67950073E-001   1.16885345E+001   0.00000000E+000   1.93052747E+015   1.66706807E+014   1.00000000E-014   4.75000000E-012
       476     1.19999997E+001   7.01189782E+003   1.48261371E-020  -4.96417555E-020  -1.19999997E+001  -1.75474786E-020   0.00000000E+000   0.00000000E+000  -7.03933222E+003  -7.05474598E+003  -1.40446023E+004  -2.57762760E+002   1.94368322E+001  -7.83102240E+000   3.68882779E-001   1.16877463E+001   0.00000000E+000   1.93603050E+015   1.66087110E+014   1.00000000E-014   4.76000000E-012
       477     1.19999997E+001   7.01145958E+003  -2.75944971E-020   3.94773602E-020  -1.19999997E+001   4.99815613E-021   0.00000000E+000   0.00000000E+000  -7.03945971E+003  -7.05492140E+003  -1.40442994E+004  -2.57896494E+002   1.94712385E+001  -7.85460936E+000   3.69796266E-001   1.16869726E+001   0.00000000E+000   1.93839922E+015   1.65211724E+014   1.00000000E-014   4.77000000E-012
       478     1.19999997E+001   7.01100820E+003   7.95355666E-020  -1.84507599E-020  -1.19999997E+001  -2.70938047E-020   0.00000000E+000  -6.93889390E-019  -7.03959486E+003  -7.05509824E+003  -1.40439874E+004  -2.58034232E+002   1.95050357E+001  -7.88040506E+000   3.70736031E-001   1.16861758E+001   0.00000000E+000   1.94345868E+015   1.63934590E+014   1.00000000E-014   4.78000000E-012
       479     1.19999997E+001   7.01057576E+003   1.45977526E-020  -7.22194849E-021  -1.19999997E+001   1.15911165E-020  -6.93889390E-019   1.38777878E-018  -7.03972255E+003  -7.05526947E+003  -1.40436885E+004  -2.58166202E+002   1.95397532E+001  -7.90163363E+000   3.71637035E-001   1.16854124E+001   0.00000000E+000   1.94811575E+015   1.63515319E+014   1.00000000E-014   4.79000000E-012
       480     1.19999997E+001   7.01013737E+003   3.75103247E-020   2.20410546E-021  -1.19999997E+001   5.12524416E-020   6.93889390E-019   6.93889390E-019  -7.03985161E+003  -7.05544345E+003  -1.40433854E+004  -2.58299993E+002   1.95752670E+001  -7.92548896E+000   3.72551267E-001   1.16846385E+001   0.00000000E+000   1.95286085E+015   1.62770620E+014   1.00000000E-014   4.80000000E-012
       481     1.19999997E+001   7.00968377E+003   1.96344553E-020   2.51304088E-020  -1.19999997E+001  -7.48102146E-021   0.00000000E+000  -6.93889390E-019  -7.03998301E+003  -7.05562563E+003  -1.40430719E+004  -2.58438437E+002   1.96120173E+001  -7.95385524E+000   3.73498561E-001   1.16838378E+001   0.00000000E+000   1.95868241E+015   1.61203728E+014   1.00000000E-014   4.81000000E-012
       482     1.19999997E+001   7.00923371E+003   5.31546262E-020   5.13546811E-020  -1.19999997E+001  -6.18168615E-020  -6.93889390E-019  -1.38777878E-018  -7.04011564E+003  -7.05580413E+003  -1.40427607E+004  -2.58575798E+002   1.96499396E+001  -7.97813139E+000   3.74437848E-001   1.16830433E+001   0.00000000E+000   1.96193151E+015   1.60020938E+014   1.00000000E-014   4.82000000E-012
       483     1.19999997E+001   7.00877361E+003  -3.39951379E-020  -6.97434025E-020  -1.19999997E+001  -1.50953844E-020  -1.38777878E-018  -1.38777878E-018  -7.04025281E+003  -7.05598501E+003  -1.40424427E+004  -2.58716218E+002   1.96879131E+001  -7.99563355E+000   3.75395604E-001   1.16822310E+001   0.00000000E+000   1.96184246E+015   1.62081325E+014   1.00000000E-014   4.83000000E-012
       484     1.19999997E+001   7.00831449E+003   8.52470833E-020  -5.61333863E-020  -1.19999997E+001  -6.12333683E-020  -6.93889390E-019  -6.93889390E-019  -7.04038858E+003  -7.05616667E+003  -1.40421252E+004  -2.58856364E+002   1.97293336E+001  -8.02269235E+000   3.76355767E-001   1.16814206E+001   0.00000000E+000   1.96580726E+015   1.58315631E+014   1.00000000E-014   4.84000000E-012
       485     1.19999997E+001   7.00787057E+003  -9.64856554E-021  -7.97815701E-021  -1.19999997E+001   3.29383320E-020   0.00000000E+000  -1.38777878E-018  -7.04051622E+003  -7.05634593E+003  -1.40418183E+004  -2.58991859E+002   1.97633735E+001  -8.04857605E+000   3.77281649E-001   1.16806369E+001   0.00000000E+000   1.96722998E+015   1.57838259E+014   1.00000000E-014   4.85000000E-012
       486     1.19999997E+001   7.00741518E+003  -4.54006351E-021   8.94955656E-021  -1.19999997E+001   5.64224032E-020   1.38777878E-018   0.00000000E+000  -7.04065030E+003  -7.05652669E+003  -1.40415035E+004  -2.59130858E+002   1.98007470E+001  -8.07063266E+000   3.78231058E-001   1.16798330E+001   0.00000000E+000   1.97253671E+015   1.56402474E+014   1.00000000E-014   4.86000000E-012
       487     1.19999997E+001   7.00695392E+003   3.73933613E-020  -6.27210837E-020  -1.19999997E+001   2.96758205E-020   6.93889390E-019   0.00000000E+000  -7.04078733E+003  -7.05670857E+003  -1.40411846E+004  -2.59271656E+002   1.98406837E+001  -8.09172253E+000   3.79193277E-001   1.16790187E+001   0.00000000E+000   1.97524377E+015   1.55392044E+014   1.00000000E-014   4.87000000E-012
       488     1.19999997E+001   7.00649467E+003   5.22804617E-020   8.62648049E-021  -1.19999997E+001   3.96039602E-021  -1.38777878E-018  -1.38777878E-018  -7.04091892E+003  -7.05689451E+003  -1.40408671E+004  -2.59411845E+002   1.98765389E+001  -8.11946638E+000   3.80151880E-001   1.16782080E+001   0.00000000E+000   1.97638654E+015   1.56012986E+014   1.00000000E-014   4.88000000E-012
       489     1.19999997E+001   7.00605129E+003  -9.13098208E-020   4.35200400E-021  -1.19999997E+001  -3.02241042E-020   1.38777878E-018  -6.93889390E-019  -7.04104958E+003  -7.05707041E+003  -1.40405605E+004  -2.59547189E+002   1.99121166E+001  -8.14244436E+000   3.81076292E-001   1.16774253E+001   0.00000000E+000   1.98274685E+015   1.53566614E+014   1.00000000E-014   4.89000000E-012
       490     1.19999997E+001   7.00560417E+003  -4.05394601E-020   4.23681910E-021  -1.19999997E+001  -4.48996532E-020   6.93889390E-019  -6.93889390E-019  -7.04117961E+003  -7.05724953E+003  -1.40402514E+004  -2.59683677E+002   1.99474729E+001  -8.16716042E+000   3.82008935E-001   1.16766361E+001   0.00000000E+000   1.98752600E+015   1.52911031E+014   1.00000000E-014   4.90000000E-012
       491     1.19999997E+001   7.00516048E+003   6.42782202E-020   2.69333316E-020  -1.19999997E+001  -3.03366008E-020  -6.93889390E-019   0.00000000E+000  -7.04130944E+003  -7.05742647E+003  -1.40399446E+004  -2.59819121E+002   1.99824104E+001  -8.18937687E+000   3.82933669E-001   1.16758528E+001   0.00000000E+000   1.99362539E+015   1.51528367E+014   1.00000000E-014   4.91000000E-012
       492     1.19999997E+001   7.00471131E+003   1.19914719E-020  -5.43184693E-021  -1.19999997E+001   4.15603664E-020   1.38777878E-018  -6.93889390E-019  -7.04144027E+003  -7.05760623E+003  -1.40396340E+004  -2.59956244E+002   2.00180331E+001  -8.21421221E+000   3.83870677E-001   1.16750599E+001   0.00000000E+000   1.99857382E+015   1.50707261E+014   1.00000000E-014   4.92000000E-012
       493     1.19999997E+001   7.00425426E+003   5.66350713E-020   3.12093591E-020  -1.19999997E+001  -7.39135508E-021   0.00000000E+000   6.93889390E-019  -7.04157539E+003  -7.05778711E+003  -1.40393180E+004  -2.60095757E+002   2.00480433E+001  -8.23761897E+000   3.84820172E-001   1.16742531E+001   0.00000000E+000   2.00218034E+015   1.50353113E+014   1.00000000E-014   4.93000000E-012
       494     1.19999997E+001   7.00376914E+003  -2.77125358E-020  -3.46803744E-021  -1.19999997E+001  -1.79455180E-020  -1.38777878E-018   2.08166817E-018  -7.04171233E+003  -7.05798559E+003  -1.40389826E+004  -2.60243840E+002   2.00802968E+001  -8.25537310E+000   3.85827539E-001   1.16733967E+001   0.00000000E+000   2.00763247E+015   1.48646805E+014   1.00000000E-014   4.94000000E-012
       495     1.19999997E+001   7.00332383E+003  -8.38976208E-020   2.23934335E-020  -1.19999997E+001   1.49742852E-020  -6.93889390E-019  -2.08166817E-018  -7.04184290E+003  -7.05816295E+003  -1.40386746E+004  -2.60379794E+002   2.01164412E+001  -8.27840964E+000   3.86756444E-001   1.16726106E+001   0.00000000E+000   2.01203534E+015   1.47587058E+014   1.00000000E-014   4.95000000E-012
       496     1.19999997E+001   7.00286820E+003  -4.88145749E-020  -7.75753140E-020  -1.19999997E+001  -7.50881473E-021  -6.93889390E-019  -6.93889390E-019  -7.04197176E+003  -7.05834920E+003  -1.40383595E+004  -2.60518910E+002   2.01529414E+001  -8.30535606E+000   3.87708348E-001   1.16718063E+001   0.00000000E+000   2.01603515E+015   1.47058158E+014   1.00000000E-014   4.96000000E-012
       497     1.19999997E+001   7.00242133E+003  -7.78691285E-020   1.77969563E-020  -1.19999997E+001   4.47812423E-020  -2.08166817E-018  -6.93889390E-019  -7.04210203E+003  -7.05852796E+003  -1.40380505E+004  -2.60655348E+002   2.01885190E+001  -8.32867782E+000   3.88640408E-001   1.16710174E+001   0.00000000E+000   2.02078593E+015   1.46313039E+014   1.00000000E-014   4.97000000E-012
       498     1.19999997E+001   7.00196120E+003   2.86707418E-020   3.17352805E-020  -1.19999997E+001   9.42434996E-020   0.00000000E+000   0.00000000E+000  -7.04223336E+003  -7.05871483E+003  -1.40377323E+004  -2.60795832E+002   2.02234909E+001  -8.34813536E+000   3.89598653E-001   1.16702052E+001   0.00000000E+000   2.02166886E+015   1.46978413E+014   1.00000000E-014   4.98000000E-012
       499     1.19999997E+001   7.00149442E+003   2.76102962E-020   2.48326237E-020  -1.19999997E+001   5.70094533E-020   0.00000000E+000  -1.38777878E-018  -7.04237259E+003  -7.05889841E+003  -1.40374095E+004  -2.60938355E+002   2.02623757E+001  -8.37233252E+000   3.90572561E-001   1.16693812E+001   0.00000000E+000   2.02707848E+015   1.46534731E+014   1.00000000E-014   4.99000000E-012
       500     1.19999997E+001   7.00103203E+003   9.62507361E-021  -3.44586900E-020  -1.19999997E+001   2.44084455E-021   0.00000000E+000  -4.16333634E-018  -7.04250475E+003  -7.05908605E+003  -1.40370897E+004  -2.61079544E+002   2.02984800E+001  -8.39608534E+000   3.91537091E-001   1.16685649E+001   0.00000000E+000   2.03123081E+015   1.45697220E+014   1.00000000E-014   5.00000000E-012
