    iLoop            EVM               SVM               E11               E22               E33               E12               E13               E23               S11               S22               S33               S12               S13               S23              EpVM              dEVM             dEpVM             TotDens         TotJunctDens         DTIME           DTIMETOT
         1     1.19999997E+001   7.18850076E+003   2.89369460E-021   6.46604131E-021  -1.19999997E+001  -1.23149675E-021   5.53164374E-020  -1.38291093E-020  -6.98629098E+003  -6.98629458E+003  -1.41660938E+004  -2.04124398E+002   1.10368590E-002  -8.43921626E-003   4.38828732E-004   1.19996233E+001   0.00000000E+000   7.67604039E+014   0.00000000E+000   1.00000000E-014   1.00000000E-014
         2     1.19999997E+001   7.18828464E+003  -1.23278003E-020  -5.95427193E-021  -1.19999997E+001   3.20926823E-021   4.14873280E-020   1.38291093E-020  -6.98635933E+003  -6.98637419E+003  -1.41659458E+004  -2.04189725E+002   2.65299282E-002  -1.91460854E-002   8.83954809E-004   1.19992416E+001   0.00000000E+000   7.73005434E+014   0.00000000E+000   1.00000000E-014   2.00000000E-014
         3     1.19999997E+001   7.18806544E+003  -4.72711563E-021   1.68541215E-020  -1.19999997E+001  -3.36855028E-021  -2.76582187E-020   4.14873280E-020  -6.98642866E+003  -6.98645494E+003  -1.41657958E+004  -2.04255985E+002   4.22419750E-002  -3.00061706E-002   1.33543842E-003   1.19988543E+001   0.00000000E+000   7.78408457E+014   0.00000000E+000   1.00000000E-014   3.00000000E-014
         4     1.19999997E+001   7.18784464E+003   5.88956169E-021   1.42284850E-020  -1.19999997E+001  -1.32551341E-021  -1.38291093E-020   1.38291093E-020  -6.98649850E+003  -6.98653629E+003  -1.41656446E+004  -2.04322732E+002   5.80691807E-002  -4.09458623E-002   1.79024065E-003   1.19984642E+001   0.00000000E+000   7.83813366E+014   0.00000000E+000   1.00000000E-014   4.00000000E-014
         5     1.19999997E+001   7.18762220E+003   1.13910763E-020   3.72534610E-022  -1.19999997E+001  -6.77984768E-021  -1.38291093E-020   2.76582187E-020  -6.98656886E+003  -6.98661823E+003  -1.41654923E+004  -2.04389972E+002   7.40147362E-002  -5.19691780E-002   2.24840185E-003   1.19980713E+001   0.00000000E+000   7.89220549E+014   0.00000000E+000   1.00000000E-014   5.00000000E-014
         6     1.19999997E+001   7.18739813E+003   3.09514843E-021  -1.04251530E-020  -1.19999997E+001   2.24455828E-021   2.76582187E-020  -5.53164374E-020  -6.98663973E+003  -6.98670078E+003  -1.41653389E+004  -2.04457708E+002   9.00783434E-002  -6.30746642E-002   2.70994316E-003   1.19976754E+001   0.00000000E+000   7.94630215E+014   0.00000000E+000   1.00000000E-014   6.00000000E-014
         7     1.19999997E+001   7.18717244E+003  -1.19001115E-020  -1.56403474E-020  -1.19999997E+001   5.44398791E-021  -5.53164374E-020  -5.53164374E-020  -6.98671111E+003  -6.98678392E+003  -1.41651843E+004  -2.04525930E+002   1.06257291E-001  -7.42587441E-002   3.17479974E-003   1.19972767E+001   0.00000000E+000   8.00041634E+014   0.00000000E+000   1.00000000E-014   7.00000000E-014
         8     1.19999997E+001   7.18694511E+003   6.10645777E-021  -1.98396738E-021  -1.19999997E+001  -8.62280727E-021   0.00000000E+000  -5.53164374E-020  -6.98678302E+003  -6.98686768E+003  -1.41650287E+004  -2.04594653E+002   1.22555872E-001  -8.55256899E-002   3.64306905E-003   1.19968751E+001   0.00000000E+000   8.05455878E+014   0.00000000E+000   1.00000000E-014   8.00000000E-014
         9     1.19999997E+001   7.18671617E+003  -6.62018810E-021  -2.80291839E-021  -1.19999997E+001  -4.90919890E-021   1.38291093E-020   1.38291093E-020  -6.98685543E+003  -6.98695202E+003  -1.41648719E+004  -2.04663863E+002   1.38970206E-001  -9.68731150E-002   4.11465026E-003   1.19964707E+001   0.00000000E+000   8.10871725E+014   0.00000000E+000   1.00000000E-014   9.00000000E-014
        10     1.19999997E+001   7.18648561E+003   1.27394255E-020   8.34862894E-021  -1.19999997E+001  -4.69265417E-021   2.76582187E-020   0.00000000E+000  -6.98692836E+003  -6.98703696E+003  -1.41647140E+004  -2.04733561E+002   1.55500288E-001  -1.08300976E-001   4.58956424E-003   1.19960634E+001   0.00000000E+000   8.16289393E+014   0.00000000E+000   1.00000000E-014   1.00000000E-013
        11     1.19999997E+001   7.18625345E+003  -1.36647942E-020   3.94219087E-021  -1.19999997E+001   5.29170069E-021   2.76582187E-020   0.00000000E+000  -6.98700180E+003  -6.98712250E+003  -1.41645551E+004  -2.04803747E+002   1.72146370E-001  -1.19809066E-001   5.06780069E-003   1.19956532E+001   0.00000000E+000   8.21708727E+014   0.00000000E+000   1.00000000E-014   1.10000000E-013
        12     1.19999997E+001   7.18601968E+003   9.49133702E-021   3.18849112E-020  -1.19999997E+001   4.78482836E-021   5.53164374E-020   0.00000000E+000  -6.98707574E+003  -6.98720863E+003  -1.41643950E+004  -2.04874416E+002   1.88907353E-001  -1.31397003E-001   5.54933105E-003   1.19952403E+001   0.00000000E+000   8.27129362E+014   0.00000000E+000   1.00000000E-014   1.20000000E-013
        13     1.19999997E+001   7.18578432E+003   1.58059451E-020   2.39127140E-020  -1.19999997E+001  -1.23933338E-021  -2.76582187E-020  -2.76582187E-020  -6.98715019E+003  -6.98729534E+003  -1.41642338E+004  -2.04945570E+002   2.05782987E-001  -1.43064045E-001   6.03416223E-003   1.19948245E+001   0.00000000E+000   8.32551387E+014   0.00000000E+000   1.00000000E-014   1.30000000E-013
        14     1.19999997E+001   7.18554735E+003  -1.88824549E-021   9.84248653E-021  -1.19999997E+001   5.48009134E-021  -1.38291093E-020   9.68037654E-020  -6.98722514E+003  -6.98738265E+003  -1.41640716E+004  -2.05017212E+002   2.22774544E-001  -1.54810038E-001   6.52232075E-003   1.19944058E+001   0.00000000E+000   8.37975047E+014   0.00000000E+000   1.00000000E-014   1.40000000E-013
        15     1.19999997E+001   7.18530874E+003   5.08850517E-021  -7.49207762E-021  -1.19999997E+001  -2.77734595E-021   0.00000000E+000   2.76582187E-020  -6.98730062E+003  -6.98747057E+003  -1.41639082E+004  -2.05089347E+002   2.39883955E-001  -1.66638518E-001   7.01383958E-003   1.19939843E+001   0.00000000E+000   8.43400650E+014   0.00000000E+000   1.00000000E-014   1.50000000E-013
        16     1.19999997E+001   7.18506851E+003  -1.04361653E-020  -2.33243304E-021  -1.19999997E+001  -3.95569586E-021   5.53164374E-020  -5.53164374E-020  -6.98737661E+003  -6.98755908E+003  -1.41637437E+004  -2.05161975E+002   2.57109958E-001  -1.78548190E-001   7.50871162E-003   1.19935600E+001   0.00000000E+000   8.48828084E+014   0.00000000E+000   1.00000000E-014   1.60000000E-013
        17     1.19999997E+001   7.18482668E+003  -5.74595104E-021  -3.12758876E-021  -1.19999997E+001   8.38442244E-021   2.76582187E-020   0.00000000E+000  -6.98745310E+003  -6.98764819E+003  -1.41635781E+004  -2.05235088E+002   2.74451699E-001  -1.90538793E-001   8.00689556E-003   1.19931327E+001   0.00000000E+000   8.54256886E+014   0.00000000E+000   1.00000000E-014   1.70000000E-013
        18     1.19999997E+001   7.18458323E+003   1.13264923E-020  -5.88469371E-023  -1.19999997E+001  -1.00152818E-020   2.76582187E-020  -2.76582187E-020  -6.98753011E+003  -6.98773789E+003  -1.41634114E+004  -2.05308690E+002   2.91910006E-001  -2.02610669E-001   8.50841309E-003   1.19927027E+001   0.00000000E+000   8.59687266E+014   0.00000000E+000   1.00000000E-014   1.80000000E-013
        19     1.19999997E+001   7.18433813E+003  -1.91174734E-021  -2.32604718E-020  -1.19999997E+001   9.87486422E-021   0.00000000E+000  -2.76582187E-020  -6.98760764E+003  -6.98782821E+003  -1.41632435E+004  -2.05382795E+002   3.09487897E-001  -2.14765323E-001   9.01335222E-003   1.19922697E+001   0.00000000E+000   8.65120123E+014   0.00000000E+000   1.00000000E-014   1.90000000E-013
        20     1.19999997E+001   7.18409140E+003  -1.23906433E-020  -2.54641327E-020  -1.19999997E+001  -4.30959517E-021   0.00000000E+000   2.76582187E-020  -6.98768568E+003  -6.98791913E+003  -1.41630746E+004  -2.05457390E+002   3.27182085E-001  -2.27001006E-001   9.52163894E-003   1.19918338E+001   0.00000000E+000   8.70554640E+014   0.00000000E+000   1.00000000E-014   2.00000000E-013
        21     1.19999997E+001   7.18384305E+003  -1.47198386E-020   4.87199094E-021  -1.19999997E+001   2.05494770E-021   0.00000000E+000   0.00000000E+000  -6.98776424E+003  -6.98801064E+003  -1.41629045E+004  -2.05532478E+002   3.44993490E-001  -2.39318865E-001   1.00332783E-002   1.19913951E+001   0.00000000E+000   8.75990850E+014   0.00000000E+000   1.00000000E-014   2.10000000E-013
        22     1.19999997E+001   7.18359307E+003  -1.42285089E-020   2.13674917E-020  -1.19999997E+001  -1.09425761E-020   2.76582187E-020  -2.76582187E-020  -6.98784331E+003  -6.98810276E+003  -1.41627333E+004  -2.05608060E+002   3.62922189E-001  -2.51718199E-001   1.05482858E-002   1.19909535E+001   0.00000000E+000   8.81428906E+014   0.00000000E+000   1.00000000E-014   2.20000000E-013
        23     1.19999997E+001   7.18334149E+003  -5.81083830E-022  -9.83901796E-021  -1.19999997E+001   3.05088793E-022   0.00000000E+000   0.00000000E+000  -6.98792289E+003  -6.98819547E+003  -1.41625610E+004  -2.05684126E+002   3.80965818E-001  -2.64197874E-001   1.10665879E-002   1.19905090E+001   0.00000000E+000   8.86867993E+014   0.00000000E+000   1.00000000E-014   2.30000000E-013
        24     1.19999997E+001   7.18308830E+003  -1.00959029E-020  -1.02040747E-020  -1.19999997E+001   6.30718623E-021   0.00000000E+000  -8.29746561E-020  -6.98800298E+003  -6.98828877E+003  -1.41623876E+004  -2.05760677E+002   3.99124577E-001  -2.76758171E-001   1.15882032E-002   1.19900618E+001   0.00000000E+000   8.92308304E+014   0.00000000E+000   1.00000000E-014   2.40000000E-013
        25     1.19999997E+001   7.18283351E+003   1.11216293E-020  -9.86623896E-021  -1.19999997E+001   6.91240495E-021  -5.53164374E-020   2.76582187E-020  -6.98808358E+003  -6.98838267E+003  -1.41622131E+004  -2.05837716E+002   4.17399687E-001  -2.89399245E-001   1.21131380E-002   1.19896116E+001   0.00000000E+000   8.97749880E+014   0.00000000E+000   1.00000000E-014   2.50000000E-013
        26     1.19999997E+001   7.18257709E+003   9.12283149E-021  -2.60321863E-021  -1.19999997E+001   9.02313987E-021   5.53164374E-020   2.76582187E-020  -6.98816469E+003  -6.98847717E+003  -1.41620375E+004  -2.05915248E+002   4.35793395E-001  -3.02125049E-001   1.26414329E-002   1.19891587E+001   0.00000000E+000   9.03193074E+014   0.00000000E+000   1.00000000E-014   2.60000000E-013
        27     1.19999997E+001   7.18231907E+003   6.80026342E-021  -1.50663194E-020  -1.19999997E+001   1.36197556E-020  -2.76582187E-020   0.00000000E+000  -6.98824631E+003  -6.98857226E+003  -1.41618608E+004  -2.05993266E+002   4.54303438E-001  -3.14931208E-001   1.31730440E-002   1.19887028E+001   0.00000000E+000   9.08637401E+014   0.00000000E+000   1.00000000E-014   2.70000000E-013
        28     1.19999997E+001   7.18205944E+003  -4.24531458E-021  -1.75633445E-020  -1.19999997E+001   6.65461000E-021  -2.76582187E-020  -2.76582187E-020  -6.98832844E+003  -6.98866795E+003  -1.41616830E+004  -2.06071771E+002   4.72929611E-001  -3.27817869E-001   1.37079714E-002   1.19882442E+001   0.00000000E+000   9.14082858E+014   0.00000000E+000   1.00000000E-014   2.80000000E-013
        29     1.19999997E+001   7.18179819E+003   4.66771478E-021   4.61439381E-021  -1.19999997E+001   2.44566426E-021   2.76582187E-020   5.53164374E-020  -6.98841109E+003  -6.98876423E+003  -1.41615041E+004  -2.06150766E+002   4.91673623E-001  -3.40787293E-001   1.42462379E-002   1.19877827E+001   0.00000000E+000   9.19529662E+014   0.00000000E+000   1.00000000E-014   2.90000000E-013
        30     1.19999997E+001   7.18153532E+003   3.16639252E-021  -1.92973245E-020  -1.19999997E+001  -2.75359682E-021   0.00000000E+000   2.76582187E-020  -6.98849424E+003  -6.98886111E+003  -1.41613240E+004  -2.06230253E+002   5.10535470E-001  -3.53839136E-001   1.47878626E-002   1.19873183E+001   0.00000000E+000   9.24977955E+014   0.00000000E+000   1.00000000E-014   3.00000000E-013
        31     1.19999997E+001   7.18127084E+003   4.78414256E-021   9.14713783E-021  -1.19999997E+001  -7.72407593E-021   0.00000000E+000  -5.53164374E-020  -6.98857791E+003  -6.98895859E+003  -1.41611429E+004  -2.06310227E+002   5.29512702E-001  -3.66970976E-001   1.53328021E-002   1.19868511E+001   0.00000000E+000   9.30427333E+014   0.00000000E+000   1.00000000E-014   3.10000000E-013
        32     1.19999997E+001   7.18100474E+003   1.99343670E-021  -2.08145652E-021  -1.19999997E+001   7.44126905E-021  -2.76582187E-020   0.00000000E+000  -6.98866209E+003  -6.98905666E+003  -1.41609606E+004  -2.06390691E+002   5.48606985E-001  -3.80183939E-001   1.58810785E-002   1.19863810E+001   0.00000000E+000   9.35877955E+014   0.00000000E+000   1.00000000E-014   3.20000000E-013
        33     1.19999997E+001   7.18073705E+003  -6.88097684E-021  -1.61058079E-020  -1.19999997E+001   6.20306329E-022  -2.76582187E-020  -2.76582187E-020  -6.98874677E+003  -6.98915532E+003  -1.41607773E+004  -2.06471640E+002   5.67817095E-001  -3.93478034E-001   1.64326641E-002   1.19859081E+001   0.00000000E+000   9.41329548E+014   0.00000000E+000   1.00000000E-014   3.30000000E-013
        34     1.19999997E+001   7.18046774E+003   9.61771550E-021   2.47649329E-020  -1.19999997E+001  -6.91272807E-021   5.53164374E-020  -5.53164374E-020  -6.98883197E+003  -6.98925458E+003  -1.41605928E+004  -2.06553078E+002   5.87143838E-001  -4.06852598E-001   1.69875802E-002   1.19854324E+001   0.00000000E+000   9.46782283E+014   0.00000000E+000   1.00000000E-014   3.40000000E-013
        35     1.19999997E+001   7.18019680E+003   6.48579763E-021  -5.34485681E-021  -1.19999997E+001   1.36651437E-020   5.53164374E-020   5.53164374E-020  -6.98891768E+003  -6.98935445E+003  -1.41604072E+004  -2.06635008E+002   6.06588515E-001  -4.20310952E-001   1.75458552E-002   1.19849537E+001   0.00000000E+000   9.52236314E+014   0.00000000E+000   1.00000000E-014   3.50000000E-013
        36     1.19999997E+001   7.17992422E+003  -1.18798540E-020  -1.82377631E-020  -1.19999997E+001   1.22866391E-021   0.00000000E+000   0.00000000E+000  -6.98900392E+003  -6.98945492E+003  -1.41602205E+004  -2.06717437E+002   6.26153261E-001  -4.33854798E-001   1.81075282E-002   1.19844722E+001   0.00000000E+000   9.57691996E+014   0.00000000E+000   1.00000000E-014   3.60000000E-013
        37     1.19999997E+001   7.17964998E+003  -9.06659586E-021   1.03829894E-020  -1.19999997E+001   9.01360461E-021  -1.10632875E-019  -5.53164374E-020  -6.98909067E+003  -6.98955600E+003  -1.41600327E+004  -2.06800369E+002   6.45839356E-001  -4.47487401E-001   1.86726279E-002   1.19839877E+001   0.00000000E+000   9.63149551E+014   0.00000000E+000   1.00000000E-014   3.70000000E-013
        38     1.19999997E+001   7.17937405E+003  -1.34690642E-020   2.66363499E-021  -1.19999997E+001  -4.42920137E-021   5.53164374E-020   0.00000000E+000  -6.98917796E+003  -6.98965772E+003  -1.41598437E+004  -2.06883816E+002   6.65649843E-001  -4.61209333E-001   1.92412398E-002   1.19835003E+001   0.00000000E+000   9.68609823E+014   0.00000000E+000   1.00000000E-014   3.80000000E-013
        39     1.19999997E+001   7.17909643E+003  -1.91177107E-020   4.36546151E-021  -1.19999997E+001   4.78635823E-021  -2.76582187E-020   0.00000000E+000  -6.98926578E+003  -6.98976006E+003  -1.41596535E+004  -2.06967771E+002   6.85582831E-001  -4.75018727E-001   1.98133181E-002   1.19830099E+001   0.00000000E+000   9.74072365E+014   0.00000000E+000   1.00000000E-014   3.90000000E-013
        40     1.19999997E+001   7.17881714E+003  -1.19743889E-020  -1.26009070E-020  -1.19999997E+001   7.56061807E-021  -2.76582187E-020   2.76582187E-020  -6.98935413E+003  -6.98986302E+003  -1.41594622E+004  -2.07052235E+002   7.05636906E-001  -4.88914070E-001   2.03888628E-002   1.19825165E+001   0.00000000E+000   9.79537147E+014   0.00000000E+000   1.00000000E-014   4.00000000E-013
        41     1.19999997E+001   7.17853616E+003   7.19573278E-021  -4.89607308E-021  -1.19999997E+001  -1.75331561E-020  -2.76582187E-020   2.76582187E-020  -6.98944301E+003  -6.98996661E+003  -1.41592698E+004  -2.07137208E+002   7.25813509E-001  -5.02897733E-001   2.09678796E-002   1.19820201E+001   0.00000000E+000   9.85004176E+014   0.00000000E+000   1.00000000E-014   4.10000000E-013
        42     1.19999997E+001   7.17825351E+003   1.24505453E-020  -7.46970998E-021  -1.19999997E+001   7.93854017E-021   2.76582187E-020   5.53164374E-020  -6.98953242E+003  -6.99007082E+003  -1.41590761E+004  -2.07222689E+002   7.46113943E-001  -5.16971155E-001   2.15503660E-002   1.19815208E+001   0.00000000E+000   9.90473352E+014   0.00000000E+000   1.00000000E-014   4.20000000E-013
        43     1.19999997E+001   7.17796921E+003  -4.62158153E-021  -2.45533108E-020  -1.19999997E+001   1.37658970E-020  -2.76582187E-020  -8.29746561E-020  -6.98962236E+003  -6.99017563E+003  -1.41588814E+004  -2.07308673E+002   7.66536606E-001  -5.31131853E-001   2.21362726E-002   1.19810186E+001   0.00000000E+000   9.95944138E+014   0.00000000E+000   1.00000000E-014   4.30000000E-013
        44     1.19999997E+001   7.17768327E+003   6.18539074E-021   1.89448602E-020  -1.19999997E+001  -6.00449774E-021   0.00000000E+000  -2.76582187E-020  -6.98971281E+003  -6.99028106E+003  -1.41586855E+004  -2.07395151E+002   7.87079914E-001  -5.45379912E-001   2.27255537E-002   1.19805135E+001   0.00000000E+000   1.00141601E+015   0.00000000E+000   1.00000000E-014   4.40000000E-013
        45     1.19999997E+001   7.17739571E+003  -1.42500852E-020  -3.16225134E-021  -1.19999997E+001   6.67258588E-021  -5.53164374E-020   0.00000000E+000  -6.98980378E+003  -6.99038708E+003  -1.41584885E+004  -2.07482120E+002   8.07743875E-001  -5.59716923E-001   2.33181819E-002   1.19800055E+001   0.00000000E+000   1.00688862E+015   0.00000000E+000   1.00000000E-014   4.50000000E-013
        46     1.19999997E+001   7.17703514E+003   1.03252899E-020  -8.57334722E-021  -1.19999997E+001   1.28308084E-020  -8.29746561E-020   2.76582187E-020  -6.98991589E+003  -6.99052197E+003  -1.41582415E+004  -2.07591174E+002   8.33565294E-001  -5.79582925E-001   2.40619486E-002   1.19793685E+001   0.00000000E+000   1.01548051E+015   0.00000000E+000   1.00000000E-014   4.60000000E-013
        47     1.19999997E+001   7.17666269E+003   1.66673069E-020   2.66016643E-020  -1.19999997E+001  -8.65356277E-022   0.00000000E+000   2.76582187E-020  -6.99003641E+003  -6.99065660E+003  -1.41579864E+004  -2.07703821E+002   8.64071269E-001  -6.04127083E-001   2.48320675E-002   1.19787106E+001   0.00000000E+000   1.02470998E+015   3.62979262E+011   1.00000000E-014   4.70000000E-013
        48     1.19999997E+001   7.17636193E+003  -4.37743664E-021  -1.45463509E-020  -1.19999997E+001   8.40042005E-021   0.00000000E+000   2.76582187E-020  -6.99012801E+003  -6.99077104E+003  -1.41577803E+004  -2.07794788E+002   8.83295700E-001  -6.17070752E-001   2.54509633E-002   1.19781793E+001   0.00000000E+000   1.03101405E+015   8.43471984E+011   1.00000000E-014   4.80000000E-013
        49     1.19999997E+001   7.17609387E+003  -2.26582073E-020  -2.00467327E-021  -1.19999997E+001  -6.90294552E-021  -2.76582187E-020   5.53164374E-020  -6.99021338E+003  -6.99086931E+003  -1.41575967E+004  -2.07875864E+002   9.02608550E-001  -6.30120456E-001   2.60033162E-002   1.19777057E+001   0.00000000E+000   1.03575230E+015   1.18006287E+012   1.00000000E-014   4.90000000E-013
        50     1.19999997E+001   7.17582437E+003  -1.93549713E-020   6.78433835E-021  -1.19999997E+001  -1.53741909E-020  -5.53164374E-020   1.38291093E-019  -6.99029920E+003  -6.99096812E+003  -1.41574120E+004  -2.07957380E+002   9.22102700E-001  -6.43342808E-001   2.65587148E-002   1.19772297E+001   0.00000000E+000   1.04044499E+015   1.42088245E+012   1.00000000E-014   5.00000000E-013
        51     1.19999997E+001   7.17555389E+003   9.18518655E-021   1.37582081E-020  -1.19999997E+001  -9.21213059E-021  -1.65949312E-019   2.76582187E-020  -6.99038536E+003  -6.99106727E+003  -1.41572267E+004  -2.08039191E+002   9.41666054E-001  -6.56576927E-001   2.71161124E-002   1.19767519E+001   0.00000000E+000   1.04527169E+015   1.68909842E+012   1.00000000E-014   5.10000000E-013
        52     1.19999997E+001   7.17528259E+003  -1.13393907E-020   1.79156084E-020  -1.19999997E+001  -3.65369317E-021  -2.76582187E-020   0.00000000E+000  -6.99047171E+003  -6.99116679E+003  -1.41570409E+004  -2.08121254E+002   9.61263900E-001  -6.69863060E-001   2.76752309E-002   1.19762726E+001   0.00000000E+000   1.05023242E+015   1.98514173E+012   1.00000000E-014   5.20000000E-013
        53     1.19999997E+001   7.17501032E+003  -1.47836378E-020  -3.49581403E-021  -1.19999997E+001  -3.32690935E-021  -5.53164374E-020   5.53164374E-020  -6.99055838E+003  -6.99126665E+003  -1.41568543E+004  -2.08203607E+002   9.80955678E-001  -6.83171971E-001   2.82363276E-002   1.19757916E+001   0.00000000E+000   1.05532412E+015   2.30846366E+012   1.00000000E-014   5.30000000E-013
        54     1.19999997E+001   7.17473711E+003   1.86641066E-020  -1.15888901E-020  -1.19999997E+001   1.35924027E-020   2.76582187E-020  -5.53164374E-020  -6.99064534E+003  -6.99136687E+003  -1.41566672E+004  -2.08286247E+002   1.00070593E+000  -6.96495025E-001   2.87993699E-002   1.19753090E+001   0.00000000E+000   1.06054139E+015   2.65740981E+012   1.00000000E-014   5.40000000E-013
        55     1.19999997E+001   7.17446298E+003  -3.93667809E-021   1.34996615E-020  -1.19999997E+001  -1.72214533E-020   2.76582187E-020   0.00000000E+000  -6.99073259E+003  -6.99146744E+003  -1.41564793E+004  -2.08369170E+002   1.02051251E+000  -7.09828056E-001   2.93643204E-002   1.19748247E+001   0.00000000E+000   1.06588582E+015   3.03535278E+012   1.00000000E-014   5.50000000E-013
        56     1.19999997E+001   7.17418809E+003   4.14212802E-021   1.02094556E-021  -1.19999997E+001  -5.15756080E-021   5.53164374E-020   0.00000000E+000  -6.99082008E+003  -6.99156828E+003  -1.41562910E+004  -2.08452319E+002   1.04035738E+000  -7.23120653E-001   2.99307961E-002   1.19743391E+001   0.00000000E+000   1.07135741E+015   3.44610898E+012   1.00000000E-014   5.60000000E-013
        57     1.19999997E+001   7.17391282E+003   6.17927129E-021   9.86790071E-021  -1.19999997E+001   1.31046735E-020   0.00000000E+000  -5.53164374E-020  -6.99090770E+003  -6.99166927E+003  -1.41561024E+004  -2.08535587E+002   1.06023398E+000  -7.36291328E-001   3.04980390E-002   1.19738529E+001   0.00000000E+000   1.07694658E+015   3.88933160E+012   1.00000000E-014   5.70000000E-013
        58     1.19999997E+001   7.17363744E+003  -3.39194167E-021  -9.88747239E-021  -1.19999997E+001   1.42668411E-020   0.00000000E+000  -2.76582187E-020  -6.99099525E+003  -6.99177040E+003  -1.41559137E+004  -2.08618888E+002   1.08000758E+000  -7.49369249E-001   3.10654594E-002   1.19733664E+001   0.00000000E+000   1.08264395E+015   4.36406554E+012   1.00000000E-014   5.80000000E-013
        59     1.19999997E+001   7.17336393E+003  -7.78594302E-021  -1.34268611E-020  -1.19999997E+001   6.35900371E-021   2.76582187E-020   0.00000000E+000  -6.99108232E+003  -6.99187073E+003  -1.41557263E+004  -2.08701625E+002   1.09967499E+000  -7.62669734E-001   3.16291185E-002   1.19728833E+001   0.00000000E+000   1.08707804E+015   4.01429814E+012   1.00000000E-014   5.90000000E-013
        60     1.19999997E+001   7.17308411E+003   3.30080937E-022   2.62357305E-020  -1.19999997E+001   1.12834188E-020   8.29746561E-020   5.53164374E-020  -6.99117054E+003  -6.99197424E+003  -1.41555346E+004  -2.08786273E+002   1.11932309E+000  -7.75888737E-001   3.22056201E-002   1.19723889E+001   0.00000000E+000   1.09310204E+015   4.31722412E+012   1.00000000E-014   6.00000000E-013
        61     1.19999997E+001   7.17280698E+003   1.03010891E-020  -2.98578966E-021  -1.19999997E+001   3.07301158E-022   0.00000000E+000   2.76582187E-020  -6.99125828E+003  -6.99207639E+003  -1.41553447E+004  -2.08870109E+002   1.13902794E+000  -7.89317065E-001   3.27767178E-002   1.19718994E+001   0.00000000E+000   1.09895277E+015   4.92406496E+012   1.00000000E-014   6.10000000E-013
        62     1.19999997E+001   7.17252907E+003   8.48487899E-021  -1.96594929E-020  -1.19999997E+001  -7.43526170E-021   0.00000000E+000   0.00000000E+000  -6.99134641E+003  -6.99217867E+003  -1.41551543E+004  -2.08954178E+002   1.15882824E+000  -8.02417898E-001   3.33493201E-002   1.19714085E+001   0.00000000E+000   1.10501664E+015   5.45953263E+012   1.00000000E-014   6.20000000E-013
        63     1.19999997E+001   7.17224993E+003  -6.85198859E-021   1.03221906E-020  -1.19999997E+001  -2.89687302E-021   0.00000000E+000   0.00000000E+000  -6.99143495E+003  -6.99228140E+003  -1.41549630E+004  -2.09038622E+002   1.17865256E+000  -8.15547397E-001   3.39244372E-002   1.19709154E+001   0.00000000E+000   1.11119723E+015   6.02689882E+012   1.00000000E-014   6.30000000E-013
        64     1.19999997E+001   7.17196942E+003   3.40753044E-021   1.44118022E-020  -1.19999997E+001   8.62060150E-021   8.29746561E-020   2.76582187E-020  -6.99152391E+003  -6.99238466E+003  -1.41547708E+004  -2.09123485E+002   1.19853956E+000  -8.28740580E-001   3.45024027E-002   1.19704198E+001   0.00000000E+000   1.11749511E+015   6.62859190E+012   1.00000000E-014   6.40000000E-013
        65     1.19999997E+001   7.17168747E+003   4.37471981E-021   4.62978475E-021  -1.19999997E+001   5.97197498E-021  -5.53164374E-020   2.76582187E-020  -6.99161333E+003  -6.99248844E+003  -1.41545776E+004  -2.09208782E+002   1.21853281E+000  -8.41970743E-001   3.50833136E-002   1.19699218E+001   0.00000000E+000   1.12390658E+015   7.26399180E+012   1.00000000E-014   6.50000000E-013
        66     1.19999997E+001   7.17140390E+003   2.55249579E-021  -3.44671601E-020  -1.19999997E+001   8.33513055E-021   1.38291093E-019  -5.53164374E-020  -6.99170329E+003  -6.99259279E+003  -1.41543833E+004  -2.09294568E+002   1.23866152E+000  -8.55252028E-001   3.56675587E-002   1.19694209E+001   0.00000000E+000   1.13042769E+015   7.93288414E+012   1.00000000E-014   6.60000000E-013
        67     1.19999997E+001   7.17111870E+003   1.46324452E-020   5.58215029E-021  -1.19999997E+001  -2.21227688E-020  -5.53164374E-020   0.00000000E+000  -6.99179382E+003  -6.99269769E+003  -1.41541879E+004  -2.09380853E+002   1.25889900E+000  -8.68577841E-001   3.62551788E-002   1.19689171E+001   0.00000000E+000   1.13705936E+015   8.63913582E+012   1.00000000E-014   6.70000000E-013
        68     1.19999997E+001   7.17082867E+003   3.72231276E-021   8.96522931E-021  -1.19999997E+001   6.30386603E-021  -8.29746561E-020   5.53164374E-020  -6.99188595E+003  -6.99280431E+003  -1.41539891E+004  -2.09468598E+002   1.27917680E+000  -8.82571338E-001   3.68527511E-002   1.19684047E+001   0.00000000E+000   1.14295326E+015   9.37258284E+012   1.00000000E-014   6.80000000E-013
        69     1.19999997E+001   7.17052926E+003   1.79050840E-020  -5.02853540E-020  -1.19999997E+001   8.29243289E-021  -2.76582187E-020   2.76582187E-020  -6.99197965E+003  -6.99291578E+003  -1.41537839E+004  -2.09559182E+002   1.30059286E+000  -8.97603545E-001   3.74701037E-002   1.19678758E+001   0.00000000E+000   1.14791138E+015   9.20120223E+012   1.00000000E-014   6.90000000E-013
        70     1.19999997E+001   7.17023771E+003   9.77571333E-021   4.39669444E-020  -1.19999997E+001   1.16806950E-020   1.10632875E-019   0.00000000E+000  -6.99207202E+003  -6.99302320E+003  -1.41535842E+004  -2.09647389E+002   1.32137653E+000  -9.11260863E-001   3.80708807E-002   1.19673608E+001   0.00000000E+000   1.15847605E+015   6.70477926E+012   1.00000000E-014   7.00000000E-013
        71     1.19999997E+001   7.16994178E+003   1.05663883E-020   3.70545790E-021  -1.19999997E+001   2.48826796E-022  -2.76582187E-020  -1.10632875E-019  -6.99216580E+003  -6.99313222E+003  -1.41533814E+004  -2.09736924E+002   1.34245282E+000  -9.25205613E-001   3.86807057E-002   1.19668380E+001   0.00000000E+000   1.16498661E+015   7.14409365E+012   1.00000000E-014   7.10000000E-013
        72     1.19999997E+001   7.16964101E+003   1.96034683E-020   1.77043424E-020  -1.19999997E+001   9.37375525E-021   0.00000000E+000   1.10632875E-019  -6.99226049E+003  -6.99324364E+003  -1.41531752E+004  -2.09827923E+002   1.36381903E+000  -9.39682312E-001   3.93006291E-002   1.19663067E+001   0.00000000E+000   1.17173825E+015   6.85674941E+012   1.00000000E-014   7.20000000E-013
        73     1.19999997E+001   7.16934170E+003  -5.36388117E-021   5.62840224E-021  -1.19999997E+001  -2.37049495E-021  -5.53164374E-020   2.76582187E-020  -6.99235569E+003  -6.99335357E+003  -1.41529701E+004  -2.09918485E+002   1.38529192E+000  -9.53727638E-001   3.99174552E-002   1.19657780E+001   0.00000000E+000   1.17967356E+015   6.51651035E+012   1.00000000E-014   7.30000000E-013
        74     1.19999997E+001   7.16904098E+003   1.59293199E-020  -2.35470704E-020  -1.19999997E+001   3.82338916E-021   0.00000000E+000  -2.76582187E-020  -6.99245107E+003  -6.99346427E+003  -1.41527640E+004  -2.10009472E+002   1.40656102E+000  -9.67710084E-001   4.05370696E-002   1.19652468E+001   0.00000000E+000   1.18678325E+015   7.08842600E+012   1.00000000E-014   7.40000000E-013
        75     1.19999997E+001   7.16873895E+003   8.21264267E-021   2.67443635E-021  -1.19999997E+001  -1.09825371E-020   2.76582187E-020  -2.76582187E-020  -6.99254669E+003  -6.99357564E+003  -1.41525570E+004  -2.10100855E+002   1.42777072E+000  -9.81751876E-001   4.11593495E-002   1.19647133E+001   0.00000000E+000   1.19394690E+015   7.64445567E+012   1.00000000E-014   7.50000000E-013
        76     1.19999997E+001   7.16843298E+003  -1.02753452E-020   8.43955023E-021  -1.19999997E+001   5.62507875E-021  -5.53164374E-020  -2.76582187E-020  -6.99264356E+003  -6.99368847E+003  -1.41523473E+004  -2.10193436E+002   1.44942824E+000  -9.96266228E-001   4.17899096E-002   1.19641728E+001   0.00000000E+000   1.20116702E+015   7.94532567E+012   1.00000000E-014   7.60000000E-013
        77     1.19999997E+001   7.16812536E+003   8.30385410E-021   2.31890167E-021  -1.19999997E+001  -7.79578162E-021  -5.53164374E-020   0.00000000E+000  -6.99274171E+003  -6.99380113E+003  -1.41521365E+004  -2.10286515E+002   1.47149381E+000  -1.01003967E+000   4.24236821E-002   1.19636294E+001   0.00000000E+000   1.20832376E+015   8.17535756E+012   1.00000000E-014   7.70000000E-013
        78     1.19999997E+001   7.16781576E+003  -1.18522110E-020  -2.78158670E-020  -1.19999997E+001  -6.21182043E-021   0.00000000E+000   1.10632875E-019  -6.99283947E+003  -6.99391556E+003  -1.41519243E+004  -2.10380193E+002   1.49271093E+000  -1.02374387E+000   4.30612677E-002   1.19630825E+001   0.00000000E+000   1.21516870E+015   8.08242167E+012   1.00000000E-014   7.80000000E-013
        79     1.19999997E+001   7.16750257E+003   8.51798204E-021  -3.33776016E-021  -1.19999997E+001   1.46096028E-020   2.76582187E-020   5.53164374E-020  -6.99293920E+003  -6.99403048E+003  -1.41517097E+004  -2.10474960E+002   1.51433947E+000  -1.03737957E+000   4.37061752E-002   1.19625292E+001   0.00000000E+000   1.22233400E+015   7.70129667E+012   1.00000000E-014   7.90000000E-013
        80     1.19999997E+001   7.16718094E+003   1.67933754E-020   5.96096261E-021  -1.19999997E+001  -1.25498545E-020   0.00000000E+000  -1.10632875E-019  -6.99304184E+003  -6.99414828E+003  -1.41514892E+004  -2.10572285E+002   1.53504487E+000  -1.05238025E+000   4.43682162E-002   1.19619611E+001   0.00000000E+000   1.22867774E+015   7.85524205E+012   1.00000000E-014   8.00000000E-013
        81     1.19999997E+001   7.16686217E+003  -8.68149265E-021   9.66247715E-021  -1.19999997E+001  -7.01932385E-021   0.00000000E+000   5.53164374E-020  -6.99314321E+003  -6.99426538E+003  -1.41512708E+004  -2.10668741E+002   1.55794020E+000  -1.06757498E+000   4.50252620E-002   1.19613980E+001   0.00000000E+000   1.23713752E+015   7.15073169E+012   1.00000000E-014   8.10000000E-013
        82     1.19999997E+001   7.16653824E+003   2.95894322E-020   1.79925235E-020  -1.19999997E+001   1.26327044E-020   5.53164374E-020   5.53164374E-020  -6.99324527E+003  -6.99438535E+003  -1.41510487E+004  -2.10766764E+002   1.58091251E+000  -1.08423843E+000   4.56932805E-002   1.19608258E+001   0.00000000E+000   1.24476829E+015   7.19615420E+012   1.00000000E-014   8.20000000E-013
        83     1.19999997E+001   7.16620447E+003   1.23149679E-020  -1.61697456E-020  -1.19999997E+001   9.85152063E-021   0.00000000E+000   0.00000000E+000  -6.99335208E+003  -6.99450731E+003  -1.41508200E+004  -2.10867767E+002   1.60370930E+000  -1.10042168E+000   4.63809008E-002   1.19602362E+001   0.00000000E+000   1.25098877E+015   7.10977113E+012   1.00000000E-014   8.30000000E-013
        84     1.19999997E+001   7.16587576E+003  -1.47354735E-020   4.08539124E-020  -1.19999997E+001   3.93354583E-021   0.00000000E+000   0.00000000E+000  -6.99345496E+003  -6.99462974E+003  -1.41505947E+004  -2.10967239E+002   1.62772784E+000  -1.11788785E+000   4.70592388E-002   1.19596555E+001   0.00000000E+000   1.25870444E+015   6.44748778E+012   1.00000000E-014   8.40000000E-013
        85     1.19999997E+001   7.16553332E+003  -2.56584779E-020   2.76437641E-020  -1.19999997E+001   1.66943366E-020   1.10632875E-019   0.00000000E+000  -6.99356192E+003  -6.99475750E+003  -1.41503600E+004  -2.11070868E+002   1.65199395E+000  -1.13103415E+000   4.77644306E-002   1.19590506E+001   0.00000000E+000   1.26499196E+015   5.51327423E+012   1.00000000E-014   8.50000000E-013
        86     1.19999997E+001   7.16519367E+003  -1.71466417E-020  -3.94210119E-020  -1.19999997E+001  -3.28498321E-021   5.53164374E-020   5.53164374E-020  -6.99366892E+003  -6.99488330E+003  -1.41501271E+004  -2.11173650E+002   1.67419144E+000  -1.14418627E+000   4.84631778E-002   1.19584506E+001   0.00000000E+000   1.27280261E+015   4.73161423E+012   1.00000000E-014   8.60000000E-013
        87     1.19999997E+001   7.16485316E+003   5.55134203E-021  -2.06776030E-020  -1.19999997E+001  -1.23892585E-020   5.53164374E-020  -5.53164374E-020  -6.99377605E+003  -6.99500958E+003  -1.41498937E+004  -2.11276700E+002   1.69729406E+000  -1.15974035E+000   4.91646277E-002   1.19578491E+001   0.00000000E+000   1.27893914E+015   4.43770790E+012   1.00000000E-014   8.70000000E-013
        88     1.19999997E+001   7.16451257E+003  -5.38084154E-021  -9.09861746E-021  -1.19999997E+001   1.95761286E-020   0.00000000E+000   0.00000000E+000  -6.99388311E+003  -6.99513598E+003  -1.41496603E+004  -2.11379773E+002   1.72088588E+000  -1.17469651E+000   4.98662639E-002   1.19572475E+001   0.00000000E+000   1.28464753E+015   4.65736600E+012   1.00000000E-014   8.80000000E-013
        89     1.19999997E+001   7.16417090E+003   1.49293440E-022  -2.87255876E-020  -1.19999997E+001   6.51357254E-021  -1.10632875E-019   0.00000000E+000  -6.99399076E+003  -6.99526255E+003  -1.41494261E+004  -2.11483174E+002   1.74464664E+000  -1.18971478E+000   5.05701409E-002   1.19566440E+001   0.00000000E+000   1.29107713E+015   4.85598624E+012   1.00000000E-014   8.90000000E-013
        90     1.19999997E+001   7.16382929E+003   1.40362210E-021  -2.29325538E-020  -1.19999997E+001   2.01329853E-021   0.00000000E+000  -1.10632875E-019  -6.99409898E+003  -6.99538849E+003  -1.41491919E+004  -2.11586560E+002   1.76872758E+000  -1.20548251E+000   5.12741512E-002   1.19560405E+001   0.00000000E+000   1.29836216E+015   4.82334233E+012   1.00000000E-014   9.00000000E-013
        91     1.19999997E+001   7.16348395E+003   1.35127972E-020   1.26170102E-020  -1.19999997E+001  -1.41307823E-020   5.53164374E-020   5.53164374E-020  -6.99420898E+003  -6.99551523E+003  -1.41489552E+004  -2.11691078E+002   1.79365416E+000  -1.22152533E+000   5.19860301E-002   1.19554305E+001   0.00000000E+000   1.30569987E+015   4.52722485E+012   1.00000000E-014   9.10000000E-013
        92     1.19999997E+001   7.16313665E+003   2.06635045E-020  -2.36210626E-020  -1.19999997E+001  -1.27353766E-020  -5.53164374E-020   0.00000000E+000  -6.99431954E+003  -6.99564274E+003  -1.41487171E+004  -2.11796188E+002   1.81811970E+000  -1.23731489E+000   5.27016663E-002   1.19548170E+001   0.00000000E+000   1.31117526E+015   3.96061011E+012   1.00000000E-014   9.20000000E-013
        93     1.19999997E+001   7.16277859E+003  -2.02852593E-020  -3.90564431E-020  -1.19999997E+001  -1.63418287E-022  -1.10632875E-019   5.53164374E-020  -6.99443358E+003  -6.99577416E+003  -1.41484716E+004  -2.11904558E+002   1.84486137E+000  -1.25382268E+000   5.34400521E-002   1.19541845E+001   0.00000000E+000   1.31527209E+015   3.83535921E+012   1.00000000E-014   9.30000000E-013
        94     1.19999997E+001   7.16241334E+003  -4.54975714E-021  -2.28874756E-020  -1.19999997E+001   1.58259487E-020  -5.53164374E-020   0.00000000E+000  -6.99455268E+003  -6.99590546E+003  -1.41482212E+004  -2.12015108E+002   1.87491161E+000  -1.27180389E+000   5.41942283E-002   1.19535393E+001   0.00000000E+000   1.31469958E+015   2.77186752E+012   1.00000000E-014   9.40000000E-013
        95     1.19999997E+001   7.16203787E+003  -1.78273776E-020  -1.72161317E-020  -1.19999997E+001  -3.82112075E-021   1.10632875E-019  -5.53164374E-020  -6.99467549E+003  -6.99604005E+003  -1.41479638E+004  -2.12128751E+002   1.90209404E+000  -1.28997524E+000   5.49681485E-002   1.19528761E+001   0.00000000E+000   1.31119553E+015   2.46090647E+012   1.00000000E-014   9.50000000E-013
        96     1.19999997E+001   7.16166601E+003  -1.75671428E-020  -2.72246874E-021  -1.19999997E+001   7.17183527E-021   0.00000000E+000  -1.10632875E-019  -6.99479372E+003  -6.99617676E+003  -1.41477089E+004  -2.12241305E+002   1.92775684E+000  -1.30741599E+000   5.57344280E-002   1.19522192E+001   0.00000000E+000   1.31326811E+015   1.76303376E+012   1.00000000E-014   9.60000000E-013
        97     1.19999997E+001   7.16128510E+003  -4.76057741E-020  -5.19047921E-021  -1.19999997E+001   5.23619044E-021  -5.53164374E-020  -5.53164374E-020  -6.99491450E+003  -6.99631712E+003  -1.41474477E+004  -2.12356599E+002   1.95272086E+000  -1.32614092E+000   5.65191651E-002   1.19515464E+001   0.00000000E+000   1.30775066E+015   9.89850549E+011   1.00000000E-014   9.70000000E-013
        98     1.19999997E+001   7.16087854E+003   8.69172690E-022   7.16634887E-022  -1.19999997E+001  -2.60498720E-020   0.00000000E+000   5.53164374E-020  -6.99503947E+003  -6.99647090E+003  -1.41471690E+004  -2.12479658E+002   1.98233875E+000  -1.35277357E+000   5.73598005E-002   1.19508282E+001   0.00000000E+000   1.31110168E+015   5.56145269E+011   1.00000000E-014   9.80000000E-013
        99     1.19999997E+001   7.16035732E+003  -1.68368182E-020  -2.17175004E-020  -1.19999997E+001  -1.84418546E-020   5.53164374E-020   1.10632875E-019  -6.99520822E+003  -6.99665949E+003  -1.41468117E+004  -2.12637427E+002   2.01877928E+000  -1.37210439E+000   5.84324966E-002   1.19499075E+001   0.00000000E+000   1.32092822E+015   4.08949958E+011   1.00000000E-014   9.90000000E-013
       100     1.19999997E+001   7.16000736E+003   5.35949205E-020   1.00969844E-020  -1.19999997E+001   3.23551591E-020   0.00000000E+000   0.00000000E+000  -6.99531926E+003  -6.99678840E+003  -1.41465717E+004  -2.12743362E+002   2.04402574E+000  -1.38930372E+000   5.91543011E-002   1.19492893E+001   0.00000000E+000   1.32412984E+015   8.66209363E+011   1.00000000E-014   1.00000000E-012
       101     1.19999997E+001   7.15965689E+003   2.32418761E-020  -2.70102693E-020  -1.19999997E+001   1.07802788E-020   0.00000000E+000  -1.10632875E-019  -6.99543031E+003  -6.99691764E+003  -1.41463314E+004  -2.12849452E+002   2.06911089E+000  -1.40640946E+000   5.98770755E-002   1.19486703E+001   0.00000000E+000   1.32858744E+015   1.08015768E+012   1.00000000E-014   1.01000000E-012
       102     1.19999997E+001   7.15930467E+003   1.03623627E-020  -1.03970615E-020  -1.19999997E+001  -2.49913525E-020  -5.53164374E-020  -5.53164374E-020  -6.99554204E+003  -6.99704741E+003  -1.41460899E+004  -2.12956072E+002   2.09446514E+000  -1.42360058E+000   6.06035019E-002   1.19480481E+001   0.00000000E+000   1.33206269E+015   1.19010321E+012   1.00000000E-014   1.02000000E-012
       103     1.19999997E+001   7.15894259E+003   1.63536456E-020   1.14127977E-020  -1.19999997E+001  -1.77062679E-020   1.10632875E-019  -1.10632875E-019  -6.99565703E+003  -6.99718068E+003  -1.41458417E+004  -2.13065681E+002   2.11981095E+000  -1.44089413E+000   6.13499412E-002   1.19474085E+001   0.00000000E+000   1.33422025E+015   1.30215003E+012   1.00000000E-014   1.03000000E-012
       104     1.19999997E+001   7.15846098E+003   3.98070647E-020   8.16679956E-021  -1.19999997E+001   4.20931666E-021  -5.53164374E-020   1.65949312E-019  -6.99580506E+003  -6.99736289E+003  -1.41455114E+004  -2.13211472E+002   2.15741991E+000  -1.46701710E+000   6.23453708E-002   1.19465578E+001   0.00000000E+000   1.29981897E+015   1.50730987E+012   1.00000000E-014   1.04000000E-012
       105     1.19999997E+001   7.15807109E+003   7.40912216E-021   5.73624433E-021  -1.19999997E+001  -1.37733089E-020   0.00000000E+000   0.00000000E+000  -6.99592694E+003  -6.99750835E+003  -1.41452441E+004  -2.13329503E+002   2.18325188E+000  -1.48044417E+000   6.31475810E-002   1.19458691E+001   0.00000000E+000   1.29057699E+015   1.71099595E+012   1.00000000E-014   1.05000000E-012
       106     1.19999997E+001   7.15769999E+003  -2.92257470E-020   2.83423836E-020  -1.19999997E+001   8.50247240E-021  -1.10632875E-019  -5.53164374E-020  -6.99604557E+003  -6.99764419E+003  -1.41449896E+004  -2.13441849E+002   2.20702733E+000  -1.49832613E+000   6.39118878E-002   1.19452136E+001   0.00000000E+000   1.28835162E+015   1.81602846E+012   1.00000000E-014   1.06000000E-012
       107     1.19999997E+001   7.15734352E+003  -9.36855899E-021  -2.50484322E-020  -1.19999997E+001  -2.05677299E-020  -5.53164374E-020   0.00000000E+000  -6.99615956E+003  -6.99777463E+003  -1.41447452E+004  -2.13549767E+002   2.23332604E+000  -1.51412138E+000   6.46468825E-002   1.19445839E+001   0.00000000E+000   1.28911626E+015   2.01929615E+012   1.00000000E-014   1.07000000E-012
       108     1.19999997E+001   7.15700332E+003  -1.47794702E-020   2.80686174E-020  -1.19999997E+001  -2.78537245E-020   0.00000000E+000   0.00000000E+000  -6.99626792E+003  -6.99789955E+003  -1.41445119E+004  -2.13652760E+002   2.25805648E+000  -1.53149336E+000   6.53488226E-002   1.19439830E+001   0.00000000E+000   1.29251031E+015   2.21963845E+012   1.00000000E-014   1.08000000E-012
       109     1.19999997E+001   7.15666236E+003  -1.13604131E-020  -9.04421504E-021  -1.19999997E+001   2.46340374E-020  -1.10632875E-019  -1.10632875E-019  -6.99637654E+003  -6.99802474E+003  -1.41442781E+004  -2.13755986E+002   2.28285877E+000  -1.54893078E+000   6.60523599E-002   1.19433807E+001   0.00000000E+000   1.29597792E+015   2.42346633E+012   1.00000000E-014   1.09000000E-012
       110     1.19999997E+001   7.15631692E+003  -7.92225901E-021   2.44783476E-020  -1.19999997E+001  -3.71585964E-020   1.65949312E-019   5.53164374E-020  -6.99648629E+003  -6.99815188E+003  -1.41440412E+004  -2.13860572E+002   2.30775169E+000  -1.56670876E+000   6.67651454E-002   1.19427705E+001   0.00000000E+000   1.29910579E+015   2.63107526E+012   1.00000000E-014   1.10000000E-012
       111     1.19999997E+001   7.15597281E+003  -7.05572402E-021   2.33492302E-020  -1.19999997E+001   4.80549469E-021  -1.10632875E-019  -5.53164374E-020  -6.99659578E+003  -6.99827837E+003  -1.41438052E+004  -2.13964757E+002   2.33292627E+000  -1.58481129E+000   6.74754029E-002   1.19421627E+001   0.00000000E+000   1.30250868E+015   2.84408252E+012   1.00000000E-014   1.11000000E-012
       112     1.19999997E+001   7.15562065E+003  -2.95119631E-020  -3.00544839E-020  -1.19999997E+001   2.20870808E-020   5.53164374E-020  -5.53164374E-020  -6.99670820E+003  -6.99840745E+003  -1.41435637E+004  -2.14071377E+002   2.35812623E+000  -1.60279001E+000   6.82019086E-002   1.19415406E+001   0.00000000E+000   1.30495899E+015   3.06070252E+012   1.00000000E-014   1.12000000E-012
       113     1.19999997E+001   7.15524357E+003  -3.05412174E-020  -6.29576765E-020  -1.19999997E+001   1.74173350E-020  -5.53164374E-020   0.00000000E+000  -6.99682745E+003  -6.99854679E+003  -1.41433052E+004  -2.14185547E+002   2.38478522E+000  -1.62267846E+000   6.89800133E-002   1.19408746E+001   0.00000000E+000   1.30020669E+015   3.20446527E+012   1.00000000E-014   1.13000000E-012
       114     1.19999997E+001   7.15484125E+003   3.55292009E-021  -5.60749852E-021  -1.19999997E+001   9.27012028E-021   1.10632875E-019   5.53164374E-020  -6.99695286E+003  -6.99869731E+003  -1.41430292E+004  -2.14307362E+002   2.41566184E+000  -1.64213357E+000   6.98107881E-002   1.19401639E+001   0.00000000E+000   1.28579602E+015   3.44080018E+012   1.00000000E-014   1.14000000E-012
       115     1.19999997E+001   7.15446385E+003  -7.83067830E-021   2.12666395E-020  -1.19999997E+001   6.27530971E-021  -5.53164374E-020   0.00000000E+000  -6.99707200E+003  -6.99883699E+003  -1.41427704E+004  -2.14421632E+002   2.44505531E+000  -1.65981417E+000   7.05899572E-002   1.19394973E+001   0.00000000E+000   1.27902133E+015   3.65796494E+012   1.00000000E-014   1.15000000E-012
       116     1.19999997E+001   7.15411313E+003   2.48138621E-020   2.24976773E-020  -1.19999997E+001  -2.02664525E-020   1.10632875E-019   0.00000000E+000  -6.99718493E+003  -6.99896459E+003  -1.41425299E+004  -2.14527826E+002   2.46863599E+000  -1.67884023E+000   7.13132241E-002   1.19388778E+001   0.00000000E+000   1.27915669E+015   3.87027607E+012   1.00000000E-014   1.16000000E-012
       117     1.19999997E+001   7.15377584E+003  -1.50945163E-020  -2.59765310E-020  -1.19999997E+001   4.78700446E-021   0.00000000E+000   0.00000000E+000  -6.99729318E+003  -6.99908767E+003  -1.41422986E+004  -2.14629957E+002   2.49373567E+000  -1.69689000E+000   7.20096088E-002   1.19382820E+001   0.00000000E+000   1.28242881E+015   4.07572247E+012   1.00000000E-014   1.17000000E-012
       118     1.19999997E+001   7.15343965E+003   1.33215380E-020  -1.46328672E-020  -1.19999997E+001   2.74717074E-021  -5.53164374E-020  -1.10632875E-019  -6.99740092E+003  -6.99921050E+003  -1.41420680E+004  -2.14731756E+002   2.51850014E+000  -1.71470129E+000   7.27036139E-002   1.19376882E+001   0.00000000E+000   1.28589238E+015   4.23624491E+012   1.00000000E-014   1.18000000E-012
       119     1.19999997E+001   7.15309883E+003   5.41486778E-021  -3.10419044E-020  -1.19999997E+001  -1.42272955E-020  -1.10632875E-019   0.00000000E+000  -6.99751039E+003  -6.99933480E+003  -1.41418342E+004  -2.14834960E+002   2.54416593E+000  -1.73198037E+000   7.34071730E-002   1.19370861E+001   0.00000000E+000   1.28888555E+015   4.47465810E+012   1.00000000E-014   1.19000000E-012
       120     1.19999997E+001   7.15275053E+003   1.46151947E-020   2.56935065E-020  -1.19999997E+001  -8.03255416E-021  -2.76582187E-019  -2.76582187E-019  -6.99762231E+003  -6.99946176E+003  -1.41415953E+004  -2.14940428E+002   2.56958118E+000  -1.74959721E+000   7.41258780E-002   1.19364709E+001   0.00000000E+000   1.28991066E+015   4.65730504E+012   1.00000000E-014   1.20000000E-012
       121     1.19999997E+001   7.15240060E+003  -1.81680884E-020   3.09113913E-020  -1.19999997E+001   2.51879794E-020   0.00000000E+000  -5.53164374E-020  -6.99773461E+003  -6.99958948E+003  -1.41413553E+004  -2.15046393E+002   2.59452896E+000  -1.76780559E+000   7.48479092E-002   1.19358528E+001   0.00000000E+000   1.29135235E+015   4.80903682E+012   1.00000000E-014   1.21000000E-012
       122     1.19999997E+001   7.15205767E+003  -7.12356549E-021   4.38493824E-020  -1.19999997E+001   2.97167800E-020  -5.53164374E-020   0.00000000E+000  -6.99784468E+003  -6.99971461E+003  -1.41411201E+004  -2.15150238E+002   2.61945060E+000  -1.78588909E+000   7.55557118E-002   1.19352471E+001   0.00000000E+000   1.29385596E+015   4.96574418E+012   1.00000000E-014   1.22000000E-012
       123     1.19999997E+001   7.15171944E+003  -1.63054285E-020   2.11224368E-020  -1.19999997E+001  -3.34551827E-021   0.00000000E+000   1.10632875E-019  -6.99795327E+003  -6.99983802E+003  -1.41408881E+004  -2.15252665E+002   2.64468963E+000  -1.80418097E+000   7.62541844E-002   1.19346496E+001   0.00000000E+000   1.29726358E+015   5.10854567E+012   1.00000000E-014   1.23000000E-012
       124     1.19999997E+001   7.15137840E+003  -3.80603314E-021   6.03929155E-020  -1.19999997E+001   1.11703145E-020   0.00000000E+000  -5.53164374E-020  -6.99806236E+003  -6.99996286E+003  -1.41406542E+004  -2.15355944E+002   2.67001339E+000  -1.82334828E+000   7.69586480E-002   1.19340472E+001   0.00000000E+000   1.30061063E+015   5.23742376E+012   1.00000000E-014   1.24000000E-012
       125     1.19999997E+001   7.15103902E+003   1.08012749E-020   9.69423498E-021  -1.19999997E+001   2.28303432E-020  -1.10632875E-019   5.53164374E-020  -6.99817182E+003  -7.00008620E+003  -1.41404214E+004  -2.15458721E+002   2.69522345E+000  -1.84137400E+000   7.76593404E-002   1.19334478E+001   0.00000000E+000   1.30260658E+015   5.34581751E+012   1.00000000E-014   1.25000000E-012
       126     1.19999997E+001   7.15069398E+003   3.68839466E-020  -3.82336147E-020  -1.19999997E+001   1.28432187E-020   0.00000000E+000   0.00000000E+000  -6.99828267E+003  -7.00021202E+003  -1.41401847E+004  -2.15563215E+002   2.72157112E+000  -1.86100543E+000   7.83723440E-002   1.19328383E+001   0.00000000E+000   1.30556984E+015   5.43778855E+012   1.00000000E-014   1.26000000E-012
       127     1.19999997E+001   7.15035242E+003   1.03636552E-020   1.84255537E-020  -1.19999997E+001   2.45955666E-021   5.53164374E-020   0.00000000E+000  -6.99839181E+003  -7.00033718E+003  -1.41399504E+004  -2.15666656E+002   2.74669745E+000  -1.88005851E+000   7.90778112E-002   1.19322350E+001   0.00000000E+000   1.30868418E+015   5.49790579E+012   1.00000000E-014   1.27000000E-012
       128     1.19999997E+001   7.15000659E+003   2.47634558E-020   2.38887967E-021  -1.19999997E+001   2.61375094E-020  -1.10632875E-019   5.53164374E-020  -6.99850253E+003  -7.00046369E+003  -1.41397132E+004  -2.15771393E+002   2.77263853E+000  -1.89851492E+000   7.97920527E-002   1.19316241E+001   0.00000000E+000   1.31117297E+015   4.60265235E+012   1.00000000E-014   1.28000000E-012
       129     1.19999997E+001   7.14966084E+003   4.76007625E-020   4.67167923E-020  -1.19999997E+001  -2.14053953E-020   1.10632875E-019  -1.65949312E-019  -6.99861391E+003  -7.00058949E+003  -1.41394760E+004  -2.15876105E+002   2.79757418E+000  -1.91654982E+000   8.05056182E-002   1.19310134E+001   0.00000000E+000   1.31375780E+015   3.26354978E+012   1.00000000E-014   1.29000000E-012
       130     1.19999997E+001   7.14931301E+003  -1.78218384E-020   1.08053633E-020  -1.19999997E+001   1.82302984E-020  -5.53164374E-020   0.00000000E+000  -6.99872592E+003  -7.00071609E+003  -1.41392374E+004  -2.15981450E+002   2.82257014E+000  -1.93393000E+000   8.12232786E-002   1.19303990E+001   0.00000000E+000   1.31710753E+015   3.59957203E+012   1.00000000E-014   1.30000000E-012
       131     1.19999997E+001   7.14896374E+003  -9.29589054E-021   4.92500594E-020  -1.19999997E+001  -8.01426175E-021  -1.10632875E-019   1.65949312E-019  -6.99883862E+003  -7.00084298E+003  -1.41389978E+004  -2.16087231E+002   2.84672553E+000  -1.95115762E+000   8.19435121E-002   1.19297821E+001   0.00000000E+000   1.32187818E+015   1.88963574E+012   1.00000000E-014   1.31000000E-012
       132     1.19999997E+001   7.14861577E+003   5.11432901E-021   1.53052416E-020  -1.19999997E+001   1.77174649E-020   1.10632875E-019   0.00000000E+000  -6.99894979E+003  -7.00097053E+003  -1.41387591E+004  -2.16192626E+002   2.87191325E+000  -1.97070788E+000   8.26621969E-002   1.19291675E+001   0.00000000E+000   1.32624267E+015   1.29458831E+012   1.00000000E-014   1.32000000E-012
       133     1.19999997E+001   7.14826723E+003   3.15905446E-020   1.57252943E-020  -1.19999997E+001  -1.60522759E-020   1.10632875E-019   0.00000000E+000  -6.99906235E+003  -7.00109707E+003  -1.41385200E+004  -2.16298192E+002   2.89718433E+000  -1.98857980E+000   8.33815225E-002   1.19285518E+001   0.00000000E+000   1.32974695E+015   1.24025688E+012   1.00000000E-014   1.33000000E-012
       134     1.19999997E+001   7.14791835E+003   2.91199228E-020   1.93840386E-020  -1.19999997E+001  -1.69598403E-020   0.00000000E+000   5.53164374E-020  -6.99917581E+003  -7.00122297E+003  -1.41382806E+004  -2.16403862E+002   2.92411750E+000  -2.00701491E+000   8.41021701E-002   1.19279356E+001   0.00000000E+000   1.33341304E+015   1.39430267E+012   1.00000000E-014   1.34000000E-012
       135     1.19999997E+001   7.14756760E+003   1.42548198E-020   2.34847021E-020  -1.19999997E+001   2.23045981E-021  -1.10632875E-019  -5.53164374E-020  -6.99928900E+003  -7.00135041E+003  -1.41380400E+004  -2.16510101E+002   2.95117930E+000  -2.02642700E+000   8.48269967E-002   1.19273161E+001   0.00000000E+000   1.33695593E+015   1.44817433E+012   1.00000000E-014   1.35000000E-012
       136     1.19999997E+001   7.14721371E+003  -2.93334704E-020   2.25474769E-020  -1.19999997E+001   1.83596509E-020   0.00000000E+000  -1.10632875E-019  -6.99940276E+003  -7.00147943E+003  -1.41377972E+004  -2.16617291E+002   2.97758133E+000  -2.04349423E+000   8.55574255E-002   1.19266910E+001   0.00000000E+000   1.34029740E+015   1.57607918E+012   1.00000000E-014   1.36000000E-012
       137     1.19999997E+001   7.14685767E+003  -4.26968687E-021  -4.74437142E-020  -1.19999997E+001   9.36141084E-021   5.53164374E-020   1.65949312E-019  -6.99951803E+003  -7.00160844E+003  -1.41375529E+004  -2.16725136E+002   3.00282647E+000  -2.06366277E+000   8.62925426E-002   1.19260621E+001   0.00000000E+000   1.34344501E+015   1.71362494E+012   1.00000000E-014   1.37000000E-012
       138     1.19999997E+001   7.14646933E+003  -3.55312056E-020  -2.27253102E-020  -1.19999997E+001  -8.34670343E-021   1.10632875E-019   0.00000000E+000  -6.99964161E+003  -7.00175130E+003  -1.41372865E+004  -2.16842768E+002   3.03220930E+000  -2.08267647E+000   8.70944573E-002   1.19253761E+001   0.00000000E+000   1.33628698E+015   1.88416785E+012   1.00000000E-014   1.38000000E-012
       139     1.19999997E+001   7.14611989E+003   8.43518485E-021   3.88674128E-020  -1.19999997E+001   5.30507380E-021   0.00000000E+000  -5.53164374E-020  -6.99975321E+003  -7.00187945E+003  -1.41370468E+004  -2.16948618E+002   3.05739596E+000  -2.10002540E+000   8.78156405E-002   1.19247589E+001   0.00000000E+000   1.33943129E+015   1.99420245E+012   1.00000000E-014   1.39000000E-012
       140     1.19999997E+001   7.14576844E+003   1.05786799E-020  -3.64955726E-020  -1.19999997E+001  -2.10738373E-020   0.00000000E+000   0.00000000E+000  -6.99986619E+003  -7.00200760E+003  -1.41368056E+004  -2.17055079E+002   3.08339305E+000  -2.11783777E+000   8.85412357E-002   1.19241381E+001   0.00000000E+000   1.34301040E+015   2.10409008E+012   1.00000000E-014   1.40000000E-012
       141     1.19999997E+001   7.14541862E+003  -9.58746116E-021  -6.75694722E-020  -1.19999997E+001   1.48937351E-020   5.53164374E-020  -5.53164374E-020  -6.99997865E+003  -7.00213517E+003  -1.41365656E+004  -2.17161048E+002   3.10866317E+000  -2.13672518E+000   8.92635673E-002   1.19235202E+001   0.00000000E+000   1.34561549E+015   2.13622273E+012   1.00000000E-014   1.41000000E-012
       142     1.19999997E+001   7.14506800E+003   6.99869709E-021  -5.21116928E-020  -1.19999997E+001   1.78845759E-020  -1.10632875E-019  -1.10632875E-019  -7.00009156E+003  -7.00226283E+003  -1.41363250E+004  -2.17267261E+002   3.13417957E+000  -2.15583573E+000   8.99876541E-002   1.19229009E+001   0.00000000E+000   1.34965778E+015   2.16036824E+012   1.00000000E-014   1.42000000E-012
       143     1.19999997E+001   7.14471707E+003  -1.17843168E-020   4.35610297E-020  -1.19999997E+001   1.19262774E-020   0.00000000E+000   1.10632875E-019  -7.00020472E+003  -7.00239046E+003  -1.41360842E+004  -2.17373569E+002   3.15965867E+000  -2.17475133E+000   9.07122971E-002   1.19222811E+001   0.00000000E+000   1.35384985E+015   2.19257174E+012   1.00000000E-014   1.43000000E-012
       144     1.19999997E+001   7.14436338E+003   3.80486728E-020  -2.79738187E-020  -1.19999997E+001   1.69989309E-020   1.10632875E-019   5.53164374E-020  -7.00031921E+003  -7.00251866E+003  -1.41358415E+004  -2.17480716E+002   3.18619112E+000  -2.19390204E+000   9.14429288E-002   1.19216564E+001   0.00000000E+000   1.35824148E+015   2.32708250E+012   1.00000000E-014   1.44000000E-012
       145     1.19999997E+001   7.14400798E+003   4.99943109E-021  -4.14875918E-020  -1.19999997E+001  -9.33906958E-021   5.53164374E-020   0.00000000E+000  -7.00043316E+003  -7.00264858E+003  -1.41355977E+004  -2.17588382E+002   3.21192366E+000  -2.21218749E+000   9.21766477E-002   1.19210286E+001   0.00000000E+000   1.36162737E+015   2.31705857E+012   1.00000000E-014   1.45000000E-012
       146     1.19999997E+001   7.14364636E+003  -7.56471969E-021  -3.54878947E-020  -1.19999997E+001   2.48554190E-020   1.10632875E-019   0.00000000E+000  -7.00055132E+003  -7.00277856E+003  -1.41353495E+004  -2.17697936E+002   3.23767330E+000  -2.23138130E+000   9.29230255E-002   1.19203899E+001   0.00000000E+000   1.36456009E+015   2.20549822E+012   1.00000000E-014   1.46000000E-012
       147     1.19999997E+001   7.14328668E+003   4.31976611E-020  -8.63956915E-020  -1.19999997E+001   2.92647849E-020  -1.10632875E-019   0.00000000E+000  -7.00066703E+003  -7.00290965E+003  -1.41351027E+004  -2.17806902E+002   3.26446105E+000  -2.25144251E+000   9.36662157E-002   1.19197546E+001   0.00000000E+000   1.36393886E+015   2.13973223E+012   1.00000000E-014   1.47000000E-012
       148     1.19999997E+001   7.14292761E+003  -3.14181977E-020  -4.34733001E-020  -1.19999997E+001  -1.55472500E-020   0.00000000E+000  -1.10632875E-019  -7.00078227E+003  -7.00304082E+003  -1.41348563E+004  -2.17915687E+002   3.29053048E+000  -2.27149744E+000   9.44079724E-002   1.19191204E+001   0.00000000E+000   1.36687706E+015   2.06391267E+012   1.00000000E-014   1.48000000E-012
       149     1.19999997E+001   7.14256783E+003  -9.09521484E-021  -1.80812819E-020  -1.19999997E+001   1.28843404E-021  -1.10632875E-019   0.00000000E+000  -7.00089787E+003  -7.00317211E+003  -1.41346094E+004  -2.18024691E+002   3.31667910E+000  -2.29153935E+000   9.51512075E-002   1.19184849E+001   0.00000000E+000   1.36973064E+015   2.15004308E+012   1.00000000E-014   1.49000000E-012
       150     1.19999997E+001   7.14220417E+003  -3.42372192E-020   5.59894712E-020  -1.19999997E+001   2.22681716E-020  -5.53164374E-020  -1.10632875E-019  -7.00101470E+003  -7.00330483E+003  -1.41343599E+004  -2.18134868E+002   3.34363627E+000  -2.31161590E+000   9.59025793E-002   1.19178425E+001   0.00000000E+000   1.37275527E+015   2.22254369E+012   1.00000000E-014   1.50000000E-012
       151     1.19999997E+001   7.14177200E+003  -8.37211760E-021   4.29797085E-020  -1.19999997E+001  -8.18234876E-021  -1.10632875E-019   0.00000000E+000  -7.00115883E+003  -7.00345728E+003  -1.41340633E+004  -2.18265808E+002   3.37642431E+000  -2.33683835E+000   9.67956434E-002   1.19170792E+001   0.00000000E+000   1.37513610E+015   3.41789871E+012   1.00000000E-014   1.51000000E-012
       152     1.19999997E+001   7.14134888E+003   1.64572014E-020   1.27049245E-020  -1.19999997E+001  -1.41223417E-021   5.53164374E-020  -1.65949312E-019  -7.00129685E+003  -7.00360964E+003  -1.41337729E+004  -2.18394008E+002   3.40750064E+000  -2.36138726E+000   9.76699283E-002   1.19163319E+001   0.00000000E+000   1.36644626E+015   1.01245536E+013   1.00000000E-014   1.52000000E-012
       153     1.19999997E+001   7.14085203E+003  -3.65166742E-020  -1.92166506E-021  -1.19999997E+001   2.85495678E-020  -1.65949312E-019  -5.53164374E-020  -7.00146076E+003  -7.00378671E+003  -1.41334320E+004  -2.18544546E+002   3.43773437E+000  -2.38586754E+000   9.86931710E-002   1.19154543E+001   0.00000000E+000   1.32858841E+015   3.04174052E+013   1.00000000E-014   1.53000000E-012
       154     1.19999997E+001   7.14045814E+003   9.88562600E-021  -3.95717297E-020  -1.19999997E+001   1.49299243E-020   0.00000000E+000   0.00000000E+000  -7.00159383E+003  -7.00392395E+003  -1.41331616E+004  -2.18663890E+002   3.46423930E+000  -2.40704329E+000   9.95053972E-002   1.19147586E+001   0.00000000E+000   1.31771100E+015   3.75216016E+013   1.00000000E-014   1.54000000E-012
       155     1.19999997E+001   7.14003311E+003   7.27322820E-021   2.01832069E-020  -1.19999997E+001   7.39623703E-021  -2.21265749E-019   0.00000000E+000  -7.00172834E+003  -7.00408114E+003  -1.41328699E+004  -2.18792674E+002   3.48998269E+000  -2.42798322E+000   1.00381264E-001   1.19140078E+001   0.00000000E+000   1.29798804E+015   4.96609942E+013   1.00000000E-014   1.55000000E-012
       156     1.19999997E+001   7.13968230E+003  -1.20284353E-020  -1.70254133E-020  -1.19999997E+001   1.59595083E-020  -5.53164374E-020   0.00000000E+000  -7.00183947E+003  -7.00421080E+003  -1.41326292E+004  -2.18898978E+002   3.51928176E+000  -2.45044509E+000   1.01108269E-001   1.19133882E+001   0.00000000E+000   1.29365108E+015   5.16620489E+013   1.00000000E-014   1.56000000E-012
       157     1.19999997E+001   7.13934911E+003  -2.16848457E-020   3.01043099E-020  -1.19999997E+001   1.24263313E-020  -1.10632875E-019   1.10632875E-019  -7.00194457E+003  -7.00433438E+003  -1.41324005E+004  -2.18999940E+002   3.54466552E+000  -2.46945892E+000   1.01797370E-001   1.19127997E+001   0.00000000E+000   1.29479998E+015   5.21874063E+013   1.00000000E-014   1.57000000E-012
       158     1.19999997E+001   7.13900815E+003   1.08751039E-020  -4.22424469E-020  -1.19999997E+001   4.57808069E-020   1.65949312E-019  -5.53164374E-020  -7.00205185E+003  -7.00446112E+003  -1.41321665E+004  -2.19103260E+002   3.57067182E+000  -2.48717390E+000   1.02502152E-001   1.19121975E+001   0.00000000E+000   1.29317656E+015   5.28466557E+013   1.00000000E-014   1.58000000E-012
       159     1.19999997E+001   7.13867147E+003   2.77585038E-020  -1.37344162E-020  -1.19999997E+001   2.16669226E-020   1.65949312E-019  -1.10632875E-019  -7.00215811E+003  -7.00458594E+003  -1.41319354E+004  -2.19205283E+002   3.59621941E+000  -2.50648720E+000   1.03198482E-001   1.19116028E+001   0.00000000E+000   1.29261274E+015   5.34839644E+013   1.00000000E-014   1.59000000E-012
       160     1.19999997E+001   7.13833165E+003   2.81122185E-020   2.06832081E-020  -1.19999997E+001  -2.05773476E-020   2.21265749E-019  -1.10632875E-019  -7.00226431E+003  -7.00471299E+003  -1.41317021E+004  -2.19308261E+002   3.62130432E+000  -2.52526927E+000   1.03901004E-001   1.19110026E+001   0.00000000E+000   1.29129282E+015   5.41071721E+013   1.00000000E-014   1.60000000E-012
       161     1.19999997E+001   7.13798515E+003   1.23948636E-020   5.14474952E-020  -1.19999997E+001  -2.24027863E-020  -5.53164374E-020   0.00000000E+000  -7.00237364E+003  -7.00484151E+003  -1.41314643E+004  -2.19413268E+002   3.64915417E+000  -2.54719853E+000   1.04618756E-001   1.19103906E+001   0.00000000E+000   1.28813030E+015   5.63342752E+013   1.00000000E-014   1.61000000E-012
       162     1.19999997E+001   7.13763123E+003   3.47601551E-020  -1.39415278E-020  -1.19999997E+001   2.84294637E-020   0.00000000E+000   5.53164374E-020  -7.00248621E+003  -7.00497186E+003  -1.41312214E+004  -2.19520519E+002   3.67425242E+000  -2.56665377E+000   1.05349876E-001   1.19097655E+001   0.00000000E+000   1.28449441E+015   5.98188679E+013   1.00000000E-014   1.62000000E-012
       163     1.19999997E+001   7.13730245E+003   2.47966776E-020   3.45647548E-020  -1.19999997E+001  -1.46476515E-020   0.00000000E+000   5.53164374E-020  -7.00258981E+003  -7.00509394E+003  -1.41309957E+004  -2.19620158E+002   3.69968007E+000  -2.58530461E+000   1.06030053E-001   1.19091847E+001   0.00000000E+000   1.28612026E+015   6.02997899E+013   1.00000000E-014   1.63000000E-012
       164     1.19999997E+001   7.13696999E+003  -1.89607944E-020  -2.46821094E-020  -1.19999997E+001  -1.03778608E-020   0.00000000E+000   0.00000000E+000  -7.00269541E+003  -7.00521655E+003  -1.41307675E+004  -2.19720911E+002   3.72500149E+000  -2.60392030E+000   1.06717573E-001   1.19085975E+001   0.00000000E+000   1.28707342E+015   6.11844821E+013   1.00000000E-014   1.64000000E-012
       165     1.19999997E+001   7.13659603E+003   1.48819182E-020  -1.79801000E-020  -1.19999997E+001  -1.92208577E-020   1.10632875E-019  -1.10632875E-019  -7.00281810E+003  -7.00535055E+003  -1.41305108E+004  -2.19834244E+002   3.75367575E+000  -2.62369158E+000   1.07490326E-001   1.19079370E+001   0.00000000E+000   1.27850232E+015   6.70287813E+013   1.00000000E-014   1.65000000E-012
       166     1.19999997E+001   7.13620756E+003  -3.47588099E-020  -3.42835767E-020  -1.19999997E+001   2.43262713E-020   0.00000000E+000  -1.10632875E-019  -7.00294005E+003  -7.00549527E+003  -1.41302441E+004  -2.19951974E+002   3.77915695E+000  -2.64320424E+000   1.08291863E-001   1.19072509E+001   0.00000000E+000   1.26610574E+015   7.46324687E+013   1.00000000E-014   1.66000000E-012
       167     1.19999997E+001   7.13585497E+003  -1.55748666E-020  -1.69223323E-020  -1.19999997E+001  -1.49429017E-020  -5.53164374E-020  -5.53164374E-020  -7.00305107E+003  -7.00562630E+003  -1.41300021E+004  -2.20058837E+002   3.80780967E+000  -2.66317745E+000   1.09021831E-001   1.19066281E+001   0.00000000E+000   1.25949778E+015   7.77095310E+013   1.00000000E-014   1.67000000E-012
       168     1.19999997E+001   7.13552018E+003  -2.10785456E-020  -7.57836711E-020  -1.19999997E+001  -3.55705435E-020   1.65949312E-019   0.00000000E+000  -7.00315503E+003  -7.00575216E+003  -1.41297722E+004  -2.20160306E+002   3.83434070E+000  -2.67979837E+000   1.09714254E-001   1.19060368E+001   0.00000000E+000   1.25587700E+015   7.87002307E+013   1.00000000E-014   1.68000000E-012
       169     1.19999997E+001   7.13518498E+003  -3.75788996E-020   4.93707074E-020  -1.19999997E+001   2.58562892E-020   0.00000000E+000  -1.65949312E-019  -7.00326254E+003  -7.00587476E+003  -1.41295421E+004  -2.20261900E+002   3.85995810E+000  -2.69986769E+000   1.10407774E-001   1.19054447E+001   0.00000000E+000   1.25321081E+015   8.08217193E+013   1.00000000E-014   1.69000000E-012
       170     1.19999997E+001   7.13483836E+003   1.21683649E-020   6.30568011E-020  -1.19999997E+001   7.84964332E-022  -1.10632875E-019  -1.10632875E-019  -7.00337204E+003  -7.00600322E+003  -1.41293042E+004  -2.20366958E+002   3.88661870E+000  -2.72072046E+000   1.11125182E-001   1.19048325E+001   0.00000000E+000   1.24878017E+015   8.39074561E+013   1.00000000E-014   1.70000000E-012
       171     1.19999997E+001   7.13450842E+003  -2.44131174E-020  -4.58996613E-020  -1.19999997E+001  -9.29637851E-021   0.00000000E+000   1.65949312E-019  -7.00347399E+003  -7.00612778E+003  -1.41290777E+004  -2.20466961E+002   3.91295965E+000  -2.74190960E+000   1.11808959E-001   1.19042498E+001   0.00000000E+000   1.24669659E+015   8.55910141E+013   1.00000000E-014   1.71000000E-012
       172     1.19999997E+001   7.13418610E+003   1.03937249E-020  -4.67948944E-020  -1.19999997E+001   1.67253988E-020  -1.10632875E-019  -2.21265749E-019  -7.00357450E+003  -7.00624855E+003  -1.41288564E+004  -2.20564659E+002   3.93973855E+000  -2.76140104E+000   1.12476939E-001   1.19036805E+001   0.00000000E+000   1.24363831E+015   8.60698134E+013   1.00000000E-014   1.72000000E-012
       173     1.19999997E+001   7.13386596E+003  -4.42438758E-020   2.12534774E-020  -1.19999997E+001  -1.81896120E-020  -1.65949312E-019  -1.10632875E-019  -7.00367373E+003  -7.00636911E+003  -1.41286366E+004  -2.20661695E+002   3.96562184E+000  -2.77947152E+000   1.13139871E-001   1.19031150E+001   0.00000000E+000   1.24420095E+015   8.66390983E+013   1.00000000E-014   1.73000000E-012
       174     1.19999997E+001   7.13353745E+003  -2.93980280E-020   9.67447866E-021  -1.19999997E+001   2.60754576E-020   0.00000000E+000   0.00000000E+000  -7.00377449E+003  -7.00649389E+003  -1.41284110E+004  -2.20761272E+002   3.99076149E+000  -2.79734937E+000   1.13819613E-001   1.19025348E+001   0.00000000E+000   1.24079959E+015   8.84165074E+013   1.00000000E-014   1.74000000E-012
       175     1.19999997E+001   7.13320379E+003  -5.87784362E-020  -4.34892317E-021  -1.19999997E+001   1.65345367E-020  -1.10632875E-019  -2.21265749E-019  -7.00387920E+003  -7.00661826E+003  -1.41281820E+004  -2.20862410E+002   4.01766762E+000  -2.81797922E+000   1.14510889E-001   1.19019455E+001   0.00000000E+000   1.23806843E+015   9.09436549E+013   1.00000000E-014   1.75000000E-012
       176     1.19999997E+001   7.13287963E+003  -1.87304446E-020   3.87143738E-020  -1.19999997E+001   8.36331430E-021   5.53164374E-020  -5.53164374E-020  -7.00397895E+003  -7.00674107E+003  -1.41279594E+004  -2.20960672E+002   4.04249784E+000  -2.83642429E+000   1.15181842E-001   1.19013729E+001   0.00000000E+000   1.23778659E+015   9.21571721E+013   1.00000000E-014   1.76000000E-012
       177     1.19999997E+001   7.13254249E+003  -3.94804655E-020   7.59713694E-020  -1.19999997E+001   2.93643908E-020   1.10632875E-019  -5.53164374E-020  -7.00408710E+003  -7.00686439E+003  -1.41277279E+004  -2.21062867E+002   4.06649572E+000  -2.85521744E+000   1.15878504E-001   1.19007775E+001   0.00000000E+000   1.23426879E+015   9.53842107E+013   1.00000000E-014   1.77000000E-012
       178     1.19999997E+001   7.13222330E+003  -2.56829672E-020   7.10745446E-020  -1.19999997E+001   1.62841358E-020   1.65949312E-019   5.53164374E-020  -7.00418669E+003  -7.00698396E+003  -1.41275088E+004  -2.21159625E+002   4.09328781E+000  -2.87501120E+000   1.16540274E-001   1.19002137E+001   0.00000000E+000   1.23346872E+015   9.66174781E+013   1.00000000E-014   1.78000000E-012
       179     1.19999997E+001   7.13190340E+003  -4.35073263E-020   3.31336479E-020  -1.19999997E+001  -3.01505948E-020   2.76582187E-019   0.00000000E+000  -7.00428827E+003  -7.00710204E+003  -1.41272891E+004  -2.21256600E+002   4.12196734E+000  -2.89529899E+000   1.17204119E-001   1.18996487E+001   0.00000000E+000   1.22677617E+015   9.79764594E+013   1.00000000E-014   1.79000000E-012
       180     1.19999997E+001   7.13158312E+003   2.08003217E-020   1.06841349E-020  -1.19999997E+001   1.20520822E-020   0.00000000E+000  -2.21265749E-019  -7.00438741E+003  -7.00722281E+003  -1.41270692E+004  -2.21353688E+002   4.14734473E+000  -2.91373418E+000   1.17867348E-001   1.18990830E+001   0.00000000E+000   1.22628445E+015   9.93586445E+013   1.00000000E-014   1.80000000E-012
       181     1.19999997E+001   7.13126811E+003   3.19553376E-020  -5.15779292E-020  -1.19999997E+001   4.82626125E-020  -1.10632875E-019  -5.53164374E-020  -7.00448430E+003  -7.00734223E+003  -1.41268529E+004  -2.21449185E+002   4.17340119E+000  -2.93328987E+000   1.18520509E-001   1.18985267E+001   0.00000000E+000   1.22671026E+015   9.99362416E+013   1.00000000E-014   1.81000000E-012
       182     1.19999997E+001   7.13095557E+003   9.64076894E-021  -2.19440255E-020  -1.19999997E+001   1.53708328E-020   5.53164374E-020   0.00000000E+000  -7.00458132E+003  -7.00745981E+003  -1.41266383E+004  -2.21543934E+002   4.19822085E+000  -2.95254194E+000   1.19168082E-001   1.18979746E+001   0.00000000E+000   1.22717840E+015   1.00889142E+014   1.00000000E-014   1.82000000E-012
       183     1.19999997E+001   7.13064636E+003  -3.14011054E-020   4.04559372E-020  -1.19999997E+001   1.11670899E-020  -1.65949312E-019  -5.53164374E-020  -7.00467649E+003  -7.00757697E+003  -1.41264260E+004  -2.21637674E+002   4.22368908E+000  -2.97154005E+000   1.19809134E-001   1.18974285E+001   0.00000000E+000   1.22843693E+015   1.01443821E+014   1.00000000E-014   1.83000000E-012
       184     1.19999997E+001   7.13033453E+003   5.58487107E-020   3.45766771E-020  -1.19999997E+001   2.72674312E-020   1.10632875E-019   5.53164374E-020  -7.00477220E+003  -7.00769538E+003  -1.41262119E+004  -2.21732211E+002   4.24928990E+000  -2.99105446E+000   1.20455736E-001   1.18968777E+001   0.00000000E+000   1.22922211E+015   1.01981198E+014   1.00000000E-014   1.84000000E-012
       185     1.19999997E+001   7.13002399E+003   1.88732757E-020   3.53372824E-020  -1.19999997E+001   1.48579614E-021  -1.10632875E-019   5.53164374E-020  -7.00486774E+003  -7.00781309E+003  -1.41259986E+004  -2.21826360E+002   4.27512331E+000  -3.00994123E+000   1.21099629E-001   1.18963293E+001   0.00000000E+000   1.23041996E+015   1.02387085E+014   1.00000000E-014   1.85000000E-012
       186     1.19999997E+001   7.12971263E+003  -1.09640733E-020  -7.41905044E-020  -1.19999997E+001   2.27237507E-020  -1.10632875E-019  -2.21265749E-019  -7.00496334E+003  -7.00793130E+003  -1.41257848E+004  -2.21920756E+002   4.30052893E+000  -3.02875516E+000   1.21745036E-001   1.18957793E+001   0.00000000E+000   1.23160763E+015   1.02879505E+014   1.00000000E-014   1.86000000E-012
       187     1.19999997E+001   7.12939851E+003   5.58307348E-021   1.55520506E-020  -1.19999997E+001   2.49393768E-020   1.65949312E-019   5.53164374E-020  -7.00505998E+003  -7.00805037E+003  -1.41255691E+004  -2.22015992E+002   4.32711080E+000  -3.04678973E+000   1.22396243E-001   1.18952245E+001   0.00000000E+000   1.23239230E+015   1.03352783E+014   1.00000000E-014   1.87000000E-012
       188     1.19999997E+001   7.12907819E+003  -2.83048228E-021   1.11959001E-020  -1.19999997E+001  -1.75402102E-020   3.87215062E-019  -2.21265749E-019  -7.00515932E+003  -7.00817100E+003  -1.41253491E+004  -2.22113109E+002   4.35498411E+000  -3.06823023E+000   1.23061306E-001   1.18946588E+001   0.00000000E+000   1.23019930E+015   1.05496337E+014   1.00000000E-014   1.88000000E-012
       189     1.19999997E+001   7.12876364E+003  -9.51499845E-020  -2.65821453E-020  -1.19999997E+001   4.00261570E-020   1.10632875E-019  -2.21265749E-019  -7.00525617E+003  -7.00829017E+003  -1.41251331E+004  -2.22208478E+002   4.38178627E+000  -3.08740483E+000   1.23713780E-001   1.18941032E+001   0.00000000E+000   1.23014987E+015   1.06354378E+014   1.00000000E-014   1.89000000E-012
       190     1.19999997E+001   7.12845053E+003  -6.80832949E-020  -5.07185687E-020  -1.19999997E+001   2.56635423E-020   1.10632875E-019   1.10632875E-019  -7.00535264E+003  -7.00840872E+003  -1.41249181E+004  -2.22303413E+002   4.40765637E+000  -3.10766939E+000   1.24363312E-001   1.18935502E+001   0.00000000E+000   1.22990302E+015   1.07208412E+014   1.00000000E-014   1.90000000E-012
       191     1.19999997E+001   7.12813949E+003  -8.30841731E-021  -6.59317812E-021  -1.19999997E+001  -3.09712076E-020   0.00000000E+000   1.10632875E-019  -7.00544769E+003  -7.00852728E+003  -1.41247045E+004  -2.22397719E+002   4.43187589E+000  -3.12412887E+000   1.25007147E-001   1.18930009E+001   0.00000000E+000   1.23003985E+015   1.08401157E+014   1.00000000E-014   1.91000000E-012
       192     1.19999997E+001   7.12783501E+003   2.65660027E-020  -6.39371576E-020  -1.19999997E+001   1.95312087E-020   0.00000000E+000   1.10632875E-019  -7.00554199E+003  -7.00864209E+003  -1.41244954E+004  -2.22490039E+002   4.45848164E+000  -3.14354524E+000   1.25639166E-001   1.18924631E+001   0.00000000E+000   1.23179509E+015   1.08762996E+014   1.00000000E-014   1.92000000E-012
       193     1.19999997E+001   7.12752206E+003  -5.69478474E-020  -8.31476887E-020  -1.19999997E+001   1.54499521E-020   2.21265749E-019  -2.21265749E-019  -7.00563793E+003  -7.00876109E+003  -1.41242804E+004  -2.22584932E+002   4.48644024E+000  -3.16483347E+000   1.26289457E-001   1.18919104E+001   0.00000000E+000   1.23102846E+015   1.10537048E+014   1.00000000E-014   1.93000000E-012
       194     1.19999997E+001   7.12720876E+003   6.22113149E-021   1.25260889E-020  -1.19999997E+001  -1.06331021E-020   1.10632875E-019   2.21265749E-019  -7.00573388E+003  -7.00888030E+003  -1.41240653E+004  -2.22679930E+002   4.51229429E+000  -3.18428723E+000   1.26939255E-001   1.18913570E+001   0.00000000E+000   1.23002951E+015   1.12450029E+014   1.00000000E-014   1.94000000E-012
       195     1.19999997E+001   7.12689276E+003   4.77612398E-020   2.69202976E-021  -1.19999997E+001  -1.43080419E-020   2.21265749E-019   1.10632875E-019  -7.00583279E+003  -7.00899842E+003  -1.41238482E+004  -2.22775749E+002   4.53680943E+000  -3.20256593E+000   1.27593563E-001   1.18907989E+001   0.00000000E+000   1.22847418E+015   1.14513957E+014   1.00000000E-014   1.95000000E-012
       196     1.19999997E+001   7.12659100E+003   2.69215637E-020  -1.11877233E-020  -1.19999997E+001  -4.67503372E-020  -3.31898624E-019  -1.10632875E-019  -7.00592433E+003  -7.00911413E+003  -1.41236410E+004  -2.22867249E+002   4.56208787E+000  -3.22071481E+000   1.28219504E-001   1.18902659E+001   0.00000000E+000   1.23045849E+015   1.14792115E+014   1.00000000E-014   1.96000000E-012
       197     1.19999997E+001   7.12628400E+003  -3.16077753E-020  -8.46732778E-020  -1.19999997E+001   1.46852914E-020  -2.21265749E-019  -1.10632875E-019  -7.00601908E+003  -7.00923025E+003  -1.41234301E+004  -2.22960344E+002   4.58861794E+000  -3.24121744E+000   1.28857009E-001   1.18897237E+001   0.00000000E+000   1.23093071E+015   1.15770814E+014   1.00000000E-014   1.97000000E-012
       198     1.19999997E+001   7.12597075E+003   5.70071460E-020   4.43289678E-020  -1.19999997E+001   2.88802587E-020   0.00000000E+000  -1.10632875E-019  -7.00611706E+003  -7.00934742E+003  -1.41232150E+004  -2.23055333E+002   4.61740148E+000  -3.26187667E+000   1.29507893E-001   1.18891705E+001   0.00000000E+000   1.22997767E+015   1.17142958E+014   1.00000000E-014   1.98000000E-012
       199     1.19999997E+001   7.12566919E+003  -8.82967825E-021  -3.27624717E-020  -1.19999997E+001   1.62742906E-020   0.00000000E+000   0.00000000E+000  -7.00620907E+003  -7.00946254E+003  -1.41230078E+004  -2.23146778E+002   4.64307908E+000  -3.28016077E+000   1.30133592E-001   1.18886379E+001   0.00000000E+000   1.23166832E+015   1.17363477E+014   1.00000000E-014   1.99000000E-012
       200     1.19999997E+001   7.12536445E+003  -1.06104905E-020  -3.68498412E-020  -1.19999997E+001  -1.37798306E-020   0.00000000E+000  -1.10632875E-019  -7.00630262E+003  -7.00957830E+003  -1.41227985E+004  -2.23239189E+002   4.66729719E+000  -3.29792283E+000   1.30765056E-001   1.18880996E+001   0.00000000E+000   1.23250716E+015   1.18255983E+014   1.00000000E-014   2.00000000E-012
       201     1.19999997E+001   7.12506309E+003  -3.71597702E-020  -5.75048787E-021  -1.19999997E+001  -1.88524116E-020   0.00000000E+000   0.00000000E+000  -7.00639474E+003  -7.00969317E+003  -1.41225915E+004  -2.23330578E+002   4.69302103E+000  -3.31647120E+000   1.31390450E-001   1.18875674E+001   0.00000000E+000   1.23441683E+015   1.18435481E+014   1.00000000E-014   2.01000000E-012
       202     1.19999997E+001   7.12476212E+003   4.20987420E-020   3.15625323E-020  -1.19999997E+001  -1.11493053E-020   0.00000000E+000   0.00000000E+000  -7.00648584E+003  -7.00980880E+003  -1.41223848E+004  -2.23421848E+002   4.71867351E+000  -3.33445864E+000   1.32014970E-001   1.18870358E+001   0.00000000E+000   1.23647954E+015   1.18596866E+014   1.00000000E-014   2.02000000E-012
       203     1.19999997E+001   7.12445854E+003  -1.63635633E-020  -3.87714535E-020  -1.19999997E+001   4.51112812E-020   0.00000000E+000  -2.21265749E-019  -7.00657841E+003  -7.00992476E+003  -1.41221763E+004  -2.23513913E+002   4.74417851E+000  -3.35330610E+000   1.32644926E-001   1.18864997E+001   0.00000000E+000   1.23857678E+015   1.18739912E+014   1.00000000E-014   2.03000000E-012
       204     1.19999997E+001   7.12415591E+003   1.76764345E-020   8.63686288E-022  -1.19999997E+001   1.38607089E-020   1.10632875E-019   0.00000000E+000  -7.00666977E+003  -7.01004128E+003  -1.41219684E+004  -2.23605694E+002   4.77044336E+000  -3.37350981E+000   1.33273691E-001   1.18859651E+001   0.00000000E+000   1.23984263E+015   1.19508205E+014   1.00000000E-014   2.04000000E-012
       205     1.19999997E+001   7.12385196E+003   2.74029889E-020  -8.51014809E-021  -1.19999997E+001  -5.14255233E-021   0.00000000E+000  -1.10632875E-019  -7.00676086E+003  -7.01015897E+003  -1.41217596E+004  -2.23697870E+002   4.79571978E+000  -3.39042046E+000   1.33903960E-001   1.18854283E+001   0.00000000E+000   1.24145092E+015   1.19949568E+014   1.00000000E-014   2.05000000E-012
       206     1.19999997E+001   7.12355035E+003  -3.55987701E-021  -2.23122475E-020  -1.19999997E+001  -2.45204715E-020   1.10632875E-019   0.00000000E+000  -7.00685302E+003  -7.01027401E+003  -1.41215524E+004  -2.23789345E+002   4.82211384E+000  -3.40962708E+000   1.34530356E-001   1.18848956E+001   0.00000000E+000   1.24320686E+015   1.20530391E+014   1.00000000E-014   2.06000000E-012
       207     1.19999997E+001   7.12324002E+003  -3.54479732E-020   4.64502534E-020  -1.19999997E+001  -1.41996261E-020   1.10632875E-019   2.21265749E-019  -7.00694492E+003  -7.01039528E+003  -1.41213392E+004  -2.23883462E+002   4.84778162E+000  -3.42816800E+000   1.35174293E-001   1.18843475E+001   0.00000000E+000   1.24241554E+015   1.22313217E+014   1.00000000E-014   2.07000000E-012
       208     1.19999997E+001   7.12293805E+003  -8.27152587E-021   4.16369380E-020  -1.19999997E+001   2.09346330E-020   0.00000000E+000  -2.21265749E-019  -7.00703829E+003  -7.01050935E+003  -1.41211318E+004  -2.23975046E+002   4.87426827E+000  -3.44761907E+000   1.35801414E-001   1.18838142E+001   0.00000000E+000   1.24397364E+015   1.22390015E+014   1.00000000E-014   2.08000000E-012
       209     1.19999997E+001   7.12263642E+003  -5.74412724E-020  -8.04623060E-021  -1.19999997E+001   6.69077277E-021  -1.10632875E-019   0.00000000E+000  -7.00712983E+003  -7.01062502E+003  -1.41209246E+004  -2.24066529E+002   4.90041314E+000  -3.46710184E+000   1.36427920E-001   1.18832815E+001   0.00000000E+000   1.24438071E+015   1.23148641E+014   1.00000000E-014   2.09000000E-012
       210     1.19999997E+001   7.12233297E+003  -2.34407318E-020   1.21107049E-020  -1.19999997E+001  -1.88883501E-020  -1.10632875E-019   2.21265749E-019  -7.00722044E+003  -7.01074287E+003  -1.41207161E+004  -2.24158566E+002   4.92627550E+000  -3.48595646E+000   1.37058023E-001   1.18827455E+001   0.00000000E+000   1.24559276E+015   1.23925335E+014   1.00000000E-014   2.10000000E-012
       211     1.19999997E+001   7.12203357E+003   1.67874670E-020  -2.94855071E-020  -1.19999997E+001   2.01918190E-020   2.21265749E-019   2.21265749E-019  -7.00731098E+003  -7.01085802E+003  -1.41205104E+004  -2.24249374E+002   4.95281245E+000  -3.50523069E+000   1.37680133E-001   1.18822168E+001   0.00000000E+000   1.24829972E+015   1.23784183E+014   1.00000000E-014   2.11000000E-012
       212     1.19999997E+001   7.12173258E+003  -5.69042760E-021   3.21260491E-020  -1.19999997E+001  -2.96137649E-020   2.21265749E-019   0.00000000E+000  -7.00740191E+003  -7.01097387E+003  -1.41203037E+004  -2.24340667E+002   4.97813254E+000  -3.52352563E+000   1.38304820E-001   1.18816852E+001   0.00000000E+000   1.25038635E+015   1.24100095E+014   1.00000000E-014   2.12000000E-012
       213     1.19999997E+001   7.12142785E+003  -1.94336273E-020   5.18237094E-020  -1.19999997E+001  -7.39096164E-021   0.00000000E+000   1.10632875E-019  -7.00749558E+003  -7.01108955E+003  -1.41200943E+004  -2.24433096E+002   5.00626106E+000  -3.54405449E+000   1.38938521E-001   1.18811470E+001   0.00000000E+000   1.25131026E+015   1.24469429E+014   1.00000000E-014   2.13000000E-012
       214     1.19999997E+001   7.12112515E+003   2.21444638E-020   5.56013082E-020  -1.19999997E+001  -3.18712083E-020  -2.21265749E-019   1.10632875E-019  -7.00758744E+003  -7.01120566E+003  -1.41198863E+004  -2.24524911E+002   5.03282528E+000  -3.56217410E+000   1.39567051E-001   1.18806124E+001   0.00000000E+000   1.25356046E+015   1.24337072E+014   1.00000000E-014   2.14000000E-012
       215     1.19999997E+001   7.12082300E+003  -6.53821849E-021  -4.59186527E-020  -1.19999997E+001  -5.70344461E-021   1.10632875E-019   1.10632875E-019  -7.00768032E+003  -7.01132036E+003  -1.41196788E+004  -2.24616559E+002   5.05850559E+000  -3.58134581E+000   1.40194315E-001   1.18800787E+001   0.00000000E+000   1.25613898E+015   1.24261788E+014   1.00000000E-014   2.15000000E-012
       216     1.19999997E+001   7.12051276E+003   3.04556243E-020   5.23715056E-020  -1.19999997E+001   4.92374776E-020   2.21265749E-019   0.00000000E+000  -7.00777299E+003  -7.01144084E+003  -1.41194656E+004  -2.24710661E+002   5.08407744E+000  -3.59924689E+000   1.40837894E-001   1.18795308E+001   0.00000000E+000   1.25756187E+015   1.24515817E+014   1.00000000E-014   2.16000000E-012
       217     1.19999997E+001   7.12020466E+003  -2.02799839E-020  -9.00977995E-020  -1.19999997E+001   2.34512166E-020   0.00000000E+000   0.00000000E+000  -7.00786604E+003  -7.01155946E+003  -1.41192539E+004  -2.24804119E+002   5.11086732E+000  -3.61759127E+000   1.41477608E-001   1.18789867E+001   0.00000000E+000   1.25901401E+015   1.24706602E+014   1.00000000E-014   2.17000000E-012
       218     1.19999997E+001   7.11989342E+003  -5.10051343E-020   4.87006806E-020  -1.19999997E+001  -2.51183443E-020   0.00000000E+000   1.10632875E-019  -7.00796086E+003  -7.01167849E+003  -1.41190401E+004  -2.24898528E+002   5.13871344E+000  -3.63838251E+000   1.42124636E-001   1.18784370E+001   0.00000000E+000   1.25900934E+015   1.25736150E+014   1.00000000E-014   2.18000000E-012
       219     1.19999997E+001   7.11958907E+003   3.54222524E-020   3.34944843E-021  -1.19999997E+001   2.85975540E-020   1.10632875E-019   1.10632875E-019  -7.00805395E+003  -7.01179452E+003  -1.41188310E+004  -2.24990855E+002   5.16669825E+000  -3.65932442E+000   1.42757780E-001   1.18778994E+001   0.00000000E+000   1.26104785E+015   1.26005069E+014   1.00000000E-014   2.19000000E-012
       220     1.19999997E+001   7.11928462E+003  -1.08935974E-020   3.65680301E-020  -1.19999997E+001   2.13770797E-020   1.10632875E-019   0.00000000E+000  -7.00814390E+003  -7.01191375E+003  -1.41186218E+004  -2.25083207E+002   5.19219735E+000  -3.67853467E+000   1.43390087E-001   1.18773618E+001   0.00000000E+000   1.26347888E+015   1.26003999E+014   1.00000000E-014   2.20000000E-012
       221     1.19999997E+001   7.11898292E+003  -1.18695143E-020   5.61405583E-020  -1.19999997E+001   2.64833373E-020   0.00000000E+000   2.21265749E-019  -7.00823499E+003  -7.01202996E+003  -1.41184145E+004  -2.25174731E+002   5.21878434E+000  -3.69821870E+000   1.44017163E-001   1.18768289E+001   0.00000000E+000   1.26644952E+015   1.25804207E+014   1.00000000E-014   2.21000000E-012
       222     1.19999997E+001   7.11867633E+003   1.93079676E-020   2.78940285E-020  -1.19999997E+001  -2.21970330E-020   1.10632875E-019   0.00000000E+000  -7.00832812E+003  -7.01214749E+003  -1.41182038E+004  -2.25267738E+002   5.24497814E+000  -3.71761283E+000   1.44653888E-001   1.18762874E+001   0.00000000E+000   1.26806018E+015   1.26332104E+014   1.00000000E-014   2.22000000E-012
       223     1.19999997E+001   7.11836526E+003   6.95277880E-020   6.97933642E-021  -1.19999997E+001  -1.91316114E-020   2.21265749E-019   3.31898624E-019  -7.00842135E+003  -7.01226800E+003  -1.41179901E+004  -2.25362101E+002   5.27008506E+000  -3.73650803E+000   1.45299305E-001   1.18757380E+001   0.00000000E+000   1.26965262E+015   1.26660207E+014   1.00000000E-014   2.23000000E-012
       224     1.19999997E+001   7.11805711E+003  -5.15961556E-020   1.67381685E-020  -1.19999997E+001  -2.29637841E-020   0.00000000E+000   0.00000000E+000  -7.00851494E+003  -7.01238615E+003  -1.41177784E+004  -2.25455584E+002   5.29612916E+000  -3.75532635E+000   1.45939014E-001   1.18751938E+001   0.00000000E+000   1.27199910E+015   1.26570845E+014   1.00000000E-014   2.24000000E-012
       225     1.19999997E+001   7.11775101E+003  -6.04976187E-020   3.36560167E-020  -1.19999997E+001   1.35335294E-020   0.00000000E+000  -3.31898624E-019  -7.00860789E+003  -7.01250354E+003  -1.41175680E+004  -2.25548448E+002   5.32337176E+000  -3.77528696E+000   1.46575318E-001   1.18746532E+001   0.00000000E+000   1.27296895E+015   1.27479626E+014   1.00000000E-014   2.25000000E-012
       226     1.19999997E+001   7.11744662E+003   4.55842987E-020   3.93382411E-020  -1.19999997E+001  -3.84048142E-020  -3.31898624E-019   2.21265749E-019  -7.00870070E+003  -7.01261988E+003  -1.41173589E+004  -2.25640791E+002   5.34857182E+000  -3.79434069E+000   1.47207126E-001   1.18741156E+001   0.00000000E+000   1.27560544E+015   1.26779003E+014   1.00000000E-014   2.26000000E-012
       227     1.19999997E+001   7.11713363E+003  -1.86065785E-020  -1.66928002E-020  -1.19999997E+001  -3.10825776E-021   2.21265749E-019   1.10632875E-019  -7.00879657E+003  -7.01273909E+003  -1.41171438E+004  -2.25735744E+002   5.37284314E+000  -3.81412979E+000   1.47856227E-001   1.18735628E+001   0.00000000E+000   1.27621093E+015   1.27802789E+014   1.00000000E-014   2.27000000E-012
       228     1.19999997E+001   7.11682393E+003  -5.86268071E-020  -5.46522662E-020  -1.19999997E+001  -2.47175072E-020  -3.31898624E-019   2.21265749E-019  -7.00888890E+003  -7.01285957E+003  -1.41169310E+004  -2.25829703E+002   5.39849674E+000  -3.83374464E+000   1.48499388E-001   1.18730159E+001   0.00000000E+000   1.27792976E+015   1.27771276E+014   1.00000000E-014   2.28000000E-012
       229     1.19999997E+001   7.11650995E+003  -5.11712760E-020   9.69421915E-020  -1.19999997E+001   1.03661082E-020   1.10632875E-019   2.21265749E-019  -7.00898533E+003  -7.01297891E+003  -1.41167152E+004  -2.25924963E+002   5.42583672E+000  -3.85387139E+000   1.49151694E-001   1.18724613E+001   0.00000000E+000   1.27890738E+015   1.28669370E+014   1.00000000E-014   2.29000000E-012
       230     1.19999997E+001   7.11619199E+003   6.64477140E-021   1.60805388E-020  -1.19999997E+001  -3.64571414E-021   0.00000000E+000   2.21265749E-019  -7.00908170E+003  -7.01310105E+003  -1.41164967E+004  -2.26021432E+002   5.45388612E+000  -3.87458921E+000   1.49812635E-001   1.18718998E+001   0.00000000E+000   1.27765080E+015   1.30179411E+014   1.00000000E-014   2.30000000E-012
       231     1.19999997E+001   7.11588658E+003   5.16010881E-020   1.57459738E-021  -1.19999997E+001   1.50789803E-020   0.00000000E+000   0.00000000E+000  -7.00917471E+003  -7.01321791E+003  -1.41162868E+004  -2.26114092E+002   5.47949019E+000  -3.89427290E+000   1.50446907E-001   1.18713604E+001   0.00000000E+000   1.28119855E+015   1.29180574E+014   1.00000000E-014   2.31000000E-012
       232     1.19999997E+001   7.11558140E+003  -2.76060979E-022  -3.25785717E-020  -1.19999997E+001   3.02568477E-020   1.10632875E-019  -1.10632875E-019  -7.00926706E+003  -7.01333529E+003  -1.41160771E+004  -2.26206686E+002   5.50549119E+000  -3.91370493E+000   1.51080869E-001   1.18708214E+001   0.00000000E+000   1.28408701E+015   1.29145125E+014   1.00000000E-014   2.32000000E-012
       233     1.19999997E+001   7.11527310E+003   3.63165920E-020   2.40044860E-020  -1.19999997E+001  -1.66023009E-020   0.00000000E+000   0.00000000E+000  -7.00936134E+003  -7.01345288E+003  -1.41158652E+004  -2.26300227E+002   5.53186412E+000  -3.93223924E+000   1.51720956E-001   1.18702769E+001   0.00000000E+000   1.28692616E+015   1.29151039E+014   1.00000000E-014   2.33000000E-012
       234     1.19999997E+001   7.11495746E+003  -5.37027230E-020   5.76239970E-020  -1.19999997E+001   4.69301290E-020   0.00000000E+000  -1.10632875E-019  -7.00945738E+003  -7.01357376E+003  -1.41156483E+004  -2.26395996E+002   5.55822500E+000  -3.95229708E+000   1.52376408E-001   1.18697195E+001   0.00000000E+000   1.28816729E+015   1.29448394E+014   1.00000000E-014   2.34000000E-012
       235     1.19999997E+001   7.11464760E+003   2.09695693E-020   3.21291088E-020  -1.19999997E+001   4.89154416E-020   0.00000000E+000  -1.10632875E-019  -7.00955199E+003  -7.01369210E+003  -1.41154354E+004  -2.26490014E+002   5.58345413E+000  -3.97096475E+000   1.53019332E-001   1.18691723E+001   0.00000000E+000   1.28987905E+015   1.29398779E+014   1.00000000E-014   2.35000000E-012
       236     1.19999997E+001   7.11433895E+003  -5.34215977E-020  -4.16763979E-020  -1.19999997E+001   2.20926859E-020   0.00000000E+000   1.10632875E-019  -7.00964625E+003  -7.01380997E+003  -1.41152232E+004  -2.26583667E+002   5.60957844E+000  -3.99027032E+000   1.53660302E-001   1.18686271E+001   0.00000000E+000   1.29290379E+015   1.29073588E+014   1.00000000E-014   2.36000000E-012
       237     1.19999997E+001   7.11402479E+003  -2.60996849E-020  -7.72258563E-020  -1.19999997E+001  -3.81599571E-020   2.21265749E-019   0.00000000E+000  -7.00974236E+003  -7.01392977E+003  -1.41150073E+004  -2.26678991E+002   5.63730869E+000  -4.01053311E+000   1.54313275E-001   1.18680723E+001   0.00000000E+000   1.29485881E+015   1.28860113E+014   1.00000000E-014   2.37000000E-012
       238     1.19999997E+001   7.11371350E+003  -4.38073639E-020  -5.86609269E-020  -1.19999997E+001  -5.90115291E-021   0.00000000E+000   3.31898624E-019  -7.00983664E+003  -7.01404944E+003  -1.41147934E+004  -2.26773447E+002   5.66286784E+000  -4.02939509E+000   1.54959383E-001   1.18675226E+001   0.00000000E+000   1.29709331E+015   1.28662504E+014   1.00000000E-014   2.38000000E-012
       239     1.19999997E+001   7.11340523E+003   3.80216101E-020   5.09867166E-020  -1.19999997E+001   1.05589236E-020  -1.10632875E-019  -2.21265749E-019  -7.00993010E+003  -7.01416785E+003  -1.41145815E+004  -2.26866987E+002   5.68800584E+000  -4.04818093E+000   1.55599189E-001   1.18669781E+001   0.00000000E+000   1.30014855E+015   1.28607678E+014   1.00000000E-014   2.39000000E-012
       240     1.19999997E+001   7.11309423E+003  -4.86222092E-020   2.42855586E-020  -1.19999997E+001  -2.58808091E-020  -1.10632875E-019   0.00000000E+000  -7.01002503E+003  -7.01428667E+003  -1.41143678E+004  -2.26961359E+002   5.71376080E+000  -4.06694788E+000   1.56244704E-001   1.18664289E+001   0.00000000E+000   1.30299653E+015   1.28545586E+014   1.00000000E-014   2.40000000E-012
       241     1.19999997E+001   7.11277394E+003  -1.55935151E-021  -2.07269938E-020  -1.19999997E+001  -2.03696919E-020   2.21265749E-019   1.10632875E-019  -7.01012085E+003  -7.01441100E+003  -1.41141476E+004  -2.27058551E+002   5.73926711E+000  -4.08663714E+000   1.56909461E-001   1.18658632E+001   0.00000000E+000   1.30522471E+015   1.28480611E+014   1.00000000E-014   2.41000000E-012
       242     1.19999997E+001   7.11245860E+003   5.19029194E-020   1.31569196E-020  -1.19999997E+001  -2.54012501E-020   1.10632875E-019   1.10632875E-019  -7.01021761E+003  -7.01453097E+003  -1.41139309E+004  -2.27154240E+002   5.76588701E+000  -4.10667837E+000   1.57564389E-001   1.18653063E+001   0.00000000E+000   1.30718325E+015   1.28452085E+014   1.00000000E-014   2.42000000E-012
       243     1.19999997E+001   7.11213910E+003   4.65025589E-020  -1.04741745E-020  -1.19999997E+001  -4.51644043E-020  -1.10632875E-019   0.00000000E+000  -7.01031423E+003  -7.01465396E+003  -1.41137113E+004  -2.27251196E+002   5.79237224E+000  -4.12665978E+000   1.58227884E-001   1.18647420E+001   0.00000000E+000   1.30847266E+015   1.28740695E+014   1.00000000E-014   2.43000000E-012
       244     1.19999997E+001   7.11180882E+003  -1.96352789E-020   1.61986020E-021  -1.19999997E+001  -3.21628185E-020   1.10632875E-019  -2.21265749E-019  -7.01041539E+003  -7.01477983E+003  -1.41134842E+004  -2.27351429E+002   5.82175749E+000  -4.15019414E+000   1.58915166E-001   1.18641587E+001   0.00000000E+000   1.31183214E+015   1.28575122E+014   1.00000000E-014   2.44000000E-012
       245     1.19999997E+001   7.11147620E+003  -1.53329506E-020   5.67959723E-020  -1.19999997E+001   4.06748130E-021  -1.10632875E-019  -1.10632875E-019  -7.01051874E+003  -7.01490511E+003  -1.41132556E+004  -2.27452367E+002   5.85097735E+000  -4.17101932E+000   1.59606205E-001   1.18635713E+001   0.00000000E+000   1.31422967E+015   1.28577618E+014   1.00000000E-014   2.45000000E-012
       246     1.19999997E+001   7.11116400E+003   5.56106984E-020   2.65270703E-020  -1.19999997E+001   7.67695354E-021   1.10632875E-019   0.00000000E+000  -7.01061444E+003  -7.01502401E+003  -1.41130410E+004  -2.27547112E+002   5.87616779E+000  -4.19029206E+000   1.60254117E-001   1.18630199E+001   0.00000000E+000   1.31720993E+015   1.28333679E+014   1.00000000E-014   2.46000000E-012
       247     1.19999997E+001   7.11085138E+003  -1.56884193E-020  -4.69722529E-020  -1.19999997E+001   2.91223495E-020   0.00000000E+000   0.00000000E+000  -7.01071039E+003  -7.01514295E+003  -1.41128261E+004  -2.27641984E+002   5.90166711E+000  -4.21012825E+000   1.60903135E-001   1.18624678E+001   0.00000000E+000   1.32021870E+015   1.28203068E+014   1.00000000E-014   2.47000000E-012
       248     1.19999997E+001   7.11053467E+003  -6.39482359E-021  -1.18678261E-020  -1.19999997E+001   4.18487711E-020   1.10632875E-019   1.10632875E-019  -7.01080739E+003  -7.01526366E+003  -1.41126084E+004  -2.27738101E+002   5.92761602E+000  -4.23070839E+000   1.61560861E-001   1.18619085E+001   0.00000000E+000   1.32337373E+015   1.27490579E+014   1.00000000E-014   2.48000000E-012
       249     1.19999997E+001   7.11021294E+003   7.66272054E-020   4.91077294E-020  -1.19999997E+001  -1.98002139E-020   1.10632875E-019   1.10632875E-019  -7.01090511E+003  -7.01538708E+003  -1.41123873E+004  -2.27835742E+002   5.95308126E+000  -4.24988713E+000   1.62228313E-001   1.18613403E+001   0.00000000E+000   1.32464269E+015   1.28105486E+014   1.00000000E-014   2.49000000E-012
       250     1.19999997E+001   7.10989738E+003   7.66065259E-022   5.75930832E-020  -1.19999997E+001  -4.71232345E-020  -1.10632875E-019   0.00000000E+000  -7.01100139E+003  -7.01550773E+003  -1.41121703E+004  -2.27931514E+002   5.97928037E+000  -4.26853256E+000   1.62883340E-001   1.18607830E+001   0.00000000E+000   1.32830902E+015   1.27925744E+014   1.00000000E-014   2.50000000E-012
       251     1.19999997E+001   7.10957682E+003  -3.11410553E-020   1.29820933E-020  -1.19999997E+001  -1.63952156E-020   0.00000000E+000  -2.21265749E-019  -7.01109945E+003  -7.01563003E+003  -1.41119500E+004  -2.28028800E+002   6.00453660E+000  -4.28715738E+000   1.63548120E-001   1.18602169E+001   0.00000000E+000   1.33002397E+015   1.27628347E+014   1.00000000E-014   2.51000000E-012
       252     1.19999997E+001   7.10925899E+003  -4.61747200E-020  -6.41449023E-020  -1.19999997E+001   1.60549532E-020  -2.21265749E-019  -1.10632875E-019  -7.01119702E+003  -7.01575095E+003  -1.41117315E+004  -2.28125265E+002   6.03095271E+000  -4.30684635E+000   1.64208078E-001   1.18596556E+001   0.00000000E+000   1.33165550E+015   1.27566440E+014   1.00000000E-014   2.52000000E-012
       253     1.19999997E+001   7.10893809E+003   1.60985015E-020  -9.89916792E-020  -1.19999997E+001  -1.82031961E-020  -1.10632875E-019   0.00000000E+000  -7.01129656E+003  -7.01587201E+003  -1.41115109E+004  -2.28222660E+002   6.05710408E+000  -4.32699869E+000   1.64874176E-001   1.18590888E+001   0.00000000E+000   1.33384058E+015   1.28055869E+014   1.00000000E-014   2.53000000E-012
       254     1.19999997E+001   7.10861649E+003   1.84113101E-020   1.79070887E-020  -1.19999997E+001   1.36386151E-020  -1.10632875E-019  -1.10632875E-019  -7.01139563E+003  -7.01599403E+003  -1.41112898E+004  -2.28320270E+002   6.08146679E+000  -4.34741715E+000   1.65541219E-001   1.18585209E+001   0.00000000E+000   1.33577265E+015   1.28711086E+014   1.00000000E-014   2.54000000E-012
       255     1.19999997E+001   7.10829688E+003   1.58551216E-020  -7.47129787E-020  -1.19999997E+001  -6.66847371E-020  -1.10632875E-019  -2.21265749E-019  -7.01149559E+003  -7.01611379E+003  -1.41110701E+004  -2.28417273E+002   6.10705220E+000  -4.36627571E+000   1.66204054E-001   1.18579564E+001   0.00000000E+000   1.33725672E+015   1.29251634E+014   1.00000000E-014   2.55000000E-012
       256     1.19999997E+001   7.10798525E+003  -7.09677312E-020   6.47370117E-020  -1.19999997E+001   3.64822523E-020   0.00000000E+000   0.00000000E+000  -7.01159213E+003  -7.01623148E+003  -1.41108559E+004  -2.28511858E+002   6.13144912E+000  -4.38405398E+000   1.66850100E-001   1.18574061E+001   0.00000000E+000   1.34097782E+015   1.28818319E+014   1.00000000E-014   2.56000000E-012
       257     1.19999997E+001   7.10767165E+003  -5.84573498E-020   3.56111804E-020  -1.19999997E+001  -1.00154796E-020   1.10632875E-019  -1.10632875E-019  -7.01168850E+003  -7.01635071E+003  -1.41106403E+004  -2.28607046E+002   6.15617508E+000  -4.40240560E+000   1.67500534E-001   1.18568522E+001   0.00000000E+000   1.34437773E+015   1.28759809E+014   1.00000000E-014   2.57000000E-012
       258     1.19999997E+001   7.10735917E+003   3.40973028E-020   6.54112061E-020  -1.19999997E+001   2.50967547E-020  -3.31898624E-019   3.31898624E-019  -7.01178495E+003  -7.01646910E+003  -1.41104254E+004  -2.28701892E+002   6.17882753E+000  -4.42263752E+000   1.68148420E-001   1.18563004E+001   0.00000000E+000   1.34825459E+015   1.28821074E+014   1.00000000E-014   2.58000000E-012
       259     1.19999997E+001   7.10704721E+003  -6.15722018E-021   6.70970086E-020  -1.19999997E+001   1.24968632E-021   3.31898624E-019  -1.10632875E-019  -7.01188119E+003  -7.01658733E+003  -1.41102109E+004  -2.28796581E+002   6.20250322E+000  -4.44044543E+000   1.68794959E-001   1.18557494E+001   0.00000000E+000   1.35206553E+015   1.28579310E+014   1.00000000E-014   2.59000000E-012
       260     1.19999997E+001   7.10673211E+003  -4.72620299E-020  -1.68342861E-020  -1.19999997E+001   5.68848098E-020   0.00000000E+000  -3.31898624E-019  -7.01197924E+003  -7.01670591E+003  -1.41099943E+004  -2.28892225E+002   6.22623321E+000  -4.45810681E+000   1.69447766E-001   1.18551930E+001   0.00000000E+000   1.35742479E+015   1.27620322E+014   1.00000000E-014   2.60000000E-012
       261     1.19999997E+001   7.10641442E+003  -3.00239394E-020   3.34406754E-020  -1.19999997E+001   2.73295621E-020  -1.10632875E-019  -1.10632875E-019  -7.01207663E+003  -7.01682694E+003  -1.41097759E+004  -2.28988658E+002   6.25103036E+000  -4.47497501E+000   1.70106178E-001   1.18546319E+001   0.00000000E+000   1.35986632E+015   1.27883428E+014   1.00000000E-014   2.61000000E-012
       262     1.19999997E+001   7.10609809E+003  -1.17886953E-020   1.65161802E-021  -1.19999997E+001   9.41587921E-021   0.00000000E+000   1.10632875E-019  -7.01217422E+003  -7.01694683E+003  -1.41095584E+004  -2.29084676E+002   6.27584043E+000  -4.49273718E+000   1.70761999E-001   1.18540733E+001   0.00000000E+000   1.36372517E+015   1.27899065E+014   1.00000000E-014   2.62000000E-012
       263     1.19999997E+001   7.10578120E+003  -4.97955871E-020  -4.71581576E-020  -1.19999997E+001   3.79655855E-020   0.00000000E+000   1.10632875E-019  -7.01227100E+003  -7.01706794E+003  -1.41093405E+004  -2.29180871E+002   6.30014544E+000  -4.51225599E+000   1.71419414E-001   1.18535136E+001   0.00000000E+000   1.36880165E+015   1.27349828E+014   1.00000000E-014   2.63000000E-012
       264     1.19999997E+001   7.10546087E+003  -2.14195993E-020  -2.79325388E-020  -1.19999997E+001   7.14700403E-020   1.10632875E-019  -1.10632875E-019  -7.01236899E+003  -7.01719019E+003  -1.41091203E+004  -2.29278111E+002   6.32420971E+000  -4.53057348E+000   1.72083380E-001   1.18529479E+001   0.00000000E+000   1.37230860E+015   1.26719159E+014   1.00000000E-014   2.64000000E-012
       265     1.19999997E+001   7.10514414E+003   2.89290593E-020   5.05303957E-020  -1.19999997E+001  -8.26315449E-021  -1.10632875E-019  -2.21265749E-019  -7.01246548E+003  -7.01731147E+003  -1.41089025E+004  -2.29374258E+002   6.34867259E+000  -4.54844035E+000   1.72740104E-001   1.18523885E+001   0.00000000E+000   1.37701697E+015   1.26178713E+014   1.00000000E-014   2.65000000E-012
       266     1.19999997E+001   7.10482067E+003   1.22308255E-020   5.48747820E-020  -1.19999997E+001  -3.33446634E-021  -2.21265749E-019   0.00000000E+000  -7.01256524E+003  -7.01743412E+003  -1.41086801E+004  -2.29472451E+002   6.37374104E+000  -4.56694312E+000   1.73410767E-001   1.18518173E+001   0.00000000E+000   1.38138132E+015   1.25481031E+014   1.00000000E-014   2.66000000E-012
       267     1.19999997E+001   7.10449971E+003  -8.32455999E-021   8.45140139E-020  -1.19999997E+001  -1.15671291E-020   0.00000000E+000  -1.10632875E-019  -7.01266365E+003  -7.01755640E+003  -1.41084594E+004  -2.29569884E+002   6.39782151E+000  -4.58393693E+000   1.74075647E-001   1.18512505E+001   0.00000000E+000   1.38689916E+015   1.24419074E+014   1.00000000E-014   2.67000000E-012
       268     1.19999997E+001   7.10417945E+003  -6.30952059E-021   2.42121252E-020  -1.19999997E+001  -4.79773196E-020  -1.10632875E-019   1.10632875E-019  -7.01276251E+003  -7.01767776E+003  -1.41082392E+004  -2.29667109E+002   6.42302111E+000  -4.60179358E+000   1.74739695E-001   1.18506849E+001   0.00000000E+000   1.39188778E+015   1.23564822E+014   1.00000000E-014   2.68000000E-012
       269     1.19999997E+001   7.10385833E+003   2.59344334E-020   1.48852417E-020  -1.19999997E+001  -1.23514736E-020  -1.10632875E-019   2.21265749E-019  -7.01286153E+003  -7.01779954E+003  -1.41080184E+004  -2.29764596E+002   6.44707707E+000  -4.61993485E+000   1.75405180E-001   1.18501178E+001   0.00000000E+000   1.39704343E+015   1.22716779E+014   1.00000000E-014   2.69000000E-012
       270     1.19999997E+001   7.10353538E+003  -7.85967183E-020  -6.04398928E-020  -1.19999997E+001  -6.92294254E-020   1.10632875E-019  -1.10632875E-019  -7.01296113E+003  -7.01792201E+003  -1.41077963E+004  -2.29862638E+002   6.47232883E+000  -4.63825288E+000   1.76074855E-001   1.18495474E+001   0.00000000E+000   1.40230127E+015   1.21920367E+014   1.00000000E-014   2.70000000E-012
       271     1.19999997E+001   7.10320866E+003   2.91489902E-020   6.87097998E-020  -1.19999997E+001   4.39884416E-020   0.00000000E+000  -2.21265749E-019  -7.01306133E+003  -7.01804648E+003  -1.41075716E+004  -2.29961827E+002   6.49615534E+000  -4.65678170E+000   1.76751804E-001   1.18489704E+001   0.00000000E+000   1.40594998E+015   1.21507288E+014   1.00000000E-014   2.71000000E-012
       272     1.19999997E+001   7.10288077E+003  -1.12741341E-020  -5.10986603E-020  -1.19999997E+001   1.63204634E-020   0.00000000E+000   0.00000000E+000  -7.01316182E+003  -7.01817146E+003  -1.41073462E+004  -2.30061374E+002   6.52091234E+000  -4.67406295E+000   1.77431154E-001   1.18483914E+001   0.00000000E+000   1.41064510E+015   1.20756437E+014   1.00000000E-014   2.72000000E-012
       273     1.19999997E+001   7.10254939E+003   2.41976179E-020  -5.35833674E-020  -1.19999997E+001  -3.63706251E-021   0.00000000E+000  -1.10632875E-019  -7.01326480E+003  -7.01829636E+003  -1.41071183E+004  -2.30161980E+002   6.54731345E+000  -4.69204613E+000   1.78118201E-001   1.18478062E+001   0.00000000E+000   1.41349696E+015   1.21229073E+014   1.00000000E-014   2.73000000E-012
       274     1.19999997E+001   7.10221693E+003   3.65070993E-020   9.25661529E-021  -1.19999997E+001   3.99846869E-020   0.00000000E+000  -1.10632875E-019  -7.01336669E+003  -7.01842308E+003  -1.41068897E+004  -2.30262916E+002   6.57229421E+000  -4.70865224E+000   1.78806726E-001   1.18472190E+001   0.00000000E+000   1.41809292E+015   1.19688218E+014   1.00000000E-014   2.74000000E-012
       275     1.19999997E+001   7.10188664E+003  -5.62832047E-020   1.02796183E-020  -1.19999997E+001  -1.13623913E-020   0.00000000E+000   0.00000000E+000  -7.01346784E+003  -7.01854908E+003  -1.41066625E+004  -2.30363199E+002   6.59835360E+000  -4.72718194E+000   1.79491816E-001   1.18466357E+001   0.00000000E+000   1.42216661E+015   1.19396379E+014   1.00000000E-014   2.75000000E-012
       276     1.19999997E+001   7.10155112E+003  -5.42388869E-020   1.67160119E-020  -1.19999997E+001   8.03592777E-020  -4.42531499E-019   1.10632875E-019  -7.01357117E+003  -7.01867648E+003  -1.41064318E+004  -2.30465067E+002   6.62377098E+000  -4.74425539E+000   1.80186806E-001   1.18460432E+001   0.00000000E+000   1.42600527E+015   1.18956619E+014   1.00000000E-014   2.76000000E-012
       277     1.19999997E+001   7.10122102E+003   8.00188570E-020   8.83796061E-021  -1.19999997E+001  -5.39752758E-020  -2.21265749E-019   1.10632875E-019  -7.01367387E+003  -7.01880079E+003  -1.41062048E+004  -2.30565291E+002   6.64777922E+000  -4.76061467E+000   1.80869984E-001   1.18454602E+001   0.00000000E+000   1.43126589E+015   1.18067819E+014   1.00000000E-014   2.77000000E-012
       278     1.19999997E+001   7.10088651E+003   9.54350136E-020  -2.85446946E-020  -1.19999997E+001  -1.16925778E-020   1.10632875E-019   1.10632875E-019  -7.01377719E+003  -7.01892752E+003  -1.41059747E+004  -2.30666857E+002   6.67230204E+000  -4.77848720E+000   1.81562823E-001   1.18448695E+001   0.00000000E+000   1.43652733E+015   1.17124126E+014   1.00000000E-014   2.78000000E-012
       279     1.19999997E+001   7.10055045E+003   8.54755058E-021   1.23165294E-019  -1.19999997E+001  -5.96277470E-020  -2.21265749E-019  -1.10632875E-019  -7.01388133E+003  -7.01905449E+003  -1.41057436E+004  -2.30768894E+002   6.69586723E+000  -4.79675031E+000   1.82258536E-001   1.18442760E+001   0.00000000E+000   1.44213198E+015   1.16718045E+014   1.00000000E-014   2.79000000E-012
       280     1.19999997E+001   7.10021409E+003  -1.93171995E-020   3.53049970E-020  -1.19999997E+001  -2.32284766E-020   2.21265749E-019  -2.21265749E-019  -7.01398502E+003  -7.01918213E+003  -1.41055123E+004  -2.30871024E+002   6.72044824E+000  -4.81504213E+000   1.82955310E-001   1.18436820E+001   0.00000000E+000   1.44727245E+015   1.16214882E+014   1.00000000E-014   2.80000000E-012
       281     1.19999997E+001   7.09987208E+003   3.92256115E-020  -9.07368598E-020  -1.19999997E+001  -7.12203035E-020   4.42531499E-019   1.10632875E-019  -7.01409013E+003  -7.01931223E+003  -1.41052771E+004  -2.30974872E+002   6.74569239E+000  -4.83248871E+000   1.83663606E-001   1.18430780E+001   0.00000000E+000   1.45228308E+015   1.15414531E+014   1.00000000E-014   2.81000000E-012
       282     1.19999997E+001   7.09952969E+003   2.15404584E-020  -1.41648982E-019  -1.19999997E+001   1.84910740E-020   0.00000000E+000   0.00000000E+000  -7.01419519E+003  -7.01944265E+003  -1.41050416E+004  -2.31078836E+002   6.77077779E+000  -4.85189465E+000   1.84373182E-001   1.18424733E+001   0.00000000E+000   1.45635307E+015   1.14418441E+014   1.00000000E-014   2.82000000E-012
       283     1.19999997E+001   7.09918698E+003  -3.95364373E-020  -1.31675759E-020  -1.19999997E+001   1.00945577E-020   0.00000000E+000  -2.21265749E-019  -7.01430135E+003  -7.01957220E+003  -1.41048059E+004  -2.31182902E+002   6.79592148E+000  -4.86970204E+000   1.85082913E-001   1.18418681E+001   0.00000000E+000   1.46176155E+015   1.13452664E+014   1.00000000E-014   2.83000000E-012
       284     1.19999997E+001   7.09884017E+003  -4.51978239E-020   2.70996608E-020  -1.19999997E+001  -5.53035127E-020   1.10632875E-019   1.10632875E-019  -7.01440829E+003  -7.01970379E+003  -1.41045674E+004  -2.31288214E+002   6.82200712E+000  -4.88964657E+000   1.85801947E-001   1.18412556E+001   0.00000000E+000   1.46630416E+015   1.13046296E+014   1.00000000E-014   2.84000000E-012
       285     1.19999997E+001   7.09849314E+003  -5.40672258E-020  -6.43217332E-020  -1.19999997E+001  -8.99553641E-021  -1.10632875E-019   1.10632875E-019  -7.01451508E+003  -7.01983569E+003  -1.41043287E+004  -2.31393592E+002   6.84714504E+000  -4.90838827E+000   1.86520783E-001   1.18406428E+001   0.00000000E+000   1.46978550E+015   1.13083134E+014   1.00000000E-014   2.85000000E-012
       286     1.19999997E+001   7.09814306E+003   5.67940204E-020   5.92877484E-020  -1.19999997E+001  -3.15853219E-020  -1.10632875E-019  -3.31898624E-019  -7.01462324E+003  -7.01996832E+003  -1.41040879E+004  -2.31499903E+002   6.87302171E+000  -4.92805417E+000   1.87246329E-001   1.18400246E+001   0.00000000E+000   1.47365764E+015   1.12566661E+014   1.00000000E-014   2.86000000E-012
       287     1.19999997E+001   7.09778981E+003   1.42093856E-020  -1.74898056E-020  -1.19999997E+001  -2.61270377E-020   0.00000000E+000  -2.21265749E-019  -7.01473423E+003  -7.02010030E+003  -1.41038449E+004  -2.31607173E+002   6.89967488E+000  -4.94711164E+000   1.87978184E-001   1.18394007E+001   0.00000000E+000   1.47812514E+015   1.12711872E+014   1.00000000E-014   2.87000000E-012
       288     1.19999997E+001   7.09743895E+003  -3.53448789E-020  -3.25594748E-020  -1.19999997E+001  -7.04770543E-020  -2.21265749E-019   1.10632875E-019  -7.01484326E+003  -7.02023262E+003  -1.41036036E+004  -2.31713723E+002   6.92616420E+000  -4.96582421E+000   1.88705219E-001   1.18387811E+001   0.00000000E+000   1.48209331E+015   1.11963850E+014   1.00000000E-014   2.88000000E-012
       289     1.19999997E+001   7.09707930E+003   1.84322006E-022  -3.90946237E-020  -1.19999997E+001  -4.61218079E-020   0.00000000E+000  -2.21265749E-019  -7.01495578E+003  -7.02036749E+003  -1.41033562E+004  -2.31822945E+002   6.95397544E+000  -4.98635579E+000   1.89451002E-001   1.18381460E+001   0.00000000E+000   1.48365761E+015   1.11828592E+014   1.00000000E-014   2.89000000E-012
       290     1.19999997E+001   7.09672339E+003   3.85333226E-020  -5.00423169E-021  -1.19999997E+001  -5.07635150E-020  -3.31898624E-019  -2.21265749E-019  -7.01506654E+003  -7.02050154E+003  -1.41031114E+004  -2.31931029E+002   6.98023674E+000  -5.00547024E+000   1.90188295E-001   1.18375175E+001   0.00000000E+000   1.48813344E+015   1.11183473E+014   1.00000000E-014   2.90000000E-012
       291     1.19999997E+001   7.09636625E+003  -5.65135281E-020  -5.59085468E-021  -1.19999997E+001   4.24172732E-021   2.21265749E-019   1.10632875E-019  -7.01517794E+003  -7.02063580E+003  -1.41028657E+004  -2.32039489E+002   7.00484820E+000  -5.02356305E+000   1.90927213E-001   1.18368868E+001   0.00000000E+000   1.49207665E+015   1.10931252E+014   1.00000000E-014   2.91000000E-012
       292     1.19999997E+001   7.09600027E+003  -4.78880600E-020  -3.00865846E-021  -1.19999997E+001   1.89187495E-020   0.00000000E+000   2.21265749E-019  -7.01529087E+003  -7.02077462E+003  -1.41026140E+004  -2.32150638E+002   7.03115995E+000  -5.04352993E+000   1.91685360E-001   1.18362404E+001   0.00000000E+000   1.49321404E+015   1.11447513E+014   1.00000000E-014   2.92000000E-012
       293     1.19999997E+001   7.09564246E+003   5.40127838E-020   1.82317360E-022  -1.19999997E+001   4.30457827E-020   0.00000000E+000  -1.10632875E-019  -7.01540256E+003  -7.02090907E+003  -1.41023678E+004  -2.32259306E+002   7.05630736E+000  -5.06242839E+000   1.92426070E-001   1.18356086E+001   0.00000000E+000   1.49693672E+015   1.09841077E+014   1.00000000E-014   2.93000000E-012
       294     1.19999997E+001   7.09527875E+003   7.64783868E-020  -4.06489636E-020  -1.19999997E+001  -3.00601022E-020  -1.10632875E-019  -1.10632875E-019  -7.01551516E+003  -7.02104666E+003  -1.41021176E+004  -2.32369766E+002   7.08202203E+000  -5.07953760E+000   1.93178579E-001   1.18349663E+001   0.00000000E+000   1.49959175E+015   1.10081054E+014   1.00000000E-014   2.94000000E-012
       295     1.19999997E+001   7.09491867E+003  -6.26231115E-020  -4.41486550E-020  -1.19999997E+001  -3.37649007E-020  -2.21265749E-019   0.00000000E+000  -7.01562760E+003  -7.02118192E+003  -1.41018699E+004  -2.32479128E+002   7.10810102E+000  -5.09844938E+000   1.93924256E-001   1.18343304E+001   0.00000000E+000   1.50396235E+015   1.09706021E+014   1.00000000E-014   2.95000000E-012
       296     1.19999997E+001   7.09455511E+003  -9.25763344E-020  -8.64190615E-020  -1.19999997E+001   2.60571389E-020   1.10632875E-019   0.00000000E+000  -7.01574134E+003  -7.02131829E+003  -1.41016198E+004  -2.32589547E+002   7.13360932E+000  -5.11645487E+000   1.94676530E-001   1.18336883E+001   0.00000000E+000   1.50750171E+015   1.09445664E+014   1.00000000E-014   2.96000000E-012
       297     1.19999997E+001   7.09418967E+003  -1.58406142E-020   9.08419455E-020  -1.19999997E+001  -6.27243462E-021   1.10632875E-019   1.10632875E-019  -7.01585676E+003  -7.02145426E+003  -1.41013684E+004  -2.32700539E+002   7.16018124E+000  -5.13572336E+000   1.95433236E-001   1.18330430E+001   0.00000000E+000   1.51104857E+015   1.09614304E+014   1.00000000E-014   2.97000000E-012
       298     1.19999997E+001   7.09382493E+003  -2.44301041E-020   4.62031016E-020  -1.19999997E+001   8.23093243E-020   1.10632875E-019   0.00000000E+000  -7.01597041E+003  -7.02159154E+003  -1.41011175E+004  -2.32811323E+002   7.18571297E+000  -5.15469563E+000   1.96188272E-001   1.18323989E+001   0.00000000E+000   1.51639608E+015   1.08632322E+014   1.00000000E-014   2.98000000E-012
       299     1.19999997E+001   7.09345937E+003  -2.78769362E-020  -8.28619738E-020  -1.19999997E+001  -3.78228335E-020   1.10632875E-019   1.10632875E-019  -7.01608420E+003  -7.02172924E+003  -1.41008660E+004  -2.32922357E+002   7.21136329E+000  -5.17405776E+000   1.96945145E-001   1.18317533E+001   0.00000000E+000   1.52105170E+015   1.08404662E+014   1.00000000E-014   2.99000000E-012
       300     1.19999997E+001   7.09309142E+003   9.10157695E-020  -5.39524334E-020  -1.19999997E+001  -5.97856394E-020   1.10632875E-019  -2.21265749E-019  -7.01619930E+003  -7.02186729E+003  -1.41006129E+004  -2.33034119E+002   7.23750664E+000  -5.19377247E+000   1.97707092E-001   1.18311035E+001   0.00000000E+000   1.52529907E+015   1.07967208E+014   1.00000000E-014   3.00000000E-012
       301     1.19999997E+001   7.09272137E+003   9.92163052E-021  -7.37119213E-021  -1.19999997E+001  -1.63685749E-020   0.00000000E+000   0.00000000E+000  -7.01631493E+003  -7.02200625E+003  -1.41003583E+004  -2.33146521E+002   7.26354184E+000  -5.21390851E+000   1.98473412E-001   1.18304500E+001   0.00000000E+000   1.52949850E+015   1.07060998E+014   1.00000000E-014   3.01000000E-012
       302     1.19999997E+001   7.09234671E+003   5.79879986E-020   1.49436192E-019  -1.19999997E+001   2.10376086E-020  -1.10632875E-019   0.00000000E+000  -7.01643149E+003  -7.02214745E+003  -1.41001005E+004  -2.33260325E+002   7.28866810E+000  -5.23238462E+000   1.99248384E-001   1.18297884E+001   0.00000000E+000   1.53150640E+015   1.06023733E+014   1.00000000E-014   3.02000000E-012
       303     1.19999997E+001   7.09197540E+003  -5.77059765E-020  -5.34609784E-020  -1.19999997E+001  -6.06780237E-021   0.00000000E+000   3.31898624E-019  -7.01654880E+003  -7.02228561E+003  -1.40998450E+004  -2.33373112E+002   7.31453652E+000  -5.25165100E+000   2.00016835E-001   1.18291327E+001   0.00000000E+000   1.53642191E+015   1.05564225E+014   1.00000000E-014   3.03000000E-012
       304     1.19999997E+001   7.09160105E+003   3.46573906E-020  -2.14293588E-020  -1.19999997E+001  -5.75523572E-021  -1.10632875E-019   0.00000000E+000  -7.01666566E+003  -7.02242631E+003  -1.40995875E+004  -2.33486826E+002   7.34049556E+000  -5.27136038E+000   2.00791801E-001   1.18284716E+001   0.00000000E+000   1.54121210E+015   1.04893071E+014   1.00000000E-014   3.04000000E-012
       305     1.19999997E+001   7.09122315E+003  -2.43587809E-020   5.69298616E-021  -1.19999997E+001  -5.49532798E-020   0.00000000E+000   0.00000000E+000  -7.01678398E+003  -7.02256801E+003  -1.40993274E+004  -2.33601622E+002   7.36677381E+000  -5.29119702E+000   2.01574107E-001   1.18278043E+001   0.00000000E+000   1.54600929E+015   1.04667458E+014   1.00000000E-014   3.05000000E-012
       306     1.19999997E+001   7.09084650E+003  -3.92082028E-020   6.58241106E-020  -1.19999997E+001   2.51595318E-020   2.21265749E-019   0.00000000E+000  -7.01690244E+003  -7.02270871E+003  -1.40990683E+004  -2.33716039E+002   7.39303895E+000  -5.31097033E+000   2.02353801E-001   1.18271391E+001   0.00000000E+000   1.54876878E+015   1.04497540E+014   1.00000000E-014   3.06000000E-012
       307     1.19999997E+001   7.09046890E+003  -5.49540183E-020   4.46666452E-020  -1.19999997E+001  -1.69788316E-020   2.21265749E-019   1.10632875E-019  -7.01702023E+003  -7.02285073E+003  -1.40988085E+004  -2.33830747E+002   7.41881129E+000  -5.32967957E+000   2.03135078E-001   1.18264723E+001   0.00000000E+000   1.55185931E+015   1.04953975E+014   1.00000000E-014   3.07000000E-012
       308     1.19999997E+001   7.09008844E+003   3.61447330E-020   4.22076821E-020  -1.19999997E+001   3.55830626E-020  -2.21265749E-019   0.00000000E+000  -7.01714058E+003  -7.02299216E+003  -1.40985467E+004  -2.33946323E+002   7.44358237E+000  -5.34938622E+000   2.03921893E-001   1.18258004E+001   0.00000000E+000   1.55601212E+015   1.03991573E+014   1.00000000E-014   3.08000000E-012
       309     1.19999997E+001   7.08970912E+003  -9.12990578E-020  -2.15553614E-021  -1.19999997E+001   1.55866308E-020   0.00000000E+000   1.10632875E-019  -7.01726038E+003  -7.02313337E+003  -1.40982857E+004  -2.34061558E+002   7.47015170E+000  -5.36900327E+000   2.04707059E-001   1.18251306E+001   0.00000000E+000   1.55967571E+015   1.03764107E+014   1.00000000E-014   3.09000000E-012
       310     1.19999997E+001   7.08932810E+003   9.07239879E-021   9.89303990E-020  -1.19999997E+001  -3.14696855E-020   2.21265749E-019   1.10632875E-019  -7.01738069E+003  -7.02327525E+003  -1.40980235E+004  -2.34177311E+002   7.49612607E+000  -5.38846343E+000   2.05495443E-001   1.18244577E+001   0.00000000E+000   1.56355750E+015   1.03674306E+014   1.00000000E-014   3.10000000E-012
       311     1.19999997E+001   7.08894687E+003  -4.37785867E-020   1.08707939E-019  -1.19999997E+001   7.37572896E-020  -1.10632875E-019  -1.10632875E-019  -7.01750140E+003  -7.02341686E+003  -1.40977612E+004  -2.34293129E+002   7.52269484E+000  -5.40821247E+000   2.06284511E-001   1.18237845E+001   0.00000000E+000   1.56788108E+015   1.03432243E+014   1.00000000E-014   3.11000000E-012
       312     1.19999997E+001   7.08856200E+003   6.70671499E-020  -1.18990828E-020  -1.19999997E+001  -3.32510780E-020   1.10632875E-019  -2.21265749E-019  -7.01762263E+003  -7.02356048E+003  -1.40974963E+004  -2.34410059E+002   7.54948845E+000  -5.42780025E+000   2.07081118E-001   1.18231048E+001   0.00000000E+000   1.57158370E+015   1.03723484E+014   1.00000000E-014   3.12000000E-012
       313     1.19999997E+001   7.08817518E+003   4.15278430E-022   1.76614139E-020  -1.19999997E+001  -5.44082004E-020   0.00000000E+000  -3.31898624E-019  -7.01774595E+003  -7.02370335E+003  -1.40972301E+004  -2.34527579E+002   7.57735271E+000  -5.44773259E+000   2.07881986E-001   1.18224218E+001   0.00000000E+000   1.57517474E+015   1.03925291E+014   1.00000000E-014   3.13000000E-012
       314     1.19999997E+001   7.08778431E+003   1.47289848E-020  -3.25817370E-020  -1.19999997E+001   1.26304360E-020  -1.10632875E-019  -1.10632875E-019  -7.01786909E+003  -7.02384919E+003  -1.40969612E+004  -2.34646335E+002   7.60439778E+000  -5.46759702E+000   2.08690963E-001   1.18217315E+001   0.00000000E+000   1.57992664E+015   1.03146201E+014   1.00000000E-014   3.14000000E-012
       315     1.19999997E+001   7.08738738E+003   5.51005686E-020   1.94151107E-020  -1.19999997E+001  -1.33382049E-020   4.42531499E-019   1.10632875E-019  -7.01799080E+003  -7.02400064E+003  -1.40966880E+004  -2.34766935E+002   7.63094537E+000  -5.48991217E+000   2.09513151E-001   1.18210306E+001   0.00000000E+000   1.58302369E+015   1.02838022E+014   1.00000000E-014   3.15000000E-012
       316     1.19999997E+001   7.08699323E+003   9.79132847E-021  -5.02082806E-020  -1.19999997E+001   3.04956909E-020   2.21265749E-019   0.00000000E+000  -7.01811622E+003  -7.02414647E+003  -1.40964167E+004  -2.34886690E+002   7.65791189E+000  -5.50963895E+000   2.10328607E-001   1.18203345E+001   0.00000000E+000   1.58571684E+015   1.02673985E+014   1.00000000E-014   3.16000000E-012
       317     1.19999997E+001   7.08657424E+003   3.84814128E-020  -8.57967769E-021  -1.19999997E+001   2.60172833E-020  -1.10632875E-019  -1.10632875E-019  -7.01825077E+003  -7.02430028E+003  -1.40961284E+004  -2.35014001E+002   7.68949163E+000  -5.53301693E+000   2.11197062E-001   1.18195946E+001   0.00000000E+000   1.58847238E+015   1.03287659E+014   1.00000000E-014   3.17000000E-012
       318     1.19999997E+001   7.08618262E+003  -8.30918224E-020   1.10299998E-019  -1.19999997E+001   2.01445911E-020   0.00000000E+000   1.10632875E-019  -7.01837442E+003  -7.02444615E+003  -1.40958589E+004  -2.35132995E+002   7.71736593E+000  -5.55557607E+000   2.12008637E-001   1.18189031E+001   0.00000000E+000   1.59174010E+015   1.03480161E+014   1.00000000E-014   3.18000000E-012
       319     1.19999997E+001   7.08578437E+003  -6.88960209E-020  -1.21431169E-019  -1.19999997E+001   4.91334997E-020   0.00000000E+000   1.10632875E-019  -7.01850014E+003  -7.02459452E+003  -1.40955848E+004  -2.35254004E+002   7.74363938E+000  -5.57701366E+000   2.12832815E-001   1.18181998E+001   0.00000000E+000   1.59232112E+015   1.05030951E+014   1.00000000E-014   3.19000000E-012
       320     1.19999997E+001   7.08538293E+003   3.50217088E-020   2.09911852E-020  -1.19999997E+001  -9.38109067E-020   0.00000000E+000   0.00000000E+000  -7.01862483E+003  -7.02474612E+003  -1.40953085E+004  -2.35375988E+002   7.77140185E+000  -5.59821808E+000   2.13664202E-001   1.18174909E+001   0.00000000E+000   1.59037826E+015   1.06937098E+014   1.00000000E-014   3.20000000E-012
       321     1.19999997E+001   7.08497208E+003   6.34223853E-020   3.71256384E-020  -1.19999997E+001   1.89175890E-020   3.31898624E-019   0.00000000E+000  -7.01875277E+003  -7.02490096E+003  -1.40950257E+004  -2.35500835E+002   7.80085322E+000  -5.62279035E+000   2.14516225E-001   1.18167654E+001   0.00000000E+000   1.58821587E+015   1.10559635E+014   1.00000000E-014   3.21000000E-012
       322     1.19999997E+001   7.08457924E+003  -1.93522281E-021   4.10720496E-021  -1.19999997E+001  -3.24911058E-020  -1.10632875E-019  -2.21265749E-019  -7.01888172E+003  -7.02504240E+003  -1.40947553E+004  -2.35620211E+002   7.83213668E+000  -5.64312040E+000   2.15330396E-001   1.18160717E+001   0.00000000E+000   1.58740815E+015   1.13393535E+014   1.00000000E-014   3.22000000E-012
       323     1.19999997E+001   7.08419180E+003  -3.08386437E-020  -1.49394727E-020  -1.19999997E+001   1.02042277E-019   1.10632875E-019   1.10632875E-019  -7.01900522E+003  -7.02518557E+003  -1.40944886E+004  -2.35737944E+002   7.85844370E+000  -5.66066102E+000   2.16131483E-001   1.18153875E+001   0.00000000E+000   1.58677534E+015   1.14256689E+014   1.00000000E-014   3.23000000E-012
       324     1.19999997E+001   7.08380505E+003  -1.21887279E-019   1.97985258E-020  -1.19999997E+001  -1.66430533E-020   0.00000000E+000  -2.21265749E-019  -7.01913065E+003  -7.02532632E+003  -1.40942225E+004  -2.35855466E+002   7.88244893E+000  -5.67824552E+000   2.16930115E-001   1.18147045E+001   0.00000000E+000   1.58886786E+015   1.14880873E+014   1.00000000E-014   3.24000000E-012
       325     1.19999997E+001   7.08342427E+003   1.23823873E-021   5.94574048E-020  -1.19999997E+001   3.94395285E-020   1.10632875E-019   0.00000000E+000  -7.01925368E+003  -7.02546540E+003  -1.40939604E+004  -2.35971180E+002   7.90762692E+000  -5.69760132E+000   2.17717618E-001   1.18140321E+001   0.00000000E+000   1.59242578E+015   1.14373619E+014   1.00000000E-014   3.25000000E-012
       326     1.19999997E+001   7.08303893E+003   3.50430213E-020   5.62944940E-020  -1.19999997E+001  -4.53721227E-020   0.00000000E+000  -1.10632875E-019  -7.01937850E+003  -7.02560580E+003  -1.40936951E+004  -2.36088277E+002   7.93231673E+000  -5.71611588E+000   2.18513931E-001   1.18133517E+001   0.00000000E+000   1.59288160E+015   1.15587637E+014   1.00000000E-014   3.26000000E-012
       327     1.19999997E+001   7.08266245E+003  -5.60199629E-020   6.43305959E-020  -1.19999997E+001   5.96931091E-020   0.00000000E+000  -2.21265749E-019  -7.01949961E+003  -7.02574383E+003  -1.40934360E+004  -2.36202686E+002   7.95605588E+000  -5.73294846E+000   2.19291579E-001   1.18126868E+001   0.00000000E+000   1.59670879E+015   1.14966844E+014   1.00000000E-014   3.27000000E-012
       328     1.19999997E+001   7.08228221E+003  -1.11097953E-019  -1.43081144E-020  -1.19999997E+001  -7.08432716E-020   1.10632875E-019  -1.10632875E-019  -7.01962335E+003  -7.02588181E+003  -1.40931743E+004  -2.36318240E+002   7.98067227E+000  -5.75035099E+000   2.20077181E-001   1.18120154E+001   0.00000000E+000   1.59893221E+015   1.14369496E+014   1.00000000E-014   3.28000000E-012
       329     1.19999997E+001   7.08189659E+003   2.51325746E-020   4.75065441E-020  -1.19999997E+001   1.64306135E-020   2.21265749E-019  -1.10632875E-019  -7.01975175E+003  -7.02601886E+003  -1.40929088E+004  -2.36435432E+002   8.00895538E+000  -5.76756532E+000   2.20874654E-001   1.18113344E+001   0.00000000E+000   1.59839003E+015   1.15239629E+014   1.00000000E-014   3.29000000E-012
       330     1.19999997E+001   7.08151308E+003  -2.12214030E-020   1.04777618E-020  -1.19999997E+001   1.52079899E-020   0.00000000E+000   0.00000000E+000  -7.01987936E+003  -7.02615525E+003  -1.40926448E+004  -2.36551985E+002   8.03532877E+000  -5.78427754E+000   2.21667062E-001   1.18106572E+001   0.00000000E+000   1.59810794E+015   1.16011919E+014   1.00000000E-014   3.30000000E-012
       331     1.19999997E+001   7.08113350E+003  -1.09100586E-019   7.32483203E-020  -1.19999997E+001   1.92477754E-021  -1.10632875E-019  -1.10632875E-019  -7.02000355E+003  -7.02629234E+003  -1.40923835E+004  -2.36667342E+002   8.05788459E+000  -5.80251172E+000   2.22450785E-001   1.18099869E+001   0.00000000E+000   1.59942961E+015   1.16597004E+014   1.00000000E-014   3.31000000E-012
       332     1.19999997E+001   7.08075412E+003  -4.00138071E-020  -5.53691912E-020  -1.19999997E+001   1.71703282E-020  -2.21265749E-019   3.31898624E-019  -7.02012755E+003  -7.02642949E+003  -1.40921224E+004  -2.36782640E+002   8.07947862E+000  -5.81841265E+000   2.23233156E-001   1.18093170E+001   0.00000000E+000   1.60041585E+015   1.17025137E+014   1.00000000E-014   3.32000000E-012
       333     1.19999997E+001   7.08037503E+003   2.40496433E-020  -2.15353940E-020  -1.19999997E+001   7.08401064E-020   1.10632875E-019   0.00000000E+000  -7.02024968E+003  -7.02656832E+003  -1.40918614E+004  -2.36897855E+002   8.10388344E+000  -5.83622500E+000   2.24016689E-001   1.18086476E+001   0.00000000E+000   1.60298184E+015   1.17604923E+014   1.00000000E-014   3.33000000E-012
       334     1.19999997E+001   7.07999815E+003  -9.83451278E-020  -6.22430199E-020  -1.19999997E+001   5.84925366E-020   1.10632875E-019   0.00000000E+000  -7.02037306E+003  -7.02670438E+003  -1.40916020E+004  -2.37012401E+002   8.12715526E+000  -5.85404262E+000   2.24795124E-001   1.18079820E+001   0.00000000E+000   1.60760064E+015   1.17184454E+014   1.00000000E-014   3.34000000E-012
       335     1.19999997E+001   7.07961992E+003  -4.02145883E-020  -1.05993911E-019  -1.19999997E+001   3.80844927E-020   3.31898624E-019  -2.21265749E-019  -7.02049538E+003  -7.02684245E+003  -1.40913416E+004  -2.37127360E+002   8.15076197E+000  -5.87070845E+000   2.25576303E-001   1.18073141E+001   0.00000000E+000   1.61016444E+015   1.17125588E+014   1.00000000E-014   3.35000000E-012
       336     1.19999997E+001   7.07924494E+003   9.13745486E-020  -5.24035799E-020  -1.19999997E+001  -8.51806117E-021   4.42531499E-019   3.31898624E-019  -7.02061682E+003  -7.02697916E+003  -1.40910834E+004  -2.37241333E+002   8.17580670E+000  -5.88921922E+000   2.26351876E-001   1.18066520E+001   0.00000000E+000   1.61405753E+015   1.16859405E+014   1.00000000E-014   3.36000000E-012
       337     1.19999997E+001   7.07887041E+003  -4.78994549E-020  -1.72834325E-020  -1.19999997E+001   3.50447094E-020   1.10632875E-019   0.00000000E+000  -7.02073775E+003  -7.02711608E+003  -1.40908256E+004  -2.37355174E+002   8.20072186E+000  -5.90756586E+000   2.27126525E-001   1.18059906E+001   0.00000000E+000   1.61857268E+015   1.16375525E+014   1.00000000E-014   3.37000000E-012
       338     1.19999997E+001   7.07849290E+003  -3.02660533E-020   3.66432571E-020  -1.19999997E+001   5.77210641E-020  -1.10632875E-019   0.00000000E+000  -7.02085904E+003  -7.02725469E+003  -1.40905657E+004  -2.37469920E+002   8.22518263E+000  -5.92605812E+000   2.27907172E-001   1.18053240E+001   0.00000000E+000   1.62235900E+015   1.15636518E+014   1.00000000E-014   3.38000000E-012
       339     1.19999997E+001   7.07811131E+003  -2.95463850E-020   1.22211293E-019  -1.19999997E+001   2.67669949E-020   0.00000000E+000  -4.42531499E-019  -7.02098270E+003  -7.02739375E+003  -1.40903030E+004  -2.37585912E+002   8.25100438E+000  -5.94337296E+000   2.28696185E-001   1.18046501E+001   0.00000000E+000   1.62442012E+015   1.15551591E+014   1.00000000E-014   3.39000000E-012
       340     1.19999997E+001   7.07772890E+003  -1.14818788E-019  -1.05623368E-019  -1.19999997E+001   1.63482119E-020  -1.10632875E-019   0.00000000E+000  -7.02110612E+003  -7.02753363E+003  -1.40900397E+004  -2.37702154E+002   8.27683855E+000  -5.96136667E+000   2.29487115E-001   1.18039749E+001   0.00000000E+000   1.62804943E+015   1.15823095E+014   1.00000000E-014   3.40000000E-012
       341     1.19999997E+001   7.07734840E+003   5.38444990E-020   4.06550830E-020  -1.19999997E+001  -2.63613177E-020   0.00000000E+000   0.00000000E+000  -7.02122987E+003  -7.02767185E+003  -1.40897777E+004  -2.37817818E+002   8.30233979E+000  -5.97968991E+000   2.30274050E-001   1.18033030E+001   0.00000000E+000   1.63234600E+015   1.15329711E+014   1.00000000E-014   3.41000000E-012
       342     1.19999997E+001   7.07696201E+003  -3.43726252E-020   4.21262828E-020  -1.19999997E+001  -1.94345241E-021   4.42531499E-019   0.00000000E+000  -7.02135730E+003  -7.02781046E+003  -1.40895117E+004  -2.37935271E+002   8.32620427E+000  -5.99767600E+000   2.31072086E-001   1.18026206E+001   0.00000000E+000   1.63403331E+015   1.15842635E+014   1.00000000E-014   3.42000000E-012
       343     1.19999997E+001   7.07658079E+003  -5.86169302E-020  -3.89924922E-020  -1.19999997E+001  -3.86663678E-020  -2.21265749E-019   2.21265749E-019  -7.02148055E+003  -7.02794969E+003  -1.40892492E+004  -2.38051156E+002   8.35143974E+000  -6.01542409E+000   2.31860332E-001   1.18019475E+001   0.00000000E+000   1.63843821E+015   1.15181899E+014   1.00000000E-014   3.43000000E-012
       344     1.19999997E+001   7.07619799E+003   8.52803165E-020   2.62393507E-020  -1.19999997E+001  -3.50129516E-020  -1.10632875E-019  -1.10632875E-019  -7.02160474E+003  -7.02808908E+003  -1.40889856E+004  -2.38167525E+002   8.37612593E+000  -6.03364035E+000   2.32651702E-001   1.18012715E+001   0.00000000E+000   1.64385121E+015   1.14337725E+014   1.00000000E-014   3.44000000E-012
       345     1.19999997E+001   7.07581499E+003  -2.51513550E-020   7.37203619E-021  -1.19999997E+001   1.78657296E-020   1.10632875E-019   0.00000000E+000  -7.02172819E+003  -7.02822934E+003  -1.40887219E+004  -2.38283954E+002   8.39983777E+000  -6.05196578E+000   2.33443259E-001   1.18005952E+001   0.00000000E+000   1.64830566E+015   1.14029922E+014   1.00000000E-014   3.45000000E-012
       346     1.19999997E+001   7.07543172E+003  -4.39948248E-020  -1.15564306E-019  -1.19999997E+001  -1.67161174E-020   1.10632875E-019   0.00000000E+000  -7.02185088E+003  -7.02837057E+003  -1.40884580E+004  -2.38400473E+002   8.42494788E+000  -6.07123917E+000   2.34236253E-001   1.17999184E+001   0.00000000E+000   1.65377272E+015   1.13389833E+014   1.00000000E-014   3.46000000E-012
       347     1.19999997E+001   7.07504939E+003  -4.28361389E-021   9.79649835E-020  -1.19999997E+001   1.23846030E-020  -2.21265749E-019   2.21265749E-019  -7.02197363E+003  -7.02851110E+003  -1.40881947E+004  -2.38516709E+002   8.45005994E+000  -6.08976038E+000   2.35027110E-001   1.17992433E+001   0.00000000E+000   1.65718000E+015   1.13042087E+014   1.00000000E-014   3.47000000E-012
       348     1.19999997E+001   7.07466174E+003   4.71460242E-020   7.49455177E-020  -1.19999997E+001   5.76512180E-020   1.10632875E-019  -1.10632875E-019  -7.02209992E+003  -7.02865174E+003  -1.40879278E+004  -2.38634561E+002   8.47544695E+000  -6.10785142E+000   2.35828552E-001   1.17985588E+001   0.00000000E+000   1.66115914E+015   1.12453461E+014   1.00000000E-014   3.48000000E-012
       349     1.19999997E+001   7.07426939E+003  -1.75986896E-022   4.95529720E-020  -1.19999997E+001  -6.82080050E-020   2.21265749E-019   0.00000000E+000  -7.02222731E+003  -7.02879454E+003  -1.40876576E+004  -2.38753847E+002   8.50281637E+000  -6.12812444E+000   2.36640914E-001   1.17978659E+001   0.00000000E+000   1.66424980E+015   1.12763781E+014   1.00000000E-014   3.49000000E-012
       350     1.19999997E+001   7.07388345E+003  -3.59361443E-020   1.14319737E-019  -1.19999997E+001  -6.47815359E-020  -1.10632875E-019   0.00000000E+000  -7.02235116E+003  -7.02893646E+003  -1.40873918E+004  -2.38871188E+002   8.52797966E+000  -6.14867410E+000   2.37439733E-001   1.17971844E+001   0.00000000E+000   1.66776255E+015   1.12424034E+014   1.00000000E-014   3.50000000E-012
       351     1.19999997E+001   7.07349042E+003   1.68513783E-020  -6.99845442E-020  -1.19999997E+001   2.46649644E-020   0.00000000E+000   1.10632875E-019  -7.02247694E+003  -7.02908134E+003  -1.40871211E+004  -2.38990682E+002   8.55319802E+000  -6.16769848E+000   2.38252601E-001   1.17964904E+001   0.00000000E+000   1.67213941E+015   1.11268189E+014   1.00000000E-014   3.51000000E-012
       352     1.19999997E+001   7.07309064E+003   1.05736999E-019  -4.65850396E-020  -1.19999997E+001  -8.50466169E-020   2.21265749E-019   0.00000000E+000  -7.02260492E+003  -7.02922866E+003  -1.40868458E+004  -2.39112228E+002   8.57687190E+000  -6.18353072E+000   2.39077779E-001   1.17957845E+001   0.00000000E+000   1.67522161E+015   1.10483141E+014   1.00000000E-014   3.52000000E-012
       353     1.19999997E+001   7.07269519E+003   6.08314320E-020  -5.32370910E-020  -1.19999997E+001   3.94871125E-020  -1.10632875E-019  -1.10632875E-019  -7.02273154E+003  -7.02937438E+003  -1.40865735E+004  -2.39232466E+002   8.60351302E+000  -6.20338736E+000   2.39896334E-001   1.17950862E+001   0.00000000E+000   1.68154098E+015   1.09127042E+014   1.00000000E-014   3.53000000E-012
       354     1.19999997E+001   7.07230205E+003   3.34375102E-021   2.93775727E-020  -1.19999997E+001   1.04827945E-019   2.21265749E-019   1.10632875E-019  -7.02285821E+003  -7.02951846E+003  -1.40863027E+004  -2.39352000E+002   8.62772638E+000  -6.22167445E+000   2.40708824E-001   1.17943920E+001   0.00000000E+000   1.68635686E+015   1.08885462E+014   1.00000000E-014   3.54000000E-012
       355     1.19999997E+001   7.07190828E+003   1.71539745E-020  -4.63495463E-020  -1.19999997E+001  -1.75142834E-021  -2.21265749E-019   0.00000000E+000  -7.02298463E+003  -7.02966324E+003  -1.40860315E+004  -2.39471733E+002   8.65339933E+000  -6.24007710E+000   2.41523240E-001   1.17936967E+001   0.00000000E+000   1.69047161E+015   1.08428430E+014   1.00000000E-014   3.55000000E-012
       356     1.19999997E+001   7.07151170E+003   1.06223918E-019  -1.04870464E-020  -1.19999997E+001   6.02112575E-020   2.21265749E-019   1.10632875E-019  -7.02311107E+003  -7.02980992E+003  -1.40857584E+004  -2.39592319E+002   8.67919639E+000  -6.25832690E+000   2.42343454E-001   1.17929964E+001   0.00000000E+000   1.69625510E+015   1.07721258E+014   1.00000000E-014   3.56000000E-012
       357     1.19999997E+001   7.07111547E+003   6.93512868E-021  -2.57970623E-020  -1.19999997E+001  -1.95959509E-020   3.31898624E-019   1.10632875E-019  -7.02323835E+003  -7.02995554E+003  -1.40854855E+004  -2.39712802E+002   8.70460965E+000  -6.27742636E+000   2.43162977E-001   1.17922967E+001   0.00000000E+000   1.70113768E+015   1.07610730E+014   1.00000000E-014   3.57000000E-012
       358     1.19999997E+001   7.07070622E+003   9.41481358E-020   3.39574523E-020  -1.19999997E+001   4.59605393E-020  -2.21265749E-019   0.00000000E+000  -7.02337241E+003  -7.03010334E+003  -1.40852037E+004  -2.39837242E+002   8.72824419E+000  -6.29647258E+000   2.44008043E-001   1.17915741E+001   0.00000000E+000   1.70060021E+015   1.08314514E+014   1.00000000E-014   3.58000000E-012
       359     1.19999997E+001   7.07030519E+003  -1.59021252E-021   6.66298204E-020  -1.19999997E+001   5.67983990E-020   0.00000000E+000  -1.10632875E-019  -7.02350174E+003  -7.03025023E+003  -1.40849275E+004  -2.39959189E+002   8.75469249E+000  -6.31592736E+000   2.44837756E-001   1.17908659E+001   0.00000000E+000   1.70647624E+015   1.07130483E+014   1.00000000E-014   3.59000000E-012
       360     1.19999997E+001   7.06989326E+003  -5.30896967E-020  -5.41676692E-021  -1.19999997E+001  -2.73999358E-020  -2.21265749E-019   0.00000000E+000  -7.02363494E+003  -7.03040076E+003  -1.40846437E+004  -2.40084452E+002   8.78164571E+000  -6.33491001E+000   2.45689655E-001   1.17901385E+001   0.00000000E+000   1.71055490E+015   1.06548776E+014   1.00000000E-014   3.60000000E-012
       361     1.19999997E+001   7.06948519E+003  -7.07171899E-020  -1.08761590E-020  -1.19999997E+001  -3.71721673E-020   2.21265749E-019  -1.10632875E-019  -7.02376370E+003  -7.03055307E+003  -1.40843627E+004  -2.40208542E+002   8.80462385E+000  -6.35346940E+000   2.46532568E-001   1.17894180E+001   0.00000000E+000   1.71348990E+015   1.06187296E+014   1.00000000E-014   3.61000000E-012
       362     1.19999997E+001   7.06907384E+003  -1.30487953E-019   1.22848982E-020  -1.19999997E+001  -1.36117634E-020  -1.10632875E-019  -1.10632875E-019  -7.02389714E+003  -7.03070297E+003  -1.40840793E+004  -2.40333636E+002   8.83217728E+000  -6.37286717E+000   2.47383606E-001   1.17886916E+001   0.00000000E+000   1.71544498E+015   1.06025519E+014   1.00000000E-014   3.62000000E-012
       363     1.19999997E+001   7.06865285E+003   8.89735091E-020  -4.36354654E-020  -1.19999997E+001   2.11916927E-020  -3.31898624E-019   1.10632875E-019  -7.02403250E+003  -7.03085761E+003  -1.40837893E+004  -2.40461662E+002   8.86085640E+000  -6.39281119E+000   2.48254936E-001   1.17879482E+001   0.00000000E+000   1.71806190E+015   1.05703203E+014   1.00000000E-014   3.63000000E-012
       364     1.19999997E+001   7.06823637E+003   1.08113772E-020   1.15817947E-019  -1.19999997E+001   2.89091183E-021   4.42531499E-019   0.00000000E+000  -7.02416640E+003  -7.03101061E+003  -1.40835025E+004  -2.40588321E+002   8.88647534E+000  -6.41560156E+000   2.49116819E-001   1.17872128E+001   0.00000000E+000   1.72054849E+015   1.05406048E+014   1.00000000E-014   3.64000000E-012
       365     1.19999997E+001   7.06781968E+003  -5.87668567E-020  -1.44967623E-020  -1.19999997E+001  -7.65700203E-020   0.00000000E+000   2.21265749E-019  -7.02430180E+003  -7.03116225E+003  -1.40832154E+004  -2.40715047E+002   8.91272243E+000  -6.43758975E+000   2.49978995E-001   1.17864771E+001   0.00000000E+000   1.72245575E+015   1.04678966E+014   1.00000000E-014   3.65000000E-012
       366     1.19999997E+001   7.06740209E+003  -1.77892365E-020  -7.00360320E-021  -1.19999997E+001  -3.54126149E-021  -1.10632875E-019   3.31898624E-019  -7.02443597E+003  -7.03131575E+003  -1.40829278E+004  -2.40842049E+002   8.94020215E+000  -6.45805599E+000   2.50843207E-001   1.17857397E+001   0.00000000E+000   1.72376614E+015   1.04115600E+014   1.00000000E-014   3.66000000E-012
       367     1.19999997E+001   7.06698394E+003  -1.07089292E-020   8.77841205E-020  -1.19999997E+001   3.61769129E-020   1.10632875E-019   1.10632875E-019  -7.02456695E+003  -7.03147284E+003  -1.40826397E+004  -2.40969225E+002   8.96688698E+000  -6.48121447E+000   2.51709391E-001   1.17850013E+001   0.00000000E+000   1.72705526E+015   1.04384304E+014   1.00000000E-014   3.67000000E-012
       368     1.19999997E+001   7.06655101E+003   1.28698647E-019  -5.69496971E-020  -1.19999997E+001   4.10918851E-020   2.21265749E-019  -2.21265749E-019  -7.02471080E+003  -7.03162723E+003  -1.40823415E+004  -2.41100896E+002   8.99632947E+000  -6.50004413E+000   2.52604542E-001   1.17842369E+001   0.00000000E+000   1.72559438E+015   1.05034165E+014   1.00000000E-014   3.68000000E-012
       369     1.19999997E+001   7.06614150E+003   1.22236721E-019   1.26020122E-019  -1.19999997E+001   2.98850649E-020   0.00000000E+000   0.00000000E+000  -7.02483937E+003  -7.03178079E+003  -1.40820593E+004  -2.41225454E+002   9.02382119E+000  -6.52261191E+000   2.53453302E-001   1.17835138E+001   0.00000000E+000   1.72838348E+015   1.03589547E+014   1.00000000E-014   3.69000000E-012
       370     1.19999997E+001   7.06571567E+003  -3.82413827E-020  -2.92809276E-020  -1.19999997E+001   8.68081740E-020   2.21265749E-019   1.10632875E-019  -7.02497366E+003  -7.03193988E+003  -1.40817660E+004  -2.41354977E+002   9.05225534E+000  -6.54414687E+000   2.54335267E-001   1.17827619E+001   0.00000000E+000   1.72742639E+015   1.02346318E+014   1.00000000E-014   3.70000000E-012
       371     1.19999997E+001   7.06529885E+003  -1.75300040E-020  -1.01654589E-020  -1.19999997E+001   1.63952684E-020   1.10632875E-019  -1.10632875E-019  -7.02510483E+003  -7.03209589E+003  -1.40814788E+004  -2.41481761E+002   9.07953457E+000  -6.56613669E+000   2.55198663E-001   1.17820259E+001   0.00000000E+000   1.72206402E+015   1.01445883E+014   1.00000000E-014   3.71000000E-012
       372     1.19999997E+001   7.06488310E+003   6.78428428E-020   1.88141386E-020  -1.19999997E+001  -1.67143238E-020   0.00000000E+000   6.63797248E-019  -7.02523545E+003  -7.03225170E+003  -1.40811924E+004  -2.41608214E+002   9.10369542E+000  -6.58561355E+000   2.56058119E-001   1.17812918E+001   0.00000000E+000   1.72020553E+015   1.00476841E+014   1.00000000E-014   3.72000000E-012
       373     1.19999997E+001   7.06447574E+003   3.26106461E-020   1.09918376E-019  -1.19999997E+001  -6.55603940E-020   0.00000000E+000  -1.10632875E-019  -7.02536513E+003  -7.03240267E+003  -1.40809117E+004  -2.41732122E+002   9.12793913E+000  -6.60396454E+000   2.56900084E-001   1.17805725E+001   0.00000000E+000   1.72224320E+015   1.00188611E+014   1.00000000E-014   3.73000000E-012
       374     1.19999997E+001   7.06406054E+003  -3.92159576E-020   6.09876889E-020  -1.19999997E+001   1.63136054E-020   2.21265749E-019  -1.10632875E-019  -7.02549657E+003  -7.03255729E+003  -1.40806257E+004  -2.41858417E+002   9.15432089E+000  -6.62149356E+000   2.57758613E-001   1.17798393E+001   0.00000000E+000   1.72117673E+015   9.97450859E+013   1.00000000E-014   3.74000000E-012
       375     1.19999997E+001   7.06365231E+003  -9.26822114E-020   2.02874486E-020  -1.19999997E+001   6.62004039E-020  -2.21265749E-019   0.00000000E+000  -7.02562735E+003  -7.03270778E+003  -1.40803444E+004  -2.41982595E+002   9.17904595E+000  -6.63825527E+000   2.58602034E-001   1.17791185E+001   0.00000000E+000   1.72564476E+015   9.94965145E+013   1.00000000E-014   3.75000000E-012
       376     1.19999997E+001   7.06324191E+003  -8.88774971E-020   9.51050909E-020  -1.19999997E+001  -5.81341268E-020   1.10632875E-019  -4.42531499E-019  -7.02575721E+003  -7.03286070E+003  -1.40800616E+004  -2.42107436E+002   9.20608420E+000  -6.65493918E+000   2.59450856E-001   1.17783938E+001   0.00000000E+000   1.72785594E+015   9.95534388E+013   1.00000000E-014   3.76000000E-012
       377     1.19999997E+001   7.06283958E+003   5.83914602E-020   8.01263693E-020  -1.19999997E+001   7.01997800E-020   1.10632875E-019   0.00000000E+000  -7.02588791E+003  -7.03300721E+003  -1.40797844E+004  -2.42229826E+002   9.23263777E+000  -6.67370496E+000   2.60283300E-001   1.17776834E+001   0.00000000E+000   1.72909802E+015   9.95065887E+013   1.00000000E-014   3.77000000E-012
       378     1.19999997E+001   7.06243246E+003   3.42900126E-023  -2.12450368E-020  -1.19999997E+001   4.91410699E-020   1.10632875E-019   1.10632875E-019  -7.02601784E+003  -7.03315781E+003  -1.40795039E+004  -2.42353675E+002   9.25947627E+000  -6.69426902E+000   2.61126338E-001   1.17769645E+001   0.00000000E+000   1.73063158E+015   9.89199479E+013   1.00000000E-014   3.78000000E-012
       379     1.19999997E+001   7.06201981E+003  -8.81101394E-020  -1.31005152E-019  -1.19999997E+001  -6.70290616E-021  -3.31898624E-019   3.31898624E-019  -7.02615101E+003  -7.03330898E+003  -1.40792195E+004  -2.42479209E+002   9.28602527E+000  -6.71275256E+000   2.61979832E-001   1.17762359E+001   0.00000000E+000   1.73112300E+015   9.83343451E+013   1.00000000E-014   3.79000000E-012
       380     1.19999997E+001   7.06160989E+003  -1.13066727E-019   3.14020550E-020  -1.19999997E+001   3.77107843E-020  -1.10632875E-019  -1.10632875E-019  -7.02628212E+003  -7.03346033E+003  -1.40789371E+004  -2.42603911E+002   9.31045443E+000  -6.73196162E+000   2.62827346E-001   1.17755121E+001   0.00000000E+000   1.73391308E+015   9.84442402E+013   1.00000000E-014   3.80000000E-012
       381     1.19999997E+001   7.06119851E+003   1.50792388E-019   6.35768487E-020  -1.19999997E+001   5.56768518E-020   0.00000000E+000  -2.21265749E-019  -7.02641365E+003  -7.03361228E+003  -1.40786536E+004  -2.42729065E+002   9.33682153E+000  -6.74951284E+000   2.63678112E-001   1.17747857E+001   0.00000000E+000   1.73568820E+015   9.72926222E+013   1.00000000E-014   3.81000000E-012
       382     1.19999997E+001   7.06078670E+003  -1.02708611E-019   1.14375867E-019  -1.19999997E+001   5.81797062E-020   0.00000000E+000   2.21265749E-019  -7.02654591E+003  -7.03376379E+003  -1.40783698E+004  -2.42854350E+002   9.36121115E+000  -6.76899379E+000   2.64529523E-001   1.17740586E+001   0.00000000E+000   1.73528312E+015   9.71832739E+013   1.00000000E-014   3.82000000E-012
       383     1.19999997E+001   7.06037749E+003  -1.19047538E-020  -1.90150253E-020  -1.19999997E+001  -4.46899097E-020   1.10632875E-019  -1.10632875E-019  -7.02667476E+003  -7.03391694E+003  -1.40780878E+004  -2.42978854E+002   9.38772366E+000  -6.79075493E+000   2.65377337E-001   1.17733360E+001   0.00000000E+000   1.73772469E+015   9.65532569E+013   1.00000000E-014   3.83000000E-012
       384     1.19999997E+001   7.05997244E+003  -4.26177379E-020  -7.90067213E-020  -1.19999997E+001   1.45286256E-020   0.00000000E+000  -2.21265749E-019  -7.02680258E+003  -7.03406825E+003  -1.40778087E+004  -2.43102089E+002   9.41296838E+000  -6.81079513E+000   2.66215739E-001   1.17726208E+001   0.00000000E+000   1.74054714E+015   9.60248727E+013   1.00000000E-014   3.84000000E-012
       385     1.19999997E+001   7.05955979E+003  -1.73237364E-020  -7.35397327E-020  -1.19999997E+001  -5.17369821E-020   0.00000000E+000   0.00000000E+000  -7.02693337E+003  -7.03422185E+003  -1.40775243E+004  -2.43227643E+002   9.43980840E+000  -6.83171504E+000   2.67070375E-001   1.17718922E+001   0.00000000E+000   1.74065868E+015   9.69316249E+013   1.00000000E-014   3.85000000E-012
       386     1.19999997E+001   7.05915426E+003   1.64204847E-020  -1.53745866E-020  -1.19999997E+001   3.29922675E-020   2.21265749E-019  -1.10632875E-019  -7.02706186E+003  -7.03437283E+003  -1.40772449E+004  -2.43351025E+002   9.46331190E+000  -6.84988922E+000   2.67908609E-001   1.17711761E+001   0.00000000E+000   1.74307806E+015   9.56889029E+013   1.00000000E-014   3.86000000E-012
       387     1.19999997E+001   7.05874619E+003  -1.16552597E-019   8.14815106E-020  -1.19999997E+001  -4.04763529E-020   0.00000000E+000  -3.31898624E-019  -7.02719297E+003  -7.03452293E+003  -1.40769637E+004  -2.43475183E+002   9.48767476E+000  -6.86489595E+000   2.68751286E-001   1.17704556E+001   0.00000000E+000   1.74377559E+015   9.49844668E+013   1.00000000E-014   3.87000000E-012
       388     1.19999997E+001   7.05833967E+003   9.01676456E-020  -4.30100156E-020  -1.19999997E+001   1.28681027E-019   3.31898624E-019   0.00000000E+000  -7.02732244E+003  -7.03467362E+003  -1.40766835E+004  -2.43598875E+002   9.51300576E+000  -6.88280263E+000   2.69592075E-001   1.17697378E+001   0.00000000E+000   1.74664314E+015   9.47622049E+013   1.00000000E-014   3.88000000E-012
       389     1.19999997E+001   7.05793681E+003   1.26352155E-019  -2.91433455E-020  -1.19999997E+001  -1.07698494E-019  -2.21265749E-019   4.42531499E-019  -7.02745133E+003  -7.03482239E+003  -1.40764058E+004  -2.43721457E+002   9.53874198E+000  -6.90142974E+000   2.70425712E-001   1.17690265E+001   0.00000000E+000   1.75045669E+015   9.45957037E+013   1.00000000E-014   3.89000000E-012
       390     1.19999997E+001   7.05752333E+003  -1.53627697E-020  -2.47495816E-020  -1.19999997E+001   3.14784426E-020  -1.10632875E-019   4.42531499E-019  -7.02758456E+003  -7.03497414E+003  -1.40761209E+004  -2.43847271E+002   9.56592145E+000  -6.92007459E+000   2.71281377E-001   1.17682964E+001   0.00000000E+000   1.75253204E+015   9.44365584E+013   1.00000000E-014   3.90000000E-012
       391     1.19999997E+001   7.05711266E+003   1.41777807E-019  -1.45174418E-020  -1.19999997E+001   7.14175502E-020  -2.21265749E-019  -3.31898624E-019  -7.02771374E+003  -7.03512802E+003  -1.40758378E+004  -2.43972238E+002   9.59361218E+000  -6.93949439E+000   2.72132091E-001   1.17675713E+001   0.00000000E+000   1.75476935E+015   9.43072756E+013   1.00000000E-014   3.91000000E-012
       392     1.19999997E+001   7.05670647E+003   5.88854474E-020  -3.02786087E-020  -1.19999997E+001   7.93145929E-020   3.31898624E-019   0.00000000E+000  -7.02784373E+003  -7.03527799E+003  -1.40755579E+004  -2.44095840E+002   9.61901437E+000  -6.95736290E+000   2.72972233E-001   1.17668540E+001   0.00000000E+000   1.75995649E+015   9.35408987E+013   1.00000000E-014   3.92000000E-012
       393     1.19999997E+001   7.05629027E+003   2.92806111E-020   9.34587483E-020  -1.19999997E+001   5.60927633E-020  -2.21265749E-019   0.00000000E+000  -7.02797837E+003  -7.03543021E+003  -1.40752710E+004  -2.44222491E+002   9.64531177E+000  -6.97514965E+000   2.73832906E-001   1.17661191E+001   0.00000000E+000   1.76054881E+015   9.39252161E+013   1.00000000E-014   3.93000000E-012
       394     1.19999997E+001   7.05587982E+003   1.13203254E-019   8.26741700E-020  -1.19999997E+001   6.01421500E-020  -2.21265749E-019  -1.10632875E-019  -7.02810869E+003  -7.03558281E+003  -1.40749881E+004  -2.44347397E+002   9.67281611E+000  -6.99308547E+000   2.74682621E-001   1.17653944E+001   0.00000000E+000   1.76584970E+015   9.29501552E+013   1.00000000E-014   3.94000000E-012
       395     1.19999997E+001   7.05547178E+003  -3.41429349E-020   5.70893893E-020  -1.19999997E+001  -4.90041208E-021   2.21265749E-019   0.00000000E+000  -7.02823913E+003  -7.03573363E+003  -1.40747068E+004  -2.44471572E+002   9.70054989E+000  -7.01175119E+000   2.75527631E-001   1.17646740E+001   0.00000000E+000   1.77010837E+015   9.28383330E+013   1.00000000E-014   3.95000000E-012
       396     1.19999997E+001   7.05506403E+003   3.09312795E-020  -1.41233915E-019  -1.19999997E+001  -4.74261472E-020   2.21265749E-019   0.00000000E+000  -7.02836874E+003  -7.03588510E+003  -1.40744257E+004  -2.44595661E+002   9.72731783E+000  -7.03052917E+000   2.76371851E-001   1.17639540E+001   0.00000000E+000   1.77252336E+015   9.25430995E+013   1.00000000E-014   3.96000000E-012
       397     1.19999997E+001   7.05465321E+003   2.30241081E-020   3.70880777E-020  -1.19999997E+001   7.49702065E-020   0.00000000E+000  -4.42531499E-019  -7.02849755E+003  -7.03603947E+003  -1.40741426E+004  -2.44720685E+002   9.75267074E+000  -7.04946766E+000   2.77222072E-001   1.17632286E+001   0.00000000E+000   1.77516184E+015   9.20468053E+013   1.00000000E-014   3.97000000E-012
       398     1.19999997E+001   7.05424225E+003   4.83539822E-020   8.52333656E-020  -1.19999997E+001   2.05689432E-020  -3.31898624E-019   0.00000000E+000  -7.02862881E+003  -7.03619150E+003  -1.40738593E+004  -2.44845757E+002   9.77811063E+000  -7.06892556E+000   2.78072512E-001   1.17625030E+001   0.00000000E+000   1.77910652E+015   9.15888430E+013   1.00000000E-014   3.98000000E-012
       399     1.19999997E+001   7.05382850E+003  -1.05941368E-019   2.10213604E-021  -1.19999997E+001  -1.21255182E-019  -1.10632875E-019   1.10632875E-019  -7.02875903E+003  -7.03634649E+003  -1.40735741E+004  -2.44971678E+002   9.80443642E+000  -7.08789602E+000   2.78929020E-001   1.17617724E+001   0.00000000E+000   1.78188853E+015   9.10462642E+013   1.00000000E-014   3.99000000E-012
       400     1.19999997E+001   7.05341735E+003   1.10578433E-019   6.99790578E-020  -1.19999997E+001  -6.22063032E-020   2.21265749E-019   2.21265749E-019  -7.02888861E+003  -7.03650035E+003  -1.40732906E+004  -2.45096811E+002   9.83017146E+000  -7.10575236E+000   2.79779743E-001   1.17610465E+001   0.00000000E+000   1.78379021E+015   9.16948687E+013   1.00000000E-014   4.00000000E-012
       401     1.19999997E+001   7.05300134E+003  -4.92596606E-020   4.24457603E-020  -1.19999997E+001   5.32461647E-020   0.00000000E+000  -2.21265749E-019  -7.02901788E+003  -7.03665787E+003  -1.40730038E+004  -2.45223430E+002   9.85664705E+000  -7.12601232E+000   2.80641493E-001   1.17603119E+001   0.00000000E+000   1.78642356E+015   9.04280318E+013   1.00000000E-014   4.01000000E-012
       402     1.19999997E+001   7.05258977E+003  -6.08410332E-021   1.58844844E-019  -1.19999997E+001  -3.83391883E-020   2.21265749E-019  -2.21265749E-019  -7.02914837E+003  -7.03681112E+003  -1.40727201E+004  -2.45348702E+002   9.88502769E+000  -7.14668747E+000   2.81494714E-001   1.17595853E+001   0.00000000E+000   1.78951862E+015   9.02581168E+013   1.00000000E-014   4.02000000E-012
       403     1.19999997E+001   7.05217274E+003   7.77022237E-020  -8.91793547E-021  -1.19999997E+001   6.82578047E-020  -3.31898624E-019   0.00000000E+000  -7.02928011E+003  -7.03696690E+003  -1.40724326E+004  -2.45475636E+002   9.91231689E+000  -7.16706540E+000   2.82358653E-001   1.17588489E+001   0.00000000E+000   1.79273751E+015   8.99209776E+013   1.00000000E-014   4.03000000E-012
       404     1.19999997E+001   7.05175833E+003   3.60998923E-020   3.23068893E-020  -1.19999997E+001  -1.75157605E-020   1.10632875E-019   1.10632875E-019  -7.02941037E+003  -7.03712235E+003  -1.40721469E+004  -2.45601775E+002   9.93920445E+000  -7.18745111E+000   2.83217215E-001   1.17581172E+001   0.00000000E+000   1.79511848E+015   8.98118594E+013   1.00000000E-014   4.04000000E-012
       405     1.19999997E+001   7.05134989E+003  -9.88726665E-020   1.49745013E-019  -1.19999997E+001   2.29806389E-020   2.21265749E-019   1.10632875E-019  -7.02953878E+003  -7.03727554E+003  -1.40718653E+004  -2.45726101E+002   9.96585702E+000  -7.20802504E+000   2.84063608E-001   1.17573960E+001   0.00000000E+000   1.79788542E+015   8.94247537E+013   1.00000000E-014   4.05000000E-012
       406     1.19999997E+001   7.05093465E+003  -8.15414390E-020  -1.50876056E-020  -1.19999997E+001  -7.74106003E-020   1.10632875E-019   1.10632875E-019  -7.02967016E+003  -7.03743046E+003  -1.40715790E+004  -2.45852499E+002   9.99207386E+000  -7.22725234E+000   2.84923270E-001   1.17566629E+001   0.00000000E+000   1.79994197E+015   8.95965483E+013   1.00000000E-014   4.06000000E-012
       407     1.19999997E+001   7.05052221E+003   5.61090114E-020   1.73043230E-019  -1.19999997E+001   4.87591319E-020   1.10632875E-019  -2.21265749E-019  -7.02980073E+003  -7.03758425E+003  -1.40712946E+004  -2.45978046E+002   1.00190174E+001  -7.24639725E+000   2.85777453E-001   1.17559346E+001   0.00000000E+000   1.80446262E+015   8.86790380E+013   1.00000000E-014   4.07000000E-012
       408     1.19999997E+001   7.05010131E+003  -4.17333721E-020  -4.40558082E-020  -1.19999997E+001  -3.48958380E-020  -2.21265749E-019   2.21265749E-019  -7.02993397E+003  -7.03774123E+003  -1.40710044E+004  -2.46106173E+002   1.00472323E+001  -7.26754574E+000   2.86649872E-001   1.17551915E+001   0.00000000E+000   1.80757438E+015   8.86165684E+013   1.00000000E-014   4.08000000E-012
       409     1.19999997E+001   7.04968827E+003  -6.89420223E-020   3.70581135E-020  -1.19999997E+001   1.45818015E-020   1.10632875E-019   3.31898624E-019  -7.03006293E+003  -7.03789707E+003  -1.40707196E+004  -2.46231909E+002   1.00736948E+001  -7.28901115E+000   2.87505975E-001   1.17544622E+001   0.00000000E+000   1.81081948E+015   8.78590294E+013   1.00000000E-014   4.09000000E-012
       410     1.19999997E+001   7.04927646E+003  -1.21862063E-019  -4.59165426E-020  -1.19999997E+001   6.20552162E-020   0.00000000E+000  -5.53164374E-019  -7.03019345E+003  -7.03805049E+003  -1.40704357E+004  -2.46357269E+002   1.00981464E+001  -7.30757913E+000   2.88357892E-001   1.17537351E+001   0.00000000E+000   1.81291765E+015   8.82836085E+013   1.00000000E-014   4.10000000E-012
       411     1.19999997E+001   7.04885251E+003   1.75542708E-019   2.37400836E-020  -1.19999997E+001   5.43233986E-020   0.00000000E+000   0.00000000E+000  -7.03032850E+003  -7.03820776E+003  -1.40701434E+004  -2.46486325E+002   1.01233861E+001  -7.32671488E+000   2.89234895E-001   1.17529865E+001   0.00000000E+000   1.81418540E+015   8.72244060E+013   1.00000000E-014   4.11000000E-012
       412     1.19999997E+001   7.04843176E+003  -1.68210976E-020   5.01452925E-020  -1.19999997E+001   3.71473730E-020   0.00000000E+000   1.10632875E-019  -7.03046218E+003  -7.03836420E+003  -1.40698532E+004  -2.46614412E+002   1.01484033E+001  -7.34641094E+000   2.90105520E-001   1.17522437E+001   0.00000000E+000   1.81649462E+015   8.68124255E+013   1.00000000E-014   4.12000000E-012
       413     1.19999997E+001   7.04801279E+003   7.50343552E-020   6.78718574E-020  -1.19999997E+001  -2.50340304E-020   0.00000000E+000  -2.21265749E-019  -7.03059265E+003  -7.03852265E+003  -1.40695643E+004  -2.46741966E+002   1.01753458E+001  -7.36711662E+000   2.90973786E-001   1.17515039E+001   0.00000000E+000   1.81750777E+015   8.73233369E+013   1.00000000E-014   4.13000000E-012
       414     1.19999997E+001   7.04759566E+003  -1.19868388E-019  -1.30847312E-019  -1.19999997E+001  -5.34343905E-020   2.21265749E-019   0.00000000E+000  -7.03072371E+003  -7.03867922E+003  -1.40692767E+004  -2.46868958E+002   1.01997406E+001  -7.38693039E+000   2.91837060E-001   1.17507674E+001   0.00000000E+000   1.81710459E+015   8.73096123E+013   1.00000000E-014   4.14000000E-012
       415     1.19999997E+001   7.04717141E+003  -2.16779350E-020   6.94536293E-020  -1.19999997E+001  -1.53238374E-019  -4.42531499E-019   0.00000000E+000  -7.03085777E+003  -7.03883773E+003  -1.40689841E+004  -2.46998123E+002   1.02270802E+001  -7.40518930E+000   2.92715392E-001   1.17500183E+001   0.00000000E+000   1.82037955E+015   8.69149155E+013   1.00000000E-014   4.15000000E-012
       416     1.19999997E+001   7.04674921E+003   7.74538585E-020  -1.57627284E-019  -1.19999997E+001  -1.81523941E-020   2.21265749E-019   2.21265749E-019  -7.03099040E+003  -7.03899625E+003  -1.40686930E+004  -2.47126664E+002   1.02528879E+001  -7.42465373E+000   2.93589433E-001   1.17492729E+001   0.00000000E+000   1.82206193E+015   8.67256455E+013   1.00000000E-014   4.16000000E-012
       417     1.19999997E+001   7.04633171E+003   5.74656299E-020  -1.40212178E-019  -1.19999997E+001   3.42421121E-020   2.21265749E-019   3.31898624E-019  -7.03112263E+003  -7.03915193E+003  -1.40684051E+004  -2.47253778E+002   1.02794278E+001  -7.44357920E+000   2.94453911E-001   1.17485357E+001   0.00000000E+000   1.82447653E+015   8.62619963E+013   1.00000000E-014   4.17000000E-012
       418     1.19999997E+001   7.04591110E+003  -1.97947169E-019  -1.06049619E-019  -1.19999997E+001   5.24225713E-021   2.21265749E-019   1.10632875E-019  -7.03125787E+003  -7.03930676E+003  -1.40681150E+004  -2.47381841E+002   1.03065255E+001  -7.46226916E+000   2.95324650E-001   1.17477931E+001   0.00000000E+000   1.82736792E+015   8.63072637E+013   1.00000000E-014   4.18000000E-012
       419     1.19999997E+001   7.04548696E+003   1.44347448E-019   1.19303922E-019  -1.19999997E+001   7.21124241E-021   0.00000000E+000  -1.10632875E-019  -7.03139462E+003  -7.03946252E+003  -1.40678225E+004  -2.47510980E+002   1.03356792E+001  -7.48074427E+000   2.96203191E-001   1.17470442E+001   0.00000000E+000   1.83143433E+015   8.57531113E+013   1.00000000E-014   4.19000000E-012
       420     1.19999997E+001   7.04506975E+003   1.28111708E-020   1.33701507E-019  -1.19999997E+001   1.97719378E-020   0.00000000E+000  -1.10632875E-019  -7.03152681E+003  -7.03961806E+003  -1.40675348E+004  -2.47638014E+002   1.03616306E+001  -7.49976413E+000   2.97066962E-001   1.17463076E+001   0.00000000E+000   1.83572833E+015   8.55216035E+013   1.00000000E-014   4.20000000E-012
       421     1.19999997E+001   7.04464508E+003  -1.23768376E-019   1.13420389E-019  -1.19999997E+001   7.58281954E-020  -5.53164374E-019  -1.10632875E-019  -7.03166189E+003  -7.03977587E+003  -1.40672419E+004  -2.47767323E+002   1.03889714E+001  -7.51742262E+000   2.97946005E-001   1.17455578E+001   0.00000000E+000   1.83759289E+015   8.51694610E+013   1.00000000E-014   4.21000000E-012
       422     1.19999997E+001   7.04421868E+003  -8.57600602E-020   6.36642091E-020  -1.19999997E+001   1.47459926E-019   0.00000000E+000   2.21265749E-019  -7.03179601E+003  -7.03993583E+003  -1.40669478E+004  -2.47897158E+002   1.04140301E+001  -7.53552688E+000   2.98828078E-001   1.17448049E+001   0.00000000E+000   1.84003945E+015   8.48378758E+013   1.00000000E-014   4.22000000E-012
       423     1.19999997E+001   7.04378784E+003   1.06934618E-019   7.55207459E-020  -1.19999997E+001   4.50095981E-021  -3.31898624E-019   0.00000000E+000  -7.03193393E+003  -7.04009507E+003  -1.40666506E+004  -2.48028352E+002   1.04441326E+001  -7.55592776E+000   2.99721310E-001   1.17440442E+001   0.00000000E+000   1.84119488E+015   8.48234703E+013   1.00000000E-014   4.23000000E-012
       424     1.19999997E+001   7.04336510E+003  -6.68199453E-020  -5.15747112E-020  -1.19999997E+001  -1.95851891E-020  -2.21265749E-019  -2.21265749E-019  -7.03206807E+003  -7.04025251E+003  -1.40663591E+004  -2.48157082E+002   1.04706854E+001  -7.57663177E+000   3.00597062E-001   1.17432978E+001   0.00000000E+000   1.84346577E+015   8.51125642E+013   1.00000000E-014   4.24000000E-012
       425     1.19999997E+001   7.04293682E+003  -1.12196921E-021  -4.03208346E-020  -1.19999997E+001   3.09521701E-020   1.10632875E-019  -1.10632875E-019  -7.03220255E+003  -7.04041344E+003  -1.40660637E+004  -2.48287500E+002   1.04975063E+001  -7.59778443E+000   3.01484469E-001   1.17425417E+001   0.00000000E+000   1.84608442E+015   8.39715157E+013   1.00000000E-014   4.25000000E-012
       426     1.19999997E+001   7.04251572E+003  -2.52190910E-020  -1.01519539E-020  -1.19999997E+001   7.87045472E-020   0.00000000E+000   1.10632875E-019  -7.03233522E+003  -7.04057123E+003  -1.40657732E+004  -2.48415734E+002   1.05230094E+001  -7.61576218E+000   3.02355925E-001   1.17417982E+001   0.00000000E+000   1.84800203E+015   8.36626121E+013   1.00000000E-014   4.26000000E-012
       427     1.19999997E+001   7.04208883E+003  -2.12237242E-020  -1.18449310E-019  -1.19999997E+001  -3.74470150E-020   0.00000000E+000  -3.31898624E-019  -7.03246713E+003  -7.04073378E+003  -1.40654788E+004  -2.48545737E+002   1.05488290E+001  -7.63654931E+000   3.03240348E-001   1.17410445E+001   0.00000000E+000   1.85217474E+015   8.23273802E+013   1.00000000E-014   4.27000000E-012
       428     1.19999997E+001   7.04165824E+003  -5.04411361E-021  -7.57874694E-020  -1.19999997E+001  -6.49836887E-020   1.10632875E-019   2.21265749E-019  -7.03260483E+003  -7.04089308E+003  -1.40651817E+004  -2.48676864E+002   1.05735687E+001  -7.65543115E+000   3.04130925E-001   1.17402842E+001   0.00000000E+000   1.85391706E+015   8.27877461E+013   1.00000000E-014   4.28000000E-012
       429     1.19999997E+001   7.04123454E+003   7.14709371E-021  -9.71194445E-020  -1.19999997E+001   1.00406854E-019   3.31898624E-019  -2.21265749E-019  -7.03273847E+003  -7.04105171E+003  -1.40648895E+004  -2.48805901E+002   1.05998726E+001  -7.67415939E+000   3.05008211E-001   1.17395361E+001   0.00000000E+000   1.85596191E+015   8.23380839E+013   1.00000000E-014   4.29000000E-012
       430     1.19999997E+001   7.04080711E+003   9.80620506E-020   3.33725174E-020  -1.19999997E+001   4.25649840E-020   2.21265749E-019   3.31898624E-019  -7.03287408E+003  -7.04121096E+003  -1.40645946E+004  -2.48936075E+002   1.06279414E+001  -7.69565694E+000   3.05894360E-001   1.17387815E+001   0.00000000E+000   1.85870347E+015   8.22773425E+013   1.00000000E-014   4.30000000E-012
       431     1.19999997E+001   7.04037513E+003  -8.38355991E-020   1.07960997E-019  -1.19999997E+001   3.14870943E-020  -3.31898624E-019   4.42531499E-019  -7.03300983E+003  -7.04137320E+003  -1.40642966E+004  -2.49067638E+002   1.06529987E+001  -7.71564821E+000   3.06788517E-001   1.17380188E+001   0.00000000E+000   1.86248626E+015   8.19597444E+013   1.00000000E-014   4.31000000E-012
       432     1.19999997E+001   7.03994920E+003   1.61141958E-020  -1.67736191E-019  -1.19999997E+001   4.11676396E-020   4.42531499E-019   0.00000000E+000  -7.03314411E+003  -7.04153275E+003  -1.40640028E+004  -2.49197362E+002   1.06794803E+001  -7.73536829E+000   3.07670731E-001   1.17372668E+001   0.00000000E+000   1.86614628E+015   8.20854831E+013   1.00000000E-014   4.32000000E-012
       433     1.19999997E+001   7.03951348E+003  -3.31311157E-020   1.26123942E-019  -1.19999997E+001   3.94206426E-020   6.63797248E-019   0.00000000E+000  -7.03328109E+003  -7.04169634E+003  -1.40637022E+004  -2.49330061E+002   1.07036744E+001  -7.75208554E+000   3.08571340E-001   1.17364975E+001   0.00000000E+000   1.86764938E+015   8.14776053E+013   1.00000000E-014   4.33000000E-012
       434     1.19999997E+001   7.03908424E+003   3.42876915E-020   4.65259552E-020  -1.19999997E+001   8.24502826E-020   2.21265749E-019   0.00000000E+000  -7.03341710E+003  -7.04185644E+003  -1.40634061E+004  -2.49460798E+002   1.07290032E+001  -7.77016048E+000   3.09459440E-001   1.17357396E+001   0.00000000E+000   1.87109779E+015   8.11973747E+013   1.00000000E-014   4.34000000E-012
       435     1.19999997E+001   7.03864470E+003  -1.41175675E-019  -8.78963807E-020  -1.19999997E+001  -2.42347038E-020   4.42531499E-019   0.00000000E+000  -7.03355706E+003  -7.04201970E+003  -1.40631029E+004  -2.49594671E+002   1.07557773E+001  -7.78886711E+000   3.10369108E-001   1.17349636E+001   0.00000000E+000   1.87453856E+015   8.09467014E+013   1.00000000E-014   4.35000000E-012
       436     1.19999997E+001   7.03821287E+003   2.86122196E-020   4.34029264E-020  -1.19999997E+001   1.66197888E-020   0.00000000E+000   0.00000000E+000  -7.03369487E+003  -7.04217982E+003  -1.40628050E+004  -2.49726200E+002   1.07814585E+001  -7.80801223E+000   3.11262810E-001   1.17342011E+001   0.00000000E+000   1.87694618E+015   8.10497083E+013   1.00000000E-014   4.36000000E-012
       437     1.19999997E+001   7.03777913E+003  -3.02123498E-020  -5.86669409E-020  -1.19999997E+001   9.58636915E-020   0.00000000E+000  -4.42531499E-019  -7.03383129E+003  -7.04234264E+003  -1.40625057E+004  -2.49858313E+002   1.08064908E+001  -7.82550299E+000   3.12159987E-001   1.17334353E+001   0.00000000E+000   1.87933178E+015   8.10211639E+013   1.00000000E-014   4.37000000E-012
       438     1.19999997E+001   7.03734195E+003  -5.48220281E-020   6.43782854E-020  -1.19999997E+001   3.88329645E-020   2.21265749E-019   2.21265749E-019  -7.03396884E+003  -7.04250671E+003  -1.40622041E+004  -2.49991480E+002   1.08324748E+001  -7.84720943E+000   3.13065635E-001   1.17326635E+001   0.00000000E+000   1.88347842E+015   8.08390457E+013   1.00000000E-014   4.38000000E-012
       439     1.19999997E+001   7.03691046E+003  -1.32933833E-019   8.73544930E-020  -1.19999997E+001  -2.76274104E-020  -8.85062998E-019   6.63797248E-019  -7.03410527E+003  -7.04266799E+003  -1.40619064E+004  -2.50122918E+002   1.08588826E+001  -7.86407206E+000   3.13958513E-001   1.17319016E+001   0.00000000E+000   1.88666105E+015   8.08601810E+013   1.00000000E-014   4.39000000E-012
       440     1.19999997E+001   7.03647909E+003   1.41418554E-019  -4.45402997E-020  -1.19999997E+001  -4.98943951E-020   2.21265749E-019   0.00000000E+000  -7.03424119E+003  -7.04282970E+003  -1.40616088E+004  -2.50254322E+002   1.08847424E+001  -7.88449995E+000   3.14851964E-001   1.17311400E+001   0.00000000E+000   1.88956438E+015   8.05490967E+013   1.00000000E-014   4.40000000E-012
       441     1.19999997E+001   7.03604728E+003   3.38131177E-020  -3.26719461E-020  -1.19999997E+001  -6.57819602E-020   2.21265749E-019   0.00000000E+000  -7.03437767E+003  -7.04299116E+003  -1.40613108E+004  -2.50385860E+002   1.09102684E+001  -7.90380314E+000   3.15745868E-001   1.17303776E+001   0.00000000E+000   1.89104446E+015   8.09631848E+013   1.00000000E-014   4.41000000E-012
       442     1.19999997E+001   7.03561711E+003   4.63590420E-020   7.30041755E-020  -1.19999997E+001   1.23371245E-019   0.00000000E+000   2.21265749E-019  -7.03451375E+003  -7.04315189E+003  -1.40610140E+004  -2.50516902E+002   1.09361320E+001  -7.92258717E+000   3.16636412E-001   1.17296182E+001   0.00000000E+000   1.89410556E+015   8.04410092E+013   1.00000000E-014   4.42000000E-012
       443     1.19999997E+001   7.03518176E+003   6.77138068E-020   1.97328999E-020  -1.19999997E+001  -3.83075360E-020  -2.21265749E-019   0.00000000E+000  -7.03465047E+003  -7.04331556E+003  -1.40607136E+004  -2.50649525E+002   1.09619626E+001  -7.94247806E+000   3.17537928E-001   1.17288495E+001   0.00000000E+000   1.89741774E+015   8.01397886E+013   1.00000000E-014   4.43000000E-012
       444     1.19999997E+001   7.03474503E+003  -1.28724285E-019   1.71175743E-021  -1.19999997E+001   3.14835070E-021   0.00000000E+000   0.00000000E+000  -7.03478960E+003  -7.04347780E+003  -1.40604123E+004  -2.50782575E+002   1.09900341E+001  -7.96151717E+000   3.18442625E-001   1.17280785E+001   0.00000000E+000   1.90083498E+015   8.02870992E+013   1.00000000E-014   4.44000000E-012
       445     1.19999997E+001   7.03431505E+003   7.01037679E-020   9.01500258E-020  -1.19999997E+001   7.59740071E-020   2.21265749E-019  -2.21265749E-019  -7.03492599E+003  -7.04363811E+003  -1.40601156E+004  -2.50913571E+002   1.10178194E+001  -7.98058030E+000   3.19333542E-001   1.17273193E+001   0.00000000E+000   1.90576521E+015   8.00752630E+013   1.00000000E-014   4.45000000E-012
       446     1.19999997E+001   7.03388245E+003   1.20696835E-019   5.24141307E-020  -1.19999997E+001  -1.30836972E-019   0.00000000E+000   0.00000000E+000  -7.03506261E+003  -7.04380002E+003  -1.40598170E+004  -2.51045371E+002   1.10455686E+001  -8.00077018E+000   3.20230196E-001   1.17265555E+001   0.00000000E+000   1.90785612E+015   7.95697911E+013   1.00000000E-014   4.46000000E-012
       447     1.19999997E+001   7.03344044E+003  -1.26000920E-019   5.31881354E-020  -1.19999997E+001  -8.71768180E-021   0.00000000E+000   0.00000000E+000  -7.03520007E+003  -7.04396759E+003  -1.40595120E+004  -2.51180038E+002   1.10747881E+001  -8.02071749E+000   3.21146701E-001   1.17257752E+001   0.00000000E+000   1.90848045E+015   7.90242562E+013   1.00000000E-014   4.47000000E-012
       448     1.19999997E+001   7.03300585E+003   1.49014899E-020   1.36079651E-020  -1.19999997E+001   7.17663588E-020   0.00000000E+000   0.00000000E+000  -7.03533638E+003  -7.04413120E+003  -1.40592121E+004  -2.51312448E+002   1.11006674E+001  -8.04100177E+000   3.22046933E-001   1.17250079E+001   0.00000000E+000   1.90959739E+015   7.88247486E+013   1.00000000E-014   4.48000000E-012
       449     1.19999997E+001   7.03257174E+003   1.21131316E-020  -4.29408025E-020  -1.19999997E+001   1.82292038E-020   4.42531499E-019   2.21265749E-019  -7.03547278E+003  -7.04429438E+003  -1.40589125E+004  -2.51444711E+002   1.11260005E+001  -8.06016003E+000   3.22945685E-001   1.17242414E+001   0.00000000E+000   1.91169190E+015   7.99534604E+013   1.00000000E-014   4.49000000E-012
       450     1.19999997E+001   7.03213623E+003   2.17310265E-019   2.00574839E-019  -1.19999997E+001   1.32504205E-019   2.21265749E-019   0.00000000E+000  -7.03561119E+003  -7.04445652E+003  -1.40586120E+004  -2.51577406E+002   1.11529875E+001  -8.07908898E+000   3.23847649E-001   1.17234725E+001   0.00000000E+000   1.91610018E+015   7.85365866E+013   1.00000000E-014   4.50000000E-012
       451     1.19999997E+001   7.03169863E+003   1.03938409E-019  -1.33789290E-019  -1.19999997E+001  -8.78716919E-020   0.00000000E+000   0.00000000E+000  -7.03574561E+003  -7.04462409E+003  -1.40583100E+004  -2.51710736E+002   1.11782541E+001  -8.09522834E+000   3.24753063E-001   1.17226999E+001   0.00000000E+000   1.91872132E+015   7.85042676E+013   1.00000000E-014   4.51000000E-012
       452     1.19999997E+001   7.03125973E+003   9.63644312E-021  -1.42577240E-019  -1.19999997E+001  -7.80033428E-020   6.63797248E-019  -2.21265749E-019  -7.03588081E+003  -7.04479179E+003  -1.40580071E+004  -2.51844466E+002   1.12039439E+001  -8.11121800E+000   3.25661226E-001   1.17219250E+001   0.00000000E+000   1.91954631E+015   7.83397601E+013   1.00000000E-014   4.52000000E-012
       453     1.19999997E+001   7.03082285E+003   5.41284203E-020  -7.23154210E-020  -1.19999997E+001  -7.25283356E-020  -2.21265749E-019   2.21265749E-019  -7.03601646E+003  -7.04495767E+003  -1.40577055E+004  -2.51977591E+002   1.12317106E+001  -8.13184708E+000   3.26567122E-001   1.17211537E+001   0.00000000E+000   1.92284905E+015   7.78327724E+013   1.00000000E-014   4.53000000E-012
       454     1.19999997E+001   7.03038560E+003   2.40532305E-020  -1.06214211E-019  -1.19999997E+001   7.59704198E-020   2.21265749E-019   2.21265749E-019  -7.03615367E+003  -7.04512224E+003  -1.40574038E+004  -2.52110826E+002   1.12568929E+001  -8.14963024E+000   3.27472002E-001   1.17203817E+001   0.00000000E+000   1.92560216E+015   7.79166070E+013   1.00000000E-014   4.54000000E-012
       455     1.19999997E+001   7.02995046E+003  -7.36950401E-020  -7.55405813E-020  -1.19999997E+001   4.73362546E-020   2.21265749E-019   6.63797248E-019  -7.03629060E+003  -7.04528565E+003  -1.40571034E+004  -2.52243424E+002   1.12841976E+001  -8.16967325E+000   3.28373865E-001   1.17196135E+001   0.00000000E+000   1.93037777E+015   7.73890421E+013   1.00000000E-014   4.55000000E-012
       456     1.19999997E+001   7.02951010E+003  -7.79714794E-020  -1.00280878E-019  -1.19999997E+001   1.13883990E-019  -2.21265749E-019   2.21265749E-019  -7.03643250E+003  -7.04544770E+003  -1.40567995E+004  -2.52377617E+002   1.13130855E+001  -8.19114989E+000   3.29286955E-001   1.17188361E+001   0.00000000E+000   1.93390671E+015   7.74060596E+013   1.00000000E-014   4.56000000E-012
       457     1.19999997E+001   7.02907161E+003   3.00891168E-020   5.40794647E-020  -1.19999997E+001  -1.19901940E-019  -4.42531499E-019   4.42531499E-019  -7.03657061E+003  -7.04561226E+003  -1.40564968E+004  -2.52511243E+002   1.13407200E+001  -8.21107243E+000   3.30195766E-001   1.17180619E+001   0.00000000E+000   1.93816938E+015   7.73080167E+013   1.00000000E-014   4.57000000E-012
       458     1.19999997E+001   7.02862816E+003   6.82561165E-020   1.54993389E-019  -1.19999997E+001  -1.09237007E-019  -2.21265749E-019   0.00000000E+000  -7.03671075E+003  -7.04577823E+003  -1.40561907E+004  -2.52646386E+002   1.13693175E+001  -8.23249648E+000   3.31115399E-001   1.17172790E+001   0.00000000E+000   1.94104249E+015   7.66123226E+013   1.00000000E-014   4.58000000E-012
       459     1.19999997E+001   7.02818440E+003   1.36978999E-019   9.35397782E-020  -1.19999997E+001  -5.01655499E-020   4.42531499E-019   0.00000000E+000  -7.03684967E+003  -7.04594560E+003  -1.40558844E+004  -2.52781619E+002   1.13955805E+001  -8.25054005E+000   3.32034122E-001   1.17164955E+001   0.00000000E+000   1.94446792E+015   7.62612224E+013   1.00000000E-014   4.59000000E-012
       460     1.19999997E+001   7.02774275E+003  -4.26918043E-020   1.29739903E-019  -1.19999997E+001   6.35770597E-020   0.00000000E+000   0.00000000E+000  -7.03698775E+003  -7.04611241E+003  -1.40555795E+004  -2.52916223E+002   1.14257300E+001  -8.27313295E+000   3.32951133E-001   1.17157158E+001   0.00000000E+000   1.94380595E+015   7.63638724E+013   1.00000000E-014   4.60000000E-012
       461     1.19999997E+001   7.02729445E+003  -4.12362196E-020   8.29092413E-020  -1.19999997E+001  -8.32135256E-020   0.00000000E+000   2.21265749E-019  -7.03712986E+003  -7.04627977E+003  -1.40552701E+004  -2.53052850E+002   1.14525921E+001  -8.29375292E+000   3.33879864E-001   1.17149243E+001   0.00000000E+000   1.94703503E+015   7.60445275E+013   1.00000000E-014   4.61000000E-012
       462     1.19999997E+001   7.02685298E+003  -1.31947969E-021  -9.64627644E-020  -1.19999997E+001   1.20241675E-019   0.00000000E+000   0.00000000E+000  -7.03726995E+003  -7.04644444E+003  -1.40549653E+004  -2.53187399E+002   1.14797896E+001  -8.31610476E+000   3.34795233E-001   1.17141449E+001   0.00000000E+000   1.94871081E+015   7.65522727E+013   1.00000000E-014   4.62000000E-012
       463     1.19999997E+001   7.02640627E+003  -8.81542416E-020  -9.46041402E-020  -1.19999997E+001   9.55942248E-020   2.21265749E-019   2.21265749E-019  -7.03741260E+003  -7.04661018E+003  -1.40546569E+004  -2.53323553E+002   1.15095433E+001  -8.33663729E+000   3.35721625E-001   1.17133563E+001   0.00000000E+000   1.95197554E+015   7.60432807E+013   1.00000000E-014   4.63000000E-012
       464     1.19999997E+001   7.02596127E+003   2.75052325E-020  -7.36460845E-020  -1.19999997E+001   5.79811406E-020  -2.21265749E-019  -2.21265749E-019  -7.03755220E+003  -7.04677779E+003  -1.40543497E+004  -2.53459184E+002   1.15361139E+001  -8.35728242E+000   3.36643760E-001   1.17125706E+001   0.00000000E+000   1.95577530E+015   7.57878153E+013   1.00000000E-014   4.64000000E-012
       465     1.19999997E+001   7.02550921E+003  -5.96346578E-020   6.14692262E-020  -1.19999997E+001   5.06914005E-020   2.21265749E-019  -6.63797248E-019  -7.03769423E+003  -7.04694786E+003  -1.40540376E+004  -2.53596976E+002   1.15661376E+001  -8.38157900E+000   3.37582438E-001   1.17117725E+001   0.00000000E+000   1.95961124E+015   7.58637764E+013   1.00000000E-014   4.65000000E-012
       466     1.19999997E+001   7.02506738E+003   6.15678760E-020  -6.02938701E-020  -1.19999997E+001   8.19567175E-020  -4.42531499E-019   6.63797248E-019  -7.03783469E+003  -7.04711243E+003  -1.40537326E+004  -2.53731646E+002   1.15925913E+001  -8.40247901E+000   3.38497971E-001   1.17109925E+001   0.00000000E+000   1.96310459E+015   7.56064391E+013   1.00000000E-014   4.66000000E-012
       467     1.19999997E+001   7.02461933E+003  -1.17571907E-019  -3.63862402E-020  -1.19999997E+001   9.31544640E-020  -2.21265749E-019   4.42531499E-019  -7.03797565E+003  -7.04728080E+003  -1.40534232E+004  -2.53868213E+002   1.16186067E+001  -8.42021532E+000   3.39425391E-001   1.17102015E+001   0.00000000E+000   1.96693158E+015   7.52815908E+013   1.00000000E-014   4.67000000E-012
       468     1.19999997E+001   7.02417529E+003  -1.09254416E-019   4.32227192E-020  -1.19999997E+001   7.88222938E-020  -2.21265749E-019  -2.21265749E-019  -7.03811583E+003  -7.04744718E+003  -1.40531167E+004  -2.54003558E+002   1.16445229E+001  -8.43921762E+000   3.40344880E-001   1.17094175E+001   0.00000000E+000   1.97088001E+015   7.47812525E+013   1.00000000E-014   4.68000000E-012
       469     1.19999997E+001   7.02372913E+003  -8.26563392E-020   1.86199622E-019  -1.19999997E+001  -5.94911673E-020   0.00000000E+000   2.21265749E-019  -7.03825634E+003  -7.04761471E+003  -1.40528086E+004  -2.54139559E+002   1.16716106E+001  -8.45845060E+000   3.41269239E-001   1.17086299E+001   0.00000000E+000   1.97394879E+015   7.48174606E+013   1.00000000E-014   4.69000000E-012
       470     1.19999997E+001   7.02328032E+003  -4.08962737E-020  -9.98829030E-020  -1.19999997E+001  -1.59156302E-020   4.42531499E-019   0.00000000E+000  -7.03839755E+003  -7.04778337E+003  -1.40524988E+004  -2.54276370E+002   1.16989522E+001  -8.47888598E+000   3.42199441E-001   1.17078375E+001   0.00000000E+000   1.97611867E+015   7.42230410E+013   1.00000000E-014   4.70000000E-012
       471     1.19999997E+001   7.02282832E+003  -6.18088556E-020  -8.51696389E-020  -1.19999997E+001   1.20972210E-019   4.42531499E-019   0.00000000E+000  -7.03854189E+003  -7.04795112E+003  -1.40521867E+004  -2.54414153E+002   1.17254516E+001  -8.49848483E+000   3.43135422E-001   1.17070395E+001   0.00000000E+000   1.97896006E+015   7.42345879E+013   1.00000000E-014   4.71000000E-012
       472     1.19999997E+001   7.02238043E+003  -1.01033148E-020  -2.15703382E-019  -1.19999997E+001  -5.50176395E-020   2.21265749E-019  -4.42531499E-019  -7.03868329E+003  -7.04811898E+003  -1.40518774E+004  -2.54550690E+002   1.17531717E+001  -8.51892815E+000   3.44063862E-001   1.17062488E+001   0.00000000E+000   1.98267914E+015   7.41736237E+013   1.00000000E-014   4.72000000E-012
       473     1.19999997E+001   7.02192938E+003  -1.21173836E-019   1.11081072E-019  -1.19999997E+001  -6.66044985E-020   0.00000000E+000   0.00000000E+000  -7.03882691E+003  -7.04828680E+003  -1.40515660E+004  -2.54688193E+002   1.17806318E+001  -8.53881951E+000   3.44998412E-001   1.17054525E+001   0.00000000E+000   1.98645384E+015   7.39692974E+013   1.00000000E-014   4.73000000E-012
       474     1.19999997E+001   7.02148294E+003   1.36917093E-019  -1.14202834E-019  -1.19999997E+001  -4.51999341E-020   0.00000000E+000   2.21265749E-019  -7.03896771E+003  -7.04845428E+003  -1.40512577E+004  -2.54824296E+002   1.18083694E+001  -8.56029639E+000   3.45924244E-001   1.17046643E+001   0.00000000E+000   1.98914687E+015   7.37473885E+013   1.00000000E-014   4.74000000E-012
       475     1.19999997E+001   7.02103030E+003   5.04101037E-020  -1.96877426E-021  -1.19999997E+001   5.55970879E-020   8.85062998E-019  -2.21265749E-019  -7.03911002E+003  -7.04862454E+003  -1.40509451E+004  -2.54962295E+002   1.18359967E+001  -8.58177434E+000   3.46862774E-001   1.17038652E+001   0.00000000E+000   1.99323354E+015   7.34726253E+013   1.00000000E-014   4.75000000E-012
       476     1.19999997E+001   7.02058025E+003   7.34680930E-020  -1.60822058E-019  -1.19999997E+001  -2.87019012E-020   0.00000000E+000   0.00000000E+000  -7.03925452E+003  -7.04879082E+003  -1.40506344E+004  -2.55099501E+002   1.18628341E+001  -8.60212321E+000   3.47795119E-001   1.17030707E+001   0.00000000E+000   1.99556995E+015   7.39172984E+013   1.00000000E-014   4.76000000E-012
       477     1.19999997E+001   7.02012371E+003   6.77900889E-020  -8.45475653E-020  -1.19999997E+001   6.58030618E-021   6.63797248E-019   0.00000000E+000  -7.03939897E+003  -7.04896164E+003  -1.40503191E+004  -2.55238690E+002   1.18900797E+001  -8.62361743E+000   3.48741402E-001   1.17022647E+001   0.00000000E+000   1.99874487E+015   7.37760547E+013   1.00000000E-014   4.77000000E-012
       478     1.19999997E+001   7.01968057E+003   1.47805781E-021   4.03039533E-020  -1.19999997E+001  -4.14459690E-020  -4.42531499E-019  -2.21265749E-019  -7.03954296E+003  -7.04912365E+003  -1.40500131E+004  -2.55373790E+002   1.19154746E+001  -8.64071382E+000   3.49658158E-001   1.17014823E+001   0.00000000E+000   2.00219583E+015   7.40935202E+013   1.00000000E-014   4.78000000E-012
       479     1.19999997E+001   7.01922337E+003  -6.61557741E-020  -2.38865283E-020  -1.19999997E+001   8.27121528E-020  -2.21265749E-019  -2.21265749E-019  -7.03968712E+003  -7.04929524E+003  -1.40496973E+004  -2.55513191E+002   1.19442268E+001  -8.66244293E+000   3.50606476E-001   1.17006752E+001   0.00000000E+000   2.00354506E+015   7.42677502E+013   1.00000000E-014   4.79000000E-012
       480     1.19999997E+001   7.01877351E+003  -6.68059128E-020  -1.75718484E-019  -1.19999997E+001   1.23533938E-019   0.00000000E+000   2.21265749E-019  -7.03982873E+003  -7.04946430E+003  -1.40493867E+004  -2.55650350E+002   1.19710454E+001  -8.68079062E+000   3.51538296E-001   1.16998810E+001   0.00000000E+000   2.00509665E+015   7.38664803E+013   1.00000000E-014   4.80000000E-012
       481     1.19999997E+001   7.01832876E+003  -1.45568489E-020   9.67294880E-021  -1.19999997E+001  -1.97257254E-020   0.00000000E+000  -2.21265749E-019  -7.03997048E+003  -7.04962971E+003  -1.40490795E+004  -2.55785961E+002   1.19991534E+001  -8.70219810E+000   3.52460777E-001   1.16990958E+001   0.00000000E+000   2.00661037E+015   7.38840432E+013   1.00000000E-014   4.81000000E-012
       482     1.19999997E+001   7.01787095E+003  -9.07096388E-020  -9.42880391E-020  -1.19999997E+001   6.52350082E-020   0.00000000E+000   0.00000000E+000  -7.04011966E+003  -7.04979670E+003  -1.40487633E+004  -2.55925551E+002   1.20260786E+001  -8.72241510E+000   3.53408841E-001   1.16982876E+001   0.00000000E+000   2.00901629E+015   7.41957386E+013   1.00000000E-014   4.82000000E-012
       483     1.19999997E+001   7.01742431E+003  -2.34261981E-020  -7.52869407E-020  -1.19999997E+001   1.25967790E-020   0.00000000E+000   2.21265749E-019  -7.04025998E+003  -7.04996487E+003  -1.40484548E+004  -2.56061749E+002   1.20540555E+001  -8.74535261E+000   3.54335833E-001   1.16974991E+001   0.00000000E+000   2.00967159E+015   7.44438474E+013   1.00000000E-014   4.83000000E-012
       484     1.19999997E+001   7.01697756E+003  -1.45207125E-019  -1.92074714E-020  -1.19999997E+001   9.31236557E-020   2.21265749E-019   2.21265749E-019  -7.04040228E+003  -7.05013114E+003  -1.40481463E+004  -2.56197979E+002   1.20835219E+001  -8.76469137E+000   3.55262387E-001   1.16967104E+001   0.00000000E+000   2.01262617E+015   7.45521024E+013   1.00000000E-014   4.84000000E-012
       485     1.19999997E+001   7.01653243E+003  -2.09452998E-019  -3.78354944E-020  -1.19999997E+001  -8.84159008E-020   0.00000000E+000  -2.21265749E-019  -7.04054491E+003  -7.05029596E+003  -1.40478388E+004  -2.56333714E+002   1.21109125E+001  -8.78456441E+000   3.56184991E-001   1.16959246E+001   0.00000000E+000   2.01612088E+015   7.49124556E+013   1.00000000E-014   4.85000000E-012
       486     1.19999997E+001   7.01608935E+003   1.39938175E-019   1.44380156E-019  -1.19999997E+001   7.41445030E-020  -4.42531499E-019  -2.21265749E-019  -7.04068596E+003  -7.05046094E+003  -1.40475328E+004  -2.56468826E+002   1.21368841E+001  -8.80309311E+000   3.57102714E-001   1.16951423E+001   0.00000000E+000   2.01937342E+015   7.46060720E+013   1.00000000E-014   4.86000000E-012
       487     1.19999997E+001   7.01564283E+003   1.22336636E-019   7.29033101E-020  -1.19999997E+001  -2.75375178E-021  -4.42531499E-019   2.21265749E-019  -7.04082733E+003  -7.05062800E+003  -1.40472244E+004  -2.56604997E+002   1.21647555E+001  -8.82578680E+000   3.58029306E-001   1.16943541E+001   0.00000000E+000   2.01814643E+015   7.49562993E+013   1.00000000E-014   4.87000000E-012
       488     1.19999997E+001   7.01519273E+003  -1.43966354E-020  -8.55570633E-020  -1.19999997E+001   9.58461772E-020   2.21265749E-019  -2.21265749E-019  -7.04097089E+003  -7.05079534E+003  -1.40469135E+004  -2.56742264E+002   1.21936368E+001  -8.84673106E+000   3.58963007E-001   1.16935594E+001   0.00000000E+000   2.02155105E+015   7.50533051E+013   1.00000000E-014   4.88000000E-012
       489     1.19999997E+001   7.01475058E+003  -2.21355431E-019  -1.04158076E-019  -1.19999997E+001   8.76372537E-020   2.21265749E-019   0.00000000E+000  -7.04111205E+003  -7.05095960E+003  -1.40466081E+004  -2.56877105E+002   1.22204332E+001  -8.86646129E+000   3.59879452E-001   1.16927789E+001   0.00000000E+000   2.02600797E+015   7.44640267E+013   1.00000000E-014   4.89000000E-012
       490     1.19999997E+001   7.01430448E+003  -1.29354800E-019  -3.60465053E-020  -1.19999997E+001   5.39380844E-020   2.21265749E-019   0.00000000E+000  -7.04125771E+003  -7.05112209E+003  -1.40462999E+004  -2.57013151E+002   1.22481042E+001  -8.88696226E+000   3.60804103E-001   1.16919913E+001   0.00000000E+000   2.02715510E+015   7.41576661E+013   1.00000000E-014   4.90000000E-012
       491     1.19999997E+001   7.01386189E+003  -4.52974232E-020   3.63461473E-020  -1.19999997E+001   9.12671417E-020  -4.42531499E-019  -4.42531499E-019  -7.04140185E+003  -7.05128366E+003  -1.40459942E+004  -2.57148123E+002   1.22717347E+001  -8.90473632E+000   3.61719577E-001   1.16912100E+001   0.00000000E+000   2.02766178E+015   7.40607373E+013   1.00000000E-014   4.91000000E-012
       492     1.19999997E+001   7.01341381E+003  -1.28800251E-019  -3.43516292E-020  -1.19999997E+001   4.38831976E-020   0.00000000E+000   2.21265749E-019  -7.04154659E+003  -7.05144845E+003  -1.40456847E+004  -2.57284778E+002   1.22974214E+001  -8.92486784E+000   3.62647722E-001   1.16904190E+001   0.00000000E+000   2.02916995E+015   7.44463517E+013   1.00000000E-014   4.92000000E-012
       493     1.19999997E+001   7.01296312E+003  -6.93962331E-020  -9.58432230E-020  -1.19999997E+001  -2.65115607E-020   6.63797248E-019  -6.63797248E-019  -7.04169031E+003  -7.05161607E+003  -1.40453733E+004  -2.57422234E+002   1.23234418E+001  -8.94553566E+000   3.63581682E-001   1.16896233E+001   0.00000000E+000   2.03336961E+015   7.43755277E+013   1.00000000E-014   4.93000000E-012
       494     1.19999997E+001   7.01251613E+003  -1.85847648E-020  -1.49370249E-019  -1.19999997E+001  -2.61654953E-020   0.00000000E+000  -4.42531499E-019  -7.04183503E+003  -7.05178014E+003  -1.40450645E+004  -2.57558564E+002   1.23508934E+001  -8.96530762E+000   3.64508111E-001   1.16888342E+001   0.00000000E+000   2.03526992E+015   7.40941620E+013   1.00000000E-014   4.94000000E-012
       495     1.19999997E+001   7.01205988E+003  -1.82144327E-020  -8.24589343E-020  -1.19999997E+001   8.59254963E-020   6.63797248E-019   0.00000000E+000  -7.04198048E+003  -7.05194990E+003  -1.40447493E+004  -2.57697728E+002   1.23787357E+001  -8.98777723E+000   3.65454579E-001   1.16880288E+001   0.00000000E+000   2.03611325E+015   7.48523321E+013   1.00000000E-014   4.95000000E-012
       496     1.19999997E+001   7.01161325E+003   1.78655186E-019  -1.03720008E-019  -1.19999997E+001   2.42140243E-020   0.00000000E+000   0.00000000E+000  -7.04212748E+003  -7.05211146E+003  -1.40444408E+004  -2.57833953E+002   1.24057854E+001  -9.00753744E+000   3.66379916E-001   1.16872403E+001   0.00000000E+000   2.03923317E+015   7.49298841E+013   1.00000000E-014   4.96000000E-012
       497     1.19999997E+001   7.01115699E+003  -1.63524322E-020  -5.78317417E-020  -1.19999997E+001   1.14574644E-019   6.63797248E-019   0.00000000E+000  -7.04227508E+003  -7.05227907E+003  -1.40441256E+004  -2.57973114E+002   1.24318144E+001  -9.02508196E+000   3.67324266E-001   1.16864348E+001   0.00000000E+000   2.03996708E+015   7.47081831E+013   1.00000000E-014   4.97000000E-012
       498     1.19999997E+001   7.01070413E+003   6.41510217E-020  -1.75330216E-019  -1.19999997E+001  -1.43550443E-019  -4.42531499E-019   6.63797248E-019  -7.04241880E+003  -7.05244820E+003  -1.40438127E+004  -2.58111244E+002   1.24566196E+001  -9.04224590E+000   3.68261515E-001   1.16856354E+001   0.00000000E+000   2.04389501E+015   7.46075239E+013   1.00000000E-014   4.98000000E-012
       499     1.19999997E+001   7.01025449E+003  -1.16742405E-019   1.92125358E-020  -1.19999997E+001   7.55452237E-020   0.00000000E+000   2.21265749E-019  -7.04256177E+003  -7.05261589E+003  -1.40435021E+004  -2.58248396E+002   1.24819028E+001  -9.06119462E+000   3.69192817E-001   1.16848416E+001   0.00000000E+000   2.04698402E+015   7.49495150E+013   1.00000000E-014   4.99000000E-012
       500     1.19999997E+001   7.00980529E+003  -7.05283310E-020  -1.46464988E-019  -1.19999997E+001   1.75729457E-020  -2.21265749E-019   4.42531499E-019  -7.04270530E+003  -7.05278272E+003  -1.40431917E+004  -2.58385421E+002   1.25080543E+001  -9.08162586E+000   3.70123846E-001   1.16840486E+001   0.00000000E+000   2.04993859E+015   7.49264392E+013   1.00000000E-014   5.00000000E-012
