   iLoop   Phase               EVM               SVM              EpVM             EelVM              ----               E11               E22               E33               E12               E13               E23              Ep11              Ep22              Ep33              Ep12              Ep13              Ep23
       1       1     1.19996229E+001   1.00002270E+000   4.38486950E-004   1.19999997E+001   0.00000000E+000  -4.42616591E-021   6.63247632E-021  -1.19999997E+001   6.27011305E-021  -1.08420217E-019   0.00000000E+000   1.29112461E-004   1.22138145E-004  -2.51250606E-004   1.25624878E-004   3.03918198E-005  -5.26165547E-006
       2       1     1.19992406E+001   1.00002270E+000   8.83239372E-004   1.19999997E+001   0.00000000E+000   5.98188585E-021   1.49581655E-020  -1.19999997E+001   2.83572781E-021  -2.16840434E-019  -1.08420217E-019   2.60075236E-004   2.46016988E-004  -5.06092224E-004   2.53045257E-004   6.12100226E-005  -1.05962520E-005
       3       1     1.19988527E+001   1.00002270E+000   1.33450846E-003   1.19999997E+001   0.00000000E+000  -8.45381171E-021   6.94729609E-021  -1.19999997E+001  -3.18850661E-021  -5.42101086E-020  -5.42101086E-020   3.92961122E-004   3.71707683E-004  -7.64668806E-004   3.82333111E-004   9.24731630E-005  -1.60001475E-005
       4       1     1.19984620E+001   1.00002270E+000   1.78909284E-003   1.19999997E+001   0.00000000E+000   1.05106222E-020  -1.75229682E-020  -1.19999997E+001  -7.74975176E-021  -5.42101086E-020   5.42101086E-020   5.26823086E-004   4.98322168E-004  -1.02514525E-003   5.12570896E-004   1.23964258E-004  -2.14436375E-005
       5       1     1.19980685E+001   1.00002270E+000   2.24702271E-003   1.19999997E+001   0.00000000E+000   4.27543769E-021  -3.75545168E-021  -1.19999997E+001  -1.44350772E-021   5.42101086E-020  -5.42101086E-020   6.61665836E-004   6.25872594E-004  -1.28753843E-003   6.43767040E-004   1.55689166E-004  -2.69295686E-005
       6       1     1.19976720E+001   1.00002270E+000   2.70832875E-003   1.19999997E+001   0.00000000E+000  -5.52163738E-021  -2.28590070E-021  -1.19999997E+001  -1.19051130E-020   1.08420217E-019   0.00000000E+000   7.97500849E-004   7.54365188E-004  -1.55186604E-003   7.75930398E-004   1.87648913E-004  -3.24571028E-005
       7       1     1.19972727E+001   1.00002270E+000   3.17292387E-003   1.19999997E+001   0.00000000E+000  -1.05547858E-020  -1.74155576E-020  -1.19999997E+001  -2.38415101E-021  -5.42101086E-020  -1.62630326E-019   9.34303568E-004   8.83774875E-004  -1.81807844E-003   9.09036151E-004   2.19835260E-004  -3.80240009E-005
       8       1     1.19968705E+001   1.00002270E+000   3.64094361E-003   1.19999997E+001   0.00000000E+000  -3.91349488E-021   1.90127464E-021  -1.19999997E+001   7.06290751E-021  -5.42101086E-020   5.42101086E-020   1.07211244E-003   1.01414051E-003  -2.08625295E-003   1.04312295E-003   2.52261319E-004  -4.36288605E-005
       9       1     1.19964654E+001   1.00002270E+000   4.11227207E-003   1.19999997E+001   0.00000000E+000   4.50448220E-021   1.17376412E-020  -1.19999997E+001  -4.25650341E-021  -5.42101086E-020   1.08420217E-019   1.21089497E-003   1.14542840E-003  -2.35632337E-003   1.17815770E-003   2.84916591E-004  -4.92731394E-005
      10       1     1.19960575E+001   1.00002270E+000   4.58693981E-003   1.19999997E+001   0.00000000E+000   9.27579659E-022  -4.60519235E-021  -1.19999997E+001  -5.19724687E-021  -1.08420217E-019  -5.42101086E-020   1.35066061E-003   1.27764683E-003  -2.62830744E-003   1.31414928E-003   3.17801017E-004  -5.49575828E-005
      11       1     1.19956467E+001   1.00002270E+000   5.06495435E-003   1.19999997E+001   0.00000000E+000   1.13642402E-020   9.11201483E-021  -1.19999997E+001   4.26184131E-021  -1.08420217E-019  -1.62630326E-019   1.49141038E-003   1.41079881E-003  -2.90220919E-003   1.45109969E-003   3.50917965E-004  -6.06817749E-005
      12       1     1.19952331E+001   1.00002270E+000   5.54623834E-003   1.19999997E+001   0.00000000E+000  -8.11406666E-021   1.06890670E-020  -1.19999997E+001   1.89986585E-021   0.00000000E+000   4.33680869E-019   1.63312283E-003   1.54486151E-003  -3.17798434E-003   1.58898680E-003   3.84261431E-004  -6.64437613E-005
      13       1     1.19948166E+001   1.00002270E+000   6.03086416E-003   1.19999997E+001   0.00000000E+000  -1.39277828E-020   5.16427274E-021  -1.19999997E+001   1.50439790E-020   5.42101086E-020   1.08420217E-019   1.77581724E-003   1.67985726E-003  -3.45567450E-003   1.72783142E-003   4.17835388E-004  -7.22465422E-005
      14       1     1.19943973E+001   1.00002270E+000   6.51878638E-003   1.19999997E+001   0.00000000E+000   4.45241637E-021  -6.76435670E-021  -1.19999997E+001  -1.40063634E-020   5.42101086E-020   5.42101086E-020   1.91948195E-003   1.81577175E-003  -3.73525370E-003   1.86762054E-003   4.51635874E-004  -7.80899722E-005
      15       1     1.19939751E+001   1.00002270E+000   7.01008611E-003   1.19999997E+001   0.00000000E+000  -7.96653771E-021  -3.47148639E-020  -1.19999997E+001   1.00911253E-020   1.08420217E-019   5.42101086E-020   2.06413961E-003   1.95262847E-003  -4.01676808E-003   2.00837726E-003   4.85671280E-004  -8.39756273E-005
      16       1     1.19935501E+001   1.00002270E+000   7.50472569E-003   1.19999997E+001   0.00000000E+000  -2.31144313E-021   8.11864847E-021  -1.19999997E+001  -2.17253818E-021  -5.42101086E-020  -5.42101086E-020   2.20978131E-003   2.09041545E-003  -4.30019676E-003   2.15009112E-003   5.19933709E-004  -8.98988091E-005
      17       1     1.19931221E+001   1.00002270E+000   8.00267239E-003   1.19999997E+001   0.00000000E+000  -5.68683763E-021   1.00776097E-020  -1.19999997E+001  -1.45140471E-021   0.00000000E+000   5.42101086E-020   2.35639600E-003   2.22912444E-003  -4.58552044E-003   2.29275247E-003   5.54425215E-004  -9.58616206E-005
      18       1     1.19926913E+001   1.00002270E+000   8.50401149E-003   1.19999997E+001   0.00000000E+000  -8.59789623E-022  -9.59188945E-021  -1.19999997E+001  -4.89056320E-021  -5.42101086E-020   1.08420217E-019   2.50400716E-003   2.36878072E-003  -4.87278789E-003   2.43638571E-003   5.89152409E-004  -1.01865925E-004
      19       1     1.19922575E+001   1.00002270E+000   9.00882787E-003   1.19999997E+001   0.00000000E+000  -5.16526794E-021   3.01946773E-022  -1.19999997E+001  -1.64038963E-021  -5.42101086E-020   0.00000000E+000   2.65264353E-003   2.50940404E-003  -5.16204757E-003   2.58101507E-003   6.24122061E-004  -1.07913590E-004
      20       1     1.19918209E+001   1.00002270E+000   9.51700361E-003   1.19999997E+001   0.00000000E+000   3.32110754E-021  -1.27581268E-020  -1.19999997E+001  -4.32012846E-021  -1.08420217E-019   0.00000000E+000   2.80226852E-003   2.65096392E-003  -5.45323245E-003   2.72660701E-003   6.59322083E-004  -1.14001937E-004
      21       1     1.19913813E+001   1.00002270E+000   1.00285381E-002   1.19999997E+001   0.00000000E+000  -1.20397560E-020  -1.02172121E-020  -1.19999997E+001  -4.87538637E-021  -5.42101086E-020  -2.71050543E-019   2.95288114E-003   2.79346068E-003  -5.74634182E-003   2.87316121E-003   6.94755443E-004  -1.20130863E-004
      22       1     1.19909389E+001   1.00002270E+000   1.05433915E-002   1.19999997E+001   0.00000000E+000   7.41292123E-021  -9.56385336E-021  -1.19999997E+001  -2.16190115E-021  -1.08420217E-019   3.79470760E-019   3.10446891E-003   2.93688384E-003  -6.04135274E-003   3.02066617E-003   7.30420113E-004  -1.26301378E-004
      23       1     1.19904937E+001   1.00002270E+000   1.10615184E-002   1.19999997E+001   0.00000000E+000   7.49942623E-021  -9.56322247E-021  -1.19999997E+001  -2.06155978E-020   5.42101086E-020  -5.42101086E-020   3.25701928E-003   3.08122010E-003  -6.33823938E-003   3.16910898E-003   7.66311511E-004  -1.32512928E-004
      24       1     1.19900457E+001   1.00002270E+000   1.15829627E-002   1.19999997E+001   0.00000000E+000   4.57641551E-021  -1.05207414E-020  -1.19999997E+001   4.85935389E-021  -5.42101086E-020   5.42101086E-020   3.41054458E-003   3.22648264E-003  -6.63702722E-003   3.31850240E-003   8.02430329E-004  -1.38762020E-004
      25       1     1.19895948E+001   1.00002270E+000   1.21077208E-002   1.19999997E+001   0.00000000E+000   1.42201395E-021  -1.66373163E-021  -1.19999997E+001  -1.47758610E-020   0.00000000E+000   1.08420217E-019   3.56504435E-003   3.37266941E-003  -6.93771376E-003   3.46884516E-003   8.38779638E-004  -1.45052374E-004
      26       1     1.19891409E+001   1.00002270E+000   1.26359307E-002   1.19999997E+001   0.00000000E+000   4.03783046E-021   1.27759209E-020  -1.19999997E+001   6.32788968E-021   1.62630326E-019  -5.42101086E-020   3.72055749E-003   3.51982072E-003  -7.24037821E-003   3.62017688E-003   8.75368029E-004  -1.51383683E-004
      27       1     1.19886842E+001   1.00002270E+000   1.31674440E-002   1.19999997E+001   0.00000000E+000  -1.23468726E-020  -1.91923221E-020  -1.19999997E+001  -8.98581809E-021   0.00000000E+000  -5.42101086E-020   3.87704238E-003   3.66789317E-003  -7.54493555E-003   3.77245503E-003   9.12184944E-004  -1.57755218E-004
      28       1     1.19882247E+001   1.00002270E+000   1.37022690E-002   1.19999997E+001   0.00000000E+000   1.74591267E-020  -1.11384652E-020  -1.19999997E+001  -1.90751791E-020  -5.42101086E-020   2.16840434E-019   4.03450137E-003   3.81688909E-003  -7.85139046E-003   3.92568197E-003   9.49232232E-004  -1.64164985E-004
      29       1     1.19877623E+001   1.00002270E+000   1.42404723E-002   1.19999997E+001   0.00000000E+000  -7.03027346E-021  -3.97696160E-022  -1.19999997E+001  -6.82539681E-021  -2.16840434E-019   0.00000000E+000   4.19295290E-003   3.96682783E-003  -8.15978073E-003   4.07987658E-003   9.86516890E-004  -1.70615752E-004
      30       1     1.19872970E+001   1.00002270E+000   1.47820557E-002   1.19999997E+001   0.00000000E+000  -6.12899475E-021  -1.30067172E-020  -1.19999997E+001   5.29733896E-021   0.00000000E+000   1.08420217E-019   4.35239828E-003   4.11770935E-003  -8.47010763E-003   4.23503951E-003   1.02403719E-003  -1.77105598E-004
      31       1     1.19868288E+001   1.00002269E+000   1.53269466E-002   1.19999997E+001   0.00000000E+000  -3.46280423E-021   2.45019395E-020  -1.19999997E+001   4.86312084E-021  -2.16840434E-019   1.08420217E-019   4.51281765E-003   4.26951219E-003  -8.78232983E-003   4.39115008E-003   1.06178571E-003  -1.83634688E-004
      32       1     1.19863578E+001   1.00002269E+000   1.58751971E-002   1.19999997E+001   0.00000000E+000   7.52323352E-021  -2.05929198E-021  -1.19999997E+001   5.59346639E-021   2.16840434E-019   2.16840434E-019   4.67422394E-003   4.42225329E-003  -9.09647723E-003   4.54822325E-003   1.09976619E-003  -1.90204536E-004
      33       1     1.19858839E+001   1.00002269E+000   1.64267599E-002   1.19999997E+001   0.00000000E+000  -8.85154341E-022   1.81431857E-020  -1.19999997E+001   8.74646563E-023   1.08420217E-019   0.00000000E+000   4.83660286E-003   4.57591966E-003  -9.41252252E-003   4.70624536E-003   1.13797716E-003  -1.96813652E-004
      34       1     1.19854072E+001   1.00002269E+000   1.69816532E-002   1.19999997E+001   0.00000000E+000  -1.79995794E-020   4.98065157E-021  -1.19999997E+001  -9.23689608E-021   0.00000000E+000   0.00000000E+000   4.99996374E-003   4.73051240E-003  -9.73047614E-003   4.86522163E-003   1.17641903E-003  -2.03462172E-004
      35       1     1.19849275E+001   1.00002269E+000   1.75399155E-002   1.19999997E+001   0.00000000E+000  -8.40000620E-021   2.01614935E-021  -1.19999997E+001   6.65963757E-021   0.00000000E+000   0.00000000E+000   5.16431663E-003   4.88604380E-003  -1.00503604E-002   5.02516324E-003   1.21509172E-003  -2.10153754E-004
      36       1     1.19844450E+001   1.00002269E+000   1.81015600E-002   1.19999997E+001   0.00000000E+000   7.97671914E-021  -1.60096930E-021  -1.19999997E+001  -7.89394614E-021   1.08420217E-019   1.08420217E-019   5.32966419E-003   5.04251870E-003  -1.03721829E-002   5.18607393E-003   1.25399678E-003  -2.16888085E-004
      37       1     1.19839595E+001   1.00002269E+000   1.86666895E-002   1.19999997E+001   0.00000000E+000  -8.88880531E-021   2.76681575E-021  -1.19999997E+001  -8.40326322E-021  -1.08420217E-019   2.16840434E-019   5.49603635E-003   5.19996635E-003  -1.06960027E-002   5.34798328E-003   1.29313955E-003  -2.23667889E-004
      38       1     1.19834710E+001   1.00002269E+000   1.92353652E-002   1.19999997E+001   0.00000000E+000   4.16252794E-022  -1.47082148E-020  -1.19999997E+001  -4.50526829E-021  -1.08420217E-019  -1.08420217E-019   5.66345135E-003   5.35840295E-003  -1.10218543E-002   5.51090853E-003   1.33252830E-003  -2.30497314E-004
      39       1     1.19829795E+001   1.00002269E+000   1.98075311E-002   1.19999997E+001   0.00000000E+000  -4.14452384E-021  -4.13652668E-021  -1.19999997E+001   1.01651030E-020   1.08420217E-019   0.00000000E+000   5.83189431E-003   5.51781140E-003  -1.13497057E-002   5.67483368E-003   1.37215871E-003  -2.37372703E-004
      40       1     1.19824849E+001   1.00002269E+000   2.03831594E-002   1.19999997E+001   0.00000000E+000  -1.10987088E-020   3.82326757E-021  -1.19999997E+001   1.24658703E-021  -1.08420217E-019   0.00000000E+000   6.00135856E-003   5.67818306E-003  -1.16795416E-002   5.83975108E-003   1.41202330E-003  -2.44295138E-004
      41       1     1.19819874E+001   1.00002269E+000   2.09623213E-002   1.19999997E+001   0.00000000E+000  -7.33192215E-021  -1.18202752E-020  -1.19999997E+001   4.33758650E-021   1.08420217E-019   0.00000000E+000   6.17185884E-003   5.83954305E-003  -1.20114019E-002   6.00568065E-003   1.45213503E-003  -2.51267035E-004
      42       1     1.19814869E+001   1.00002269E+000   2.15449407E-002   1.19999997E+001   0.00000000E+000   4.58674235E-021   1.21362954E-020  -1.19999997E+001  -1.26701969E-020  -1.08420217E-019  -1.08420217E-019   6.34337439E-003   6.00186859E-003  -1.23452430E-002   6.17260064E-003   1.49248888E-003  -2.58284216E-004
      43       1     1.19809835E+001   1.00002269E+000   2.21309967E-002   1.19999997E+001   0.00000000E+000  -1.36261592E-020   1.31963096E-020  -1.19999997E+001   5.10110005E-021   0.00000000E+000  -1.08420217E-019   6.51590257E-003   6.16514985E-003  -1.26810524E-002   6.34050479E-003   1.53308616E-003  -2.65349201E-004
      44       1     1.19804772E+001   1.00002269E+000   2.27204052E-002   1.19999997E+001   0.00000000E+000  -2.86473972E-021   9.87495970E-021  -1.19999997E+001   9.65208299E-021  -1.08420217E-019   0.00000000E+000   6.68941984E-003   6.32936207E-003  -1.30187819E-002   6.50936896E-003   1.57392193E-003  -2.72459879E-004
      45       1     1.19799680E+001   1.00002269E+000   2.33131518E-002   1.19999997E+001   0.00000000E+000  -1.88364535E-022  -1.90259813E-020  -1.19999997E+001   3.57916851E-021   0.00000000E+000  -1.08420217E-019   6.86392306E-003   6.49450003E-003  -1.33584231E-002   6.67918897E-003   1.61499696E-003  -2.79612501E-004
      46       1     1.19792700E+001   1.00002269E+000   2.41255067E-002   1.19999997E+001   0.00000000E+000  -4.03471561E-021  -2.01911912E-020  -1.19999997E+001  -1.34093175E-020  -1.08420217E-019   1.08420217E-019   7.09877378E-003   6.72527404E-003  -1.38240478E-002   6.91200041E-003   1.66891153E-003  -2.98737391E-004
      47       1     1.19785739E+001   1.00002269E+000   2.49337333E-002   1.19999997E+001   0.00000000E+000   1.18807693E-020  -5.71587619E-021  -1.19999997E+001   6.72288458E-021  -1.08420217E-019   0.00000000E+000   7.32810372E-003   6.96030305E-003  -1.42884068E-002   7.14417910E-003   1.71515031E-003  -3.10759592E-004
      48       1     1.19781084E+001   1.00002269E+000   2.54763494E-002   1.19999997E+001   0.00000000E+000  -4.20233601E-022   1.08424250E-020  -1.19999997E+001   6.10480052E-021   1.08420217E-019   0.00000000E+000   7.48962874E-003   7.10931378E-003  -1.45989425E-002   7.29944644E-003   1.75586975E-003  -3.16429291E-004
      49       1     1.19776387E+001   1.00002269E+000   2.60236996E-002   1.19999997E+001   0.00000000E+000  -4.41905733E-021  -7.79417395E-021  -1.19999997E+001   1.73862056E-021   1.08420217E-019  -2.16840434E-019   7.65250435E-003   7.25976487E-003  -1.49122692E-002   7.45610926E-003   1.79630338E-003  -3.21948244E-004
      50       1     1.19771675E+001   1.00002269E+000   2.65729051E-002   1.19999997E+001   0.00000000E+000  -1.21965843E-020   6.16792555E-021  -1.19999997E+001   1.16696831E-020  -1.08420217E-019   0.00000000E+000   7.81601753E-003   7.41062948E-003  -1.52266470E-002   7.61329763E-003   1.83694023E-003  -3.27529879E-004
      51       1     1.19766944E+001   1.00002269E+000   2.71242041E-002   1.19999997E+001   0.00000000E+000  -1.20388125E-020   1.42523284E-020  -1.19999997E+001  -9.85970210E-021   0.00000000E+000  -2.16840434E-019   7.98018418E-003   7.56203850E-003  -1.55422227E-002   7.77108493E-003   1.87773590E-003  -3.33072609E-004
      52       1     1.19762196E+001   1.00002269E+000   2.76775807E-002   1.19999997E+001   0.00000000E+000   5.75854708E-021   8.54383142E-021  -1.19999997E+001  -6.96408366E-021  -2.16840434E-019  -3.25260652E-019   8.14501621E-003   7.71396730E-003  -1.58589835E-002   7.92946481E-003   1.91871375E-003  -3.38596277E-004
      53       1     1.19757432E+001   1.00002269E+000   2.82327807E-002   1.19999997E+001   0.00000000E+000   2.50205979E-021  -3.16175572E-021  -1.19999997E+001  -2.33937372E-020  -1.08420217E-019  -1.08420217E-019   8.31049445E-003   7.86629318E-003  -1.61767876E-002   8.08836634E-003   1.95983293E-003  -3.44018419E-004
      54       1     1.19752650E+001   1.00002269E+000   2.87901977E-002   1.19999997E+001   0.00000000E+000   1.88164978E-020   2.72659409E-022  -1.19999997E+001  -7.99622412E-021  -1.08420217E-019   1.08420217E-019   8.47663432E-003   8.01922403E-003  -1.64958584E-002   8.24790117E-003   2.00111806E-003  -3.49523099E-004
      55       1     1.19747856E+001   1.00002269E+000   2.93489342E-002   1.19999997E+001   0.00000000E+000   3.53375435E-021  -1.13857776E-020  -1.19999997E+001  -5.98153042E-021  -1.08420217E-019   0.00000000E+000   8.64331070E-003   8.17236735E-003  -1.68156780E-002   8.40781048E-003   2.04253564E-003  -3.55010115E-004
      56       1     1.19743050E+001   1.00002269E+000   2.99090649E-002   1.19999997E+001   0.00000000E+000   8.60970294E-021   7.30109675E-021  -1.19999997E+001  -1.56838614E-021   0.00000000E+000   0.00000000E+000   8.81043937E-003   8.32586524E-003  -1.71363046E-002   8.56812323E-003   2.08398757E-003  -3.60429109E-004
      57       1     1.19738238E+001   1.00002269E+000   3.04700026E-002   1.19999997E+001   0.00000000E+000  -7.27061709E-021  -2.31189493E-020  -1.19999997E+001  -8.20965126E-021  -2.16840434E-019  -1.08420217E-019   8.97796207E-003   8.47944019E-003  -1.74574023E-002   8.72867152E-003   2.12543366E-003  -3.65665204E-004
      58       1     1.19733422E+001   1.00002269E+000   3.10313125E-002   1.19999997E+001   0.00000000E+000  -6.86270395E-021   7.52881861E-021  -1.19999997E+001  -1.83312400E-020   1.08420217E-019   2.16840434E-019   9.14587443E-003   8.63283367E-003  -1.77787081E-002   8.88932392E-003   2.16692697E-003  -3.70787530E-004
      59       1     1.19728649E+001   1.00002269E+000   3.15877575E-002   1.19999997E+001   0.00000000E+000   1.52171635E-020  -2.14374712E-020  -1.19999997E+001   5.59008012E-021  -1.08420217E-019   1.08420217E-019   9.31231140E-003   8.78482913E-003  -1.80971405E-002   9.04853959E-003   2.20862656E-003  -3.76754107E-004
      60       1     1.19723716E+001   1.00002269E+000   3.21627362E-002   1.19999997E+001   0.00000000E+000   1.68087236E-020   1.32863301E-021  -1.19999997E+001  -8.49285399E-021   0.00000000E+000  -1.08420217E-019   9.48565118E-003   8.94066180E-003  -1.84263130E-002   9.21312530E-003   2.25057023E-003  -3.82246212E-004
      61       1     1.19718866E+001   1.00002269E+000   3.27282346E-002   1.19999997E+001   0.00000000E+000  -7.65372126E-021   1.13901478E-020  -1.19999997E+001  -1.16576922E-020  -2.16840434E-019   1.08420217E-019   9.65446201E-003   9.09544245E-003  -1.87499045E-002   9.37492049E-003   2.29317854E-003  -3.88155521E-004
      62       1     1.19714017E+001   1.00002269E+000   3.32934530E-002   1.19999997E+001   0.00000000E+000  -6.84304549E-021   1.24701807E-020  -1.19999997E+001   6.58594095E-021   1.08420217E-019  -2.16840434E-019   9.82389605E-003   9.24951722E-003  -1.90734133E-002   9.53667437E-003   2.33524086E-003  -3.92891798E-004
      63       1     1.19709144E+001   1.00002269E+000   3.38615922E-002   1.19999997E+001   0.00000000E+000   1.12234450E-020   1.09119469E-020  -1.19999997E+001   9.05886202E-021  -1.08420217E-019   2.16840434E-019   9.99418618E-003   9.40440872E-003  -1.93985949E-002   9.69926466E-003   2.37751055E-003  -3.97631791E-004
      64       1     1.19704242E+001   1.00002269E+000   3.44329544E-002   1.19999997E+001   0.00000000E+000  -2.30724971E-020   5.88758726E-021  -1.19999997E+001  -1.48839907E-020  -1.08420217E-019  -1.08420217E-019   1.01652994E-002   9.56033510E-003  -1.97256345E-002   9.86278395E-003   2.41991652E-003  -4.02439989E-004
      65       1     1.19699310E+001   1.00002269E+000   3.50078767E-002   1.19999997E+001   0.00000000E+000  -1.94052436E-020  -8.10972558E-021  -1.19999997E+001  -1.59103150E-020   2.16840434E-019   1.08420217E-019   1.03372652E-002   9.71745754E-003  -2.00547227E-002   1.00273275E-002   2.46253183E-003  -4.07205921E-004
      66       1     1.19694348E+001   1.00002269E+000   3.55862843E-002   1.19999997E+001   0.00000000E+000  -1.59645858E-022   3.41321087E-020  -1.19999997E+001  -6.10437966E-021   0.00000000E+000  -1.08420217E-019   1.05102080E-002   9.87561140E-003  -2.03858194E-002   1.01928753E-002   2.50530317E-003  -4.11974896E-004
      67       1     1.19689351E+001   1.00002269E+000   3.61687750E-002   1.19999997E+001   0.00000000E+000  -1.73678331E-020   1.91845027E-020  -1.19999997E+001  -1.02498696E-020  -1.08420217E-019   2.16840434E-019   1.06841319E-002   1.00351304E-002  -2.07192623E-002   1.03595962E-002   2.54829548E-003  -4.16986385E-004
      68       1     1.19684309E+001   1.00002269E+000   3.67563322E-002   1.19999997E+001   0.00000000E+000   2.37258276E-020  -1.56379109E-020  -1.19999997E+001   1.07601851E-020   2.16840434E-019   1.08420217E-019   1.08601059E-002   1.01956092E-002  -2.10557151E-002   1.05278221E-002   2.59076942E-003  -4.21646881E-004
      69       1     1.19679109E+001   1.00002269E+000   3.73625041E-002   1.19999997E+001   0.00000000E+000   7.05467448E-021  -7.96497382E-021  -1.19999997E+001  -1.32060354E-020   2.16840434E-019   1.08420217E-019   1.10394775E-002   1.03632711E-002  -2.14027485E-002   1.07013382E-002   2.63552277E-003  -4.26306676E-004
      70       1     1.19673963E+001   1.00002269E+000   3.79620253E-002   1.19999997E+001   0.00000000E+000  -3.06491096E-021   1.86521473E-021  -1.19999997E+001  -6.49022953E-021   1.08420217E-019   0.00000000E+000   1.12182031E-002   1.05279385E-002  -2.17461415E-002   1.08730342E-002   2.67840677E-003  -4.30037921E-004
      71       1     1.19668750E+001   1.00002269E+000   3.85694482E-002   1.19999997E+001   0.00000000E+000  -9.87240061E-021  -1.32887858E-020  -1.19999997E+001   4.11919143E-021  -1.08420217E-019   1.08420217E-019   1.13997102E-002   1.06942595E-002  -2.20939697E-002   1.10469477E-002   2.72218383E-003  -4.35966800E-004
      72       1     1.19663536E+001   1.00002269E+000   3.91773417E-002   1.19999997E+001   0.00000000E+000  -1.97683242E-020   1.21815011E-020  -1.19999997E+001   1.27681725E-020  -1.08420217E-019   0.00000000E+000   1.15813029E-002   1.08606335E-002  -2.24419363E-002   1.12209305E-002   2.76713591E-003  -4.41391397E-004
      73       1     1.19658303E+001   1.00002269E+000   3.97873003E-002   1.19999997E+001   0.00000000E+000   6.83056023E-021   2.96644028E-020  -1.19999997E+001   1.53855077E-020   0.00000000E+000   1.08420217E-019   1.17628785E-002   1.10282840E-002  -2.27911625E-002   1.13955430E-002   2.81171608E-003  -4.46713391E-004
      74       1     1.19653030E+001   1.00002269E+000   4.04018579E-002   1.19999997E+001   0.00000000E+000   1.08023584E-020   3.25903991E-021  -1.19999997E+001  -1.03762570E-020  -2.16840434E-019   4.33680869E-019   1.19457078E-002   1.11973611E-002  -2.31430689E-002   1.15714956E-002   2.85628249E-003  -4.51971586E-004
      75       1     1.19647717E+001   1.00002269E+000   4.10209714E-002   1.19999997E+001   0.00000000E+000   2.59235819E-021   5.32880575E-021  -1.19999997E+001  -1.19795689E-020  -1.08420217E-019   0.00000000E+000   1.21299139E-002   1.13676884E-002  -2.34976024E-002   1.17487618E-002   2.90103851E-003  -4.57203139E-004
      76       1     1.19642334E+001   1.00002269E+000   4.16481619E-002   1.19999997E+001   0.00000000E+000  -2.20410029E-021  -1.74166626E-020  -1.19999997E+001   5.43258622E-021   3.25260652E-019   1.08420217E-019   1.23171806E-002   1.15397174E-002  -2.38568979E-002   1.19284090E-002   2.94516585E-003  -4.62661001E-004
      77       1     1.19636810E+001   1.00002269E+000   4.22921210E-002   1.19999997E+001   0.00000000E+000  -2.07480291E-020   3.58941779E-021  -1.19999997E+001   1.40459307E-020   3.25260652E-019  -1.08420217E-019   1.25071053E-002   1.17184220E-002  -2.42255273E-002   1.21127230E-002   2.99238288E-003  -4.71998623E-004
      78       1     1.19631293E+001   1.00002269E+000   4.29347085E-002   1.19999997E+001   0.00000000E+000   1.28213641E-020  -1.10764670E-020  -1.19999997E+001  -3.00458914E-020  -3.25260652E-019  -1.08420217E-019   1.26963288E-002   1.18973968E-002  -2.45937256E-002   1.22968216E-002   3.03766026E-003  -4.75172667E-004
      79       1     1.19625790E+001   1.00002269E+000   4.35760527E-002   1.19999997E+001   0.00000000E+000   4.20789363E-021  -8.34908935E-021  -1.19999997E+001  -1.26785333E-020   3.25260652E-019   2.16840434E-019   1.28865828E-002   1.20744403E-002  -2.49610231E-002   1.24804698E-002   3.08378704E-003  -4.80819672E-004
      80       1     1.19620235E+001   1.00002269E+000   4.42233810E-002   1.19999997E+001   0.00000000E+000  -7.50837012E-021   1.82888276E-020  -1.19999997E+001   3.00346695E-021   1.08420217E-019  -6.50521303E-019   1.30783588E-002   1.22534068E-002  -2.53317656E-002   1.26658404E-002   3.13021916E-003  -4.86614443E-004
      81       1     1.19614386E+001   1.00002269E+000   4.49041368E-002   1.19999997E+001   0.00000000E+000   2.71241506E-020   1.65034294E-020  -1.19999997E+001   4.76389471E-021   1.08420217E-019   1.08420217E-019   1.32743628E-002   1.24477633E-002  -2.57221261E-002   1.28610200E-002   3.17644878E-003  -4.89752920E-004
      82       1     1.19608607E+001   1.00002269E+000   4.55775998E-002   1.19999997E+001   0.00000000E+000  -2.54313448E-020   9.58435435E-021  -1.19999997E+001   2.64140289E-020  -3.25260652E-019  -2.16840434E-019   1.34703463E-002   1.26374853E-002  -2.61078316E-002   1.30538720E-002   3.22446055E-003  -5.00916178E-004
      83       1     1.19602731E+001   1.00002269E+000   4.62628852E-002   1.19999997E+001   0.00000000E+000  -9.83309661E-021   2.05351723E-020  -1.19999997E+001   4.74978740E-021   3.25260652E-019   1.08420217E-019   1.36763770E-002   1.28236238E-002  -2.65000008E-002   1.32499559E-002   3.27556357E-003  -5.08140609E-004
      84       1     1.19596422E+001   1.00002269E+000   4.69976907E-002   1.19999997E+001   0.00000000E+000   1.53535837E-020  -1.77749417E-020  -1.19999997E+001  -2.02377815E-021  -1.08420217E-019   0.00000000E+000   1.38962936E-002   1.30248681E-002  -2.69211617E-002   1.34605359E-002   3.32616132E-003  -5.09945529E-004
      85       1     1.19590482E+001   1.00002269E+000   4.76901071E-002   1.19999997E+001   0.00000000E+000  -2.64720091E-020   3.54167202E-020  -1.19999997E+001   7.80848805E-021   0.00000000E+000   0.00000000E+000   1.40999561E-002   1.32176368E-002  -2.73175929E-002   1.36587507E-002   3.37653283E-003  -5.19821383E-004
      86       1     1.19584505E+001   1.00002269E+000   4.83863131E-002   1.19999997E+001   0.00000000E+000   1.93054972E-020  -2.24820453E-020  -1.19999997E+001  -6.10957539E-021   3.25260652E-019   1.08420217E-019   1.43060940E-002   1.34104864E-002  -2.77165804E-002   1.38582438E-002   3.42463947E-003  -5.24915063E-004
      87       1     1.19578332E+001   1.00002269E+000   4.91047388E-002   1.19999997E+001   0.00000000E+000   1.03984358E-020   1.08192639E-020  -1.19999997E+001   1.32835254E-020  -1.08420217E-019   3.25260652E-019   1.45168223E-002   1.36118115E-002  -2.81286338E-002   1.40642698E-002   3.47079358E-003  -5.37191374E-004
      88       1     1.19572226E+001   1.00002269E+000   4.98155132E-002   1.19999997E+001   0.00000000E+000   1.06507582E-022  -1.24650690E-020  -1.19999997E+001   7.40083664E-021  -1.08420217E-019   1.08420217E-019   1.47238043E-002   1.38123549E-002  -2.85361592E-002   1.42680319E-002   3.51906747E-003  -5.40902650E-004
      89       1     1.19566197E+001   1.00002269E+000   5.05179685E-002   1.19999997E+001   0.00000000E+000   7.39186690E-021   1.41278636E-020  -1.19999997E+001   1.07690353E-020  -1.08420217E-019  -1.08420217E-019   1.49312790E-002   1.40073485E-002  -2.89386275E-002   1.44692654E-002   3.56826999E-003  -5.47409699E-004
      90       1     1.19560129E+001   1.00002269E+000   5.12248785E-002   1.19999997E+001   0.00000000E+000   2.63202667E-020  -3.35163244E-022  -1.19999997E+001   5.58302323E-021   0.00000000E+000   1.08420217E-019   1.51396073E-002   1.42040918E-002  -2.93436991E-002   1.46718005E-002   3.61738486E-003  -5.54270563E-004
      91       1     1.19553949E+001   1.00002269E+000   5.19441552E-002   1.19999997E+001   0.00000000E+000   4.10891630E-020   8.22730316E-021  -1.19999997E+001  -1.00159940E-020   1.08420217E-019   0.00000000E+000   1.53536143E-002   1.44026126E-002  -2.97562269E-002   1.48780638E-002   3.66414760E-003  -5.61050943E-004
      92       1     1.19547504E+001   1.00002269E+000   5.26963926E-002   1.19999997E+001   0.00000000E+000   1.47715587E-020  -3.07905317E-020  -1.19999997E+001   3.18324949E-021  -1.08420217E-019   0.00000000E+000   1.55776900E-002   1.46087817E-002  -3.01864718E-002   1.50931855E-002   3.72261598E-003  -5.67869748E-004
      93       1     1.19541010E+001   1.00002269E+000   5.34530644E-002   1.19999997E+001   0.00000000E+000   1.13619202E-020   1.78599022E-020  -1.19999997E+001  -6.08350305E-021   0.00000000E+000   0.00000000E+000   1.58030628E-002   1.48169198E-002  -3.06199826E-002   1.53099402E-002   3.77496467E-003  -5.78605174E-004
      94       1     1.19534644E+001   1.00002269E+000   5.41949467E-002   1.19999997E+001   0.00000000E+000  -1.90837934E-020   2.05068090E-020  -1.19999997E+001   2.15154363E-020   4.33680869E-019  -1.08420217E-019   1.60194988E-002   1.50254833E-002  -3.10449821E-002   1.55224392E-002   3.82704736E-003  -5.90031733E-004
      95       1     1.19528283E+001   1.00002269E+000   5.49361936E-002   1.19999997E+001   0.00000000E+000  -2.50201844E-020  -2.56227079E-020  -1.19999997E+001  -7.26364260E-021   4.33680869E-019  -2.16840434E-019   1.62371483E-002   1.52324771E-002  -3.14696254E-002   1.57347601E-002   3.87940441E-003  -5.97774156E-004
      96       1     1.19521690E+001   1.00002269E+000   5.57036995E-002   1.19999997E+001   0.00000000E+000  -2.14978296E-020  -3.07624205E-020  -1.19999997E+001  -7.85868434E-022   1.08420217E-019  -1.08420217E-019   1.64616734E-002   1.54481142E-002  -3.19097876E-002   1.59548406E-002   3.93067869E-003  -6.00669116E-004
      97       1     1.19515099E+001   1.00002269E+000   5.64718800E-002   1.19999997E+001   0.00000000E+000  -2.42069236E-021  -1.45036265E-021  -1.19999997E+001  -1.88007523E-020  -2.16840434E-019  -1.08420217E-019   1.66862439E-002   1.56635823E-002  -3.23498262E-002   1.61748590E-002   3.98477929E-003  -6.12356760E-004
      98       1     1.19506246E+001   1.00002269E+000   5.75039957E-002   1.19999997E+001   0.00000000E+000  -5.82529668E-021  -1.26901720E-020  -1.19999997E+001  -5.34771943E-021  -2.16840434E-019   2.16840434E-019   1.69848497E-002   1.59560045E-002  -3.29408604E-002   1.64703783E-002   4.06000584E-003  -6.24305659E-004
      99       1     1.19498910E+001   1.00002269E+000   5.83583756E-002   1.19999997E+001   0.00000000E+000   9.98600224E-021  -3.06532003E-020  -1.19999997E+001   6.70594676E-021   0.00000000E+000   0.00000000E+000   1.72419340E-002   1.61887685E-002  -3.34307087E-002   1.67153017E-002   4.11638684E-003  -6.33231925E-004
     100       1     1.19492707E+001   1.00002269E+000   5.90813539E-002   1.19999997E+001   0.00000000E+000   1.12445123E-020   1.62624032E-020  -1.19999997E+001   3.13087862E-021   2.16840434E-019   0.00000000E+000   1.74539309E-002   1.63909232E-002  -3.38448603E-002   1.69223769E-002   4.16766751E-003  -6.40975290E-004
     101       1     1.19486491E+001   1.00002269E+000   5.98056109E-002   1.19999997E+001   0.00000000E+000   5.46800635E-021   4.92637754E-021  -1.19999997E+001  -6.51288733E-021   2.16840434E-019   2.16840434E-019   1.76666539E-002   1.65931821E-002  -3.42598422E-002   1.71298671E-002   4.21813583E-003  -6.49188378E-004
     102       1     1.19480236E+001   1.00002269E+000   6.05344832E-002   1.19999997E+001   0.00000000E+000  -2.78949149E-020   1.14066656E-020  -1.19999997E+001   9.95895731E-021  -2.16840434E-019   2.16840434E-019   1.78812505E-002   1.67962699E-002  -3.46775267E-002   1.73387087E-002   4.26841911E-003  -6.57269864E-004
     103       1     1.19473949E+001   1.00002269E+000   6.12669352E-002   1.19999997E+001   0.00000000E+000  -2.32141260E-020  -1.16871444E-020  -1.19999997E+001   1.78087915E-020   2.16840434E-019   6.50521303E-019   1.80970456E-002   1.70002396E-002  -3.50972914E-002   1.75485904E-002   4.31870118E-003  -6.65364589E-004
     104       1     1.19464369E+001   1.00002269E+000   6.23852117E-002   1.19999997E+001   0.00000000E+000  -2.42787850E-020  -1.44523922E-021  -1.19999997E+001   1.78633143E-020   4.33680869E-019  -2.16840434E-019   1.84092289E-002   1.73277146E-002  -3.57369668E-002   1.78684357E-002   4.40733040E-003  -6.77660975E-004
     105       1     1.19457760E+001   1.00002269E+000   6.31535919E-002   1.19999997E+001   0.00000000E+000   9.98957591E-021   1.22690530E-020  -1.19999997E+001   1.36281916E-020  -6.50521303E-019  -2.16840434E-019   1.86365693E-002   1.75416697E-002  -3.61782582E-002   1.80890787E-002   4.45419282E-003  -6.74530576E-004
     106       1     1.19451311E+001   1.00002269E+000   6.39049957E-002   1.19999997E+001   0.00000000E+000   6.25177937E-021   2.45269391E-020  -1.19999997E+001  -4.87316817E-021   2.16840434E-019  -4.33680869E-019   1.88583830E-002   1.77504999E-002  -3.66089023E-002   1.83044001E-002   4.50559233E-003  -6.82720306E-004
     107       1     1.19445310E+001   1.00002269E+000   6.46045196E-002   1.19999997E+001   0.00000000E+000   2.48505736E-021  -3.08174781E-020  -1.19999997E+001  -2.27190511E-020   2.16840434E-019   0.00000000E+000   1.90651994E-002   1.79444065E-002  -3.70096255E-002   1.85047612E-002   4.55464757E-003  -6.92109456E-004
     108       1     1.19439225E+001   1.00002269E+000   6.53140595E-002   1.19999997E+001   0.00000000E+000  -2.04612818E-021   1.00418951E-020  -1.19999997E+001   2.66178449E-020  -2.16840434E-019   0.00000000E+000   1.92760861E-002   1.81398661E-002  -3.74159720E-002   1.87079338E-002   4.60520197E-003  -7.01558930E-004
     109       1     1.19433216E+001   1.00002269E+000   6.60146467E-002   1.19999997E+001   0.00000000E+000   9.60871094E-021  -2.21290266E-020  -1.19999997E+001   1.36542377E-021   0.00000000E+000  -6.50521303E-019   1.94835746E-002   1.83336573E-002  -3.78172520E-002   1.89085732E-002   4.65458247E-003  -7.11785056E-004
     110       1     1.19427117E+001   1.00002269E+000   6.67254956E-002   1.19999997E+001   0.00000000E+000  -6.42972660E-021  -3.64648937E-020  -1.19999997E+001  -2.98580358E-020   0.00000000E+000   2.16840434E-019   1.96938419E-002   1.85306676E-002  -3.82245299E-002   1.91122116E-002   4.70401834E-003  -7.20393200E-004
     111       1     1.19421069E+001   1.00002269E+000   6.74306586E-002   1.19999997E+001   0.00000000E+000  -2.43870939E-020  -3.87397955E-020  -1.19999997E+001  -8.03652022E-020   0.00000000E+000   0.00000000E+000   1.99023717E-002   1.87260208E-002  -3.86284130E-002   1.93141525E-002   4.75378657E-003  -7.31432343E-004
     112       1     1.19414870E+001   1.00002269E+000   6.81527214E-002   1.19999997E+001   0.00000000E+000   1.01909879E-020  -1.69816755E-020  -1.19999997E+001  -1.12296812E-020  -2.16840434E-019  -2.16840434E-019   2.01164975E-002   1.89258858E-002  -3.90424042E-002   1.95211474E-002   4.80095829E-003  -7.44382256E-004
     113       1     1.19407910E+001   1.00002269E+000   6.89662725E-002   1.19999997E+001   0.00000000E+000  -8.07210663E-021   1.33184221E-020  -1.19999997E+001   4.98448051E-021   2.16840434E-019   0.00000000E+000   2.03584614E-002   1.91487406E-002  -3.95072241E-002   1.97535573E-002   4.86946378E-003  -7.43788641E-004
     114       1     1.19400764E+001   1.00002269E+000   6.97985516E-002   1.19999997E+001   0.00000000E+000  -2.65370656E-020  -1.94979007E-020  -1.19999997E+001  -3.69908966E-020   2.16840434E-019  -2.16840434E-019   2.05930387E-002   1.93914448E-002  -3.99845115E-002   1.99922039E-002   4.92403203E-003  -7.61812920E-004
     115       1     1.19394151E+001   1.00002269E+000   7.05710483E-002   1.19999997E+001   0.00000000E+000   1.21980318E-020   2.07149419E-020  -1.19999997E+001  -5.42215599E-021   2.16840434E-019  -4.33680869E-019   2.08188160E-002   1.96072958E-002  -4.04261452E-002   2.02130235E-002   4.98492591E-003  -7.77153986E-004
     116       1     1.19387998E+001   1.00002269E+000   7.12871198E-002   1.19999997E+001   0.00000000E+000  -2.16584319E-021   7.75841616E-021  -1.19999997E+001  -2.00785468E-020   2.16840434E-019  -2.16840434E-019   2.10334572E-002   1.98035958E-002  -4.08370838E-002   2.04184902E-002   5.02937105E-003  -7.83430199E-004
     117       1     1.19382106E+001   1.00002269E+000   7.19745083E-002   1.19999997E+001   0.00000000E+000   5.77882593E-021   2.74158093E-020  -1.19999997E+001   1.79168015E-020   6.50521303E-019   2.16840434E-019   2.12385592E-002   1.99920350E-002  -4.12306252E-002   2.06152603E-002   5.07875185E-003  -7.95471659E-004
     118       1     1.19376075E+001   1.00002269E+000   7.26780976E-002   1.19999997E+001   0.00000000E+000   2.85623656E-020  -6.65490067E-021  -1.19999997E+001  -3.33132128E-020   0.00000000E+000  -2.16840434E-019   2.14473324E-002   2.01860457E-002  -4.16334094E-002   2.08166518E-002   5.12982220E-003  -8.06997739E-004
     119       1     1.19369826E+001   1.00002269E+000   7.34068923E-002   1.19999997E+001   0.00000000E+000   2.70647293E-020   1.50780809E-020  -1.19999997E+001  -1.87239569E-020   0.00000000E+000   2.16840434E-019   2.16642162E-002   2.03865538E-002  -4.20508015E-002   2.10253472E-002   5.18140256E-003  -8.17664614E-004
     120       1     1.19363924E+001   1.00002269E+000   7.40954689E-002   1.19999997E+001   0.00000000E+000   1.76905499E-020  -8.93806133E-021  -1.19999997E+001   7.31633174E-022  -8.67361738E-019   0.00000000E+000   2.18690967E-002   2.05758978E-002  -4.24450263E-002   2.12224590E-002   5.23089957E-003  -8.29747217E-004
     121       1     1.19358018E+001   1.00002269E+000   7.47845705E-002   1.19999997E+001   0.00000000E+000  -1.31078400E-021   2.40424310E-020  -1.19999997E+001  -1.87489097E-020  -2.16840434E-019  -2.16840434E-019   2.20742782E-002   2.07651727E-002  -4.28394830E-002   2.14196867E-002   5.28074138E-003  -8.43242766E-004
     122       1     1.19352099E+001   1.00002269E+000   7.54754010E-002   1.19999997E+001   0.00000000E+000   1.25140794E-020  -1.24843526E-021  -1.19999997E+001   1.39646182E-020   0.00000000E+000   0.00000000E+000   2.22806753E-002   2.09541419E-002  -4.32348496E-002   2.16173693E-002   5.33130864E-003  -8.56442170E-004
     123       1     1.19346152E+001   1.00002269E+000   7.61694676E-002   1.19999997E+001   0.00000000E+000   1.44577148E-020   2.44912024E-020  -1.19999997E+001  -1.96125040E-020  -2.16840434E-019  -2.16840434E-019   2.24876074E-002   2.11444614E-002  -4.36321015E-002   2.18159946E-002   5.38177594E-003  -8.70417621E-004
     124       1     1.19340223E+001   1.00002269E+000   7.68613896E-002   1.19999997E+001   0.00000000E+000  -2.99571731E-020   1.36748982E-020  -1.19999997E+001  -3.01467364E-020  -2.16840434E-019   0.00000000E+000   2.26939111E-002   2.13342030E-002  -4.40281471E-002   2.20140167E-002   5.43199125E-003  -8.83837667E-004
     125       1     1.19334246E+001   1.00002269E+000   7.75587116E-002   1.19999997E+001   0.00000000E+000   1.18893254E-020  -1.30434880E-020  -1.19999997E+001   2.10558502E-021   4.33680869E-019   0.00000000E+000   2.29009781E-002   2.15263887E-002  -4.44273998E-002   2.22136422E-002   5.48206062E-003  -8.95542058E-004
     126       1     1.19328099E+001   1.00002269E+000   7.82762465E-002   1.19999997E+001   0.00000000E+000   9.69810622E-021   4.05601745E-020  -1.19999997E+001   1.49474009E-020  -2.16840434E-019  -4.33680869E-019   2.31119910E-002   2.17259794E-002  -4.48380058E-002   2.24189457E-002   5.53474385E-003  -9.12798361E-004
     127       1     1.19321970E+001   1.00002269E+000   7.89908515E-002   1.19999997E+001   0.00000000E+000  -4.06303039E-021  -2.73622752E-020  -1.19999997E+001   1.19822282E-020   2.16840434E-019   2.16840434E-019   2.33229568E-002   2.19244519E-002  -4.52474441E-002   2.26236641E-002   5.58367825E-003  -9.25931383E-004
     128       1     1.19315800E+001   1.00002269E+000   7.97112047E-002   1.19999997E+001   0.00000000E+000   6.06651676E-021  -3.34205524E-020  -1.19999997E+001   3.14323463E-021  -2.16840434E-019   2.16840434E-019   2.35385897E-002   2.21210044E-002  -4.56596319E-002   2.28297584E-002   5.63643440E-003  -9.42570695E-004
     129       1     1.19309749E+001   1.00002269E+000   8.04165624E-002   1.19999997E+001   0.00000000E+000  -1.37816303E-020   1.44703616E-020  -1.19999997E+001  -2.45885835E-020  -4.33680869E-019   2.16840434E-019   2.37516136E-002   2.23122050E-002  -4.60638571E-002   2.30318709E-002   5.68339799E-003  -9.55750864E-004
     130       1     1.19303737E+001   1.00002269E+000   8.11184413E-002   1.19999997E+001   0.00000000E+000  -3.69968161E-021   9.67367693E-021  -1.19999997E+001  -1.79187451E-020  -8.67361738E-019   2.16840434E-019   2.39634236E-002   2.25020099E-002  -4.64654733E-002   2.32326799E-002   5.73489073E-003  -9.70027834E-004
     131       1     1.19297633E+001   1.00002269E+000   8.18301006E-002   1.19999997E+001   0.00000000E+000   2.03399447E-020   4.37278691E-020  -1.19999997E+001   1.71545498E-020   0.00000000E+000   2.16840434E-019   2.41736456E-002   2.26996099E-002  -4.68732949E-002   2.34365896E-002   5.78376095E-003  -9.78719978E-004
     132       1     1.19291602E+001   1.00002269E+000   8.25343156E-002   1.19999997E+001   0.00000000E+000   7.93198999E-021   3.40447765E-020  -1.19999997E+001   3.00245786E-020   4.33680869E-019   0.00000000E+000   2.43859920E-002   2.28901560E-002  -4.72761879E-002   2.36380356E-002   5.83579583E-003  -9.93788484E-004
     133       1     1.19285539E+001   1.00002269E+000   8.32413934E-002   1.19999997E+001   0.00000000E+000  -3.89086373E-021  -4.17542679E-021  -1.19999997E+001   1.17283483E-020  -2.16840434E-019   2.16840434E-019   2.45992446E-002   2.30819347E-002  -4.76812188E-002   2.38405501E-002   5.88430409E-003  -1.00717957E-003
     134       1     1.19279481E+001   1.00002269E+000   8.39483931E-002   1.19999997E+001   0.00000000E+000   3.37322444E-020   3.35318729E-020  -1.19999997E+001  -1.93190665E-020  -2.16840434E-019  -2.16840434E-019   2.48107912E-002   2.32751608E-002  -4.80859916E-002   2.40429356E-002   5.93480593E-003  -1.02014352E-003
     135       1     1.19273388E+001   1.00002269E+000   8.46602310E-002   1.19999997E+001   0.00000000E+000   2.49143699E-020   1.44793443E-020  -1.19999997E+001  -2.51649927E-020   0.00000000E+000   0.00000000E+000   2.50264621E-002   2.34665742E-002  -4.84930767E-002   2.42464778E-002   5.98853384E-003  -1.03576725E-003
     136       1     1.19267271E+001   1.00002269E+000   8.53737105E-002   1.19999997E+001   0.00000000E+000  -9.95732880E-021  -6.14677913E-021  -1.19999997E+001   9.90402896E-021   0.00000000E+000   2.16840434E-019   2.52386749E-002   2.36630563E-002  -4.89017711E-002   2.44508241E-002   6.03827062E-003  -1.04700783E-003
     137       1     1.19261068E+001   1.00002269E+000   8.60978873E-002   1.19999997E+001   0.00000000E+000  -1.66908762E-020   1.79135784E-020  -1.19999997E+001  -1.00277684E-020  -2.16840434E-019   0.00000000E+000   2.54559992E-002   2.38601639E-002  -4.93162034E-002   2.46580396E-002   6.09138724E-003  -1.05981234E-003
     138       1     1.19254733E+001   1.00002269E+000   8.68378818E-002   1.19999997E+001   0.00000000E+000  -4.21240984E-020   4.45240304E-021  -1.19999997E+001  -1.21467272E-021   4.33680869E-019   0.00000000E+000   2.56787781E-002   2.40606720E-002  -4.97394907E-002   2.48696825E-002   6.14742776E-003  -1.07129281E-003
     139       1     1.19248420E+001   1.00002269E+000   8.75759996E-002   1.19999997E+001   0.00000000E+000   1.71849002E-020  -2.72068751E-021  -1.19999997E+001  -7.39847465E-021   0.00000000E+000   0.00000000E+000   2.59050857E-002   2.42561422E-002  -5.01612721E-002   2.50805736E-002   6.20543140E-003  -1.08740911E-003
     140       1     1.19242189E+001   1.00002269E+000   8.83032818E-002   1.19999997E+001   0.00000000E+000  -1.18548423E-020  -3.59440285E-020  -1.19999997E+001  -2.75211132E-020   2.16840434E-019   2.16840434E-019   2.61240466E-002   2.44535310E-002  -5.05776238E-002   2.52887488E-002   6.25744867E-003  -1.10069917E-003
     141       1     1.19236051E+001   1.00002269E+000   8.90196827E-002   1.19999997E+001   0.00000000E+000   5.53515662E-021   1.47253529E-020  -1.19999997E+001  -1.21792183E-020   0.00000000E+000   0.00000000E+000   2.63394578E-002   2.46483076E-002  -5.09878121E-002   2.54938423E-002   6.30787199E-003  -1.11557895E-003
     142       1     1.19229898E+001   1.00002269E+000   8.97377064E-002   1.19999997E+001   0.00000000E+000  -1.10389191E-020  -4.51879463E-020  -1.19999997E+001  -2.09469984E-020   2.16840434E-019  -1.30104261E-018   2.65560468E-002   2.48428185E-002  -5.13989139E-002   2.56993926E-002   6.35832218E-003  -1.13113833E-003
     143       1     1.19223712E+001   1.00002269E+000   9.04598934E-002   1.19999997E+001   0.00000000E+000   2.75991655E-020  -9.57462205E-021  -1.19999997E+001   2.28311543E-021   2.16840434E-019   0.00000000E+000   2.67725191E-002   2.50397133E-002  -5.18122813E-002   2.59060756E-002   6.40988986E-003  -1.14843531E-003
     144       1     1.19217546E+001   1.00002269E+000   9.11796902E-002   1.19999997E+001   0.00000000E+000   2.06236212E-020  -1.91322158E-020  -1.19999997E+001  -1.38160044E-021  -4.33680869E-019  -2.16840434E-019   2.69891935E-002   2.52350960E-002  -5.22243389E-002   2.61121036E-002   6.46101011E-003  -1.16386820E-003
     145       1     1.19211273E+001   1.00002269E+000   9.19124546E-002   1.19999997E+001   0.00000000E+000   2.21414133E-020   1.82729367E-020  -1.19999997E+001   7.28336730E-021  -4.33680869E-019  -4.33680869E-019   2.72102846E-002   2.54331951E-002  -5.26435300E-002   2.63216982E-002   6.51500228E-003  -1.18121207E-003
     146       1     1.19205000E+001   1.00002269E+000   9.26452191E-002   1.19999997E+001   0.00000000E+000   3.27497090E-020  -3.24428120E-020  -1.19999997E+001  -1.33167871E-020   4.33680869E-019   0.00000000E+000   2.74318609E-002   2.56308002E-002  -5.30627109E-002   2.65312874E-002   6.56922580E-003  -1.19728768E-003
     147       1     1.19198794E+001   1.00002269E+000   9.33699086E-002   1.19999997E+001   0.00000000E+000   2.38633593E-020  -1.66087269E-020  -1.19999997E+001  -2.32921669E-020  -2.16840434E-019   0.00000000E+000   2.76501965E-002   2.58271774E-002  -5.34774237E-002   2.67386432E-002   6.62159877E-003  -1.21395285E-003
     148       1     1.19192474E+001   1.00002269E+000   9.41080388E-002   1.19999997E+001   0.00000000E+000  -3.98347953E-020   1.51884836E-020  -1.19999997E+001  -2.61623366E-020   0.00000000E+000   6.50521303E-019   2.78730186E-002   2.60267109E-002  -5.38997798E-002   2.69498205E-002   6.67561341E-003  -1.22900971E-003
     149       1     1.19186232E+001   1.00002269E+000   9.48369593E-002   1.19999997E+001   0.00000000E+000  -2.33010316E-020   3.37715711E-020  -1.19999997E+001  -1.17655472E-020  -2.16840434E-019   4.33680869E-019   2.80933015E-002   2.62235416E-002  -5.43168935E-002   2.71583767E-002   6.72835973E-003  -1.24567649E-003
     150       1     1.19179747E+001   1.00002269E+000   9.55936183E-002   1.19999997E+001   0.00000000E+000  -3.42985271E-021  -2.89517350E-020  -1.19999997E+001   1.20039538E-020   0.00000000E+000   6.50521303E-019   2.83211170E-002   2.64291303E-002  -5.47502966E-002   2.73750779E-002   6.77949465E-003  -1.26506660E-003
     151       1     1.19171771E+001   1.00002269E+000   9.65233753E-002   1.19999997E+001   0.00000000E+000  -1.23407851E-020   8.62493470E-021  -1.19999997E+001   1.27514706E-020   0.00000000E+000  -8.67361738E-019   2.85924254E-002   2.66909134E-002  -5.52833884E-002   2.76416228E-002   6.83962417E-003  -1.28655086E-003
     152       1     1.19163710E+001   1.00002269E+000   9.74625562E-002   1.19999997E+001   0.00000000E+000   3.38139641E-021  -6.78505237E-021  -1.19999997E+001   1.08056477E-020   0.00000000E+000  -2.16840434E-019   2.88705806E-002   2.69514616E-002  -5.58220944E-002   2.79109763E-002   6.89789984E-003  -1.30921315E-003
     153       1     1.19156080E+001   1.00002269E+000   9.83538815E-002   1.19999997E+001   0.00000000E+000   1.44722228E-020  -2.16744213E-020  -1.19999997E+001   7.72415440E-021   4.33680869E-019  -2.16840434E-019   2.91349951E-002   2.71970291E-002  -5.63320753E-002   2.81659649E-002   6.96291470E-003  -1.33306169E-003
     154       1     1.19148700E+001   1.00002269E+000   9.92132320E-002   1.19999997E+001   0.00000000E+000   1.80609588E-020   1.83809096E-020  -1.19999997E+001   1.54047267E-020   4.33680869E-019   2.16840434E-019   2.93923909E-002   2.74328245E-002  -5.68252684E-002   2.84125614E-002   7.01353641E-003  -1.35400054E-003
     155       1     1.19141395E+001   1.00002269E+000   1.00065206E-001   1.19999997E+001   0.00000000E+000  -2.41906741E-020  -4.29236945E-021  -1.19999997E+001  -7.68668893E-022  -2.16840434E-019  -2.16840434E-019   2.96610087E-002   2.76524729E-002  -5.73135341E-002   2.86566940E-002   7.06739314E-003  -1.37466825E-003
     156       1     1.19135324E+001   1.00002269E+000   1.00774972E-001   1.19999997E+001   0.00000000E+000  -4.99138876E-021  -5.55894452E-020  -1.19999997E+001  -9.96773964E-021   0.00000000E+000   6.50521303E-019   2.98761866E-002   2.78430722E-002  -5.77193128E-002   2.88595830E-002   7.12114779E-003  -1.39316944E-003
     157       1     1.19129378E+001   1.00002269E+000   1.01470337E-001   1.19999997E+001   0.00000000E+000  -1.24356782E-020  -3.78782934E-020  -1.19999997E+001  -9.95131235E-021   0.00000000E+000   2.16840434E-019   3.00871951E-002   2.80294959E-002  -5.81167506E-002   2.90583032E-002   7.17408785E-003  -1.41406790E-003
     158       1     1.19123510E+001   1.00002269E+000   1.02157070E-001   1.19999997E+001   0.00000000E+000  -3.95547429E-020  -1.44797837E-020  -1.19999997E+001   2.15094101E-020   0.00000000E+000   2.16840434E-019   3.02955632E-002   2.82133454E-002  -5.85089687E-002   2.92544115E-002   7.22927449E-003  -1.43153361E-003
     159       1     1.19117809E+001   1.00002269E+000   1.02824255E-001   1.19999997E+001   0.00000000E+000   7.94886964E-021  -1.11359707E-020  -1.19999997E+001   1.28588781E-020  -2.16840434E-019  -2.16840434E-019   3.04995714E-002   2.83904543E-002  -5.88900860E-002   2.94449696E-002   7.28213530E-003  -1.44848518E-003
     160       1     1.19112093E+001   1.00002269E+000   1.03493265E-001   1.19999997E+001   0.00000000E+000  -4.47264054E-020  -2.39709833E-020  -1.19999997E+001   1.11073102E-020  -2.16840434E-019  -2.16840434E-019   3.07044777E-002   2.85676186E-002  -5.92721575E-002   2.96360051E-002   7.33574494E-003  -1.46565612E-003
     161       1     1.19105960E+001   1.00002269E+000   1.04211160E-001   1.19999997E+001   0.00000000E+000   2.98065745E-020   2.47520615E-020  -1.19999997E+001   2.36691399E-020   0.00000000E+000   4.33680869E-019   3.09232277E-002   2.87588603E-002  -5.96821497E-002   2.98410004E-002   7.39260987E-003  -1.48799370E-003
     162       1     1.19099869E+001   1.00002269E+000   1.04922982E-001   1.19999997E+001   0.00000000E+000  -8.85677791E-022  -4.56564924E-020  -1.19999997E+001   3.50209466E-020  -6.50521303E-019   6.50521303E-019   3.11393963E-002   2.89498424E-002  -6.00893010E-002   3.00445754E-002   7.44504203E-003  -1.50527004E-003
     163       1     1.19094097E+001   1.00002269E+000   1.05598949E-001   1.19999997E+001   0.00000000E+000   3.82462595E-020   2.96169692E-020  -1.19999997E+001   3.04322526E-020   0.00000000E+000   0.00000000E+000   3.13467553E-002   2.91283799E-002  -6.04751985E-002   3.02375234E-002   7.50029730E-003  -1.52253105E-003
     164       1     1.19088014E+001   1.00002269E+000   1.06309454E-001   1.19999997E+001   0.00000000E+000   2.45953108E-020   5.91459600E-020  -1.19999997E+001   2.24033985E-020   2.16840434E-019   4.33680869E-019   3.15525093E-002   2.93292616E-002  -6.08818338E-002   3.04408406E-002   7.55228114E-003  -1.53932920E-003
     165       1     1.19081998E+001   1.00002269E+000   1.07013632E-001   1.19999997E+001   0.00000000E+000  -2.90782420E-021   4.47778973E-020  -1.19999997E+001   1.05668963E-020   2.16840434E-019  -2.16840434E-019   3.17676894E-002   2.95162586E-002  -6.12840111E-002   3.06419286E-002   7.60873739E-003  -1.55637738E-003
     166       1     1.19075253E+001   1.00002269E+000   1.07803705E-001   1.19999997E+001   0.00000000E+000  -3.92102997E-021  -2.76714242E-020  -1.19999997E+001   4.11559836E-021   0.00000000E+000   0.00000000E+000   3.20094776E-002   2.97253905E-002  -6.17349306E-002   3.08673874E-002   7.67292316E-003  -1.58323974E-003
     167       1     1.19069012E+001   1.00002269E+000   1.08534039E-001   1.19999997E+001   0.00000000E+000   4.32683703E-020  -4.90216441E-020  -1.19999997E+001   3.27451045E-020   2.16840434E-019   0.00000000E+000   3.22397676E-002   2.99123474E-002  -6.21521768E-002   3.10760103E-002   7.73049878E-003  -1.59522976E-003
     168       1     1.19063260E+001   1.00002269E+000   1.09208057E-001   1.19999997E+001   0.00000000E+000  -3.31604429E-021  -3.33783662E-020  -1.19999997E+001  -2.26585546E-020   2.16840434E-019   0.00000000E+000   3.24459269E-002   3.00907426E-002  -6.25367323E-002   3.12682877E-002   7.78767181E-003  -1.61120983E-003
     169       1     1.19057430E+001   1.00002269E+000   1.09890303E-001   1.19999997E+001   0.00000000E+000   1.48069207E-020   3.34433128E-020  -1.19999997E+001   3.21435859E-020  -2.16840434E-019   2.16840434E-019   3.26558556E-002   3.02705590E-002  -6.29264776E-002   3.14631597E-002   7.84060433E-003  -1.63118680E-003
     170       1     1.19051641E+001   1.00002269E+000   1.10567321E-001   1.19999997E+001   0.00000000E+000   5.27511171E-021  -1.42334454E-020  -1.19999997E+001   1.93912768E-020  -2.16840434E-019   4.33680869E-019   3.28607747E-002   3.04526778E-002  -6.33135152E-002   3.16566778E-002   7.89251159E-003  -1.64574533E-003
     171       1     1.19045981E+001   1.00002269E+000   1.11229858E-001   1.19999997E+001   0.00000000E+000   1.11302321E-020   4.01476634E-020  -1.19999997E+001  -5.39523385E-021  -4.33680869E-019  -2.16840434E-019   3.30631460E-002   3.06287701E-002  -6.36919787E-002   3.18459089E-002   7.94483127E-003  -1.66257804E-003
     172       1     1.19040408E+001   1.00002269E+000   1.11883065E-001   1.19999997E+001   0.00000000E+000  -6.99597697E-023  -2.69763114E-020  -1.19999997E+001   4.46286397E-021   4.33680869E-019  -6.50521303E-019   3.32621297E-002   3.08023914E-002  -6.40645837E-002   3.20322107E-002   7.99972078E-003  -1.68373598E-003
     173       1     1.19034792E+001   1.00002269E+000   1.12540396E-001   1.19999997E+001   0.00000000E+000  -2.58005646E-020  -4.50924909E-020  -1.19999997E+001  -1.27175391E-020  -2.16840434E-019   0.00000000E+000   3.34587796E-002   3.09812324E-002  -6.44400748E-002   3.22199556E-002   8.05199295E-003  -1.70150290E-003
     174       1     1.19029195E+001   1.00002269E+000   1.13195685E-001   1.19999997E+001   0.00000000E+000  -4.58173079E-020   2.55383742E-020  -1.19999997E+001   1.76349995E-020  -2.16840434E-019  -2.16840434E-019   3.36556138E-002   3.11586395E-002  -6.48143162E-002   3.24070757E-002   8.10466140E-003  -1.71909153E-003
     175       1     1.19023333E+001   1.00002269E+000   1.13882054E-001   1.19999997E+001   0.00000000E+000  -2.55432145E-020   2.65661203E-020  -1.19999997E+001   8.22708990E-021   2.16840434E-019   0.00000000E+000   3.38659709E-002   3.13402479E-002  -6.52062834E-002   3.26030592E-002   8.15966408E-003  -1.73606285E-003
     176       1     1.19017748E+001   1.00002269E+000   1.14536492E-001   1.19999997E+001   0.00000000E+000  -4.10361511E-020   1.69724279E-020  -1.19999997E+001  -2.61058072E-020  -2.16840434E-019   0.00000000E+000   3.40679507E-002   3.15117141E-002  -6.55797305E-002   3.27897824E-002   8.21330878E-003  -1.75608540E-003
     177       1     1.19011885E+001   1.00002269E+000   1.15224960E-001   1.19999997E+001   0.00000000E+000   3.11573087E-020  -4.20665285E-020  -1.19999997E+001  -1.22662161E-021  -2.16840434E-019   2.16840434E-019   3.42818747E-002   3.16898551E-002  -6.59717965E-002   3.29858150E-002   8.27500356E-003  -1.78088731E-003
     178       1     1.19006475E+001   1.00002269E+000   1.15859446E-001   1.19999997E+001   0.00000000E+000   2.55727539E-020   1.75514466E-020  -1.19999997E+001   6.47694698E-021  -2.16840434E-019   1.08420217E-018   3.44791981E-002   3.18542728E-002  -6.63335382E-002   3.31666856E-002   8.32942617E-003  -1.79943651E-003
     179       1     1.19001099E+001   1.00002269E+000   1.16489636E-001   1.19999997E+001   0.00000000E+000  -1.79308071E-020  -5.68631353E-020  -1.19999997E+001  -1.93250006E-020   0.00000000E+000   6.50521303E-019   3.46731793E-002   3.20197623E-002  -6.66930082E-002   3.33464191E-002   8.38211637E-003  -1.81905014E-003
     180       1     1.18995772E+001   1.00002269E+000   1.17114087E-001   1.19999997E+001   0.00000000E+000  -4.16019632E-020   8.24046374E-021  -1.19999997E+001   1.60202266E-020   2.16840434E-019  -8.67361738E-019   3.48659518E-002   3.21832303E-002  -6.70492494E-002   3.35245391E-002   8.43427004E-003  -1.83659590E-003
     181       1     1.18990321E+001   1.00002269E+000   1.17752459E-001   1.19999997E+001   0.00000000E+000   2.29517546E-020  -6.15557051E-020  -1.19999997E+001   1.46361596E-020   2.16840434E-019   0.00000000E+000   3.50638507E-002   3.23498243E-002  -6.74137424E-002   3.37067848E-002   8.48549610E-003  -1.85225771E-003
     182       1     1.18984962E+001   1.00002269E+000   1.18380486E-001   1.19999997E+001   0.00000000E+000  -1.93646730E-020   1.57499066E-020  -1.19999997E+001  -3.29826379E-020   2.16840434E-019  -2.16840434E-019   3.52563138E-002   3.25157500E-002  -6.77721313E-002   3.38859787E-002   8.53756079E-003  -1.86866452E-003
     183       1     1.18979721E+001   1.00002269E+000   1.18995428E-001   1.19999997E+001   0.00000000E+000  -9.56197524E-021  -1.54776479E-020  -1.19999997E+001  -2.35320347E-020   2.16840434E-019  -2.16840434E-019   3.54468614E-002   3.26756995E-002  -6.81226287E-002   3.40612268E-002   8.59100076E-003  -1.88711610E-003
     184       1     1.18974465E+001   1.00002269E+000   1.19612089E-001   1.19999997E+001   0.00000000E+000  -1.93560263E-021  -1.81024600E-020  -1.19999997E+001  -1.44945179E-020   2.16840434E-019  -4.33680869E-019   3.56376563E-002   3.28364084E-002  -6.84741327E-002   3.42369782E-002   8.64430431E-003  -1.90605783E-003
     185       1     1.18969189E+001   1.00002269E+000   1.20231042E-001   1.19999997E+001   0.00000000E+000  -2.20837449E-020  -1.80103844E-020  -1.19999997E+001  -2.04285952E-020   8.67361738E-019  -4.33680869E-019   3.58288864E-002   3.29980099E-002  -6.88269644E-002   3.44133932E-002   8.69807545E-003  -1.92318735E-003
     186       1     1.18963889E+001   1.00002269E+000   1.20853453E-001   1.19999997E+001   0.00000000E+000   1.15729030E-021   6.88603303E-021  -1.19999997E+001  -2.84306371E-020   0.00000000E+000  -4.33680869E-019   3.60223960E-002   3.31589511E-002  -6.91814159E-002   3.45906185E-002   8.75424129E-003  -1.94234104E-003
     187       1     1.18958620E+001   1.00002269E+000   1.21471820E-001   1.19999997E+001   0.00000000E+000   2.27412759E-020  -1.15036525E-020  -1.19999997E+001   3.50810012E-020   0.00000000E+000   4.33680869E-019   3.62144286E-002   3.33193345E-002  -6.95338321E-002   3.47668260E-002   8.80825011E-003  -1.96006754E-003
     188       1     1.18953294E+001   1.00002269E+000   1.22096956E-001   1.19999997E+001   0.00000000E+000  -3.92295898E-021  -1.12352841E-020  -1.19999997E+001  -8.66228707E-021  -4.33680869E-019  -2.16840434E-019   3.64071670E-002   3.34827560E-002  -6.98899925E-002   3.49449058E-002   8.86378725E-003  -1.97867067E-003
     189       1     1.18947764E+001   1.00002269E+000   1.22745558E-001   1.19999997E+001   0.00000000E+000  -2.01897468E-020  -2.27127511E-020  -1.19999997E+001   1.15436286E-021  -2.16840434E-019   0.00000000E+000   3.66010865E-002   3.36587025E-002  -7.02598585E-002   3.51298379E-002   8.91924452E-003  -2.00028043E-003
     190       1     1.18942386E+001   1.00002269E+000   1.23374657E-001   1.19999997E+001   0.00000000E+000   2.18526642E-020  -2.86917289E-020  -1.19999997E+001  -1.13515029E-020  -2.16840434E-019   0.00000000E+000   3.67934339E-002   3.38260546E-002  -7.06195576E-002   3.53096865E-002   8.96705547E-003  -2.01153150E-003
     191       1     1.18937212E+001   1.00002269E+000   1.23981478E-001   1.19999997E+001   0.00000000E+000  -1.52074086E-021   4.98980161E-020  -1.19999997E+001  -1.87141600E-020  -2.16840434E-019   4.33680869E-019   3.69834901E-002   3.39820606E-002  -7.09656177E-002   3.54827151E-002   9.01809866E-003  -2.02833999E-003
     192       1     1.18931921E+001   1.00002269E+000   1.24602743E-001   1.19999997E+001   0.00000000E+000  -3.20700153E-020   2.72123939E-020  -1.19999997E+001   2.15631122E-020  -2.16840434E-019   2.16840434E-019   3.71745738E-002   3.41448567E-002  -7.13194978E-002   3.56596546E-002   9.07376422E-003  -2.04733904E-003
     193       1     1.18926332E+001   1.00002269E+000   1.25259553E-001   1.19999997E+001   0.00000000E+000  -8.65504924E-021   3.17304415E-020  -1.19999997E+001   1.52239813E-020   2.16840434E-019  -2.16840434E-019   3.73734184E-002   3.43198601E-002  -7.16933458E-002   3.58465776E-002   9.13440468E-003  -2.07128216E-003
     194       1     1.18921144E+001   1.00002269E+000   1.25868367E-001   1.19999997E+001   0.00000000E+000  -3.60526670E-021  -1.54228342E-020  -1.19999997E+001  -1.11562108E-020   8.67361738E-019   0.00000000E+000   3.75602453E-002   3.44800541E-002  -7.20403669E-002   3.60200875E-002   9.18753332E-003  -2.08825112E-003
     195       1     1.18915684E+001   1.00002269E+000   1.26509009E-001   1.19999997E+001   0.00000000E+000   4.71756613E-021  -3.31230518E-020  -1.19999997E+001  -9.90819233E-021  -4.33680869E-019  -1.08420217E-018   3.77555348E-002   3.46499294E-002  -7.24055318E-002   3.62026693E-002   9.24299839E-003  -2.10886866E-003
     196       1     1.18910450E+001   1.00002269E+000   1.27123553E-001   1.19999997E+001   0.00000000E+000   2.21403680E-020   1.00370613E-021  -1.19999997E+001   2.82231133E-020  -6.50521303E-019   6.50521303E-019   3.79482457E-002   3.48073591E-002  -7.27556728E-002   3.63777391E-002   9.29719694E-003  -2.12525724E-003
     197       1     1.18905272E+001   1.00002269E+000   1.27730422E-001   1.19999997E+001   0.00000000E+000   3.37626627E-020   3.50985142E-020  -1.19999997E+001   1.86431259E-020   2.16840434E-019   0.00000000E+000   3.81325237E-002   3.49693959E-002  -7.31019870E-002   3.65508954E-002   9.34822642E-003  -2.13823259E-003
     198       1     1.18900025E+001   1.00002269E+000   1.28347162E-001   1.19999997E+001   0.00000000E+000   1.48492620E-020  -5.53353845E-020  -1.19999997E+001  -2.01932236E-020   2.16840434E-019   2.16840434E-019   3.83251697E-002   3.51277525E-002  -7.34529893E-002   3.67263959E-002   9.40575408E-003  -2.15452108E-003
     199       1     1.18894618E+001   1.00002269E+000   1.28980954E-001   1.19999997E+001   0.00000000E+000   2.42712595E-020   1.87807739E-020  -1.19999997E+001   2.65025049E-020   4.33680869E-019   0.00000000E+000   3.85252440E-002   3.52893646E-002  -7.38146766E-002   3.69072395E-002   9.45760386E-003  -2.16829782E-003
     200       1     1.18889371E+001   1.00002269E+000   1.29597838E-001   1.19999997E+001   0.00000000E+000   1.58740095E-020  -6.30575937E-020  -1.19999997E+001   3.43747949E-020  -2.16840434E-019   0.00000000E+000   3.87157637E-002   3.54498791E-002  -7.41657118E-002   3.70827565E-002   9.51518878E-003  -2.18746854E-003
     201       1     1.18884245E+001   1.00002269E+000   1.30200191E-001   1.19999997E+001   0.00000000E+000   4.35257010E-020  -1.90179809E-020  -1.19999997E+001   2.52164588E-020   0.00000000E+000   2.16840434E-019   3.89017421E-002   3.56067957E-002  -7.45086068E-002   3.72542037E-002   9.57059262E-003  -2.20536773E-003
     202       1     1.18879027E+001   1.00002269E+000   1.30812924E-001   1.19999997E+001   0.00000000E+000   1.91224771E-020  -2.80280328E-020  -1.19999997E+001   2.27082016E-020  -4.33680869E-019  -4.33680869E-019   3.90883613E-002   3.57692375E-002  -7.48576679E-002   3.74287335E-002   9.62516429E-003  -2.22457930E-003
     203       1     1.18873900E+001   1.00002269E+000   1.31415439E-001   1.19999997E+001   0.00000000E+000   2.87223087E-020   1.95709770E-020  -1.19999997E+001   2.06265144E-020   2.16840434E-019   0.00000000E+000   3.92738670E-002   3.59266850E-002  -7.52006228E-002   3.76002109E-002   9.68081827E-003  -2.24274585E-003
     204       1     1.18868757E+001   1.00002269E+000   1.32019456E-001   1.19999997E+001   0.00000000E+000  -1.16498567E-020   2.69639166E-020  -1.19999997E+001  -1.64501667E-020   8.67361738E-019   8.67361738E-019   3.94586934E-002   3.60859208E-002  -7.55446860E-002   3.77722427E-002   9.73491946E-003  -2.26061304E-003
     205       1     1.18863722E+001   1.00002269E+000   1.32610799E-001   1.19999997E+001   0.00000000E+000   4.22840253E-020   2.43359751E-020  -1.19999997E+001  -1.40062260E-020  -4.33680869E-019   6.50521303E-019   3.96414392E-002   3.62400606E-002  -7.58815727E-002   3.79406854E-002   9.78752060E-003  -2.27686719E-003
     206       1     1.18858624E+001   1.00002269E+000   1.33209117E-001   1.19999997E+001   0.00000000E+000  -2.66395843E-020   3.78781512E-020  -1.19999997E+001   1.73226742E-020  -2.16840434E-019  -4.33680869E-019   3.98240052E-002   3.63985161E-002  -7.62225944E-002   3.81111956E-002   9.84005209E-003  -2.29262361E-003
     207       1     1.18853218E+001   1.00002269E+000   1.33842566E-001   1.19999997E+001   0.00000000E+000   2.67854637E-020   1.73899731E-020  -1.19999997E+001  -8.14993269E-021  -2.16840434E-019   2.16840434E-019   4.00120152E-002   3.65722103E-002  -7.65842980E-002   3.82920463E-002   9.89162169E-003  -2.30894428E-003
     208       1     1.18848116E+001   1.00002269E+000   1.34442578E-001   1.19999997E+001   0.00000000E+000   1.47600816E-020   2.40108221E-020  -1.19999997E+001   1.01330530E-020  -2.16840434E-019  -8.67361738E-019   4.01974255E-002   3.67281093E-002  -7.69256095E-002   3.84627028E-002   9.94765749E-003  -2.33066583E-003
     209       1     1.18843071E+001   1.00002269E+000   1.35034658E-001   1.19999997E+001   0.00000000E+000  -8.84256075E-022   5.41356107E-021  -1.19999997E+001   8.62201372E-021   0.00000000E+000   0.00000000E+000   4.03838792E-002   3.68792097E-002  -7.72631633E-002   3.86314789E-002   9.99781855E-003  -2.34670177E-003
     210       1     1.18837848E+001   1.00002269E+000   1.35650051E-001   1.19999997E+001   0.00000000E+000   2.20924432E-020   3.08047101E-020  -1.19999997E+001  -1.16238134E-020   0.00000000E+000   0.00000000E+000   4.05767449E-002   3.70357899E-002  -7.76126093E-002   3.88062012E-002   1.00606847E-002  -2.36373840E-003
     211       1     1.18832755E+001   1.00002269E+000   1.36248541E-001   1.19999997E+001   0.00000000E+000   6.16403441E-021   3.31084210E-021  -1.19999997E+001   9.35289241E-021   2.16840434E-019   0.00000000E+000   4.07613004E-002   3.71919952E-002  -7.79533704E-002   3.89765812E-002   1.01148412E-002  -2.38251845E-003
     212       1     1.18827681E+001   1.00002269E+000   1.36844809E-001   1.19999997E+001   0.00000000E+000  -3.87277562E-021   3.54720379E-020  -1.19999997E+001   1.90798773E-020   6.50521303E-019   2.16840434E-019   4.09465824E-002   3.73461806E-002  -7.82928380E-002   3.91463144E-002   1.01695044E-002  -2.39798479E-003
     213       1     1.18822668E+001   1.00002269E+000   1.37434281E-001   1.19999997E+001   0.00000000E+000  -2.43682497E-020   3.11807671E-020  -1.19999997E+001   2.86874379E-020   0.00000000E+000   0.00000000E+000   4.11299337E-002   3.74982801E-002  -7.86282904E-002   3.93140402E-002   1.02239691E-002  -2.41598312E-003
     214       1     1.18817540E+001   1.00002269E+000   1.38036514E-001   1.19999997E+001   0.00000000E+000  -3.46261940E-020   2.16087493E-020  -1.19999997E+001  -2.66793277E-020   2.16840434E-019   0.00000000E+000   4.13191564E-002   3.76521659E-002  -7.89713985E-002   3.94855930E-002   1.02768790E-002  -2.43174009E-003
     215       1     1.18812545E+001   1.00002269E+000   1.38623212E-001   1.19999997E+001   0.00000000E+000  -1.32955066E-020  -4.78055076E-020  -1.19999997E+001  -4.67350584E-021  -8.67361738E-019  -2.16840434E-019   4.15006846E-002   3.78048770E-002  -7.93056376E-002   3.96527118E-002   1.03292344E-002  -2.44632749E-003
     216       1     1.18807534E+001   1.00002269E+000   1.39213448E-001   1.19999997E+001   0.00000000E+000  -4.07623426E-020   6.64101955E-020  -1.19999997E+001   1.30310415E-020   0.00000000E+000   0.00000000E+000   4.16888667E-002   3.79519567E-002  -7.96409003E-002   3.98203431E-002   1.03876008E-002  -2.46440311E-003
     217       1     1.18802530E+001   1.00002269E+000   1.39801279E-001   1.19999997E+001   0.00000000E+000  -1.11060112E-020   3.16556075E-020  -1.19999997E+001  -1.08564870E-020   2.16840434E-019   2.16840434E-019   4.18707490E-002   3.81049269E-002  -7.99757540E-002   3.99877698E-002   1.04397962E-002  -2.48092924E-003
     218       1     1.18797534E+001   1.00002269E+000   1.40389016E-001   1.19999997E+001   0.00000000E+000   3.79509431E-020  -5.03993392E-021  -1.19999997E+001  -2.90204880E-020  -4.33680869E-019  -6.50521303E-019   4.20564411E-002   3.82535360E-002  -8.03100561E-002   4.01549206E-002   1.04950575E-002  -2.49737087E-003
     219       1     1.18792452E+001   1.00002269E+000   1.40985257E-001   1.19999997E+001   0.00000000E+000   2.56407412E-020   2.87159110E-020  -1.19999997E+001  -7.80836365E-021  -8.67361738E-019  -2.16840434E-019   4.22366330E-002   3.84134382E-002  -8.06501496E-002   4.03249664E-002   1.05461491E-002  -2.51078161E-003
     220       1     1.18787479E+001   1.00002269E+000   1.41569515E-001   1.19999997E+001   0.00000000E+000   6.86787383E-021   1.07694263E-020  -1.19999997E+001   1.01320505E-020   2.16840434E-019  -2.16840434E-019   4.24191595E-002   3.85636505E-002  -8.09828882E-002   4.04913349E-002   1.05988081E-002  -2.52495487E-003
     221       1     1.18782458E+001   1.00002269E+000   1.42160074E-001   1.19999997E+001   0.00000000E+000   4.89337820E-020   1.93358380E-020  -1.19999997E+001  -1.61627214E-020  -2.16840434E-019   1.08420217E-018   4.26041953E-002   3.87146578E-002  -8.13189318E-002   4.06593561E-002   1.06535506E-002  -2.54141158E-003
     222       1     1.18777369E+001   1.00002269E+000   1.42758653E-001   1.19999997E+001   0.00000000E+000  -1.48619541E-020  -8.46363448E-021  -1.19999997E+001   1.19265098E-020   2.16840434E-019  -1.30104261E-018   4.27906622E-002   3.88687135E-002  -8.16594557E-002   4.08296181E-002   1.07092110E-002  -2.56071176E-003
     223       1     1.18772326E+001   1.00002269E+000   1.43350789E-001   1.19999997E+001   0.00000000E+000   3.60994544E-021  -3.75480803E-020  -1.19999997E+001   3.28628647E-020  -2.16840434E-019   2.16840434E-019   4.29722352E-002   3.90246275E-002  -8.19969426E-002   4.09983624E-002   1.07602234E-002  -2.57905446E-003
     224       1     1.18767326E+001   1.00002269E+000   1.43937607E-001   1.19999997E+001   0.00000000E+000  -4.68846908E-020   2.94150337E-020  -1.19999997E+001   3.40312832E-020  -2.16840434E-019   0.00000000E+000   4.31539327E-002   3.91775059E-002  -8.23315182E-002   4.11656494E-002   1.08100841E-002  -2.59500178E-003
     225       1     1.18762385E+001   1.00002269E+000   1.44517593E-001   1.19999997E+001   0.00000000E+000   2.52545996E-021  -4.36489509E-020  -1.19999997E+001  -6.24167226E-021  -2.16840434E-019  -6.50521303E-019   4.33318868E-002   3.93302258E-002  -8.26621923E-002   4.13309856E-002   1.08603054E-002  -2.60826157E-003
     226       1     1.18757203E+001   1.00002269E+000   1.45125733E-001   1.19999997E+001   0.00000000E+000  -4.67506197E-020  -4.79090862E-020  -1.19999997E+001   3.57035354E-020   2.16840434E-019  -2.16840434E-019   4.35197342E-002   3.94891649E-002  -8.30089790E-002   4.15043793E-002   1.09115285E-002  -2.62523241E-003
     227       1     1.18752325E+001   1.00002269E+000   1.45698904E-001   1.19999997E+001   0.00000000E+000   1.35187743E-020  -3.62929888E-020  -1.19999997E+001  -8.34459156E-021   2.16840434E-019   0.00000000E+000   4.36982202E-002   3.96371492E-002  -8.33354496E-002   4.16676138E-002   1.09626165E-002  -2.64012815E-003
     228       1     1.18747442E+001   1.00002269E+000   1.46272547E-001   1.19999997E+001   0.00000000E+000  -4.48037209E-021  -1.40545935E-020  -1.19999997E+001   1.96367701E-020   0.00000000E+000   2.16840434E-019   4.38781514E-002   3.97840272E-002  -8.36622592E-002   4.18310180E-002   1.10127302E-002  -2.65601053E-003
     229       1     1.18742367E+001   1.00002269E+000   1.46868238E-001   1.19999997E+001   0.00000000E+000  -3.51034772E-022   4.38381814E-020  -1.19999997E+001  -4.62790363E-020  -2.16840434E-019   0.00000000E+000   4.40641151E-002   3.99376930E-002  -8.40018887E-002   4.20008322E-002   1.10639898E-002  -2.66831262E-003
     230       1     1.18737466E+001   1.00002269E+000   1.47443738E-001   1.19999997E+001   0.00000000E+000   9.62937107E-021  -1.21227584E-020  -1.19999997E+001  -2.92385599E-020   2.16840434E-019   0.00000000E+000   4.42424744E-002   4.00873384E-002  -8.43298934E-002   4.21648339E-002   1.11141194E-002  -2.68217391E-003
     231       1     1.18732362E+001   1.00002269E+000   1.48042555E-001   1.19999997E+001   0.00000000E+000  -1.69265969E-020   3.43551825E-020  -1.19999997E+001   2.04034696E-020   6.50521303E-019  -2.16840434E-019   4.44260289E-002   4.02453524E-002  -8.46714620E-002   4.23356168E-002   1.11653511E-002  -2.69345326E-003
     232       1     1.18727348E+001   1.00002269E+000   1.48631728E-001   1.19999997E+001   0.00000000E+000   3.82843809E-020   4.94914827E-020  -1.19999997E+001  -4.73496277E-021   6.50521303E-019   4.33680869E-019   4.46103790E-002   4.03965891E-002  -8.50070504E-002   4.25034108E-002   1.12177287E-002  -2.70833081E-003
     233       1     1.18722308E+001   1.00002269E+000   1.49222754E-001   1.19999997E+001   0.00000000E+000   1.44324082E-020  -3.66991733E-020  -1.19999997E+001  -4.50558042E-020   4.33680869E-019  -2.16840434E-019   4.47922188E-002   4.05521063E-002  -8.53444071E-002   4.26720885E-002   1.12651268E-002  -2.72480737E-003
     234       1     1.18717447E+001   1.00002269E+000   1.49793855E-001   1.19999997E+001   0.00000000E+000   3.81588756E-022   2.60624965E-020  -1.19999997E+001   7.46169258E-021   0.00000000E+000  -2.16840434E-019   4.49696043E-002   4.07000611E-002  -8.56697480E-002   4.28347593E-002   1.13153534E-002  -2.74095366E-003
     235       1     1.18712582E+001   1.00002269E+000   1.50366087E-001   1.19999997E+001   0.00000000E+000  -2.56155217E-020  -3.14177058E-020  -1.19999997E+001  -6.98702661E-021   0.00000000E+000   2.16840434E-019   4.51485873E-002   4.08466842E-002  -8.59953545E-002   4.29975621E-002   1.13683957E-002  -2.75660318E-003
     236       1     1.18707706E+001   1.00002269E+000   1.50938958E-001   1.19999997E+001   0.00000000E+000   1.74344098E-020   6.35582060E-020  -1.19999997E+001   2.18731240E-020   4.33680869E-019   6.50521303E-019   4.53286566E-002   4.09930212E-002  -8.63217601E-002   4.31607641E-002   1.14181517E-002  -2.77188055E-003
     237       1     1.18702826E+001   1.00002269E+000   1.51512598E-001   1.19999997E+001   0.00000000E+000  -4.08568674E-020   2.55924512E-020  -1.19999997E+001  -3.16137056E-020   1.30104261E-018   0.00000000E+000   4.55086796E-002   4.11395929E-002  -8.66483556E-002   4.33240613E-002   1.14697673E-002  -2.78761861E-003
     238       1     1.18697903E+001   1.00002269E+000   1.52091957E-001   1.19999997E+001   0.00000000E+000   1.39029157E-020   4.19896524E-020  -1.19999997E+001  -2.55107154E-020  -1.30104261E-018  -8.67361738E-019   4.56901879E-002   4.12876187E-002  -8.69778895E-002   4.34888280E-002   1.15238228E-002  -2.80550554E-003
     239       1     1.18692879E+001   1.00002269E+000   1.52682635E-001   1.19999997E+001   0.00000000E+000   2.07141535E-020   1.50908505E-020  -1.19999997E+001   1.57770614E-020  -4.33680869E-019  -8.67361738E-019   4.58731500E-002   4.14409703E-002  -8.73142056E-002   4.36569863E-002   1.15768586E-002  -2.82329363E-003
     240       1     1.18687916E+001   1.00002269E+000   1.53266064E-001   1.19999997E+001   0.00000000E+000   3.86046807E-020   2.02307537E-020  -1.19999997E+001  -1.45962998E-020   0.00000000E+000  -4.33680869E-019   4.60580376E-002   4.15883184E-002  -8.76464416E-002   4.38231037E-002   1.16284908E-002  -2.83919702E-003
     241       1     1.18682976E+001   1.00002269E+000   1.53847713E-001   1.19999997E+001   0.00000000E+000  -1.52778450E-020  -3.95350457E-020  -1.19999997E+001   3.92682541E-020  -1.30104261E-018   0.00000000E+000   4.62420118E-002   4.17350270E-002  -8.79771259E-002   4.39884454E-002   1.16830990E-002  -2.85879557E-003
     242       1     1.18677848E+001   1.00002269E+000   1.54448784E-001   1.19999997E+001   0.00000000E+000  -4.44426049E-021   2.03395958E-021  -1.19999997E+001   2.01691190E-020  -8.67361738E-019   8.67361738E-019   4.64221298E-002   4.18981165E-002  -8.83203347E-002   4.41600486E-002   1.17317043E-002  -2.87383769E-003
     243       1     1.18672905E+001   1.00002269E+000   1.55031535E-001   1.19999997E+001   0.00000000E+000   1.65351627E-021  -1.71811488E-020  -1.19999997E+001   1.14187825E-020   0.00000000E+000   0.00000000E+000   4.66056326E-002   4.20455598E-002  -8.86512812E-002   4.43255215E-002   1.17890387E-002  -2.89432102E-003
     244       1     1.18667884E+001   1.00002269E+000   1.55620846E-001   1.19999997E+001   0.00000000E+000  -6.22449534E-021  -2.42447155E-020  -1.19999997E+001   1.11721857E-020   0.00000000E+000  -4.33680869E-019   4.67933528E-002   4.21939641E-002  -8.89874059E-002   4.44935838E-002   1.18377220E-002  -2.90719575E-003
     245       1     1.18663004E+001   1.00002269E+000   1.56193882E-001   1.19999997E+001   0.00000000E+000   1.47937375E-020   5.62680435E-020  -1.19999997E+001   2.66750496E-020   4.33680869E-019   0.00000000E+000   4.69765837E-002   4.23373759E-002  -8.93140488E-002   4.46569047E-002   1.18856011E-002  -2.92293283E-003
     246       1     1.18658128E+001   1.00002269E+000   1.56766501E-001   1.19999997E+001   0.00000000E+000   2.85958050E-020  -4.02991667E-020  -1.19999997E+001  -4.46863646E-021   8.67361738E-019   4.33680869E-019   4.71566817E-002   4.24837115E-002  -8.96404823E-002   4.48201208E-002   1.19344072E-002  -2.93623021E-003
     247       1     1.18653338E+001   1.00002269E+000   1.57329859E-001   1.19999997E+001   0.00000000E+000  -1.56887599E-020   1.25751486E-020  -1.19999997E+001   6.82894464E-021   0.00000000E+000   4.33680869E-019   4.73350665E-002   4.26259986E-002  -8.99611545E-002   4.49804562E-002   1.19850962E-002  -2.95195734E-003
     248       1     1.18648505E+001   1.00002269E+000   1.57898526E-001   1.19999997E+001   0.00000000E+000  -6.38055653E-020   4.21002362E-020  -1.19999997E+001   5.72269397E-021  -1.30104261E-018   0.00000000E+000   4.75116604E-002   4.27729455E-002  -9.02846965E-002   4.51422261E-002   1.20376642E-002  -2.96945466E-003
     249       1     1.18643469E+001   1.00002269E+000   1.58490926E-001   1.19999997E+001   0.00000000E+000   2.05846480E-020   4.11424127E-020  -1.19999997E+001  -3.63273685E-020   0.00000000E+000   4.33680869E-019   4.76977121E-002   4.29240702E-002  -9.06218747E-002   4.53108153E-002   1.20902184E-002  -2.99086869E-003
     250       1     1.18638674E+001   1.00002269E+000   1.59054796E-001   1.19999997E+001   0.00000000E+000   4.56305655E-020   3.19291716E-021  -1.19999997E+001  -3.37484520E-020  -4.33680869E-019   0.00000000E+000   4.78768670E-002   4.30659424E-002  -9.09429022E-002   4.54713285E-002   1.21404142E-002  -3.00622541E-003
     251       1     1.18633839E+001   1.00002269E+000   1.59622983E-001   1.19999997E+001   0.00000000E+000   2.57263640E-020  -2.50167852E-020  -1.19999997E+001   2.54965241E-020  -8.67361738E-019  -4.33680869E-019   4.80522716E-002   4.32141929E-002  -9.12665574E-002   4.56331553E-002   1.21910340E-002  -3.02050886E-003
     252       1     1.18629001E+001   1.00002269E+000   1.60191898E-001   1.19999997E+001   0.00000000E+000  -7.82861180E-021  -1.82603093E-020  -1.19999997E+001   4.24934313E-021   4.33680869E-019   4.33680869E-019   4.82341531E-002   4.33562526E-002  -9.15904991E-002   4.57951254E-002   1.22411584E-002  -3.03585340E-003
     253       1     1.18624227E+001   1.00002269E+000   1.60753275E-001   1.19999997E+001   0.00000000E+000   3.87269031E-020   3.80118443E-020  -1.19999997E+001   6.01056833E-020   4.33680869E-019  -4.33680869E-019   4.84122516E-002   4.34977666E-002  -9.19101121E-002   4.59549312E-002   1.22910964E-002  -3.05119714E-003
     254       1     1.18619331E+001   1.00002269E+000   1.61329952E-001   1.19999997E+001   0.00000000E+000  -1.66639283E-020  -5.22986752E-020  -1.19999997E+001   2.31059204E-020  -1.30104261E-018  -4.33680869E-019   4.85871241E-002   4.36507223E-002  -9.22379420E-002   4.61188466E-002   1.23460945E-002  -3.07316641E-003
     255       1     1.18614566E+001   1.00002269E+000   1.61889778E-001   1.19999997E+001   0.00000000E+000   2.20791049E-020  -2.22522959E-020  -1.19999997E+001  -3.25698618E-020   0.00000000E+000   1.30104261E-018   4.87645222E-002   4.37923411E-002  -9.25569586E-002   4.62783537E-002   1.23937547E-002  -3.08864860E-003
     256       1     1.18609789E+001   1.00002269E+000   1.62451683E-001   1.19999997E+001   0.00000000E+000   1.67399642E-020  -5.48877246E-020  -1.19999997E+001  -1.17849973E-021  -8.67361738E-019  -4.33680869E-019   4.89409379E-002   4.39357938E-002  -9.28768266E-002   4.64382868E-002   1.24446336E-002  -3.10310955E-003
     257       1     1.18604897E+001   1.00002268E+000   1.63026320E-001   1.19999997E+001   0.00000000E+000   4.05353203E-020  -5.03372748E-020  -1.19999997E+001   2.79620522E-020   4.33680869E-019   0.00000000E+000   4.91224061E-002   4.40818609E-002  -9.32043612E-002   4.66020543E-002   1.24927553E-002  -3.12028119E-003
     258       1     1.18600029E+001   1.00002268E+000   1.63600280E-001   1.19999997E+001   0.00000000E+000  -3.00615012E-020   4.75934651E-020  -1.19999997E+001  -3.89696031E-020   0.00000000E+000  -4.33680869E-019   4.93102521E-002   4.42199914E-002  -9.35303390E-002   4.67650430E-002   1.25475639E-002  -3.13956350E-003
     259       1     1.18595184E+001   1.00002268E+000   1.64171102E-001   1.19999997E+001   0.00000000E+000  -7.51610595E-020   6.01762263E-020  -1.19999997E+001  -2.78820613E-020   8.67361738E-019  -4.33680869E-019   4.94920990E-002   4.43625230E-002  -9.38547171E-002   4.69272318E-002   1.26020501E-002  -3.15736047E-003
     260       1     1.18590491E+001   1.00002268E+000   1.64723327E-001   1.19999997E+001   0.00000000E+000   3.15097265E-020   2.60422306E-021  -1.19999997E+001  -2.55328425E-020  -4.33680869E-019   4.33680869E-019   4.96674344E-002   4.45014617E-002  -9.41689911E-002   4.70843682E-002   1.26518259E-002  -3.17309381E-003
     261       1     1.18585667E+001   1.00002268E+000   1.65289723E-001   1.19999997E+001   0.00000000E+000  -2.25774812E-020  -2.57034485E-020  -1.19999997E+001   4.77587978E-020   0.00000000E+000  -4.33680869E-019   4.98485281E-002   4.46433520E-002  -9.44919752E-002   4.72458597E-002   1.26984606E-002  -3.18690131E-003
     262       1     1.18580907E+001   1.00002268E+000   1.65849886E-001   1.19999997E+001   0.00000000E+000  -5.10215083E-020  -1.99254174E-020  -1.19999997E+001  -2.23134297E-020  -4.33680869E-019   4.33680869E-019   5.00258842E-002   4.47847367E-002  -9.48107159E-002   4.74052294E-002   1.27491731E-002  -3.20378465E-003
     263       1     1.18576161E+001   1.00002268E+000   1.66408051E-001   1.19999997E+001   0.00000000E+000  -1.07431762E-020   1.11613806E-020  -1.19999997E+001  -7.65447089E-021   0.00000000E+000   0.00000000E+000   5.02029778E-002   4.49254387E-002  -9.51285113E-002   4.75641266E-002   1.27989791E-002  -3.21754760E-003
     264       1     1.18571361E+001   1.00002268E+000   1.66972501E-001   1.19999997E+001   0.00000000E+000   7.32765700E-021   2.68639570E-020  -1.19999997E+001  -2.81519289E-020   0.00000000E+000   4.33680869E-019   5.03810634E-002   4.50687725E-002  -9.54499308E-002   4.77248357E-002   1.28488896E-002  -3.23273639E-003
     265       1     1.18566603E+001   1.00002268E+000   1.67532080E-001   1.19999997E+001   0.00000000E+000   1.86711099E-020  -3.82409628E-020  -1.19999997E+001  -1.95560102E-020  -2.60208521E-018   4.33680869E-019   5.05581794E-002   4.52102922E-002  -9.57685658E-002   4.78841529E-002   1.28982258E-002  -3.24815690E-003
     266       1     1.18561746E+001   1.00002268E+000   1.68103166E-001   1.19999997E+001   0.00000000E+000   3.46034983E-020   5.53044007E-020  -1.19999997E+001   9.75390699E-021   4.33680869E-019  -1.30104261E-018   5.07385242E-002   4.53551634E-002  -9.60937812E-002   4.80467600E-002   1.29484835E-002  -3.26374989E-003
     267       1     1.18556934E+001   1.00002268E+000   1.68669242E-001   1.19999997E+001   0.00000000E+000  -3.83570516E-020  -5.39607654E-020  -1.19999997E+001  -1.02572464E-020   0.00000000E+000   4.33680869E-019   5.09181135E-002   4.54978227E-002  -9.64160298E-002   4.82078837E-002   1.29990102E-002  -3.27896962E-003
     268       1     1.18552096E+001   1.00002268E+000   1.69238187E-001   1.19999997E+001   0.00000000E+000   2.44118479E-020  -8.48379378E-021  -1.19999997E+001  -2.17383323E-020  -4.33680869E-019   4.33680869E-019   5.10966939E-002   4.56432300E-002  -9.67400187E-002   4.83698780E-002   1.30486711E-002  -3.29715107E-003
     269       1     1.18547197E+001   1.00002268E+000   1.69814983E-001   1.19999997E+001   0.00000000E+000  -3.11547852E-020  -5.05632373E-020  -1.19999997E+001   6.08819148E-021   1.30104261E-018   0.00000000E+000   5.12802044E-002   4.57878243E-002  -9.70681230E-002   4.85339300E-002   1.31018438E-002  -3.31256396E-003
     270       1     1.18542318E+001   1.00002268E+000   1.70389063E-001   1.19999997E+001   0.00000000E+000  -3.63795843E-020  -6.33149890E-020  -1.19999997E+001  -3.70542276E-020  -4.33680869E-019   1.30104261E-018   5.14626830E-002   4.59321242E-002  -9.73949012E-002   4.86973186E-002   1.31531759E-002  -3.32797750E-003
     271       1     1.18537420E+001   1.00002268E+000   1.70964122E-001   1.19999997E+001   0.00000000E+000  -1.71543817E-020  -1.55717267E-020  -1.19999997E+001   1.32643581E-021   0.00000000E+000   4.33680869E-019   5.16447545E-002   4.60780260E-002  -9.77228748E-002   4.88613057E-002   1.32001324E-002  -3.34320062E-003
     272       1     1.18532479E+001   1.00002268E+000   1.71545332E-001   1.19999997E+001   0.00000000E+000  -6.05968218E-020  -2.34428038E-020  -1.19999997E+001   1.72035085E-020  -4.33680869E-019   0.00000000E+000   5.18293338E-002   4.62243974E-002  -9.80538254E-002   4.90267804E-002   1.32515387E-002  -3.35780165E-003
     273       1     1.18527535E+001   1.00002268E+000   1.72126809E-001   1.19999997E+001   0.00000000E+000  -1.52422318E-020   1.59428206E-020  -1.19999997E+001   3.46199643E-021   0.00000000E+000  -8.67361738E-019   5.20149180E-002   4.63698685E-002  -9.83848805E-002   4.91923074E-002   1.33028676E-002  -3.37335754E-003
     274       1     1.18522552E+001   1.00002268E+000   1.72713261E-001   1.19999997E+001   0.00000000E+000   3.47454631E-022  -4.91060941E-020  -1.19999997E+001   3.44111012E-020   0.00000000E+000   8.67361738E-019   5.22020808E-002   4.65164559E-002  -9.87186306E-002   4.93591819E-002   1.33556370E-002  -3.38899745E-003
     275       1     1.18517561E+001   1.00002268E+000   1.73300640E-001   1.19999997E+001   0.00000000E+000   3.47658325E-020   2.56844589E-020  -1.19999997E+001   1.36116189E-020   8.67361738E-019  -8.67361738E-019   5.23895138E-002   4.66633362E-002  -9.90529437E-002   4.95263378E-002   1.34080593E-002  -3.40531330E-003
     276       1     1.18512526E+001   1.00002268E+000   1.73893058E-001   1.19999997E+001   0.00000000E+000  -4.53870125E-021   3.17659069E-020  -1.19999997E+001   6.35636602E-023   4.33680869E-019   4.33680869E-019   5.25776242E-002   4.68124513E-002  -9.93901690E-002   4.96949499E-002   1.34603458E-002  -3.42354564E-003
     277       1     1.18507429E+001   1.00002268E+000   1.74492382E-001   1.19999997E+001   0.00000000E+000   2.65725309E-020   2.57470564E-020  -1.19999997E+001   4.43625493E-020   0.00000000E+000   4.33680869E-019   5.27670706E-002   4.69643684E-002  -9.97315324E-002   4.98656310E-002   1.35124039E-002  -3.44003133E-003
     278       1     1.18502226E+001   1.00002268E+000   1.75105028E-001   1.19999997E+001   0.00000000E+000   5.79063393E-020  -5.56201414E-021  -1.19999997E+001   9.46670729E-021   1.30104261E-018   4.33680869E-019   5.29631429E-002   4.71167958E-002  -1.00080033E-001   5.00398809E-002   1.35687052E-002  -3.45556140E-003
     279       1     1.18497135E+001   1.00002268E+000   1.75703366E-001   1.19999997E+001   0.00000000E+000  -4.21132901E-020   2.35905707E-020  -1.19999997E+001  -2.63531213E-020   1.30104261E-018   0.00000000E+000   5.31543597E-002   4.72665369E-002  -1.00420991E-001   5.02103592E-002   1.36192164E-002  -3.47144963E-003
     280       1     1.18491980E+001   1.00002268E+000   1.76308966E-001   1.19999997E+001   0.00000000E+000   5.36455579E-020   1.74243787E-020  -1.19999997E+001  -8.33100124E-021   4.33680869E-019   0.00000000E+000   5.33489915E-002   4.74172000E-002  -1.00766287E-001   5.03830047E-002   1.36686987E-002  -3.48733079E-003
     281       1     1.18486812E+001   1.00002268E+000   1.76916721E-001   1.19999997E+001   0.00000000E+000  -3.21714322E-020  -4.08078569E-020  -1.19999997E+001   2.88511550E-021   4.33680869E-019   4.33680869E-019   5.35434300E-002   4.75688896E-002  -1.01112416E-001   5.05560688E-002   1.37217057E-002  -3.50209136E-003
     282       1     1.18481544E+001   1.00002268E+000   1.77536580E-001   1.19999997E+001   0.00000000E+000  -2.72829628E-020  -5.01077193E-020  -1.19999997E+001   2.47103923E-020   0.00000000E+000   4.33680869E-019   5.37398154E-002   4.77254242E-002  -1.01465336E-001   5.07325281E-002   1.37754803E-002  -3.52277634E-003
     283       1     1.18476287E+001   1.00002268E+000   1.78154174E-001   1.19999997E+001   0.00000000E+000   6.08848778E-020  -3.05813842E-021  -1.19999997E+001  -4.79816454E-021  -4.33680869E-019  -4.33680869E-019   5.39337971E-002   4.78835730E-002  -1.01817467E-001   5.09085927E-002   1.38269877E-002  -3.53869968E-003
     284       1     1.18471046E+001   1.00002268E+000   1.78769751E-001   1.19999997E+001   0.00000000E+000  -2.63592403E-020   3.18818479E-020  -1.19999997E+001   3.34816087E-020  -8.67361738E-019  -4.33680869E-019   5.41274614E-002   4.80409207E-002  -1.02168478E-001   5.10840981E-002   1.38774428E-002  -3.55683524E-003
     285       1     1.18465846E+001   1.00002268E+000   1.79381372E-001   1.19999997E+001   0.00000000E+000  -1.70147756E-020  -3.56805391E-020  -1.19999997E+001  -1.66478370E-020   0.00000000E+000   0.00000000E+000   5.43237269E-002   4.81929904E-002  -1.02516814E-001   5.12582650E-002   1.39299339E-002  -3.57422795E-003
     286       1     1.18460462E+001   1.00002268E+000   1.80014996E-001   1.19999997E+001   0.00000000E+000  -2.86307356E-020  -6.11148178E-021  -1.19999997E+001  -1.36130664E-020   1.30104261E-018   0.00000000E+000   5.45305567E-002   4.83468327E-002  -1.02877484E-001   5.14386007E-002   1.39849505E-002  -3.59218863E-003
     287       1     1.18455178E+001   1.00002268E+000   1.80636012E-001   1.19999997E+001   0.00000000E+000   1.43472409E-020  -3.04449382E-020  -1.19999997E+001   3.10385049E-020  -4.33680869E-019   4.33680869E-019   5.47287144E-002   4.85026209E-002  -1.03231429E-001   5.16155721E-002   1.40372534E-002  -3.60726561E-003
     288       1     1.18449885E+001   1.00002268E+000   1.81258997E-001   1.19999997E+001   0.00000000E+000   1.10129825E-020   6.09027236E-021  -1.19999997E+001  -9.13502079E-021   0.00000000E+000  -8.67361738E-019   5.49305325E-002   4.86554191E-002  -1.03586045E-001   5.17928799E-002   1.40914553E-002  -3.62567705E-003
     289       1     1.18444375E+001   1.00002268E+000   1.81907213E-001   1.19999997E+001   0.00000000E+000  -3.07280925E-020   2.69448915E-021  -1.19999997E+001   5.61456596E-021  -4.33680869E-019  -8.67361738E-019   5.51382061E-002   4.88168405E-002  -1.03955140E-001   5.19774270E-002   1.41474795E-002  -3.64493035E-003
     290       1     1.18439068E+001   1.00002268E+000   1.82531614E-001   1.19999997E+001   0.00000000E+000   1.17851459E-020   8.17016760E-020  -1.19999997E+001   3.01506816E-020   0.00000000E+000  -4.33680869E-019   5.53402867E-002   4.89703215E-002  -1.04310702E-001   5.21552071E-002   1.42008466E-002  -3.66323035E-003
     291       1     1.18433712E+001   1.00002268E+000   1.83161778E-001   1.19999997E+001   0.00000000E+000   4.36086355E-020   3.88978452E-020  -1.19999997E+001   3.68940648E-021   0.00000000E+000   4.33680869E-019   5.55451737E-002   4.91242248E-002  -1.04669492E-001   5.23346016E-002   1.42547107E-002  -3.68229007E-003
     292       1     1.18428352E+001   1.00002268E+000   1.83791926E-001   1.19999997E+001   0.00000000E+000  -3.65091156E-020   3.00480595E-020  -1.19999997E+001  -3.77203407E-021  -4.33680869E-019   1.73472348E-018   5.57472487E-002   4.92812089E-002  -1.05028550E-001   5.25141302E-002   1.43073468E-002  -3.70069481E-003
     293       1     1.18422863E+001   1.00002268E+000   1.84437098E-001   1.19999997E+001   0.00000000E+000   1.95240474E-021   2.69652608E-020  -1.19999997E+001  -1.12359045E-020   4.33680869E-019   0.00000000E+000   5.59525831E-002   4.94436448E-002  -1.05396320E-001   5.26980146E-002   1.43609929E-002  -3.71760552E-003
     294       1     1.18417405E+001   1.00002268E+000   1.85078705E-001   1.19999997E+001   0.00000000E+000   2.56746458E-020  -6.20199085E-020  -1.19999997E+001   7.06548728E-020  -4.33680869E-019   0.00000000E+000   5.61607745E-002   4.96010868E-002  -1.05761954E-001   5.28808307E-002   1.44138419E-002  -3.73571809E-003
     295       1     1.18411967E+001   1.00002268E+000   1.85718076E-001   1.19999997E+001   0.00000000E+000  -1.57822054E-020  -6.19716606E-021  -1.19999997E+001  -3.68260744E-020   8.67361738E-019   0.00000000E+000   5.63690372E-002   4.97571989E-002  -1.06126329E-001   5.30630176E-002   1.44658638E-002  -3.75505816E-003
     296       1     1.18406420E+001   1.00002268E+000   1.86372568E-001   1.19999997E+001   0.00000000E+000  -1.49111455E-020   3.40076439E-020  -1.19999997E+001  -6.59163170E-020   1.30104261E-018  -4.33680869E-019   5.65852849E-002   4.99125649E-002  -1.06497942E-001   5.32488237E-002   1.45274653E-002  -3.77824719E-003
     297       1     1.18400929E+001   1.00002268E+000   1.87017645E-001   1.19999997E+001   0.00000000E+000  -2.56593235E-020  -6.73350222E-020  -1.19999997E+001   6.65778805E-020   4.33680869E-019   4.33680869E-019   5.67928716E-002   5.00728979E-002  -1.06865862E-001   5.34327829E-002   1.45789847E-002  -3.79542527E-003
     298       1     1.18395456E+001   1.00002268E+000   1.87661552E-001   1.19999997E+001   0.00000000E+000   3.94721218E-020   2.63843215E-020  -1.19999997E+001   1.34436495E-020   4.33680869E-019  -8.67361738E-019   5.70010950E-002   5.02313803E-002  -1.07232567E-001   5.36161351E-002   1.46335058E-002  -3.81487973E-003
     299       1     1.18389878E+001   1.00002268E+000   1.88318024E-001   1.19999997E+001   0.00000000E+000  -1.36104169E-020   4.51947835E-020  -1.19999997E+001  -8.45207980E-021  -8.67361738E-019   0.00000000E+000   5.72126061E-002   5.03936113E-002  -1.07606309E-001   5.38030055E-002   1.46900653E-002  -3.83491140E-003
     300       1     1.18384360E+001   1.00002268E+000   1.88967175E-001   1.19999997E+001   0.00000000E+000   2.72357488E-020   2.63588275E-020  -1.19999997E+001   4.29914328E-020  -4.33680869E-019   8.67361738E-019   5.74218617E-002   5.05540548E-002  -1.07976008E-001   5.39878544E-002   1.47450912E-002  -3.85457419E-003
     301       1     1.18378809E+001   1.00002268E+000   1.89619950E-001   1.19999997E+001   0.00000000E+000   1.95262963E-020   2.23059333E-020  -1.19999997E+001  -1.11857049E-020  -4.33680869E-019   4.33680869E-019   5.76320008E-002   5.07158377E-002  -1.08347930E-001   5.41738148E-002   1.47994686E-002  -3.87382507E-003
     302       1     1.18373211E+001   1.00002268E+000   1.90278505E-001   1.19999997E+001   0.00000000E+000   2.67694387E-020  -3.67278855E-020  -1.19999997E+001   6.50978217E-021   8.67361738E-019  -4.33680869E-019   5.78438490E-002   5.08791103E-002  -1.08723051E-001   5.43613745E-002   1.48546166E-002  -3.89481418E-003
     303       1     1.18367599E+001   1.00002268E+000   1.90938253E-001   1.19999997E+001   0.00000000E+000  -4.33197847E-020  -1.79078916E-020  -1.19999997E+001   3.26616142E-020   0.00000000E+000   0.00000000E+000   5.80572812E-002   5.10417395E-002  -1.09099112E-001   5.45494046E-002   1.49080677E-002  -3.91439460E-003
     304       1     1.18361995E+001   1.00002268E+000   1.91597376E-001   1.19999997E+001   0.00000000E+000  -4.42018436E-020  -2.23674291E-020  -1.19999997E+001   2.08295452E-020  -4.33680869E-019   0.00000000E+000   5.82691060E-002   5.12054193E-002  -1.09474616E-001   5.47371562E-002   1.49630686E-002  -3.93455852E-003
     305       1     1.18356293E+001   1.00002268E+000   1.92268436E-001   1.19999997E+001   0.00000000E+000  -6.56928748E-021   1.26948184E-020  -1.19999997E+001  -3.12196058E-021   0.00000000E+000  -8.67361738E-019   5.84865495E-002   5.13700454E-002  -1.09856686E-001   5.49281906E-002   1.50202084E-002  -3.95553484E-003
     306       1     1.18350559E+001   1.00002268E+000   1.92942835E-001   1.19999997E+001   0.00000000E+000   1.57264612E-020  -1.12036767E-021  -1.19999997E+001  -9.88913809E-021   8.67361738E-019   0.00000000E+000   5.87021595E-002   5.15386656E-002  -1.10240916E-001   5.51203051E-002   1.50760007E-002  -3.97828576E-003
     307       1     1.18344755E+001   1.00002268E+000   1.93625491E-001   1.19999997E+001   0.00000000E+000  -2.66586530E-020   3.75863148E-020  -1.19999997E+001   1.59287069E-020   0.00000000E+000   0.00000000E+000   5.89204447E-002   5.17093017E-002  -1.10629837E-001   5.53147650E-002   1.51322603E-002  -4.00239782E-003
     308       1     1.18338964E+001   1.00002268E+000   1.94305814E-001   1.19999997E+001   0.00000000E+000  -5.83823559E-020  -1.82233059E-021  -1.19999997E+001  -4.29901274E-021   2.16840434E-018  -1.30104261E-018   5.91404356E-002   5.18774361E-002  -1.11017963E-001   5.55088271E-002   1.51847721E-002  -4.02311224E-003
     309       1     1.18333190E+001   1.00002268E+000   1.94984793E-001   1.19999997E+001   0.00000000E+000   4.89446387E-020  -1.02945212E-020  -1.19999997E+001  -2.58556368E-020  -4.33680869E-019   4.33680869E-019   5.93596680E-002   5.20450953E-002  -1.11404854E-001   5.57022722E-002   1.52406511E-002  -4.04361090E-003
     310       1     1.18327398E+001   1.00002268E+000   1.95665607E-001   1.19999997E+001   0.00000000E+000  -5.22831138E-020   2.83642138E-020  -1.19999997E+001   1.54656925E-020   4.33680869E-019   8.67361738E-019   5.95779903E-002   5.22149141E-002  -1.11792995E-001   5.58963421E-002   1.52955172E-002  -4.06432218E-003
     311       1     1.18321620E+001   1.00002268E+000   1.96345284E-001   1.19999997E+001   0.00000000E+000  -2.98841227E-020   5.79766497E-020  -1.19999997E+001   2.56283818E-020   0.00000000E+000  -8.67361738E-019   5.97967208E-002   5.23834131E-002  -1.12180224E-001   5.60899562E-002   1.53518342E-002  -4.08557595E-003
     312       1     1.18315825E+001   1.00002268E+000   1.97026935E-001   1.19999997E+001   0.00000000E+000   3.99989131E-020   2.52875059E-020  -1.19999997E+001  -4.06854471E-020   8.67361738E-019  -4.33680869E-019   6.00159792E-002   5.25525681E-002  -1.12568637E-001   5.62841622E-002   1.54079525E-002  -4.10670200E-003
     313       1     1.18309997E+001   1.00002268E+000   1.97712262E-001   1.19999997E+001   0.00000000E+000   3.63502581E-021  -9.34021328E-021  -1.19999997E+001  -4.94817116E-020   4.33680869E-019  -4.33680869E-019   6.02367191E-002   5.27223877E-002  -1.12959200E-001   5.64794413E-002   1.54640014E-002  -4.12757501E-003
     314       1     1.18304068E+001   1.00002268E+000   1.98408881E-001   1.19999997E+001   0.00000000E+000   2.65819272E-020  -3.61893327E-020  -1.19999997E+001  -3.16589292E-020  -4.33680869E-019   4.33680869E-019   6.04611198E-002   5.28953555E-002  -1.13356568E-001   5.66781244E-002   1.55185869E-002  -4.14766849E-003
     315       1     1.18298132E+001   1.00002268E+000   1.99107038E-001   1.19999997E+001   0.00000000E+000   3.44914153E-020   4.76190818E-020  -1.19999997E+001  -2.28493135E-020   0.00000000E+000   1.30104261E-018   6.06838199E-002   5.30704674E-002  -1.13754377E-001   5.68770299E-002   1.55765568E-002  -4.16923515E-003
     316       1     1.18291843E+001   1.00002268E+000   1.99847653E-001   1.19999997E+001   0.00000000E+000   4.89793028E-021  -3.40219127E-020  -1.19999997E+001   6.00861412E-021  -1.73472348E-018   4.33680869E-019   6.09151702E-002   5.32606627E-002  -1.14175922E-001   5.70878013E-002   1.56408938E-002  -4.19819820E-003
     317       1     1.18285394E+001   1.00002268E+000   2.00605855E-001   1.19999997E+001   0.00000000E+000  -5.35024491E-020   1.02167145E-021  -1.19999997E+001  -1.54633919E-020   4.33680869E-019  -8.67361738E-019   6.11563429E-002   5.34517207E-002  -1.14608152E-001   5.73039144E-002   1.57004575E-002  -4.22927291E-003
     318       1     1.18279407E+001   1.00002268E+000   2.01311893E-001   1.19999997E+001   0.00000000E+000   2.86118413E-020  -1.18890799E-020  -1.19999997E+001   1.11765025E-020   8.67361738E-019  -4.33680869E-019   6.13871632E-002   5.36221625E-002  -1.15009414E-001   5.75045447E-002   1.57643831E-002  -4.25380791E-003
     319       1     1.18273078E+001   1.00002268E+000   2.02059926E-001   1.19999997E+001   0.00000000E+000   1.96079933E-021  -1.74588359E-020  -1.19999997E+001  -1.82355068E-020   4.33680869E-019  -4.33680869E-019   6.16322820E-002   5.38013253E-002  -1.15433695E-001   5.77166846E-002   1.58373563E-002  -4.28224502E-003
     320       1     1.18266876E+001   1.00002268E+000   2.02788896E-001   1.19999997E+001   0.00000000E+000   9.88712184E-021  -1.99066701E-020  -1.19999997E+001  -6.69496723E-021  -1.30104261E-018   0.00000000E+000   6.18660615E-002   5.39832423E-002  -1.15849392E-001   5.79245329E-002   1.58985774E-002  -4.29204540E-003
     321       1     1.18260664E+001   1.00002268E+000   2.03518542E-001   1.19999997E+001   0.00000000E+000  -5.19398080E-020  -3.56687389E-020  -1.19999997E+001  -7.71275611E-020  -4.33680869E-019   8.67361738E-019   6.20969195E-002   5.41687604E-002  -1.16265768E-001   5.81327202E-002   1.59551280E-002  -4.31442484E-003
     322       1     1.18254872E+001   1.00002268E+000   2.04200121E-001   1.19999997E+001   0.00000000E+000  -2.03967746E-020  -7.75216868E-020  -1.19999997E+001   7.93279132E-021   4.33680869E-019  -8.67361738E-019   6.23173439E-002   5.43365758E-002  -1.16654008E-001   5.83268394E-002   1.60117984E-002  -4.33540334E-003
     323       1     1.18249046E+001   1.00002268E+000   2.04885681E-001   1.19999997E+001   0.00000000E+000   1.13272691E-020   4.75742590E-021  -1.19999997E+001   5.03499669E-021   8.67361738E-019  -8.67361738E-019   6.25397697E-002   5.45047316E-002  -1.17044589E-001   5.85221296E-002   1.60681769E-002  -4.35613441E-003
     324       1     1.18243130E+001   1.00002268E+000   2.05581858E-001   1.19999997E+001   0.00000000E+000  -3.47259985E-020  -3.33522058E-020  -1.19999997E+001   2.64781807E-020  -4.33680869E-019   8.67361738E-019   6.27630131E-002   5.46780401E-002  -1.17441141E-001   5.87204047E-002   1.61260148E-002  -4.37947835E-003
     325       1     1.18237301E+001   1.00002268E+000   2.06267728E-001   1.19999997E+001   0.00000000E+000  -1.24615018E-020  -3.55238401E-020  -1.19999997E+001   7.62421418E-021   0.00000000E+000   4.33680869E-019   6.29854315E-002   5.48463298E-002  -1.17831848E-001   5.89157581E-002   1.61827321E-002  -4.40038433E-003
     326       1     1.18231377E+001   1.00002268E+000   2.06965965E-001   1.19999997E+001   0.00000000E+000  -5.24505630E-020   9.44224084E-021  -1.19999997E+001   2.15716296E-020   4.33680869E-019   0.00000000E+000   6.32127631E-002   5.50161932E-002  -1.18229043E-001   5.91143549E-002   1.62441383E-002  -4.42196035E-003
     327       1     1.18225538E+001   1.00002268E+000   2.07653658E-001   1.19999997E+001   0.00000000E+000  -1.27468532E-020   1.26907245E-020  -1.19999997E+001  -2.38267501E-020  -8.67361738E-019   0.00000000E+000   6.34366430E-002   5.51837055E-002  -1.18620436E-001   5.93100506E-002   1.63031021E-002  -4.44359537E-003
     328       1     1.18219644E+001   1.00002268E+000   2.08348367E-001   1.19999997E+001   0.00000000E+000   1.91141988E-020   3.12417587E-020  -1.19999997E+001  -3.51347938E-020   0.00000000E+000  -4.33680869E-019   6.36634335E-002   5.53520886E-002  -1.19015610E-001   5.95076373E-002   1.63639191E-002  -4.46576329E-003
     329       1     1.18213776E+001   1.00002268E+000   2.09040165E-001   1.19999997E+001   0.00000000E+000   5.23296686E-020  -2.49327100E-021  -1.19999997E+001   3.59054288E-020   4.33680869E-019   4.33680869E-019   6.38905096E-002   5.55183744E-002  -1.19408972E-001   5.97043174E-002   1.64263788E-002  -4.48374488E-003
     330       1     1.18207915E+001   1.00002268E+000   2.09730652E-001   1.19999997E+001   0.00000000E+000   7.79723710E-021   3.96503792E-020  -1.19999997E+001  -1.57931268E-020  -4.33680869E-019  -8.67361738E-019   6.41145967E-002   5.56872552E-002  -1.19801939E-001   5.99008006E-002   1.64858264E-002  -4.50541722E-003
     331       1     1.18201981E+001   1.00002268E+000   2.10429337E-001   1.19999997E+001   0.00000000E+000  -2.28833313E-020   7.84052191E-021  -1.19999997E+001  -3.71938919E-020   0.00000000E+000  -8.67361738E-019   6.43419327E-002   5.58577391E-002  -1.20199758E-001   6.00997099E-002   1.65455388E-002  -4.52349756E-003
     332       1     1.18195972E+001   1.00002268E+000   2.11137748E-001   1.19999997E+001   0.00000000E+000   1.62059610E-020   2.84123616E-020  -1.19999997E+001  -1.59574643E-020   0.00000000E+000   4.33680869E-019   6.45728766E-002   5.60297230E-002  -1.20602687E-001   6.03011740E-002   1.66074522E-002  -4.54751930E-003
     333       1     1.18190043E+001   1.00002268E+000   2.11835369E-001   1.19999997E+001   0.00000000E+000   3.49839593E-020  -2.33983417E-020  -1.19999997E+001   6.34957668E-020  -4.33680869E-019  -4.33680869E-019   6.48016447E-002   5.61984282E-002  -1.21000160E-001   6.04999096E-002   1.66640033E-002  -4.56824774E-003
     334       1     1.18184127E+001   1.00002268E+000   2.12531946E-001   1.19999997E+001   0.00000000E+000  -1.37762020E-020  -6.61809114E-022  -1.19999997E+001   2.35779433E-020   0.00000000E+000   0.00000000E+000   6.50290171E-002   5.63677108E-002  -1.21396815E-001   6.06982366E-002   1.67219873E-002  -4.59013627E-003
     335       1     1.18178217E+001   1.00002268E+000   2.13228112E-001   1.19999997E+001   0.00000000E+000  -2.74628681E-020   6.17065880E-020  -1.19999997E+001   8.11577918E-021   0.00000000E+000  -4.33680869E-019   6.52554949E-002   5.65375339E-002  -1.21793115E-001   6.08963864E-002   1.67813238E-002  -4.61074100E-003
     336       1     1.18172247E+001   1.00002268E+000   2.13931236E-001   1.19999997E+001   0.00000000E+000   2.07252429E-020   1.32867695E-020  -1.19999997E+001   4.57310679E-020  -4.33680869E-019   4.33680869E-019   6.54843189E-002   5.67089884E-002  -1.22193393E-001   6.10965251E-002   1.68410239E-002  -4.63181368E-003
     337       1     1.18166231E+001   1.00002268E+000   2.14639939E-001   1.19999997E+001   0.00000000E+000   4.05481610E-020   9.26872937E-020  -1.19999997E+001  -3.79744402E-020  -4.33680869E-019   0.00000000E+000   6.57133113E-002   5.68833923E-002  -1.22596790E-001   6.12982225E-002   1.69010073E-002  -4.65675426E-003
     338       1     1.18160281E+001   1.00002268E+000   2.15341198E-001   1.19999997E+001   0.00000000E+000  -1.60363179E-020  -2.51329822E-020  -1.19999997E+001  -1.70322046E-020  -4.33680869E-019   4.33680869E-019   6.59427888E-002   5.70528912E-002  -1.22995766E-001   6.14977101E-002   1.69616407E-002  -4.67871805E-003
     339       1     1.18154320E+001   1.00002268E+000   2.16042976E-001   1.19999997E+001   0.00000000E+000   2.21762405E-020   5.10391376E-020  -1.19999997E+001   2.63390334E-020   4.33680869E-019   4.33680869E-019   6.61723416E-002   5.72230260E-002  -1.23395454E-001   6.16975534E-002   1.70195865E-002  -4.69989072E-003
     340       1     1.18148286E+001   1.00002268E+000   2.16753793E-001   1.19999997E+001   0.00000000E+000   5.39091441E-020   2.49207547E-020  -1.19999997E+001   7.46944093E-022  -8.67361738E-019   0.00000000E+000   6.64045715E-002   5.73954021E-002  -1.23800060E-001   6.18998558E-002   1.70796733E-002  -4.72241513E-003
     341       1     1.18142279E+001   1.00002268E+000   2.17461671E-001   1.19999997E+001   0.00000000E+000  -4.62808716E-020  -3.46757732E-020  -1.19999997E+001   1.48272383E-020   0.00000000E+000   4.33680869E-019   6.66357575E-002   5.75669963E-002  -1.24202840E-001   6.21012452E-002   1.71406562E-002  -4.74464686E-003
     342       1     1.18136131E+001   1.00002268E+000   2.18185815E-001   1.19999997E+001   0.00000000E+000   1.02921043E-020  -7.09178128E-022  -1.19999997E+001  -2.04376684E-020  -4.33680869E-019  -8.67361738E-019   6.68708269E-002   5.77442574E-002  -1.24615170E-001   6.23074098E-002   1.72009860E-002  -4.76854386E-003
     343       1     1.18130082E+001   1.00002268E+000   2.18898463E-001   1.19999997E+001   0.00000000E+000   2.15597130E-020   4.61796971E-020  -1.19999997E+001  -3.99074191E-020   4.33680869E-019   4.33680869E-019   6.71046285E-002   5.79161069E-002  -1.25020821E-001   6.25102348E-002   1.72611832E-002  -4.79010050E-003
     344       1     1.18123912E+001   1.00002268E+000   2.19624853E-001   1.19999997E+001   0.00000000E+000   5.56122832E-020  -2.91261150E-020  -1.19999997E+001  -5.62643471E-020   0.00000000E+000   0.00000000E+000   6.73418657E-002   5.80925998E-002  -1.25434551E-001   6.27170993E-002   1.73202354E-002  -4.81474035E-003
     345       1     1.18117791E+001   1.00002268E+000   2.20346931E-001   1.19999997E+001   0.00000000E+000  -3.52205750E-021   1.09967297E-020  -1.19999997E+001   1.89685439E-021   0.00000000E+000   4.33680869E-019   6.75795335E-002   5.82654529E-002  -1.25845072E-001   6.29223592E-002   1.73840751E-002  -4.83818166E-003
     346       1     1.18111611E+001   1.00002268E+000   2.21078407E-001   1.19999997E+001   0.00000000E+000   3.25356760E-020   4.57332393E-020  -1.19999997E+001   2.81460353E-020   0.00000000E+000   8.67361738E-019   6.78181538E-002   5.84412895E-002  -1.26259529E-001   6.31295870E-002   1.74570764E-002  -4.86987752E-003
     347       1     1.18105504E+001   1.00002268E+000   2.21798419E-001   1.19999997E+001   0.00000000E+000  -3.99605655E-020   1.52510650E-020  -1.19999997E+001  -2.74212958E-020   4.33680869E-019  -8.67361738E-019   6.80529947E-002   5.86160537E-002  -1.26669134E-001   6.33343890E-002   1.75192166E-002  -4.89399235E-003
     348       1     1.18099351E+001   1.00002268E+000   2.22523731E-001   1.19999997E+001   0.00000000E+000   2.10852539E-020   1.88146108E-021  -1.19999997E+001  -3.54400364E-021   0.00000000E+000  -8.67361738E-019   6.82885341E-002   5.87931777E-002  -1.27081797E-001   6.35407200E-002   1.75816365E-002  -4.91876804E-003
     349       1     1.18092896E+001   1.00002268E+000   2.23284747E-001   1.19999997E+001   0.00000000E+000  -3.58413030E-020   4.28637368E-020  -1.19999997E+001  -9.79656091E-021   0.00000000E+000   0.00000000E+000   6.85341589E-002   5.89804499E-002  -1.27514694E-001   6.37571667E-002   1.76474900E-002  -4.94688546E-003
     350       1     1.18086609E+001   1.00002268E+000   2.24026879E-001   1.19999997E+001   0.00000000E+000   4.80605895E-020   6.22464526E-020  -1.19999997E+001   3.72528802E-020   0.00000000E+000  -4.33680869E-019   6.87766214E-002   5.91597220E-002  -1.27936427E-001   6.39680319E-002   1.77140407E-002  -4.97375876E-003
     351       1     1.18080370E+001   1.00002268E+000   2.24762667E-001   1.19999997E+001   0.00000000E+000  -4.49252389E-020   9.67836730E-020  -1.19999997E+001   9.08612666E-022  -4.33680869E-019   4.33680869E-019   6.90165804E-002   5.93381820E-002  -1.28354846E-001   6.41772406E-002   1.77781583E-002  -5.00003466E-003
     352       1     1.18074013E+001   1.00002268E+000   2.25512032E-001   1.19999997E+001   0.00000000E+000  -3.06202553E-020  -9.24588884E-021  -1.19999997E+001   1.02853318E-020   4.33680869E-019  -8.67361738E-019   6.92616545E-002   5.95195295E-002  -1.28781268E-001   6.43904507E-002   1.78409578E-002  -5.02784263E-003
     353       1     1.18067544E+001   1.00002268E+000   2.26273453E-001   1.19999997E+001   0.00000000E+000   2.99573540E-020   3.01748767E-020  -1.19999997E+001   3.12917240E-020   8.67361738E-019   0.00000000E+000   6.95051586E-002   5.97099269E-002  -1.29215167E-001   6.46073995E-002   1.79044549E-002  -5.04697618E-003
     354       1     1.18061107E+001   1.00002268E+000   2.27032789E-001   1.19999997E+001   0.00000000E+000   1.41367752E-020   9.22440800E-021  -1.19999997E+001   3.00717634E-020   0.00000000E+000  -4.33680869E-019   6.97523281E-002   5.98944692E-002  -1.29646879E-001   6.48232546E-002   1.79716730E-002  -5.07310987E-003
     355       1     1.18054752E+001   1.00002268E+000   2.27783096E-001   1.19999997E+001   0.00000000E+000   2.39529533E-021   3.89190546E-020  -1.19999997E+001  -2.97663528E-020   8.67361738E-019   0.00000000E+000   6.99941470E-002   6.00789912E-002  -1.30073220E-001   6.50364241E-002   1.80391901E-002  -5.10326641E-003
     356       1     1.18047932E+001   1.00002268E+000   2.28587259E-001   1.19999997E+001   0.00000000E+000   2.81846607E-020   3.78085000E-020  -1.19999997E+001   2.06391127E-020  -8.67361738E-019   0.00000000E+000   7.02532039E-002   6.02774101E-002  -1.30530695E-001   6.52651608E-002   1.81110843E-002  -5.12398600E-003
     357       1     1.18041556E+001   1.00002268E+000   2.29340233E-001   1.19999997E+001   0.00000000E+000   4.11698971E-020  -9.06308516E-021  -1.19999997E+001  -4.37892614E-021  -4.33680869E-019   0.00000000E+000   7.04943745E-002   6.04639276E-002  -1.30958383E-001   6.54790039E-002   1.81796366E-002  -5.15697550E-003
     358       1     1.18035057E+001   1.00002268E+000   2.30106952E-001   1.19999997E+001   0.00000000E+000  -2.74602436E-020   7.33311640E-020  -1.19999997E+001  -1.64443764E-020  -4.33680869E-019  -8.67361738E-019   7.07431380E-002   6.06511384E-002  -1.31394357E-001   6.56969902E-002   1.82466761E-002  -5.18519452E-003
     359       1     1.18028393E+001   1.00002268E+000   2.30893230E-001   1.19999997E+001   0.00000000E+000  -3.88029650E-020  -4.17921372E-020  -1.19999997E+001   1.01410986E-020  -8.67361738E-019   4.33680869E-019   7.09976505E-002   6.08436809E-002  -1.31841411E-001   6.59205168E-002   1.83163955E-002  -5.21224461E-003
     360       1     1.18021738E+001   1.00002268E+000   2.31677758E-001   1.19999997E+001   0.00000000E+000   2.71069672E-021   4.44694365E-020  -1.19999997E+001  -7.01689559E-021   0.00000000E+000   4.33680869E-019   7.12508894E-002   6.10369035E-002  -1.32287873E-001   6.61437467E-002   1.83817220E-002  -5.24479121E-003
     361       1     1.18015175E+001   1.00002268E+000   2.32452321E-001   1.19999997E+001   0.00000000E+000  -1.80005746E-020   1.67931623E-020  -1.19999997E+001  -1.71234529E-020  -4.33680869E-019   4.33680869E-019   7.15006583E-002   6.12274110E-002  -1.32728149E-001   6.63638840E-002   1.84491996E-002  -5.27936166E-003
     362       1     1.18008618E+001   1.00002268E+000   2.33226907E-001   1.19999997E+001   0.00000000E+000   4.64462172E-020  -7.33326632E-021  -1.19999997E+001  -3.22844328E-020   0.00000000E+000   4.33680869E-019   7.17530056E-002   6.14149920E-002  -1.33168077E-001   6.65838472E-002   1.85192281E-002  -5.31134153E-003
     363       1     1.18001908E+001   1.00002268E+000   2.34017664E-001   1.19999997E+001   0.00000000E+000  -2.45629603E-020   5.08569769E-020  -1.19999997E+001   7.12021562E-022  -4.33680869E-019   4.33680869E-019   7.20099284E-002   6.16081850E-002  -1.33618190E-001   6.68089016E-002   1.85835782E-002  -5.34485440E-003
     364       1     1.17995202E+001   1.00002268E+000   2.34808176E-001   1.19999997E+001   0.00000000E+000  -2.37266936E-020   4.54377548E-020  -1.19999997E+001   1.43944031E-020   0.00000000E+000  -4.33680869E-019   7.22625839E-002   6.18054499E-002  -1.34068109E-001   6.70338603E-002   1.86511445E-002  -5.37244668E-003
     365       1     1.17988431E+001   1.00002268E+000   2.35609113E-001   1.19999997E+001   0.00000000E+000   2.86650006E-020  -2.91381996E-020  -1.19999997E+001  -3.92619339E-020   8.67361738E-019   0.00000000E+000   7.25278883E-002   6.19944689E-002  -1.34522436E-001   6.72610248E-002   1.87268217E-002  -5.40352502E-003
     366       1     1.17981787E+001   1.00002268E+000   2.36394011E-001   1.19999997E+001   0.00000000E+000  -1.67310721E-020   3.00200129E-020  -1.19999997E+001  -3.83595445E-020   4.33680869E-019   4.33680869E-019   7.27824069E-002   6.21857117E-002  -1.34968199E-001   6.74839068E-002   1.87966660E-002  -5.44111241E-003
     367       1     1.17975077E+001   1.00002268E+000   2.37185475E-001   1.19999997E+001   0.00000000E+000   4.92279933E-020  -3.84219191E-020  -1.19999997E+001   2.19730190E-021  -4.33680869E-019  -4.33680869E-019   7.30399129E-002   6.23784139E-002  -1.35418407E-001   6.77090098E-002   1.88621342E-002  -5.47779855E-003
     368       1     1.17968311E+001   1.00002268E+000   2.37985721E-001   1.19999997E+001   0.00000000E+000   5.68611514E-020  -4.17229642E-020  -1.19999997E+001   1.69177564E-020  -4.33680869E-019   0.00000000E+000   7.33015313E-002   6.25708018E-002  -1.35872416E-001   6.79360143E-002   1.89373019E-002  -5.51160930E-003
     369       1     1.17961599E+001   1.00002268E+000   2.38779078E-001   1.19999997E+001   0.00000000E+000   9.18656449E-021  -4.33250321E-020  -1.19999997E+001  -2.19353435E-020   8.67361738E-019  -8.67361738E-019   7.35593476E-002   6.27633869E-002  -1.36322820E-001   6.81612164E-002   1.90086332E-002  -5.55013129E-003
     370       1     1.17954899E+001   1.00002268E+000   2.39569871E-001   1.19999997E+001   0.00000000E+000  -9.18481577E-020  -3.17757426E-020  -1.19999997E+001   1.40870668E-020   0.00000000E+000   1.30104261E-018   7.38155079E-002   6.29568157E-002  -1.36772410E-001   6.83860108E-002   1.90760426E-002  -5.58643062E-003
     371       1     1.17948250E+001   1.00002268E+000   2.40355046E-001   1.19999997E+001   0.00000000E+000  -5.32823803E-020  -1.53202897E-022  -1.19999997E+001  -1.12541800E-020  -4.33680869E-019   4.33680869E-019   7.40663721E-002   6.31521102E-002  -1.37218568E-001   6.86090894E-002   1.91452941E-002  -5.62352209E-003
     372       1     1.17941657E+001   1.00002268E+000   2.41133759E-001   1.19999997E+001   0.00000000E+000  -7.72410593E-022   4.87456759E-020  -1.19999997E+001   4.22396419E-020   4.33680869E-019   0.00000000E+000   7.43195441E-002   6.33413734E-002  -1.37661003E-001   6.88303060E-002   1.92128142E-002  -5.66115440E-003
     373       1     1.17934713E+001   1.00002268E+000   2.41954227E-001   1.19999997E+001   0.00000000E+000   7.22330946E-020  -6.44584628E-020  -1.19999997E+001  -5.57500023E-021   0.00000000E+000   1.73472348E-018   7.45875365E-002   6.35393614E-002  -1.38126984E-001   6.90632961E-002   1.92856035E-002  -5.69812405E-003
     374       1     1.17927951E+001   1.00002268E+000   2.42753728E-001   1.19999997E+001   0.00000000E+000  -4.25697654E-020  -2.57950458E-020  -1.19999997E+001  -2.28396070E-020   1.30104261E-018   4.33680869E-019   7.48451675E-002   6.37354971E-002  -1.38580752E-001   6.92901804E-002   1.93581000E-002  -5.73935508E-003
     375       1     1.17921295E+001   1.00002268E+000   2.43539263E-001   1.19999997E+001   0.00000000E+000  -2.43341285E-020   1.69242317E-020  -1.19999997E+001  -4.26536846E-020   1.30104261E-018   8.67361738E-019   7.50970183E-002   6.39303466E-002  -1.39027453E-001   6.95135297E-002   1.94251776E-002  -5.77471133E-003
     376       1     1.17914506E+001   1.00002268E+000   2.44341833E-001   1.19999997E+001   0.00000000E+000   2.40992221E-020   1.73360254E-021  -1.19999997E+001  -1.76685650E-020   0.00000000E+000   4.33680869E-019   7.53578598E-002   6.41251494E-002  -1.39483099E-001   6.97413531E-002   1.94976357E-002  -5.81159236E-003
     377       1     1.17907796E+001   1.00002268E+000   2.45132130E-001   1.19999997E+001   0.00000000E+000  -2.30997941E-021  -1.93412922E-020  -1.19999997E+001  -1.99185092E-020   0.00000000E+000  -4.33680869E-019   7.56091813E-002   6.43240843E-002  -1.39933356E-001   6.99664805E-002   1.95600016E-002  -5.84622415E-003
     378       1     1.17901155E+001   1.00002268E+000   2.45916342E-001   1.19999997E+001   0.00000000E+000  -4.53049552E-020  -2.16091758E-020  -1.19999997E+001   4.62582663E-021  -4.33680869E-019   4.33680869E-019   7.58590892E-002   6.45198943E-002  -1.40379073E-001   7.01893385E-002   1.96275972E-002  -5.88603711E-003
     379       1     1.17894517E+001   1.00002268E+000   2.46700219E-001   1.19999997E+001   0.00000000E+000  -4.08426244E-020  -3.69283508E-020  -1.19999997E+001  -2.41410206E-020   4.33680869E-019   0.00000000E+000   7.61117650E-002   6.47127079E-002  -1.40824563E-001   7.04120823E-002   1.96950980E-002  -5.92408710E-003
     380       1     1.17887789E+001   1.00002268E+000   2.47494005E-001   1.19999997E+001   0.00000000E+000  -1.28554724E-020   5.13213338E-020  -1.19999997E+001  -4.15103788E-020   0.00000000E+000   8.67361738E-019   7.63644270E-002   6.49116002E-002  -1.41276117E-001   7.06378584E-002   1.97620219E-002  -5.96028658E-003
     381       1     1.17881006E+001   1.00002268E+000   2.48295097E-001   1.19999997E+001   0.00000000E+000  -9.65581161E-020   5.17534856E-020  -1.19999997E+001  -4.25646205E-020   0.00000000E+000  -4.33680869E-019   7.66218620E-002   6.51094541E-002  -1.41731405E-001   7.08655020E-002   1.98312455E-002  -5.99858678E-003
     382       1     1.17874064E+001   1.00002268E+000   2.49114636E-001   1.19999997E+001   0.00000000E+000   5.02844387E-021   4.93481607E-020  -1.19999997E+001   1.77564658E-021   0.00000000E+000   4.33680869E-019   7.68833782E-002   6.53138585E-002  -1.42197326E-001   7.10984609E-002   1.99010131E-002  -6.03951317E-003
     383       1     1.17867386E+001   1.00002268E+000   2.49903376E-001   1.19999997E+001   0.00000000E+000   2.47008022E-020   4.34995786E-021  -1.19999997E+001  -3.39170676E-020   0.00000000E+000  -4.33680869E-019   7.71385956E-002   6.55068579E-002  -1.42645542E-001   7.13225685E-002   1.99683385E-002  -6.07931935E-003
     384       1     1.17860575E+001   1.00002268E+000   2.50708129E-001   1.19999997E+001   0.00000000E+000  -2.01792003E-021   6.53230669E-020  -1.19999997E+001   6.87359172E-020   4.33680869E-019   4.33680869E-019   7.73945065E-002   6.57081557E-002  -1.43102752E-001   7.15511729E-002   2.00380081E-002  -6.12334369E-003
     385       1     1.17853659E+001   1.00002268E+000   2.51525733E-001   1.19999997E+001   0.00000000E+000  -3.79149995E-020  -4.99564616E-020  -1.19999997E+001  -7.01789079E-021   0.00000000E+000  -8.67361738E-019   7.76578287E-002   6.59090578E-002  -1.43566978E-001   7.17832852E-002   2.01116218E-002  -6.16206864E-003
     386       1     1.17846750E+001   1.00002268E+000   2.52340374E-001   1.19999997E+001   0.00000000E+000  -7.30522749E-020   3.39229871E-020  -1.19999997E+001   1.05701145E-020   0.00000000E+000   4.33680869E-019   7.79202136E-002   6.61103987E-002  -1.44030704E-001   7.20151474E-002   2.01757583E-002  -6.20360799E-003
     387       1     1.17839707E+001   1.00002268E+000   2.53174107E-001   1.19999997E+001   0.00000000E+000   2.00103003E-020   5.96392149E-020  -1.19999997E+001   4.91399438E-020   8.67361738E-019   0.00000000E+000   7.81885102E-002   6.63149063E-002  -1.44503511E-001   7.22515512E-002   2.02531654E-002  -6.24858891E-003
     388       1     1.17832961E+001   1.00002268E+000   2.53971161E-001   1.19999997E+001   0.00000000E+000  -2.94113760E-020   1.55449985E-020  -1.19999997E+001   4.01670828E-021  -8.67361738E-019   4.33680869E-019   7.84442790E-002   6.65119722E-002  -1.44956346E-001   7.24779677E-002   2.03221037E-002  -6.28981573E-003
     389       1     1.17826153E+001   1.00002268E+000   2.54775764E-001   1.19999997E+001   0.00000000E+000   5.98571156E-021  -1.96481956E-020  -1.19999997E+001   1.94732146E-020   0.00000000E+000   0.00000000E+000   7.87018310E-002   6.67114743E-002  -1.45413400E-001   7.27064938E-002   2.03920853E-002  -6.33225471E-003
     390       1     1.17819280E+001   1.00002268E+000   2.55588863E-001   1.19999997E+001   0.00000000E+000  -2.37995889E-020   7.10365003E-020  -1.19999997E+001  -1.05469018E-020   1.30104261E-018  -4.33680869E-019   7.89612461E-002   6.69134425E-002  -1.45874783E-001   7.29371844E-002   2.04649166E-002  -6.38019842E-003
     391       1     1.17812427E+001   1.00002268E+000   2.56398058E-001   1.19999997E+001   0.00000000E+000  -3.63496297E-020  -6.19447773E-020  -1.19999997E+001  -2.64348878E-020   0.00000000E+000   4.33680869E-019   7.92215988E-002   6.71131742E-002  -1.46334866E-001   7.31672246E-002   2.05323024E-002  -6.42158251E-003
     392       1     1.17805350E+001   1.00002268E+000   2.57234093E-001   1.19999997E+001   0.00000000E+000   3.49015741E-020   2.00524995E-020  -1.19999997E+001  -1.85388624E-020   0.00000000E+000   4.33680869E-019   7.94897690E-002   6.73201451E-002  -1.46810007E-001   7.34047941E-002   2.06048851E-002  -6.46007411E-003
     393       1     1.17798343E+001   1.00002268E+000   2.58062088E-001   1.19999997E+001   0.00000000E+000  -1.40717898E-020   6.13811183E-020  -1.19999997E+001   5.62579364E-020  -4.33680869E-019   1.30104261E-018   7.97534131E-002   6.75269184E-002  -1.47280425E-001   7.36400020E-002   2.06776207E-002  -6.50069724E-003
     394       1     1.17791515E+001   1.00002268E+000   2.58868857E-001   1.19999997E+001   0.00000000E+000  -8.85292894E-020  -3.94589321E-020  -1.19999997E+001   1.30831022E-020   0.00000000E+000   4.33680869E-019   8.00110810E-002   6.77276601E-002  -1.47738834E-001   7.38692059E-002   2.07473795E-002  -6.54184232E-003
     395       1     1.17784549E+001   1.00002268E+000   2.59692913E-001   1.19999997E+001   0.00000000E+000   8.37672882E-021  -6.43701354E-020  -1.19999997E+001  -3.33457184E-023   0.00000000E+000   8.67361738E-019   8.02739461E-002   6.79324828E-002  -1.48206522E-001   7.41030491E-002   2.08213017E-002  -6.58763816E-003
     396       1     1.17777506E+001   1.00002268E+000   2.60523525E-001   1.19999997E+001   0.00000000E+000   1.39122344E-020  -1.25605567E-020  -1.19999997E+001  -4.42557137E-021  -8.67361738E-019   4.33680869E-019   8.05356665E-002   6.81436123E-002  -1.48679371E-001   7.43394732E-002   2.08883121E-002  -6.62870816E-003
     397       1     1.17770612E+001   1.00002268E+000   2.61338037E-001   1.19999997E+001   0.00000000E+000  -5.31344636E-020   2.13913689E-020  -1.19999997E+001  -5.45661840E-020   4.33680869E-019   0.00000000E+000   8.07938142E-002   6.83483884E-002  -1.49142295E-001   7.45709342E-002   2.09576582E-002  -6.67274061E-003
     398       1     1.17763730E+001   1.00002268E+000   2.62150999E-001   1.19999997E+001   0.00000000E+000   2.73955708E-020   5.23250028E-020  -1.19999997E+001  -3.62969761E-020  -4.33680869E-019   4.33680869E-019   8.10521029E-002   6.85521921E-002  -1.49604388E-001   7.48019794E-002   2.10268131E-002  -6.71511870E-003
     399       1     1.17756602E+001   1.00002268E+000   2.62992774E-001   1.19999997E+001   0.00000000E+000  -4.30055611E-020  -3.16579469E-020  -1.19999997E+001   4.55897040E-020   4.33680869E-019  -8.67361738E-019   8.13215543E-002   6.87612891E-002  -1.50082939E-001   7.50412543E-002   2.10959658E-002  -6.76295448E-003
     400       1     1.17749502E+001   1.00002268E+000   2.63831127E-001   1.19999997E+001   0.00000000E+000  -6.62947198E-020  -6.72765153E-020  -1.19999997E+001  -2.59613123E-020  -4.33680869E-019   0.00000000E+000   8.15889872E-002   6.89706336E-002  -1.50559717E-001   7.52796430E-002   2.11663003E-002  -6.80301740E-003
     401       1     1.17742568E+001   1.00002268E+000   2.64650523E-001   1.19999997E+001   0.00000000E+000  -9.03973993E-020   7.26401580E-021  -1.19999997E+001   3.89259919E-020   0.00000000E+000  -4.33680869E-019   8.18489219E-002   6.91762700E-002  -1.51025289E-001   7.55124277E-002   2.12368315E-002  -6.84713622E-003
     402       1     1.17735667E+001   1.00002268E+000   2.65466272E-001   1.19999997E+001   0.00000000E+000   5.86267749E-020  -5.26128229E-021  -1.19999997E+001  -3.14375808E-020   4.33680869E-019  -4.33680869E-019   8.21078434E-002   6.93807881E-002  -1.51488728E-001   7.57441465E-002   2.13073320E-002  -6.89124310E-003
     403       1     1.17728621E+001   1.00002268E+000   2.66300196E-001   1.19999997E+001   0.00000000E+000  -8.29891180E-020  -1.28423151E-020  -1.19999997E+001   3.51245833E-020  -4.33680869E-019   4.33680869E-019   8.23748047E-002   6.95870025E-002  -1.51961905E-001   7.59807340E-002   2.13825132E-002  -6.93718204E-003
     404       1     1.17721603E+001   1.00002268E+000   2.67128840E-001   1.19999997E+001   0.00000000E+000  -8.02894590E-020  -6.52954080E-020  -1.19999997E+001   2.68714917E-020   4.33680869E-019   0.00000000E+000   8.26351083E-002   6.97979932E-002  -1.52433200E-001   7.62163821E-002   2.14523907E-002  -6.97827242E-003
     405       1     1.17714685E+001   1.00002268E+000   2.67946135E-001   1.19999997E+001   0.00000000E+000  -4.63567216E-020  -6.37320173E-020  -1.19999997E+001   1.01275729E-020  -8.67361738E-019   8.67361738E-019   8.28938738E-002   7.00038186E-002  -1.52897791E-001   7.64486766E-002   2.15214636E-002  -7.02176523E-003
     406       1     1.17707708E+001   1.00002268E+000   2.68770225E-001   1.19999997E+001   0.00000000E+000   7.05832441E-020  -3.55118524E-020  -1.19999997E+001  -4.11106050E-020   8.67361738E-019  -4.33680869E-019   8.31542260E-002   7.02119903E-002  -1.53366315E-001   7.66829375E-002   2.15907380E-002  -7.06570119E-003
     407       1     1.17700704E+001   1.00002268E+000   2.69597849E-001   1.19999997E+001   0.00000000E+000   2.40452486E-020  -2.60473230E-020  -1.19999997E+001  -1.76768885E-020   0.00000000E+000   8.67361738E-019   8.34167588E-002   7.04198045E-002  -1.53836661E-001   7.69181100E-002   2.16613519E-002  -7.10952669E-003
     408       1     1.17693605E+001   1.00002268E+000   2.70437125E-001   1.19999997E+001   0.00000000E+000   8.04577902E-021  -4.49606186E-020  -1.19999997E+001  -1.87555320E-020  -4.33680869E-019   1.73472348E-018   8.36813849E-002   7.06319664E-002  -1.54313450E-001   7.71565035E-002   2.17333633E-002  -7.15794903E-003
     409       1     1.17686355E+001   1.00002268E+000   2.71292698E-001   1.19999997E+001   0.00000000E+000   9.44639613E-020   5.05314684E-020  -1.19999997E+001   4.81639612E-020   1.30104261E-018   1.73472348E-018   8.39469130E-002   7.08533753E-002  -1.54800387E-001   7.73999694E-002   2.18039227E-002  -7.20097088E-003
     410       1     1.17679331E+001   1.00002268E+000   2.72121469E-001   1.19999997E+001   0.00000000E+000   2.01085280E-020   4.80131300E-020  -1.19999997E+001   2.18992707E-020   4.33680869E-019   4.33680869E-019   8.42061851E-002   7.10658134E-002  -1.55272096E-001   7.76358224E-002   2.18713953E-002  -7.24279872E-003
     411       1     1.17672304E+001   1.00002268E+000   2.72951548E-001   1.19999997E+001   0.00000000E+000  -2.71991203E-020  -1.79781244E-021  -1.19999997E+001  -8.01730592E-021   0.00000000E+000   0.00000000E+000   8.44682321E-002   7.12757349E-002  -1.55744064E-001   7.78718057E-002   2.19406498E-002  -7.28760732E-003
     412       1     1.17665230E+001   1.00002268E+000   2.73788259E-001   1.19999997E+001   0.00000000E+000  -1.43607408E-020   2.01574093E-020  -1.19999997E+001  -2.87898273E-021   0.00000000E+000   4.33680869E-019   8.47328250E-002   7.14863137E-002  -1.56219236E-001   7.81093910E-002   2.20131451E-002  -7.33604576E-003
     413       1     1.17657983E+001   1.00002268E+000   2.74643801E-001   1.19999997E+001   0.00000000E+000   8.59748264E-020  -1.36906146E-020  -1.19999997E+001   3.01339571E-020  -4.33680869E-019   4.33680869E-019   8.50047969E-002   7.17010592E-002  -1.56705954E-001   7.83527489E-002   2.20828029E-002  -7.37986505E-003
     414       1     1.17650831E+001   1.00002268E+000   2.75487592E-001   1.19999997E+001   0.00000000E+000   1.40596406E-020  -4.75283634E-020  -1.19999997E+001   3.36723352E-020   4.33680869E-019   0.00000000E+000   8.52681589E-002   7.19180670E-002  -1.57186323E-001   7.85929328E-002   2.21512773E-002  -7.42108288E-003
     415       1     1.17643251E+001   1.00002268E+000   2.76384351E-001   1.19999997E+001   0.00000000E+000   3.02073435E-021  -4.62844840E-020  -1.19999997E+001   8.58499738E-021   4.33680869E-019  -4.33680869E-019   8.55503639E-002   7.21450309E-002  -1.57695492E-001   7.88475161E-002   2.22324476E-002  -7.46579534E-003
     416       1     1.17636171E+001   1.00002268E+000   2.77221123E-001   1.19999997E+001   0.00000000E+000   2.73228872E-020   6.47903690E-020  -1.19999997E+001  -3.92986142E-020  -4.33680869E-019  -8.67361738E-019   8.58154515E-002   7.23555147E-002  -1.58171063E-001   7.90853008E-002   2.23032279E-002  -7.51107179E-003
     417       1     1.17628844E+001   1.00002268E+000   2.78085781E-001   1.19999997E+001   0.00000000E+000   1.36881072E-020  -1.92561895E-020  -1.19999997E+001   7.33079771E-021  -4.33680869E-019   4.33680869E-019   8.60856335E-002   7.25774896E-002  -1.58663222E-001   7.93313784E-002   2.23709680E-002  -7.56193307E-003
     418       1     1.17621750E+001   1.00002268E+000   2.78923749E-001   1.19999997E+001   0.00000000E+000  -3.24105100E-020  -2.50331866E-020  -1.19999997E+001   3.38535718E-020  -1.30104261E-018   0.00000000E+000   8.63522520E-002   7.27874198E-002  -1.59139772E-001   7.95696526E-002   2.24395679E-002  -7.60670721E-003
     419       1     1.17614589E+001   1.00002268E+000   2.79769461E-001   1.19999997E+001   0.00000000E+000  -4.09266090E-020  -3.58726308E-020  -1.19999997E+001   3.88836926E-021   0.00000000E+000   0.00000000E+000   8.66191748E-002   7.30015496E-002  -1.59620823E-001   7.98101765E-002   2.25084072E-002  -7.65291109E-003
     420       1     1.17607351E+001   1.00002268E+000   2.80623087E-001   1.19999997E+001   0.00000000E+000  -4.06482240E-020   8.21286951E-021  -1.19999997E+001  -2.58895641E-020   0.00000000E+000  -8.67361738E-019   8.68851263E-002   7.32218608E-002  -1.60107085E-001   8.00533063E-002   2.25764933E-002  -7.69220397E-003
     421       1     1.17600115E+001   1.00002268E+000   2.81477906E-001   1.19999997E+001   0.00000000E+000  -5.86069484E-020   1.95820405E-020  -1.19999997E+001  -2.96009296E-020  -4.33680869E-019   0.00000000E+000   8.71544528E-002   7.34386097E-002  -1.60593161E-001   8.02963429E-002   2.26479778E-002  -7.73679906E-003
     422       1     1.17592982E+001   1.00002268E+000   2.82320775E-001   1.19999997E+001   0.00000000E+000   4.28908011E-020   4.16898124E-020  -1.19999997E+001  -4.50438359E-020   0.00000000E+000   4.33680869E-019   8.74205584E-002   7.36517448E-002  -1.61072401E-001   8.05359622E-002   2.27178875E-002  -7.78269775E-003
     423       1     1.17585655E+001   1.00002268E+000   2.83186671E-001   1.19999997E+001   0.00000000E+000   1.57893657E-020   6.26147289E-020  -1.19999997E+001  -7.12559229E-021   4.33680869E-019   4.33680869E-019   8.76897233E-002   7.38748259E-002  -1.61564646E-001   8.07820839E-002   2.27895164E-002  -7.83583387E-003
     424       1     1.17578321E+001   1.00002268E+000   2.84053288E-001   1.19999997E+001   0.00000000E+000   7.40565901E-020   2.64676858E-020  -1.19999997E+001   2.38347836E-020   0.00000000E+000   0.00000000E+000   8.79620892E-002   7.40951701E-002  -1.62057358E-001   8.10284397E-002   2.28612385E-002  -7.88503855E-003
     425       1     1.17570986E+001   1.00002268E+000   2.84921464E-001   1.19999997E+001   0.00000000E+000  -3.12320393E-020  -1.70665110E-020  -1.19999997E+001   6.24903934E-021   0.00000000E+000   0.00000000E+000   8.82389829E-002   7.43111317E-002  -1.62550213E-001   8.12748662E-002   2.29364309E-002  -7.93595761E-003
     426       1     1.17563806E+001   1.00002268E+000   2.85771032E-001   1.19999997E+001   0.00000000E+000  -5.37409647E-020   6.91392840E-020  -1.19999997E+001  -2.27625047E-020   8.67361738E-019   4.33680869E-019   8.85078850E-002   7.45246777E-002  -1.63032661E-001   8.15160891E-002   2.30097157E-002  -7.98521534E-003
     427       1     1.17556589E+001   1.00002268E+000   2.86624230E-001   1.19999997E+001   0.00000000E+000  -1.43945453E-020  -2.65013159E-020  -1.19999997E+001  -3.68171499E-020   4.33680869E-019   4.33680869E-019   8.87771488E-002   7.47402830E-002  -1.63517530E-001   8.17585223E-002   2.30818324E-002  -8.03235874E-003
     428       1     1.17549260E+001   1.00002268E+000   2.87490831E-001   1.19999997E+001   0.00000000E+000  -4.82106323E-020  -2.03923285E-020  -1.19999997E+001   1.03556292E-020   0.00000000E+000  -4.33680869E-019   8.90465873E-002   7.49633140E-002  -1.64010000E-001   8.20047565E-002   2.31544688E-002  -8.08577897E-003
     429       1     1.17541984E+001   1.00002268E+000   2.88351663E-001   1.19999997E+001   0.00000000E+000   5.46575293E-020  -3.28833245E-020  -1.19999997E+001   3.44170175E-020   0.00000000E+000  -4.33680869E-019   8.93163157E-002   7.51825085E-002  -1.64498925E-001   8.22492191E-002   2.32284583E-002  -8.13696569E-003
     430       1     1.17534729E+001   1.00002268E+000   2.89208494E-001   1.19999997E+001   0.00000000E+000  -1.42198099E-020   3.69087731E-020  -1.19999997E+001  -4.14058956E-020   0.00000000E+000   0.00000000E+000   8.95866327E-002   7.53996619E-002  -1.64986395E-001   8.24929533E-002   2.32974874E-002  -8.18322599E-003
     431       1     1.17527446E+001   1.00002268E+000   2.90069977E-001   1.19999997E+001   0.00000000E+000  -8.14956499E-020   1.32070242E-020  -1.19999997E+001   2.96701543E-020   4.33680869E-019   0.00000000E+000   8.98582562E-002   7.56174584E-002  -1.65475816E-001   8.27376630E-002   2.33702423E-002  -8.23400611E-003
     432       1     1.17520011E+001   1.00002268E+000   2.90948103E-001   1.19999997E+001   0.00000000E+000  -3.64594961E-020   1.83289871E-020  -1.19999997E+001   2.90121063E-020  -4.33680869E-019   0.00000000E+000   9.01302315E-002   7.58451323E-002  -1.65975465E-001   8.29874851E-002   2.34411424E-002  -8.28397056E-003
     433       1     1.17512486E+001   1.00002268E+000   2.91836568E-001   1.19999997E+001   0.00000000E+000  -1.47460583E-020  -2.07480938E-020  -1.19999997E+001  -6.25808662E-021   4.33680869E-019   0.00000000E+000   9.04061665E-002   7.60748622E-002  -1.66481130E-001   8.32403162E-002   2.35126562E-002  -8.33181862E-003
     434       1     1.17505223E+001   1.00002268E+000   2.92694806E-001   1.19999997E+001   0.00000000E+000   3.36064871E-020  -2.04935192E-020  -1.19999997E+001   3.48713755E-020   0.00000000E+000  -1.30104261E-018   9.06772799E-002   7.62918008E-002  -1.66969182E-001   8.34843411E-002   2.35827865E-002  -8.37908115E-003
     435       1     1.17497770E+001   1.00002268E+000   2.93575476E-001   1.19999997E+001   0.00000000E+000   8.57527414E-020   6.91670334E-021  -1.19999997E+001   1.74646779E-020   8.67361738E-019   4.33680869E-019   9.09527940E-002   7.65171373E-002  -1.67470032E-001   8.37347653E-002   2.36547663E-002  -8.42894098E-003
     436       1     1.17490491E+001   1.00002268E+000   2.94435650E-001   1.19999997E+001   0.00000000E+000   7.86582847E-021   1.72535529E-020  -1.19999997E+001   1.68493007E-020   0.00000000E+000  -4.33680869E-019   9.12249706E-002   7.67341593E-002  -1.67959231E-001   8.39793635E-002   2.37246949E-002  -8.47591791E-003
     437       1     1.17483168E+001   1.00002268E+000   2.95301075E-001   1.19999997E+001   0.00000000E+000   3.03584510E-020  -5.50105351E-020  -1.19999997E+001   3.68021443E-020  -4.33680869E-019  -4.33680869E-019   9.14965559E-002   7.69547298E-002  -1.68451388E-001   8.42254417E-002   2.37954311E-002  -8.52450158E-003
     438       1     1.17475663E+001   1.00002268E+000   2.96186206E-001   1.19999997E+001   0.00000000E+000  -4.29096065E-021  -6.55922431E-020  -1.19999997E+001   2.94499046E-020   0.00000000E+000   0.00000000E+000   9.17712280E-002   7.71844484E-002  -1.68955779E-001   8.44776362E-002   2.38629019E-002  -8.57053827E-003
     439       1     1.17468111E+001   1.00002268E+000   2.97077125E-001   1.19999997E+001   0.00000000E+000   1.91494897E-021  -2.19879212E-020  -1.19999997E+001  -6.26374764E-021  -4.33680869E-019   4.33680869E-019   9.20497625E-002   7.74134360E-002  -1.69463302E-001   8.47313964E-002   2.39323438E-002  -8.61401377E-003
     440       1     1.17460655E+001   1.00002268E+000   2.97958660E-001   1.19999997E+001   0.00000000E+000  -6.70232397E-020   1.58438078E-019  -1.19999997E+001  -1.31673324E-020  -1.30104261E-018   0.00000000E+000   9.23265612E-002   7.76377416E-002  -1.69964408E-001   8.49819490E-002   2.40049051E-002  -8.66588587E-003
     441       1     1.17453343E+001   1.00002268E+000   2.98823098E-001   1.19999997E+001   0.00000000E+000   3.44982266E-020   3.27879661E-020  -1.19999997E+001  -2.29135104E-020   4.33680869E-019   0.00000000E+000   9.26004521E-002   7.78553693E-002  -1.70455927E-001   8.52277072E-002   2.40752789E-002  -8.71421239E-003
     442       1     1.17446031E+001   1.00002268E+000   2.99687262E-001   1.19999997E+001   0.00000000E+000   3.49909290E-020   4.73819395E-020  -1.19999997E+001  -2.21794523E-020   0.00000000E+000  -8.67361738E-019   9.28739309E-002   7.80733121E-002  -1.70947348E-001   8.54734170E-002   2.41454716E-002  -8.76205307E-003
     443       1     1.17438668E+001   1.00002268E+000   3.00559234E-001   1.19999997E+001   0.00000000E+000   2.75901957E-020   7.72476832E-021  -1.19999997E+001   4.60396321E-020   8.67361738E-019  -8.67361738E-019   9.31497842E-002   7.82924248E-002  -1.71442315E-001   8.57208988E-002   2.42220065E-002  -8.81170598E-003
     444       1     1.17431311E+001   1.00002268E+000   3.01429120E-001   1.19999997E+001   0.00000000E+000  -7.15725780E-021  -3.44000118E-020  -1.19999997E+001  -2.72121742E-020   4.33680869E-019   4.33680869E-019   9.34240994E-002   7.85126615E-002  -1.71936867E-001   8.59681736E-002   2.42931135E-002  -8.86167314E-003
     445       1     1.17423785E+001   1.00002268E+000   3.02318691E-001   1.19999997E+001   0.00000000E+000   3.14540275E-020   6.89409933E-020  -1.19999997E+001  -2.60125297E-020   0.00000000E+000   2.16840434E-018   9.37078510E-002   7.87348128E-002  -1.72442770E-001   8.62211238E-002   2.43641959E-002  -8.91143243E-003
     446       1     1.17416116E+001   1.00002268E+000   3.03225743E-001   1.19999997E+001   0.00000000E+000   5.25568977E-020   4.70314605E-020  -1.19999997E+001   1.34883617E-020   0.00000000E+000   8.67361738E-019   9.39997538E-002   7.89583866E-002  -1.72958246E-001   8.64788605E-002   2.44400055E-002  -8.95780174E-003
     447       1     1.17408755E+001   1.00002268E+000   3.04096537E-001   1.19999997E+001   0.00000000E+000  -5.74203449E-020  -8.28225542E-020  -1.19999997E+001  -3.15831775E-020   4.33680869E-019  -4.33680869E-019   9.42744104E-002   7.91786201E-002  -1.73453136E-001   8.67263043E-002   2.45121785E-002  -9.00822927E-003
     448       1     1.17401309E+001   1.00002268E+000   3.04978094E-001   1.19999997E+001   0.00000000E+000  -3.79258433E-021   3.83486360E-020  -1.19999997E+001   1.55503751E-020   0.00000000E+000  -8.67361738E-019   9.45539069E-002   7.93996770E-002  -1.73953690E-001   8.69765794E-002   2.45869429E-002  -9.06189766E-003
     449       1     1.17393718E+001   1.00002268E+000   3.05875651E-001   1.19999997E+001   0.00000000E+000   2.87457477E-020   8.47882875E-020  -1.19999997E+001  -3.96164454E-020  -4.33680869E-019   8.67361738E-019   9.48327293E-002   7.96311699E-002  -1.74464005E-001   8.72317358E-002   2.46598979E-002  -9.11714374E-003
     450       1     1.17386156E+001   1.00002268E+000   3.06769432E-001   1.19999997E+001   0.00000000E+000  -1.92399496E-020   1.96868986E-020  -1.19999997E+001  -1.04394588E-020  -8.67361738E-019   0.00000000E+000   9.51119996E-002   7.98602749E-002  -1.74972379E-001   8.74859216E-002   2.47334791E-002  -9.16434891E-003
     451       1     1.17378448E+001   1.00002268E+000   3.07681512E-001   1.19999997E+001   0.00000000E+000  -4.92806938E-020   8.51404338E-020  -1.19999997E+001   1.79534915E-020   8.67361738E-019   4.33680869E-019   9.53934504E-002   8.00970834E-002  -1.75490638E-001   8.77450503E-002   2.48085397E-002  -9.22522825E-003
     452       1     1.17370980E+001   1.00002268E+000   3.08563128E-001   1.19999997E+001   0.00000000E+000   2.32859097E-021   2.88244203E-020  -1.19999997E+001   6.42652128E-021  -4.33680869E-019   0.00000000E+000   9.56670510E-002   8.03255444E-002  -1.75992699E-001   8.79960799E-002   2.48773198E-002  -9.27215661E-003
     453       1     1.17363524E+001   1.00002268E+000   3.09442503E-001   1.19999997E+001   0.00000000E+000   7.39488159E-022   2.47478674E-020  -1.19999997E+001  -6.55267924E-021  -4.33680869E-019   0.00000000E+000   9.59392313E-002   8.05545790E-002  -1.76493915E-001   8.82466863E-002   2.49447010E-002  -9.31483308E-003
     454       1     1.17356052E+001   1.00002267E+000   3.10326637E-001   1.19999997E+001   0.00000000E+000   5.38920625E-020  -1.39300834E-020  -1.19999997E+001  -4.08003994E-020  -4.33680869E-019  -4.33680869E-019   9.62181729E-002   8.07780567E-002  -1.76996334E-001   8.84978949E-002   2.50178162E-002  -9.36688124E-003
     455       1     1.17348382E+001   1.00002267E+000   3.11231490E-001   1.19999997E+001   0.00000000E+000  -4.11556977E-020  -4.91054607E-020  -1.19999997E+001   7.16898567E-020  -4.33680869E-019   0.00000000E+000   9.64983936E-002   8.10135251E-002  -1.77512023E-001   8.87557380E-002   2.50876858E-002  -9.41004738E-003
     456       1     1.17340870E+001   1.00002267E+000   3.12119705E-001   1.19999997E+001   0.00000000E+000  -3.62281327E-020   3.42857058E-020  -1.19999997E+001   2.18944627E-020  -4.33680869E-019   4.33680869E-019   9.67769806E-002   8.12400185E-002  -1.78017104E-001   8.90082770E-002   2.51597504E-002  -9.46098108E-003
     457       1     1.17333277E+001   1.00002267E+000   3.13017926E-001   1.19999997E+001   0.00000000E+000  -4.99100361E-020  -9.57920386E-021  -1.19999997E+001  -3.10365404E-020   8.67361738E-019   4.33680869E-019   9.70567641E-002   8.14707851E-002  -1.78527654E-001   8.92635507E-002   2.52333390E-002  -9.51616808E-003
     458       1     1.17325421E+001   1.00002267E+000   3.13948011E-001   1.19999997E+001   0.00000000E+000  -6.20091293E-020   1.54695699E-020  -1.19999997E+001   2.25524202E-020   0.00000000E+000  -1.30104261E-018   9.73412841E-002   8.17145485E-002  -1.79055938E-001   8.95276913E-002   2.53108592E-002  -9.58087932E-003
     459       1     1.17317964E+001   1.00002267E+000   3.14831345E-001   1.19999997E+001   0.00000000E+000   7.79571198E-021   5.12687836E-020  -1.19999997E+001  -5.33324700E-021   0.00000000E+000  -4.33680869E-019   9.76223792E-002   8.19349472E-002  -1.79557432E-001   8.97784370E-002   2.53856172E-002  -9.63466499E-003
     460       1     1.17310053E+001   1.00002267E+000   3.15768191E-001   1.19999997E+001   0.00000000E+000   1.90621704E-020  -5.21653569E-020  -1.19999997E+001   4.46015786E-020   0.00000000E+000   4.33680869E-019   9.79195223E-002   8.21697748E-002  -1.80089402E-001   9.00444214E-002   2.54648791E-002  -9.69072667E-003
     461       1     1.17302255E+001   1.00002267E+000   3.16692446E-001   1.19999997E+001   0.00000000E+000  -9.73891434E-020  -4.10832176E-020  -1.19999997E+001  -2.86510032E-020  -8.67361738E-019  -8.67361738E-019   9.82130739E-002   8.24007027E-002  -1.80613882E-001   9.03066602E-002   2.55453388E-002  -9.74587526E-003
     462       1     1.17294713E+001   1.00002267E+000   3.17584799E-001   1.19999997E+001   0.00000000E+000  -4.57049988E-020   2.71879469E-020  -1.19999997E+001  -7.83206047E-021   1.73472348E-018   3.03576608E-018   9.84932044E-002   8.26277552E-002  -1.81121065E-001   9.05602505E-002   2.56189612E-002  -9.79774845E-003
     463       1     1.17287116E+001   1.00002267E+000   3.18484377E-001   1.19999997E+001   0.00000000E+000  -5.90355701E-020   2.83926643E-020  -1.19999997E+001  -5.05159071E-020  -4.33680869E-019  -4.33680869E-019   9.87785241E-002   8.28533821E-002  -1.81632011E-001   9.08157224E-002   2.56947672E-002  -9.84967267E-003
     464       1     1.17279523E+001   1.00002267E+000   3.19382931E-001   1.19999997E+001   0.00000000E+000   9.35784257E-021  -4.25554440E-020  -1.19999997E+001   5.11118390E-020   0.00000000E+000   4.33680869E-019   9.90594638E-002   8.30831012E-002  -1.82142674E-001   9.10710509E-002   2.57691519E-002  -9.90287362E-003
     465       1     1.17271988E+001   1.00002267E+000   3.20275259E-001   1.19999997E+001   0.00000000E+000  -3.42225816E-020   1.66148532E-020  -1.19999997E+001  -4.73562969E-020   0.00000000E+000   0.00000000E+000   9.93420329E-002   8.33073067E-002  -1.82649450E-001   9.13244390E-002   2.58457027E-002  -9.95202214E-003
     466       1     1.17264542E+001   1.00002267E+000   3.21156946E-001   1.19999997E+001   0.00000000E+000  -5.28299578E-021  -2.76613333E-020  -1.19999997E+001  -6.97450904E-020   8.67361738E-019   1.30104261E-018   9.96210972E-002   8.35290307E-002  -1.83150240E-001   9.15748326E-002   2.59193244E-002  -1.00048598E-002
     467       1     1.17256976E+001   1.00002267E+000   3.22050602E-001   1.19999997E+001   0.00000000E+000   6.23239233E-020  -4.52446082E-020  -1.19999997E+001   2.77343320E-021  -8.67361738E-019   0.00000000E+000   9.98989724E-002   8.37600073E-002  -1.83659095E-001   9.18292600E-002   2.59909508E-002  -1.00474396E-002
     468       1     1.17249399E+001   1.00002267E+000   3.22946727E-001   1.19999997E+001   0.00000000E+000   2.78078476E-020   4.79051312E-020  -1.19999997E+001   1.00226890E-020   0.00000000E+000  -1.30104261E-018   1.00180685E-001   8.39879188E-002  -1.84168719E-001   9.20840707E-002   2.60628321E-002  -1.00988648E-002
     469       1     1.17241678E+001   1.00002267E+000   3.23861548E-001   1.19999997E+001   0.00000000E+000  -4.17510108E-020  -5.80377835E-020  -1.19999997E+001  -6.73966084E-021   1.30104261E-018   8.67361738E-019   1.00475503E-001   8.42124843E-002  -1.84688102E-001   9.23437613E-002   2.61401125E-002  -1.01510008E-002
     470       1     1.17234119E+001   1.00002267E+000   3.24755575E-001   1.19999997E+001   0.00000000E+000   3.07549888E-020  -5.69586230E-020  -1.19999997E+001   3.10960974E-020   1.73472348E-018   8.67361738E-019   1.00758123E-001   8.44382648E-002  -1.85196504E-001   9.25979609E-002   2.62133990E-002  -1.01974223E-002
     471       1     1.17226590E+001   1.00002267E+000   3.25647265E-001   1.19999997E+001   0.00000000E+000  -4.07262375E-021   1.19217406E-020  -1.19999997E+001  -3.22503245E-020  -8.67361738E-019  -4.33680869E-019   1.01040429E-001   8.46624315E-002  -1.85702977E-001   9.28511963E-002   2.62886996E-002  -1.02483054E-002
     472       1     1.17219038E+001   1.00002267E+000   3.26540490E-001   1.19999997E+001   0.00000000E+000   4.25438118E-020  -1.76685779E-020  -1.19999997E+001   6.93626099E-020   1.30104261E-018  -4.33680869E-019   1.01320290E-001   8.48905641E-002  -1.86210971E-001   9.31051920E-002   2.63612748E-002  -1.02973863E-002
     473       1     1.17211440E+001   1.00002267E+000   3.27439981E-001   1.19999997E+001   0.00000000E+000   8.42094679E-020   2.05891458E-020  -1.19999997E+001  -1.46073892E-020  -4.33680869E-019  -4.33680869E-019   1.01603670E-001   8.51182895E-002  -1.86722077E-001   9.33607444E-002   2.64361490E-002  -1.03489240E-002
     474       1     1.17203869E+001   1.00002267E+000   3.28335392E-001   1.19999997E+001   0.00000000E+000  -5.95532818E-020  -3.84074434E-020  -1.19999997E+001  -3.79148574E-020   1.73472348E-018  -4.33680869E-019   1.01883586E-001   8.53476847E-002  -1.87231389E-001   9.36153989E-002   2.65081324E-002  -1.03991904E-002
     475       1     1.17196253E+001   1.00002267E+000   3.29236012E-001   1.19999997E+001   0.00000000E+000   8.54694708E-020   3.47773613E-020  -1.19999997E+001  -3.26126296E-020   1.30104261E-018   1.30104261E-018   1.02165270E-001   8.55783196E-002  -1.87743708E-001   9.38715573E-002   2.65809550E-002  -1.04477433E-002
     476       1     1.17188758E+001   1.00002267E+000   3.30121734E-001   1.19999997E+001   0.00000000E+000   8.44231907E-020  -5.66370565E-020  -1.19999997E+001  -7.23059253E-022   8.67361738E-019   4.33680869E-019   1.02443655E-001   8.58041332E-002  -1.88247908E-001   9.41236569E-002   2.66511130E-002  -1.04918314E-002
     477       1     1.17180969E+001   1.00002267E+000   3.31042106E-001   1.19999997E+001   0.00000000E+000  -3.34617305E-020   5.40990596E-020  -1.19999997E+001  -5.61748694E-021   1.30104261E-018   2.60208521E-018   1.02730042E-001   8.60417400E-002  -1.88771902E-001   9.43856525E-002   2.67239525E-002  -1.05388566E-002
     478       1     1.17173145E+001   1.00002267E+000   3.31968705E-001   1.19999997E+001   0.00000000E+000  -5.38759277E-020  -2.44713112E-020  -1.19999997E+001   3.27679328E-020   0.00000000E+000  -1.30104261E-018   1.03027022E-001   8.62712001E-002  -1.89298342E-001   9.46488718E-002   2.68017539E-002  -1.05872214E-002
     479       1     1.17165382E+001   1.00002267E+000   3.32885476E-001   1.19999997E+001   0.00000000E+000  -4.07986158E-020   2.66004741E-020  -1.19999997E+001   1.79771163E-020   8.67361738E-019  -4.33680869E-019   1.03309813E-001   8.65106626E-002  -1.89820595E-001   9.49099972E-002   2.68707775E-002  -1.06394801E-002
     480       1     1.17157824E+001   1.00002267E+000   3.33777858E-001   1.19999997E+001   0.00000000E+000   4.66850398E-021   3.14562311E-020  -1.19999997E+001   7.91301653E-022   1.73472348E-018   0.00000000E+000   1.03586760E-001   8.67421860E-002  -1.90329065E-001   9.51642312E-002   2.69381879E-002  -1.06864862E-002
     481       1     1.17150268E+001   1.00002267E+000   3.34672019E-001   1.19999997E+001   0.00000000E+000  -9.59984460E-021  -2.47147091E-020  -1.19999997E+001  -1.07422844E-020  -8.67361738E-019   0.00000000E+000   1.03868374E-001   8.69689528E-002  -1.90837446E-001   9.54184207E-002   2.70106626E-002  -1.07370820E-002
     482       1     1.17142560E+001   1.00002267E+000   3.35581529E-001   1.19999997E+001   0.00000000E+000  -6.91169372E-020  -2.38058444E-020  -1.19999997E+001   5.29670630E-020   8.67361738E-019   8.67361738E-019   1.04150255E-001   8.72056081E-002  -1.91355982E-001   9.56776875E-002   2.70782094E-002  -1.07828020E-002
     483       1     1.17134956E+001   1.00002267E+000   3.36481988E-001   1.19999997E+001   0.00000000E+000  -7.60598777E-020   1.99666924E-020  -1.19999997E+001   1.66813378E-020   4.33680869E-019   2.60208521E-018   1.04435468E-001   8.74320735E-002  -1.91867661E-001   9.59335259E-002   2.71517855E-002  -1.08358208E-002
     484       1     1.17127217E+001   1.00002267E+000   3.37397632E-001   1.19999997E+001   0.00000000E+000  -9.89008160E-021  -9.96494144E-021  -1.19999997E+001   5.29233775E-020  -8.67361738E-019   0.00000000E+000   1.04724265E-001   8.76639978E-002  -1.92388382E-001   9.61938854E-002   2.72256834E-002  -1.08857918E-002
     485       1     1.17119747E+001   1.00002267E+000   3.38279892E-001   1.19999997E+001   0.00000000E+000   8.18816266E-020  -2.44508385E-020  -1.19999997E+001   2.25989879E-020  -8.67361738E-019   4.33680869E-019   1.04997692E-001   8.78932335E-002  -1.92891045E-001   9.64452158E-002   2.72918843E-002  -1.09341809E-002
     486       1     1.17111922E+001   1.00002267E+000   3.39205659E-001   1.19999997E+001   0.00000000E+000  -3.06009781E-020  -5.80786256E-020  -1.19999997E+001   6.91809403E-020  -1.73472348E-018  -4.33680869E-019   1.05286751E-001   8.81307044E-002  -1.93417576E-001   9.67084794E-002   2.73662726E-002  -1.09868267E-002
     487       1     1.17104162E+001   1.00002267E+000   3.40123261E-001   1.19999997E+001   0.00000000E+000  -7.30721013E-020  -5.57239525E-020  -1.19999997E+001  -1.37253562E-020   1.30104261E-018  -4.33680869E-019   1.05571804E-001   8.83678474E-002  -1.93939772E-001   9.69695761E-002   2.74388520E-002  -1.10376462E-002
     488       1     1.17096487E+001   1.00002267E+000   3.41031726E-001   1.19999997E+001   0.00000000E+000   4.97354751E-020   4.82483078E-020  -1.19999997E+001   2.40431936E-020   0.00000000E+000   4.33680869E-019   1.05855466E-001   8.86006760E-002  -1.94456263E-001   9.72278207E-002   2.75126120E-002  -1.10907265E-002
     489       1     1.17088821E+001   1.00002267E+000   3.41936665E-001   1.19999997E+001   0.00000000E+000  -3.22331605E-021   2.78675597E-020  -1.19999997E+001  -7.83400172E-020   4.33680869E-019  -1.30104261E-018   1.06130559E-001   8.88414113E-002  -1.94972092E-001   9.74857339E-002   2.75799082E-002  -1.11416828E-002
     490       1     1.17080985E+001   1.00002267E+000   3.42861857E-001   1.19999997E+001   0.00000000E+000   5.20129101E-020   4.43761719E-021  -1.19999997E+001   1.81427333E-020   8.67361738E-019   8.67361738E-019   1.06409802E-001   8.90895101E-002  -1.95499435E-001   9.77494040E-002   2.76503057E-002  -1.11918606E-002
     491       1     1.17073400E+001   1.00002267E+000   3.43755843E-001   1.19999997E+001   0.00000000E+000   3.63975496E-020   6.49859973E-020  -1.19999997E+001  -3.76689521E-020  -1.73472348E-018   0.00000000E+000   1.06687192E-001   8.93224778E-002  -1.96009792E-001   9.80045823E-002   2.77120005E-002  -1.12363819E-002
     492       1     1.17065744E+001   1.00002267E+000   3.44661097E-001   1.19999997E+001   0.00000000E+000  -6.66183865E-020   2.87610699E-020  -1.19999997E+001  -8.18665822E-021   0.00000000E+000   0.00000000E+000   1.06969134E-001   8.95558069E-002  -1.96525063E-001   9.82622163E-002   2.77813814E-002  -1.12895062E-002
     493       1     1.17057931E+001   1.00002267E+000   3.45584241E-001   1.19999997E+001   0.00000000E+000  -3.07545493E-020  -8.87668195E-021  -1.19999997E+001  -2.86970668E-020  -4.33680869E-019   1.73472348E-018   1.07255161E-001   8.97956203E-002  -1.97050903E-001   9.85251351E-002   2.78510954E-002  -1.13407549E-002
     494       1     1.17050268E+001   1.00002267E+000   3.46489448E-001   1.19999997E+001   0.00000000E+000   8.31668067E-021  -4.60785096E-020  -1.19999997E+001  -6.87695472E-020   4.33680869E-019  -4.33680869E-019   1.07534659E-001   9.00318407E-002  -1.97566620E-001   9.87829929E-002   2.79194705E-002  -1.13900765E-002
     495       1     1.17042489E+001   1.00002267E+000   3.47407949E-001   1.19999997E+001   0.00000000E+000   5.74396285E-020  -3.46303299E-020  -1.19999997E+001   5.35823819E-020  -4.33680869E-019   0.00000000E+000   1.07817885E-001   9.02721567E-002  -1.98090162E-001   9.90447631E-002   2.79858298E-002  -1.14435049E-002
     496       1     1.17034725E+001   1.00002267E+000   3.48324338E-001   1.19999997E+001   0.00000000E+000   4.83778649E-020  -3.59409976E-020  -1.19999997E+001   2.30659314E-020   4.33680869E-019  -1.73472348E-018   1.08101960E-001   9.05105790E-002  -1.98612659E-001   9.93060107E-002   2.80525356E-002  -1.14917152E-002
     497       1     1.17026959E+001   1.00002267E+000   3.49242530E-001   1.19999997E+001   0.00000000E+000   2.66455555E-020   1.96918617E-020  -1.19999997E+001  -2.62402370E-020   0.00000000E+000   1.30104261E-018   1.08389251E-001   9.07460133E-002  -1.99135385E-001   9.95673726E-002   2.81220709E-002  -1.15448651E-002
     498       1     1.17019213E+001   1.00002267E+000   3.50155169E-001   1.19999997E+001   0.00000000E+000  -8.13048232E-020  -1.88803975E-020  -1.19999997E+001  -3.80392446E-020   1.30104261E-018   0.00000000E+000   1.08670138E-001   9.09864493E-002  -1.99656709E-001   9.98280337E-002   2.81835650E-002  -1.15901115E-002
     499       1     1.17011524E+001   1.00002267E+000   3.51061707E-001   1.19999997E+001   0.00000000E+000  -4.44752268E-020   7.27530164E-020  -1.19999997E+001   4.40002183E-020  -8.67361738E-019  -8.67361738E-019   1.08945555E-001   9.12285183E-002  -2.00174194E-001   1.00086775E-001   2.82475715E-002  -1.16366023E-002
     500       1     1.17003707E+001   1.00002267E+000   3.51983809E-001   1.19999997E+001   0.00000000E+000   5.67350774E-020  -2.31259020E-020  -1.19999997E+001   6.80407753E-022   0.00000000E+000   4.33680869E-019   1.09229538E-001   9.14706937E-002  -2.00700353E-001   1.00349854E-001   2.83131196E-002  -1.16834145E-002
