   iLoop   Phase               EVM               SVM              EpVM             EelVM              ----               E11               E22               E33               E12               E13               E23              Ep11              Ep22              Ep33              Ep12              Ep13              Ep23
       1       1     1.19996259E+001   1.00002270E+000   4.31648504E-004   1.19999997E+001   0.00000000E+000  -7.11747558E-021   2.12503527E-020  -1.19999997E+001  -3.09157720E-021   1.28801948E-020  -1.56874803E-020   1.24597759E-004   1.24614620E-004  -2.49212379E-004   1.24606189E-004   1.90452775E-008  -1.39089394E-008
       2       1     1.19992465E+001   1.00002270E+000   8.69754424E-004   1.19999997E+001   0.00000000E+000  -5.89275197E-021   2.84761062E-020  -1.19999997E+001  -8.25468349E-021   6.54862347E-021   3.72119606E-021   2.51059496E-004   2.51093453E-004  -5.02152949E-004   2.51076473E-004   3.68553528E-008  -2.71409983E-008
       3       1     1.19988615E+001   1.00002270E+000   1.31429990E-003   1.19999997E+001   0.00000000E+000  -7.12438254E-021   1.98163523E-020  -1.19999997E+001   6.54632288E-021   4.68488629E-020  -4.70063788E-020   3.79379365E-004   3.79432030E-004  -7.58811396E-004   3.79405696E-004   5.43788084E-008  -4.11328113E-008
       4       1     1.19984738E+001   1.00002270E+000   1.76206453E-003   1.19999997E+001   0.00000000E+000  -2.17111750E-020  -3.22981356E-020  -1.19999997E+001  -1.90107508E-020  -3.16313866E-021  -4.28959322E-021   5.08628056E-004   5.08700372E-004  -1.01732843E-003   5.08664212E-004   7.20936333E-008  -5.55795097E-008
       5       1     1.19980832E+001   1.00002270E+000   2.21304829E-003   1.19999997E+001   0.00000000E+000  -1.23296647E-020   1.46681456E-020  -1.19999997E+001  -5.67404541E-021  -2.84814829E-020   1.47825447E-020   6.38805529E-004   6.38898491E-004  -1.27770402E-003   6.38852007E-004   8.99605931E-008  -7.04619807E-008
       6       1     1.19976899E+001   1.00002270E+000   2.66725367E-003   1.19999997E+001   0.00000000E+000   4.43315042E-021  -3.80588281E-020  -1.19999997E+001  -1.16636912E-020  -3.29072300E-020   4.45282904E-020   7.69912485E-004   7.70027132E-004  -1.53993962E-003   7.69969805E-004   1.07934657E-007  -8.57580054E-008
       7       1     1.19972938E+001   1.00002270E+000   3.12468239E-003   1.19999997E+001   0.00000000E+000  -1.69421892E-020  -2.07574771E-020  -1.19999997E+001  -1.82187047E-021  -2.39657385E-020  -2.98276366E-020   9.01949398E-004   9.02086813E-004  -1.80403621E-003   9.02018102E-004   1.25970720E-007  -1.01448616E-007
       8       1     1.19968949E+001   1.00002270E+000   3.58533468E-003   1.19999997E+001   0.00000000E+000   9.52097293E-021   3.20874940E-020  -1.19999997E+001  -5.47919268E-022   1.72000628E-020  -4.02638435E-021   1.03491631E-003   1.03507762E-003  -2.06999393E-003   1.03499696E-003   1.44024875E-007  -1.17510229E-007
       9       1     1.19964932E+001   1.00002270E+000   4.04921000E-003   1.19999997E+001   0.00000000E+000  -1.75236558E-020   3.13049812E-020  -1.19999997E+001   2.75430981E-021  -3.26663550E-020  -1.89940521E-020   1.16881306E-003   1.16899942E-003  -2.33781247E-003   1.16890623E-003   1.62051688E-007  -1.33918369E-007
      10       1     1.19960887E+001   1.00002270E+000   4.51630808E-003   1.19999997E+001   0.00000000E+000   1.61306837E-020   1.39295974E-020  -1.19999997E+001  -1.23952239E-020   9.52912066E-021   2.80513489E-020   1.30363953E-003   1.30385215E-003  -2.60749167E-003   1.30374583E-003   1.80015843E-007  -1.50651523E-007
      11       1     1.19956814E+001   1.00002270E+000   4.98663014E-003   1.19999997E+001   0.00000000E+000   1.57102278E-020  -2.72709454E-020  -1.19999997E+001   1.10437013E-020  -4.15337312E-020   6.90450966E-020   1.43939606E-003   1.43963618E-003  -2.87903224E-003   1.43951611E-003   1.97863304E-007  -1.67676148E-007
      12       1     1.19952714E+001   1.00002270E+000   5.46017565E-003   1.19999997E+001   0.00000000E+000  -6.62890135E-021   1.44855869E-020  -1.19999997E+001   1.09317889E-020   3.17266778E-020   4.40060086E-021   1.57608249E-003   1.57635138E-003  -3.15243387E-003   1.57621693E-003   2.15542083E-007  -1.84960141E-007
      13       1     1.19948586E+001   1.00002270E+000   5.93694543E-003   1.19999997E+001   0.00000000E+000   1.53913497E-020   1.76560875E-020  -1.19999997E+001   1.11275852E-020   2.93788084E-020  -6.59792344E-021   1.71369906E-003   1.71399797E-003  -3.42769703E-003   1.71384851E-003   2.33003016E-007  -2.02474363E-007
      14       1     1.19944429E+001   1.00002270E+000   6.41694076E-003   1.19999997E+001   0.00000000E+000  -1.81243130E-020  -1.01986406E-020  -1.19999997E+001   4.66037176E-021  -4.50515649E-021  -2.17581588E-020   1.85224613E-003   1.85257633E-003  -3.70482246E-003   1.85241122E-003   2.50201380E-007  -2.20190899E-007
      15       1     1.19940245E+001   1.00002270E+000   6.90016295E-003   1.19999997E+001   0.00000000E+000  -1.23147754E-020  -2.10910790E-020  -1.19999997E+001   1.62922424E-020   5.82785137E-020  -2.00230648E-020   1.99172405E-003   1.99208687E-003  -3.98381092E-003   1.99190545E-003   2.67084636E-007  -2.38077421E-007
      16       1     1.19936033E+001   1.00002270E+000   7.38661299E-003   1.19999997E+001   0.00000000E+000   1.45254984E-020  -2.18393466E-020  -1.19999997E+001  -1.32158336E-020   2.65544829E-020  -2.31954679E-020   2.13213312E-003   2.13252986E-003  -4.26466298E-003   2.13233148E-003   2.83591035E-007  -2.56088344E-007
      17       1     1.19931793E+001   1.00002270E+000   7.87629132E-003   1.19999997E+001   0.00000000E+000  -2.26022553E-020   2.98176691E-020  -1.19999997E+001   3.35169448E-021   1.83753210E-020  -1.85242135E-020   2.27347346E-003   2.27390544E-003  -4.54737890E-003   2.27368944E-003   2.99672081E-007  -2.74187026E-007
      18       1     1.19927525E+001   1.00002270E+000   8.36919372E-003   1.19999997E+001   0.00000000E+000   9.40702880E-021  -3.38202720E-020  -1.19999997E+001   2.79265481E-021   2.12155284E-020   6.90669342E-020   2.41574384E-003   2.41621238E-003  -4.83195622E-003   2.41597810E-003   3.15284554E-007  -2.92351152E-007
      19       1     1.19923230E+001   1.00002270E+000   8.86531805E-003   1.19999997E+001   0.00000000E+000   4.99890060E-021   3.74158193E-020  -1.19999997E+001   5.27351422E-021  -4.87679219E-020  -3.44828436E-020   2.55894361E-003   2.55945014E-003  -5.11839374E-003   2.55919686E-003   3.30425479E-007  -3.10611576E-007
      20       1     1.19918906E+001   1.00002270E+000   9.36466653E-003   1.19999997E+001   0.00000000E+000   1.01777957E-020   5.97933296E-020  -1.19999997E+001   7.94708604E-021  -2.32245846E-020   4.95084140E-020   2.70307329E-003   2.70361943E-003  -5.40669272E-003   2.70334635E-003   3.45098312E-007  -3.29014561E-007
      21       1     1.19914555E+001   1.00002270E+000   9.86724082E-003   1.19999997E+001   0.00000000E+000  -1.13602917E-020  -3.63697667E-020  -1.19999997E+001  -1.93595884E-020  -2.57736244E-020   4.58324234E-020   2.84813332E-003   2.84872080E-003  -5.69685412E-003   2.84842705E-003   3.59292771E-007  -3.47590572E-007
      22       1     1.19910175E+001   1.00002270E+000   1.03730419E-002   1.19999997E+001   0.00000000E+000  -1.51485308E-020   6.26270849E-021  -1.19999997E+001   1.13348818E-020  -2.65756587E-020   1.11050652E-020   2.99412392E-003   2.99475457E-003  -5.98887849E-003   2.99443923E-003   3.72994855E-007  -3.66359204E-007
      23       1     1.19905768E+001   1.00002270E+000   1.08820699E-002   1.19999997E+001   0.00000000E+000   1.48525242E-020   8.40336920E-021  -1.19999997E+001  -9.53568640E-021  -2.87567686E-020  -7.48565367E-021   3.14104511E-003   3.14172083E-003  -6.28276594E-003   3.14138296E-003   3.86186948E-007  -3.85330822E-007
      24       1     1.19901333E+001   1.00002270E+000   1.13943263E-002   1.19999997E+001   0.00000000E+000   1.15139405E-021  -4.28566825E-020  -1.19999997E+001  -7.94073226E-021  -6.59626908E-021   4.43315869E-020   3.28889728E-003   3.28962002E-003  -6.57851731E-003   3.28925864E-003   3.98850529E-007  -4.04521033E-007
      25       1     1.19896870E+001   1.00002270E+000   1.19098127E-002   1.19999997E+001   0.00000000E+000   9.06180497E-021   2.35177788E-020  -1.19999997E+001  -1.32251704E-021  -8.13945723E-021   4.80310694E-020   3.43768090E-003   3.43845265E-003  -6.87613355E-003   3.43806676E-003   4.10964048E-007  -4.23926800E-007
      26       1     1.19892379E+001   1.00002270E+000   1.24285314E-002   1.19999997E+001   0.00000000E+000  -9.07681830E-021  -4.13002181E-020  -1.19999997E+001   2.39271427E-020  -2.76079801E-020   1.24417890E-020   3.58739658E-003   3.58821933E-003  -7.17561590E-003   3.58780794E-003   4.22501572E-007  -4.43545454E-007
      27       1     1.19887860E+001   1.00002270E+000   1.29504840E-002   1.19999997E+001   0.00000000E+000   8.27705872E-021   1.52929152E-020  -1.19999997E+001   2.66566656E-020  -5.84664492E-020   5.75752448E-020   3.73804483E-003   3.73892059E-003  -7.47696542E-003   3.73848269E-003   4.33439842E-007  -4.63376430E-007
      28       1     1.19883314E+001   1.00002270E+000   1.34756720E-002   1.19999997E+001   0.00000000E+000  -1.09121253E-020  -2.43582357E-020  -1.19999997E+001   2.78875672E-021  -1.27372579E-020  -5.81150629E-020   3.88962603E-003   3.89055677E-003  -7.78018280E-003   3.89009138E-003   4.43759065E-007  -4.83420978E-007
      29       1     1.19878739E+001   1.00002270E+000   1.40040960E-002   1.19999997E+001   0.00000000E+000  -1.41515714E-020   2.52406719E-020  -1.19999997E+001  -3.84517751E-020   3.04137768E-020  -2.98318552E-020   4.04214044E-003   4.04312810E-003  -8.08526854E-003   4.04263425E-003   4.53446342E-007  -5.03680824E-007
      30       1     1.19874136E+001   1.00002270E+000   1.45357565E-002   1.19999997E+001   0.00000000E+000   2.38557234E-020  -2.51036495E-020  -1.19999997E+001   1.67295573E-020   2.66338922E-020   2.60742632E-020   4.19558819E-003   4.19663468E-003  -8.39222287E-003   4.19611142E-003   4.62480453E-007  -5.24153843E-007
      31       1     1.19869505E+001   1.00002270E+000   1.50706551E-002   1.19999997E+001   0.00000000E+000  -1.11175142E-020  -8.76894167E-021  -1.19999997E+001   1.08156605E-020   4.96176019E-020  -1.94673648E-020   4.34996976E-003   4.35107696E-003  -8.70104672E-003   4.35052334E-003   4.70853549E-007  -5.44831596E-007
      32       1     1.19864847E+001   1.00002269E+000   1.56087938E-002   1.19999997E+001   0.00000000E+000   7.97977001E-021   3.59495176E-020  -1.19999997E+001   9.36018970E-021   1.54768801E-020   1.00575071E-019   4.50528578E-003   4.50645549E-003  -9.01174128E-003   4.50587062E-003   4.78561984E-007  -5.65709877E-007
      33       1     1.19860160E+001   1.00002269E+000   1.61501756E-002   1.19999997E+001   0.00000000E+000   2.93886105E-020   1.07739861E-020  -1.19999997E+001  -4.87554729E-021  -3.90085142E-020  -4.18794927E-020   4.66153715E-003   4.66277106E-003  -9.32430821E-003   4.66215409E-003   4.85609381E-007  -5.86789016E-007
      34       1     1.19855445E+001   1.00002269E+000   1.66948036E-002   1.19999997E+001   0.00000000E+000   8.26291393E-021   5.84138405E-021  -1.19999997E+001   8.78940405E-021   2.30101794E-020  -2.70478134E-020   4.81872481E-003   4.82002448E-003  -9.63874929E-003   4.81937463E-003   4.92010936E-007  -6.08067294E-007
      35       1     1.19850702E+001   1.00002269E+000   1.72426800E-002   1.19999997E+001   0.00000000E+000  -1.65479963E-020   4.80167592E-020  -1.19999997E+001  -1.48415020E-020   4.63724069E-020  -4.54492733E-020   4.97684955E-003   4.97821636E-003  -9.95506591E-003   4.97753293E-003   4.97782002E-007  -6.29537841E-007
      36       1     1.19845931E+001   1.00002269E+000   1.77938074E-002   1.19999997E+001   0.00000000E+000   2.53530031E-020  -1.69617521E-020  -1.19999997E+001   5.28798471E-021   3.30104621E-020   1.14236951E-020   5.13591216E-003   5.13734727E-003  -1.02732594E-002   5.13662969E-003   5.02946180E-007  -6.51198347E-007
      37       1     1.19841132E+001   1.00002269E+000   1.83481889E-002   1.19999997E+001   0.00000000E+000   9.41786486E-021  -5.70801772E-020  -1.19999997E+001   6.24766932E-021  -3.14355103E-020   6.52533007E-020   5.29591369E-003   5.29741805E-003  -1.05933317E-002   5.29666585E-003   5.07520099E-007  -6.73054446E-007
      38       1     1.19836305E+001   1.00002269E+000   1.89058289E-002   1.19999997E+001   0.00000000E+000  -2.48493328E-021   4.06356198E-020  -1.19999997E+001   1.36804041E-020   3.79338411E-020  -7.21725011E-020   5.45685551E-003   5.45842982E-003  -1.09152853E-002   5.45764264E-003   5.11523119E-007  -6.95090514E-007
      39       1     1.19831450E+001   1.00002269E+000   1.94667345E-002   1.19999997E+001   0.00000000E+000  -1.14811428E-020   4.44765916E-020  -1.19999997E+001   3.21785304E-020   2.63771354E-020   7.63242860E-020   5.61873980E-003   5.62038455E-003  -1.12391244E-002   5.61956215E-003   5.15118103E-007  -7.17440569E-007
      40       1     1.19826566E+001   1.00002269E+000   2.00309285E-002   1.19999997E+001   0.00000000E+000   1.90388853E-020   2.14112393E-020  -1.19999997E+001   1.47343615E-021   7.79296781E-020  -4.68316576E-020   5.78157291E-003   5.78328897E-003  -1.15648619E-002   5.78243092E-003   5.18958708E-007  -7.40882760E-007
      41       1     1.19821654E+001   1.00002269E+000   2.05984331E-002   1.19999997E+001   0.00000000E+000  -6.67807724E-021   3.53693331E-020  -1.19999997E+001  -6.75836029E-021   5.02925812E-021  -8.72549815E-020   5.94536090E-003   5.94714992E-003  -1.18925108E-002   5.94625538E-003   5.23556511E-007  -7.66120501E-007
      42       1     1.19816713E+001   1.00002269E+000   2.11692626E-002   1.19999997E+001   0.00000000E+000  -2.58907532E-020   5.13648141E-020  -1.19999997E+001   4.96300096E-021   5.84929190E-020   7.15636961E-020   6.11010758E-003   6.11197181E-003  -1.22220794E-002   6.11103967E-003   5.29210586E-007  -7.93612290E-007
      43       1     1.19811743E+001   1.00002269E+000   2.17434242E-002   1.19999997E+001   0.00000000E+000   5.23812123E-021   3.55055697E-020  -1.19999997E+001   7.07492231E-021  -5.89455522E-020  -4.97208340E-020   6.27581478E-003   6.27775698E-003  -1.25535718E-002   6.27678585E-003   5.36078468E-007  -8.23664266E-007
      44       1     1.19806744E+001   1.00002269E+000   2.23209162E-002   1.19999997E+001   0.00000000E+000  -3.60166846E-021  -6.61736218E-021  -1.19999997E+001   1.41527656E-020  -3.95432037E-020  -1.79491575E-020   6.44248183E-003   6.44450507E-003  -1.28869869E-002   6.44349342E-003   5.44102632E-007  -8.56344619E-007
      45       1     1.19801717E+001   1.00002269E+000   2.29017325E-002   1.19999997E+001   0.00000000E+000   1.89084803E-020   2.78035670E-020  -1.19999997E+001   7.59943236E-021  -2.62447865E-020  -6.23442719E-020   6.61010695E-003   6.61221441E-003  -1.32223214E-002   6.61116065E-003   5.53143704E-007  -8.91604114E-007
      46       1     1.19796077E+001   1.00002269E+000   2.35534222E-002   1.19999997E+001   0.00000000E+000  -5.66316799E-021  -1.01454529E-020  -1.19999997E+001  -1.78884709E-020  -5.51894905E-021   1.08181989E-020   6.79817750E-003   6.80039707E-003  -1.35985746E-002   6.79928725E-003   5.76491882E-007  -9.26709489E-007
      47       1     1.19789479E+001   1.00002269E+000   2.43156515E-002   1.19999997E+001   0.00000000E+000  -1.02782568E-020   4.19792507E-020  -1.19999997E+001  -8.47355806E-021  -9.92418212E-021   4.85244000E-020   7.01901675E-003   7.01962851E-003  -1.40386453E-002   7.01932246E-003   5.92215606E-006  -6.45963083E-006
      48       1     1.19784263E+001   1.00002269E+000   2.49183798E-002   1.19999997E+001   0.00000000E+000  -2.22042573E-020  -3.23059524E-020  -1.19999997E+001  -1.12664016E-020  -6.75561715E-020  -2.55115736E-020   7.19050438E-003   7.19612662E-003  -1.43866310E-002   7.19331532E-003   5.05854208E-006  -5.91684598E-006
      49       1     1.19779439E+001   1.00002269E+000   2.54756876E-002   1.19999997E+001   0.00000000E+000   1.61181933E-020   4.42479589E-020  -1.19999997E+001   7.14251847E-021   4.24125279E-020  -5.07266856E-020   7.35142954E-003   7.35696380E-003  -1.47083933E-002   7.35419651E-003   4.31838748E-006  -5.26335498E-006
      50       1     1.19774589E+001   1.00002269E+000   2.60360385E-002   1.19999997E+001   0.00000000E+000  -3.63429660E-020   1.03217417E-019  -1.19999997E+001   1.64722679E-021   1.01591014E-020   2.88414719E-020   7.51321051E-003   7.51870202E-003  -1.50319125E-002   7.51595613E-003   3.61088060E-006  -4.64197990E-006
      51       1     1.19769718E+001   1.00002269E+000   2.65989091E-002   1.19999997E+001   0.00000000E+000   3.44595171E-020  -6.20680763E-020  -1.19999997E+001   4.86875407E-021  -3.93923260E-020   5.45383339E-020   7.67573013E-003   7.68115621E-003  -1.53568863E-002   7.67844305E-003   2.88882006E-006  -4.00266152E-006
      52       1     1.19764824E+001   1.00002269E+000   2.71643275E-002   1.19999997E+001   0.00000000E+000   3.23516541E-020   2.18912522E-020  -1.19999997E+001  -1.65402227E-020  -3.51412794E-020  -2.10911204E-020   7.83899431E-003   7.84433681E-003  -1.56833311E-002   7.84166546E-003   2.14768422E-006  -3.34649734E-006
      53       1     1.19759909E+001   1.00002269E+000   2.77322711E-002   1.19999997E+001   0.00000000E+000  -2.47692617E-020  -6.36218524E-020  -1.19999997E+001  -9.64409359E-021   3.24731256E-020  -2.51568785E-020   8.00299901E-003   8.00823470E-003  -1.60112337E-002   8.00561677E-003   1.39339243E-006  -2.69088732E-006
      54       1     1.19754972E+001   1.00002269E+000   2.83027105E-002   1.19999997E+001   0.00000000E+000  -3.72022826E-020   7.77726792E-020  -1.19999997E+001  -3.06894606E-020   2.14722852E-020   6.10922513E-020   8.16773394E-003   8.17284330E-003  -1.63405772E-002   8.17028856E-003   6.17020077E-007  -2.02820123E-006
      55       1     1.19750015E+001   1.00002269E+000   2.88755041E-002   1.19999997E+001   0.00000000E+000  -6.09259880E-021  -5.31516070E-020  -1.19999997E+001   7.80073711E-021  -5.55547734E-020  -6.91708281E-020   8.33314715E-003   8.33813266E-003  -1.66712798E-002   8.33563987E-003  -2.04286707E-007  -1.35745398E-006
      56       1     1.19745039E+001   1.00002269E+000   2.94505332E-002   1.19999997E+001   0.00000000E+000  -2.80703741E-021  -1.56321419E-020  -1.19999997E+001   8.40182858E-021  -2.54321642E-020   8.54868002E-020   8.49919528E-003   8.50407777E-003  -1.70032731E-002   8.50163650E-003  -1.09026401E-006  -6.76473753E-007
      57       1     1.19740046E+001   1.00002269E+000   3.00274708E-002   1.19999997E+001   0.00000000E+000   3.48963926E-020   1.10962970E-020  -1.19999997E+001  -5.02512222E-022  -5.92923063E-020   5.36807130E-020   8.66582619E-003   8.67054186E-003  -1.73363681E-002   8.66818403E-003  -2.02697331E-006  -4.42708022E-009
      58       1     1.19735040E+001   1.00002269E+000   3.06059350E-002   1.19999997E+001   0.00000000E+000  -5.74758177E-021  -1.29150149E-019  -1.19999997E+001   2.92606870E-021   2.82909004E-020  -9.15642616E-020   8.83289430E-003   8.83745011E-003  -1.76703444E-002   8.83517223E-003  -3.00018211E-006   6.41237586E-007
      59       1     1.19730020E+001   1.00002269E+000   3.11860023E-002   1.19999997E+001   0.00000000E+000  -6.32255501E-021  -4.80548923E-020  -1.19999997E+001  -8.02289197E-021   2.67874170E-020   3.84976475E-020   9.00044186E-003   9.00480433E-003  -1.80052462E-002   9.00262314E-003  -3.97800189E-006   1.33860779E-006
      60       1     1.19724986E+001   1.00002269E+000   3.17677166E-002   1.19999997E+001   0.00000000E+000  -1.32348898E-023  -3.83467697E-020  -1.19999997E+001  -2.94504836E-020  -8.00446135E-021   5.70476690E-020   9.16843007E-003   9.17266873E-003  -1.83410988E-002   9.17054947E-003  -4.91303914E-006   2.03902924E-006
      61       1     1.19719938E+001   1.00002269E+000   3.23510796E-002   1.19999997E+001   0.00000000E+000   3.00235129E-020  -2.24222194E-020  -1.19999997E+001   1.28369539E-020   3.95352628E-020  -3.23143069E-020   9.33686431E-003   9.34103892E-003  -1.86779032E-002   9.33895170E-003  -5.91778148E-006   2.71965568E-006
      62       1     1.19714870E+001   1.00002269E+000   3.29367773E-002   1.19999997E+001   0.00000000E+000  -2.58454237E-020   1.65905134E-020  -1.19999997E+001  -1.44304243E-021   2.76344499E-020   1.06048525E-019   9.50610651E-003   9.50994900E-003  -1.90160555E-002   9.50802787E-003  -6.89694438E-006   3.44346809E-006
      63       1     1.19709787E+001   1.00002269E+000   3.35241830E-002   1.19999997E+001   0.00000000E+000   3.28599153E-020  -6.73167854E-021  -1.19999997E+001   2.95680104E-020   2.72744609E-020  -1.78300435E-020   9.67579907E-003   9.67939481E-003  -1.93551939E-002   9.67759708E-003  -7.89636676E-006   4.14224583E-006
      64       1     1.19704687E+001   1.00002269E+000   3.41135213E-002   1.19999997E+001   0.00000000E+000   6.71397688E-021  -6.39520629E-020  -1.19999997E+001   2.23448574E-020  -8.97854924E-021  -3.77776694E-020   9.84599225E-003   9.84945571E-003  -1.96954480E-002   9.84772414E-003  -8.92140903E-006   4.80399405E-006
      65       1     1.19699564E+001   1.00002269E+000   3.47055873E-002   1.19999997E+001   0.00000000E+000   3.26485706E-020   2.53452276E-020  -1.19999997E+001   2.86958390E-021  -5.71747239E-021  -6.90331852E-021   1.00169583E-002   1.00203185E-002  -2.00372767E-002   1.00186385E-002  -1.00444970E-005   5.44664098E-006
      66       1     1.19694413E+001   1.00002269E+000   3.53009014E-002   1.19999997E+001   0.00000000E+000   3.79956315E-020   3.15258384E-020  -1.19999997E+001   2.16472649E-021   4.77303066E-020  -5.67512075E-021   1.01889110E-002   1.01920697E-002  -2.03809808E-002   1.01904906E-002  -1.11517147E-005   6.16116511E-006
      67       1     1.19689237E+001   1.00002269E+000   3.58990896E-002   1.19999997E+001   0.00000000E+000   1.88774196E-020   2.50711826E-020  -1.19999997E+001  -4.32035917E-021  -1.06726151E-020  -6.34004161E-020   1.03616728E-002   1.03646713E-002  -2.07263441E-002   1.03631723E-002  -1.22578400E-005   6.92726269E-006
      68       1     1.19684037E+001   1.00002269E+000   3.65000528E-002   1.19999997E+001   0.00000000E+000   4.54759085E-021  -3.04984801E-020  -1.19999997E+001  -1.96662191E-020   4.21398891E-020   5.09490318E-020   1.05351989E-002   1.05381106E-002  -2.10733094E-002   1.05366550E-002  -1.34740334E-005   7.74591700E-006
      69       1     1.19678809E+001   1.00002269E+000   3.71042559E-002   1.19999997E+001   0.00000000E+000  -6.32875887E-021  -4.13428179E-020  -1.19999997E+001   2.79287608E-020  -4.58244824E-020   1.22819777E-020   1.07097264E-002   1.07124189E-002  -2.14221452E-002   1.07110729E-002  -1.46700822E-005   8.57867547E-006
      70       1     1.19673553E+001   1.00002269E+000   3.77116563E-002   1.19999997E+001   0.00000000E+000  -1.44913772E-021  -5.85324582E-020  -1.19999997E+001  -5.40939931E-022   2.87991202E-020   3.77776694E-020   1.08851939E-002   1.08876329E-002  -2.17728268E-002   1.08864137E-002  -1.59344981E-005   9.46082358E-006
      71       1     1.19668248E+001   1.00002269E+000   3.83248776E-002   1.19999997E+001   0.00000000E+000   5.94230008E-021  -5.84425437E-020  -1.19999997E+001   1.11889309E-020   5.94617129E-020   3.18484388E-020   1.10625167E-002   1.10643526E-002  -2.21268694E-002   1.10634350E-002  -1.70916303E-005   1.00300854E-005
      72       1     1.19662730E+001   1.00002269E+000   3.89626404E-002   1.19999997E+001   0.00000000E+000   2.82782446E-020  -5.36175992E-020  -1.19999997E+001   5.57472170E-021  -3.48977574E-020  -9.06325254E-021   1.12464015E-002   1.12486804E-002  -2.24950818E-002   1.12475413E-002  -1.73983185E-005   9.83071832E-006
      73       1     1.19657282E+001   1.00002269E+000   3.95922924E-002   1.19999997E+001   0.00000000E+000  -4.05011616E-020   5.00233340E-020  -1.19999997E+001  -8.16040558E-021  -3.46436475E-020  -1.79570985E-020   1.14282529E-002   1.14303578E-002  -2.28586106E-002   1.14293057E-002  -1.84302455E-005   1.05145653E-005
      74       1     1.19651872E+001   1.00002269E+000   4.02175823E-002   1.19999997E+001   0.00000000E+000   3.70879663E-020   3.31876442E-020  -1.19999997E+001  -2.93752774E-021  -4.33680869E-020  -7.38612730E-020   1.16088727E-002   1.16107480E-002  -2.32196207E-002   1.16098107E-002  -1.96266524E-005   1.13205863E-005
      75       1     1.19646323E+001   1.00002269E+000   4.08588957E-002   1.19999997E+001   0.00000000E+000  -2.51126244E-020   5.27011658E-020  -1.19999997E+001  -3.24367503E-021   1.00966327E-019  -2.57498016E-020   1.17925764E-002   1.17973068E-002  -2.35898832E-002   1.17949420E-002  -2.00980632E-005   1.05890910E-005
      76       1     1.19640804E+001   1.00002269E+000   4.14968972E-002   1.19999997E+001   0.00000000E+000   1.49138183E-020  -8.05802130E-020  -1.19999997E+001  -7.04414085E-021  -4.81961747E-020  -3.04084828E-020   1.19770448E-002   1.19811886E-002  -2.39582334E-002   1.19791171E-002  -1.98678895E-005   1.16209322E-005
      77       1     1.19635244E+001   1.00002269E+000   4.21395397E-002   1.19999997E+001   0.00000000E+000  -1.72917144E-020   5.99896196E-020  -1.19999997E+001   8.82132030E-021  -2.65968345E-020   1.09775470E-019   1.21632738E-002   1.21659877E-002  -2.43292615E-002   1.21646312E-002  -2.20133198E-005   1.17622940E-005
      78       1     1.19629717E+001   1.00002269E+000   4.27784252E-002   1.19999997E+001   0.00000000E+000   2.38461281E-020  -7.78113913E-020  -1.19999997E+001   1.05726504E-020   5.16690098E-021  -6.35274710E-020   1.23480429E-002   1.23500780E-002  -2.46981209E-002   1.23490609E-002  -2.31102008E-005   1.28458833E-005
      79       1     1.19624137E+001   1.00002269E+000   4.34233489E-002   1.19999997E+001   0.00000000E+000  -4.75273165E-020  -5.97686796E-020  -1.19999997E+001   1.01218059E-020   3.94717353E-020   5.59041745E-021   1.25344296E-002   1.25360364E-002  -2.50704661E-002   1.25352335E-002  -2.46651152E-005   1.36430731E-005
      80       1     1.19618511E+001   1.00002269E+000   4.40736627E-002   1.19999997E+001   0.00000000E+000   2.05237572E-020   4.59850382E-020  -1.19999997E+001  -1.70710226E-020   3.60836036E-020   1.07827294E-019   1.27219564E-002   1.27239666E-002  -2.54459231E-002   1.27229620E-002  -2.63119900E-005   1.44052617E-005
      81       1     1.19612836E+001   1.00002269E+000   4.47297216E-002   1.19999997E+001   0.00000000E+000  -3.67821576E-020   2.80487847E-020  -1.19999997E+001   4.18973029E-020  -4.82808780E-020   4.92973175E-020   1.29117210E-002   1.29129770E-002  -2.58246980E-002   1.29123495E-002  -2.72523093E-005   1.46003304E-005
      82       1     1.19607182E+001   1.00002269E+000   4.53833503E-002   1.19999997E+001   0.00000000E+000  -1.18996549E-020   5.97001063E-020  -1.19999997E+001  -1.04184238E-020   1.45689667E-020  -5.87840865E-020   1.30998594E-002   1.31022094E-002  -2.62020688E-002   1.31010349E-002  -2.90209204E-005   1.51640810E-005
      83       1     1.19601470E+001   1.00002269E+000   4.60436037E-002   1.19999997E+001   0.00000000E+000  -1.62128227E-020  -1.93659525E-021  -1.19999997E+001  -1.19646868E-020  -4.43845264E-020  -1.67712524E-020   1.32903026E-002   1.32929622E-002  -2.65832648E-002   1.32916330E-002  -3.00864115E-005   1.59445193E-005
      84       1     1.19595688E+001   1.00002269E+000   4.67120108E-002   1.19999997E+001   0.00000000E+000  -4.70487098E-020  -3.33526668E-020  -1.19999997E+001  -2.15488873E-020   1.00796921E-019  -1.27901975E-019   1.34832829E-002   1.34858849E-002  -2.69691678E-002   1.34845845E-002  -3.15968971E-005   1.70129300E-005
      85       1     1.19589873E+001   1.00002269E+000   4.73842104E-002   1.19999997E+001   0.00000000E+000  -1.84624231E-020   3.52229221E-020  -1.19999997E+001  -8.05514167E-021  -7.30142401E-020  -5.59041745E-020   1.36777680E-002   1.36794942E-002  -2.73572621E-002   1.36786317E-002  -3.17655105E-005   1.76521192E-005
      86       1     1.19583997E+001   1.00002269E+000   4.80635260E-002   1.19999997E+001   0.00000000E+000  -1.71510110E-020   1.65613139E-020  -1.19999997E+001   5.55018287E-021   6.35274710E-020   8.67361738E-020   1.38740144E-002   1.38754478E-002  -2.77494622E-002   1.38747318E-002  -3.38127244E-005   1.91027474E-005
      87       1     1.19578095E+001   1.00002269E+000   4.87458209E-002   1.19999997E+001   0.00000000E+000   6.62596486E-021  -2.76524824E-020  -1.19999997E+001   1.47174973E-020   5.35324823E-020  -4.77726582E-020   1.40708498E-002   1.40725329E-002  -2.81433827E-002   1.40716921E-002  -3.53353471E-005   2.05640836E-005
      88       1     1.19572161E+001   1.00002269E+000   4.94317795E-002   1.19999997E+001   0.00000000E+000  -9.32588238E-021   6.46778311E-020  -1.19999997E+001  -2.20388936E-020  -7.13201742E-020   2.23616698E-020   1.42691387E-002   1.42702814E-002  -2.85394202E-002   1.42697108E-002  -3.59690107E-005   2.13658677E-005
      89       1     1.19566075E+001   1.00002269E+000   5.01354224E-002   1.19999997E+001   0.00000000E+000  -1.93729008E-020   5.91201700E-020  -1.19999997E+001   1.90033889E-021  -2.43945489E-020  -4.40457133E-020   1.44703988E-002   1.44752668E-002  -2.89456656E-002   1.44728336E-002  -3.76429042E-005   2.28949812E-005
      90       1     1.19559966E+001   1.00002269E+000   5.08417527E-002   1.19999997E+001   0.00000000E+000   6.39493332E-022  -2.94457273E-020  -1.19999997E+001   2.18672950E-021   6.94567017E-020  -2.71050543E-020   1.46734218E-002   1.46800437E-002  -2.93534655E-002   1.46767335E-002  -3.73322545E-005   2.40059773E-005
      91       1     1.19553740E+001   1.00002269E+000   5.15615120E-002   1.19999997E+001   0.00000000E+000  -6.13642283E-020   1.09443440E-020  -1.19999997E+001   2.16543735E-020   2.95614499E-020  -4.94667241E-020   1.48789808E-002   1.48900376E-002  -2.97690184E-002   1.48845099E-002  -3.65731816E-005   2.57153909E-005
      92       1     1.19547509E+001   1.00002269E+000   5.22819061E-002   1.19999997E+001   0.00000000E+000  -1.13647172E-020   2.74965589E-020  -1.19999997E+001   4.42952633E-021   1.10791910E-019  -9.36818440E-020   1.50900400E-002   1.50948988E-002  -3.01849388E-002   1.50924702E-002  -3.62626583E-005   2.62962505E-005
      93       1     1.19541338E+001   1.00002269E+000   5.29953793E-002   1.19999997E+001   0.00000000E+000  -1.14220408E-020   8.67990395E-020  -1.19999997E+001  -1.33481515E-020   1.50771865E-020  -7.71647015E-020   1.52968482E-002   1.53000158E-002  -3.05968640E-002   1.52984328E-002  -3.53183085E-005   2.67403770E-005
      94       1     1.19535172E+001   1.00002269E+000   5.37082642E-002   1.19999997E+001   0.00000000E+000  -1.99988284E-020   3.85430597E-020  -1.19999997E+001  -2.45327087E-020  -3.11708125E-020   4.81961747E-020   1.55025812E-002   1.55058662E-002  -3.10084474E-002   1.55042245E-002  -3.59222851E-005   2.74799844E-005
      95       1     1.19528934E+001   1.00002269E+000   5.44295019E-002   1.19999997E+001   0.00000000E+000  -8.52500611E-021  -1.20048722E-020  -1.19999997E+001  -1.91525683E-020   4.50621528E-020  -3.10861092E-020   1.57097169E-002   1.57151347E-002  -3.14248516E-002   1.57124266E-002  -3.66230364E-005   2.97607518E-005
      96       1     1.19522661E+001   1.00002269E+000   5.51548070E-002   1.19999997E+001   0.00000000E+000   3.86866582E-020  -1.86751740E-020  -1.19999997E+001   1.53937795E-021   4.30292737E-020   9.06325254E-020   1.59185196E-002   1.59250849E-002  -3.18436046E-002   1.59218031E-002  -3.73330102E-005   3.15163919E-005
      97       1     1.19516349E+001   1.00002269E+000   5.58847247E-002   1.19999997E+001   0.00000000E+000   1.58495250E-020  -4.50531365E-020  -1.19999997E+001  -5.85693246E-021   5.00172955E-020   3.34578014E-020   1.61294873E-002   1.61355360E-002  -3.22650234E-002   1.61325125E-002  -3.69258940E-005   3.18888476E-005
      98       1     1.19510011E+001   1.00002269E+000   5.66175007E-002   1.19999997E+001   0.00000000E+000  -7.68392886E-021   5.92307641E-020  -1.19999997E+001  -4.13076317E-020  -4.40880649E-020  -9.18183715E-020   1.63405676E-002   1.63475245E-002  -3.26880921E-002   1.63440469E-002  -3.70396987E-005   3.19385568E-005
      99       1     1.19503564E+001   1.00002269E+000   5.73630363E-002   1.19999997E+001   0.00000000E+000  -3.34207437E-020  -4.91938372E-020  -1.19999997E+001   4.06902551E-021  -6.69367787E-020   7.96634487E-020   1.65547824E-002   1.65637406E-002  -3.31185225E-002   1.65592619E-002  -3.88314868E-005   3.50010900E-005
     100       1     1.19495212E+001   1.00002269E+000   5.83287599E-002   1.19999997E+001   0.00000000E+000   2.65932777E-020   1.77779312E-020  -1.19999997E+001   1.66034536E-020   3.35425047E-020  -1.31798327E-019   1.68309885E-002   1.68450958E-002  -3.36760840E-002   1.68380428E-002  -4.42336071E-005   2.71372969E-005
     101       1     1.19487567E+001   1.00002269E+000   5.92127936E-002   1.19999997E+001   0.00000000E+000   2.96768416E-020  -5.33550520E-020  -1.19999997E+001  -2.42254628E-020   1.09944877E-019  -7.03037346E-021   1.70900895E-002   1.70963935E-002  -3.41864827E-002   1.70932422E-002  -3.86584166E-005   3.42186638E-005
     102       1     1.19481428E+001   1.00002269E+000   5.99226166E-002   1.19999997E+001   0.00000000E+000  -3.80414573E-020  -7.42859475E-020  -1.19999997E+001  -1.47731045E-020  -3.30766366E-020   1.72794721E-020   1.72941131E-002   1.73021866E-002  -3.45962995E-002   1.72981505E-002  -3.89676397E-005   3.40009982E-005
     103       1     1.19475295E+001   1.00002269E+000   6.06318473E-002   1.19999997E+001   0.00000000E+000   2.50720098E-020   5.72668719E-020  -1.19999997E+001  -1.37720454E-020   5.36171856E-020  -1.23539755E-019   1.74986584E-002   1.75071153E-002  -3.50057735E-002   1.75028876E-002  -3.94655462E-005   3.43824462E-005
     104       1     1.19469144E+001   1.00002269E+000   6.13432406E-002   1.19999997E+001   0.00000000E+000   3.29136820E-020  -6.63145734E-020  -1.19999997E+001   1.28385721E-020  -6.16639986E-020  -9.95263713E-020   1.77036829E-002   1.77128135E-002  -3.54164961E-002   1.77082489E-002  -3.98100210E-005   3.49058317E-005
     105       1     1.19462315E+001   1.00002269E+000   6.21329311E-002   1.19999997E+001   0.00000000E+000   4.72794931E-020   6.98831133E-020  -1.19999997E+001   1.65165273E-020   5.88687898E-020  -1.04777976E-019   1.79257625E-002   1.79466572E-002  -3.58724208E-002   1.79362120E-002  -4.35161609E-005   3.30971446E-005
     106       1     1.19454734E+001   1.00002269E+000   6.30096224E-002   1.19999997E+001   0.00000000E+000  -4.28908864E-020  -1.28567855E-020  -1.19999997E+001   3.28019751E-020   2.18958017E-020   6.28921963E-020   1.81762520E-002   1.82023156E-002  -3.63785661E-002   1.81892833E-002  -4.69370542E-005   4.10670867E-005
     107       1     1.19448130E+001   1.00002269E+000   6.37733918E-002   1.19999997E+001   0.00000000E+000  -5.15192074E-020  -5.04595890E-020  -1.19999997E+001  -8.43601182E-021  -2.10064171E-020  -1.18245799E-019   1.83946258E-002   1.84249016E-002  -3.68195265E-002   1.84097639E-002  -5.09864025E-005   3.77940098E-005
     108       1     1.19441529E+001   1.00002269E+000   6.45367900E-002   1.19999997E+001   0.00000000E+000  -2.00143794E-020  -7.79549071E-020  -1.19999997E+001  -3.73460673E-021  -8.98701957E-020  -1.22735074E-019   1.86154993E-002   1.86447781E-002  -3.72602765E-002   1.86301389E-002  -4.80322907E-005   4.05905935E-005
     109       1     1.19435406E+001   1.00002269E+000   6.52448782E-002   1.19999997E+001   0.00000000E+000   4.23716651E-020   7.57788431E-020  -1.19999997E+001   1.06454733E-020   4.54856693E-020  -4.47445154E-020   1.88207966E-002   1.88482961E-002  -3.76690918E-002   1.88345466E-002  -4.64053466E-005   4.30217375E-005
     110       1     1.19429402E+001   1.00002269E+000   6.59393478E-002   1.19999997E+001   0.00000000E+000   2.36595989E-020   9.93073339E-020  -1.19999997E+001  -3.51153938E-020  -1.02893327E-019  -6.92661193E-020   1.90218521E-002   1.90481934E-002  -3.80700453E-002   1.90350230E-002  -4.61556945E-005   4.31380584E-005
     111       1     1.19423393E+001   1.00002269E+000   6.66342392E-002   1.19999997E+001   0.00000000E+000   5.81403746E-020  -1.95496693E-020  -1.19999997E+001   1.85268191E-020   8.02563718E-021  -1.43826194E-019   1.92228188E-002   1.92484226E-002  -3.84712411E-002   1.92356210E-002  -4.63855153E-005   4.33627358E-005
     112       1     1.19417355E+001   1.00002269E+000   6.73326641E-002   1.19999997E+001   0.00000000E+000   7.90047648E-020  -4.83857645E-020  -1.19999997E+001   3.36936668E-020  -8.19186739E-020  -8.92137452E-020   1.94251985E-002   1.94492801E-002  -3.88744784E-002   1.94372397E-002  -4.58321600E-005   4.33604230E-005
     113       1     1.19411318E+001   1.00002269E+000   6.80308990E-002   1.19999997E+001   0.00000000E+000  -5.43677692E-020   6.45498663E-021  -1.19999997E+001  -2.90776836E-020  -6.54544710E-020  -5.34901306E-020   1.96272530E-002   1.96503522E-002  -3.92776049E-002   1.96388030E-002  -4.59039585E-005   4.35238209E-005
     114       1     1.19404668E+001   1.00002269E+000   6.87999802E-002   1.19999997E+001   0.00000000E+000  -1.95889604E-020   1.14309826E-019  -1.19999997E+001   1.82455312E-020   1.21337470E-019   3.92599771E-020   1.98489917E-002   1.98726445E-002  -3.97216368E-002   1.98608196E-002  -4.61156745E-005   4.11514370E-005
     115       1     1.19397902E+001   1.00002269E+000   6.95826625E-002   1.19999997E+001   0.00000000E+000  -4.88836445E-020  -6.19785753E-020  -1.19999997E+001  -1.04761287E-020  -1.44059129E-019   1.43826194E-019   2.00735822E-002   2.00999271E-002  -4.01735081E-002   2.00867539E-002  -5.00850632E-005   4.67493694E-005
     116       1     1.19391644E+001   1.00002269E+000   7.03064983E-002   1.19999997E+001   0.00000000E+000  -2.18226789E-020  -1.55711787E-019  -1.19999997E+001  -1.28327766E-020   1.66865491E-020  -7.34377565E-020   2.02823356E-002   2.03090778E-002  -4.05914120E-002   2.02957056E-002  -5.45099596E-005   4.48660686E-005
     117       1     1.19385311E+001   1.00002269E+000   7.10390189E-002   1.19999997E+001   0.00000000E+000   5.95288800E-020  -7.52180146E-020  -1.19999997E+001  -3.40430420E-020  -5.52265482E-020  -1.27054942E-020   2.04924763E-002   2.05218575E-002  -4.10143328E-002   2.05071663E-002  -5.61198563E-005   4.30596349E-005
     118       1     1.19378675E+001   1.00002269E+000   7.18065617E-002   1.19999997E+001   0.00000000E+000   5.79349029E-021   6.34309391E-020  -1.19999997E+001   3.47724447E-020   5.59888778E-020   1.07234371E-019   2.07128372E-002   2.07446393E-002  -4.14574762E-002   2.07287386E-002  -5.40526752E-005   4.35791679E-005
     119       1     1.19372620E+001   1.00002269E+000   7.25070057E-002   1.19999997E+001   0.00000000E+000  -3.36005728E-020  -1.80881239E-020  -1.19999997E+001  -1.02788565E-021  -5.35324823E-020   6.89484819E-020   2.09150268E-002   2.09468503E-002  -4.18618766E-002   2.09309386E-002  -5.23594661E-005   4.71595450E-005
     120       1     1.19366682E+001   1.00002269E+000   7.31938771E-002   1.19999997E+001   0.00000000E+000  -3.25718083E-020   1.43313508E-019  -1.19999997E+001  -2.36525989E-020  -9.67735142E-020  -1.34297074E-019   2.11147536E-002   2.11436888E-002  -4.22584418E-002   2.11292212E-002  -5.31550057E-005   4.74640655E-005
     121       1     1.19360701E+001   1.00002269E+000   7.38857264E-002   1.19999997E+001   0.00000000E+000   6.42272658E-021  -3.31005421E-020  -1.19999997E+001  -9.28218656E-021  -3.37542629E-020   9.21148330E-020   2.13152446E-002   2.13426381E-002  -4.26578822E-002   2.13289414E-002  -5.24173715E-005   4.81265001E-005
     122       1     1.19354741E+001   1.00002269E+000   7.45751656E-002   1.19999997E+001   0.00000000E+000   3.35252994E-020  -1.00346190E-019  -1.19999997E+001   1.93839437E-020   4.86196912E-020  -1.22438613E-019   2.15156498E-002   2.15402827E-002  -4.30559319E-002   2.15279663E-002  -5.18021312E-005   4.80187686E-005
     123       1     1.19348721E+001   1.00002269E+000   7.52715409E-002   1.19999997E+001   0.00000000E+000  -1.31466296E-020  -2.14725334E-020  -1.19999997E+001   3.25783430E-020  -4.09328672E-020   8.00657893E-020   2.17178716E-002   2.17401136E-002  -4.34579840E-002   2.17289925E-002  -5.19630135E-005   4.88028298E-005
     124       1     1.19342715E+001   1.00002269E+000   7.59662912E-002   1.19999997E+001   0.00000000E+000   1.41054974E-020   5.59518201E-020  -1.19999997E+001  -3.26349842E-020  -1.62047991E-020   1.17454353E-019   2.19199754E-002   2.19391251E-002  -4.38590993E-002   2.19295502E-002  -5.07131391E-005   4.99738827E-005
     125       1     1.19336758E+001   1.00002269E+000   7.66554803E-002   1.19999997E+001   0.00000000E+000   5.75663112E-020   1.31927863E-019  -1.19999997E+001   1.34162853E-020  -2.75073950E-020  -1.07742591E-019   2.21196090E-002   2.21373939E-002  -4.42570016E-002   2.21285014E-002  -5.13064196E-005   5.09731401E-005
     126       1     1.19330797E+001   1.00002269E+000   7.73450900E-002   1.19999997E+001   0.00000000E+000   3.55360100E-020  -1.27746465E-019  -1.19999997E+001   2.91013203E-020  -3.60624277E-020   3.75923810E-020   2.23199155E-002   2.23352343E-002  -4.46551480E-002   2.23275747E-002  -5.13323476E-005   5.13825465E-005
     127       1     1.19324794E+001   1.00002269E+000   7.80394974E-002   1.19999997E+001   0.00000000E+000   5.81900881E-020  -1.67718727E-019  -1.19999997E+001  -1.01432919E-020   4.64571102E-020  -3.87252876E-020   2.25214210E-002   2.25346440E-002  -4.50560635E-002   2.25280326E-002  -5.24193393E-005   5.16073608E-005
     128       1     1.19318745E+001   1.00002269E+000   7.87393593E-002   1.19999997E+001   0.00000000E+000  -5.03852255E-021   2.21743134E-020  -1.19999997E+001   1.79303961E-020   9.92669675E-020   1.36949346E-019   2.27235003E-002   2.27366327E-002  -4.54601321E-002   2.27300672E-002  -5.12485393E-005   5.04704033E-005
     129       1     1.19312724E+001   1.00002269E+000   7.94359243E-002   1.19999997E+001   0.00000000E+000  -2.51330557E-020  -2.89850704E-020  -1.19999997E+001  -3.35369523E-021   9.21730665E-020   6.83026193E-020   2.29248653E-002   2.29374299E-002  -4.58622949E-002   2.29311489E-002  -5.15771677E-005   4.99301612E-005
     130       1     1.19306715E+001   1.00002269E+000   8.01311011E-002   1.19999997E+001   0.00000000E+000   2.35965677E-020  -6.18984215E-020  -1.19999997E+001  -2.23399201E-020   2.98155597E-020  -1.54181172E-019   2.31268832E-002   2.31367711E-002  -4.62636536E-002   2.31318282E-002  -5.27153928E-005   5.09151599E-005
     131       1     1.19300668E+001   1.00002269E+000   8.08307905E-002   1.19999997E+001   0.00000000E+000   2.88955695E-020   6.12160803E-020  -1.19999997E+001   6.12337509E-021  -6.91549462E-020   1.94076424E-020   2.33292573E-002   2.33383610E-002  -4.66676178E-002   2.33338104E-002  -5.37315933E-005   5.18227817E-005
     132       1     1.19294625E+001   1.00002269E+000   8.15298856E-002   1.19999997E+001   0.00000000E+000   3.37502098E-020   7.64678018E-020  -1.19999997E+001   9.76403995E-022  -6.40780425E-020  -8.59738441E-020   2.35311887E-002   2.35400532E-002  -4.70712416E-002   2.35356224E-002  -5.36514751E-005   5.14560063E-005
     133       1     1.19288558E+001   1.00002269E+000   8.22319145E-002   1.19999997E+001   0.00000000E+000   2.95220761E-020  -1.18724075E-019  -1.19999997E+001   4.23961290E-020   4.50198011E-020   6.97955149E-020   2.37350722E-002   2.37414841E-002  -4.74765562E-002   2.37382799E-002  -5.52950728E-005   5.20680310E-005
     134       1     1.19282462E+001   1.00002269E+000   8.29371593E-002   1.19999997E+001   0.00000000E+000  -3.26162279E-020  -8.63624536E-020  -1.19999997E+001  -1.76816370E-020  -1.17599937E-019   5.22831087E-020   2.39419212E-002   2.39418078E-002  -4.78837291E-002   2.39418665E-002  -5.53123011E-005   5.29386664E-005
     135       1     1.19276329E+001   1.00002269E+000   8.36468520E-002   1.19999997E+001   0.00000000E+000  -3.30335405E-020  -1.20402094E-019  -1.19999997E+001   1.62732172E-020  -1.05836767E-019   1.88464831E-020   2.41469876E-002   2.41464788E-002  -4.82934662E-002   2.41467350E-002  -5.53671895E-005   5.69301082E-005
     136       1     1.19270181E+001   1.00002269E+000   8.43581774E-002   1.19999997E+001   0.00000000E+000   3.05406663E-020  -2.71030691E-020  -1.19999997E+001   7.89493230E-021   6.72305932E-020   1.98840984E-020   2.43548848E-002   2.43492627E-002  -4.87041471E-002   2.43520755E-002  -5.81079486E-005   5.71003932E-005
     137       1     1.19263938E+001   1.00002269E+000   8.50805136E-002   1.19999997E+001   0.00000000E+000  -5.45957402E-020   1.70914540E-020  -1.19999997E+001   1.97676004E-020   1.24900633E-019   6.23733887E-020   2.45652402E-002   2.45559461E-002  -4.91211855E-002   2.45605949E-002  -5.94684899E-005   5.82102122E-005
     138       1     1.19257615E+001   1.00002269E+000   8.58121871E-002   1.19999997E+001   0.00000000E+000  -1.25925013E-020  -8.38958010E-020  -1.19999997E+001   5.62860373E-020  -4.15575540E-020  -1.07643329E-019   2.47796129E-002   2.47640036E-002  -4.95436146E-002   2.47718091E-002  -6.02324261E-005   5.98403454E-005
     139       1     1.19251021E+001   1.00002269E+000   8.65752531E-002   1.19999997E+001   0.00000000E+000  -6.67825922E-020  -7.76500911E-020  -1.19999997E+001  -7.49262267E-021   8.15057453E-020  -2.26793072E-020   2.49983096E-002   2.49858542E-002  -4.99841611E-002   2.49920818E-002  -6.35176236E-005   6.52186352E-005
     140       1     1.19244951E+001   1.00002269E+000   8.72775703E-002   1.19999997E+001   0.00000000E+000  -2.63759773E-020  -8.39480788E-020  -1.19999997E+001   2.50893444E-021  -7.78423279E-020  -8.70538112E-020   2.52035089E-002   2.51861325E-002  -5.03896377E-002   2.51948195E-002  -6.65526414E-005   6.73603172E-005
     141       1     1.19238865E+001   1.00002269E+000   8.79818412E-002   1.19999997E+001   0.00000000E+000   3.50517785E-020   1.13881098E-019  -1.19999997E+001  -3.15188590E-020   4.72644385E-020   9.42747670E-020   2.54099810E-002   2.53862709E-002  -5.07962483E-002   2.53981250E-002  -6.60636804E-005   6.81610019E-005
     142       1     1.19232357E+001   1.00002269E+000   8.87349949E-002   1.19999997E+001   0.00000000E+000   3.15165740E-020   8.93290541E-020  -1.19999997E+001  -2.75263891E-020  -1.32438895E-019   8.78373166E-020   2.56288187E-002   2.56022648E-002  -5.12310799E-002   2.56155407E-002  -6.90218691E-005   6.70141686E-005
     143       1     1.19226107E+001   1.00002269E+000   8.94582455E-002   1.19999997E+001   0.00000000E+000  -1.10381462E-020   4.04491320E-022  -1.19999997E+001   3.80186892E-020   4.53162627E-020  -1.63562062E-019   2.58399787E-002   2.58086711E-002  -5.16486466E-002   2.58243241E-002  -6.60046258E-005   7.16928590E-005
     144       1     1.19220063E+001   1.00002269E+000   9.01576932E-002   1.19999997E+001   0.00000000E+000  -4.43387006E-020  -6.63159796E-020  -1.19999997E+001   4.90417497E-020   2.44792522E-020   3.09167026E-020   2.60438169E-002   2.60086554E-002  -5.20524690E-002   2.60262354E-002  -6.73846011E-005   7.33149699E-005
     145       1     1.19213983E+001   1.00002269E+000   9.08612600E-002   1.19999997E+001   0.00000000E+000   4.12892993E-020  -2.12671444E-020  -1.19999997E+001  -8.68347324E-021  -7.85199542E-020  -2.29376522E-019   2.62492070E-002   2.62094666E-002  -5.24586704E-002   2.62293361E-002  -6.80683894E-005   7.47980353E-005
     146       1     1.19207864E+001   1.00002269E+000   9.15693839E-002   1.19999997E+001   0.00000000E+000  -2.85860385E-020  -1.13226137E-020  -1.19999997E+001   3.89506271E-020   8.44491848E-020  -2.19381533E-020   2.64561729E-002   2.64113306E-002  -5.28675007E-002   2.64337513E-002  -7.05463113E-005   7.60964927E-005
     147       1     1.19201710E+001   1.00002269E+000   9.22816035E-002   1.19999997E+001   0.00000000E+000  -3.96169883E-021   5.84345200E-020  -1.19999997E+001   9.99680857E-021   5.62429877E-020  -1.22057448E-019   2.66647417E-002   2.66139514E-002  -5.32786891E-002   2.66393451E-002  -7.47070532E-005   7.98259524E-005
     148       1     1.19195485E+001   1.00002269E+000   9.30020903E-002   1.19999997E+001   0.00000000E+000   3.82597503E-020  -1.15059169E-020  -1.19999997E+001  -9.37177022E-021  -1.09860173E-019  -2.18958017E-020   2.68766312E-002   2.68180291E-002  -5.36946566E-002   2.68473294E-002  -7.62502520E-005   8.14033170E-005
     149       1     1.19189249E+001   1.00002269E+000   9.37237513E-002   1.19999997E+001   0.00000000E+000  -1.63161376E-020   1.60306445E-019  -1.19999997E+001  -2.98527002E-020   3.43895377E-020   4.96361307E-020   2.70872600E-002   2.70240454E-002  -5.41113011E-002   2.70556513E-002  -7.70243692E-005   8.48099911E-005
     150       1     1.19183045E+001   1.00002269E+000   9.44418362E-002   1.19999997E+001   0.00000000E+000   3.77667507E-020  -6.10523812E-020  -1.19999997E+001  -4.42856990E-022  -8.72443936E-021  -3.99799551E-020   2.72962768E-002   2.72296116E-002  -5.45258839E-002   2.72629427E-002  -7.79404606E-005   8.62637853E-005
     151       1     1.19176543E+001   1.00002269E+000   9.51942834E-002   1.19999997E+001   0.00000000E+000  -3.98810243E-020  -3.16164974E-021  -1.19999997E+001  -1.64655574E-020  -1.17314063E-019  -1.60428040E-019   2.75152042E-002   2.74450958E-002  -5.49602953E-002   2.74801483E-002  -8.25122306E-005   9.09492496E-005
     152       1     1.19168939E+001   1.00002269E+000   9.60743459E-002   1.19999997E+001   0.00000000E+000   1.64438543E-020   4.56930434E-020  -1.19999997E+001   3.64101305E-020  -8.21621959E-021  -4.19281309E-020   2.77722433E-002   2.76961815E-002  -5.54684212E-002   2.77342115E-002  -7.55117063E-005   8.32583775E-005
     153       1     1.19161156E+001   1.00002269E+000   9.69751538E-002   1.19999997E+001   0.00000000E+000   3.93132475E-020  -5.45363487E-020  -1.19999997E+001  -2.96633895E-020  -1.64239688E-019   8.62279540E-020   2.80310538E-002   2.79574480E-002  -5.59884982E-002   2.79942500E-002  -7.71670414E-005   8.62009618E-005
     154       1     1.19154068E+001   1.00002269E+000   9.77955524E-002   1.19999997E+001   0.00000000E+000  -4.88200343E-020   8.90516178E-020  -1.19999997E+001   2.97689016E-020   1.23412700E-019   3.65918233E-020   2.82717346E-002   2.81904432E-002  -5.64621748E-002   2.82310882E-002  -6.97171426E-005   7.87327060E-005
     155       1     1.19147023E+001   1.00002269E+000   9.86109900E-002   1.19999997E+001   0.00000000E+000  -1.19833324E-019  -6.16722704E-020  -1.19999997E+001  -4.75373538E-020  -8.52115145E-020   1.58395161E-020   2.85081769E-002   2.84247887E-002  -5.69329631E-002   2.84664827E-002  -7.20992128E-005   8.01131657E-005
     156       1     1.19140415E+001   1.00002269E+000   9.93758931E-002   1.19999997E+001   0.00000000E+000  -2.56498782E-020  -8.08906538E-020  -1.19999997E+001   2.81238720E-020  -1.22480964E-019  -6.22569216E-020   2.87298665E-002   2.86447078E-002  -5.73745715E-002   2.86872871E-002  -7.46786817E-005   8.39276453E-005
     157       1     1.19134450E+001   1.00002269E+000   1.00066306E-001   1.19999997E+001   0.00000000E+000   1.72847661E-020   9.76797733E-020  -1.19999997E+001  -3.13091274E-020  -3.20178454E-020  -1.18584613E-020   2.89330156E-002   2.88401676E-002  -5.77731799E-002   2.88865912E-002  -7.38747293E-005   8.43247645E-005
     158       1     1.19128604E+001   1.00002269E+000   1.00743024E-001   1.19999997E+001   0.00000000E+000  -2.50013686E-020   4.40615951E-020  -1.19999997E+001   3.83576368E-020  -8.58891409E-020  -4.82808780E-020   2.91317180E-002   2.90321587E-002  -5.81638743E-002   2.90819387E-002  -7.55254768E-005   8.75667613E-005
     159       1     1.19122742E+001   1.00002269E+000   1.01421653E-001   1.19999997E+001   0.00000000E+000   4.01930368E-020  -2.83246494E-020  -1.19999997E+001  -1.72275148E-020  -4.60785923E-020   1.53058854E-019   2.93310987E-002   2.92245775E-002  -5.85556744E-002   2.92778392E-002  -7.76789725E-005   8.85515681E-005
     160       1     1.19116898E+001   1.00002269E+000   1.02098058E-001   1.19999997E+001   0.00000000E+000  -3.01090434E-020  -1.05469995E-019  -1.19999997E+001  -1.65019172E-020  -2.21922632E-020   8.80914265E-020   2.95295006E-002   2.94166871E-002  -5.89461855E-002   2.94730946E-002  -8.03717461E-005   9.25946366E-005
     161       1     1.19111047E+001   1.00002269E+000   1.02775406E-001   1.19999997E+001   0.00000000E+000   4.50530538E-020  -1.70472329E-019  -1.19999997E+001  -4.58159586E-020   3.18484388E-020   1.52465931E-020   2.97289709E-002   2.96082716E-002  -5.93372409E-002   2.96686221E-002  -8.37909159E-005   9.50722326E-005
     162       1     1.19105014E+001   1.00002269E+000   1.03473861E-001   1.19999997E+001   0.00000000E+000  -5.15975414E-020  -1.39971698E-019  -1.19999997E+001   1.89516694E-020   1.09944877E-019   3.96411419E-020   2.99350147E-002   2.98054665E-002  -5.97404795E-002   2.98702416E-002  -8.70493638E-005   9.89413590E-005
     163       1     1.19098842E+001   1.00002269E+000   1.04188286E-001   1.19999997E+001   0.00000000E+000   5.56811666E-020   6.07078605E-020  -1.19999997E+001  -2.32070277E-020  -6.67461962E-020  -1.78385139E-019   3.01454519E-002   3.00075020E-002  -6.01529519E-002   3.00764776E-002  -8.55016721E-005   9.89710669E-005
     164       1     1.19093016E+001   1.00002269E+000   1.04862831E-001   1.19999997E+001   0.00000000E+000  -5.16084602E-020   3.91595574E-021  -1.19999997E+001   4.51657830E-020   1.43995601E-020   1.67373710E-019   3.03441310E-002   3.01982576E-002  -6.05423866E-002   3.02711951E-002  -8.86379682E-005   1.02710420E-004
     165       1     1.19086635E+001   1.00002269E+000   1.05601520E-001   1.19999997E+001   0.00000000E+000   6.27591857E-020  -1.21462622E-019  -1.19999997E+001  -7.55176996E-021   1.00627514E-019   3.23566586E-020   3.05583027E-002   3.04105566E-002  -6.09688574E-002   3.04844304E-002  -9.23606904E-005   1.06348714E-004
     166       1     1.19080244E+001   1.00002269E+000   1.06341388E-001   1.19999997E+001   0.00000000E+000  -1.01142020E-019   6.21240764E-020  -1.19999997E+001  -4.18978897E-020   1.72625315E-019   1.67712524E-020   3.07820940E-002   3.06139138E-002  -6.13960063E-002   3.06980050E-002  -9.22496398E-005   1.07671711E-004
     167       1     1.19074038E+001   1.00002269E+000   1.07059952E-001   1.19999997E+001   0.00000000E+000  -4.35300489E-020   1.42040146E-020  -1.19999997E+001   2.69354900E-020   6.09863722E-020  -6.03087458E-020   3.09896602E-002   3.08212049E-002  -6.18108636E-002   3.09054338E-002  -9.50854310E-005   1.09183427E-004
     168       1     1.19067703E+001   1.00002269E+000   1.07793386E-001   1.19999997E+001   0.00000000E+000  -7.86417152E-021   8.88355582E-020  -1.19999997E+001   2.54016723E-020  -9.91028548E-020  -7.48777125E-020   3.12078274E-002   3.10264708E-002  -6.22342974E-002   3.11171510E-002  -9.56387113E-005   1.12643912E-004
     169       1     1.19061663E+001   1.00002269E+000   1.08492622E-001   1.19999997E+001   0.00000000E+000   3.87108946E-020  -4.20621341E-020  -1.19999997E+001  -4.03403278E-021  -1.06217932E-019  -1.44503821E-019   3.14103380E-002   3.12276567E-002  -6.26379931E-002   3.13189988E-002  -9.95598778E-005   1.14174708E-004
     170       1     1.19055702E+001   1.00002269E+000   1.09182772E-001   1.19999997E+001   0.00000000E+000  -3.02822550E-020  -3.70174905E-020  -1.19999997E+001   2.60210854E-021   5.92923063E-020   7.92822839E-020   3.16142181E-002   3.14222289E-002  -6.30364457E-002   3.15182254E-002  -9.90444080E-005   1.14879315E-004
     171       1     1.19049670E+001   1.00002269E+000   1.09881167E-001   1.19999997E+001   0.00000000E+000  -1.91004275E-020  -9.91035166E-020  -1.19999997E+001   3.51553570E-020  -3.87941090E-020  -1.19939865E-019   3.18191511E-002   3.16205058E-002  -6.34396555E-002   3.17198305E-002  -1.00744710E-004   1.16287839E-004
     172       1     1.19043660E+001   1.00002269E+000   1.10577094E-001   1.19999997E+001   0.00000000E+000  -4.41939440E-020   5.61099771E-020  -1.19999997E+001   2.55557260E-020  -3.06625927E-020  -1.99899776E-020   3.20233754E-002   3.18180594E-002  -6.38414341E-002   3.19207198E-002  -1.04109824E-004   1.19529675E-004
     173       1     1.19037622E+001   1.00002269E+000   1.11276217E-001   1.19999997E+001   0.00000000E+000   6.90060537E-020  -5.65900727E-020  -1.19999997E+001   6.10423517E-020   7.14895807E-020  -9.72393823E-020   3.22294335E-002   3.20156242E-002  -6.42450573E-002   3.21225316E-002  -1.05640392E-004   1.23630063E-004
     174       1     1.19031620E+001   1.00002269E+000   1.11971135E-001   1.19999997E+001   0.00000000E+000  -1.08178681E-021  -5.29091190E-020  -1.19999997E+001   5.69053758E-020   3.40507245E-020  -1.58733974E-019   3.24276643E-002   3.22185908E-002  -6.46462545E-002   3.23231302E-002  -1.10761760E-004   1.29375343E-004
     175       1     1.19025438E+001   1.00002269E+000   1.12686976E-001   1.19999997E+001   0.00000000E+000  -3.12970402E-020  -3.41405563E-020  -1.19999997E+001   5.03234609E-020  -3.77776694E-020  -1.60597447E-019   3.26381669E-002   3.24213510E-002  -6.50595177E-002   3.25297615E-002  -1.17375857E-004   1.35372513E-004
     176       1     1.19019333E+001   1.00002269E+000   1.13393980E-001   1.19999997E+001   0.00000000E+000  -4.00302477E-020   6.37283932E-020  -1.19999997E+001   2.66402357E-020  -7.74188114E-020   7.38612730E-020   3.28531334E-002   3.26145426E-002  -6.54676750E-002   3.27338400E-002  -1.20545362E-004   1.39565921E-004
     177       1     1.19013386E+001   1.00002269E+000   1.14082595E-001   1.19999997E+001   0.00000000E+000  -5.66597213E-020   1.47245015E-019  -1.19999997E+001   2.61741789E-020  -1.17059953E-019  -1.35525272E-019   3.30577930E-002   3.28074230E-002  -6.58652151E-002   3.29326104E-002  -1.25951953E-004   1.45464907E-004
     178       1     1.19007626E+001   1.00002269E+000   1.14749571E-001   1.19999997E+001   0.00000000E+000  -4.25397482E-020   1.10912926E-019  -1.19999997E+001   4.71684836E-020   8.41950750E-020  -8.36868552E-020   3.32552715E-002   3.29950003E-002  -6.62502718E-002   3.31251392E-002  -1.30298205E-004   1.48445583E-004
     179       1     1.19001779E+001   1.00002269E+000   1.15426655E-001   1.19999997E+001   0.00000000E+000   3.22310926E-020  -6.92752182E-020  -1.19999997E+001  -2.85710458E-020  -1.18076393E-019  -1.17398766E-019   3.34552907E-002   3.31858774E-002  -6.66411685E-002   3.33205880E-002  -1.32655998E-004   1.51339186E-004
     180       1     1.18996056E+001   1.00002269E+000   1.16089442E-001   1.19999997E+001   0.00000000E+000  -1.99178474E-020  -1.81676987E-020  -1.19999997E+001   3.83027534E-021   9.13101517E-020   9.24959978E-020   3.36503816E-002   3.33734244E-002  -6.70238061E-002   3.35119065E-002  -1.36678018E-004   1.55462951E-004
     181       1     1.18990279E+001   1.00002269E+000   1.16758472E-001   1.19999997E+001   0.00000000E+000  -3.95087930E-020  -2.18654028E-019  -1.19999997E+001   2.80871478E-020   1.08420217E-019  -1.11300129E-019   3.38470894E-002   3.35629532E-002  -6.74100413E-002   3.37050239E-002  -1.41721764E-004   1.61498299E-004
     182       1     1.18984472E+001   1.00002269E+000   1.17430900E-001   1.19999997E+001   0.00000000E+000   9.17321793E-020  -1.25786461E-019  -1.19999997E+001  -5.05860908E-020   4.35374935E-020   1.28579601E-019   3.40448590E-002   3.37533890E-002  -6.77982458E-002   3.38991268E-002  -1.45531954E-004   1.64905935E-004
     183       1     1.18978683E+001   1.00002269E+000   1.18101367E-001   1.19999997E+001   0.00000000E+000  -8.40071395E-020   4.10851511E-020  -1.19999997E+001   2.74756157E-020  -9.48676901E-020   4.30292737E-020   3.42425131E-002   3.39428047E-002  -6.81853156E-002   3.40926618E-002  -1.49616118E-004   1.68806652E-004
     184       1     1.18972945E+001   1.00002269E+000   1.18765941E-001   1.19999997E+001   0.00000000E+000   4.13717692E-020   1.19970471E-019  -1.19999997E+001   7.12126510E-021   1.31798327E-019  -1.18584613E-020   3.44396795E-002   3.41292990E-002  -6.85689758E-002   3.42844923E-002  -1.54052738E-004   1.73885237E-004
     185       1     1.18967254E+001   1.00002269E+000   1.19425042E-001   1.19999997E+001   0.00000000E+000  -6.29363678E-020  -7.17148220E-020  -1.19999997E+001  -3.66962717E-020   8.63973606E-020  -1.59919820E-019   3.46352978E-002   3.43141835E-002  -6.89494787E-002   3.44747440E-002  -1.58051596E-004   1.78212016E-004
     186       1     1.18961518E+001   1.00002269E+000   1.20089404E-001   1.19999997E+001   0.00000000E+000   1.55779616E-020  -1.13225971E-019  -1.19999997E+001   5.44625797E-021   1.05032085E-019  -7.89434707E-020   3.48316237E-002   3.45013913E-002  -6.93330124E-002   3.46665113E-002  -1.63844826E-004   1.83896484E-004
     187       1     1.18955687E+001   1.00002269E+000   1.20764743E-001   1.19999997E+001   0.00000000E+000  -5.69689214E-020  -6.63134153E-020  -1.19999997E+001  -4.18918900E-020   3.01543729E-020   5.89534931E-020   3.50309513E-002   3.46919419E-002  -6.97228904E-002   3.48614504E-002  -1.68677082E-004   1.87816099E-004
     188       1     1.18949864E+001   1.00002269E+000   1.21439128E-001   1.19999997E+001   0.00000000E+000   6.13313065E-020   1.94185364E-019  -1.19999997E+001   5.73937459E-021   4.74338450E-021  -3.28648784E-020   3.52300915E-002   3.48821225E-002  -7.01122113E-002   3.50561111E-002  -1.74154839E-004   1.93344414E-004
     189       1     1.18944053E+001   1.00002269E+000   1.22112186E-001   1.19999997E+001   0.00000000E+000   5.16309595E-021  -7.33715821E-020  -1.19999997E+001  -6.35624168E-020   1.66018458E-020  -1.39591030E-019   3.54281502E-002   3.50726168E-002  -7.05007641E-002   3.52503877E-002  -1.80505860E-004   1.99005578E-004
     190       1     1.18938069E+001   1.00002269E+000   1.22805226E-001   1.19999997E+001   0.00000000E+000  -1.43912883E-020   5.70714918E-020  -1.19999997E+001  -3.35767241E-020   1.88041314E-020  -1.33492392E-019   3.56314646E-002   3.52694088E-002  -7.09008700E-002   3.54504405E-002  -1.83291240E-004   2.02276310E-004
     191       1     1.18932191E+001   1.00002269E+000   1.23486042E-001   1.19999997E+001   0.00000000E+000  -3.13723137E-020   9.12979094E-020  -1.19999997E+001   2.44324738E-020   3.60836036E-020  -8.47032947E-020   3.58318158E-002   3.54621017E-002  -7.12939141E-002   3.56469627E-002  -1.86916232E-004   2.05900343E-004
     192       1     1.18926394E+001   1.00002269E+000   1.24157623E-001   1.19999997E+001   0.00000000E+000  -4.05009135E-020   7.51397634E-020  -1.19999997E+001  -1.77177822E-020   8.63973606E-021   1.02999206E-019   3.60350259E-002   3.56465595E-002  -7.16815803E-002   3.58407953E-002  -1.96289722E-004   2.14575422E-004
     193       1     1.18920594E+001   1.00002269E+000   1.24829409E-001   1.19999997E+001   0.00000000E+000   3.35911429E-020   9.09093827E-020  -1.19999997E+001  -2.62099182E-020  -6.01393393E-020   1.88718941E-019   3.62328153E-002   3.58365798E-002  -7.20693893E-002   3.60346997E-002  -2.03258585E-004   2.21613043E-004
     194       1     1.18914734E+001   1.00002269E+000   1.25508260E-001   1.19999997E+001   0.00000000E+000  -5.43937427E-020   1.43432291E-020  -1.19999997E+001   2.30470820E-020  -3.45589442E-020  -3.63885354E-019   3.64325240E-002   3.60287456E-002  -7.24612629E-002   3.62306361E-002  -2.12348082E-004   2.31009043E-004
     195       1     1.18908786E+001   1.00002269E+000   1.26197322E-001   1.19999997E+001   0.00000000E+000  -5.53476474E-020   1.37848326E-019  -1.19999997E+001   1.32142206E-020   7.19978005E-020   1.83128523E-019   3.66337411E-002   3.62253370E-002  -7.28590726E-002   3.64295415E-002  -2.16276124E-004   2.33506698E-004
     196       1     1.18902995E+001   1.00002269E+000   1.26868067E-001   1.19999997E+001   0.00000000E+000  -2.32278933E-020  -1.13949258E-019  -1.19999997E+001  -1.08454183E-020  -5.42101086E-020   1.43656788E-019   3.68352494E-002   3.64110492E-002  -7.32462931E-002   3.66231522E-002  -2.18620636E-004   2.36634607E-004
     197       1     1.18897217E+001   1.00002269E+000   1.27537429E-001   1.19999997E+001   0.00000000E+000  -6.91235133E-020  -5.22592031E-020  -1.19999997E+001   5.13198724E-020   3.86247024E-020   3.54059772E-020   3.70329408E-002   3.65997737E-002  -7.36327091E-002   3.68163604E-002  -2.24411952E-004   2.41162418E-004
     198       1     1.18891454E+001   1.00002269E+000   1.28204987E-001   1.19999997E+001   0.00000000E+000  -3.39876933E-020   3.67540334E-020  -1.19999997E+001  -2.56095273E-020  -3.67612299E-020  -4.45539330E-020   3.72299087E-002   3.67881873E-002  -7.40180914E-002   3.70090521E-002  -2.28845585E-004   2.44724468E-004
     199       1     1.18885760E+001   1.00002269E+000   1.28864667E-001   1.19999997E+001   0.00000000E+000  -5.34649843E-020   3.36660855E-020  -1.19999997E+001  -8.52596771E-021   1.02660393E-019   2.81214938E-020   3.74254637E-002   3.69734642E-002  -7.43989238E-002   3.71994685E-002  -2.32940991E-004   2.48163215E-004
     200       1     1.18880042E+001   1.00002269E+000   1.29527049E-001   1.19999997E+001   0.00000000E+000  -4.21660280E-020  -6.84114763E-020  -1.19999997E+001   1.16660539E-020  -1.06726151E-020   2.15485182E-019   3.76208898E-002   3.71604193E-002  -7.47813049E-002   3.73906592E-002  -2.38790266E-004   2.54055119E-004
     201       1     1.18874354E+001   1.00002269E+000   1.30185987E-001   1.19999997E+001   0.00000000E+000  -4.66185758E-020   1.87634341E-019  -1.19999997E+001  -4.64148516E-020   5.60735811E-020  -1.72286501E-019   3.78196591E-002   3.73420442E-002  -7.51616992E-002   3.75808567E-002  -2.42262013E-004   2.57556638E-004
     202       1     1.18868594E+001   1.00002269E+000   1.30853338E-001   1.19999997E+001   0.00000000E+000   4.38198929E-020  -8.00139251E-020  -1.19999997E+001  -4.48764947E-020  -6.31886579E-020  -1.18584613E-019   3.80196315E-002   3.75273111E-002  -7.55469375E-002   3.77734755E-002  -2.47439517E-004   2.64109393E-004
     203       1     1.18862856E+001   1.00002269E+000   1.31518143E-001   1.19999997E+001   0.00000000E+000  -3.44575319E-020   1.66754152E-019  -1.19999997E+001   5.59130667E-021   6.23416249E-020   4.35374935E-020   3.82159153E-002   3.77148152E-002  -7.59307259E-002   3.79653701E-002  -2.51923916E-004   2.68040732E-004
     204       1     1.18857199E+001   1.00002269E+000   1.32173539E-001   1.19999997E+001   0.00000000E+000   9.43601321E-020  -6.70392663E-020  -1.19999997E+001   4.16849605E-020   9.26654044E-020   1.26038503E-019   3.84094875E-002   3.78995945E-002  -7.63090780E-002   3.81545466E-002  -2.56669058E-004   2.72897935E-004
     205       1     1.18851578E+001   1.00002269E+000   1.32824725E-001   1.19999997E+001   0.00000000E+000   1.87447399E-020  -1.39333777E-019  -1.19999997E+001   2.94600272E-020   7.53859323E-020  -1.14349448E-019   3.86028384E-002   3.80821586E-002  -7.66849922E-002   3.83425037E-002  -2.62315054E-004   2.77770172E-004
     206       1     1.18845932E+001   1.00002269E+000   1.33478860E-001   1.19999997E+001   0.00000000E+000  -3.37375539E-020  -2.45607295E-020  -1.19999997E+001  -5.01010786E-020   1.19770459E-019   5.18384164E-020   3.87970060E-002   3.82656017E-002  -7.70626027E-002   3.85313090E-002  -2.68920697E-004   2.83356705E-004
     207       1     1.18840157E+001   1.00002269E+000   1.34147960E-001   1.19999997E+001   0.00000000E+000  -4.26140291E-020   2.98414505E-020  -1.19999997E+001   3.73477630E-020   5.21772296E-020  -7.70799982E-020   3.89924871E-002   3.84563811E-002  -7.74488629E-002   3.87244392E-002  -2.74581825E-004   2.89766251E-004
     208       1     1.18834450E+001   1.00002269E+000   1.34809207E-001   1.19999997E+001   0.00000000E+000  -9.51390053E-021  -2.06848341E-019  -1.19999997E+001  -1.61180588E-020  -9.52065033E-020   8.30092288E-021   3.91897065E-002   3.86408889E-002  -7.78305904E-002   3.89153031E-002  -2.79578462E-004   2.92776355E-004
     209       1     1.18828743E+001   1.00002269E+000   1.35470531E-001   1.19999997E+001   0.00000000E+000   1.27288207E-020  -3.75618580E-020  -1.19999997E+001   5.60815272E-020   1.96511644E-020  -2.91718147E-019   3.93847726E-002   3.88275917E-002  -7.82123594E-002   3.91061880E-002  -2.85142779E-004   2.97814650E-004
     210       1     1.18823099E+001   1.00002269E+000   1.36124447E-001   1.19999997E+001   0.00000000E+000   4.92000411E-020  -1.43921237E-019  -1.19999997E+001  -3.78763211E-020   1.43148568E-019   2.02864391E-019   3.95787612E-002   3.90110954E-002  -7.85898519E-002   3.92949348E-002  -2.90888909E-004   3.01376374E-004
     211       1     1.18817433E+001   1.00002269E+000   1.36780983E-001   1.19999997E+001   0.00000000E+000   5.75006331E-020   1.16658771E-019  -1.19999997E+001   1.43552749E-020   1.30697184E-019  -1.03930943E-019   3.97755990E-002   3.91932564E-002  -7.89688510E-002   3.94844347E-002  -2.95506915E-004   3.05514281E-004
     212       1     1.18811679E+001   1.00002269E+000   1.37447731E-001   1.19999997E+001   0.00000000E+000  -4.56471349E-021   2.48287360E-020  -1.19999997E+001  -4.89380110E-020   1.15535294E-019  -2.06083116E-019   3.99730533E-002   3.93807000E-002  -7.93537489E-002   3.96768839E-002  -3.00866244E-004   3.10227964E-004
     213       1     1.18805911E+001   1.00002269E+000   1.38116057E-001   1.19999997E+001   0.00000000E+000  -7.69582372E-020   4.87867817E-020  -1.19999997E+001   3.20438292E-020   8.61432507E-020  -7.82658443E-020   4.01706624E-002   3.95689193E-002  -7.97395786E-002   3.98697997E-002  -3.03320029E-004   3.12748335E-004
     214       1     1.18800132E+001   1.00002269E+000   1.38785673E-001   1.19999997E+001   0.00000000E+000   2.83512846E-020   2.27292689E-020  -1.19999997E+001   1.04383886E-020  -9.19030748E-020  -3.36272080E-020   4.03668760E-002   3.97592587E-002  -8.01261325E-002   4.00630773E-002  -3.09881435E-004   3.18188124E-004
     215       1     1.18794454E+001   1.00002269E+000   1.39443651E-001   1.19999997E+001   0.00000000E+000  -4.38551308E-020   1.49022957E-019  -1.19999997E+001  -7.30834751E-021   1.54075293E-019   4.56550759E-020   4.05645077E-002   3.99414525E-002  -8.05059577E-002   4.02529901E-002  -3.14062024E-004   3.23475977E-004
     216       1     1.18788742E+001   1.00002269E+000   1.40105600E-001   1.19999997E+001   0.00000000E+000   2.65855849E-021   1.74559346E-019  -1.19999997E+001   3.17868966E-021   4.51468561E-020  -1.34593535E-019   4.07600650E-002   4.01280050E-002  -8.08880674E-002   4.04440451E-002  -3.21172790E-004   3.31046559E-004
     217       1     1.18783030E+001   1.00002269E+000   1.40767598E-001   1.19999997E+001   0.00000000E+000  -5.74442194E-020  -2.67861762E-020  -1.19999997E+001  -6.54610057E-023  -3.89635156E-020  -1.13078898E-019   4.09602117E-002   4.03099606E-002  -8.12701677E-002   4.06350947E-002  -3.32103503E-004   3.39049123E-004
     218       1     1.18777322E+001   1.00002269E+000   1.41429086E-001   1.19999997E+001   0.00000000E+000  -4.04951232E-020  -5.91694700E-020  -1.19999997E+001  -4.89544098E-021  -1.23582107E-019  -1.61444480E-019   4.11571589E-002   4.04948693E-002  -8.16520238E-002   4.08260232E-002  -3.37364665E-004   3.43302111E-004
     219       1     1.18771432E+001   1.00002269E+000   1.42111809E-001   1.19999997E+001   0.00000000E+000   2.28492101E-020   2.16754656E-019  -1.19999997E+001   5.13993696E-020   3.59989003E-020  -1.30908942E-019   4.13602767E-002   4.06858195E-002  -8.20460908E-002   4.10230566E-002  -3.48298841E-004   3.53408011E-004
     220       1     1.18765717E+001   1.00002269E+000   1.42774091E-001   1.19999997E+001   0.00000000E+000   5.35314896E-020  -6.99488741E-021  -1.19999997E+001   4.61695202E-020  -1.98459820E-019   1.31544217E-019   4.15574317E-002   4.08709654E-002  -8.24283915E-002   4.12142071E-002  -3.54239392E-004   3.59816707E-004
     221       1     1.18759973E+001   1.00002269E+000   1.43439856E-001   1.19999997E+001   0.00000000E+000   8.23736232E-020   8.18306619E-020  -1.19999997E+001   5.30711016E-020  -2.08031292E-019   9.93569647E-020   4.17543318E-002   4.10583869E-002  -8.28127137E-002   4.14063689E-002  -3.59272277E-004   3.65871539E-004
     222       1     1.18754201E+001   1.00002269E+000   1.44108742E-001   1.19999997E+001   0.00000000E+000  -1.82365201E-020  -6.34556718E-020  -1.19999997E+001   1.44858350E-020  -5.88687898E-020  -3.00696696E-020   4.19559993E-002   4.12428311E-002  -8.31988256E-002   4.15994252E-002  -3.64806685E-004   3.70302115E-004
     223       1     1.18748473E+001   1.00002269E+000   1.44772654E-001   1.19999997E+001   0.00000000E+000   1.26279212E-019  -6.21459967E-020  -1.19999997E+001   5.35359047E-020   8.49574046E-020   1.16001162E-019   4.21552262E-002   4.14268433E-002  -8.35820645E-002   4.17910448E-002  -3.70747378E-004   3.75404011E-004
     224       1     1.18742699E+001   1.00002269E+000   1.45441886E-001   1.19999997E+001   0.00000000E+000   4.01546557E-021   1.92529389E-019  -1.19999997E+001   2.89436907E-020   1.90582413E-021  -1.45054392E-019   4.23530723E-002   4.16153057E-002  -8.39683725E-002   4.19841989E-002  -3.78389312E-004   3.81994267E-004
     225       1     1.18736984E+001   1.00002269E+000   1.46104239E-001   1.19999997E+001   0.00000000E+000   3.58622500E-020   8.10505065E-020  -1.19999997E+001   2.80404095E-020  -8.91078661E-020  -9.06325254E-020   4.25523712E-002   4.17983354E-002  -8.43506997E-002   4.21753622E-002  -3.85024743E-004   3.88045992E-004
     226       1     1.18731238E+001   1.00002269E+000   1.46770303E-001   1.19999997E+001   0.00000000E+000   2.47677728E-020   2.70006352E-019  -1.19999997E+001  -1.12048686E-019  -1.26631426E-020   3.80529552E-020   4.27511245E-002   4.19840510E-002  -8.47351676E-002   4.23675960E-002  -3.92996733E-004   3.94646606E-004
     227       1     1.18725418E+001   1.00002269E+000   1.47444843E-001   1.19999997E+001   0.00000000E+000   8.45064257E-020  -1.31063873E-020  -1.19999997E+001  -6.77965398E-020  -6.00758118E-020  -9.34277341E-020   4.29535112E-002   4.21710391E-002  -8.51245430E-002   4.25622839E-002  -3.98648258E-004   3.99216945E-004
     228       1     1.18719697E+001   1.00002269E+000   1.48108080E-001   1.19999997E+001   0.00000000E+000  -7.63921148E-020  -9.82003594E-020  -1.19999997E+001  -4.32218310E-020   8.56350310E-020   4.12081529E-020   4.31521907E-002   4.23552060E-002  -8.55073891E-002   4.27537074E-002  -4.04598632E-004   4.04501447E-004
     229       1     1.18713949E+001   1.00002269E+000   1.48774350E-001   1.19999997E+001   0.00000000E+000  -1.00977246E-020  -9.73680916E-020  -1.19999997E+001  -4.89892341E-020   2.40239720E-020  -1.45075568E-019   4.33525294E-002   4.25394594E-002  -8.58919808E-002   4.29460028E-002  -4.11015116E-004   4.09592227E-004
     230       1     1.18708164E+001   1.00002269E+000   1.49444865E-001   1.19999997E+001   0.00000000E+000   4.33952184E-020  -1.23861570E-019  -1.19999997E+001  -1.03212908E-020   5.10125592E-020   1.34148843E-019   4.35509886E-002   4.27280446E-002  -8.62790248E-002   4.31395250E-002  -4.17669636E-004   4.17042267E-004
     231       1     1.18702358E+001   1.00002269E+000   1.50117872E-001   1.19999997E+001   0.00000000E+000  -2.58249096E-020   7.88902003E-020  -1.19999997E+001  -3.99978532E-020  -1.44014130E-019  -1.24852656E-019   4.37514551E-002   4.29160730E-002  -8.66675195E-002   4.33337730E-002  -4.23449577E-004   4.21417102E-004
     232       1     1.18696493E+001   1.00002269E+000   1.50797781E-001   1.19999997E+001   0.00000000E+000  -9.35193857E-021   2.40583413E-020  -1.19999997E+001  -3.48758992E-021  -5.93981854E-020  -3.37591599E-019   4.39563570E-002   4.31036413E-002  -8.70599891E-002   4.35300076E-002  -4.27938711E-004   4.26740731E-004
     233       1     1.18690622E+001   1.00002269E+000   1.51478275E-001   1.19999997E+001   0.00000000E+000  -1.82244433E-020  -6.84863775E-020  -1.19999997E+001   4.64222962E-020  -1.97406322E-019  -3.15350366E-019   4.41589943E-002   4.32938191E-002  -8.74528048E-002   4.37264163E-002  -4.33464803E-004   4.31573729E-004
     234       1     1.18684835E+001   1.00002269E+000   1.52149125E-001   1.19999997E+001   0.00000000E+000  -6.15392597E-020  -6.37786858E-020  -1.19999997E+001  -3.69366336E-020   1.08526096E-020  -1.49554255E-021   4.43596653E-002   4.34803845E-002  -8.78400408E-002   4.39200345E-002  -4.39000730E-004   4.37749095E-004
     235       1     1.18679031E+001   1.00002269E+000   1.52821950E-001   1.19999997E+001   0.00000000E+000  -3.46709445E-020   1.02167931E-019  -1.19999997E+001   6.42630207E-020  -7.93563992E-020  -1.96688991E-019   4.45619002E-002   4.36665328E-002  -8.82284238E-002   4.41142263E-002  -4.43715416E-004   4.42425263E-004
     236       1     1.18673138E+001   1.00002269E+000   1.53505105E-001   1.19999997E+001   0.00000000E+000   6.04018864E-020   4.19418207E-020  -1.19999997E+001  -2.75620716E-020   1.84139669E-019  -1.34164725E-019   4.47664776E-002   4.38563266E-002  -8.86227971E-002   4.43114137E-002  -4.46234665E-004   4.44632752E-004
     237       1     1.18667250E+001   1.00002269E+000   1.54187718E-001   1.19999997E+001   0.00000000E+000   4.96498619E-020  -2.51382070E-019  -1.19999997E+001  -3.71149117E-020   1.11236602E-019   7.62395827E-020   4.49713996E-002   4.40454275E-002  -8.90168198E-002   4.45084254E-002  -4.51694666E-004   4.50748625E-004
     238       1     1.18661350E+001   1.00002269E+000   1.54871693E-001   1.19999997E+001   0.00000000E+000   4.79116246E-020  -9.44849743E-020  -1.19999997E+001   8.00400640E-022   6.97167673E-020  -7.55871026E-020   4.51762429E-002   4.42353780E-002  -8.94116132E-002   4.47058223E-002  -4.59692437E-004   4.57659782E-004
     239       1     1.18655549E+001   1.00002269E+000   1.55544278E-001   1.19999997E+001   0.00000000E+000  -1.65882800E-021   1.95331671E-019  -1.19999997E+001  -2.64877501E-020  -9.05266462E-020  -1.00076943E-019   4.53785067E-002   4.44213446E-002  -8.97998430E-002   4.48999373E-002  -4.66107026E-004   4.62826470E-004
     240       1     1.18649630E+001   1.00002269E+000   1.56230461E-001   1.19999997E+001   0.00000000E+000  -1.46717025E-020   1.72109113E-019  -1.19999997E+001  -1.34300217E-020   7.20825038E-020  -1.03739037E-019   4.55862056E-002   4.46097419E-002  -9.01959390E-002   4.50979856E-002  -4.68462254E-004   4.67513515E-004
     241       1     1.18643794E+001   1.00002269E+000   1.56907058E-001   1.19999997E+001   0.00000000E+000   1.89978571E-020   2.66412541E-020  -1.19999997E+001  -4.70534247E-020   1.27361992E-019   1.08761677E-019   4.57902042E-002   4.47963051E-002  -9.05865021E-002   4.52932677E-002  -4.72115847E-004   4.71406322E-004
     242       1     1.18637843E+001   1.00002269E+000   1.57597069E-001   1.19999997E+001   0.00000000E+000   3.61383629E-020  -1.77719486E-019  -1.19999997E+001  -5.37725301E-020  -1.12803613E-019   1.78569104E-019   4.59994097E-002   4.49853983E-002  -9.09848011E-002   4.54924178E-002  -4.76135523E-004   4.75084277E-004
     243       1     1.18631925E+001   1.00002269E+000   1.58283226E-001   1.19999997E+001   0.00000000E+000   1.06451693E-019   2.56006982E-019  -1.19999997E+001  -8.21102903E-021  -2.29185940E-019   4.01249433E-019   4.62059922E-002   4.51748755E-002  -9.13808615E-002   4.56904485E-002  -4.82076263E-004   4.80891145E-004
     244       1     1.18626026E+001   1.00002269E+000   1.58967145E-001   1.19999997E+001   0.00000000E+000  -5.90645008E-020  -2.26557015E-019  -1.19999997E+001   6.19416211E-020  -4.49370831E-020   6.80273336E-020   4.64124085E-002   4.53632498E-002  -9.17756524E-002   4.58878444E-002  -4.85948481E-004   4.83879578E-004
     245       1     1.18619997E+001   1.00002269E+000   1.59666212E-001   1.19999997E+001   0.00000000E+000  -2.03076149E-020   7.01155924E-020  -1.19999997E+001   3.32967907E-020   9.13101517E-020  -1.00373404E-020   4.66244594E-002   4.55547204E-002  -9.21791737E-002   4.60896051E-002  -4.91408336E-004   4.86689467E-004
     246       1     1.18614024E+001   1.00002269E+000   1.60358764E-001   1.19999997E+001   0.00000000E+000  -2.15434227E-020  -4.06197586E-020  -1.19999997E+001  -1.50238333E-020   1.52529458E-019   2.88457070E-019   4.68321570E-002   4.57467777E-002  -9.25789287E-002   4.62894828E-002  -4.97129748E-004   4.92627341E-004
     247       1     1.18608074E+001   1.00002269E+000   1.61048676E-001   1.19999997E+001   0.00000000E+000  -4.01589570E-020  -1.19545383E-020  -1.19999997E+001  -1.05466211E-019   1.17314063E-019  -1.27393755E-019   4.70400513E-002   4.59370962E-002  -9.29771415E-002   4.64885896E-002  -5.03866305E-004   4.99757180E-004
     248       1     1.18602072E+001   1.00002268E+000   1.61744808E-001   1.19999997E+001   0.00000000E+000   1.02205278E-019   5.56857885E-020  -1.19999997E+001   5.56092640E-020  -1.29045470E-019   1.36414656E-019   4.72497542E-002   4.61291620E-002  -9.33789101E-002   4.66894740E-002  -5.15076574E-004   5.08792661E-004
     249       1     1.18596237E+001   1.00002268E+000   1.62421410E-001   1.19999997E+001   0.00000000E+000   9.15169469E-020  -5.63298365E-020  -1.19999997E+001  -3.14382400E-020  -1.09013140E-019   5.85299767E-020   4.74544892E-002   4.63149394E-002  -9.37694221E-002   4.68847302E-002  -5.24231417E-004   5.15115777E-004
     250       1     1.18590276E+001   1.00002268E+000   1.63112774E-001   1.19999997E+001   0.00000000E+000   3.54154071E-020  -9.15947574E-020  -1.19999997E+001  -3.66499741E-020  -6.51368336E-020   6.35274710E-020   4.76602217E-002   4.65082500E-002  -9.41684641E-002   4.70842507E-002  -5.33691762E-004   5.23484800E-004
     251       1     1.18584221E+001   1.00002268E+000   1.63814933E-001   1.19999997E+001   0.00000000E+000   7.35946727E-020   9.90656524E-020  -1.19999997E+001   5.41726994E-020  -9.69005692E-020  -1.40776876E-019   4.78764732E-002   4.66972533E-002  -9.45737183E-002   4.72868780E-002  -5.41954377E-004   5.28192963E-004
     252       1     1.18578425E+001   1.00002268E+000   1.64487068E-001   1.19999997E+001   0.00000000E+000   4.21895200E-020   1.72043383E-020  -1.19999997E+001   1.09996203E-020   5.94617129E-020   3.77776694E-020   4.80793833E-002   4.68823097E-002  -9.49616845E-002   4.74808613E-002  -5.47707626E-004   5.32187272E-004
     253       1     1.18572519E+001   1.00002268E+000   1.65171993E-001   1.19999997E+001   0.00000000E+000   8.80417957E-021  -1.10692270E-019  -1.19999997E+001  -3.55426068E-020   1.04015646E-019   1.17398766E-019   4.82849817E-002   4.70720712E-002  -9.53570448E-002   4.76785414E-002  -5.53403140E-004   5.35585576E-004
     254       1     1.18566634E+001   1.00002268E+000   1.65854414E-001   1.19999997E+001   0.00000000E+000  -2.46776101E-020  -1.48330829E-019  -1.19999997E+001  -2.68535707E-020  -3.74388563E-020  -1.66018458E-019   4.84913149E-002   4.72596415E-002  -9.57509484E-002   4.78754936E-002  -5.58874132E-004   5.39367370E-004
     255       1     1.18560727E+001   1.00002268E+000   1.66539462E-001   1.19999997E+001   0.00000000E+000   5.18111194E-020  -1.45333333E-019  -1.19999997E+001   5.54939550E-020  -1.25699689E-019  -7.01343280E-020   4.86960418E-002   4.74503371E-002  -9.61463711E-002   4.80732053E-002  -5.65220840E-004   5.44434244E-004
     256       1     1.18554752E+001   1.00002268E+000   1.67232325E-001   1.19999997E+001   0.00000000E+000   2.50725061E-020  -1.33775118E-019  -1.19999997E+001   8.41166582E-020  -9.11407451E-020  -8.14845695E-020   4.89047391E-002   4.76415690E-002  -9.65463006E-002   4.82731701E-002  -5.71174872E-004   5.48909380E-004
     257       1     1.18548842E+001   1.00002268E+000   1.67917831E-001   1.19999997E+001   0.00000000E+000   7.30714810E-021  -5.18592062E-020  -1.19999997E+001  -4.57791323E-020   2.45978368E-019   1.02490987E-019   4.91085214E-002   4.78334722E-002  -9.69419862E-002   4.84710132E-002  -5.78111927E-004   5.54680236E-004
     258       1     1.18543018E+001   1.00002268E+000   1.68593330E-001   1.19999997E+001   0.00000000E+000   1.37399663E-020   1.95259437E-019  -1.19999997E+001   2.57786702E-020  -2.42251423E-020  -1.60936260E-019   4.93154376E-002   4.80163889E-002  -9.73318169E-002   4.86659274E-002  -5.88813967E-004   5.62919309E-004
     259       1     1.18537031E+001   1.00002268E+000   1.69287664E-001   1.19999997E+001   0.00000000E+000   1.18058526E-020  -2.40443516E-019  -1.19999997E+001  -2.59705141E-020  -1.27054942E-019   7.45388994E-020   4.95233218E-002   4.82093084E-002  -9.77326206E-002   4.88663297E-002  -5.95022911E-004   5.63752530E-004
     260       1     1.18531239E+001   1.00002268E+000   1.69959488E-001   1.19999997E+001   0.00000000E+000   4.31826330E-020  -1.47392522E-020  -1.19999997E+001  -4.53441800E-020  -5.18384164E-020  -1.49077799E-020   4.97267078E-002   4.83936868E-002  -9.81203848E-002   4.90602116E-002  -6.01872118E-004   5.68954018E-004
     261       1     1.18525401E+001   1.00002268E+000   1.70636575E-001   1.19999997E+001   0.00000000E+000   2.46847238E-021   1.27005890E-019  -1.19999997E+001   1.85162933E-020   2.54109884E-020  -1.37896964E-019   4.99302104E-002   4.85809890E-002  -9.85111896E-002   4.92556143E-002  -6.10413780E-004   5.73581719E-004
     262       1     1.18519436E+001   1.00002268E+000   1.71328404E-001   1.19999997E+001   0.00000000E+000  -6.16861670E-021   2.18434618E-019  -1.19999997E+001   5.42155060E-020   2.79520873E-019   1.71439469E-019   5.01378661E-002   4.87726846E-002  -9.89105417E-002   4.94552906E-002  -6.14833013E-004   5.76512978E-004
     263       1     1.18513469E+001   1.00002268E+000   1.72020603E-001   1.19999997E+001   0.00000000E+000  -7.35706017E-020   6.36603059E-020  -1.19999997E+001  -4.57343404E-020  -2.18195687E-019   1.33492392E-019   5.03447175E-002   4.89653563E-002  -9.93100653E-002   4.96550526E-002  -6.22930374E-004   5.83793950E-004
     264       1     1.18507562E+001   1.00002268E+000   1.72705790E-001   1.19999997E+001   0.00000000E+000  -7.34025186E-020  -2.03094926E-019  -1.19999997E+001  -3.23129007E-020   3.48977574E-020  -1.93123512E-019   5.05501914E-002   4.91553585E-002  -9.97055417E-002   4.98527909E-002  -6.30668638E-004   5.90237156E-004
     265       1     1.18501661E+001   1.00002268E+000   1.73390195E-001   1.19999997E+001   0.00000000E+000  -1.08350569E-019  -3.86588029E-020  -1.19999997E+001  -4.43421955E-020   2.32425841E-019  -4.87890978E-020   5.07551918E-002   4.93453833E-002  -1.00100567E-001   5.00503034E-002  -6.37096449E-004   5.98186619E-004
     266       1     1.18495770E+001   1.00002268E+000   1.74073494E-001   1.19999997E+001   0.00000000E+000   2.58811579E-020   2.02728258E-019  -1.19999997E+001   5.94336715E-020  -5.38712954E-020  -1.03338020E-019   5.09607508E-002   4.95342306E-002  -1.00494973E-001   5.02475067E-002  -6.42859059E-004   6.02504862E-004
     267       1     1.18489870E+001   1.00002268E+000   1.74757972E-001   1.19999997E+001   0.00000000E+000   2.81201704E-020  -6.04784419E-020  -1.19999997E+001  -1.52103832E-020  -1.56531689E-019   1.60597447E-019   5.11652423E-002   4.97248105E-002  -1.00890045E-001   5.04450427E-002  -6.49726407E-004   6.09729180E-004
     268       1     1.18483993E+001   1.00002268E+000   1.75439637E-001   1.19999997E+001   0.00000000E+000   1.36863650E-020  -6.82877714E-020  -1.19999997E+001   6.56127934E-020  -4.64174055E-020   3.96411419E-020   5.13703702E-002   4.99131356E-002  -1.01283498E-001   5.06417693E-002  -6.55946543E-004   6.14984643E-004
     269       1     1.18478117E+001   1.00002268E+000   1.76121313E-001   1.19999997E+001   0.00000000E+000  -2.72744609E-020  -1.59060090E-019  -1.19999997E+001   1.01754755E-019   2.15485182E-019   1.47722546E-019   5.15758751E-002   5.01010906E-002  -1.01676958E-001   5.08384995E-002  -6.61678528E-004   6.20109678E-004
     270       1     1.18472142E+001   1.00002268E+000   1.76814398E-001   1.19999997E+001   0.00000000E+000  -1.73932922E-020   6.75797875E-020  -1.19999997E+001  -4.33339243E-020  -2.28360083E-019   1.99899776E-020   5.17832523E-002   5.02937841E-002  -1.02077028E-001   5.10385349E-002  -6.66937403E-004   6.23543125E-004
     271       1     1.18466137E+001   1.00002268E+000   1.77510982E-001   1.19999997E+001   0.00000000E+000   2.03081112E-020  -1.25166489E-019  -1.19999997E+001  -5.69235919E-020   2.32764654E-019   4.98055373E-020   5.19913990E-002   5.04877038E-002  -1.02479094E-001   5.12395677E-002  -6.73633288E-004   6.29789563E-004
     272       1     1.18460111E+001   1.00002268E+000   1.78210067E-001   1.19999997E+001   0.00000000E+000  -5.41260671E-020  -1.23628719E-019  -1.19999997E+001  -8.13840257E-020   7.69105916E-020  -2.00238589E-019   5.22003990E-002   5.06821881E-002  -1.02882578E-001   5.14413099E-002  -6.82067248E-004   6.38006690E-004
     273       1     1.18454048E+001   1.00002268E+000   1.78913524E-001   1.19999997E+001   0.00000000E+000   9.36040890E-020   9.98029805E-020  -1.19999997E+001  -6.23326500E-020  -1.26377316E-019  -3.10014059E-019   5.24133027E-002   5.08753077E-002  -1.03288601E-001   5.16443217E-002  -6.87581456E-004   6.43769388E-004
     274       1     1.18448066E+001   1.00002268E+000   1.79607440E-001   1.19999997E+001   0.00000000E+000  -4.45400364E-020  -3.95462643E-021  -1.19999997E+001   4.09073073E-020   3.76082629E-020   3.02898982E-019   5.26221748E-002   5.10669899E-002  -1.03689157E-001   5.18446001E-002  -6.91580058E-004   6.46029645E-004
     275       1     1.18442115E+001   1.00002268E+000   1.80297777E-001   1.19999997E+001   0.00000000E+000  -4.92959940E-020  -2.23629354E-019  -1.19999997E+001  -6.02911269E-021   1.78215732E-019   1.01643954E-021   5.28309373E-002   5.12566916E-002  -1.04087621E-001   5.20438320E-002  -6.96845938E-004   6.49747289E-004
     276       1     1.18436173E+001   1.00002268E+000   1.80987179E-001   1.19999997E+001   0.00000000E+000  -3.66843021E-020   7.05788549E-020  -1.19999997E+001  -4.20066924E-020  -9.55453165E-020   2.03626721E-019   5.30400111E-002   5.14455366E-002  -1.04485540E-001   5.22427915E-002  -7.01782100E-004   6.53885283E-004
     277       1     1.18430142E+001   1.00002268E+000   1.81686894E-001   1.19999997E+001   0.00000000E+000   6.86252197E-020   1.67870515E-020  -1.19999997E+001   4.16525557E-020  -5.25160427E-020  -8.16539761E-020   5.32521537E-002   5.16372601E-002  -1.04889406E-001   5.24447248E-002  -7.06490258E-004   6.59193056E-004
     278       1     1.18424109E+001   1.00002268E+000   1.82386877E-001   1.19999997E+001   0.00000000E+000  -9.62391555E-020   2.21044994E-020  -1.19999997E+001   4.19402904E-020   1.24683250E-019   2.61224961E-019   5.34641416E-002   5.18293020E-002  -1.05293436E-001   5.26467399E-002  -7.10622099E-004   6.63942058E-004
     279       1     1.18418008E+001   1.00002268E+000   1.83094640E-001   1.19999997E+001   0.00000000E+000   1.06488585E-019   2.50115470E-019  -1.19999997E+001   1.52741382E-020  -1.45350854E-019   1.77199293E-019   5.36781825E-002   5.20237994E-002  -1.05701975E-001   5.28510092E-002  -7.13610737E-004   6.67438624E-004
     280       1     1.18411944E+001   1.00002268E+000   1.83798111E-001   1.19999997E+001   0.00000000E+000   7.33904418E-020  -1.05566279E-019  -1.19999997E+001   2.80153666E-021  -2.04643160E-019   2.16840434E-020   5.38901195E-002   5.22179328E-002  -1.06108045E-001   5.30540444E-002  -7.16080907E-004   6.70969222E-004
     281       1     1.18405835E+001   1.00002268E+000   1.84507029E-001   1.19999997E+001   0.00000000E+000  -5.50979216E-020  -1.06817596E-019  -1.19999997E+001  -2.18321915E-020   6.20028117E-020  -2.46317181E-019   5.41056746E-002   5.24115341E-002  -1.06517201E-001   5.32586227E-002  -7.22163383E-004   6.77271583E-004
     282       1     1.18399738E+001   1.00002268E+000   1.85214435E-001   1.19999997E+001   0.00000000E+000  -3.39723078E-020   3.62522243E-020  -1.19999997E+001  -9.44482268E-020   2.52754631E-019  -1.42301535E-019   5.43197153E-002   5.26058004E-002  -1.06925508E-001   5.34627764E-002  -7.26949601E-004   6.82409915E-004
     283       1     1.18393595E+001   1.00002268E+000   1.85927251E-001   1.19999997E+001   0.00000000E+000  -5.66004124E-020   5.26478953E-020  -1.19999997E+001  -3.40880717E-020   7.18283939E-020  -1.56870502E-019   5.45364932E-002   5.28004579E-002  -1.07336945E-001   5.36684951E-002  -7.30867215E-004   6.86110009E-004
     284       1     1.18387423E+001   1.00002268E+000   1.86643308E-001   1.19999997E+001   0.00000000E+000   2.68608706E-020  -1.12916936E-019  -1.19999997E+001  -1.02406697E-019  -1.59242194E-020  -2.38185665E-019   5.47546660E-002   5.29955874E-002  -1.07750247E-001   5.38751465E-002  -7.34442343E-004   6.90329662E-004
     285       1     1.18381227E+001   1.00002268E+000   1.87362308E-001   1.19999997E+001   0.00000000E+000  -6.11706680E-020   6.41601815E-020  -1.19999997E+001   1.26231897E-021   4.33680869E-020   7.11507676E-020   5.49710934E-002   5.31941442E-002  -1.08165232E-001   5.40826393E-002  -7.41491472E-004   6.96718278E-004
     286       1     1.18374938E+001   1.00002268E+000   1.88092176E-001   1.19999997E+001   0.00000000E+000  -3.23765109E-020  -1.27006552E-019  -1.19999997E+001  -2.17711456E-020   2.57498016E-020   1.13163602E-019   5.51941242E-002   5.33923542E-002  -1.08586473E-001   5.42932602E-002  -7.48567687E-004   7.01367793E-004
     287       1     1.18368686E+001   1.00002268E+000   1.88817670E-001   1.19999997E+001   0.00000000E+000   3.69107014E-020  -1.50788243E-019  -1.19999997E+001  -3.61204958E-020   2.92734587E-019  -1.42301535E-019   5.54148206E-002   5.35904081E-002  -1.09005224E-001   5.45026357E-002  -7.52262752E-004   7.05552025E-004
     288       1     1.18362431E+001   1.00002268E+000   1.89543517E-001   1.19999997E+001   0.00000000E+000  -6.97536595E-021   1.47344359E-019  -1.19999997E+001   2.19947325E-020  -5.72594272E-020  -1.28071382E-019   5.56348807E-002   5.37892843E-002  -1.09424161E-001   5.47121047E-002  -7.57307555E-004   7.11799461E-004
     289       1     1.18356121E+001   1.00002268E+000   1.90275782E-001   1.19999997E+001   0.00000000E+000   4.33472419E-020  -1.42165712E-019  -1.19999997E+001  -3.55992893E-020  -1.10114283E-019  -3.01543729E-020   5.58577714E-002   5.39890322E-002  -1.09846800E-001   5.49234248E-002  -7.62436828E-004   7.17198091E-004
     290       1     1.18349775E+001   1.00002268E+000   1.91012154E-001   1.19999997E+001   0.00000000E+000   1.19910004E-019  -4.58750232E-020  -1.19999997E+001  -3.66250346E-020   5.99699327E-020   1.66357271E-019   5.60816018E-002   5.41902466E-002  -1.10271844E-001   5.51359475E-002  -7.64797566E-004   7.20483771E-004
     291       1     1.18343418E+001   1.00002268E+000   1.91749934E-001   1.19999997E+001   0.00000000E+000   5.44736484E-020  -7.02447566E-020  -1.19999997E+001   2.32364133E-020   2.40557357E-020   1.72117095E-019   5.63064682E-002   5.43912092E-002  -1.10697673E-001   5.53488623E-002  -7.68176175E-004   7.26184665E-004
     292       1     1.18337078E+001   1.00002268E+000   1.92485691E-001   1.19999997E+001   0.00000000E+000   2.47748865E-020  -2.57516297E-019  -1.19999997E+001  -7.03423640E-020  -2.48688873E-019   1.20956305E-019   5.65307673E-002   5.45915719E-002  -1.11122335E-001   5.55611934E-002  -7.72406379E-004   7.30625556E-004
     293       1     1.18330749E+001   1.00002268E+000   1.93220182E-001   1.19999997E+001   0.00000000E+000   7.86635528E-020   2.45292387E-019  -1.19999997E+001   3.28068516E-020   9.38512506E-020  -1.49755425E-019   5.67539129E-002   5.47923671E-002  -1.11546276E-001   5.57731640E-002  -7.76266569E-004   7.34981369E-004
     294       1     1.18324396E+001   1.00002268E+000   1.93957473E-001   1.19999997E+001   0.00000000E+000   3.53407126E-020  -7.13419290E-020  -1.19999997E+001   6.92020541E-020   3.14418630E-019   1.37896964E-019   5.69785533E-002   5.49932772E-002  -1.11971827E-001   5.59859396E-002  -7.80103651E-004   7.39417015E-004
     295       1     1.18317965E+001   1.00002268E+000   1.94703840E-001   1.19999997E+001   0.00000000E+000  -2.91350383E-020   1.78925701E-019  -1.19999997E+001   3.36259259E-020  -1.39591030E-019   2.27004830E-019   5.72064788E-002   5.51961482E-002  -1.12402624E-001   5.62013380E-002  -7.83195035E-004   7.42751538E-004
     296       1     1.18311494E+001   1.00002268E+000   1.95454869E-001   1.19999997E+001   0.00000000E+000  -6.38858884E-020   1.74073542E-020  -1.19999997E+001   1.88948731E-020   1.36880524E-019   1.28749008E-020   5.74338064E-002   5.54023022E-002  -1.12836106E-001   5.64180791E-002  -7.87652589E-004   7.48320999E-004
     297       1     1.18305045E+001   1.00002268E+000   1.96203335E-001   1.19999997E+001   0.00000000E+000   5.16811693E-020   6.43394315E-020  -1.19999997E+001  -1.62783768E-020   1.48738986E-019  -1.14857668E-019   5.76614333E-002   5.56066806E-002  -1.13268111E-001   5.66340820E-002  -7.91359729E-004   7.52562422E-004
     298       1     1.18298572E+001   1.00002268E+000   1.96954554E-001   1.19999997E+001   0.00000000E+000   7.12789806E-021  -2.02571073E-019  -1.19999997E+001  -5.05043808E-020  -2.37169225E-020   1.60936260E-019   5.78899293E-002   5.58118018E-002  -1.13701728E-001   5.68508908E-002  -7.92866896E-004   7.55600694E-004
     299       1     1.18292055E+001   1.00002268E+000   1.97711018E-001   1.19999997E+001   0.00000000E+000  -8.07080124E-020  -3.54488252E-021  -1.19999997E+001  -6.02802495E-020  -1.06387338E-019  -1.41962722E-019   5.81214245E-002   5.60169266E-002  -1.14138349E-001   5.70692009E-002  -7.95736520E-004   7.58908383E-004
     300       1     1.18285480E+001   1.00002268E+000   1.98474161E-001   1.19999997E+001   0.00000000E+000   7.16469105E-020   2.07313216E-019  -1.19999997E+001   8.71261067E-021  -1.77538106E-019  -1.80926238E-019   5.83537259E-002   5.62250922E-002  -1.14578816E-001   5.72894346E-002  -8.00200181E-004   7.63466214E-004
     301       1     1.18278857E+001   1.00002268E+000   1.99242843E-001   1.19999997E+001   0.00000000E+000  -8.92477423E-020   2.63791123E-019  -1.19999997E+001  -4.11024392E-020   1.55176436E-019  -1.88380127E-019   5.85880949E-002   5.64344238E-002  -1.15022517E-001   5.75112850E-002  -8.01077071E-004   7.65714981E-004
     302       1     1.18272301E+001   1.00002268E+000   2.00003753E-001   1.19999997E+001   0.00000000E+000   5.87672121E-020   7.67855219E-020  -1.19999997E+001   3.43896617E-020   1.95156391E-019  -2.63596653E-019   5.88197134E-002   5.66420170E-002  -1.15461729E-001   5.77308913E-002  -8.02637465E-004   7.68013638E-004
     303       1     1.18265679E+001   1.00002268E+000   2.00772493E-001   1.19999997E+001   0.00000000E+000   9.36499148E-020   2.33929159E-020  -1.19999997E+001   4.27083276E-020  -2.26666017E-019   9.48676901E-020   5.90540601E-002   5.68513533E-002  -1.15905412E-001   5.79527328E-002  -8.07586935E-004   7.73539679E-004
     304       1     1.18259041E+001   1.00002268E+000   2.01543056E-001   1.19999997E+001   0.00000000E+000   1.16704679E-019   5.83934091E-020  -1.19999997E+001   1.91410007E-020   1.31798327E-019   1.33153579E-019   5.92884343E-002   5.70617481E-002  -1.16350181E-001   5.81751176E-002  -8.10779391E-004   7.76507290E-004
     305       1     1.18252345E+001   1.00002268E+000   2.02320351E-001   1.19999997E+001   0.00000000E+000  -1.32854884E-019  -5.24020572E-020  -1.19999997E+001   4.77120672E-020  -1.94139952E-019   8.43644815E-020   5.95267989E-002   5.72720143E-002  -1.16798812E-001   5.83994331E-002  -8.14350000E-004   7.79879593E-004
     306       1     1.18245670E+001   1.00002268E+000   2.03095203E-001   1.19999997E+001   0.00000000E+000   7.57670971E-020  -3.50381300E-020  -1.19999997E+001   4.87692041E-020  -2.39540917E-019   1.19939865E-019   5.97650167E-002   5.74810093E-002  -1.17246025E-001   5.86230397E-002  -8.16982387E-004   7.84339152E-004
     307       1     1.18238991E+001   1.00002268E+000   2.03870482E-001   1.19999997E+001   0.00000000E+000  -9.40626779E-020  -2.78685420E-020  -1.19999997E+001  -8.03900028E-020  -1.38913403E-019  -1.99899776E-020   6.00021163E-002   5.76913784E-002  -1.17693494E-001   5.88467743E-002  -8.20933509E-004   7.87737105E-004
     308       1     1.18232157E+001   1.00002268E+000   2.04663902E-001   1.19999997E+001   0.00000000E+000   1.16963339E-020  -1.18797363E-019  -1.19999997E+001   2.18994826E-020   1.17568173E-019   2.03287907E-019   6.02446956E-002   5.79067533E-002  -1.18151449E-001   5.90757517E-002  -8.24344128E-004   7.89603775E-004
     309       1     1.18225417E+001   1.00002268E+000   2.05446310E-001   1.19999997E+001   0.00000000E+000   5.24889939E-020  -6.62503842E-020  -1.19999997E+001   3.58596030E-020  -4.09963946E-020   1.40607469E-019   6.04826724E-002   5.81203795E-002  -1.18603052E-001   5.93015533E-002  -8.27379081E-004   7.92847428E-004
     310       1     1.18218618E+001   1.00002268E+000   2.06235630E-001   1.19999997E+001   0.00000000E+000  -4.21779394E-021  -7.54918114E-020  -1.19999997E+001  -1.74534696E-020   4.06575815E-021  -5.21772296E-020   6.07232155E-002   5.83353963E-002  -1.19058612E-001   5.95293335E-002  -8.32208870E-004   7.98339688E-004
     311       1     1.18211813E+001   1.00002268E+000   2.07025747E-001   1.19999997E+001   0.00000000E+000  -4.49204568E-020  -3.11772645E-020  -1.19999997E+001   6.03746308E-020   1.83975556E-019  -6.60685699E-020   6.09656407E-002   5.85489975E-002  -1.19514638E-001   5.97573468E-002  -8.34638840E-004   8.02846530E-004
     312       1     1.18204984E+001   1.00002268E+000   2.07818659E-001   1.19999997E+001   0.00000000E+000  -4.52552167E-020   6.81720902E-020  -1.19999997E+001   2.37249875E-020  -1.07064965E-019  -1.57209315E-019   6.12099237E-002   5.87623175E-002  -1.19972242E-001   5.99861489E-002  -8.39830929E-004   8.08140240E-004
     313       1     1.18198089E+001   1.00002268E+000   2.08619198E-001   1.19999997E+001   0.00000000E+000   1.99056879E-020  -1.94873661E-019  -1.19999997E+001  -1.05557345E-020  -8.33480420E-020  -1.46706106E-019   6.14545119E-002   5.89797730E-002  -1.20434286E-001   6.02171710E-002  -8.42752414E-004   8.13227504E-004
     314       1     1.18191238E+001   1.00002268E+000   2.09414572E-001   1.19999997E+001   0.00000000E+000   8.21562402E-020   3.03811693E-019  -1.19999997E+001   6.59588030E-020   1.47383733E-019   1.53482370E-019   6.16972402E-002   5.91961047E-002  -1.20893346E-001   6.04467012E-002  -8.46277386E-004   8.18359481E-004
     315       1     1.18184307E+001   1.00002268E+000   2.10219316E-001   1.19999997E+001   0.00000000E+000  -4.57736936E-021  -3.77526886E-020  -1.19999997E+001  -7.13509866E-020  -3.16451509E-019  -2.89007642E-019   6.19440910E-002   5.94137233E-002  -1.21357816E-001   6.06789360E-002  -8.49172421E-004   8.22014148E-004
     316       1     1.18177290E+001   1.00002268E+000   2.11034118E-001   1.19999997E+001   0.00000000E+000   3.09875920E-020  -1.75365764E-019  -1.19999997E+001  -4.70953214E-020  -1.97697490E-019  -1.17059953E-019   6.21943014E-002   5.96337895E-002  -1.21828093E-001   6.09140746E-002  -8.51280701E-004   8.25680103E-004
     317       1     1.18170179E+001   1.00002268E+000   2.11859768E-001   1.19999997E+001   0.00000000E+000   5.79044627E-020  -1.50481855E-019  -1.19999997E+001   8.84878942E-020  -6.25110315E-020  -3.06625927E-020   6.24483808E-002   5.98562311E-002  -1.22304614E-001   6.11523355E-002  -8.55003146E-004   8.29244397E-004
     318       1     1.18163190E+001   1.00002268E+000   2.12671284E-001   1.19999997E+001   0.00000000E+000   2.32977901E-020   1.27520976E-019  -1.19999997E+001   3.76140531E-020  -1.77876919E-019   1.64663205E-019   6.26960067E-002   6.00769711E-002  -1.22772980E-001   6.13865187E-002  -8.59421449E-004   8.34735499E-004
     319       1     1.18156100E+001   1.00002268E+000   2.13494596E-001   1.19999997E+001   0.00000000E+000  -3.53759505E-020   2.19840949E-019  -1.19999997E+001   6.31104066E-020  -1.62122106E-019   5.18384164E-020   6.29466125E-002   6.03015720E-002  -1.23248187E-001   6.16241223E-002  -8.62405470E-004   8.38060761E-004
     320       1     1.18148988E+001   1.00002268E+000   2.14320471E-001   1.19999997E+001   0.00000000E+000  -5.93153846E-020   8.64456680E-020  -1.19999997E+001  -5.35525414E-020  -1.21464525E-019  -1.44334414E-019   6.31963508E-002   6.05284695E-002  -1.23724823E-001   6.18624403E-002  -8.69543132E-004   8.46971041E-004
     321       1     1.18141855E+001   1.00002268E+000   2.15148819E-001   1.19999997E+001   0.00000000E+000  -6.54765567E-020  -5.26124920E-020  -1.19999997E+001   7.44991947E-021  -1.11808349E-020   9.08019319E-020   6.34493409E-002   6.07535631E-002  -1.24202908E-001   6.21014826E-002  -8.73877624E-004   8.51636368E-004
     322       1     1.18134711E+001   1.00002268E+000   2.15978444E-001   1.19999997E+001   0.00000000E+000   3.45958365E-020  -2.58069101E-019  -1.19999997E+001  -2.08617432E-020  -6.91178885E-020   4.74338450E-021   6.37032853E-002   6.09784322E-002  -1.24681721E-001   6.23408892E-002  -8.79917327E-004   8.54824675E-004
     323       1     1.18127521E+001   1.00002268E+000   2.16813433E-001   1.19999997E+001   0.00000000E+000   7.60000312E-020   1.42975853E-019  -1.19999997E+001  -3.84107935E-020   1.75674633E-019   2.41065577E-019   6.39617044E-002   6.12018986E-002  -1.25163607E-001   6.25818323E-002  -8.82858932E-004   8.59969799E-004
     324       1     1.18120390E+001   1.00002268E+000   2.17641585E-001   1.19999997E+001   0.00000000E+000   6.07006640E-020   1.47090911E-020  -1.19999997E+001   6.48978612E-020  -1.28579601E-019   2.18026281E-019   6.42150411E-002   6.14265340E-002  -1.25641579E-001   6.28208186E-002  -8.86460493E-004   8.64302583E-004
     325       1     1.18113311E+001   1.00002268E+000   2.18463654E-001   1.19999997E+001   0.00000000E+000  -5.69423689E-020   4.87391361E-020  -1.19999997E+001  -4.84480512E-020  -1.18415206E-019   5.50571416E-020   6.44666425E-002   6.16493839E-002  -1.26116031E-001   6.30580446E-002  -8.90960285E-004   8.68775322E-004
     326       1     1.18106122E+001   1.00002268E+000   2.19298494E-001   1.19999997E+001   0.00000000E+000   7.45752126E-020  -2.99584966E-020  -1.19999997E+001  -4.34393072E-020   3.99799551E-020   3.74388563E-020   6.47222768E-002   6.18756474E-002  -1.26597930E-001   6.32989943E-002  -8.86804968E-004   8.70801320E-004
     327       1     1.18099029E+001   1.00002268E+000   2.20122297E-001   1.19999997E+001   0.00000000E+000  -1.31244116E-019   1.46805864E-019  -1.19999997E+001   4.46858683E-020   1.42386238E-019   2.90701707E-019   6.49727452E-002   6.21006203E-002  -1.27073372E-001   6.35367150E-002  -8.90649041E-004   8.80097356E-004
     328       1     1.18091852E+001   1.00002268E+000   2.20955824E-001   1.19999997E+001   0.00000000E+000  -3.88123070E-020   1.03732916E-019  -1.19999997E+001   9.09209632E-020  -1.58056348E-019   1.16551734E-019   6.52269652E-002   6.23274825E-002  -1.27554454E-001   6.37772561E-002  -8.96295202E-004   8.82182860E-004
     329       1     1.18084698E+001   1.00002268E+000   2.21786704E-001   1.19999997E+001   0.00000000E+000   2.55716269E-020  -1.92848888E-021  -1.19999997E+001  -4.21139157E-020  -1.50941271E-019  -2.28698896E-020   6.54820160E-002   6.25519792E-002  -1.28034001E-001   6.40170300E-002  -8.98298381E-004   8.86202438E-004
     330       1     1.18077501E+001   1.00002268E+000   2.22622797E-001   1.19999997E+001   0.00000000E+000  -4.59140661E-020  -1.62971621E-019  -1.19999997E+001   5.51727814E-020   1.32560656E-019  -1.55345843E-019   6.57407990E-002   6.27756764E-002  -1.28516481E-001   6.42582704E-002  -9.05959475E-004   8.91674743E-004
     331       1     1.18070307E+001   1.00002268E+000   2.23458246E-001   1.19999997E+001   0.00000000E+000   3.79613035E-020  -3.80370237E-019  -1.19999997E+001   3.51356546E-020   1.35101755E-019  -9.16489649E-020   6.59941679E-002   6.30045049E-002  -1.28998678E-001   6.44993690E-002  -9.09902804E-004   8.96775934E-004
     332       1     1.18063140E+001   1.00002268E+000   2.24290839E-001   1.19999997E+001   0.00000000E+000  -1.83716814E-021   1.52365180E-019  -1.19999997E+001  -5.59771318E-020   2.57328609E-019  -1.58903381E-019   6.62520253E-002   6.32271184E-002  -1.29479150E-001   6.47396049E-002  -9.16226179E-004   9.01532883E-004
     333       1     1.18055951E+001   1.00002268E+000   2.25125959E-001   1.19999997E+001   0.00000000E+000   7.72264092E-021   8.42033468E-020  -1.19999997E+001   8.22187750E-020  -2.43098456E-020   9.21571847E-020   6.65087154E-002   6.34524137E-002  -1.29961135E-001   6.49805976E-002  -9.18439111E-004   9.05637719E-004
     334       1     1.18048674E+001   1.00002268E+000   2.25971349E-001   1.19999997E+001   0.00000000E+000  -8.27465163E-020  -2.54974288E-019  -1.19999997E+001  -6.14361103E-020  -6.53909435E-020   1.27054942E-020   6.67710754E-002   6.36778949E-002  -1.30448977E-001   6.52245185E-002  -9.26404956E-004   9.09736340E-004
     335       1     1.18041396E+001   1.00002268E+000   2.26816863E-001   1.19999997E+001   0.00000000E+000  -8.81040824E-020   1.99145387E-019  -1.19999997E+001  -1.34262167E-020  -1.51280084E-019  -1.08250811E-019   6.70319550E-002   6.39049490E-002  -1.30936911E-001   6.54684857E-002  -9.33131406E-004   9.14585288E-004
     336       1     1.18034092E+001   1.00002268E+000   2.27665334E-001   1.19999997E+001   0.00000000E+000  -6.58089179E-020   8.53645429E-020  -1.19999997E+001   4.12581973E-020  -1.51957711E-019   1.53821183E-019   6.72939613E-002   6.41326207E-002  -1.31426589E-001   6.57133247E-002  -9.36180842E-004   9.17242698E-004
     337       1     1.18026781E+001   1.00002268E+000   2.28514664E-001   1.19999997E+001   0.00000000E+000   4.59225861E-021   2.09680359E-020  -1.19999997E+001  -6.00758945E-020   1.85669622E-019  -4.15046144E-020   6.75557002E-002   6.43610468E-002  -1.31916754E-001   6.59584075E-002  -9.41149341E-004   9.20012051E-004
     338       1     1.18019475E+001   1.00002268E+000   2.29363303E-001   1.19999997E+001   0.00000000E+000   4.56622723E-020  -9.05618841E-020  -1.19999997E+001  -5.56210306E-020  -2.24124918E-019  -7.01343280E-020   6.78154980E-002   6.45910355E-002  -1.32406541E-001   6.62033013E-002  -9.45489603E-004   9.23377913E-004
     339       1     1.18012162E+001   1.00002268E+000   2.30212905E-001   1.19999997E+001   0.00000000E+000   2.40724448E-020   1.65713063E-019  -1.19999997E+001  -1.20101662E-020  -1.24344437E-019  -1.05201492E-019   6.80753625E-002   6.48215288E-002  -1.32896899E-001   6.64484804E-002  -9.48348023E-004   9.26431112E-004
     340       1     1.18004841E+001   1.00002268E+000   2.31063396E-001   1.19999997E+001   0.00000000E+000   2.52203233E-020   1.97132526E-019  -1.19999997E+001  -9.87054773E-020   5.19654713E-020   7.82658443E-020   6.83364856E-002   6.50512869E-002  -1.33387780E-001   6.66939211E-002  -9.48971438E-004   9.28525938E-004
     341       1     1.17997511E+001   1.00002268E+000   2.31914901E-001   1.19999997E+001   0.00000000E+000  -5.92267109E-020  -3.66788427E-020  -1.19999997E+001  -2.78230884E-020  -1.41623909E-019   0.00000000E+000   6.85971201E-002   6.52821011E-002  -1.33879229E-001   6.69396457E-002  -9.51052494E-004   9.32873855E-004
     342       1     1.17990141E+001   1.00002268E+000   2.32771071E-001   1.19999997E+001   0.00000000E+000  -1.02118052E-019  -8.96842455E-020  -1.19999997E+001   4.03512351E-020   5.11607900E-020  -1.17229360E-019   6.88582874E-002   6.55150981E-002  -1.34373394E-001   6.71867284E-002  -9.53303396E-004   9.35297188E-004
     343       1     1.17982739E+001   1.00002268E+000   2.33631079E-001   1.19999997E+001   0.00000000E+000  -4.42308983E-020  -9.16732840E-020  -1.19999997E+001  -4.88965072E-020  -2.38820939E-019   6.11981304E-021   6.91232744E-002   6.57464421E-002  -1.34869725E-001   6.74348938E-002  -9.56817837E-004   9.38681943E-004
     344       1     1.17975340E+001   1.00002268E+000   2.34490694E-001   1.19999997E+001   0.00000000E+000  -6.98064750E-020  -1.63122995E-019  -1.19999997E+001  -5.08546505E-020   6.57297567E-020   3.58464343E-019   6.93870352E-002   6.59788128E-002  -1.35365857E-001   6.76829598E-002  -9.58724497E-004   9.41555024E-004
     345       1     1.17967932E+001   1.00002268E+000   2.35351392E-001   1.19999997E+001   0.00000000E+000  -4.54711936E-020  -1.68770984E-019  -1.19999997E+001   7.25855123E-021   2.37846852E-019  -1.38574590E-019   6.96516153E-002   6.62109763E-002  -1.35862600E-001   6.79313318E-002  -9.60947492E-004   9.45019648E-004
     346       1     1.17960500E+001   1.00002268E+000   2.36214906E-001   1.19999997E+001   0.00000000E+000  -4.57840333E-020  -2.04437688E-019  -1.19999997E+001   4.10727227E-020   1.75844040E-019  -3.05270674E-019   6.99161907E-002   6.64447859E-002  -1.36360986E-001   6.81805245E-002  -9.62972021E-004   9.47905248E-004
     347       1     1.17953010E+001   1.00002268E+000   2.37085205E-001   1.19999997E+001   0.00000000E+000  -7.89634885E-020  -1.62836459E-019  -1.19999997E+001   1.88431330E-020   1.07742591E-019   4.61463550E-019   7.01839173E-002   6.66793234E-002  -1.36863250E-001   6.84316568E-002  -9.67207470E-004   9.51788277E-004
     348       1     1.17945490E+001   1.00002268E+000   2.37958996E-001   1.19999997E+001   0.00000000E+000   6.37352588E-020   1.58711144E-019  -1.19999997E+001  -9.91501902E-020   1.66696084E-019  -1.88041314E-019   7.04538562E-002   6.69136957E-002  -1.37367561E-001   6.86838127E-002  -9.67474032E-004   9.52883867E-004
     349       1     1.17937908E+001   1.00002268E+000   2.38840025E-001   1.19999997E+001   0.00000000E+000   6.79786954E-020  -2.50598337E-019  -1.19999997E+001   1.16989395E-020  -1.32137140E-020   2.45300742E-019   7.07254385E-002   6.71505738E-002  -1.37876022E-001   6.89380431E-002  -9.70253956E-004   9.56539780E-004
     350       1     1.17930327E+001   1.00002268E+000   2.39720928E-001   1.19999997E+001   0.00000000E+000   6.91469225E-020   3.37195214E-020  -1.19999997E+001   7.02578881E-020   1.17229360E-019   1.72794721E-019   7.09962092E-002   6.73882101E-002  -1.38384430E-001   6.91922470E-002  -9.72909300E-004   9.58800214E-004
     351       1     1.17922693E+001   1.00002268E+000   2.40607995E-001   1.19999997E+001   0.00000000E+000   1.03644821E-019   9.65051768E-020  -1.19999997E+001   3.66017288E-020   4.28937484E-019  -2.26327204E-019   7.12670198E-002   6.76293937E-002  -1.38896424E-001   6.94482445E-002  -9.72975100E-004   9.62937339E-004
     352       1     1.17915059E+001   1.00002268E+000   2.41495035E-001   1.19999997E+001   0.00000000E+000   6.31876652E-020   6.37005172E-020  -1.19999997E+001  -8.58257788E-021   7.38612730E-020   3.30342849E-019   7.15399918E-002   6.78683867E-002  -1.39408390E-001   6.97042272E-002  -9.73301520E-004   9.64553979E-004
     353       1     1.17907453E+001   1.00002268E+000   2.42378905E-001   1.19999997E+001   0.00000000E+000   1.06114038E-019  -2.12190356E-019  -1.19999997E+001   4.37376764E-020   9.92722614E-020   3.77819046E-019   7.18116455E-002   6.81068533E-002  -1.39918510E-001   6.99592875E-002  -9.74606488E-004   9.67877464E-004
     354       1     1.17899806E+001   1.00002268E+000   2.43267612E-001   1.19999997E+001   0.00000000E+000   4.81657345E-020   2.94836949E-019  -1.19999997E+001  -1.31435303E-020   1.33831206E-019   6.04358008E-020   7.20842975E-002   6.83471181E-002  -1.40431427E-001   7.02157460E-002  -9.75496925E-004   9.71772242E-004
     355       1     1.17892106E+001   1.00002268E+000   2.44162343E-001   1.19999997E+001   0.00000000E+000   7.47271657E-020   1.11266711E-019  -1.19999997E+001  -1.15947587E-019  -3.31698102E-019  -4.23516474E-020   7.23576895E-002   6.85901430E-002  -1.40947844E-001   7.04739545E-002  -9.76741050E-004   9.74080911E-004
     356       1     1.17884437E+001   1.00002268E+000   2.45053537E-001   1.19999997E+001   0.00000000E+000  -4.65879702E-020  -2.95154586E-020  -1.19999997E+001  -1.01078126E-019  -6.91178885E-020  -1.15196481E-019   7.26317321E-002   6.88304555E-002  -1.41462199E-001   7.07311323E-002  -9.77966882E-004   9.75842426E-004
     357       1     1.17876688E+001   1.00002268E+000   2.45954099E-001   1.19999997E+001   0.00000000E+000  -8.42319672E-020   2.49773473E-019  -1.19999997E+001  -5.47412827E-020   1.99899776E-019   1.70084216E-019   7.29073574E-002   6.90745972E-002  -1.41981966E-001   7.09910160E-002  -9.80515095E-004   9.78018689E-004
     358       1     1.17868914E+001   1.00002268E+000   2.46857643E-001   1.19999997E+001   0.00000000E+000  -1.66075864E-019  -6.20054587E-020  -1.19999997E+001  -9.72686981E-020   1.26038503E-019   2.39879731E-019   7.31840060E-002   6.93194320E-002  -1.42503449E-001   7.12517579E-002  -9.83141136E-004   9.80513994E-004
     359       1     1.17861100E+001   1.00002268E+000   2.47765761E-001   1.19999997E+001   0.00000000E+000   6.04444035E-020  -1.02544257E-019  -1.19999997E+001   7.06680767E-020   1.21295118E-019   2.16840434E-019   7.34649267E-002   6.95626350E-002  -1.43027573E-001   7.15138203E-002  -9.81127242E-004   9.81754716E-004
     360       1     1.17853262E+001   1.00002268E+000   2.48676640E-001   1.19999997E+001   0.00000000E+000  -2.64558830E-020   1.07420321E-019  -1.19999997E+001  -1.90721690E-020  -6.64073831E-020   1.08420217E-019   7.37457794E-002   6.98075217E-002  -1.43553313E-001   7.17766901E-002  -9.80572375E-004   9.80063710E-004
     361       1     1.17845409E+001   1.00002268E+000   2.49589488E-001   1.19999997E+001   0.00000000E+000   5.49934487E-020  -1.15564742E-019  -1.19999997E+001   1.56138974E-020  -2.42590236E-019  -2.25141357E-019   7.40258266E-002   7.00543090E-002  -1.44080148E-001   7.20401073E-002  -9.83508282E-004   9.83608522E-004
     362       1     1.17837585E+001   1.00002268E+000   2.50498802E-001   1.19999997E+001   0.00000000E+000  -7.51746704E-020  -3.24951286E-019  -1.19999997E+001  -7.34630889E-020   1.20617492E-019   1.25360876E-019   7.43045275E-002   7.03004256E-002  -1.44604965E-001   7.23025165E-002  -9.84595382E-004   9.86023814E-004
     363       1     1.17829696E+001   1.00002268E+000   2.51415837E-001   1.19999997E+001   0.00000000E+000  -1.11948970E-020   2.35710740E-019  -1.19999997E+001   1.13689433E-019  -4.07931067E-019  -1.89735380E-020   7.45850645E-002   7.05491541E-002  -1.45134231E-001   7.25671499E-002  -9.86674743E-004   9.89698155E-004
     364       1     1.17821780E+001   1.00002268E+000   2.52335892E-001   1.19999997E+001   0.00000000E+000   2.71924046E-020  -4.95845146E-021  -1.19999997E+001   1.28393599E-019  -9.35124374E-020   3.06964740E-019   7.48674917E-002   7.07977388E-002  -1.45665244E-001   7.28326560E-002  -9.86872326E-004   9.92781233E-004
     365       1     1.17813906E+001   1.00002268E+000   2.53251124E-001   1.19999997E+001   0.00000000E+000   1.29761477E-019   1.59218702E-019  -1.19999997E+001  -3.48121442E-020   1.46367293E-019  -2.85280697E-019   7.51475103E-002   7.10459443E-002  -1.46193468E-001   7.30967681E-002  -9.89590540E-004   9.95749344E-004
     366       1     1.17805897E+001   1.00002268E+000   2.54182180E-001   1.19999997E+001   0.00000000E+000  -1.58649602E-019  -2.14360878E-019  -1.19999997E+001   4.34126719E-020   1.89057754E-019  -3.18484388E-020   7.54326055E-002   7.12981946E-002  -1.46730814E-001   7.33654412E-002  -9.92191218E-004   1.00002286E-003
     367       1     1.17797883E+001   1.00002268E+000   2.55113720E-001   1.19999997E+001   0.00000000E+000   6.78635518E-020  -1.32910057E-019  -1.19999997E+001  -4.44995252E-020  -1.11808349E-019  -2.01255028E-019   7.57174068E-002   7.15510238E-002  -1.47268445E-001   7.36342567E-002  -9.95407523E-004   1.00365502E-003
     368       1     1.17789839E+001   1.00002268E+000   2.56048835E-001   1.19999997E+001   0.00000000E+000  -7.76653112E-020   7.44042344E-020  -1.19999997E+001  -8.33225235E-021   1.80248611E-019   1.73472348E-019   7.60046248E-002   7.18034740E-002  -1.47808113E-001   7.39040910E-002  -9.97405878E-004   1.00950200E-003
     369       1     1.17781799E+001   1.00002268E+000   2.56983561E-001   1.19999997E+001   0.00000000E+000  -1.94127709E-020   1.69818856E-019  -1.19999997E+001   8.80445855E-020  -2.33781093E-019   2.15485182E-019   7.62925384E-002   7.20550036E-002  -1.48347556E-001   7.41738130E-002  -9.99557095E-004   1.01342948E-003
     370       1     1.17773673E+001   1.00002268E+000   2.57928349E-001   1.19999997E+001   0.00000000E+000   7.15562515E-020  -3.73355249E-019  -1.19999997E+001  -1.13138631E-019   8.57197343E-020  -2.41234983E-019   7.65834601E-002   7.23093274E-002  -1.48892802E-001   7.44464362E-002  -1.00149181E-003   1.01835625E-003
     371       1     1.17765647E+001   1.00002268E+000   2.58861464E-001   1.19999997E+001   0.00000000E+000  -4.63530509E-020  -1.95159038E-019  -1.19999997E+001  -8.10499999E-020  -3.14418630E-019  -4.54009660E-020   7.68716776E-002   7.25596097E-002  -1.49431302E-001   7.47156864E-002  -1.00267012E-003   1.02330192E-003
     372       1     1.17757496E+001   1.00002268E+000   2.59809208E-001   1.19999997E+001   0.00000000E+000   1.02477752E-020  -1.05894669E-019  -1.19999997E+001  -2.67734479E-020  -2.57498016E-020   3.93700914E-019   7.71654421E-002   7.28127553E-002  -1.49978211E-001   7.49891409E-002  -1.00770840E-003   1.02701412E-003
     373       1     1.17749364E+001   1.00002268E+000   2.60754570E-001   1.19999997E+001   0.00000000E+000  -8.56464461E-020  -1.82961764E-019  -1.19999997E+001  -2.42811941E-020  -3.21872520E-020   7.19978005E-020   7.74508659E-002   7.30730027E-002  -1.50523883E-001   7.52619785E-002  -1.01132787E-003   1.02822811E-003
     374       1     1.17741027E+001   1.00002268E+000   2.61723997E-001   1.19999997E+001   0.00000000E+000   1.52557748E-019  -2.86589627E-019  -1.19999997E+001   1.61801284E-020   1.55176436E-019   2.36152786E-019   7.77505932E-002   7.33326717E-002  -1.51083279E-001   7.55416767E-002  -1.02025150E-003   1.03343229E-003
     375       1     1.17732781E+001   1.00002268E+000   2.62682892E-001   1.19999997E+001   0.00000000E+000  -9.49906091E-020   8.65512162E-020  -1.19999997E+001   5.82778106E-020   1.17229360E-019  -2.56820390E-019   7.80486618E-002   7.35879624E-002  -1.51636639E-001   7.58183583E-002  -1.02173830E-003   1.03616435E-003
     376       1     1.17724491E+001   1.00002268E+000   2.63646784E-001   1.19999997E+001   0.00000000E+000  -8.69052495E-020  -1.60353594E-019  -1.19999997E+001   6.71955828E-020  -1.25360876E-019  -2.33781093E-020   7.83448541E-002   7.38480512E-002  -1.52192920E-001   7.60964985E-002  -1.02305928E-003   1.04113460E-003
     377       1     1.17716137E+001   1.00002268E+000   2.64618188E-001   1.19999997E+001   0.00000000E+000  -1.26135614E-019   7.61396593E-020  -1.19999997E+001   2.06367708E-020  -2.02472638E-019  -1.84144963E-019   7.86445385E-002   7.41089611E-002  -1.52753515E-001   7.63767962E-002  -1.02476607E-003   1.04614078E-003
     378       1     1.17707852E+001   1.00002268E+000   2.65581642E-001   1.19999997E+001   0.00000000E+000  -1.90546017E-020   1.15034353E-020  -1.19999997E+001  -6.67023764E-020   1.75505227E-019  -1.64324392E-019   7.89395932E-002   7.43699233E-002  -1.53309531E-001   7.66548042E-002  -1.02898010E-003   1.05185886E-003
     379       1     1.17699545E+001   1.00002268E+000   2.66547644E-001   1.19999997E+001   0.00000000E+000   1.99019655E-022   7.93468040E-020  -1.19999997E+001  -4.06914132E-020   1.42301535E-019  -1.30104261E-019   7.92365719E-002   7.46304501E-002  -1.53867037E-001   7.69335581E-002  -1.02867499E-003   1.05665585E-003
     380       1     1.17691242E+001   1.00002268E+000   2.67513087E-001   1.19999997E+001   0.00000000E+000  -1.33908630E-019   2.17473393E-019  -1.19999997E+001  -1.00221430E-019  -4.60785923E-019  -7.50471191E-020   7.95321911E-002   7.48920434E-002  -1.54424252E-001   7.72121669E-002  -1.03188527E-003   1.05596630E-003
     381       1     1.17682859E+001   1.00002268E+000   2.68487951E-001   1.19999997E+001   0.00000000E+000  -9.32530335E-021   2.16990320E-019  -1.19999997E+001   7.18141044E-020  -3.47537618E-019   2.47333621E-019   7.98298683E-002   7.51569913E-002  -1.54986878E-001   7.74934802E-002  -1.03311040E-003   1.06290829E-003
     382       1     1.17674467E+001   1.00002268E+000   2.69463702E-001   1.19999997E+001   0.00000000E+000   1.30740859E-019   3.06587215E-019  -1.19999997E+001  -4.07182345E-020   1.10453096E-019  -1.58564568E-019   8.01281887E-002   7.54218429E-002  -1.55550051E-001   7.77750677E-002  -1.03392635E-003   1.06411335E-003
     383       1     1.17666013E+001   1.00002268E+000   2.70447028E-001   1.19999997E+001   0.00000000E+000   1.07857404E-019   1.77849126E-019  -1.19999997E+001   3.32984864E-020  -1.19262239E-019  -2.15485182E-019   8.04352186E-002   7.56822276E-002  -1.56117466E-001   7.80587759E-002  -1.03763508E-003   1.06719625E-003
     384       1     1.17657514E+001   1.00002268E+000   2.71435652E-001   1.19999997E+001   0.00000000E+000   1.30491712E-019   8.42715064E-020  -1.19999997E+001  -6.74076926E-020  -1.49416612E-019   2.18195687E-019   8.07443396E-002   7.59435889E-002  -1.56687950E-001   7.83440187E-002  -1.03851097E-003   1.07021638E-003
     385       1     1.17649222E+001   1.00002268E+000   2.72400083E-001   1.19999997E+001   0.00000000E+000  -3.44537269E-020   2.92759402E-019  -1.19999997E+001  -3.48325963E-020  -1.28749008E-019  -3.21194894E-019   8.10443543E-002   7.62001096E-002  -1.57244485E-001   7.86222867E-002  -1.04040476E-003   1.07357459E-003
     386       1     1.17640841E+001   1.00002268E+000   2.73374891E-001   1.19999997E+001   0.00000000E+000   1.43432126E-019  -3.62668737E-019  -1.19999997E+001   6.17732278E-020   3.13063377E-019  -3.41523684E-019   8.13469259E-002   7.64600653E-002  -1.57807012E-001   7.89035502E-002  -1.04414410E-003   1.07617527E-003
     387       1     1.17632344E+001   1.00002268E+000   2.74363388E-001   1.19999997E+001   0.00000000E+000  -9.15258804E-021   8.99982433E-020  -1.19999997E+001   5.95318992E-020   3.11708125E-020   4.22161221E-019   8.16548346E-002   7.67225263E-002  -1.58377382E-001   7.91887343E-002  -1.04925453E-003   1.08313272E-003
     388       1     1.17623858E+001   1.00002268E+000   2.75350569E-001   1.19999997E+001   0.00000000E+000  -3.18454610E-020  -7.24838518E-020  -1.19999997E+001  -5.15348411E-020   3.15435070E-019   9.31736242E-022   8.19616948E-002   7.69853018E-002  -1.58947015E-001   7.94735497E-002  -1.05428627E-003   1.08801887E-003
     389       1     1.17615349E+001   1.00002268E+000   2.76340390E-001   1.19999997E+001   0.00000000E+000  -4.49685159E-020   3.18648501E-019  -1.19999997E+001   3.43400309E-020   1.21464525E-019   2.47291269E-019   8.22678306E-002   7.72503675E-002  -1.59518218E-001   7.97591524E-002  -1.05666068E-003   1.09223904E-003
     390       1     1.17606684E+001   1.00002268E+000   2.77348468E-001   1.19999997E+001   0.00000000E+000   2.64727575E-020   2.20120702E-019  -1.19999997E+001  -7.64867029E-020  -1.08250811E-019  -1.56785799E-019   8.25800337E-002   7.75198329E-002  -1.60099880E-001   8.00499804E-002  -1.06504546E-003   1.10066682E-003
     391       1     1.17598133E+001   1.00002268E+000   2.78343297E-001   1.19999997E+001   0.00000000E+000  -1.58025246E-019  -8.68999556E-020  -1.19999997E+001   1.17107061E-019  -9.14795583E-020  -1.69406589E-020   8.28896560E-002   7.77842318E-002  -1.60673899E-001   8.03369892E-002  -1.07453346E-003   1.10397637E-003
     392       1     1.17589655E+001   1.00002268E+000   2.79329559E-001   1.19999997E+001   0.00000000E+000   6.67911949E-020   1.88219985E-020  -1.19999997E+001  -9.11514571E-020  -2.03287907E-019  -1.66018458E-020   8.31943335E-002   7.80487189E-002  -1.61243066E-001   8.06215739E-002  -1.07634531E-003   1.10661909E-003
     393       1     1.17581098E+001   1.00002268E+000   2.80325018E-001   1.19999997E+001   0.00000000E+000  -1.44611354E-019  -8.79974588E-020  -1.19999997E+001  -3.12464168E-020   2.03287907E-019   1.39929843E-019   8.35014574E-002   7.83160516E-002  -1.61817522E-001   8.09088027E-002  -1.07924472E-003   1.11157771E-003
     394       1     1.17572685E+001   1.00002268E+000   2.81303859E-001   1.19999997E+001   0.00000000E+000  -9.87359175E-020  -2.59900148E-020  -1.19999997E+001  -4.16555335E-020  -2.09725358E-019  -1.19939865E-019   8.38088632E-002   7.85734581E-002  -1.62382336E-001   8.11912108E-002  -1.07987235E-003   1.11348928E-003
     395       1     1.17564114E+001   1.00002268E+000   2.82301058E-001   1.19999997E+001   0.00000000E+000   4.56408484E-020  -1.89139810E-019  -1.19999997E+001   8.23694046E-021   9.11407451E-020  -1.67373710E-019   8.41206411E-002   7.88370594E-002  -1.62957717E-001   8.14789017E-002  -1.08335018E-003   1.11946974E-003
     396       1     1.17555565E+001   1.00002268E+000   2.83295830E-001   1.19999997E+001   0.00000000E+000  -4.90607439E-020  -2.66865009E-019  -1.19999997E+001  -8.83708068E-020  -1.85669622E-019  -2.71728169E-019   8.44316451E-002   7.91000441E-002  -1.63531703E-001   8.17658950E-002  -1.09088782E-003   1.12037645E-003
     397       1     1.17547282E+001   1.00002268E+000   2.84259574E-001   1.19999997E+001   0.00000000E+000   1.33095346E-019   1.08283236E-019  -1.19999997E+001   1.23329321E-020  -1.38235777E-019   1.20617492E-019   8.47312858E-002   7.93565253E-002  -1.64087825E-001   8.20439564E-002  -1.09376393E-003   1.12389001E-003
     398       1     1.17538831E+001   1.00002268E+000   2.85243208E-001   1.19999997E+001   0.00000000E+000  -4.45830498E-020   5.15300434E-020  -1.19999997E+001   2.34569810E-021  -8.40256684E-020   1.63985579E-019   8.50410691E-002   7.96141759E-002  -1.64655257E-001   8.23276715E-002  -1.10438976E-003   1.13451611E-003
     399       1     1.17530316E+001   1.00002268E+000   2.86234029E-001   1.19999997E+001   0.00000000E+000  -1.40856947E-019  -8.58765677E-020  -1.19999997E+001  -4.90201707E-020  -1.74827600E-019   1.27393755E-019   8.53495721E-002   7.98774335E-002  -1.65227024E-001   8.26135600E-002  -1.10366687E-003   1.13717815E-003
     400       1     1.17521999E+001   1.00002268E+000   2.87201893E-001   1.19999997E+001   0.00000000E+000  -1.19391610E-019  -3.88238213E-019  -1.19999997E+001  -7.54665411E-020   1.73811161E-019  -7.92822839E-020   8.56536520E-002   8.01318129E-002  -1.65785483E-001   8.28927904E-002  -1.10330514E-003   1.14139919E-003
     401       1     1.17513645E+001   1.00002268E+000   2.88173832E-001   1.19999997E+001   0.00000000E+000  -3.36523543E-020  -1.44800282E-019  -1.19999997E+001  -1.95891672E-020  -9.85946351E-020   4.11996826E-019   8.59533541E-002   8.03930234E-002  -1.66346401E-001   8.31732545E-002  -1.10573030E-003   1.14094990E-003
     402       1     1.17505207E+001   1.00002268E+000   2.89155702E-001   1.19999997E+001   0.00000000E+000  -1.02079712E-019   1.21899953E-019  -1.19999997E+001  -6.42426514E-020  -1.65933754E-019  -1.26207909E-019   8.62558550E-002   8.06571188E-002  -1.66913000E-001   8.34565560E-002  -1.11058466E-003   1.14600353E-003
     403       1     1.17497034E+001   1.00002268E+000   2.90107037E-001   1.19999997E+001   0.00000000E+000  -9.71530247E-020  -1.06576597E-019  -1.19999997E+001  -1.02284605E-020   1.48738986E-019   3.03957773E-019   8.65558235E-002   8.09059886E-002  -1.67461837E-001   8.37309730E-002  -1.11754560E-003   1.15243291E-003
     404       1     1.17488728E+001   1.00002268E+000   2.91073768E-001   1.19999997E+001   0.00000000E+000  -1.76771806E-020   1.37798364E-019  -1.19999997E+001   4.66177900E-020   4.70950319E-020  -2.91718147E-019   8.68588325E-002   8.11607790E-002  -1.68019638E-001   8.40098745E-002  -1.11852614E-003   1.15713160E-003
     405       1     1.17480532E+001   1.00002268E+000   2.92027692E-001   1.19999997E+001   0.00000000E+000  -5.21931114E-020   7.05515579E-020  -1.19999997E+001   5.24593809E-020  -6.30192513E-020  -2.34119907E-019   8.71583932E-002   8.14116017E-002  -1.68570023E-001   8.42850690E-002  -1.12145971E-003   1.16199282E-003
     406       1     1.17472199E+001   1.00002268E+000   2.92997680E-001   1.19999997E+001   0.00000000E+000  -3.08607852E-020  -6.86986734E-020  -1.19999997E+001  -5.85975160E-020  -2.63596653E-019  -1.85669622E-019   8.74633207E-002   8.16662800E-002  -1.69129628E-001   8.45648718E-002  -1.13078239E-003   1.16685378E-003
     407       1     1.17463936E+001   1.00002268E+000   2.93959461E-001   1.19999997E+001   0.00000000E+000  -1.46504605E-019  -8.20496993E-020  -1.19999997E+001   6.12445766E-020  -2.46401884E-019  -1.81265051E-020   8.77621251E-002   8.19224120E-002  -1.69684565E-001   8.48423405E-002  -1.13555073E-003   1.17510737E-003
     408       1     1.17455733E+001   1.00002268E+000   2.94914299E-001   1.19999997E+001   0.00000000E+000   1.24041689E-019  -1.62256440E-020  -1.19999997E+001   2.80382381E-020   1.17568173E-019   4.06575815E-021   8.80623910E-002   8.21730422E-002  -1.70235462E-001   8.51177889E-002  -1.14046006E-003   1.17876708E-003
     409       1     1.17447401E+001   1.00002268E+000   2.95884110E-001   1.19999997E+001   0.00000000E+000   1.79415475E-020   1.26016003E-019  -1.19999997E+001  -5.79767583E-020  -1.34170019E-019  -2.10064171E-020   8.83652003E-002   8.24297915E-002  -1.70795024E-001   8.53975725E-002  -1.14682217E-003   1.18263385E-003
     410       1     1.17439161E+001   1.00002268E+000   2.96843361E-001   1.19999997E+001   0.00000000E+000   6.80160839E-020   1.59262046E-020  -1.19999997E+001   3.44636530E-021  -1.07742591E-019  -1.21972744E-020   8.86662463E-002   8.26821714E-002  -1.71348449E-001   8.56742856E-002  -1.15367717E-003   1.18814550E-003
     411       1     1.17431003E+001   1.00002268E+000   2.97793179E-001   1.19999997E+001   0.00000000E+000  -9.30538484E-020  -2.73098642E-019  -1.19999997E+001   1.16350026E-019   1.95156391E-019  -1.66696084E-019   8.89644487E-002   8.29319440E-002  -1.71896423E-001   8.59482713E-002  -1.15891569E-003   1.19595999E-003
     412       1     1.17422679E+001   1.00002268E+000   2.98762222E-001   1.19999997E+001   0.00000000E+000   9.37117879E-020  -2.13141283E-019  -1.19999997E+001   6.96321880E-020   6.36968776E-020   0.00000000E+000   8.92705128E-002   8.31849380E-002  -1.72455482E-001   8.62278007E-002  -1.16252664E-003   1.20178672E-003
     413       1     1.17414521E+001   1.00002268E+000   2.99712001E-001   1.19999997E+001   0.00000000E+000  -3.99931900E-020   9.10345351E-020  -1.19999997E+001   1.06462694E-020  -1.85669622E-019  -2.69695290E-019   8.95683792E-002   8.34350274E-002  -1.73003438E-001   8.65017801E-002  -1.16659225E-003   1.21033601E-003
     414       1     1.17406181E+001   1.00002268E+000   3.00682976E-001   1.19999997E+001   0.00000000E+000  -6.95546399E-020   1.15568381E-019  -1.19999997E+001  -1.00791544E-020  -9.35124374E-020  -1.08420217E-019   8.98696144E-002   8.36940183E-002  -1.73563665E-001   8.67818931E-002  -1.17196184E-003   1.22027929E-003
     415       1     1.17398026E+001   1.00002268E+000   3.01632514E-001   1.19999997E+001   0.00000000E+000  -1.26981985E-019   1.62650178E-019  -1.19999997E+001  -5.85086768E-020   1.35525272E-021   2.38524478E-019   9.01724808E-002   8.39389144E-002  -1.74111426E-001   8.70557737E-002  -1.17383738E-003   1.22572250E-003
     416       1     1.17389748E+001   1.00002268E+000   3.02596285E-001   1.19999997E+001   0.00000000E+000  -1.08673500E-019  -3.48163629E-019  -1.19999997E+001  -8.88321668E-021  -8.80914265E-020   3.50332827E-019   9.04749680E-002   8.41924990E-002  -1.74667503E-001   8.73338138E-002  -1.17595920E-003   1.22854062E-003
     417       1     1.17381489E+001   1.00002268E+000   3.03557963E-001   1.19999997E+001   0.00000000E+000  -3.05069173E-020  -1.87188987E-019  -1.19999997E+001  -6.69077446E-021  -1.24683250E-019   2.95445092E-019   9.07790376E-002   8.44431951E-002  -1.75222269E-001   8.76111984E-002  -1.18511763E-003   1.23307733E-003
     418       1     1.17373280E+001   1.00002268E+000   3.04513885E-001   1.19999997E+001   0.00000000E+000  -8.56006203E-020   6.71055235E-020  -1.19999997E+001   5.44236660E-020   2.98155597E-019  -1.89057754E-019   9.10814810E-002   8.46921880E-002  -1.75773706E-001   8.78869170E-002  -1.19279880E-003   1.23954790E-003
     419       1     1.17365069E+001   1.00002268E+000   3.05470084E-001   1.19999997E+001   0.00000000E+000  -1.05754710E-019   1.61986448E-019  -1.19999997E+001  -5.95820677E-020   2.53432258E-019   2.64274280E-020   9.13829987E-002   8.49422815E-002  -1.76325317E-001   8.81627234E-002  -1.19750760E-003   1.24909885E-003
     420       1     1.17356920E+001   1.00002267E+000   3.06419048E-001   1.19999997E+001   0.00000000E+000  -7.17881929E-020  -1.28780110E-019  -1.19999997E+001   3.20140817E-020  -1.57209315E-019   2.89346455E-019   9.16825546E-002   8.51901888E-002  -1.76872781E-001   8.84364557E-002  -1.20174825E-003   1.25442315E-003
     421       1     1.17348632E+001   1.00002267E+000   3.07384136E-001   1.19999997E+001   0.00000000E+000   1.69067445E-020  -2.67001329E-019  -1.19999997E+001  -5.98546030E-020  -1.27393755E-019  -5.89534931E-020   9.19835101E-002   8.54460356E-002  -1.77429582E-001   8.87148551E-002  -1.20558593E-003   1.26471682E-003
     422       1     1.17340446E+001   1.00002267E+000   3.08337367E-001   1.19999997E+001   0.00000000E+000   8.59619327E-020   1.13339626E-019  -1.19999997E+001   1.61515493E-020  -2.02610281E-019   1.59581007E-019   9.22837911E-002   8.56956945E-002  -1.77979521E-001   8.89898257E-002  -1.20756082E-003   1.27148766E-003
     423       1     1.17332291E+001   1.00002267E+000   3.09287081E-001   1.19999997E+001   0.00000000E+000  -5.66842058E-020  -1.20191328E-019  -1.19999997E+001   5.86576520E-021  -3.90990408E-019  -2.88668828E-019   9.25835399E-002   8.59438308E-002  -1.78527409E-001   8.92637710E-002  -1.21296624E-003   1.27641343E-003
     424       1     1.17324092E+001   1.00002267E+000   3.10242022E-001   1.19999997E+001   0.00000000E+000  -8.76052098E-020  -1.53556155E-019  -1.19999997E+001  -4.55498998E-020   2.98833224E-019  -1.56531689E-019   9.28848321E-002   8.61934478E-002  -1.79078321E-001   8.95392280E-002  -1.21827789E-003   1.28039641E-003
     425       1     1.17315807E+001   1.00002267E+000   3.11206994E-001   1.19999997E+001   0.00000000E+000   4.46336732E-020   3.21435769E-019  -1.19999997E+001  -6.95000873E-020  -1.18245799E-019   1.58564568E-019   9.31913376E-002   8.64435446E-002  -1.79634924E-001   8.98175293E-002  -1.22880831E-003   1.28730410E-003
     426       1     1.17307570E+001   1.00002267E+000   3.12166463E-001   1.19999997E+001   0.00000000E+000   1.92180526E-020   1.74738265E-019  -1.19999997E+001  -4.34224120E-020   1.57886941E-019  -2.43945489E-019   9.34948753E-002   8.66935040E-002  -1.80188421E-001   9.00942784E-002  -1.23510785E-003   1.29141214E-003
     427       1     1.17299398E+001   1.00002267E+000   3.13118277E-001   1.19999997E+001   0.00000000E+000  -6.00989728E-020   8.35187721E-021  -1.19999997E+001  -4.29630786E-020  -1.25360876E-019   1.38235777E-019   9.37931606E-002   8.69443089E-002  -1.80737513E-001   9.03688254E-002  -1.24268976E-003   1.30018123E-003
     428       1     1.17291225E+001   1.00002267E+000   3.14070325E-001   1.19999997E+001   0.00000000E+000   1.17593485E-019   1.37607120E-019  -1.19999997E+001  -6.62391552E-020  -2.54787511E-019   1.92445886E-019   9.40948089E-002   8.71918207E-002  -1.81286673E-001   9.06434053E-002  -1.25212027E-003   1.30745661E-003
     429       1     1.17283115E+001   1.00002267E+000   3.15015047E-001   1.19999997E+001   0.00000000E+000   4.95916284E-020  -1.23000434E-019  -1.19999997E+001   5.00513237E-020   8.13151629E-020   1.16551734E-019   9.43925032E-002   8.74390951E-002  -1.81831641E-001   9.09158891E-002  -1.25871903E-003   1.31675745E-003
     430       1     1.17274902E+001   1.00002267E+000   3.15971642E-001   1.19999997E+001   0.00000000E+000  -5.65252217E-020   9.99975334E-020  -1.19999997E+001  -5.99225145E-021  -1.72117095E-019   2.71050543E-020   9.46939572E-002   8.76894713E-002  -1.82383474E-001   9.11918070E-002  -1.26571313E-003   1.32349851E-003
     431       1     1.17266648E+001   1.00002267E+000   3.16933200E-001   1.19999997E+001   0.00000000E+000  -3.46251187E-020  -1.38466064E-019  -1.19999997E+001   9.43572990E-020  -1.81603864E-019   7.99599102E-020   9.49970313E-002   8.79410821E-002  -1.82938159E-001   9.14691494E-002  -1.27150111E-003   1.33263027E-003
     432       1     1.17258575E+001   1.00002267E+000   3.17873651E-001   1.19999997E+001   0.00000000E+000   6.42962527E-020   2.17917093E-019  -1.19999997E+001  -1.49991614E-020  -2.42590236E-019   1.46367293E-019   9.52931165E-002   8.81875106E-002  -1.83480674E-001   9.17404070E-002  -1.27799799E-003   1.34067269E-003
     433       1     1.17250350E+001   1.00002267E+000   3.18831734E-001   1.19999997E+001   0.00000000E+000  -1.12679701E-019  -3.98453563E-019  -1.19999997E+001  -2.31408145E-020   1.00288701E-019  -1.63985579E-019   9.55922302E-002   8.84411253E-002  -1.84033404E-001   9.20167738E-002  -1.28421773E-003   1.34980418E-003
     434       1     1.17242271E+001   1.00002267E+000   3.19772803E-001   1.19999997E+001   0.00000000E+000   3.82073071E-020  -2.89109550E-019  -1.19999997E+001  -1.39502253E-020   7.35224598E-020   7.58941521E-020   9.58880609E-002   8.86882087E-002  -1.84576319E-001   9.22882326E-002  -1.28784526E-003   1.35549730E-003
     435       1     1.17234132E+001   1.00002267E+000   3.20721014E-001   1.19999997E+001   0.00000000E+000  -9.94570536E-020   1.85089934E-020  -1.19999997E+001  -1.00033785E-019   1.80926238E-019   2.62919027E-019   9.61861009E-002   8.89371534E-002  -1.85123304E-001   9.25617255E-002  -1.29480286E-003   1.36491721E-003
     436       1     1.17225947E+001   1.00002267E+000   3.21674513E-001   1.19999997E+001   0.00000000E+000   6.14988933E-020   1.92320154E-019  -1.19999997E+001  -4.76247790E-020  -7.21672071E-020   3.45589442E-019   9.64840479E-002   8.91893236E-002  -1.85673423E-001   9.28367865E-002  -1.29888535E-003   1.37039339E-003
     437       1     1.17217704E+001   1.00002267E+000   3.22634838E-001   1.19999997E+001   0.00000000E+000  -1.31020611E-019  -8.49018181E-022  -1.19999997E+001   7.90419259E-020   1.22650371E-019   1.89057754E-019   9.67849687E-002   8.94424074E-002  -1.86227426E-001   9.31137879E-002  -1.30748352E-003   1.37655345E-003
     438       1     1.17209466E+001   1.00002267E+000   3.23594495E-001   1.19999997E+001   0.00000000E+000  -7.80716223E-020   2.71916767E-019  -1.19999997E+001  -4.44598128E-020   2.34458720E-019  -1.20617492E-019   9.70859255E-002   8.96951114E-002  -1.86781090E-001   9.33906225E-002  -1.31111680E-003   1.38042527E-003
     439       1     1.17201221E+001   1.00002267E+000   3.24555161E-001   1.19999997E+001   0.00000000E+000  -5.76336437E-020  -2.33625583E-019  -1.19999997E+001   3.19039866E-020   2.26327204E-019  -1.13163602E-019   9.73929911E-002   8.99421561E-002  -1.87335202E-001   9.36676801E-002  -1.31544527E-003   1.38594513E-003
     440       1     1.17192962E+001   1.00002267E+000   3.25517603E-001   1.19999997E+001   0.00000000E+000  -1.33180380E-019  -8.56485967E-020  -1.19999997E+001   2.13042435E-021   5.01443505E-020   3.49655201E-019   9.76967619E-002   9.01935491E-002  -1.87890365E-001   9.39452619E-002  -1.32450662E-003   1.39355656E-003
     441       1     1.17184584E+001   1.00002267E+000   3.26493732E-001   1.19999997E+001   0.00000000E+000   5.98448630E-021  -1.54602373E-019  -1.19999997E+001  -3.37538494E-020   1.11130723E-019  -2.12774676E-019   9.80049240E-002   9.04484697E-002  -1.88453448E-001   9.42268043E-002  -1.32804328E-003   1.40294757E-003
     442       1     1.17176421E+001   1.00002267E+000   3.27444970E-001   1.19999997E+001   0.00000000E+000   5.67517038E-020  -1.34089617E-019  -1.19999997E+001  -3.34490953E-020  -2.72405796E-019  -2.71050543E-021   9.83041177E-002   9.06980292E-002  -1.89002203E-001   9.45011834E-002  -1.33333359E-003   1.40912573E-003
     443       1     1.17167965E+001   1.00002267E+000   3.28430282E-001   1.19999997E+001   0.00000000E+000  -9.55585513E-020   1.52031164E-019  -1.19999997E+001   1.27675121E-020   3.46944695E-019  -3.49655201E-019   9.86113637E-002   9.09591224E-002  -1.89570541E-001   9.47853521E-002  -1.34316548E-003   1.42818622E-003
     444       1     1.17159691E+001   1.00002267E+000   3.29394494E-001   1.19999997E+001   0.00000000E+000  -8.64794169E-020   2.89062897E-019  -1.19999997E+001  -6.65464321E-020  -1.21972744E-019  -8.67361738E-020   9.89160150E-002   9.12106616E-002  -1.90126732E-001   9.50634481E-002  -1.34719557E-003   1.43813976E-003
     445       1     1.17151281E+001   1.00002267E+000   3.30374418E-001   1.19999997E+001   0.00000000E+000   4.78446229E-020  -6.66082225E-020  -1.19999997E+001   5.86093240E-020   2.60208521E-019  -1.38235777E-019   9.92212935E-002   9.14707344E-002  -1.90692084E-001   9.53461248E-002  -1.35340805E-003   1.44494974E-003
     446       1     1.17143033E+001   1.00002267E+000   3.31335777E-001   1.19999997E+001   0.00000000E+000   3.95307960E-020  -2.30305281E-019  -1.19999997E+001  -5.61647364E-020  -1.16551734E-019  -5.14996032E-019   9.95258708E-002   9.17206161E-002  -1.91246542E-001   9.56233531E-002  -1.36678032E-003   1.45494635E-003
     447       1     1.17134912E+001   1.00002267E+000   3.32282402E-001   1.19999997E+001   0.00000000E+000  -1.45010883E-019   1.15276552E-019  -1.19999997E+001  -3.74819731E-020  -1.49077799E-019  -1.38235777E-019   9.98268335E-002   9.19656146E-002  -1.91792502E-001   9.58963338E-002  -1.37552337E-003   1.46578314E-003
     448       1     1.17126672E+001   1.00002267E+000   3.33242604E-001   1.19999997E+001   0.00000000E+000   4.87738776E-020   2.46513719E-019  -1.19999997E+001   3.90423045E-020   2.81892565E-019   3.11708125E-019   1.00127483E-001   9.22188986E-002  -1.92346439E-001   9.61733045E-002  -1.38157686E-003   1.47275510E-003
     449       1     1.17118661E+001   1.00002267E+000   3.34176408E-001   1.19999997E+001   0.00000000E+000   6.86061946E-020   1.38058429E-019  -1.19999997E+001  -4.21107724E-020  -1.62630326E-020   3.49655201E-019   1.00425109E-001   9.24598558E-002  -1.92885022E-001   9.64425966E-002  -1.38673026E-003   1.48219271E-003
     450       1     1.17110355E+001   1.00002267E+000   3.35144679E-001   1.19999997E+001   0.00000000E+000  -7.84681727E-020  -1.40476113E-019  -1.19999997E+001   2.83038045E-020  -2.10064171E-019  -8.13151629E-021   1.00732821E-001   9.27105616E-002  -1.93443440E-001   9.67218062E-002  -1.39717240E-003   1.49502906E-003
     451       1     1.17102207E+001   1.00002267E+000   3.36094318E-001   1.19999997E+001   0.00000000E+000  -4.12928562E-022   2.95189659E-019  -1.19999997E+001   1.36004126E-019   5.42101086E-021  -2.27682456E-019   1.01030879E-001   9.29603210E-002  -1.93991261E-001   9.69957206E-002  -1.40391754E-003   1.50160568E-003
     452       1     1.17094068E+001   1.00002267E+000   3.37042974E-001   1.19999997E+001   0.00000000E+000   3.51695690E-020  -3.33254525E-021  -1.19999997E+001   4.36238511E-020  -3.32714542E-019   9.48676901E-021   1.01330860E-001   9.32075258E-002  -1.94538448E-001   9.72693142E-002  -1.41042881E-003   1.51098651E-003
     453       1     1.17086006E+001   1.00002267E+000   3.37982818E-001   1.19999997E+001   0.00000000E+000  -1.08553724E-019   1.33908630E-019  -1.19999997E+001  -7.32300101E-020  -1.19262239E-019   4.63496429E-019   1.01627867E-001   9.34526194E-002  -1.95080548E-001   9.75403641E-002  -1.41847468E-003   1.51963946E-003
     454       1     1.17077842E+001   1.00002267E+000   3.38934329E-001   1.19999997E+001   0.00000000E+000  -5.77024652E-020  -1.41489575E-019  -1.19999997E+001  -5.94889271E-020  -1.62630326E-019  -1.96511644E-019   1.01926604E-001   9.37027790E-002  -1.95629447E-001   9.78148161E-002  -1.42567758E-003   1.52541037E-003
     455       1     1.17069782E+001   1.00002267E+000   3.39873964E-001   1.19999997E+001   0.00000000E+000  -4.53157664E-020  -1.50783445E-019  -1.19999997E+001   7.12170661E-020   1.80248611E-019  -7.45388994E-020   1.02224106E-001   9.39472315E-002  -1.96171401E-001   9.80857931E-002  -1.43305096E-003   1.53608998E-003
     456       1     1.17061668E+001   1.00002267E+000   3.40819819E-001   1.19999997E+001   0.00000000E+000   1.16066179E-019  -8.95323751E-020  -1.19999997E+001   4.79635302E-020  -3.82181266E-019   5.32614317E-019   1.02523141E-001   9.41937562E-002  -1.96716960E-001   9.83585725E-002  -1.43982797E-003   1.54624165E-003
     457       1     1.17053602E+001   1.00002267E+000   3.41760232E-001   1.19999997E+001   0.00000000E+000   1.34843923E-019   1.42747551E-019  -1.19999997E+001   1.36540843E-019   2.68340038E-019  -2.84603070E-019   1.02821244E-001   9.44380667E-002  -1.97259374E-001   9.86297804E-002  -1.44577027E-003   1.55551703E-003
     458       1     1.17045447E+001   1.00002267E+000   3.42710973E-001   1.19999997E+001   0.00000000E+000  -8.83458673E-020   4.74508519E-019  -1.19999997E+001   1.03490386E-019   1.62630326E-020  -6.09863722E-020   1.03122915E-001   9.46847699E-002  -1.97807750E-001   9.89039681E-002  -1.45240337E-003   1.56282614E-003
     459       1     1.17037396E+001   1.00002267E+000   3.43649670E-001   1.19999997E+001   0.00000000E+000   2.23746979E-020  -1.14109896E-019  -1.19999997E+001   1.64338826E-019  -4.47233396E-020  -2.39879731E-019   1.03421391E-001   9.49276857E-002  -1.98349140E-001   9.91746630E-002  -1.45996023E-003   1.57201887E-003
     460       1     1.17029188E+001   1.00002267E+000   3.44606724E-001   1.19999997E+001   0.00000000E+000   5.55826546E-020  -2.22643934E-020  -1.19999997E+001  -4.93397519E-020  -1.21972744E-020   1.11130723E-019   1.03724787E-001   9.51762857E-002  -1.98901136E-001   9.94506618E-002  -1.46934289E-003   1.57980453E-003
     461       1     1.17021079E+001   1.00002267E+000   3.45552160E-001   1.19999997E+001   0.00000000E+000   8.67148739E-020   3.14681673E-019  -1.19999997E+001  -1.63692426E-020   1.50433051E-019  -2.33103467E-019   1.04025310E-001   9.54210263E-002  -1.99446397E-001   9.97232922E-002  -1.47835875E-003   1.58946811E-003
     462       1     1.17012945E+001   1.00002267E+000   3.46500504E-001   1.19999997E+001   0.00000000E+000   1.22231900E-019   2.97178863E-019  -1.19999997E+001  -1.06294074E-019  -2.27682456E-019  -1.61275073E-019   1.04323832E-001   9.56695502E-002  -1.99993439E-001   9.99968125E-002  -1.48483699E-003   1.59659448E-003
     463       1     1.17004765E+001   1.00002267E+000   3.47454364E-001   1.19999997E+001   0.00000000E+000   7.64645758E-022  -2.70226671E-020  -1.19999997E+001  -6.14867751E-020   1.43656788E-019   3.10352872E-019   1.04624605E-001   9.59189061E-002  -2.00543568E-001   1.00271877E-001  -1.49566128E-003   1.60989557E-003
     464       1     1.16996579E+001   1.00002267E+000   3.48408710E-001   1.19999997E+001   0.00000000E+000  -1.01046812E-019  -6.82860757E-020  -1.19999997E+001  -4.98766748E-020  -3.17129135E-019   1.15196481E-020   1.04924659E-001   9.61693814E-002  -2.01094096E-001   1.00547141E-001  -1.49910158E-003   1.61769454E-003
     465       1     1.16988277E+001   1.00002267E+000   3.49376804E-001   1.19999997E+001   0.00000000E+000  -7.77415359E-020   8.79987823E-020  -1.19999997E+001  -4.20570056E-020  -3.04931861E-019  -2.97477971E-019   1.05230514E-001   9.64219086E-002  -2.01652480E-001   1.00826334E-001  -1.50346771E-003   1.62980080E-003
     466       1     1.16980020E+001   1.00002267E+000   3.50339785E-001   1.19999997E+001   0.00000000E+000   5.58668687E-020   1.62159164E-019  -1.19999997E+001   1.17975146E-019   1.89735380E-019   2.45300742E-019   1.05535583E-001   9.66722033E-002  -2.02207843E-001   1.01104015E-001  -1.51626230E-003   1.64050375E-003
     467       1     1.16971832E+001   1.00002267E+000   3.51294494E-001   1.19999997E+001   0.00000000E+000  -5.96728094E-022  -1.83351200E-019  -1.19999997E+001  -3.21560673E-020   2.08708918E-019   0.00000000E+000   1.05835206E-001   9.69232666E-002  -2.02758531E-001   1.01379360E-001  -1.52596657E-003   1.64965781E-003
     468       1     1.16963715E+001   1.00002267E+000   3.52240932E-001   1.19999997E+001   0.00000000E+000  -9.90909434E-020  -5.51223234E-020  -1.19999997E+001   3.66299563E-020   8.80914265E-020   2.84603070E-020   1.06133523E-001   9.71708862E-002  -2.03304468E-001   1.01652329E-001  -1.52769888E-003   1.65999546E-003
     469       1     1.16955698E+001   1.00002267E+000   3.53175920E-001   1.19999997E+001   0.00000000E+000   1.22279298E-019   2.29361633E-019  -1.19999997E+001  -4.54368656E-020   1.85669622E-019   3.53043332E-019   1.06428707E-001   9.74149842E-002  -2.03843750E-001   1.01921969E-001  -1.53515636E-003   1.66952006E-003
     470       1     1.16947563E+001   1.00002267E+000   3.54124807E-001   1.19999997E+001   0.00000000E+000  -1.53212875E-019   3.49948023E-019  -1.19999997E+001   1.17965716E-019  -6.64073831E-020   3.72016870E-019   1.06731621E-001   9.76592495E-002  -2.04390928E-001   1.02195559E-001  -1.54759677E-003   1.68013104E-003
     471       1     1.16939316E+001   1.00002267E+000   3.55086798E-001   1.19999997E+001   0.00000000E+000   6.75419440E-020   5.29163981E-020  -1.19999997E+001  -9.06844723E-020   1.21972744E-019  -7.18283939E-020   1.07037860E-001   9.79077714E-002  -2.04945688E-001   1.02472939E-001  -1.55622303E-003   1.69346383E-003
     472       1     1.16931162E+001   1.00002267E+000   3.56037765E-001   1.19999997E+001   0.00000000E+000   1.02972406E-019  -5.78053664E-020  -1.19999997E+001   1.45718287E-019   1.06726151E-019   3.17129135E-019   1.07336738E-001   9.81573915E-002  -2.05494187E-001   1.02747189E-001  -1.56590665E-003   1.70436574E-003
     473       1     1.16923015E+001   1.00002267E+000   3.56987887E-001   1.19999997E+001   0.00000000E+000  -7.38654089E-020  -9.26300011E-020  -1.19999997E+001   2.89179861E-020   9.53759099E-020   3.04254235E-019   1.07633580E-001   9.84085897E-002  -2.06042225E-001   1.03021208E-001  -1.57474191E-003   1.71752317E-003
     474       1     1.16914864E+001   1.00002267E+000   3.57938417E-001   1.19999997E+001   0.00000000E+000  -3.02711708E-020   1.32325075E-019  -1.19999997E+001  -7.25482065E-020  -2.48942983E-019  -1.24683250E-019   1.07929304E-001   9.86611745E-002  -2.06590533E-001   1.03295362E-001  -1.58526153E-003   1.72822728E-003
     475       1     1.16906719E+001   1.00002267E+000   3.58888486E-001   1.19999997E+001   0.00000000E+000  -5.09088308E-020   3.20763436E-019  -1.19999997E+001  -4.49523032E-021  -2.53178148E-019  -7.35224598E-020   1.08229072E-001   9.89093689E-002  -2.07138493E-001   1.03569342E-001  -1.59379646E-003   1.73913696E-003
     476       1     1.16898609E+001   1.00002267E+000   3.59834369E-001   1.19999997E+001   0.00000000E+000  -8.91598130E-020  -3.26927255E-019  -1.19999997E+001  -2.44671753E-021   1.24344437E-019  -1.28071382E-019   1.08524809E-001   9.91592252E-002  -2.07684086E-001   1.03842139E-001  -1.60450232E-003   1.74946073E-003
     477       1     1.16890480E+001   1.00002267E+000   3.60782488E-001   1.19999997E+001   0.00000000E+000  -5.09052739E-020   3.16336696E-019  -1.19999997E+001  -2.32216895E-020  -1.37558151E-019  -4.67562187E-020   1.08821857E-001   9.94090746E-002  -2.08230983E-001   1.04115587E-001  -1.61376408E-003   1.75786165E-003
     478       1     1.16882343E+001   1.00002267E+000   3.61731429E-001   1.19999997E+001   0.00000000E+000   3.39031555E-020  -4.90170687E-020  -1.19999997E+001  -5.59140180E-020  -1.13163602E-019   1.70761842E-019   1.09118091E-001   9.96602443E-002  -2.08778389E-001   1.04389291E-001  -1.62180780E-003   1.76613947E-003
     479       1     1.16874011E+001   1.00002267E+000   3.62703117E-001   1.19999997E+001   0.00000000E+000   7.30575843E-020  -2.13874496E-019  -1.19999997E+001  -1.03282185E-019  -2.41234983E-019   2.90024081E-019   1.09422182E-001   9.99167391E-002  -2.09338976E-001   1.04669585E-001  -1.62589149E-003   1.76933275E-003
     480       1     1.16865766E+001   1.00002267E+000   3.63664695E-001   1.19999997E+001   0.00000000E+000  -6.86703011E-020   1.92808522E-019  -1.19999997E+001   9.32132461E-020   4.20128342E-019  -3.65918233E-020   1.09722204E-001   1.00171439E-001  -2.09893701E-001   1.04946950E-001  -1.63129015E-003   1.77701871E-003
     481       1     1.16857621E+001   1.00002267E+000   3.64614853E-001   1.19999997E+001   0.00000000E+000   1.03825560E-019  -1.29569571E-019  -1.19999997E+001  -6.15089849E-020  -1.05709712E-019  -1.62630326E-020   1.10020811E-001   1.00420875E-001  -2.10441743E-001   1.05220970E-001  -1.64061717E-003   1.78619180E-003
     482       1     1.16849378E+001   1.00002267E+000   3.65576271E-001   1.19999997E+001   0.00000000E+000  -7.18714900E-020  -2.56985826E-019  -1.19999997E+001   3.55656231E-020   4.60785923E-020   1.63985579E-019   1.10317814E-001   1.00678508E-001  -2.10996378E-001   1.05498288E-001  -1.65065155E-003   1.79718609E-003
     483       1     1.16841085E+001   1.00002267E+000   3.66543786E-001   1.19999997E+001   0.00000000E+000   9.47828214E-020  -5.64501137E-020  -1.19999997E+001   8.60226478E-020   1.89735380E-020  -6.50521303E-020   1.10621706E-001   1.00932627E-001  -2.11554389E-001   1.05777293E-001  -1.66267173E-003   1.80939404E-003
     484       1     1.16832725E+001   1.00002267E+000   3.67519031E-001   1.19999997E+001   0.00000000E+000   9.48094566E-020   2.59808166E-019  -1.19999997E+001  -7.46695939E-021   2.11419424E-019   2.84603070E-020   1.10928373E-001   1.01188463E-001  -2.12116891E-001   1.06058544E-001  -1.67151013E-003   1.81979356E-003
     485       1     1.16824317E+001   1.00002267E+000   3.68500072E-001   1.19999997E+001   0.00000000E+000   8.38085335E-020  -1.03396584E-019  -1.19999997E+001  -3.83565304E-020   7.99599102E-020  -2.16162808E-019   1.11240167E-001   1.01442431E-001  -2.12682654E-001   1.06341426E-001  -1.67917214E-003   1.83195610E-003
     486       1     1.16816087E+001   1.00002267E+000   3.69460151E-001   1.19999997E+001   0.00000000E+000  -1.18243483E-019  -1.79467753E-019  -1.19999997E+001   3.42933366E-020  -2.37169225E-019   4.48588649E-019   1.11538713E-001   1.01697686E-001  -2.13236454E-001   1.06618327E-001  -1.68933339E-003   1.84429983E-003
     487       1     1.16807642E+001   1.00002267E+000   3.70445432E-001   1.19999997E+001   0.00000000E+000  -4.85720456E-020   1.61587086E-019  -1.19999997E+001   5.25822172E-020   2.52077005E-019   5.20417043E-019   1.11847068E-001   1.01957680E-001  -2.13804804E-001   1.06902504E-001  -1.69586884E-003   1.85381931E-003
     488       1     1.16799395E+001   1.00002267E+000   3.71407479E-001   1.19999997E+001   0.00000000E+000   8.07068543E-020   1.40100573E-019  -1.19999997E+001  -3.65780921E-020   1.74827600E-019  -7.72494048E-020   1.12146769E-001   1.02212945E-001  -2.14359770E-001   1.07179988E-001  -1.70379489E-003   1.86318871E-003
     489       1     1.16791148E+001   1.00002267E+000   3.72369467E-001   1.19999997E+001   0.00000000E+000  -2.17933140E-020  -1.18035696E-019  -1.19999997E+001   1.05310101E-019   1.81603864E-019   3.25260652E-020   1.12446337E-001   1.02468355E-001  -2.14914749E-001   1.07457477E-001  -1.71078962E-003   1.86851400E-003
     490       1     1.16782795E+001   1.00002267E+000   3.73343962E-001   1.19999997E+001   0.00000000E+000  -1.20043097E-019   3.23086490E-019  -1.19999997E+001   5.60856579E-020  -3.55076211E-019  -1.55854062E-019   1.12750642E-001   1.02726167E-001  -2.15476867E-001   1.07738538E-001  -1.72044161E-003   1.87774625E-003
     491       1     1.16774460E+001   1.00002267E+000   3.74316268E-001   1.19999997E+001   0.00000000E+000   2.39319895E-020   8.44048480E-020  -1.19999997E+001   1.33902260E-019  -2.80537312E-019   1.45012041E-019   1.13050971E-001   1.02986801E-001  -2.16037831E-001   1.08019020E-001  -1.72758127E-003   1.88565903E-003
     492       1     1.16765885E+001   1.00002267E+000   3.75316867E-001   1.19999997E+001   0.00000000E+000  -1.38170595E-019   3.04673781E-020  -1.19999997E+001   3.69004444E-020  -4.06575815E-020   5.12285526E-019   1.13366002E-001   1.03248880E-001  -2.16614939E-001   1.08307575E-001  -1.73597248E-003   1.89715410E-003
     493       1     1.16757485E+001   1.00002267E+000   3.76296739E-001   1.19999997E+001   0.00000000E+000   3.43654667E-020  -2.66194993E-019  -1.19999997E+001   6.71918812E-021   8.26704157E-020  -1.09775470E-019   1.13668067E-001   1.03512144E-001  -2.17180267E-001   1.08590239E-001  -1.74352172E-003   1.90639877E-003
     494       1     1.16749076E+001   1.00002267E+000   3.77278191E-001   1.19999997E+001   0.00000000E+000  -5.38343205E-020   1.49174744E-019  -1.19999997E+001  -1.09476940E-019   2.55465137E-019  -2.99510850E-019   1.13978717E-001   1.03767490E-001  -2.17746263E-001   1.08873238E-001  -1.75520239E-003   1.91767877E-003
     495       1     1.16740709E+001   1.00002267E+000   3.78254415E-001   1.19999997E+001   0.00000000E+000  -2.16188616E-020  -1.45791079E-019  -1.19999997E+001   6.37792648E-020  -1.76860479E-019   1.32814766E-019   1.14280767E-001   1.04028595E-001  -2.18309417E-001   1.09154815E-001  -1.76370608E-003   1.93072836E-003
     496       1     1.16732395E+001   1.00002267E+000   3.79224591E-001   1.19999997E+001   0.00000000E+000   1.86481252E-020  -3.36339909E-019  -1.19999997E+001  -1.26348364E-019   1.47044920E-019   3.03576608E-019   1.14583584E-001   1.04285416E-001  -2.18869056E-001   1.09434635E-001  -1.76973398E-003   1.94182524E-003
     497       1     1.16723993E+001   1.00002267E+000   3.80205101E-001   1.19999997E+001   0.00000000E+000   6.75418613E-020   6.39212090E-021  -1.19999997E+001  -3.37355687E-020   1.53821183E-019  -3.49655201E-019   1.14890192E-001   1.04544327E-001  -2.19434575E-001   1.09717396E-001  -1.78500623E-003   1.95205329E-003
     498       1     1.16715607E+001   1.00002267E+000   3.81183779E-001   1.19999997E+001   0.00000000E+000   8.44354536E-020   2.61743769E-019  -1.19999997E+001   2.46094504E-020   2.17518061E-019   4.68917440E-019   1.15196092E-001   1.04802919E-001  -2.19999065E-001   1.09999641E-001  -1.79617632E-003   1.96313404E-003
     499       1     1.16707190E+001   1.00002267E+000   3.82166337E-001   1.19999997E+001   0.00000000E+000   1.99317440E-020   1.47959120E-019  -1.19999997E+001   7.15287064E-020  -1.13841228E-019   5.01443505E-020   1.15509366E-001   1.05056203E-001  -2.20565620E-001   1.10282918E-001  -1.81059705E-003   1.97396956E-003
     500       1     1.16698902E+001   1.00002267E+000   3.83133729E-001   1.19999997E+001   0.00000000E+000   6.62693266E-020  -2.79424920E-020  -1.19999997E+001   1.35687399E-019  -1.91090633E-019  -2.70372917E-019   1.15812266E-001   1.05311280E-001  -2.21123597E-001   1.10561907E-001  -1.82053040E-003   1.98473293E-003
