    iLoop            EVM               SVM               E11               E22               E33               E12               E13               E23               S11               S22               S33               S12               S13               S23              EpVM              dEVM             dEpVM             TotDens         TotJunctDens         DTIME           DTIMETOT
         1     1.19999997E+001   7.18850214E+003   3.85118750E-021  -3.60133759E-020  -1.19999997E+001  -1.38117656E-020   4.33680869E-020  -1.08420217E-019  -6.98630785E+003  -6.98627676E+003  -1.41660948E+004  -2.04123979E+002  -1.27766986E-002   1.78350676E-002   4.36695010E-004   1.19996258E+001   0.00000000E+000   7.67569317E+014   0.00000000E+000   1.00000000E-014   1.00000000E-014
         2     1.19999997E+001   7.18828731E+003  -8.59498559E-021   1.05048629E-020  -1.19999997E+001  -1.75420606E-020   4.33680869E-020  -1.08420217E-019  -6.98639338E+003  -6.98633832E+003  -1.41659477E+004  -2.04188917E+002  -2.14348751E-002   3.37797927E-002   8.79897880E-004   1.19992463E+001   0.00000000E+000   7.72938897E+014   0.00000000E+000   1.00000000E-014   2.00000000E-014
         3     1.19999997E+001   7.18806934E+003  -3.53373626E-021   7.05932478E-021  -1.19999997E+001  -2.04222828E-020   2.16840434E-020   6.50521303E-020  -6.98648015E+003  -6.98640079E+003  -1.41657984E+004  -2.04254807E+002  -3.02226556E-002   4.99594882E-002   1.32960662E-003   1.19988612E+001   0.00000000E+000   7.78308272E+014   0.00000000E+000   1.00000000E-014   3.00000000E-014
         4     1.19999997E+001   7.18784978E+003   3.80130850E-021   3.02884589E-020  -1.19999997E+001  -6.33521088E-021   6.50521303E-020   8.67361738E-020  -6.98656756E+003  -6.98646371E+003  -1.41656481E+004  -2.04321175E+002  -3.90747872E-002   6.62566194E-002   1.78257035E-003   1.19984733E+001   0.00000000E+000   7.83679261E+014   0.00000000E+000   1.00000000E-014   4.00000000E-014
         5     1.19999997E+001   7.18762865E+003   1.04274388E-021  -1.23496411E-020  -1.19999997E+001   7.85467962E-021   2.16840434E-020   6.50521303E-020  -6.98665559E+003  -6.98652708E+003  -1.41654967E+004  -2.04388019E+002  -4.79912917E-002   8.26712010E-002   2.23878912E-003   1.19980827E+001   0.00000000E+000   7.89051835E+014   0.00000000E+000   1.00000000E-014   5.00000000E-014
         6     1.19999997E+001   7.18740595E+003  -2.57629538E-021   2.01827106E-020  -1.19999997E+001  -8.66008471E-021  -4.33680869E-020  -2.16840434E-020  -6.98674426E+003  -6.98659090E+003  -1.41653442E+004  -2.04455341E+002  -5.69722245E-002   9.92033254E-002   2.69826557E-003   1.19976892E+001   0.00000000E+000   7.94425990E+014   0.00000000E+000   1.00000000E-014   6.00000000E-014
         7     1.19999997E+001   7.18718166E+003   9.34027532E-021  -4.24167465E-020  -1.19999997E+001  -4.68562662E-021  -4.33680869E-020   2.16840434E-020  -6.98683355E+003  -6.98665518E+003  -1.41651906E+004  -2.04523140E+002  -6.60176272E-002   1.15853057E-001   3.16100158E-003   1.19972930E+001   0.00000000E+000   7.99801717E+014   0.00000000E+000   1.00000000E-014   7.00000000E-014
         8     1.19999997E+001   7.18695580E+003  -1.79862152E-021  -1.30983223E-020  -1.19999997E+001   5.64585923E-021   2.16840434E-020  -2.16840434E-020  -6.98692346E+003  -6.98671991E+003  -1.41650360E+004  -2.04591417E+002  -7.51275111E-002   1.32620408E-001   3.62699747E-003   1.19968940E+001   0.00000000E+000   8.05178985E+014   0.00000000E+000   1.00000000E-014   8.00000000E-014
         9     1.19999997E+001   7.18672837E+003  -1.75258892E-021   4.86542673E-020  -1.19999997E+001  -2.13048225E-020   4.33680869E-020   0.00000000E+000  -6.98701401E+003  -6.98678509E+003  -1.41648803E+004  -2.04660171E+002  -8.43018765E-002   1.49505365E-001   4.09625282E-003   1.19964922E+001   0.00000000E+000   8.10557764E+014   0.00000000E+000   1.00000000E-014   9.00000000E-014
        10     1.19999997E+001   7.18649935E+003  -3.79527009E-021   2.11246212E-020  -1.19999997E+001   1.01850956E-020   6.50521303E-020   2.16840434E-020  -6.98710519E+003  -6.98685073E+003  -1.41647235E+004  -2.04729403E+002  -9.35407259E-002   1.66507925E-001   4.56876745E-003   1.19960877E+001   0.00000000E+000   8.15938023E+014   0.00000000E+000   1.00000000E-014   1.00000000E-013
        11     1.19999997E+001   7.18626876E+003  -8.12928291E-021   3.21526758E-020  -1.19999997E+001  -7.74846963E-021  -2.16840434E-020   6.50521303E-020  -6.98719699E+003  -6.98691682E+003  -1.41645656E+004  -2.04799113E+002  -1.02844080E-001   1.83628129E-001   5.04454283E-003   1.19956803E+001   0.00000000E+000   8.21319750E+014   0.00000000E+000   1.00000000E-014   1.10000000E-013
        12     1.19999997E+001   7.18603659E+003  -1.29147295E-020  -2.12271089E-020  -1.19999997E+001   4.92952082E-021   0.00000000E+000   6.50521303E-020  -6.98728942E+003  -6.98698336E+003  -1.41644066E+004  -2.04869300E+002  -1.12211934E-001   2.00865957E-001   5.52357874E-003   1.19952701E+001   0.00000000E+000   8.26702915E+014   0.00000000E+000   1.00000000E-014   1.20000000E-013
        13     1.19999997E+001   7.18580284E+003   1.10933192E-020   2.61451939E-020  -1.19999997E+001   1.09694489E-020   4.33680869E-020  -4.33680869E-020  -6.98738249E+003  -6.98705036E+003  -1.41642465E+004  -2.04939965E+002  -1.21644302E-001   2.18221432E-001   6.00587622E-003   1.19948572E+001   0.00000000E+000   8.32087500E+014   0.00000000E+000   1.00000000E-014   1.30000000E-013
        14     1.19999997E+001   7.18556752E+003  -5.30441976E-021  -9.89944942E-021  -1.19999997E+001  -9.28288967E-021  -6.50521303E-020   2.38524478E-019  -6.98747618E+003  -6.98711781E+003  -1.41640854E+004  -2.05011108E+002  -1.31141203E-001   2.35694592E-001   6.49143667E-003   1.19944415E+001   0.00000000E+000   8.37473498E+014   0.00000000E+000   1.00000000E-014   1.40000000E-013
        15     1.19999997E+001   7.18533061E+003   1.52362947E-020   5.12272953E-021  -1.19999997E+001  -9.98593115E-021   8.67361738E-020  -8.67361738E-020  -6.98757050E+003  -6.98718572E+003  -1.41639232E+004  -2.05082730E+002  -1.40702673E-001   2.53285481E-001   6.98026154E-003   1.19940230E+001   0.00000000E+000   8.42860895E+014   0.00000000E+000   1.00000000E-014   1.50000000E-013
        16     1.19999997E+001   7.18509213E+003  -5.41203595E-021   2.17153936E-020  -1.19999997E+001   3.30909468E-021   8.67361738E-020   4.33680869E-020  -6.98766545E+003  -6.98725408E+003  -1.41637598E+004  -2.05154830E+002  -1.50328741E-001   2.70994134E-001   7.47235208E-003   1.19936017E+001   0.00000000E+000   8.48249676E+014   0.00000000E+000   1.00000000E-014   1.60000000E-013
        17     1.19999997E+001   7.18485206E+003   1.41562863E-020   2.17166344E-020  -1.19999997E+001   5.97298849E-021  -4.33680869E-020   0.00000000E+000  -6.98776103E+003  -6.98732289E+003  -1.41635955E+004  -2.05227408E+002  -1.60019408E-001   2.88820549E-001   7.96770888E-003   1.19931776E+001   0.00000000E+000   8.53639822E+014   0.00000000E+000   1.00000000E-014   1.70000000E-013
        18     1.19999997E+001   7.18461042E+003  -7.46385746E-021   3.29226156E-021  -1.19999997E+001   7.20681109E-022   0.00000000E+000   8.67361738E-020  -6.98785724E+003  -6.98739215E+003  -1.41634300E+004  -2.05300465E+002  -1.69774599E-001   3.06764568E-001   8.46632787E-003   1.19927507E+001   0.00000000E+000   8.59031277E+014   0.00000000E+000   1.00000000E-014   1.80000000E-013
        19     1.19999997E+001   7.18436720E+003   4.48311212E-021  -9.03628645E-021  -1.19999997E+001  -5.97807565E-021   4.33680869E-020   0.00000000E+000  -6.98795407E+003  -6.98746187E+003  -1.41632634E+004  -2.05373999E+002  -1.79594362E-001   3.24826183E-001   8.96820738E-003   1.19923210E+001   0.00000000E+000   8.64423999E+014   0.00000000E+000   1.00000000E-014   1.90000000E-013
        20     1.19999997E+001   7.18412240E+003   1.20673244E-021   2.76299831E-020  -1.19999997E+001  -1.56695719E-020  -4.33680869E-020   1.30104261E-019  -6.98805154E+003  -6.98753205E+003  -1.41630958E+004  -2.05448011E+002  -1.89478808E-001   3.43005523E-001   9.47335033E-003   1.19918886E+001   0.00000000E+000   8.69817993E+014   0.00000000E+000   1.00000000E-014   2.00000000E-013
        21     1.19999997E+001   7.18387602E+003   5.86698529E-021   1.38741350E-020  -1.19999997E+001   6.84862120E-021  -8.67361738E-020  -1.30104261E-019  -6.98814964E+003  -6.98760267E+003  -1.41629271E+004  -2.05522502E+002  -1.99428031E-001   3.61302678E-001   9.98175893E-003   1.19914533E+001   0.00000000E+000   8.75213257E+014   0.00000000E+000   1.00000000E-014   2.10000000E-013
        22     1.19999997E+001   7.18362806E+003  -1.47504501E-020   3.75243040E-020  -1.19999997E+001  -9.88449813E-021   0.00000000E+000   1.30104261E-019  -6.98824836E+003  -6.98767376E+003  -1.41627573E+004  -2.05597471E+002  -2.09442105E-001   3.79717712E-001   1.04934345E-002   1.19910153E+001   0.00000000E+000   8.80609781E+014   0.00000000E+000   1.00000000E-014   2.20000000E-013
        23     1.19999997E+001   7.18337853E+003   5.74369402E-021   1.88088464E-020  -1.19999997E+001   1.96544731E-020   0.00000000E+000  -4.33680869E-020  -6.98834772E+003  -6.98774529E+003  -1.41625864E+004  -2.05672919E+002  -2.19521068E-001   3.98250646E-001   1.10083776E-002   1.19905744E+001   0.00000000E+000   8.86007553E+014   0.00000000E+000   1.00000000E-014   2.30000000E-013
        24     1.19999997E+001   7.18312741E+003   9.14030441E-021   1.09207693E-020  -1.19999997E+001  -8.76286190E-021   0.00000000E+000  -8.67361738E-020  -6.98844771E+003  -6.98781728E+003  -1.41624144E+004  -2.05748846E+002  -2.29664994E-001   4.16901545E-001   1.15265901E-002   1.19901308E+001   0.00000000E+000   8.91406571E+014   0.00000000E+000   1.00000000E-014   2.40000000E-013
        25     1.19999997E+001   7.18287471E+003  -4.06873600E-021   4.89840642E-020  -1.19999997E+001   1.55035981E-020   4.33680869E-020   0.00000000E+000  -6.98854832E+003  -6.98788973E+003  -1.41622413E+004  -2.05825253E+002  -2.39873948E-001   4.35670483E-001   1.20480738E-002   1.19896844E+001   0.00000000E+000   8.96806834E+014   0.00000000E+000   1.00000000E-014   2.50000000E-013
        26     1.19999997E+001   7.18262042E+003   6.39675311E-021   9.52680455E-021  -1.19999997E+001  -2.27181019E-020  -8.67361738E-020  -4.33680869E-020  -6.98864957E+003  -6.98796263E+003  -1.41620672E+004  -2.05902139E+002  -2.50147999E-001   4.54557538E-001   1.25728312E-002   1.19892352E+001   0.00000000E+000   9.02208346E+014   0.00000000E+000   1.00000000E-014   2.60000000E-013
        27     1.19999997E+001   7.18236455E+003  -1.22933928E-020  -3.68111916E-021  -1.19999997E+001   3.41786893E-021  -8.67361738E-020   4.33680869E-020  -6.98875145E+003  -6.98803599E+003  -1.41618919E+004  -2.05979504E+002  -2.60487204E-001   4.73562770E-001   1.31008645E-002   1.19887832E+001   0.00000000E+000   9.07611106E+014   0.00000000E+000   1.00000000E-014   2.70000000E-013
        28     1.19999997E+001   7.18210710E+003   1.40553703E-020   3.13029959E-020  -1.19999997E+001   1.14800261E-021   0.00000000E+000  -1.30104261E-019  -6.98885396E+003  -6.98810980E+003  -1.41617156E+004  -2.06057350E+002  -2.70891600E-001   4.92686208E-001   1.36321751E-002   1.19883284E+001   0.00000000E+000   9.13015111E+014   0.00000000E+000   1.00000000E-014   2.80000000E-013
        29     1.19999997E+001   7.18184806E+003   1.02373941E-020   3.76301831E-020  -1.19999997E+001  -7.01513266E-021  -4.33680869E-020   1.73472348E-019  -6.98895711E+003  -6.98818407E+003  -1.41615382E+004  -2.06135677E+002  -2.81361213E-001   5.11927860E-001   1.41667641E-002   1.19878708E+001   0.00000000E+000   9.18420352E+014   0.00000000E+000   1.00000000E-014   2.90000000E-013
        30     1.19999997E+001   7.18158744E+003  -4.13135357E-022   6.73392847E-020  -1.19999997E+001  -7.17211086E-021  -4.33680869E-020  -1.30104261E-019  -6.98906088E+003  -6.98825879E+003  -1.41613597E+004  -2.06214484E+002  -2.91896068E-001   5.31287720E-001   1.47046322E-002   1.19874104E+001   0.00000000E+000   9.23826815E+014   0.00000000E+000   1.00000000E-014   3.00000000E-013
        31     1.19999997E+001   7.18132523E+003  -1.37837241E-020   6.53555402E-021  -1.19999997E+001  -1.48625124E-020   4.33680869E-020   0.00000000E+000  -6.98916529E+003  -6.98833397E+003  -1.41611801E+004  -2.06293771E+002  -3.02496194E-001   5.50765813E-001   1.52457811E-002   1.19869471E+001   0.00000000E+000   9.29234496E+014   0.00000000E+000   1.00000000E-014   3.10000000E-013
        32     1.19999997E+001   7.18106143E+003   2.10488515E-020  -2.76197261E-020  -1.19999997E+001  -8.88365095E-021  -8.67361738E-020   4.33680869E-020  -6.98927033E+003  -6.98840961E+003  -1.41609994E+004  -2.06373539E+002  -3.13161613E-001   5.70362167E-001   1.57902129E-002   1.19864811E+001   0.00000000E+000   9.34643395E+014   0.00000000E+000   1.00000000E-014   3.20000000E-013
        33     1.19999997E+001   7.18079605E+003  -2.00109466E-020  -4.06973689E-020  -1.19999997E+001   1.25911365E-020   1.30104261E-019  -8.67361738E-020  -6.98937601E+003  -6.98848570E+003  -1.41608177E+004  -2.06453789E+002  -3.23892363E-001   5.90076833E-001   1.63379305E-002   1.19860123E+001   0.00000000E+000   9.40053518E+014   0.00000000E+000   1.00000000E-014   3.30000000E-013
        34     1.19999997E+001   7.18052907E+003  -1.29474445E-020  -6.18108231E-020  -1.19999997E+001   6.59052017E-021  -4.33680869E-020   4.33680869E-020  -6.98948232E+003  -6.98856225E+003  -1.41606348E+004  -2.06534521E+002  -3.34688467E-001   6.09909861E-001   1.68889370E-002   1.19855407E+001   0.00000000E+000   9.45464877E+014   0.00000000E+000   1.00000000E-014   3.40000000E-013
        35     1.19999997E+001   7.18026051E+003  -1.44092795E-020  -3.24158020E-020  -1.19999997E+001  -4.73521610E-021  -4.33680869E-020  -4.33680869E-020  -6.98958926E+003  -6.98863926E+003  -1.41604509E+004  -2.06615735E+002  -3.45549931E-001   6.29861262E-001   1.74432348E-002   1.19850663E+001   0.00000000E+000   9.50877477E+014   0.00000000E+000   1.00000000E-014   3.50000000E-013
        36     1.19999997E+001   7.17999035E+003   2.89959892E-021  -5.52490475E-021  -1.19999997E+001   2.16014288E-020  -4.33680869E-020  -1.73472348E-019  -6.98969684E+003  -6.98871673E+003  -1.41602658E+004  -2.06697431E+002  -3.56476777E-001   6.49931056E-001   1.80008264E-002   1.19845890E+001   0.00000000E+000   9.56291321E+014   0.00000000E+000   1.00000000E-014   3.60000000E-013
        37     1.19999997E+001   7.17971859E+003   1.26524306E-020  -2.90084796E-020  -1.19999997E+001   5.98072262E-021   8.67361738E-020   4.33680869E-020  -6.98980505E+003  -6.98879465E+003  -1.41600797E+004  -2.06779611E+002  -3.67469041E-001   6.70119273E-001   1.85617150E-002   1.19841089E+001   0.00000000E+000   9.61706424E+014   0.00000000E+000   1.00000000E-014   3.70000000E-013
        38     1.19999997E+001   7.17944525E+003   2.23305678E-021  -3.44635703E-020  -1.19999997E+001  -1.69647299E-020  -8.67361738E-020   8.67361738E-020  -6.98991390E+003  -6.98887303E+003  -1.41598924E+004  -2.06862274E+002  -3.78526732E-001   6.90425956E-001   1.91259049E-002   1.19836261E+001   0.00000000E+000   9.67122808E+014   0.00000000E+000   1.00000000E-014   3.80000000E-013
        39     1.19999997E+001   7.17917030E+003  -2.78529910E-020  -2.16157183E-020  -1.19999997E+001   7.73000282E-021   8.67361738E-020   0.00000000E+000  -6.99002339E+003  -6.98895188E+003  -1.41597041E+004  -2.06945422E+002  -3.89650108E-001   7.10851415E-001   1.96934044E-002   1.19831403E+001   0.00000000E+000   9.72540516E+014   0.00000000E+000   1.00000000E-014   3.90000000E-013
        40     1.19999997E+001   7.17889374E+003   6.70148645E-021  -4.37739017E-020  -1.19999997E+001   3.48578046E-021  -4.33680869E-020   8.67361738E-020  -6.99013353E+003  -6.98903119E+003  -1.41595147E+004  -2.07029059E+002  -4.00840129E-001   7.31396727E-001   2.02642403E-002   1.19826518E+001   0.00000000E+000   9.77959718E+014   0.00000000E+000   1.00000000E-014   4.00000000E-013
        41     1.19999997E+001   7.17861555E+003   5.45810991E-021  -4.95406741E-020  -1.19999997E+001  -5.94285843E-021   1.73472348E-019  -8.67361738E-020  -6.99024431E+003  -6.98911096E+003  -1.41593241E+004  -2.07113189E+002  -4.12097597E-001   7.52062783E-001   2.08384407E-002   1.19821604E+001   0.00000000E+000   9.83380614E+014   0.00000000E+000   1.00000000E-014   4.10000000E-013
        42     1.19999997E+001   7.17833573E+003   7.54558291E-021   1.71648249E-020  -1.19999997E+001  -3.53630672E-020   1.30104261E-019   8.67361738E-020  -6.99035574E+003  -6.98919121E+003  -1.41591324E+004  -2.07197815E+002  -4.23423021E-001   7.72850163E-001   2.14160247E-002   1.19816660E+001   0.00000000E+000   9.88803347E+014   0.00000000E+000   1.00000000E-014   4.20000000E-013
        43     1.19999997E+001   7.17805427E+003  -1.25537893E-020  -6.48153085E-020  -1.19999997E+001   2.30100967E-021  -8.67361738E-020   4.33680869E-020  -6.99046783E+003  -6.98927192E+003  -1.41589396E+004  -2.07282938E+002  -4.34816733E-001   7.93759192E-001   2.19970022E-002   1.19811688E+001   0.00000000E+000   9.94227984E+014   0.00000000E+000   1.00000000E-014   4.30000000E-013
        44     1.19999997E+001   7.17777117E+003   1.26149179E-021   5.55814914E-020  -1.19999997E+001   2.82795267E-020  -4.33680869E-020   8.67361738E-020  -6.99058057E+003  -6.98935311E+003  -1.41587457E+004  -2.07368558E+002  -4.46278786E-001   8.14789915E-001   2.25813725E-002   1.19806687E+001   0.00000000E+000   9.99654494E+014   0.00000000E+000   1.00000000E-014   4.40000000E-013
        45     1.19999997E+001   7.17748643E+003  -1.64027020E-020   5.99921011E-020  -1.19999997E+001   2.53097002E-020  -8.67361738E-020  -1.73472348E-019  -6.99069397E+003  -6.98943477E+003  -1.41585506E+004  -2.07454674E+002  -4.57809212E-001   8.35942252E-001   2.31691296E-002   1.19801657E+001   0.00000000E+000   1.00508279E+015   0.00000000E+000   1.00000000E-014   4.50000000E-013
        46     1.19999997E+001   7.17716153E+003  -8.70570372E-021  -1.94710044E-020  -1.19999997E+001  -1.03395922E-020   0.00000000E+000  -8.67361738E-020  -6.99082548E+003  -6.98952584E+003  -1.41583281E+004  -2.07552937E+002  -4.69417027E-001   8.57210531E-001   2.38389364E-002   1.19795918E+001   0.00000000E+000   1.01218416E+015   0.00000000E+000   1.00000000E-014   4.60000000E-013
        47     1.19999997E+001   7.17678372E+003  -9.01188462E-021   3.83381670E-020  -1.19999997E+001   7.50633319E-021  -4.33680869E-020   2.16840434E-019  -6.99097181E+003  -6.98963833E+003  -1.41580692E+004  -2.07667206E+002  -4.89549293E-001   8.87008709E-001   2.46195814E-002   1.19789243E+001   0.00000000E+000   1.02162121E+015   2.39690318E+011   1.00000000E-014   4.70000000E-013
        48     1.19999997E+001   7.17647327E+003   2.20563574E-021  -3.61155327E-020  -1.19999997E+001   5.14779311E-021   0.00000000E+000  -1.73472348E-019  -6.99110034E+003  -6.98972247E+003  -1.41578566E+004  -2.07761104E+002  -5.00499511E-001   9.07477740E-001   2.52602640E-002   1.19783759E+001   0.00000000E+000   1.02800570E+015   6.39931997E+011   1.00000000E-014   4.80000000E-013
        49     1.19999997E+001   7.17620330E+003   4.69966801E-021  -2.42620345E-020  -1.19999997E+001  -3.01784439E-021   4.33680869E-020   4.33680869E-020  -6.99120739E+003  -6.98980038E+003  -1.41576716E+004  -2.07842757E+002  -5.11602889E-001   9.28160060E-001   2.58177089E-002   1.19778990E+001   0.00000000E+000   1.03273395E+015   9.30100402E+011   1.00000000E-014   4.90000000E-013
        50     1.19999997E+001   7.17593172E+003   1.78429062E-020   2.18580823E-020  -1.19999997E+001  -1.39738516E-020  -8.67361738E-020   1.73472348E-019  -6.99131513E+003  -6.98987870E+003  -1.41574855E+004  -2.07924903E+002  -5.22552532E-001   9.48918024E-001   2.63784616E-002   1.19774193E+001   0.00000000E+000   1.03737239E+015   1.10469054E+012   1.00000000E-014   5.00000000E-013
        51     1.19999997E+001   7.17565895E+003   4.01951875E-021  -1.09285448E-020  -1.19999997E+001  -7.17285532E-021   8.67361738E-020  -1.30104261E-019  -6.99142334E+003  -6.98995736E+003  -1.41572987E+004  -2.08007406E+002  -5.33546994E-001   9.69770518E-001   2.69416595E-002   1.19769374E+001   0.00000000E+000   1.04211456E+015   1.29652858E+012   1.00000000E-014   5.10000000E-013
        52     1.19999997E+001   7.17538500E+003  -9.27600339E-021  -6.01084027E-020  -1.19999997E+001  -1.35196054E-020   1.73472348E-019   4.33680869E-020  -6.99153202E+003  -6.99003636E+003  -1.41571110E+004  -2.08090268E+002  -5.44586499E-001   9.90723605E-001   2.75073050E-002   1.19764535E+001   0.00000000E+000   1.04695897E+015   1.50576727E+012   1.00000000E-014   5.20000000E-013
        53     1.19999997E+001   7.17510988E+003  -1.31623461E-020   5.26490534E-020  -1.19999997E+001  -1.33580984E-020  -8.67361738E-020  -4.33680869E-020  -6.99164116E+003  -6.99011572E+003  -1.41569225E+004  -2.08173485E+002  -5.55662750E-001   1.01177830E+000   2.80753787E-002   1.19759675E+001   0.00000000E+000   1.05190461E+015   1.73198172E+012   1.00000000E-014   5.30000000E-013
        54     1.19999997E+001   7.17483362E+003   2.05613112E-020   5.93728737E-020  -1.19999997E+001   1.40889538E-020  -3.03576608E-019   4.33680869E-020  -6.99175074E+003  -6.99019541E+003  -1.41567332E+004  -2.08257049E+002  -5.66781259E-001   1.03293441E+000   2.86458204E-002   1.19754794E+001   0.00000000E+000   1.05694856E+015   1.97420712E+012   1.00000000E-014   5.40000000E-013
        55     1.19999997E+001   7.17455627E+003   5.29263243E-021   2.38059272E-020  -1.19999997E+001   2.27006071E-020   1.30104261E-019   0.00000000E+000  -6.99186074E+003  -6.99027543E+003  -1.41565432E+004  -2.08340942E+002  -5.77959114E-001   1.05418914E+000   2.92185196E-002   1.19749895E+001   0.00000000E+000   1.06208822E+015   2.23195915E+012   1.00000000E-014   5.50000000E-013
        56     1.19999997E+001   7.17427789E+003   1.23284653E-020  -1.10294609E-020  -1.19999997E+001   7.64604399E-021   1.73472348E-019   4.33680869E-020  -6.99197112E+003  -6.99035578E+003  -1.41563525E+004  -2.08425149E+002  -5.89159097E-001   1.07553553E+000   2.97933463E-002   1.19744977E+001   0.00000000E+000   1.06732119E+015   2.50434626E+012   1.00000000E-014   5.60000000E-013
        57     1.19999997E+001   7.17399865E+003   1.20921398E-020  -2.68196770E-020  -1.19999997E+001  -4.08966367E-021  -4.33680869E-020  -1.30104261E-019  -6.99208182E+003  -6.99043641E+003  -1.41561611E+004  -2.08509618E+002  -6.00367259E-001   1.09696478E+000   3.03699630E-002   1.19740045E+001   0.00000000E+000   1.07265454E+015   2.79965063E+012   1.00000000E-014   5.70000000E-013
        58     1.19999997E+001   7.17371857E+003   3.60522534E-021   4.08958095E-022  -1.19999997E+001   1.16343367E-020  -2.60208521E-019  -4.33680869E-020  -6.99219284E+003  -6.99051729E+003  -1.41559692E+004  -2.08594341E+002  -6.11597252E-001   1.11847831E+000   3.09483167E-002   1.19735097E+001   0.00000000E+000   1.07808462E+015   3.11740259E+012   1.00000000E-014   5.80000000E-013
        59     1.19999997E+001   7.17343784E+003   9.53400102E-021   3.17306483E-022  -1.19999997E+001   3.09034263E-020  -4.33680869E-020  -8.67361738E-020  -6.99230408E+003  -6.99059839E+003  -1.41557769E+004  -2.08679263E+002  -6.22800829E-001   1.14005734E+000   3.15280088E-002   1.19730138E+001   0.00000000E+000   1.08360544E+015   3.45699260E+012   1.00000000E-014   5.90000000E-013
        60     1.19999997E+001   7.17315643E+003  -5.13770150E-021  -1.59089993E-020  -1.19999997E+001   1.26633080E-021   0.00000000E+000   0.00000000E+000  -6.99241562E+003  -6.99067967E+003  -1.41555841E+004  -2.08764391E+002  -6.33997539E-001   1.16168752E+000   3.21091110E-002   1.19725167E+001   0.00000000E+000   1.08921107E+015   3.81640751E+012   1.00000000E-014   6.00000000E-013
        61     1.19999997E+001   7.17287429E+003   5.49719420E-021  -1.70263549E-020  -1.19999997E+001  -1.84396343E-020   1.30104261E-019  -2.60208521E-019  -6.99252751E+003  -6.99076111E+003  -1.41553908E+004  -2.08849742E+002  -6.45188009E-001   1.18337479E+000   3.26917401E-002   1.19720182E+001   0.00000000E+000   1.09489794E+015   4.19422198E+012   1.00000000E-014   6.10000000E-013
        62     1.19999997E+001   7.17259128E+003   1.29878937E-020  -3.51083576E-020  -1.19999997E+001   1.11642086E-020   8.67361738E-020   2.60208521E-019  -6.99263979E+003  -6.99084275E+003  -1.41551968E+004  -2.08935358E+002  -6.56370093E-001   1.20512322E+000   3.32761690E-002   1.19715183E+001   0.00000000E+000   1.10066372E+015   4.58879603E+012   1.00000000E-014   6.20000000E-013
        63     1.19999997E+001   7.17230737E+003  -1.09657679E-020   4.00203215E-020  -1.19999997E+001  -3.13794688E-020   4.33680869E-020  -4.33680869E-020  -6.99275250E+003  -6.99092458E+003  -1.41550023E+004  -2.09021245E+002  -6.67592236E-001   1.22690036E+000   3.38624580E-002   1.19710168E+001   0.00000000E+000   1.10650614E+015   4.99762614E+012   1.00000000E-014   6.30000000E-013
        64     1.19999997E+001   7.17202236E+003  -1.93275713E-020   5.84614861E-020  -1.19999997E+001   3.75300116E-021  -1.30104261E-019   1.73472348E-019  -6.99286569E+003  -6.99100668E+003  -1.41548070E+004  -2.09107466E+002  -6.78857578E-001   1.24876567E+000   3.44510333E-002   1.19705133E+001   0.00000000E+000   1.11242244E+015   5.41849972E+012   1.00000000E-014   6.40000000E-013
        65     1.19999997E+001   7.17173618E+003  -5.98771230E-021   5.49681369E-020  -1.19999997E+001  -1.73824561E-020  -1.73472348E-019   4.33680869E-020  -6.99297937E+003  -6.99108910E+003  -1.41546109E+004  -2.09194044E+002  -6.90142632E-001   1.27071219E+000   3.50420466E-002   1.19700078E+001   0.00000000E+000   1.11841857E+015   5.85473063E+012   1.00000000E-014   6.50000000E-013
        66     1.19999997E+001   7.17144870E+003   1.38087877E-020  -2.64979037E-020  -1.19999997E+001   3.09741916E-020   4.33680869E-020  -1.73472348E-019  -6.99309357E+003  -6.99117189E+003  -1.41544139E+004  -2.09281015E+002  -7.01417353E-001   1.29273238E+000   3.56357197E-002   1.19694999E+001   0.00000000E+000   1.12449846E+015   6.30941212E+012   1.00000000E-014   6.60000000E-013
        67     1.19999997E+001   7.17115980E+003  -2.51562168E-020   6.04483739E-020  -1.19999997E+001   9.69848589E-021   4.33680869E-020   2.60208521E-019  -6.99320835E+003  -6.99125509E+003  -1.41542159E+004  -2.09368420E+002  -7.12797958E-001   1.31487784E+000   3.62323664E-002   1.19689896E+001   0.00000000E+000   1.13065981E+015   6.78005781E+012   1.00000000E-014   6.70000000E-013
        68     1.19999997E+001   7.17086945E+003  -4.15765791E-021   8.38397182E-021  -1.19999997E+001   1.23248257E-020   1.73472348E-019  -4.33680869E-020  -6.99332371E+003  -6.99133869E+003  -1.41540170E+004  -2.09456261E+002  -7.24197560E-001   1.33712381E+000   3.68319921E-002   1.19684767E+001   0.00000000E+000   1.13689839E+015   7.26645211E+012   1.00000000E-014   6.80000000E-013
        69     1.19999997E+001   7.17057760E+003  -1.86198356E-020  -1.00059241E-019  -1.19999997E+001   1.68898287E-020  -1.30104261E-019  -4.33680869E-020  -6.99343972E+003  -6.99142268E+003  -1.41538170E+004  -2.09544559E+002  -7.35638178E-001   1.35947773E+000   3.74347342E-002   1.19679611E+001   0.00000000E+000   1.14321131E+015   7.76720432E+012   1.00000000E-014   6.90000000E-013
        70     1.19999997E+001   7.17028409E+003  -1.43930254E-020  -2.94036238E-020  -1.19999997E+001   1.05077167E-020  -2.16840434E-019  -4.33680869E-020  -6.99355635E+003  -6.99150719E+003  -1.41536158E+004  -2.09633360E+002  -7.47118190E-001   1.38199666E+000   3.80409058E-002   1.19674427E+001   0.00000000E+000   1.14959701E+015   8.28140791E+012   1.00000000E-014   7.00000000E-013
        71     1.19999997E+001   7.16998813E+003   5.38378773E-021   2.67151214E-020  -1.19999997E+001  -5.89142848E-021  -4.33680869E-020   4.33680869E-020  -6.99367414E+003  -6.99159222E+003  -1.41534130E+004  -2.09722904E+002  -7.58678131E-001   1.40462525E+000   3.86521587E-002   1.19669199E+001   0.00000000E+000   1.15583649E+015   8.80573703E+012   1.00000000E-014   7.10000000E-013
        72     1.19999997E+001   7.16968234E+003   2.06531283E-020   7.39350575E-020  -1.19999997E+001  -7.17843879E-021  -4.33680869E-020   2.16840434E-019  -6.99379542E+003  -6.99168051E+003  -1.41532034E+004  -2.09815425E+002  -7.71039349E-001   1.42817025E+000   3.92837922E-002   1.19663797E+001   0.00000000E+000   1.16065958E+015   8.08294781E+012   1.00000000E-014   7.20000000E-013
        73     1.19999997E+001   7.16937280E+003   2.05493998E-020  -8.06787302E-020  -1.19999997E+001   6.18453993E-021  -8.67361738E-020   2.60208521E-019  -6.99392050E+003  -6.99176755E+003  -1.41529913E+004  -2.09909081E+002  -7.82746802E-001   1.45095711E+000   3.99231310E-002   1.19658329E+001   0.00000000E+000   1.16560347E+015   7.03272512E+012   1.00000000E-014   7.30000000E-013
        74     1.19999997E+001   7.16906896E+003  -8.87465536E-021  -5.68951369E-020  -1.19999997E+001  -4.57935459E-021   0.00000000E+000  -4.33680869E-020  -6.99404203E+003  -6.99185425E+003  -1.41527831E+004  -2.10001012E+002  -7.94729622E-001   1.47370720E+000   4.05506645E-002   1.19652961E+001   0.00000000E+000   1.17168587E+015   7.41530533E+012   1.00000000E-014   7.40000000E-013
        75     1.19999997E+001   7.16875916E+003   2.30857837E-021   7.05806747E-020  -1.19999997E+001   1.26789417E-020  -4.33680869E-020   1.30104261E-019  -6.99416666E+003  -6.99194194E+003  -1.41525708E+004  -2.10094750E+002  -8.06627474E-001   1.49670782E+000   4.11905533E-002   1.19647489E+001   0.00000000E+000   1.17714158E+015   7.48580350E+012   1.00000000E-014   7.50000000E-013
        76     1.19999997E+001   7.16844783E+003  -1.77067109E-020   3.49028859E-020  -1.19999997E+001  -1.07023936E-020   4.33680869E-020   0.00000000E+000  -6.99429069E+003  -6.99203128E+003  -1.41523574E+004  -2.10188950E+002  -8.18399197E-001   1.51994689E+000   4.18333362E-002   1.19641989E+001   0.00000000E+000   1.18352973E+015   6.36732689E+012   1.00000000E-014   7.60000000E-013
        77     1.19999997E+001   7.16813621E+003   1.05838587E-020   1.15403276E-020  -1.19999997E+001   2.57390896E-020   4.33680869E-020   0.00000000E+000  -6.99441534E+003  -6.99212020E+003  -1.41521438E+004  -2.10283242E+002  -8.29397951E-001   1.54255547E+000   4.24764640E-002   1.19636485E+001   0.00000000E+000   1.18979871E+015   5.29989500E+012   1.00000000E-014   7.70000000E-013
        78     1.19999997E+001   7.16782343E+003   1.33114040E-020  -1.01224077E-019  -1.19999997E+001   6.77324437E-021   1.30104261E-019   4.33680869E-020  -6.99454051E+003  -6.99220940E+003  -1.41519295E+004  -2.10377886E+002  -8.41022214E-001   1.56649938E+000   4.31225595E-002   1.19630959E+001   0.00000000E+000   1.19646944E+015   4.22225901E+012   1.00000000E-014   7.80000000E-013
        79     1.19999997E+001   7.16750999E+003   2.32731401E-020  -1.21354179E-019  -1.19999997E+001   4.19352446E-020  -1.30104261E-019   3.03576608E-019  -6.99466590E+003  -6.99229884E+003  -1.41517146E+004  -2.10472730E+002  -8.52991662E-001   1.58997615E+000   4.37699024E-002   1.19625422E+001   0.00000000E+000   1.20372415E+015   3.32414765E+012   1.00000000E-014   7.90000000E-013
        80     1.19999997E+001   7.16719533E+003   2.63593510E-020   7.13954476E-020  -1.19999997E+001  -1.69313945E-020   2.60208521E-019  -4.33680869E-020  -6.99479163E+003  -6.99238877E+003  -1.41514990E+004  -2.10567943E+002  -8.65200578E-001   1.61359274E+000   4.44197886E-002   1.19619864E+001   0.00000000E+000   1.21026033E+015   3.51905396E+012   1.00000000E-014   8.00000000E-013
        81     1.19999997E+001   7.16687776E+003  -6.88652675E-021  -1.46817941E-020  -1.19999997E+001  -1.37364508E-020  -8.67361738E-020   0.00000000E+000  -6.99491842E+003  -6.99247964E+003  -1.41512813E+004  -2.10664041E+002  -8.77215737E-001   1.63708524E+000   4.50755049E-002   1.19614254E+001   0.00000000E+000   1.21657034E+015   3.08812755E+012   1.00000000E-014   8.10000000E-013
        82     1.19999997E+001   7.16655934E+003  -2.26464681E-020  -4.44444143E-021  -1.19999997E+001   9.41149557E-021  -1.73472348E-019   1.73472348E-019  -6.99504563E+003  -6.99257069E+003  -1.41510631E+004  -2.10760399E+002  -8.89779120E-001   1.66086649E+000   4.57332018E-002   1.19608629E+001   0.00000000E+000   1.22370223E+015   2.60440652E+012   1.00000000E-014   8.20000000E-013
        83     1.19999997E+001   7.16623860E+003  -1.58007213E-020   4.90580969E-020  -1.19999997E+001  -2.71807413E-020  -8.67361738E-020  -1.73472348E-019  -6.99517378E+003  -6.99266238E+003  -1.41508432E+004  -2.10857458E+002  -9.02244017E-001   1.68495190E+000   4.63956932E-002   1.19602964E+001   0.00000000E+000   1.23039372E+015   2.69053306E+012   1.00000000E-014   8.30000000E-013
        84     1.19999997E+001   7.16591440E+003  -2.32561829E-020   6.56468732E-020  -1.19999997E+001  -5.12359807E-020  -1.73472348E-019  -8.67361738E-020  -6.99530352E+003  -6.99275486E+003  -1.41506210E+004  -2.10955567E+002  -9.15396721E-001   1.70918053E+000   4.70654705E-002   1.19597237E+001   0.00000000E+000   1.23655352E+015   2.83306365E+012   1.00000000E-014   8.40000000E-013
        85     1.19999997E+001   7.16558944E+003   1.56070784E-020  -4.97656672E-020  -1.19999997E+001  -1.77876919E-020   8.67361738E-020   0.00000000E+000  -6.99543329E+003  -6.99284784E+003  -1.41503982E+004  -2.11053907E+002  -9.28252591E-001   1.73356426E+000   4.77367308E-002   1.19591496E+001   0.00000000E+000   1.24330695E+015   2.68181442E+012   1.00000000E-014   8.50000000E-013
        86     1.19999997E+001   7.16525843E+003  -8.35832922E-021  -5.55787617E-020  -1.19999997E+001  -7.50376893E-021   8.67361738E-020   8.67361738E-020  -6.99556599E+003  -6.99294202E+003  -1.41501714E+004  -2.11154077E+002  -9.41869426E-001   1.75797232E+000   4.84205564E-002   1.19585649E+001   0.00000000E+000   1.24939877E+015   2.56391554E+012   1.00000000E-014   8.60000000E-013
        87     1.19999997E+001   7.16492721E+003  -1.73898180E-021  -1.68819291E-020  -1.19999997E+001   1.00909831E-020  -1.73472348E-019   0.00000000E+000  -6.99569822E+003  -6.99303683E+003  -1.41499443E+004  -2.11254314E+002  -9.54883365E-001   1.78262011E+000   4.91046653E-002   1.19579799E+001   0.00000000E+000   1.25519750E+015   2.61290744E+012   1.00000000E-014   8.70000000E-013
        88     1.19999997E+001   7.16459214E+003  -1.25350123E-020  -2.19621416E-020  -1.19999997E+001  -6.65499890E-021   0.00000000E+000  -1.73472348E-019  -6.99583220E+003  -6.99313254E+003  -1.41497146E+004  -2.11355720E+002  -9.68524276E-001   1.80706865E+000   4.97967239E-002   1.19573880E+001   0.00000000E+000   1.26240684E+015   2.32236285E+012   1.00000000E-014   8.80000000E-013
        89     1.19999997E+001   7.16425031E+003   1.91283862E-020   5.65447432E-020  -1.19999997E+001   4.97999952E-021  -8.67361738E-020   0.00000000E+000  -6.99596994E+003  -6.99322912E+003  -1.41494803E+004  -2.11459174E+002  -9.82605253E-001   1.83247477E+000   5.05031861E-002   1.19567841E+001   0.00000000E+000   1.26621671E+015   2.43864109E+012   1.00000000E-014   8.90000000E-013
        90     1.19999997E+001   7.16390786E+003  -1.81648863E-021  -4.49251717E-020  -1.19999997E+001  -4.80945969E-020  -3.46944695E-019   4.33680869E-019  -6.99610790E+003  -6.99332592E+003  -1.41492456E+004  -2.11562816E+002  -9.96051811E-001   1.85773022E+000   5.12107168E-002   1.19561792E+001   0.00000000E+000   1.27210892E+015   2.54042992E+012   1.00000000E-014   9.00000000E-013
        91     1.19999997E+001   7.16356104E+003   1.21325889E-020   3.69751388E-020  -1.19999997E+001   1.94395302E-020   8.67361738E-020   0.00000000E+000  -6.99624523E+003  -6.99342634E+003  -1.41490078E+004  -2.11667779E+002  -1.01026216E+000   1.88405469E+000   5.19271437E-002   1.19555666E+001   0.00000000E+000   1.27765444E+015   2.64361698E+012   1.00000000E-014   9.10000000E-013
        92     1.19999997E+001   7.16321912E+003   2.22671231E-020  -4.20455905E-020  -1.19999997E+001   2.07528035E-020   1.73472348E-019   8.67361738E-020  -6.99638183E+003  -6.99352413E+003  -1.41487734E+004  -2.11771266E+002  -1.02384391E+000   1.90954404E+000   5.26334942E-002   1.19549626E+001   0.00000000E+000   1.28409709E+015   2.52670185E+012   1.00000000E-014   9.20000000E-013
        93     1.19999997E+001   7.16287492E+003   5.39942145E-021   1.25475027E-020  -1.19999997E+001   2.69073581E-021   8.67361738E-020  -8.67361738E-020  -6.99651932E+003  -6.99362260E+003  -1.41485374E+004  -2.11875441E+002  -1.03737140E+000   1.93526037E+000   5.33445274E-002   1.19543546E+001   0.00000000E+000   1.29066985E+015   2.55783611E+012   1.00000000E-014   9.30000000E-013
        94     1.19999997E+001   7.16252695E+003  -1.36997653E-020  -1.06526966E-019  -1.19999997E+001   1.92480379E-020   0.00000000E+000  -8.67361738E-020  -6.99665763E+003  -6.99372284E+003  -1.41482989E+004  -2.11980761E+002  -1.05091242E+000   1.96111883E+000   5.40631538E-002   1.19537399E+001   0.00000000E+000   1.29709796E+015   2.59380976E+012   1.00000000E-014   9.40000000E-013
        95     1.19999997E+001   7.16217523E+003  -9.39462109E-021   1.04964091E-019  -1.19999997E+001   2.57729627E-020  -1.73472348E-019   0.00000000E+000  -6.99679711E+003  -6.99382450E+003  -1.41480578E+004  -2.12087218E+002  -1.06451063E+000   1.98755494E+000   5.47895473E-002   1.19531186E+001   0.00000000E+000   1.30278533E+015   2.37224985E+012   1.00000000E-014   9.50000000E-013
        96     1.19999997E+001   7.16182186E+003   1.23610562E-020  -1.45534157E-021  -1.19999997E+001  -7.29052176E-021   0.00000000E+000   0.00000000E+000  -6.99693861E+003  -6.99392526E+003  -1.41478155E+004  -2.12194175E+002  -1.07724496E+000   2.01367245E+000   5.55193054E-002   1.19524944E+001   0.00000000E+000   1.30592905E+015   2.07246444E+012   1.00000000E-014   9.60000000E-013
        97     1.19999997E+001   7.16146845E+003  -9.15440784E-021  -5.62302491E-020  -1.19999997E+001  -3.71371008E-020  -8.67361738E-020   0.00000000E+000  -6.99707964E+003  -6.99402652E+003  -1.41475732E+004  -2.12301147E+002  -1.09086642E+000   2.04007207E+000   5.62493391E-002   1.19518701E+001   0.00000000E+000   1.31128650E+015   1.93477925E+012   1.00000000E-014   9.70000000E-013
        98     1.19999997E+001   7.16110852E+003  -1.67173202E-020  -6.59428384E-021  -1.19999997E+001  -4.69185115E-021   1.73472348E-019   0.00000000E+000  -6.99722316E+003  -6.99412977E+003  -1.41473264E+004  -2.12410094E+002  -1.10420137E+000   2.06645613E+000   5.69925363E-002   1.19512343E+001   0.00000000E+000   1.31528426E+015   1.63393347E+012   1.00000000E-014   9.80000000E-013
        99     1.19999997E+001   7.16074379E+003   1.12374141E-020  -8.05773178E-021  -1.19999997E+001   1.29842541E-020   1.73472348E-019  -1.73472348E-019  -6.99736649E+003  -6.99423650E+003  -1.41470764E+004  -2.12520496E+002  -1.11818060E+000   2.09325196E+000   5.77453312E-002   1.19505901E+001   0.00000000E+000   1.32058007E+015   1.61166288E+012   1.00000000E-014   9.90000000E-013
       100     1.19999997E+001   7.16026884E+003  -5.32514063E-021  -8.19881571E-020  -1.19999997E+001   5.25077709E-021   0.00000000E+000   8.67361738E-020  -6.99755652E+003  -6.99437210E+003  -1.41467507E+004  -2.12664264E+002  -1.14265895E+000   2.13160109E+000   5.87288751E-002   1.19497511E+001   0.00000000E+000   1.33039127E+015   1.44909468E+012   1.00000000E-014   1.00000000E-012
       101     1.19999997E+001   7.15985086E+003  -1.65224364E-020  -8.60352209E-020  -1.19999997E+001   2.49918560E-020   0.00000000E+000   1.73472348E-019  -6.99772473E+003  -6.99449049E+003  -1.41464642E+004  -2.12790792E+002  -1.15336168E+000   2.15945219E+000   5.95903559E-002   1.19490128E+001   0.00000000E+000   1.33671457E+015   1.57488307E+012   1.00000000E-014   1.01000000E-012
       102     1.19999997E+001   7.15950429E+003   5.17384930E-021  -3.12257373E-020  -1.19999997E+001   2.41516887E-020   0.00000000E+000   0.00000000E+000  -6.99786247E+003  -6.99459036E+003  -1.41462265E+004  -2.12895701E+002  -1.16651552E+000   2.18546639E+000   6.03061907E-002   1.19484006E+001   0.00000000E+000   1.34064446E+015   1.76445947E+012   1.00000000E-014   1.02000000E-012
       103     1.19999997E+001   7.15915976E+003   1.96091436E-021  -8.91560080E-020  -1.19999997E+001  -1.54557870E-020   8.67361738E-020   1.73472348E-019  -6.99799982E+003  -6.99468925E+003  -1.41459903E+004  -2.12999998E+002  -1.18004130E+000   2.21095448E+000   6.10179030E-002   1.19477920E+001   0.00000000E+000   1.34467704E+015   1.84808418E+012   1.00000000E-014   1.03000000E-012
       104     1.19999997E+001   7.15881460E+003   1.99931208E-020   3.16553749E-020  -1.19999997E+001  -3.73949743E-020   8.67361738E-020   8.67361738E-020  -6.99813737E+003  -6.99478838E+003  -1.41457536E+004  -2.13104487E+002  -1.19359518E+000   2.23669819E+000   6.17309805E-002   1.19471823E+001   0.00000000E+000   1.34788067E+015   1.77079958E+012   1.00000000E-014   1.04000000E-012
       105     1.19999997E+001   7.15841064E+003  -1.96516607E-020  -2.57584043E-020  -1.19999997E+001  -1.52408028E-020  -8.67361738E-020  -3.46944695E-019  -6.99829617E+003  -6.99490656E+003  -1.41454766E+004  -2.13226781E+002  -1.21101953E+000   2.26962750E+000   6.25663890E-002   1.19464687E+001   0.00000000E+000   1.33672121E+015   1.71981464E+012   1.00000000E-014   1.05000000E-012
       106     1.19999997E+001   7.15796619E+003   6.34058755E-021   1.71932799E-020  -1.19999997E+001   4.32292860E-021   0.00000000E+000   8.67361738E-020  -6.99847689E+003  -6.99503060E+003  -1.41451719E+004  -2.13361333E+002  -1.22858396E+000   2.29868199E+000   6.34840140E-002   1.19456836E+001   0.00000000E+000   1.30852022E+015   1.90185933E+012   1.00000000E-014   1.06000000E-012
       107     1.19999997E+001   7.15761414E+003  -1.51672664E-020   9.95817924E-020  -1.19999997E+001  -2.23438854E-020  -1.73472348E-019  -8.67361738E-020  -6.99861652E+003  -6.99513237E+003  -1.41449305E+004  -2.13467911E+002  -1.24016958E+000   2.32524995E+000   6.42108468E-002   1.19450618E+001   0.00000000E+000   1.30907530E+015   2.08604535E+012   1.00000000E-014   1.07000000E-012
       108     1.19999997E+001   7.15725426E+003  -1.52616477E-020   1.02747413E-020  -1.19999997E+001  -8.40804277E-021   0.00000000E+000  -1.73472348E-019  -6.99875844E+003  -6.99523724E+003  -1.41446837E+004  -2.13576865E+002  -1.25229736E+000   2.35210501E+000   6.49536561E-002   1.19444261E+001   0.00000000E+000   1.30969136E+015   2.21030312E+012   1.00000000E-014   1.08000000E-012
       109     1.19999997E+001   7.15690758E+003  -1.03249511E-020   2.67318304E-020  -1.19999997E+001  -3.04361106E-021   1.73472348E-019   0.00000000E+000  -6.99889590E+003  -6.99533752E+003  -1.41444459E+004  -2.13681824E+002  -1.26476568E+000   2.37932416E+000   6.56700221E-002   1.19438137E+001   0.00000000E+000   1.31234918E+015   2.48155612E+012   1.00000000E-014   1.09000000E-012
       110     1.19999997E+001   7.15657111E+003   3.08670717E-021   4.36142558E-020  -1.19999997E+001  -6.64556904E-022   2.60208521E-019  -1.73472348E-019  -6.99902977E+003  -6.99543439E+003  -1.41442152E+004  -2.13783695E+002  -1.27882553E+000   2.40459104E+000   6.63654207E-002   1.19432194E+001   0.00000000E+000   1.31657766E+015   2.70452916E+012   1.00000000E-014   1.10000000E-012
       111     1.19999997E+001   7.15623366E+003  -1.50900078E-020   1.32582163E-020  -1.19999997E+001   1.68224548E-020  -2.60208521E-019  -5.20417043E-019  -6.99916425E+003  -6.99553132E+003  -1.41439838E+004  -2.13885861E+002  -1.29315416E+000   2.43014207E+000   6.70630064E-002   1.19426233E+001   0.00000000E+000   1.31975924E+015   2.84511110E+012   1.00000000E-014   1.11000000E-012
       112     1.19999997E+001   7.15589536E+003   1.62043028E-020   1.59440717E-020  -1.19999997E+001   2.80882412E-020   0.00000000E+000   0.00000000E+000  -6.99929867E+003  -6.99562890E+003  -1.41437518E+004  -2.13988290E+002  -1.30695466E+000   2.45564977E+000   6.77621414E-002   1.19420257E+001   0.00000000E+000   1.32394804E+015   2.91826191E+012   1.00000000E-014   1.12000000E-012
       113     1.19999997E+001   7.15555246E+003  -1.17242098E-020  -5.83008476E-020  -1.19999997E+001  -2.76728311E-020   0.00000000E+000  -2.60208521E-019  -6.99943490E+003  -6.99572783E+003  -1.41435166E+004  -2.14092111E+002  -1.32074058E+000   2.48187400E+000   6.84708572E-002   1.19414200E+001   0.00000000E+000   1.32804315E+015   3.13271043E+012   1.00000000E-014   1.13000000E-012
       114     1.19999997E+001   7.15519196E+003   3.21862594E-020  -6.09989453E-020  -1.19999997E+001  -1.03926145E-020  -6.07153217E-019   2.60208521E-019  -6.99957869E+003  -6.99583127E+003  -1.41432694E+004  -2.14201264E+002  -1.33504679E+000   2.51042707E+000   6.92163911E-002   1.19407832E+001   0.00000000E+000   1.32838094E+015   3.41243172E+012   1.00000000E-014   1.14000000E-012
       115     1.19999997E+001   7.15480439E+003  -5.87629107E-021   7.68192709E-020  -1.19999997E+001  -7.08629087E-021   8.67361738E-020   2.60208521E-019  -6.99972935E+003  -6.99594641E+003  -1.41430036E+004  -2.14318616E+002  -1.34926376E+000   2.54061954E+000   7.00166622E-002   1.19400986E+001   0.00000000E+000   1.31808786E+015   3.60952282E+012   1.00000000E-014   1.15000000E-012
       116     1.19999997E+001   7.15442948E+003   1.01023568E-021  -6.80255138E-020  -1.19999997E+001  -1.57673032E-020  -8.67361738E-020   0.00000000E+000  -6.99987959E+003  -6.99605329E+003  -1.41427465E+004  -2.14432137E+002  -1.36725488E+000   2.56760933E+000   7.07919030E-002   1.19394364E+001   0.00000000E+000   1.31011780E+015   3.82328241E+012   1.00000000E-014   1.16000000E-012
       117     1.19999997E+001   7.15406830E+003   1.73196731E-020   3.80539478E-020  -1.19999997E+001  -2.66518421E-020   0.00000000E+000   0.00000000E+000  -7.00002620E+003  -6.99615440E+003  -1.41424987E+004  -2.14541502E+002  -1.38360028E+000   2.59297141E+000   7.15387350E-002   1.19387984E+001   0.00000000E+000   1.30659318E+015   3.83508645E+012   1.00000000E-014   1.17000000E-012
       118     1.19999997E+001   7.15371435E+003  -2.42918130E-020   1.41596777E-020  -1.19999997E+001   1.65229327E-021  -8.67361738E-020  -8.67361738E-020  -7.00016663E+003  -6.99625673E+003  -1.41422560E+004  -2.14648680E+002  -1.39805439E+000   2.61940083E+000   7.22701475E-002   1.19381732E+001   0.00000000E+000   1.30741966E+015   4.15061461E+012   1.00000000E-014   1.18000000E-012
       119     1.19999997E+001   7.15337500E+003   9.98092671E-021  -5.19151787E-020  -1.19999997E+001   2.86091168E-020   8.67361738E-020   8.67361738E-020  -7.00030050E+003  -6.99635560E+003  -1.41420232E+004  -2.14751437E+002  -1.41244627E+000   2.64481074E+000   7.29713666E-002   1.19375738E+001   0.00000000E+000   1.30959124E+015   4.36952310E+012   1.00000000E-014   1.19000000E-012
       120     1.19999997E+001   7.15304129E+003  -7.97236674E-021   9.40276055E-020  -1.19999997E+001   4.39652286E-020   8.67361738E-020   0.00000000E+000  -7.00043292E+003  -6.99645208E+003  -1.41417943E+004  -2.14852489E+002  -1.42726142E+000   2.67046534E+000   7.36614869E-002   1.19369843E+001   0.00000000E+000   1.31320988E+015   4.55448150E+012   1.00000000E-014   1.20000000E-012
       121     1.19999997E+001   7.15270207E+003   1.79479995E-020  -1.16803693E-019  -1.19999997E+001  -2.36706004E-021   0.00000000E+000   2.60208521E-019  -7.00056719E+003  -6.99655047E+003  -1.41415617E+004  -2.14955212E+002  -1.44189136E+000   2.69643955E+000   7.43628139E-002   1.19363851E+001   0.00000000E+000   1.31475725E+015   4.53797757E+012   1.00000000E-014   1.21000000E-012
       122     1.19999997E+001   7.15236362E+003   8.42425551E-021  -1.31259667E-019  -1.19999997E+001   2.77186569E-020  -8.67361738E-020   1.73472348E-019  -7.00070174E+003  -6.99664807E+003  -1.41413295E+004  -2.15057704E+002  -1.45791144E+000   2.72153856E+000   7.50627166E-002   1.19357873E+001   0.00000000E+000   1.31592568E+015   4.37083811E+012   1.00000000E-014   1.22000000E-012
       123     1.19999997E+001   7.15201753E+003  -1.24432780E-021   1.22228509E-019  -1.19999997E+001   2.59881123E-020   0.00000000E+000  -5.20417043E-019  -7.00083974E+003  -6.99674746E+003  -1.41410921E+004  -2.15162512E+002  -1.47209084E+000   2.74820216E+000   7.57783912E-002   1.19351759E+001   0.00000000E+000   1.31730355E+015   4.47128417E+012   1.00000000E-014   1.23000000E-012
       124     1.19999997E+001   7.15168329E+003   9.27021312E-022  -5.74625828E-021  -1.19999997E+001   2.49390819E-020  -8.67361738E-020  -2.60208521E-019  -7.00097272E+003  -6.99684375E+003  -1.41408629E+004  -2.15263730E+002  -1.48692506E+000   2.77348290E+000   7.64695731E-002   1.19345856E+001   0.00000000E+000   1.32049648E+015   4.40496747E+012   1.00000000E-014   1.24000000E-012
       125     1.19999997E+001   7.15134631E+003  -2.70124101E-021   9.33513026E-020  -1.19999997E+001   1.36905836E-020  -1.73472348E-019   2.60208521E-019  -7.00110632E+003  -6.99694130E+003  -1.41406317E+004  -2.15365781E+002  -1.50234661E+000   2.79930522E+000   7.71665577E-002   1.19339903E+001   0.00000000E+000   1.32341289E+015   4.49807723E+012   1.00000000E-014   1.25000000E-012
       126     1.19999997E+001   7.15100918E+003  -1.67951579E-020   1.22126931E-019  -1.19999997E+001   5.36511000E-020   5.20417043E-019   0.00000000E+000  -7.00124015E+003  -6.99703873E+003  -1.41404005E+004  -2.15467882E+002  -1.51737735E+000   2.82495482E+000   7.78637656E-002   1.19333948E+001   0.00000000E+000   1.32703803E+015   4.58068130E+012   1.00000000E-014   1.26000000E-012
       127     1.19999997E+001   7.15066558E+003   8.71194893E-021  -6.36320267E-020  -1.19999997E+001  -2.17965400E-020   1.73472348E-019  -1.73472348E-019  -7.00137681E+003  -6.99713777E+003  -1.41401648E+004  -2.15571942E+002  -1.53367200E+000   2.85043028E+000   7.85743876E-002   1.19327879E+001   0.00000000E+000   1.32917146E+015   4.67777267E+012   1.00000000E-014   1.27000000E-012
       128     1.19999997E+001   7.15032296E+003   1.86002314E-020  -4.76836536E-020  -1.19999997E+001   3.78899179E-020  -8.67361738E-020   8.67361738E-020  -7.00151338E+003  -6.99723622E+003  -1.41399297E+004  -2.15675705E+002  -1.54909721E+000   2.87562115E+000   7.92827952E-002   1.19321827E+001   0.00000000E+000   1.33261882E+015   4.74172592E+012   1.00000000E-014   1.28000000E-012
       129     1.19999997E+001   7.14998222E+003   1.86884916E-020  -6.63246650E-020  -1.19999997E+001  -3.99629979E-020   8.67361738E-020   0.00000000E+000  -7.00164950E+003  -6.99733385E+003  -1.41396960E+004  -2.15778903E+002  -1.56271867E+000   2.90069459E+000   7.99870548E-002   1.19315808E+001   0.00000000E+000   1.33532274E+015   4.70224864E+012   1.00000000E-014   1.29000000E-012
       130     1.19999997E+001   7.14963912E+003  -1.16751580E-020  -7.63702772E-020  -1.19999997E+001   2.67494494E-020   0.00000000E+000  -2.60208521E-019  -7.00178520E+003  -6.99743352E+003  -1.41394606E+004  -2.15882817E+002  -1.57853677E+000   2.92780464E+000   8.06969962E-002   1.19309748E+001   0.00000000E+000   1.33734698E+015   4.76858246E+012   1.00000000E-014   1.30000000E-012
       131     1.19999997E+001   7.14929848E+003   1.86636762E-020   2.30647733E-020  -1.19999997E+001  -3.92983583E-020   0.00000000E+000   3.46944695E-019  -7.00191999E+003  -6.99753241E+003  -1.41392269E+004  -2.15985989E+002  -1.59436971E+000   2.95441274E+000   8.14018026E-002   1.19303731E+001   0.00000000E+000   1.34025946E+015   4.87283965E+012   1.00000000E-014   1.31000000E-012
       132     1.19999997E+001   7.14895660E+003   1.42911994E-021  -5.97929160E-020  -1.19999997E+001  -3.11379734E-020  -8.67361738E-020   1.73472348E-019  -7.00205441E+003  -6.99763253E+003  -1.41389924E+004  -2.16089534E+002  -1.60971311E+000   2.98047089E+000   8.21086384E-002   1.19297692E+001   0.00000000E+000   1.34269022E+015   4.78133507E+012   1.00000000E-014   1.32000000E-012
       133     1.19999997E+001   7.14861144E+003   3.43181520E-020   1.18237197E-020  -1.19999997E+001  -1.03409984E-020   8.67361738E-020   0.00000000E+000  -7.00219013E+003  -6.99773360E+003  -1.41387556E+004  -2.16194079E+002  -1.62544302E+000   3.00743462E+000   8.28225778E-002   1.19291596E+001   0.00000000E+000   1.34481529E+015   3.84320297E+012   1.00000000E-014   1.33000000E-012
       134     1.19999997E+001   7.14827063E+003   2.56012400E-022   3.92083610E-020  -1.19999997E+001  -1.56218022E-020   0.00000000E+000  -3.46944695E-019  -7.00232539E+003  -6.99783215E+003  -1.41385218E+004  -2.16297306E+002  -1.64119309E+000   3.03327636E+000   8.35275508E-002   1.19285576E+001   0.00000000E+000   1.34628842E+015   3.65181375E+012   1.00000000E-014   1.34000000E-012
       135     1.19999997E+001   7.14792252E+003   2.72573383E-020   1.43523115E-019  -1.19999997E+001  -2.83043008E-020   8.67361738E-020   1.73472348E-019  -7.00246393E+003  -6.99793244E+003  -1.41382830E+004  -2.16402746E+002  -1.65826169E+000   3.06021403E+000   8.42481284E-002   1.19279427E+001   0.00000000E+000   1.34740333E+015   2.17381712E+012   1.00000000E-014   1.35000000E-012
       136     1.19999997E+001   7.14757467E+003   2.86071316E-020  -3.27944026E-020  -1.19999997E+001   5.70047383E-020  -1.73472348E-019   8.67361738E-020  -7.00260191E+003  -6.99803311E+003  -1.41380443E+004  -2.16508111E+002  -1.67238791E+000   3.08735724E+000   8.49675383E-002   1.19273283E+001   0.00000000E+000   1.35032523E+015   1.18054317E+012   1.00000000E-014   1.36000000E-012
       137     1.19999997E+001   7.14722622E+003  -2.16373077E-020  -1.01846447E-019  -1.19999997E+001   1.02377663E-020  -2.60208521E-019   1.73472348E-019  -7.00273939E+003  -6.99813470E+003  -1.41378052E+004  -2.16613658E+002  -1.68769841E+000   3.11361143E+000   8.56879634E-002   1.19267128E+001   0.00000000E+000   1.35216280E+015   7.91985134E+011   1.00000000E-014   1.37000000E-012
       138     1.19999997E+001   7.14687471E+003   1.76953785E-020  -3.04101372E-020  -1.19999997E+001   5.56434472E-020  -4.33680869E-019  -4.33680869E-019  -7.00287922E+003  -6.99823604E+003  -1.41375641E+004  -2.16720135E+002  -1.70434482E+000   3.14007551E+000   8.64152222E-002   1.19260919E+001   0.00000000E+000   1.35315808E+015   9.36807894E+011   1.00000000E-014   1.38000000E-012
       139     1.19999997E+001   7.14651347E+003   1.71590346E-020   9.68052780E-020  -1.19999997E+001   3.63230723E-020   5.20417043E-019  -4.33680869E-019  -7.00301955E+003  -6.99834355E+003  -1.41373162E+004  -2.16829559E+002  -1.71907935E+000   3.16950792E+000   8.71621620E-002   1.19254538E+001   0.00000000E+000   1.34980622E+015   1.02556302E+012   1.00000000E-014   1.39000000E-012
       140     1.19999997E+001   7.14616421E+003  -1.73717028E-020   4.94869073E-020  -1.19999997E+001   1.53027586E-020  -8.67361738E-020   8.67361738E-020  -7.00315949E+003  -6.99844325E+003  -1.41370766E+004  -2.16935358E+002  -1.73677214E+000   3.19598535E+000   8.78853192E-002   1.19248369E+001   0.00000000E+000   1.35095602E+015   1.16532291E+012   1.00000000E-014   1.40000000E-012
       141     1.19999997E+001   7.14582251E+003  -1.38039901E-020  -4.15148715E-020  -1.19999997E+001  -7.47953253E-021   0.00000000E+000   0.00000000E+000  -7.00329497E+003  -6.99854223E+003  -1.41368421E+004  -2.17038871E+002  -1.75305479E+000   3.22218668E+000   8.85924258E-002   1.19242333E+001   0.00000000E+000   1.35425549E+015   1.28704319E+012   1.00000000E-014   1.41000000E-012
       142     1.19999997E+001   7.14546821E+003   3.05597741E-020  -1.16852496E-019  -1.19999997E+001  -4.70840304E-020   1.73472348E-019   1.73472348E-019  -7.00343454E+003  -6.99864576E+003  -1.41365990E+004  -2.17146198E+002  -1.76725776E+000   3.24915158E+000   8.93247493E-002   1.19236075E+001   0.00000000E+000   1.35623504E+015   1.41049596E+012   1.00000000E-014   1.42000000E-012
       143     1.19999997E+001   7.14512575E+003   1.64960494E-020   1.16483905E-019  -1.19999997E+001   2.34958171E-020   1.73472348E-019  -1.73472348E-019  -7.00357019E+003  -6.99874509E+003  -1.41363640E+004  -2.17249942E+002  -1.78356794E+000   3.27450775E+000   9.00330928E-002   1.19230026E+001   0.00000000E+000   1.35981902E+015   1.50977812E+012   1.00000000E-014   1.43000000E-012
       144     1.19999997E+001   7.14478507E+003  -2.61774540E-020   2.47829929E-020  -1.19999997E+001  -4.32701487E-020   8.67361738E-020  -8.67361738E-020  -7.00370545E+003  -6.99884360E+003  -1.41361303E+004  -2.17353150E+002  -1.79929239E+000   3.30032411E+000   9.07379419E-002   1.19224009E+001   0.00000000E+000   1.36377397E+015   1.62150743E+012   1.00000000E-014   1.44000000E-012
       145     1.19999997E+001   7.14444237E+003  -3.24316011E-020   1.55321689E-019  -1.19999997E+001  -1.41723336E-020  -3.46944695E-019   2.60208521E-019  -7.00384118E+003  -6.99894303E+003  -1.41358951E+004  -2.17456971E+002  -1.81518007E+000   3.32669936E+000   9.14470595E-002   1.19217956E+001   0.00000000E+000   1.36738557E+015   1.70400503E+012   1.00000000E-014   1.45000000E-012
       146     1.19999997E+001   7.14409607E+003  -8.44270164E-021   3.64935543E-020  -1.19999997E+001   3.90130637E-020  -8.67361738E-020   8.67361738E-020  -7.00397769E+003  -6.99904415E+003  -1.41356575E+004  -2.17561883E+002  -1.83198556E+000   3.35422199E+000   9.21639594E-002   1.19211839E+001   0.00000000E+000   1.37089445E+015   1.81167031E+012   1.00000000E-014   1.46000000E-012
       147     1.19999997E+001   7.14375038E+003   2.42612074E-020  -3.99756538E-020  -1.19999997E+001  -1.29021150E-020   8.67361738E-020  -2.60208521E-019  -7.00411467E+003  -6.99914438E+003  -1.41354203E+004  -2.17666614E+002  -1.84859341E+000   3.38097185E+000   9.28794800E-002   1.19205733E+001   0.00000000E+000   1.37394485E+015   1.87180288E+012   1.00000000E-014   1.47000000E-012
       148     1.19999997E+001   7.14340327E+003  -3.40319475E-020  -1.27481767E-020  -1.19999997E+001  -5.52458215E-020  -8.67361738E-020  -8.67361738E-020  -7.00425199E+003  -6.99924525E+003  -1.41351821E+004  -2.17771776E+002  -1.86527609E+000   3.40794302E+000   9.35979387E-002   1.19199602E+001   0.00000000E+000   1.37702247E+015   1.97141636E+012   1.00000000E-014   1.48000000E-012
       149     1.19999997E+001   7.14305518E+003  -6.02650707E-021  -5.61407482E-020  -1.19999997E+001  -2.02943800E-020  -2.60208521E-019  -3.46944695E-019  -7.00439115E+003  -6.99934497E+003  -1.41349432E+004  -2.17877238E+002  -1.88093414E+000   3.43353555E+000   9.43180230E-002   1.19193453E+001   0.00000000E+000   1.37994722E+015   1.96022480E+012   1.00000000E-014   1.49000000E-012
       150     1.19999997E+001   7.14270461E+003   1.57324789E-020  -3.19996474E-020  -1.19999997E+001  -2.01034667E-020   1.73472348E-019   2.60208521E-019  -7.00453056E+003  -6.99944614E+003  -1.41347026E+004  -2.17983454E+002  -1.89891964E+000   3.46060634E+000   9.50440195E-002   1.19187261E+001   0.00000000E+000   1.38294643E+015   2.06515752E+012   1.00000000E-014   1.50000000E-012
       151     1.19999997E+001   7.14231215E+003  -1.57268541E-020  -7.85093663E-021  -1.19999997E+001   7.91363692E-021   3.46944695E-019   0.00000000E+000  -7.00468425E+003  -6.99956178E+003  -1.41344333E+004  -2.18102361E+002  -1.92080782E+000   3.49374230E+000   9.58576314E-002   1.19180329E+001   0.00000000E+000   1.38930477E+015   2.46821089E+012   1.00000000E-014   1.51000000E-012
       152     1.19999997E+001   7.14189280E+003  -3.04518271E-020  -6.32869269E-020  -1.19999997E+001  -3.97906962E-021   0.00000000E+000   8.67361738E-020  -7.00485112E+003  -6.99968270E+003  -1.41341455E+004  -2.18229422E+002  -1.94428871E+000   3.52599405E+000   9.67265198E-002   1.19172922E+001   0.00000000E+000   1.38159225E+015   8.95514514E+012   1.00000000E-014   1.52000000E-012
       153     1.19999997E+001   7.14143790E+003  -1.87806395E-020   7.99625572E-020  -1.19999997E+001   2.91764800E-020   6.07153217E-019   2.60208521E-019  -7.00503484E+003  -6.99981118E+003  -1.41338333E+004  -2.18367255E+002  -1.96830293E+000   3.55956796E+000   9.76688404E-002   1.19164887E+001   0.00000000E+000   1.35409755E+015   2.47561700E+013   1.00000000E-014   1.53000000E-012
       154     1.19999997E+001   7.14104648E+003   2.64009582E-020  -6.45187643E-020  -1.19999997E+001  -5.42539492E-021   8.67361738E-020   4.33680869E-019  -7.00518976E+003  -6.99992489E+003  -1.41335647E+004  -2.18485854E+002  -1.98736475E+000   3.58669037E+000   9.84780236E-002   1.19157974E+001   0.00000000E+000   1.33958349E+015   3.27657597E+013   1.00000000E-014   1.54000000E-012
       155     1.19999997E+001   7.14065014E+003  -2.77122049E-020   8.64890122E-020  -1.19999997E+001   3.92775133E-020   8.67361738E-020  -7.80625564E-019  -7.00535161E+003  -7.00003506E+003  -1.41332926E+004  -2.18605950E+002  -2.00452146E+000   3.61304583E+000   9.92976273E-002   1.19150973E+001   0.00000000E+000   1.32350045E+015   4.30283862E+013   1.00000000E-014   1.55000000E-012
       156     1.19999997E+001   7.14028715E+003   1.76272189E-021  -7.23988177E-020  -1.19999997E+001   2.60427890E-020   0.00000000E+000  -6.07153217E-019  -7.00549328E+003  -7.00014252E+003  -1.41330435E+004  -2.18715939E+002  -2.02188513E+000   3.64163115E+000   1.00048775E-001   1.19144562E+001   0.00000000E+000   1.31604508E+015   4.84809427E+013   1.00000000E-014   1.56000000E-012
       157     1.19999997E+001   7.13995800E+003   1.80422981E-020  -6.13284941E-020  -1.19999997E+001  -7.09031097E-020  -8.67361738E-020  -2.60208521E-019  -7.00562433E+003  -7.00023738E+003  -1.41328176E+004  -2.18815676E+002  -2.03604046E+000   3.66687393E+000   1.00729870E-001   1.19138748E+001   0.00000000E+000   1.31580467E+015   4.98616122E+013   1.00000000E-014   1.57000000E-012
       158     1.19999997E+001   7.13963462E+003  -2.70471517E-020  -6.25500744E-020  -1.19999997E+001   8.77299486E-021   0.00000000E+000   8.67361738E-020  -7.00575331E+003  -7.00033036E+003  -1.41325956E+004  -2.18913669E+002  -2.05104182E+000   3.69097138E+000   1.01399094E-001   1.19133036E+001   0.00000000E+000   1.31699159E+015   5.00347174E+013   1.00000000E-014   1.58000000E-012
       159     1.19999997E+001   7.13931027E+003   1.20224085E-020   1.19719174E-019  -1.19999997E+001  -2.01769204E-020  -2.60208521E-019   6.93889390E-019  -7.00588200E+003  -7.00042429E+003  -1.41323730E+004  -2.19011956E+002  -2.06442770E+000   3.71518974E+000   1.02069840E-001   1.19127307E+001   0.00000000E+000   1.31825213E+015   5.05510013E+013   1.00000000E-014   1.59000000E-012
       160     1.19999997E+001   7.13898771E+003  -1.07126507E-020   1.53839050E-020  -1.19999997E+001  -2.79179247E-020   8.67361738E-020   3.46944695E-019  -7.00601036E+003  -7.00051733E+003  -1.41321516E+004  -2.19109702E+002  -2.07829216E+000   3.73911155E+000   1.02737035E-001   1.19121610E+001   0.00000000E+000   1.32040156E+015   5.11351715E+013   1.00000000E-014   1.60000000E-012
       161     1.19999997E+001   7.13865985E+003   1.58391852E-020   9.48789397E-020  -1.19999997E+001  -2.03571630E-020   0.00000000E+000  -8.67361738E-020  -7.00614062E+003  -7.00061211E+003  -1.41319266E+004  -2.19209056E+002  -2.09212438E+000   3.76332570E+000   1.03415073E-001   1.19115819E+001   0.00000000E+000   1.31951457E+015   5.15915754E+013   1.00000000E-014   1.61000000E-012
       162     1.19999997E+001   7.13831093E+003  -4.57348161E-021  -6.65559447E-020  -1.19999997E+001  -4.26596067E-020   0.00000000E+000   8.67361738E-020  -7.00627794E+003  -7.00071430E+003  -1.41316871E+004  -2.19314796E+002  -2.10954963E+000   3.79058194E+000   1.04137523E-001   1.19109656E+001   0.00000000E+000   1.31574334E+015   5.51905255E+013   1.00000000E-014   1.62000000E-012
       163     1.19999997E+001   7.13797671E+003  -7.48648085E-021  -9.09150903E-020  -1.19999997E+001   2.52338890E-020   0.00000000E+000  -1.73472348E-019  -7.00641020E+003  -7.00081144E+003  -1.41314577E+004  -2.19416079E+002  -2.12517039E+000   3.81624184E+000   1.04829283E-001   1.19103753E+001   0.00000000E+000   1.31523677E+015   5.74165450E+013   1.00000000E-014   1.63000000E-012
       164     1.19999997E+001   7.13765074E+003  -2.28892456E-020   7.18896053E-020  -1.19999997E+001  -2.16270507E-020   2.60208521E-019   3.46944695E-019  -7.00653972E+003  -7.00090569E+003  -1.41312339E+004  -2.19514868E+002  -2.13910428E+000   3.84092450E+000   1.05503711E-001   1.19097995E+001   0.00000000E+000   1.31650413E+015   5.81774607E+013   1.00000000E-014   1.64000000E-012
       165     1.19999997E+001   7.13729037E+003  -1.23266455E-020  -2.24834308E-020  -1.19999997E+001   1.56284196E-020  -1.73472348E-019   8.67361738E-020  -7.00668556E+003  -7.00100721E+003  -1.41309865E+004  -2.19624080E+002  -2.15337924E+000   3.86493176E+000   1.06248476E-001   1.19091630E+001   0.00000000E+000   1.30886651E+015   6.35339429E+013   1.00000000E-014   1.65000000E-012
       166     1.19999997E+001   7.13692829E+003  -3.25313591E-020   5.00139868E-020  -1.19999997E+001  -5.29364159E-020   3.46944695E-019   8.67361738E-020  -7.00683001E+003  -7.00111131E+003  -1.41307380E+004  -2.19733812E+002  -2.16898046E+000   3.89085544E+000   1.06997246E-001   1.19085235E+001   0.00000000E+000   1.30042022E+015   6.97573274E+013   1.00000000E-014   1.66000000E-012
       167     1.19999997E+001   7.13660120E+003  -1.69555482E-021  -2.15401471E-019  -1.19999997E+001   4.19955461E-020  -4.33680869E-019  -8.67361738E-020  -7.00696153E+003  -7.00120433E+003  -1.41305135E+004  -2.19832943E+002  -2.18361849E+000   3.91486765E+000   1.07674219E-001   1.19079457E+001   0.00000000E+000   1.29993082E+015   7.16974032E+013   1.00000000E-014   1.67000000E-012
       168     1.19999997E+001   7.13624975E+003  -9.22455276E-021  -2.21621538E-020  -1.19999997E+001  -5.68661856E-021   2.60208521E-019   1.73472348E-019  -7.00709784E+003  -7.00130928E+003  -1.41302722E+004  -2.19939462E+002  -2.20127166E+000   3.94392156E+000   1.08402137E-001   1.19073250E+001   0.00000000E+000   1.29317168E+015   7.44633751E+013   1.00000000E-014   1.68000000E-012
       169     1.19999997E+001   7.13591566E+003  -1.21555845E-020  -7.78314091E-020  -1.19999997E+001  -1.70619236E-020  -8.67361738E-020   1.73472348E-019  -7.00723121E+003  -7.00140525E+003  -1.41300428E+004  -2.20040719E+002  -2.21723959E+000   3.96854796E+000   1.09093687E-001   1.19067349E+001   0.00000000E+000   1.29066273E+015   7.57208998E+013   1.00000000E-014   1.69000000E-012
       170     1.19999997E+001   7.13557328E+003  -7.46398154E-021   8.91899224E-020  -1.19999997E+001  -1.34127336E-020   8.67361738E-020   2.60208521E-019  -7.00736714E+003  -7.00150437E+003  -1.41298078E+004  -2.20144489E+002  -2.23164767E+000   3.99447723E+000   1.09802047E-001   1.19061301E+001   0.00000000E+000   1.28695883E+015   7.89881213E+013   1.00000000E-014   1.70000000E-012
       171     1.19999997E+001   7.13524693E+003  -5.84232704E-020   1.00436601E-019  -1.19999997E+001   3.57793665E-020   8.67361738E-020   6.93889390E-019  -7.00749720E+003  -7.00159834E+003  -1.41295837E+004  -2.20243402E+002  -2.24565317E+000   4.01830719E+000   1.10477107E-001   1.19055537E+001   0.00000000E+000   1.28674253E+015   8.07665782E+013   1.00000000E-014   1.71000000E-012
       172     1.19999997E+001   7.13490852E+003   1.75507874E-020  -5.73686151E-020  -1.19999997E+001  -1.65221056E-021   0.00000000E+000   0.00000000E+000  -7.00763113E+003  -7.00169674E+003  -1.41293514E+004  -2.20345972E+002  -2.25731785E+000   4.04304841E+000   1.11176314E-001   1.19049560E+001   0.00000000E+000   1.28396798E+015   8.19896259E+013   1.00000000E-014   1.72000000E-012
       173     1.19999997E+001   7.13458390E+003  -3.87699553E-021  -9.15612837E-020  -1.19999997E+001   5.61696995E-021  -1.73472348E-019  -8.67361738E-020  -7.00776214E+003  -7.00178859E+003  -1.41291286E+004  -2.20444364E+002  -2.27100764E+000   4.06503215E+000   1.11847513E-001   1.19043826E+001   0.00000000E+000   1.28364243E+015   8.25302707E+013   1.00000000E-014   1.73000000E-012
       174     1.19999997E+001   7.13425077E+003   2.24766479E-020  -1.44395626E-019  -1.19999997E+001  -8.34203376E-021   0.00000000E+000  -2.60208521E-019  -7.00789621E+003  -7.00188322E+003  -1.41288999E+004  -2.20545337E+002  -2.28408348E+000   4.08813587E+000   1.12536219E-001   1.19037942E+001   0.00000000E+000   1.28039973E+015   8.49862025E+013   1.00000000E-014   1.74000000E-012
       175     1.19999997E+001   7.13390766E+003  -2.92673044E-021   1.30233632E-019  -1.19999997E+001  -1.38442738E-020  -8.67361738E-020  -2.60208521E-019  -7.00803411E+003  -7.00198089E+003  -1.41286643E+004  -2.20649337E+002  -2.29733769E+000   4.11114393E+000   1.13245209E-001   1.19031882E+001   0.00000000E+000   1.27487092E+015   8.86644732E+013   1.00000000E-014   1.75000000E-012
       176     1.19999997E+001   7.13357344E+003  -2.86434448E-020  -1.63384715E-020  -1.19999997E+001  -3.38747004E-020   0.00000000E+000  -8.67361738E-020  -7.00816724E+003  -7.00207723E+003  -1.41284348E+004  -2.20750645E+002  -2.31277210E+000   4.13516148E+000   1.13936704E-001   1.19025979E+001   0.00000000E+000   1.27158462E+015   9.17374470E+013   1.00000000E-014   1.76000000E-012
       177     1.19999997E+001   7.13325361E+003  -4.55214035E-021   6.31575559E-020  -1.19999997E+001  -1.69567890E-020   0.00000000E+000   8.67361738E-020  -7.00829478E+003  -7.00216927E+003  -1.41282152E+004  -2.20847593E+002  -2.32617245E+000   4.15859443E+000   1.14598324E-001   1.19020330E+001   0.00000000E+000   1.27197138E+015   9.32060335E+013   1.00000000E-014   1.77000000E-012
       178     1.19999997E+001   7.13293081E+003  -2.97952111E-020   1.90863655E-020  -1.19999997E+001  -5.48238766E-021   0.00000000E+000  -8.67361738E-020  -7.00842537E+003  -7.00226031E+003  -1.41279936E+004  -2.20945441E+002  -2.34000414E+000   4.18117550E+000   1.15266178E-001   1.19014628E+001   0.00000000E+000   1.26978613E+015   9.41517735E+013   1.00000000E-014   1.78000000E-012
       179     1.19999997E+001   7.13261221E+003   5.73219621E-021  -1.36478184E-020  -1.19999997E+001   4.62423741E-020  -2.60208521E-019   1.73472348E-019  -7.00855290E+003  -7.00235153E+003  -1.41277749E+004  -2.21042018E+002  -2.35212963E+000   4.20338423E+000   1.15924706E-001   1.19009001E+001   0.00000000E+000   1.27062044E+015   9.53631117E+013   1.00000000E-014   1.79000000E-012
       180     1.19999997E+001   7.13229066E+003  -1.82292409E-020  -1.29122894E-020  -1.19999997E+001  -6.27790380E-020   8.67361738E-020   3.46944695E-019  -7.00868175E+003  -7.00244346E+003  -1.41275541E+004  -2.21139492E+002  -2.36654597E+000   4.22608392E+000   1.16589955E-001   1.19003322E+001   0.00000000E+000   1.26973411E+015   9.64549182E+013   1.00000000E-014   1.80000000E-012
       181     1.19999997E+001   7.13196902E+003  -1.21421842E-020  -9.67146190E-020  -1.19999997E+001  -4.29521805E-020  -2.60208521E-019  -4.33680869E-019  -7.00881037E+003  -7.00253569E+003  -1.41273332E+004  -2.21236996E+002  -2.38004540E+000   4.24995829E+000   1.17255555E-001   1.18997641E+001   0.00000000E+000   1.26912143E+015   9.70037073E+013   1.00000000E-014   1.81000000E-012
       182     1.19999997E+001   7.13164241E+003   3.00481629E-021   7.26327444E-020  -1.19999997E+001   1.86455609E-020   2.60208521E-019   4.33680869E-019  -7.00894148E+003  -7.00262885E+003  -1.41271090E+004  -2.21336008E+002  -2.39602684E+000   4.27446961E+000   1.17932147E-001   1.18991872E+001   0.00000000E+000   1.26621357E+015   9.82770367E+013   1.00000000E-014   1.82000000E-012
       183     1.19999997E+001   7.13132382E+003   3.54364174E-020   6.57641674E-020  -1.19999997E+001   4.05574926E-020   8.67361738E-020  -8.67361738E-020  -7.00906927E+003  -7.00271982E+003  -1.41268902E+004  -2.21432589E+002  -2.40989100E+000   4.29755310E+000   1.18591441E-001   1.18986245E+001   0.00000000E+000   1.26637536E+015   9.91330628E+013   1.00000000E-014   1.83000000E-012
       184     1.19999997E+001   7.13100845E+003   1.21405299E-020  -1.92886607E-019  -1.19999997E+001   1.36331773E-020   1.73472348E-019   0.00000000E+000  -7.00919514E+003  -7.00281050E+003  -1.41266737E+004  -2.21528193E+002  -2.42262166E+000   4.32031845E+000   1.19243685E-001   1.18980675E+001   0.00000000E+000   1.26663420E+015   9.96956211E+013   1.00000000E-014   1.84000000E-012
       185     1.19999997E+001   7.13069190E+003   4.64693525E-020   1.50298717E-020  -1.19999997E+001  -1.22919039E-020  -8.67361738E-020  -1.73472348E-019  -7.00932171E+003  -7.00290130E+003  -1.41264563E+004  -2.21624161E+002  -2.43520906E+000   4.34324593E+000   1.19898439E-001   1.18975084E+001   0.00000000E+000   1.26724130E+015   1.00284547E+014   1.00000000E-014   1.85000000E-012
       186     1.19999997E+001   7.13037357E+003  -1.15638195E-020   2.06983750E-020  -1.19999997E+001   2.89854013E-020   0.00000000E+000   0.00000000E+000  -7.00944928E+003  -7.00299231E+003  -1.41262377E+004  -2.21720666E+002  -2.44917556E+000   4.36635586E+000   1.20557233E-001   1.18969461E+001   0.00000000E+000   1.26767200E+015   1.01299835E+014   1.00000000E-014   1.86000000E-012
       187     1.19999997E+001   7.13004721E+003   4.25069919E-020  -6.32708796E-020  -1.19999997E+001   1.97172561E-020   8.67361738E-020  -1.73472348E-019  -7.00957875E+003  -7.00308696E+003  -1.41260136E+004  -2.21819612E+002  -2.46394093E+000   4.39053916E+000   1.21232669E-001   1.18963697E+001   0.00000000E+000   1.26485984E+015   1.03420964E+014   1.00000000E-014   1.87000000E-012
       188     1.19999997E+001   7.12972348E+003  -1.76947168E-020  -1.05052930E-019  -1.19999997E+001   4.53199850E-020  -3.46944695E-019   2.60208521E-019  -7.00970711E+003  -7.00318091E+003  -1.41257913E+004  -2.21917761E+002  -2.47991999E+000   4.41594915E+000   1.21903437E-001   1.18957979E+001   0.00000000E+000   1.26302704E+015   1.05301340E+014   1.00000000E-014   1.88000000E-012
       189     1.19999997E+001   7.12939554E+003   4.79218816E-021   2.27305924E-020  -1.19999997E+001  -1.58422458E-020   4.33680869E-019  -1.73472348E-019  -7.00983988E+003  -7.00327334E+003  -1.41255661E+004  -2.22017188E+002  -2.49476888E+000   4.43984410E+000   1.22582588E-001   1.18952187E+001   0.00000000E+000   1.26048200E+015   1.07595451E+014   1.00000000E-014   1.89000000E-012
       190     1.19999997E+001   7.12906580E+003  -1.48866040E-020   1.96166213E-019  -1.19999997E+001   5.62136228E-020  -3.46944695E-019   8.67361738E-020  -7.00996918E+003  -7.00337047E+003  -1.41253396E+004  -2.22117158E+002  -2.51043518E+000   4.46401781E+000   1.23264776E-001   1.18946363E+001   0.00000000E+000   1.25814979E+015   1.09802718E+014   1.00000000E-014   1.90000000E-012
       191     1.19999997E+001   7.12873722E+003   1.30120473E-020   5.68552668E-020  -1.19999997E+001   5.89103143E-020  -3.46944695E-019  -8.67361738E-020  -7.01009961E+003  -7.00346569E+003  -1.41251140E+004  -2.22216781E+002  -2.52393682E+000   4.48633454E+000   1.23943846E-001   1.18940560E+001   0.00000000E+000   1.25500301E+015   1.12969838E+014   1.00000000E-014   1.91000000E-012
       192     1.19999997E+001   7.12841398E+003  -3.17193986E-020   9.15265422E-020  -1.19999997E+001   1.32026298E-020   1.73472348E-019   1.73472348E-019  -7.01022702E+003  -7.00356026E+003  -1.41248920E+004  -2.22314786E+002  -2.53878495E+000   4.50898848E+000   1.24612286E-001   1.18934851E+001   0.00000000E+000   1.25377582E+015   1.15140647E+014   1.00000000E-014   1.92000000E-012
       193     1.19999997E+001   7.12809498E+003   7.99254995E-021  -8.65793404E-020  -1.19999997E+001  -2.59710724E-020  -8.67361738E-020  -7.80625564E-019  -7.01035532E+003  -7.00365104E+003  -1.41246729E+004  -2.22411507E+002  -2.55413446E+000   4.53193435E+000   1.25272866E-001   1.18929216E+001   0.00000000E+000   1.25308815E+015   1.16340218E+014   1.00000000E-014   1.93000000E-012
       194     1.19999997E+001   7.12775972E+003  -2.91152686E-020  -2.17766877E-020  -1.19999997E+001  -3.40284733E-020   3.46944695E-019  -2.60208521E-019  -7.01048913E+003  -7.00374749E+003  -1.41244427E+004  -2.22513163E+002  -2.56955251E+000   4.55731965E+000   1.25967213E-001   1.18923295E+001   0.00000000E+000   1.24706785E+015   1.21088212E+014   1.00000000E-014   1.94000000E-012
       195     1.19999997E+001   7.12744105E+003  -9.50149282E-021   5.77825363E-020  -1.19999997E+001  -1.37723090E-020  -8.67361738E-020  -8.67361738E-020  -7.01061484E+003  -7.00384063E+003  -1.41242238E+004  -2.22609786E+002  -2.58289954E+000   4.58199341E+000   1.26626780E-001   1.18917667E+001   0.00000000E+000   1.24574147E+015   1.22788155E+014   1.00000000E-014   1.95000000E-012
       196     1.19999997E+001   7.12712955E+003   1.03490221E-020  -8.04767327E-020  -1.19999997E+001   1.69910342E-020  -1.73472348E-019   1.73472348E-019  -7.01073930E+003  -7.00393011E+003  -1.41240099E+004  -2.22704240E+002  -2.59652027E+000   4.60450459E+000   1.27271432E-001   1.18912165E+001   0.00000000E+000   1.24581988E+015   1.23797098E+014   1.00000000E-014   1.96000000E-012
       197     1.19999997E+001   7.12681128E+003  -1.46657468E-020  -2.62270848E-020  -1.19999997E+001   1.81954919E-020   4.33680869E-019   0.00000000E+000  -7.01086606E+003  -7.00402193E+003  -1.41237913E+004  -2.22800744E+002  -2.61029244E+000   4.62597101E+000   1.27929439E-001   1.18906543E+001   0.00000000E+000   1.24370444E+015   1.25517236E+014   1.00000000E-014   1.97000000E-012
       198     1.19999997E+001   7.12649768E+003   2.38289228E-020  -5.50328225E-020  -1.19999997E+001  -2.91768936E-020   3.46944695E-019   4.33680869E-019  -7.01099119E+003  -7.00411219E+003  -1.41235759E+004  -2.22895837E+002  -2.62221728E+000   4.64883396E+000   1.28578094E-001   1.18901005E+001   0.00000000E+000   1.24322054E+015   1.26735495E+014   1.00000000E-014   1.98000000E-012
       199     1.19999997E+001   7.12618618E+003  -1.14192284E-020   7.74234436E-020  -1.19999997E+001   3.46907141E-020   0.00000000E+000   1.73472348E-019  -7.01111534E+003  -7.00420198E+003  -1.41233620E+004  -2.22990294E+002  -2.63652439E+000   4.67174431E+000   1.29222993E-001   1.18895503E+001   0.00000000E+000   1.24320904E+015   1.27819697E+014   1.00000000E-014   1.99000000E-012
       200     1.19999997E+001   7.12587547E+003  -4.14058491E-020   5.77176853E-020  -1.19999997E+001  -2.91783825E-020   3.46944695E-019  -1.73472348E-019  -7.01123822E+003  -7.00429252E+003  -1.41231485E+004  -2.23084513E+002  -2.64911389E+000   4.69451016E+000   1.29865661E-001   1.18890015E+001   0.00000000E+000   1.24464136E+015   1.28359049E+014   1.00000000E-014   2.00000000E-012
       201     1.19999997E+001   7.12556243E+003   2.95454026E-020   1.24632792E-019  -1.19999997E+001  -3.70615792E-020  -5.20417043E-019   0.00000000E+000  -7.01136232E+003  -7.00438343E+003  -1.41229335E+004  -2.23179440E+002  -2.66215968E+000   4.71744816E+000   1.30513306E-001   1.18884486E+001   0.00000000E+000   1.24455248E+015   1.29171569E+014   1.00000000E-014   2.01000000E-012
       202     1.19999997E+001   7.12524943E+003  -8.87366274E-021  -2.87367508E-020  -1.19999997E+001   2.34683547E-020   1.73472348E-019   1.73472348E-019  -7.01148450E+003  -7.00447623E+003  -1.41227185E+004  -2.23274355E+002  -2.67457396E+000   4.74093905E+000   1.31160520E-001   1.18878958E+001   0.00000000E+000   1.24485530E+015   1.29682166E+014   1.00000000E-014   2.02000000E-012
       203     1.19999997E+001   7.12493846E+003  -6.82374375E-021  -7.77592789E-020  -1.19999997E+001  -7.60730712E-020   0.00000000E+000  -1.73472348E-019  -7.01160833E+003  -7.00456600E+003  -1.41225050E+004  -2.23368656E+002  -2.68772016E+000   4.76306579E+000   1.31803819E-001   1.18873466E+001   0.00000000E+000   1.24568898E+015   1.30431790E+014   1.00000000E-014   2.03000000E-012
       204     1.19999997E+001   7.12463046E+003   1.21393718E-020   2.38315698E-020  -1.19999997E+001   3.00958913E-020  -1.73472348E-019  -1.73472348E-019  -7.01172997E+003  -7.00465591E+003  -1.41222934E+004  -2.23462056E+002  -2.70029740E+000   4.78512734E+000   1.32440719E-001   1.18868026E+001   0.00000000E+000   1.24677223E+015   1.31253211E+014   1.00000000E-014   2.04000000E-012
       205     1.19999997E+001   7.12432082E+003   2.54091686E-020   1.16110681E-019  -1.19999997E+001   4.44976847E-020   0.00000000E+000   0.00000000E+000  -7.01185291E+003  -7.00474566E+003  -1.41220807E+004  -2.23555959E+002  -2.71366682E+000   4.80719047E+000   1.33081296E-001   1.18862557E+001   0.00000000E+000   1.24780380E+015   1.31987790E+014   1.00000000E-014   2.05000000E-012
       206     1.19999997E+001   7.12400867E+003  -1.35394577E-020   5.70390663E-020  -1.19999997E+001   1.05316636E-020   0.00000000E+000   0.00000000E+000  -7.01197588E+003  -7.00483712E+003  -1.41218663E+004  -2.23650624E+002  -2.72679284E+000   4.83034575E+000   1.33727111E-001   1.18857044E+001   0.00000000E+000   1.24552300E+015   1.33703703E+014   1.00000000E-014   2.06000000E-012
       207     1.19999997E+001   7.12370018E+003  -3.21505252E-020  -1.12881037E-019  -1.19999997E+001  -5.10717854E-020   0.00000000E+000  -1.73472348E-019  -7.01209884E+003  -7.00492606E+003  -1.41216544E+004  -2.23744177E+002  -2.73820544E+000   4.85268237E+000   1.34365110E-001   1.18851595E+001   0.00000000E+000   1.24568961E+015   1.34039119E+014   1.00000000E-014   2.07000000E-012
       208     1.19999997E+001   7.12338951E+003  -1.68288241E-020   7.27301862E-020  -1.19999997E+001   3.95531299E-020   3.46944695E-019   0.00000000E+000  -7.01222272E+003  -7.00501559E+003  -1.41214410E+004  -2.23838398E+002  -2.75273355E+000   4.87514898E+000   1.35008326E-001   1.18846108E+001   0.00000000E+000   1.24491624E+015   1.35915134E+014   1.00000000E-014   2.08000000E-012
       209     1.19999997E+001   7.12308226E+003  -2.02940491E-021   9.18086108E-020  -1.19999997E+001   3.43791979E-020   1.73472348E-019  -3.46944695E-019  -7.01234522E+003  -7.00510414E+003  -1.41212299E+004  -2.23931579E+002  -2.76644965E+000   4.89694147E+000   1.35644159E-001   1.18840682E+001   0.00000000E+000   1.24595363E+015   1.36700585E+014   1.00000000E-014   2.09000000E-012
       210     1.19999997E+001   7.12277568E+003   1.36120842E-020   1.74789715E-019  -1.19999997E+001  -5.24926335E-020   0.00000000E+000   3.46944695E-019  -7.01246695E+003  -7.00519301E+003  -1.41210193E+004  -2.24024559E+002  -2.77866091E+000   4.91826893E+000   1.36278038E-001   1.18835267E+001   0.00000000E+000   1.24706257E+015   1.37364241E+014   1.00000000E-014   2.10000000E-012
       211     1.19999997E+001   7.12246463E+003   3.39269783E-020  -3.51383015E-020  -1.19999997E+001   3.65158881E-021   1.73472348E-019   0.00000000E+000  -7.01259068E+003  -7.00528297E+003  -1.41208056E+004  -2.24118898E+002  -2.79151088E+000   4.94050704E+000   1.36921537E-001   1.18829773E+001   0.00000000E+000   1.24707602E+015   1.38763646E+014   1.00000000E-014   2.11000000E-012
       212     1.19999997E+001   7.12215282E+003  -2.30608029E-020  -1.33334070E-019  -1.19999997E+001  -7.05056494E-020  -1.73472348E-019  -3.46944695E-019  -7.01271388E+003  -7.00537397E+003  -1.41205914E+004  -2.24213469E+002  -2.80565369E+000   4.96459751E+000   1.37567343E-001   1.18824266E+001   0.00000000E+000   1.24728000E+015   1.39813072E+014   1.00000000E-014   2.12000000E-012
       213     1.19999997E+001   7.12184168E+003   7.05568519E-021  -6.77766979E-020  -1.19999997E+001  -4.51541353E-021  -3.46944695E-019   3.46944695E-019  -7.01283926E+003  -7.00546234E+003  -1.41203777E+004  -2.24307836E+002  -2.81800320E+000   4.98658572E+000   1.38211173E-001   1.18818771E+001   0.00000000E+000   1.24765615E+015   1.40773548E+014   1.00000000E-014   2.13000000E-012
       214     1.19999997E+001   7.12153288E+003   1.63227550E-020  -4.07823203E-020  -1.19999997E+001   7.29907481E-020   3.46944695E-019  -1.73472348E-019  -7.01296283E+003  -7.00555092E+003  -1.41201655E+004  -2.24401496E+002  -2.83037175E+000   5.00850082E+000   1.38850055E-001   1.18813317E+001   0.00000000E+000   1.24870653E+015   1.41494995E+014   1.00000000E-014   2.14000000E-012
       215     1.19999997E+001   7.12122422E+003  -1.84279297E-020   3.06943564E-020  -1.19999997E+001   4.89980436E-021   0.00000000E+000  -1.73472348E-019  -7.01308541E+003  -7.00564038E+003  -1.41199535E+004  -2.24495116E+002  -2.84430877E+000   5.03088600E+000   1.39488975E-001   1.18807865E+001   0.00000000E+000   1.24903872E+015   1.41896967E+014   1.00000000E-014   2.15000000E-012
       216     1.19999997E+001   7.12091588E+003   3.71407404E-020   1.24562316E-019  -1.19999997E+001  -8.07977615E-020  -1.73472348E-019   0.00000000E+000  -7.01320765E+003  -7.00572998E+003  -1.41197416E+004  -2.24588641E+002  -2.85714816E+000   5.05254424E+000   1.40126719E-001   1.18802419E+001   0.00000000E+000   1.25024169E+015   1.42581688E+014   1.00000000E-014   2.16000000E-012
       217     1.19999997E+001   7.12059959E+003  -2.05001826E-020   1.00639095E-019  -1.19999997E+001  -3.84738247E-020  -1.73472348E-019  -1.73472348E-019  -7.01333254E+003  -7.00582238E+003  -1.41195243E+004  -2.24684577E+002  -2.87205757E+000   5.07683575E+000   1.40781898E-001   1.18796833E+001   0.00000000E+000   1.24924364E+015   1.44187437E+014   1.00000000E-014   2.17000000E-012
       218     1.19999997E+001   7.12028816E+003   2.05875328E-020  -5.96445198E-020  -1.19999997E+001   3.86914559E-020  -1.73472348E-019  -1.73472348E-019  -7.01345638E+003  -7.00591252E+003  -1.41193104E+004  -2.24779044E+002  -2.88749631E+000   5.09954487E+000   1.41426978E-001   1.18791333E+001   0.00000000E+000   1.24964733E+015   1.45490299E+014   1.00000000E-014   2.18000000E-012
       219     1.19999997E+001   7.11997978E+003  -1.71100655E-020   9.44158840E-020  -1.19999997E+001  -3.59836801E-020  -5.20417043E-019  -5.20417043E-019  -7.01357846E+003  -7.00600230E+003  -1.41190985E+004  -2.24872584E+002  -2.90196487E+000   5.12278969E+000   1.42065694E-001   1.18785886E+001   0.00000000E+000   1.25081844E+015   1.45998511E+014   1.00000000E-014   2.19000000E-012
       220     1.19999997E+001   7.11967106E+003   4.06632063E-020   5.33693622E-020  -1.19999997E+001  -6.18874200E-020   0.00000000E+000   1.73472348E-019  -7.01370135E+003  -7.00609152E+003  -1.41188864E+004  -2.24966229E+002  -2.91593677E+000   5.14526397E+000   1.42704881E-001   1.18780434E+001   0.00000000E+000   1.25167527E+015   1.46540473E+014   1.00000000E-014   2.20000000E-012
       221     1.19999997E+001   7.11936485E+003   4.68872441E-020   4.87311951E-020  -1.19999997E+001   3.11352437E-020   0.00000000E+000   0.00000000E+000  -7.01382137E+003  -7.00618189E+003  -1.41186760E+004  -2.25059115E+002  -2.92964313E+000   5.16844818E+000   1.43338764E-001   1.18775026E+001   0.00000000E+000   1.25258710E+015   1.47255057E+014   1.00000000E-014   2.21000000E-012
       222     1.19999997E+001   7.11905571E+003  -1.62640252E-020  -2.49148455E-020  -1.19999997E+001   1.08650173E-021   0.00000000E+000  -6.93889390E-019  -7.01394355E+003  -7.00627212E+003  -1.41184636E+004  -2.25152889E+002  -2.94344937E+000   5.19116888E+000   1.43978681E-001   1.18769566E+001   0.00000000E+000   1.25315309E+015   1.48060643E+014   1.00000000E-014   2.22000000E-012
       223     1.19999997E+001   7.11874732E+003   3.26405470E-020   3.97491717E-020  -1.19999997E+001  -3.51010784E-020  -1.73472348E-019  -3.46944695E-019  -7.01406506E+003  -7.00636250E+003  -1.41182517E+004  -2.25246442E+002  -2.95827066E+000   5.21488903E+000   1.44617600E-001   1.18764119E+001   0.00000000E+000   1.25374931E+015   1.49013037E+014   1.00000000E-014   2.23000000E-012
       224     1.19999997E+001   7.11844070E+003  -5.36343909E-022  -1.20395146E-019  -1.19999997E+001  -6.17653282E-020   0.00000000E+000   1.73472348E-019  -7.01418691E+003  -7.00645133E+003  -1.41180410E+004  -2.25339453E+002  -2.97104991E+000   5.23715655E+000   1.45252156E-001   1.18758704E+001   0.00000000E+000   1.25518685E+015   1.49379187E+014   1.00000000E-014   2.24000000E-012
       225     1.19999997E+001   7.11813196E+003   3.06966725E-021  -1.42667645E-019  -1.19999997E+001  -1.23759455E-020   0.00000000E+000   1.73472348E-019  -7.01430963E+003  -7.00654075E+003  -1.41178289E+004  -2.25433111E+002  -2.98390075E+000   5.25952212E+000   1.45891104E-001   1.18753251E+001   0.00000000E+000   1.25682742E+015   1.49754155E+014   1.00000000E-014   2.25000000E-012
       226     1.19999997E+001   7.11782441E+003   2.81731099E-020   4.10273312E-020  -1.19999997E+001   3.61007262E-020  -5.20417043E-019   0.00000000E+000  -7.01443105E+003  -7.00663066E+003  -1.41176176E+004  -2.25526411E+002  -2.99711965E+000   5.28256351E+000   1.46527792E-001   1.18747819E+001   0.00000000E+000   1.25847008E+015   1.49937465E+014   1.00000000E-014   2.26000000E-012
       227     1.19999997E+001   7.11751136E+003   4.17291112E-020  -7.50403362E-020  -1.19999997E+001   5.25717120E-020  -1.73472348E-019   1.73472348E-019  -7.01455464E+003  -7.00672217E+003  -1.41174025E+004  -2.25621380E+002  -3.01095726E+000   5.30573433E+000   1.47175856E-001   1.18742290E+001   0.00000000E+000   1.25818883E+015   1.50656864E+014   1.00000000E-014   2.27000000E-012
       228     1.19999997E+001   7.11719713E+003   4.49695086E-020   9.28812986E-020  -1.19999997E+001   4.66480235E-020   3.46944695E-019   8.67361738E-019  -7.01467923E+003  -7.00681351E+003  -1.41171865E+004  -2.25716708E+002  -3.02190384E+000   5.32731819E+000   1.47825250E-001   1.18736740E+001   0.00000000E+000   1.25817395E+015   1.51954585E+014   1.00000000E-014   2.28000000E-012
       229     1.19999997E+001   7.11689044E+003   3.86023685E-020  -1.75822202E-020  -1.19999997E+001  -6.43558097E-020   1.73472348E-019   0.00000000E+000  -7.01480041E+003  -7.00690307E+003  -1.41169758E+004  -2.25809751E+002  -3.03506609E+000   5.35017330E+000   1.48460158E-001   1.18731324E+001   0.00000000E+000   1.25996461E+015   1.52260186E+014   1.00000000E-014   2.29000000E-012
       230     1.19999997E+001   7.11658033E+003  -1.99575521E-020   3.90002424E-020  -1.19999997E+001   1.14423894E-021   0.00000000E+000   0.00000000E+000  -7.01492274E+003  -7.00699383E+003  -1.41167627E+004  -2.25903832E+002  -3.04790548E+000   5.37277938E+000   1.49101829E-001   1.18725847E+001   0.00000000E+000   1.26062479E+015   1.53190655E+014   1.00000000E-014   2.30000000E-012
       231     1.19999997E+001   7.11627056E+003  -2.61968100E-020  -2.15218830E-019  -1.19999997E+001  -2.97252730E-020  -3.46944695E-019   1.73472348E-019  -7.01504601E+003  -7.00708342E+003  -1.41165498E+004  -2.25997810E+002  -3.06012907E+000   5.39476783E+000   1.49742685E-001   1.18720376E+001   0.00000000E+000   1.26185837E+015   1.53481993E+014   1.00000000E-014   2.31000000E-012
       232     1.19999997E+001   7.11596262E+003  -2.85853767E-020  -9.15435821E-020  -1.19999997E+001  -1.62009113E-020  -3.46944695E-019   3.46944695E-019  -7.01516878E+003  -7.00717227E+003  -1.41163382E+004  -2.26091236E+002  -3.07424188E+000   5.41706323E+000   1.50380410E-001   1.18714937E+001   0.00000000E+000   1.26289208E+015   1.54126337E+014   1.00000000E-014   2.32000000E-012
       233     1.19999997E+001   7.11564861E+003   1.80947413E-020  -8.75234843E-020  -1.19999997E+001   3.22469744E-020  -1.73472348E-019  -1.73472348E-019  -7.01529265E+003  -7.00726419E+003  -1.41161224E+004  -2.26186507E+002  -3.08856291E+000   5.44066728E+000   1.51030729E-001   1.18709391E+001   0.00000000E+000   1.26280372E+015   1.54776711E+014   1.00000000E-014   2.33000000E-012
       234     1.19999997E+001   7.11533581E+003   3.45149382E-020  -1.47878718E-019  -1.19999997E+001  -3.15738976E-020  -3.46944695E-019   1.73472348E-019  -7.01541576E+003  -7.00735604E+003  -1.41159075E+004  -2.26281411E+002  -3.10333108E+000   5.46376363E+000   1.51678456E-001   1.18703867E+001   0.00000000E+000   1.26266854E+015   1.56071357E+014   1.00000000E-014   2.34000000E-012
       235     1.19999997E+001   7.11502686E+003   3.17885509E-020   1.74245927E-019  -1.19999997E+001   1.12748026E-020   1.73472348E-019   0.00000000E+000  -7.01553810E+003  -7.00744602E+003  -1.41156952E+004  -2.26375147E+002  -3.11580841E+000   5.48610204E+000   1.52317733E-001   1.18698411E+001   0.00000000E+000   1.26405066E+015   1.56774573E+014   1.00000000E-014   2.35000000E-012
       236     1.19999997E+001   7.11471952E+003  -1.05604494E-020   5.16376596E-020  -1.19999997E+001   7.17589935E-020   1.73472348E-019  -1.73472348E-019  -7.01565990E+003  -7.00753543E+003  -1.41154839E+004  -2.26468400E+002  -3.12916010E+000   5.50877344E+000   1.52954099E-001   1.18692982E+001   0.00000000E+000   1.26604027E+015   1.57238715E+014   1.00000000E-014   2.36000000E-012
       237     1.19999997E+001   7.11440644E+003   4.56216578E-020  -6.68320576E-021  -1.19999997E+001  -3.59673433E-020  -3.46944695E-019  -1.73472348E-019  -7.01578295E+003  -7.00762754E+003  -1.41152688E+004  -2.26563392E+002  -3.14275981E+000   5.53165241E+000   1.53602047E-001   1.18687453E+001   0.00000000E+000   1.26596933E+015   1.58120467E+014   1.00000000E-014   2.37000000E-012
       238     1.19999997E+001   7.11409678E+003  -3.19705307E-020  -1.06276496E-019  -1.19999997E+001   6.72630600E-020  -1.73472348E-019  -1.73472348E-019  -7.01590528E+003  -7.00771803E+003  -1.41150560E+004  -2.26657347E+002  -3.15643267E+000   5.55423042E+000   1.54243080E-001   1.18681984E+001   0.00000000E+000   1.26679130E+015   1.58487718E+014   1.00000000E-014   2.38000000E-012
       239     1.19999997E+001   7.11378421E+003   3.61375357E-020   2.41551794E-019  -1.19999997E+001  -9.64252712E-021   0.00000000E+000   5.20417043E-019  -7.01602767E+003  -7.00781045E+003  -1.41148411E+004  -2.26752190E+002  -3.16912690E+000   5.57733453E+000   1.54889804E-001   1.18676464E+001   0.00000000E+000   1.26782256E+015   1.58668114E+014   1.00000000E-014   2.39000000E-012
       240     1.19999997E+001   7.11347292E+003  -9.93510090E-021   4.05699830E-020  -1.19999997E+001  -2.56799462E-020   0.00000000E+000   0.00000000E+000  -7.01614976E+003  -7.00790231E+003  -1.41146272E+004  -2.26846644E+002  -3.18349274E+000   5.60140203E+000   1.55534667E-001   1.18670966E+001   0.00000000E+000   1.26832043E+015   1.59933982E+014   1.00000000E-014   2.40000000E-012
       241     1.19999997E+001   7.11316420E+003   3.78845412E-020  -8.63696501E-020  -1.19999997E+001  -8.53226876E-020  -5.20417043E-019  -3.46944695E-019  -7.01627103E+003  -7.00799322E+003  -1.41144150E+004  -2.26940321E+002  -3.19669090E+000   5.62387799E+000   1.56173547E-001   1.18665514E+001   0.00000000E+000   1.27038055E+015   1.60052480E+014   1.00000000E-014   2.41000000E-012
       242     1.19999997E+001   7.11284340E+003  -4.60759454E-020  -6.29218921E-020  -1.19999997E+001   1.98390998E-020   0.00000000E+000  -1.73472348E-019  -7.01639706E+003  -7.00808767E+003  -1.41141945E+004  -2.27037664E+002  -3.21095060E+000   5.64759263E+000   1.56837677E-001   1.18659848E+001   0.00000000E+000   1.27226481E+015   1.60613479E+014   1.00000000E-014   2.42000000E-012
       243     1.19999997E+001   7.11253270E+003  -2.14894906E-020   8.87908904E-020  -1.19999997E+001   4.19246567E-020  -3.46944695E-019   0.00000000E+000  -7.01651946E+003  -7.00817881E+003  -1.41139810E+004  -2.27131943E+002  -3.22365828E+000   5.67089594E+000   1.57480852E-001   1.18654361E+001   0.00000000E+000   1.27395632E+015   1.61148309E+014   1.00000000E-014   2.43000000E-012
       244     1.19999997E+001   7.11222656E+003  -3.31878097E-020  -6.32885813E-020  -1.19999997E+001   6.16050619E-020  -1.73472348E-019  -1.73472348E-019  -7.01664030E+003  -7.00826839E+003  -1.41137706E+004  -2.27224840E+002  -3.23618810E+000   5.69296438E+000   1.58114339E-001   1.18648954E+001   0.00000000E+000   1.27633392E+015   1.61184526E+014   1.00000000E-014   2.44000000E-012
       245     1.19999997E+001   7.11190318E+003  -2.21528894E-020  -7.95623672E-020  -1.19999997E+001   1.57615957E-020  -1.73472348E-019  -1.73472348E-019  -7.01676796E+003  -7.00836300E+003  -1.41135483E+004  -2.27322971E+002  -3.24944440E+000   5.71726807E+000   1.58783865E-001   1.18643243E+001   0.00000000E+000   1.27652961E+015   1.62576704E+014   1.00000000E-014   2.45000000E-012
       246     1.19999997E+001   7.11158660E+003  -1.94705081E-020  -2.09282899E-019  -1.19999997E+001  -1.01967133E-019   0.00000000E+000   1.73472348E-019  -7.01689178E+003  -7.00845678E+003  -1.41133307E+004  -2.27419041E+002  -3.26321344E+000   5.74060347E+000   1.59439109E-001   1.18637651E+001   0.00000000E+000   1.27718108E+015   1.63757931E+014   1.00000000E-014   2.46000000E-012
       247     1.19999997E+001   7.11127634E+003   1.54322124E-020  -7.30513805E-020  -1.19999997E+001   1.46189284E-020   5.20417043E-019   0.00000000E+000  -7.01701255E+003  -7.00854927E+003  -1.41131174E+004  -2.27513195E+002  -3.27720150E+000   5.76372173E+000   1.60081345E-001   1.18632172E+001   0.00000000E+000   1.27910503E+015   1.63844312E+014   1.00000000E-014   2.47000000E-012
       248     1.19999997E+001   7.11096679E+003  -4.20472449E-021  -7.74333698E-020  -1.19999997E+001   2.53045303E-020  -1.73472348E-019   3.46944695E-019  -7.01713407E+003  -7.00864052E+003  -1.41129047E+004  -2.27607132E+002  -3.28937784E+000   5.78649756E+000   1.60721836E-001   1.18626705E+001   0.00000000E+000   1.28185142E+015   1.63827513E+014   1.00000000E-014   2.48000000E-012
       249     1.19999997E+001   7.11065129E+003   1.77132456E-020   1.67737422E-019  -1.19999997E+001  -1.16530723E-020   1.73472348E-019   1.73472348E-019  -7.01725766E+003  -7.00873380E+003  -1.41126878E+004  -2.27702877E+002  -3.30344538E+000   5.81026086E+000   1.61375146E-001   1.18621133E+001   0.00000000E+000   1.28461726E+015   1.64234906E+014   1.00000000E-014   2.49000000E-012
       250     1.19999997E+001   7.11034256E+003   3.22332432E-020  -5.72416429E-020  -1.19999997E+001  -5.88868637E-020  -1.73472348E-019   0.00000000E+000  -7.01737870E+003  -7.00882497E+003  -1.41124756E+004  -2.27796570E+002  -3.31699867E+000   5.83272202E+000   1.62014161E-001   1.18615681E+001   0.00000000E+000   1.28640095E+015   1.64706704E+014   1.00000000E-014   2.50000000E-012
       251     1.19999997E+001   7.11002942E+003  -1.05915514E-020   7.90759023E-020  -1.19999997E+001  -2.25100247E-020   0.00000000E+000  -1.73472348E-019  -7.01750134E+003  -7.00891759E+003  -1.41122603E+004  -2.27891605E+002  -3.33129814E+000   5.85573226E+000   1.62662497E-001   1.18610150E+001   0.00000000E+000   1.28778400E+015   1.65331482E+014   1.00000000E-014   2.51000000E-012
       252     1.19999997E+001   7.10971859E+003  -2.34274093E-020   4.68757463E-020  -1.19999997E+001   7.22569976E-020  -1.73472348E-019  -6.93889390E-019  -7.01762390E+003  -7.00900870E+003  -1.41120467E+004  -2.27985937E+002  -3.34462376E+000   5.87929622E+000   1.63306274E-001   1.18604661E+001   0.00000000E+000   1.29060745E+015   1.65393084E+014   1.00000000E-014   2.52000000E-012
       253     1.19999997E+001   7.10941121E+003  -3.78048010E-020  -1.24635025E-019  -1.19999997E+001  -1.37862057E-020  -1.73472348E-019   0.00000000E+000  -7.01774488E+003  -7.00909901E+003  -1.41118354E+004  -2.28079224E+002  -3.35821630E+000   5.90030890E+000   1.63942172E-001   1.18599232E+001   0.00000000E+000   1.29238325E+015   1.65873758E+014   1.00000000E-014   2.53000000E-012
       254     1.19999997E+001   7.10910809E+003   1.02471134E-020  -2.38783882E-020  -1.19999997E+001   4.61443945E-020  -1.73472348E-019   0.00000000E+000  -7.01786346E+003  -7.00918881E+003  -1.41116270E+004  -2.28171220E+002  -3.37081557E+000   5.92291857E+000   1.64569591E-001   1.18593879E+001   0.00000000E+000   1.29549540E+015   1.65728692E+014   1.00000000E-014   2.54000000E-012
       255     1.19999997E+001   7.10879988E+003  -3.60352962E-021  -1.45276490E-019  -1.19999997E+001   2.85410812E-020   3.46944695E-019   1.73472348E-019  -7.01798210E+003  -7.00928203E+003  -1.41114151E+004  -2.28264761E+002  -3.38486640E+000   5.94585916E+000   1.65207398E-001   1.18588435E+001   0.00000000E+000   1.29723156E+015   1.66256811E+014   1.00000000E-014   2.55000000E-012
       256     1.19999997E+001   7.10849419E+003   1.10537800E-020   7.00762186E-020  -1.19999997E+001  -1.98946036E-020   1.73472348E-019   5.20417043E-019  -7.01810294E+003  -7.00937135E+003  -1.41112050E+004  -2.28357541E+002  -3.39866140E+000   5.96832122E+000   1.65840551E-001   1.18583037E+001   0.00000000E+000   1.30041203E+015   1.65991433E+014   1.00000000E-014   2.56000000E-012
       257     1.19999997E+001   7.10818723E+003   6.53605033E-020  -1.96697015E-019  -1.19999997E+001   1.40251368E-020  -1.73472348E-019   1.73472348E-019  -7.01822299E+003  -7.00946232E+003  -1.41109939E+004  -2.28450707E+002  -3.41178232E+000   5.99176555E+000   1.66476205E-001   1.18577615E+001   0.00000000E+000   1.30264596E+015   1.66769491E+014   1.00000000E-014   2.57000000E-012
       258     1.19999997E+001   7.10788278E+003   3.52187035E-020  -1.49536139E-019  -1.19999997E+001   4.06036079E-020   0.00000000E+000   5.20417043E-019  -7.01834168E+003  -7.00955293E+003  -1.41107846E+004  -2.28543114E+002  -3.42370964E+000   6.01561621E+000   1.67106575E-001   1.18572239E+001   0.00000000E+000   1.30441483E+015   1.67476653E+014   1.00000000E-014   2.58000000E-012
       259     1.19999997E+001   7.10757801E+003   1.39039135E-020   2.58475330E-019  -1.19999997E+001   1.66271575E-021   0.00000000E+000   0.00000000E+000  -7.01846448E+003  -7.00963966E+003  -1.41105751E+004  -2.28635616E+002  -3.43470434E+000   6.03562005E+000   1.67736876E-001   1.18566856E+001   0.00000000E+000   1.30754618E+015   1.67487078E+014   1.00000000E-014   2.59000000E-012
       260     1.19999997E+001   7.10726654E+003  -1.41050838E-021   6.12851498E-020  -1.19999997E+001   5.45487977E-020   3.46944695E-019   1.73472348E-019  -7.01858611E+003  -7.00973216E+003  -1.41103610E+004  -2.28730154E+002  -3.44654896E+000   6.05701746E+000   1.68380713E-001   1.18561355E+001   0.00000000E+000   1.30983745E+015   1.68086952E+014   1.00000000E-014   2.60000000E-012
       261     1.19999997E+001   7.10696496E+003   7.46480872E-021  -6.86322094E-020  -1.19999997E+001  -2.19266969E-020  -1.73472348E-019  -3.46944695E-019  -7.01870320E+003  -7.00982240E+003  -1.41101537E+004  -2.28821690E+002  -3.45915073E+000   6.08003102E+000   1.69005001E-001   1.18556029E+001   0.00000000E+000   1.31138973E+015   1.68287008E+014   1.00000000E-014   2.61000000E-012
       262     1.19999997E+001   7.10665799E+003   2.40908082E-020  -1.49600577E-020  -1.19999997E+001  -1.51374052E-020   0.00000000E+000   0.00000000E+000  -7.01882425E+003  -7.00991240E+003  -1.41099426E+004  -2.28914867E+002  -3.47237280E+000   6.10300584E+000   1.69640797E-001   1.18550608E+001   0.00000000E+000   1.31504097E+015   1.68168774E+014   1.00000000E-014   2.62000000E-012
       263     1.19999997E+001   7.10634893E+003   1.62458272E-022   8.71987746E-020  -1.19999997E+001  -5.95880647E-020   3.46944695E-019  -8.67361738E-019  -7.01894466E+003  -7.01000448E+003  -1.41097301E+004  -2.29008680E+002  -3.48283082E+000   6.12551605E+000   1.70279787E-001   1.18545150E+001   0.00000000E+000   1.31908811E+015   1.68226451E+014   1.00000000E-014   2.63000000E-012
       264     1.19999997E+001   7.10604292E+003  -2.93007225E-020  -5.86525648E-020  -1.19999997E+001   6.55769764E-020   0.00000000E+000  -5.20417043E-019  -7.01906466E+003  -7.01009487E+003  -1.41095197E+004  -2.29101567E+002  -3.49427684E+000   6.14843084E+000   1.70913089E-001   1.18539745E+001   0.00000000E+000   1.32231229E+015   1.67963619E+014   1.00000000E-014   2.64000000E-012
       265     1.19999997E+001   7.10573874E+003   1.65446049E-020  -7.30363878E-020  -1.19999997E+001  -8.64650654E-020   5.20417043E-019   0.00000000E+000  -7.01918382E+003  -7.01018485E+003  -1.41093106E+004  -2.29193899E+002  -3.50550786E+000   6.17040671E+000   1.71542277E-001   1.18534373E+001   0.00000000E+000   1.32609632E+015   1.67638446E+014   1.00000000E-014   2.65000000E-012
       266     1.19999997E+001   7.10543502E+003  -5.86537229E-021   8.70067859E-020  -1.19999997E+001  -5.55646169E-021  -3.46944695E-019   0.00000000E+000  -7.01930298E+003  -7.01027451E+003  -1.41091018E+004  -2.29286095E+002  -3.51791008E+000   6.19342341E+000   1.72171200E-001   1.18529009E+001   0.00000000E+000   1.33034006E+015   1.67178709E+014   1.00000000E-014   2.66000000E-012
       267     1.19999997E+001   7.10512255E+003  -3.05851686E-020  -2.19503150E-019  -1.19999997E+001   4.80782187E-020   0.00000000E+000   5.20417043E-019  -7.01942401E+003  -7.01036833E+003  -1.41088869E+004  -2.29380947E+002  -3.53145870E+000   6.21601580E+000   1.72817721E-001   1.18523491E+001   0.00000000E+000   1.33410731E+015   1.66750972E+014   1.00000000E-014   2.67000000E-012
       268     1.19999997E+001   7.10481622E+003   1.74369673E-021   1.00450001E-019  -1.19999997E+001   8.79565134E-020   0.00000000E+000   0.00000000E+000  -7.01954440E+003  -7.01045856E+003  -1.41086763E+004  -2.29473935E+002  -3.54288976E+000   6.23836902E+000   1.73451554E-001   1.18518081E+001   0.00000000E+000   1.33734563E+015   1.66841871E+014   1.00000000E-014   2.68000000E-012
       269     1.19999997E+001   7.10451003E+003  -3.52878558E-020  -7.98702645E-020  -1.19999997E+001   7.84059687E-021   1.73472348E-019   5.20417043E-019  -7.01966376E+003  -7.01054973E+003  -1.41084658E+004  -2.29566885E+002  -3.55344724E+000   6.26084151E+000   1.74084783E-001   1.18512673E+001   0.00000000E+000   1.34181725E+015   1.66511913E+014   1.00000000E-014   2.69000000E-012
       270     1.19999997E+001   7.10420226E+003  -2.10428130E-020  -1.24460552E-019  -1.19999997E+001  -1.97746624E-020   3.46944695E-019   1.73472348E-019  -7.01978406E+003  -7.01064104E+003  -1.41082541E+004  -2.29660313E+002  -3.56470166E+000   6.28438776E+000   1.74721812E-001   1.18507238E+001   0.00000000E+000   1.34486463E+015   1.66412256E+014   1.00000000E-014   2.70000000E-012
       271     1.19999997E+001   7.10389220E+003   6.77245855E-020  -1.90637586E-019  -1.19999997E+001  -2.50433894E-020  -1.73472348E-019   0.00000000E+000  -7.01990475E+003  -7.01073356E+003  -1.41080409E+004  -2.29754441E+002  -3.57688949E+000   6.30776004E+000   1.75363566E-001   1.18501762E+001   0.00000000E+000   1.35040810E+015   1.65363723E+014   1.00000000E-014   2.71000000E-012
       272     1.19999997E+001   7.10358697E+003   1.14918548E-020  -1.79569279E-022  -1.19999997E+001  -4.40077457E-020   1.73472348E-019   0.00000000E+000  -7.02002466E+003  -7.01082353E+003  -1.41078311E+004  -2.29847103E+002  -3.58898850E+000   6.32996804E+000   1.75995301E-001   1.18496372E+001   0.00000000E+000   1.35505973E+015   1.64710558E+014   1.00000000E-014   2.72000000E-012
       273     1.19999997E+001   7.10327663E+003   4.73871921E-020   2.48040162E-019  -1.19999997E+001  -4.40206910E-020   0.00000000E+000  -3.46944695E-019  -7.02014638E+003  -7.01091522E+003  -1.41076177E+004  -2.29941319E+002  -3.59981548E+000   6.35301615E+000   1.76637431E-001   1.18490891E+001   0.00000000E+000   1.35824547E+015   1.64440718E+014   1.00000000E-014   2.73000000E-012
       274     1.19999997E+001   7.10296864E+003   1.90486460E-020  -8.20309430E-020  -1.19999997E+001  -5.86815161E-020  -1.73472348E-019   0.00000000E+000  -7.02026698E+003  -7.01100640E+003  -1.41074059E+004  -2.30034821E+002  -3.61149824E+000   6.37547060E+000   1.77274715E-001   1.18485452E+001   0.00000000E+000   1.36250844E+015   1.64162454E+014   1.00000000E-014   2.74000000E-012
       275     1.19999997E+001   7.10265410E+003   1.68314711E-020  -9.94031421E-020  -1.19999997E+001   3.55946571E-020  -1.73472348E-019   1.73472348E-019  -7.02039068E+003  -7.01109900E+003  -1.41071896E+004  -2.30130315E+002  -3.62364317E+000   6.39889551E+000   1.77925899E-001   1.18479897E+001   0.00000000E+000   1.36683789E+015   1.63702797E+014   1.00000000E-014   2.75000000E-012
       276     1.19999997E+001   7.10234244E+003   3.94551917E-020  -2.12728933E-019  -1.19999997E+001  -2.18524988E-020   1.73472348E-019   3.46944695E-019  -7.02051306E+003  -7.01119093E+003  -1.41069752E+004  -2.30224936E+002  -3.63545491E+000   6.42236230E+000   1.78571134E-001   1.18474393E+001   0.00000000E+000   1.37189867E+015   1.62959583E+014   1.00000000E-014   2.76000000E-012
       277     1.19999997E+001   7.10203103E+003  -9.38188251E-021  -5.01996165E-020  -1.19999997E+001   5.46095128E-020   0.00000000E+000   1.73472348E-019  -7.02063549E+003  -7.01128265E+003  -1.41067611E+004  -2.30319479E+002  -3.64734121E+000   6.44497464E+000   1.79215598E-001   1.18468893E+001   0.00000000E+000   1.37457819E+015   1.62928572E+014   1.00000000E-014   2.77000000E-012
       278     1.19999997E+001   7.10171729E+003  -1.90823950E-020  -2.90935965E-020  -1.19999997E+001   3.31327194E-021   1.73472348E-019   5.20417043E-019  -7.02075920E+003  -7.01137470E+003  -1.41065453E+004  -2.30414734E+002  -3.65995112E+000   6.46774649E+000   1.79865124E-001   1.18463352E+001   0.00000000E+000   1.37943888E+015   1.62357755E+014   1.00000000E-014   2.78000000E-012
       279     1.19999997E+001   7.10140098E+003  -1.97113831E-020  -1.13538521E-019  -1.19999997E+001  -4.95494422E-020  -1.73472348E-019  -5.20417043E-019  -7.02088261E+003  -7.01146881E+003  -1.41063278E+004  -2.30510772E+002  -3.67208664E+000   6.49095993E+000   1.80519676E-001   1.18457766E+001   0.00000000E+000   1.38444402E+015   1.61733870E+014   1.00000000E-014   2.79000000E-012
       280     1.19999997E+001   7.10108529E+003   5.63300071E-020   6.28009583E-020  -1.19999997E+001  -1.80047854E-020   3.46944695E-019  -1.73472348E-019  -7.02100535E+003  -7.01156317E+003  -1.41061107E+004  -2.30606620E+002  -3.68364807E+000   6.51253609E+000   1.81172178E-001   1.18452191E+001   0.00000000E+000   1.38891941E+015   1.61426989E+014   1.00000000E-014   2.80000000E-012
       281     1.19999997E+001   7.10076896E+003  -1.10445155E-020   8.12529176E-020  -1.19999997E+001   1.91373611E-020   1.73472348E-019   0.00000000E+000  -7.02112927E+003  -7.01165681E+003  -1.41058932E+004  -2.30702666E+002  -3.69640316E+000   6.53558297E+000   1.81826966E-001   1.18446604E+001   0.00000000E+000   1.39325323E+015   1.60852090E+014   1.00000000E-014   2.81000000E-012
       282     1.19999997E+001   7.10045008E+003   3.43868907E-020   1.09289046E-019  -1.19999997E+001  -4.64506168E-020  -6.93889390E-019  -3.46944695E-019  -7.02125373E+003  -7.01175164E+003  -1.41056739E+004  -2.30799487E+002  -3.70849089E+000   6.55934999E+000   1.82486963E-001   1.18440973E+001   0.00000000E+000   1.39775472E+015   1.60419393E+014   1.00000000E-014   2.82000000E-012
       283     1.19999997E+001   7.10013399E+003   8.84388424E-021   1.53507020E-019  -1.19999997E+001   4.14173675E-020  -1.73472348E-019   0.00000000E+000  -7.02137736E+003  -7.01184541E+003  -1.41054565E+004  -2.30895465E+002  -3.72221448E+000   6.58272682E+000   1.83141584E-001   1.18435391E+001   0.00000000E+000   1.40228888E+015   1.59818609E+014   1.00000000E-014   2.83000000E-012
       284     1.19999997E+001   7.09981304E+003   2.21237727E-020  -3.45305058E-019  -1.19999997E+001   6.12606653E-020   3.46944695E-019  -3.46944695E-019  -7.02150397E+003  -7.01193953E+003  -1.41052357E+004  -2.30992916E+002  -3.73399610E+000   6.60559553E+000   1.83805704E-001   1.18429723E+001   0.00000000E+000   1.40498091E+015   1.59256890E+014   1.00000000E-014   2.84000000E-012
       285     1.19999997E+001   7.09949042E+003   3.18484388E-020   1.35550914E-019  -1.19999997E+001   3.68809229E-020  -1.73472348E-019   0.00000000E+000  -7.02163085E+003  -7.01203454E+003  -1.41050139E+004  -2.31090879E+002  -3.74679830E+000   6.62897940E+000   1.84473576E-001   1.18424025E+001   0.00000000E+000   1.40840534E+015   1.58796150E+014   1.00000000E-014   2.85000000E-012
       286     1.19999997E+001   7.09916741E+003  -1.14443416E-019   1.70505912E-020  -1.19999997E+001  -3.32108466E-020   3.46944695E-019  -1.73472348E-019  -7.02175732E+003  -7.01213022E+003  -1.41047917E+004  -2.31188962E+002  -3.75952024E+000   6.65272934E+000   1.85142241E-001   1.18418321E+001   0.00000000E+000   1.41297418E+015   1.57840764E+014   1.00000000E-014   2.86000000E-012
       287     1.19999997E+001   7.09884219E+003   4.70675695E-020   1.43130618E-019  -1.19999997E+001  -2.97218609E-020  -1.73472348E-019  -1.73472348E-019  -7.02188523E+003  -7.01222599E+003  -1.41045680E+004  -2.31287714E+002  -3.77144748E+000   6.67539706E+000   1.85814973E-001   1.18412577E+001   0.00000000E+000   1.41754055E+015   1.56895127E+014   1.00000000E-014   2.87000000E-012
       288     1.19999997E+001   7.09851506E+003  -3.63989248E-020   1.04128597E-019  -1.19999997E+001   4.06042283E-021  -8.67361738E-019   3.46944695E-019  -7.02201379E+003  -7.01232244E+003  -1.41043430E+004  -2.31387053E+002  -3.78463398E+000   6.69931244E+000   1.86492318E-001   1.18406800E+001   0.00000000E+000   1.42167189E+015   1.56249536E+014   1.00000000E-014   2.88000000E-012
       289     1.19999997E+001   7.09818472E+003   4.58062845E-020  -6.86539229E-021  -1.19999997E+001   7.18049640E-020   0.00000000E+000  -1.73472348E-019  -7.02214350E+003  -7.01241994E+003  -1.41041158E+004  -2.31487365E+002  -3.79791894E+000   6.72361464E+000   1.87176323E-001   1.18400966E+001   0.00000000E+000   1.42618287E+015   1.55757347E+014   1.00000000E-014   2.89000000E-012
       290     1.19999997E+001   7.09785186E+003   2.83312669E-020   7.21125718E-020  -1.19999997E+001   5.54358869E-020  -1.73472348E-019   0.00000000E+000  -7.02227394E+003  -7.01251845E+003  -1.41038869E+004  -2.31588445E+002  -3.81091703E+000   6.74712722E+000   1.87865092E-001   1.18395088E+001   0.00000000E+000   1.43071275E+015   1.55362443E+014   1.00000000E-014   2.90000000E-012
       291     1.19999997E+001   7.09752289E+003   2.54543327E-020   2.04658628E-019  -1.19999997E+001   6.16285746E-020   3.46944695E-019   0.00000000E+000  -7.02240355E+003  -7.01261512E+003  -1.41036606E+004  -2.31688345E+002  -3.82418819E+000   6.77088602E+000   1.88546236E-001   1.18389278E+001   0.00000000E+000   1.43567164E+015   1.54529559E+014   1.00000000E-014   2.91000000E-012
       292     1.19999997E+001   7.09718901E+003   4.96910555E-020  -1.23128564E-019  -1.19999997E+001   5.85482573E-021   1.73472348E-019   0.00000000E+000  -7.02253485E+003  -7.01271348E+003  -1.41034309E+004  -2.31789739E+002  -3.83844849E+000   6.79550003E+000   1.89237857E-001   1.18383382E+001   0.00000000E+000   1.44017864E+015   1.54258420E+014   1.00000000E-014   2.92000000E-012
       293     1.19999997E+001   7.09685789E+003   3.53404645E-021   8.15451191E-020  -1.19999997E+001   6.70459251E-020  -1.73472348E-019  -1.73472348E-019  -7.02266519E+003  -7.01281091E+003  -1.41032032E+004  -2.31890297E+002  -3.85133770E+000   6.81921378E+000   1.89923290E-001   1.18377534E+001   0.00000000E+000   1.44512167E+015   1.53537213E+014   1.00000000E-014   2.93000000E-012
       294     1.19999997E+001   7.09652025E+003  -1.01640645E-020  -5.00220105E-020  -1.19999997E+001   1.81191638E-020  -1.73472348E-019   3.46944695E-019  -7.02279794E+003  -7.01291041E+003  -1.41029709E+004  -2.31992836E+002  -3.86551085E+000   6.84389695E+000   1.90622591E-001   1.18371571E+001   0.00000000E+000   1.44791622E+015   1.53012072E+014   1.00000000E-014   2.94000000E-012
       295     1.19999997E+001   7.09618049E+003   5.96221859E-020   1.87814998E-019  -1.19999997E+001  -4.44446418E-020  -5.20417043E-019   1.73472348E-019  -7.02293093E+003  -7.01301114E+003  -1.41027372E+004  -2.32096021E+002  -3.87909376E+000   6.86839357E+000   1.91325903E-001   1.18365571E+001   0.00000000E+000   1.45142026E+015   1.52999646E+014   1.00000000E-014   2.95000000E-012
       296     1.19999997E+001   7.09584291E+003  -5.11065270E-020  -8.62117413E-020  -1.19999997E+001   2.34527004E-020  -1.73472348E-019  -1.73472348E-019  -7.02306351E+003  -7.01311078E+003  -1.41025050E+004  -2.32198545E+002  -3.89334014E+000   6.89304141E+000   1.92025075E-001   1.18359609E+001   0.00000000E+000   1.45630828E+015   1.52091549E+014   1.00000000E-014   2.96000000E-012
       297     1.19999997E+001   7.09550552E+003   1.12188852E-020  -9.92889705E-021  -1.19999997E+001  -3.91263047E-020  -5.20417043E-019  -1.73472348E-019  -7.02319659E+003  -7.01320979E+003  -1.41022729E+004  -2.32301014E+002  -3.90688224E+000   6.91675547E+000   1.92723521E-001   1.18353651E+001   0.00000000E+000   1.46074504E+015   1.51785463E+014   1.00000000E-014   2.97000000E-012
       298     1.19999997E+001   7.09516645E+003   3.96881258E-020  -1.63294635E-019  -1.19999997E+001  -2.94044923E-020  -3.46944695E-019   0.00000000E+000  -7.02333018E+003  -7.01330946E+003  -1.41020396E+004  -2.32403994E+002  -3.92042844E+000   6.94075982E+000   1.93425466E-001   1.18347663E+001   0.00000000E+000   1.46645521E+015   1.50477851E+014   1.00000000E-014   2.98000000E-012
       299     1.19999997E+001   7.09482590E+003   1.11447698E-020   9.03546754E-020  -1.19999997E+001   1.72562490E-020   6.93889390E-019  -5.20417043E-019  -7.02346397E+003  -7.01340994E+003  -1.41018053E+004  -2.32507424E+002  -3.93425396E+000   6.96542069E+000   1.94130637E-001   1.18341649E+001   0.00000000E+000   1.47065497E+015   1.49766867E+014   1.00000000E-014   2.99000000E-012
       300     1.19999997E+001   7.09448568E+003   5.82927413E-020  -1.26638870E-019  -1.19999997E+001   3.29138474E-020  -5.20417043E-019   3.46944695E-019  -7.02359793E+003  -7.01351004E+003  -1.41015713E+004  -2.32610757E+002  -3.94795958E+000   6.98944359E+000   1.94834971E-001   1.18335641E+001   0.00000000E+000   1.47572013E+015   1.48991803E+014   1.00000000E-014   3.00000000E-012
       301     1.19999997E+001   7.09414011E+003  -5.76988256E-020  -2.92988366E-019  -1.19999997E+001   6.73069833E-020   3.46944695E-019  -1.73472348E-019  -7.02373363E+003  -7.01361207E+003  -1.41013336E+004  -2.32715716E+002  -3.96169265E+000   7.01420345E+000   1.95550397E-001   1.18329538E+001   0.00000000E+000   1.48165459E+015   1.47490344E+014   1.00000000E-014   3.01000000E-012
       302     1.19999997E+001   7.09379429E+003   1.12665308E-020  -9.50324645E-020  -1.19999997E+001  -7.89208680E-020   1.73472348E-019   0.00000000E+000  -7.02386911E+003  -7.01371451E+003  -1.41010956E+004  -2.32820755E+002  -3.97558145E+000   7.03900975E+000   1.96266342E-001   1.18323431E+001   0.00000000E+000   1.48548546E+015   1.46901789E+014   1.00000000E-014   3.02000000E-012
       303     1.19999997E+001   7.09344978E+003   3.02979715E-020  -1.10314047E-019  -1.19999997E+001  -4.47463973E-020   0.00000000E+000  -1.73472348E-019  -7.02400498E+003  -7.01381565E+003  -1.41008586E+004  -2.32925396E+002  -3.98931686E+000   7.06326478E+000   1.96979580E-001   1.18317347E+001   0.00000000E+000   1.49058201E+015   1.46259158E+014   1.00000000E-014   3.03000000E-012
       304     1.19999997E+001   7.09310388E+003   3.11780916E-021   5.53807346E-020  -1.19999997E+001  -1.95123428E-020  -5.20417043E-019   1.73472348E-019  -7.02414138E+003  -7.01391723E+003  -1.41006206E+004  -2.33030461E+002  -4.00352537E+000   7.08808119E+000   1.97695959E-001   1.18311238E+001   0.00000000E+000   1.49508499E+015   1.45365824E+014   1.00000000E-014   3.04000000E-012
       305     1.19999997E+001   7.09275742E+003  -3.70947491E-020   1.32499279E-019  -1.19999997E+001  -6.02364916E-020   3.46944695E-019  -6.93889390E-019  -7.02427719E+003  -7.01401978E+003  -1.41003823E+004  -2.33135701E+002  -4.01830615E+000   7.11319031E+000   1.98413560E-001   1.18305120E+001   0.00000000E+000   1.49969847E+015   1.44865423E+014   1.00000000E-014   3.05000000E-012
       306     1.19999997E+001   7.09240750E+003   5.90520931E-020  -2.67202416E-019  -1.19999997E+001   4.49778424E-020   0.00000000E+000  -3.46944695E-019  -7.02441555E+003  -7.01412218E+003  -1.41001415E+004  -2.33241990E+002  -4.03278464E+000   7.13766078E+000   1.99138163E-001   1.18298941E+001   0.00000000E+000   1.50515353E+015   1.44077707E+014   1.00000000E-014   3.06000000E-012
       307     1.19999997E+001   7.09205800E+003  -4.08607370E-020   1.99782316E-019  -1.19999997E+001  -3.32318157E-020   5.20417043E-019   3.46944695E-019  -7.02455297E+003  -7.01422522E+003  -1.40999011E+004  -2.33348157E+002  -4.04749771E+000   7.16247147E+000   1.99861955E-001   1.18292768E+001   0.00000000E+000   1.51012631E+015   1.43556024E+014   1.00000000E-014   3.07000000E-012
       308     1.19999997E+001   7.09170349E+003  -2.82806434E-020  -9.41489529E-020  -1.19999997E+001  -3.16983883E-021   0.00000000E+000  -1.73472348E-019  -7.02469232E+003  -7.01432979E+003  -1.40996571E+004  -2.33455845E+002  -4.06237319E+000   7.18724547E+000   2.00595960E-001   1.18286508E+001   0.00000000E+000   1.51284422E+015   1.43232767E+014   1.00000000E-014   3.08000000E-012
       309     1.19999997E+001   7.09134948E+003   4.65471074E-020  -1.03724644E-019  -1.19999997E+001  -4.56016193E-020  -1.73472348E-019   1.73472348E-019  -7.02483168E+003  -7.01443401E+003  -1.40994136E+004  -2.33563386E+002  -4.07681825E+000   7.21186053E+000   2.01328872E-001   1.18280256E+001   0.00000000E+000   1.51688028E+015   1.42607795E+014   1.00000000E-014   3.09000000E-012
       310     1.19999997E+001   7.09099475E+003   1.57706947E-020  -6.13744026E-020  -1.19999997E+001  -4.13455889E-021  -3.46944695E-019   0.00000000E+000  -7.02497160E+003  -7.01453817E+003  -1.40991695E+004  -2.33671143E+002  -4.09093160E+000   7.23599217E+000   2.02063058E-001   1.18273992E+001   0.00000000E+000   1.52225747E+015   1.42032982E+014   1.00000000E-014   3.10000000E-012
       311     1.19999997E+001   7.09064109E+003  -2.25257824E-020   1.20554709E-019  -1.19999997E+001  -1.03459450E-019  -3.46944695E-019   0.00000000E+000  -7.02511071E+003  -7.01464239E+003  -1.40989261E+004  -2.33778578E+002  -4.10515072E+000   7.26044732E+000   2.02795135E-001   1.18267746E+001   0.00000000E+000   1.52709692E+015   1.41450852E+014   1.00000000E-014   3.11000000E-012
       312     1.19999997E+001   7.09028315E+003  -2.20926707E-020   2.74135761E-019  -1.19999997E+001  -2.36643759E-020   5.20417043E-019   1.73472348E-019  -7.02525095E+003  -7.01474846E+003  -1.40986798E+004  -2.33887318E+002  -4.12046611E+000   7.28564168E+000   2.03536343E-001   1.18261425E+001   0.00000000E+000   1.53093627E+015   1.40872696E+014   1.00000000E-014   3.12000000E-012
       313     1.19999997E+001   7.08992222E+003  -4.51227024E-020  -1.35719824E-019  -1.19999997E+001  -1.79663422E-020  -3.46944695E-019   3.46944695E-019  -7.02539283E+003  -7.01485493E+003  -1.40984315E+004  -2.33996964E+002  -4.13493124E+000   7.31053556E+000   2.04283438E-001   1.18255051E+001   0.00000000E+000   1.53580248E+015   1.40113506E+014   1.00000000E-014   3.13000000E-012
       314     1.19999997E+001   7.08955462E+003  -2.44018281E-021   1.66230216E-019  -1.19999997E+001   1.16017251E-019   1.73472348E-019   0.00000000E+000  -7.02553939E+003  -7.01496133E+003  -1.40981785E+004  -2.34108643E+002  -4.14918952E+000   7.33442670E+000   2.05044198E-001   1.18248559E+001   0.00000000E+000   1.54068090E+015   1.39524172E+014   1.00000000E-014   3.14000000E-012
       315     1.19999997E+001   7.08918862E+003   1.34933010E-020  -1.60089227E-020  -1.19999997E+001  -1.03283777E-019   0.00000000E+000  -6.93889390E-019  -7.02568466E+003  -7.01506792E+003  -1.40979267E+004  -2.34219837E+002  -4.16509805E+000   7.35951593E+000   2.05802334E-001   1.18242096E+001   0.00000000E+000   1.54489708E+015   1.39139045E+014   1.00000000E-014   3.15000000E-012
       316     1.19999997E+001   7.08881924E+003  -5.09146211E-021   2.86121774E-020  -1.19999997E+001  -6.14111915E-020   0.00000000E+000   0.00000000E+000  -7.02582743E+003  -7.01517932E+003  -1.40976725E+004  -2.34332056E+002  -4.18010278E+000   7.38537290E+000   2.06566636E-001   1.18235573E+001   0.00000000E+000   1.54694647E+015   1.39186483E+014   1.00000000E-014   3.16000000E-012
       317     1.19999997E+001   7.08844478E+003   2.21333680E-020   3.83092157E-020  -1.19999997E+001   8.54345844E-020   3.46944695E-019   3.46944695E-019  -7.02597548E+003  -7.01528896E+003  -1.40974148E+004  -2.34445823E+002  -4.19437124E+000   7.40966164E+000   2.07341292E-001   1.18228960E+001   0.00000000E+000   1.54776422E+015   1.39534960E+014   1.00000000E-014   3.17000000E-012
       318     1.19999997E+001   7.08807148E+003  -3.68475876E-020   2.18734678E-019  -1.19999997E+001  -6.47020262E-020  -1.73472348E-019   3.46944695E-019  -7.02612203E+003  -7.01539930E+003  -1.40971579E+004  -2.34559238E+002  -4.20970857E+000   7.43534722E+000   2.08114088E-001   1.18222368E+001   0.00000000E+000   1.55152992E+015   1.39368403E+014   1.00000000E-014   3.18000000E-012
       319     1.19999997E+001   7.08769309E+003   3.04389231E-020  -7.59035819E-020  -1.19999997E+001   4.93719292E-021  -1.73472348E-019   1.73472348E-019  -7.02627396E+003  -7.01550778E+003  -1.40968975E+004  -2.34674207E+002  -4.22617214E+000   7.46017203E+000   2.08897942E-001   1.18215686E+001   0.00000000E+000   1.55289515E+015   1.40247611E+014   1.00000000E-014   3.19000000E-012
       320     1.19999997E+001   7.08732137E+003  -2.24490201E-020   9.89948250E-020  -1.19999997E+001   9.88048630E-021  -1.73472348E-019   1.73472348E-019  -7.02642093E+003  -7.01561662E+003  -1.40966417E+004  -2.34787148E+002  -4.24274977E+000   7.48557428E+000   2.09667940E-001   1.18209121E+001   0.00000000E+000   1.55543629E+015   1.40951431E+014   1.00000000E-014   3.20000000E-012
       321     1.19999997E+001   7.08694404E+003  -5.73927687E-020  -1.59696647E-019  -1.19999997E+001  -6.43966828E-020   1.73472348E-019   0.00000000E+000  -7.02657175E+003  -7.01572549E+003  -1.40963820E+004  -2.34901800E+002  -4.26114561E+000   7.51048046E+000   2.10449975E-001   1.18202458E+001   0.00000000E+000   1.55867742E+015   1.41456659E+014   1.00000000E-014   3.21000000E-012
       322     1.19999997E+001   7.08656583E+003   2.97854504E-020  -2.02705572E-020  -1.19999997E+001  -5.99343329E-020  -5.20417043E-019   0.00000000E+000  -7.02671882E+003  -7.01583871E+003  -1.40961217E+004  -2.35016716E+002  -4.27344649E+000   7.53707505E+000   2.11232190E-001   1.18195779E+001   0.00000000E+000   1.56101618E+015   1.42178838E+014   1.00000000E-014   3.22000000E-012
       323     1.19999997E+001   7.08618924E+003   2.00045359E-021  -2.47198625E-019  -1.19999997E+001  -1.16837711E-019  -1.73472348E-019   1.73472348E-019  -7.02686793E+003  -7.01594879E+003  -1.40958625E+004  -2.35131145E+002  -4.28813867E+000   7.56268273E+000   2.12011875E-001   1.18189129E+001   0.00000000E+000   1.56125199E+015   1.43944562E+014   1.00000000E-014   3.23000000E-012
       324     1.19999997E+001   7.08581583E+003   3.43650531E-020  -4.81582898E-020  -1.19999997E+001   2.37059417E-020   1.73472348E-019  -1.73472348E-019  -7.02701332E+003  -7.01606039E+003  -1.40956055E+004  -2.35244608E+002  -4.30284069E+000   7.58921187E+000   2.12784892E-001   1.18182534E+001   0.00000000E+000   1.56225887E+015   1.44283145E+014   1.00000000E-014   3.24000000E-012
       325     1.19999997E+001   7.08544189E+003  -5.53125749E-020  -1.11242723E-019  -1.19999997E+001   1.08073174E-019   5.20417043E-019  -6.93889390E-019  -7.02716151E+003  -7.01616957E+003  -1.40953482E+004  -2.35358233E+002  -4.31557144E+000   7.61239403E+000   2.13557945E-001   1.18175931E+001   0.00000000E+000   1.56313197E+015   1.45110287E+014   1.00000000E-014   3.25000000E-012
       326     1.19999997E+001   7.08506683E+003  -7.28868542E-020   1.19930270E-019  -1.19999997E+001   1.41043807E-020  -1.73472348E-019   5.20417043E-019  -7.02730895E+003  -7.01628027E+003  -1.40950900E+004  -2.35472203E+002  -4.33100074E+000   7.63887544E+000   2.14334794E-001   1.18169308E+001   0.00000000E+000   1.56554577E+015   1.45804646E+014   1.00000000E-014   3.26000000E-012
       327     1.19999997E+001   7.08470050E+003  -1.53696775E-020   5.90401817E-020  -1.19999997E+001   5.29220540E-020   1.73472348E-019  -1.73472348E-019  -7.02745349E+003  -7.01638788E+003  -1.40948379E+004  -2.35583523E+002  -4.34658298E+000   7.66550535E+000   2.15094053E-001   1.18162839E+001   0.00000000E+000   1.56930586E+015   1.45892431E+014   1.00000000E-014   3.27000000E-012
       328     1.19999997E+001   7.08432684E+003  -3.38412823E-020  -1.49972477E-019  -1.19999997E+001   1.27356729E-019   5.20417043E-019  -3.46944695E-019  -7.02760003E+003  -7.01649853E+003  -1.40945807E+004  -2.35697071E+002  -4.35987911E+000   7.68978227E+000   2.15866773E-001   1.18156240E+001   0.00000000E+000   1.57450500E+015   1.44257758E+014   1.00000000E-014   3.28000000E-012
       329     1.19999997E+001   7.08395336E+003  -6.89438497E-021  -1.55017452E-019  -1.19999997E+001   5.11375256E-020  -1.73472348E-019  -1.38777878E-018  -7.02774730E+003  -7.01660832E+003  -1.40943236E+004  -2.35810562E+002  -4.37309030E+000   7.71237894E+000   2.16638692E-001   1.18149645E+001   0.00000000E+000   1.57825306E+015   1.44042297E+014   1.00000000E-014   3.29000000E-012
       330     1.19999997E+001   7.08358322E+003  -6.46183568E-020  -1.18448624E-019  -1.19999997E+001  -9.67537239E-020   3.46944695E-019   5.20417043E-019  -7.02789373E+003  -7.01671666E+003  -1.40940689E+004  -2.35923041E+002  -4.38668868E+000   7.73588835E+000   2.17404314E-001   1.18143108E+001   0.00000000E+000   1.58257092E+015   1.43025510E+014   1.00000000E-014   3.30000000E-012
       331     1.19999997E+001   7.08320948E+003  -2.63847454E-020  -4.76934143E-020  -1.19999997E+001   4.07155048E-020   1.21430643E-018  -1.73472348E-019  -7.02804134E+003  -7.01682631E+003  -1.40938116E+004  -2.36036621E+002  -4.40109108E+000   7.76043113E+000   2.18177801E-001   1.18136508E+001   0.00000000E+000   1.58504365E+015   1.41971401E+014   1.00000000E-014   3.31000000E-012
       332     1.19999997E+001   7.08283494E+003  -6.19372990E-020   3.92720539E-020  -1.19999997E+001  -8.06486208E-020  -1.73472348E-019   1.73472348E-019  -7.02818824E+003  -7.01693722E+003  -1.40935538E+004  -2.36150444E+002  -4.41544014E+000   7.78575291E+000   2.18952957E-001   1.18129894E+001   0.00000000E+000   1.58760758E+015   1.42032074E+014   1.00000000E-014   3.32000000E-012
       333     1.19999997E+001   7.08245798E+003  -3.93529522E-020   1.01351959E-019  -1.19999997E+001   1.11516820E-019   3.46944695E-019   0.00000000E+000  -7.02833740E+003  -7.01704755E+003  -1.40932943E+004  -2.36265005E+002  -4.42985641E+000   7.80929408E+000   2.19732740E-001   1.18123237E+001   0.00000000E+000   1.59371872E+015   1.40448659E+014   1.00000000E-014   3.33000000E-012
       334     1.19999997E+001   7.08208384E+003  -8.15358547E-020   1.82652067E-019  -1.19999997E+001  -1.20114240E-019  -1.73472348E-019   1.73472348E-019  -7.02848472E+003  -7.01715777E+003  -1.40930368E+004  -2.36378710E+002  -4.44324246E+000   7.83286993E+000   2.20506419E-001   1.18116630E+001   0.00000000E+000   1.59784198E+015   1.40036986E+014   1.00000000E-014   3.34000000E-012
       335     1.19999997E+001   7.08171138E+003  -9.52293335E-020   6.37857168E-020  -1.19999997E+001   2.54744539E-020  -1.73472348E-019  -3.46944695E-019  -7.02863202E+003  -7.01726687E+003  -1.40927804E+004  -2.36491906E+002  -4.45781877E+000   7.85678712E+000   2.21277191E-001   1.18110053E+001   0.00000000E+000   1.60270079E+015   1.39250152E+014   1.00000000E-014   3.35000000E-012
       336     1.19999997E+001   7.08133276E+003  -9.82290212E-020  -1.62414266E-019  -1.19999997E+001   4.66222516E-020   0.00000000E+000   1.73472348E-019  -7.02878142E+003  -7.01737811E+003  -1.40925197E+004  -2.36606982E+002  -4.47393789E+000   7.88155216E+000   2.22061130E-001   1.18103367E+001   0.00000000E+000   1.60725651E+015   1.38307799E+014   1.00000000E-014   3.36000000E-012
       337     1.19999997E+001   7.08095429E+003   5.97270724E-020  -5.67849564E-020  -1.19999997E+001   4.17803964E-020   1.73472348E-019   0.00000000E+000  -7.02893061E+003  -7.01748947E+003  -1.40922592E+004  -2.36722011E+002  -4.48832189E+000   7.90648521E+000   2.22844403E-001   1.18096683E+001   0.00000000E+000   1.61220336E+015   1.37298326E+014   1.00000000E-014   3.37000000E-012
       338     1.19999997E+001   7.08057573E+003   1.72758325E-020   3.77563282E-020  -1.19999997E+001  -2.58043542E-020   5.20417043E-019   5.20417043E-019  -7.02908035E+003  -7.01760034E+003  -1.40919986E+004  -2.36837068E+002  -4.50276289E+000   7.93062916E+000   2.23627715E-001   1.18089999E+001   0.00000000E+000   1.61680605E+015   1.36478481E+014   1.00000000E-014   3.38000000E-012
       339     1.19999997E+001   7.08019481E+003   3.88946941E-020  -2.25755953E-019  -1.19999997E+001   1.16149703E-020  -6.93889390E-019   0.00000000E+000  -7.02922945E+003  -7.01771348E+003  -1.40917363E+004  -2.36952848E+002  -4.51904642E+000   7.95584757E+000   2.24416322E-001   1.18083272E+001   0.00000000E+000   1.62248605E+015   1.35479748E+014   1.00000000E-014   3.39000000E-012
       340     1.19999997E+001   7.07980923E+003   3.87209862E-020  -2.33651722E-019  -1.19999997E+001  -1.51190315E-020   0.00000000E+000   0.00000000E+000  -7.02938214E+003  -7.01782624E+003  -1.40914709E+004  -2.37070042E+002  -4.53255323E+000   7.98035045E+000   2.25213931E-001   1.18076463E+001   0.00000000E+000   1.62806448E+015   1.34199890E+014   1.00000000E-014   3.40000000E-012
       341     1.19999997E+001   7.07942680E+003   1.12304657E-020   4.57669107E-020  -1.19999997E+001   3.48326790E-020  -1.73472348E-019   0.00000000E+000  -7.02953301E+003  -7.01793866E+003  -1.40912076E+004  -2.37186283E+002  -4.54699856E+000   8.00521575E+000   2.26005349E-001   1.18069710E+001   0.00000000E+000   1.63303109E+015   1.33557118E+014   1.00000000E-014   3.41000000E-012
       342     1.19999997E+001   7.07904307E+003   4.89300493E-020  -5.33605941E-020  -1.19999997E+001  -1.00219259E-019   6.93889390E-019   0.00000000E+000  -7.02968485E+003  -7.01805101E+003  -1.40909434E+004  -2.37302923E+002  -4.56160279E+000   8.02938773E+000   2.26799335E-001   1.18062933E+001   0.00000000E+000   1.63909571E+015   1.32347356E+014   1.00000000E-014   3.42000000E-012
       343     1.19999997E+001   7.07865902E+003   6.52016846E-021  -5.39880933E-020  -1.19999997E+001  -3.53658796E-020  -1.73472348E-019   1.73472348E-019  -7.02983726E+003  -7.01816303E+003  -1.40906790E+004  -2.37419663E+002  -4.57658601E+000   8.05430938E+000   2.27594420E-001   1.18056151E+001   0.00000000E+000   1.64499787E+015   1.31016485E+014   1.00000000E-014   3.43000000E-012
       344     1.19999997E+001   7.07827094E+003  -2.46982896E-020   1.44320187E-019  -1.19999997E+001   2.31823364E-020  -6.93889390E-019   0.00000000E+000  -7.02999094E+003  -7.01827653E+003  -1.40904118E+004  -2.37537626E+002  -4.59110469E+000   8.07841941E+000   2.28397277E-001   1.18049298E+001   0.00000000E+000   1.65067864E+015   1.29757153E+014   1.00000000E-014   3.44000000E-012
       345     1.19999997E+001   7.07788339E+003   6.70056001E-020  -7.36708560E-020  -1.19999997E+001  -2.82497896E-020  -3.46944695E-019   1.73472348E-019  -7.03014387E+003  -7.01839045E+003  -1.40901449E+004  -2.37655435E+002  -4.60596718E+000   8.10311053E+000   2.29199252E-001   1.18042455E+001   0.00000000E+000   1.65601530E+015   1.29115827E+014   1.00000000E-014   3.45000000E-012
       346     1.19999997E+001   7.07749567E+003  -6.06171188E-020  -2.66695603E-019  -1.19999997E+001   1.33146921E-020  -1.73472348E-019   0.00000000E+000  -7.03029649E+003  -7.01850478E+003  -1.40898780E+004  -2.37773295E+002  -4.62066640E+000   8.12825383E+000   2.30001613E-001   1.18035608E+001   0.00000000E+000   1.66126062E+015   1.28463100E+014   1.00000000E-014   3.46000000E-012
       347     1.19999997E+001   7.07710189E+003   6.00863997E-022  -1.88098555E-019  -1.19999997E+001  -1.78133345E-022   3.46944695E-019   1.04083409E-018  -7.03045223E+003  -7.01862018E+003  -1.40896068E+004  -2.37893001E+002  -4.63553970E+000   8.15254251E+000   2.30816261E-001   1.18028654E+001   0.00000000E+000   1.66632930E+015   1.27402309E+014   1.00000000E-014   3.47000000E-012
       348     1.19999997E+001   7.07670451E+003   7.68503729E-020   5.71244314E-020  -1.19999997E+001  -7.69054424E-020   1.73472348E-019  -6.93889390E-019  -7.03060822E+003  -7.01873780E+003  -1.40893332E+004  -2.38013800E+002  -4.65018626E+000   8.17667723E+000   2.31637905E-001   1.18021637E+001   0.00000000E+000   1.67180753E+015   1.26257366E+014   1.00000000E-014   3.48000000E-012
       349     1.19999997E+001   7.07631227E+003  -5.43576776E-020   6.05410182E-020  -1.19999997E+001  -1.04693107E-019  -3.46944695E-019   0.00000000E+000  -7.03076266E+003  -7.01885345E+003  -1.40890631E+004  -2.38133043E+002  -4.66599684E+000   8.20221310E+000   2.32449922E-001   1.18014711E+001   0.00000000E+000   1.67571157E+015   1.25510657E+014   1.00000000E-014   3.49000000E-012
       350     1.19999997E+001   7.07591280E+003  -5.53317655E-020  -7.66796428E-021  -1.19999997E+001   3.03044442E-020  -6.93889390E-019   3.46944695E-019  -7.03092073E+003  -7.01897045E+003  -1.40887881E+004  -2.38254486E+002  -4.68224072E+000   8.22801170E+000   2.33277046E-001   1.18007657E+001   0.00000000E+000   1.67998073E+015   1.24931018E+014   1.00000000E-014   3.50000000E-012
       351     1.19999997E+001   7.07551717E+003   2.80857596E-020   2.38595946E-019  -1.19999997E+001  -3.70922262E-020  -1.73472348E-019   3.46944695E-019  -7.03107669E+003  -7.01908693E+003  -1.40885156E+004  -2.38374763E+002  -4.69748653E+000   8.25308572E+000   2.34095764E-001   1.18000670E+001   0.00000000E+000   1.68526514E+015   1.23944978E+014   1.00000000E-014   3.51000000E-012
       352     1.19999997E+001   7.07511739E+003   4.93972409E-020  -2.01160730E-019  -1.19999997E+001  -5.49300453E-020   6.93889390E-019   1.73472348E-019  -7.03123421E+003  -7.01920470E+003  -1.40882403E+004  -2.38496307E+002  -4.71302711E+000   8.27837737E+000   2.34923106E-001   1.17993611E+001   0.00000000E+000   1.68979781E+015   1.23268054E+014   1.00000000E-014   3.52000000E-012
       353     1.19999997E+001   7.07471578E+003   1.92316184E-020  -2.48557848E-020  -1.19999997E+001  -1.64890597E-020  -1.73472348E-019  -5.20417043E-019  -7.03139329E+003  -7.01932218E+003  -1.40879638E+004  -2.38618408E+002  -4.72844391E+000   8.30427949E+000   2.35754531E-001   1.17986519E+001   0.00000000E+000   1.69483810E+015   1.22097085E+014   1.00000000E-014   3.53000000E-012
       354     1.19999997E+001   7.07431440E+003   3.60955150E-020  -8.55698491E-020  -1.19999997E+001   6.02249524E-020   3.46944695E-019  -1.73472348E-019  -7.03155177E+003  -7.01944012E+003  -1.40876874E+004  -2.38740442E+002  -4.74407295E+000   8.32968582E+000   2.36585282E-001   1.17979431E+001   0.00000000E+000   1.70002385E+015   1.21593432E+014   1.00000000E-014   3.54000000E-012
       355     1.19999997E+001   7.07390923E+003  -1.21145564E-020   5.94491398E-020  -1.19999997E+001  -5.30066849E-020  -5.20417043E-019   1.73472348E-019  -7.03171190E+003  -7.01955901E+003  -1.40874083E+004  -2.38863630E+002  -4.75921293E+000   8.35523001E+000   2.37423755E-001   1.17972276E+001   0.00000000E+000   1.70624904E+015   1.19581856E+014   1.00000000E-014   3.55000000E-012
       356     1.19999997E+001   7.07349889E+003   2.46168950E-020  -7.30681722E-020  -1.19999997E+001  -9.91169169E-020   1.73472348E-019   1.73472348E-019  -7.03187391E+003  -7.01967959E+003  -1.40871257E+004  -2.38988392E+002  -4.77528580E+000   8.38173920E+000   2.38273275E-001   1.17965030E+001   0.00000000E+000   1.71212230E+015   1.18156252E+014   1.00000000E-014   3.56000000E-012
       357     1.19999997E+001   7.07308908E+003  -3.47501884E-020  -2.24656630E-019  -1.19999997E+001   6.76924495E-020   0.00000000E+000   1.73472348E-019  -7.03203583E+003  -7.01979990E+003  -1.40868435E+004  -2.39112994E+002  -4.78972858E+000   8.40637160E+000   2.39120765E-001   1.17957794E+001   0.00000000E+000   1.71741666E+015   1.17199761E+014   1.00000000E-014   3.57000000E-012
       358     1.19999997E+001   7.07268016E+003  -9.65286688E-021   1.32091810E-019  -1.19999997E+001   6.45339017E-020  -1.73472348E-019   3.46944695E-019  -7.03219764E+003  -7.01991972E+003  -1.40865619E+004  -2.39237332E+002  -4.80562915E+000   8.43162263E+000   2.39967058E-001   1.17950573E+001   0.00000000E+000   1.72217517E+015   1.16375953E+014   1.00000000E-014   3.58000000E-012
       359     1.19999997E+001   7.07226523E+003   4.09037504E-020   5.18053291E-020  -1.19999997E+001   1.17678478E-019  -1.73472348E-019  -6.93889390E-019  -7.03236206E+003  -7.02004106E+003  -1.40862761E+004  -2.39363497E+002  -4.82099474E+000   8.45631498E+000   2.40825350E-001   1.17943246E+001   0.00000000E+000   1.72625066E+015   1.15850937E+014   1.00000000E-014   3.59000000E-012
       360     1.19999997E+001   7.07184909E+003   3.83229469E-020  -2.00401709E-019  -1.19999997E+001  -8.04965230E-020  -3.46944695E-019   1.73472348E-019  -7.03252714E+003  -7.02016259E+003  -1.40859895E+004  -2.39490032E+002  -4.83617750E+000   8.48147561E+000   2.41686282E-001   1.17935897E+001   0.00000000E+000   1.73194080E+015   1.14545631E+014   1.00000000E-014   3.60000000E-012
       361     1.19999997E+001   7.07143332E+003   9.04849563E-020   1.16670517E-019  -1.19999997E+001   8.85536137E-021  -1.21430643E-018  -1.73472348E-019  -7.03269210E+003  -7.02028399E+003  -1.40857031E+004  -2.39616459E+002  -4.85133348E+000   8.50702866E+000   2.42546624E-001   1.17928555E+001   0.00000000E+000   1.73694303E+015   1.14433468E+014   1.00000000E-014   3.61000000E-012
       362     1.19999997E+001   7.07101591E+003   3.70907787E-021  -7.38559790E-020  -1.19999997E+001  -4.81638319E-021  -5.20417043E-019   0.00000000E+000  -7.03285621E+003  -7.02040738E+003  -1.40854156E+004  -2.39743388E+002  -4.86840512E+000   8.53384264E+000   2.43410869E-001   1.17921185E+001   0.00000000E+000   1.74193697E+015   1.13981745E+014   1.00000000E-014   3.62000000E-012
       363     1.19999997E+001   7.07059962E+003   4.83887423E-020   1.06802914E-019  -1.19999997E+001  -3.97521702E-020   1.73472348E-019  -1.73472348E-019  -7.03302224E+003  -7.02052808E+003  -1.40851289E+004  -2.39869975E+002  -4.88283130E+000   8.55808933E+000   2.44271865E-001   1.17913834E+001   0.00000000E+000   1.74731388E+015   1.13540190E+014   1.00000000E-014   3.63000000E-012
       364     1.19999997E+001   7.07017963E+003  -3.65713092E-020  -9.96822121E-020  -1.19999997E+001  -1.07747492E-019  -3.46944695E-019  -3.46944695E-019  -7.03318922E+003  -7.02065038E+003  -1.40848396E+004  -2.39997696E+002  -4.89969024E+000   8.58412029E+000   2.45141484E-001   1.17906417E+001   0.00000000E+000   1.75205280E+015   1.12958419E+014   1.00000000E-014   3.64000000E-012
       365     1.19999997E+001   7.06975469E+003   7.57320247E-020   8.06686386E-020  -1.19999997E+001   1.07328339E-020  -1.73472348E-019   3.46944695E-019  -7.03335878E+003  -7.02077353E+003  -1.40845469E+004  -2.40126923E+002  -4.91657386E+000   8.60988235E+000   2.46021256E-001   1.17898914E+001   0.00000000E+000   1.75669222E+015   1.12380642E+014   1.00000000E-014   3.65000000E-012
       366     1.19999997E+001   7.06932685E+003   4.01930368E-020   2.20669950E-019  -1.19999997E+001  -6.34286850E-020  -1.73472348E-019  -3.46944695E-019  -7.03352986E+003  -7.02089716E+003  -1.40842522E+004  -2.40257036E+002  -4.93275815E+000   8.63615021E+000   2.46907063E-001   1.17891359E+001   0.00000000E+000   1.76134755E+015   1.11521567E+014   1.00000000E-014   3.66000000E-012
       367     1.19999997E+001   7.06890218E+003  -3.21422534E-020  -1.37065482E-019  -1.19999997E+001   6.81797002E-020   3.46944695E-019   0.00000000E+000  -7.03369897E+003  -7.02102059E+003  -1.40839597E+004  -2.40386189E+002  -4.94975776E+000   8.66226180E+000   2.47786409E-001   1.17883860E+001   0.00000000E+000   1.76577933E+015   1.11069223E+014   1.00000000E-014   3.67000000E-012
       368     1.19999997E+001   7.06847461E+003   2.61984644E-020  -3.88391076E-020  -1.19999997E+001  -1.76841909E-020   6.93889390E-019  -1.73472348E-019  -7.03386899E+003  -7.02114510E+003  -1.40836652E+004  -2.40516224E+002  -4.96656008E+000   8.68823994E+000   2.48671536E-001   1.17876310E+001   0.00000000E+000   1.77090622E+015   1.10340953E+014   1.00000000E-014   3.68000000E-012
       369     1.19999997E+001   7.06804718E+003  -6.38166534E-020   1.44086922E-019  -1.19999997E+001  -8.73991177E-020  -1.73472348E-019   0.00000000E+000  -7.03403874E+003  -7.02126979E+003  -1.40833707E+004  -2.40646218E+002  -4.98286560E+000   8.71440237E+000   2.49556305E-001   1.17868762E+001   0.00000000E+000   1.77599480E+015   1.09622301E+014   1.00000000E-014   3.69000000E-012
       370     1.19999997E+001   7.06761315E+003   2.31259847E-020   4.51842447E-020  -1.19999997E+001  -1.37109922E-019   0.00000000E+000  -3.46944695E-019  -7.03421029E+003  -7.02139724E+003  -1.40830717E+004  -2.40778227E+002  -5.00018560E+000   8.74225093E+000   2.50455212E-001   1.17861098E+001   0.00000000E+000   1.77927160E+015   1.08905846E+014   1.00000000E-014   3.70000000E-012
       371     1.19999997E+001   7.06718140E+003  -2.98413678E-020   1.35827358E-019  -1.19999997E+001   1.28327146E-020  -3.46944695E-019   3.46944695E-019  -7.03438249E+003  -7.02152248E+003  -1.40827743E+004  -2.40909543E+002  -5.01725631E+000   8.76875987E+000   2.51349284E-001   1.17853474E+001   0.00000000E+000   1.78407536E+015   1.08297510E+014   1.00000000E-014   3.71000000E-012
       372     1.19999997E+001   7.06674900E+003  -7.03513802E-020  -4.16779915E-020  -1.19999997E+001  -1.56789397E-020   0.00000000E+000  -6.93889390E-019  -7.03455474E+003  -7.02164813E+003  -1.40824764E+004  -2.41041061E+002  -5.03476510E+000   8.79531870E+000   2.52244776E-001   1.17845838E+001   0.00000000E+000   1.78869192E+015   1.07671423E+014   1.00000000E-014   3.72000000E-012
       373     1.19999997E+001   7.06631023E+003   2.65888936E-021  -1.69543240E-019  -1.19999997E+001  -1.06601288E-019  -3.46944695E-019  -5.20417043E-019  -7.03472779E+003  -7.02177735E+003  -1.40821741E+004  -2.41174515E+002  -5.05119890E+000   8.82130917E+000   2.53152488E-001   1.17838091E+001   0.00000000E+000   1.79342635E+015   1.06929640E+014   1.00000000E-014   3.73000000E-012
       374     1.19999997E+001   7.06586631E+003   1.89060401E-020   6.06257215E-020  -1.19999997E+001  -7.59676471E-021  -6.93889390E-019  -1.73472348E-019  -7.03490348E+003  -7.02190749E+003  -1.40818683E+004  -2.41309538E+002  -5.06892760E+000   8.84761668E+000   2.54071248E-001   1.17830252E+001   0.00000000E+000   1.79837199E+015   1.05957004E+014   1.00000000E-014   3.74000000E-012
       375     1.19999997E+001   7.06542973E+003  -4.09633074E-020  -7.27111611E-020  -1.19999997E+001  -1.02408475E-020   5.20417043E-019   5.20417043E-019  -7.03507802E+003  -7.02203374E+003  -1.40815675E+004  -2.41442335E+002  -5.08592975E+000   8.87405650E+000   2.54975308E-001   1.17822543E+001   0.00000000E+000   1.80376279E+015   1.04936178E+014   1.00000000E-014   3.75000000E-012
       376     1.19999997E+001   7.06498886E+003  -3.81244236E-020   1.06514724E-019  -1.19999997E+001   8.66198102E-020   0.00000000E+000   6.93889390E-019  -7.03525458E+003  -7.02216094E+003  -1.40812637E+004  -2.41576443E+002  -5.10320677E+000   8.90038146E+000   2.55888248E-001   1.17814758E+001   0.00000000E+000   1.80728810E+015   1.04561974E+014   1.00000000E-014   3.76000000E-012
       377     1.19999997E+001   7.06454212E+003  -1.06450204E-019   6.05969356E-020  -1.19999997E+001   1.02052891E-020   1.73472348E-019   5.20417043E-019  -7.03543140E+003  -7.02229192E+003  -1.40809559E+004  -2.41712337E+002  -5.12073361E+000   8.92888327E+000   2.56813537E-001   1.17806869E+001   0.00000000E+000   1.80910065E+015   1.04660943E+014   1.00000000E-014   3.77000000E-012
       378     1.19999997E+001   7.06408940E+003  -2.21955719E-020   9.26058474E-020  -1.19999997E+001  -1.06856846E-019  -3.46944695E-019  -1.73472348E-019  -7.03561065E+003  -7.02242459E+003  -1.40806440E+004  -2.41850052E+002  -5.13779003E+000   8.95737077E+000   2.57750951E-001   1.17798875E+001   0.00000000E+000   1.81538079E+015   1.03489414E+014   1.00000000E-014   3.78000000E-012
       379     1.19999997E+001   7.06363862E+003   4.76058986E-020  -9.76470170E-021  -1.19999997E+001  -8.75664667E-020   3.46944695E-019  -5.20417043E-019  -7.03579073E+003  -7.02255512E+003  -1.40803334E+004  -2.41987183E+002  -5.15532944E+000   8.98493918E+000   2.58684566E-001   1.17790915E+001   0.00000000E+000   1.81805227E+015   1.03023920E+014   1.00000000E-014   3.79000000E-012
       380     1.19999997E+001   7.06318742E+003  -3.84698542E-020  -2.38066882E-019  -1.19999997E+001   6.22910583E-020   0.00000000E+000  -1.73472348E-019  -7.03596993E+003  -7.02268681E+003  -1.40800225E+004  -2.42124442E+002  -5.17088387E+000   9.01152086E+000   2.59618079E-001   1.17782948E+001   0.00000000E+000   1.82129652E+015   1.03305244E+014   1.00000000E-014   3.80000000E-012
       381     1.19999997E+001   7.06273676E+003  -1.92521324E-020  -2.64002964E-021  -1.19999997E+001   1.98956169E-020   1.73472348E-019  -1.73472348E-019  -7.03615012E+003  -7.02281715E+003  -1.40797120E+004  -2.42261538E+002  -5.18969743E+000   9.03647718E+000   2.60550906E-001   1.17774990E+001   0.00000000E+000   1.82635736E+015   1.02201484E+014   1.00000000E-014   3.81000000E-012
       382     1.19999997E+001   7.06228873E+003   6.88399558E-020  -1.37804981E-020  -1.19999997E+001   5.71834817E-020   1.73472348E-019  -1.73472348E-019  -7.03632834E+003  -7.02294765E+003  -1.40794032E+004  -2.42397840E+002  -5.20796770E+000   9.06347082E+000   2.61478774E-001   1.17767079E+001   0.00000000E+000   1.83036670E+015   1.01906353E+014   1.00000000E-014   3.82000000E-012
       383     1.19999997E+001   7.06183152E+003   5.45767151E-020  -1.63961094E-019  -1.19999997E+001  -4.44401233E-021  -1.73472348E-019   3.46944695E-019  -7.03651047E+003  -7.02308058E+003  -1.40790882E+004  -2.42536938E+002  -5.22485852E+000   9.09118623E+000   2.62425399E-001   1.17759006E+001   0.00000000E+000   1.83098747E+015   1.01972160E+014   1.00000000E-014   3.83000000E-012
       384     1.19999997E+001   7.06137587E+003  -3.53702430E-021   1.04346518E-019  -1.19999997E+001  -3.13230034E-020  -1.73472348E-019  -3.46944695E-019  -7.03669345E+003  -7.02321160E+003  -1.40787742E+004  -2.42675568E+002  -5.24357848E+000   9.11816653E+000   2.63369335E-001   1.17750960E+001   0.00000000E+000   1.83389044E+015   1.00758634E+014   1.00000000E-014   3.84000000E-012
       385     1.19999997E+001   7.06091725E+003   7.76305696E-020   7.16371498E-020  -1.19999997E+001  -9.37960776E-021   1.73472348E-019   5.20417043E-019  -7.03687953E+003  -7.02334157E+003  -1.40784581E+004  -2.42815106E+002  -5.26329014E+000   9.14619990E+000   2.64320312E-001   1.17742862E+001   0.00000000E+000   1.83527096E+015   1.00032867E+014   1.00000000E-014   3.85000000E-012
       386     1.19999997E+001   7.06046262E+003  -4.27308270E-020  -3.05725954E-020  -1.19999997E+001   4.45825535E-020   3.46944695E-019   1.73472348E-019  -7.03706151E+003  -7.02347290E+003  -1.40781448E+004  -2.42953434E+002  -5.28282028E+000   9.17511030E+000   2.65262909E-001   1.17734834E+001   0.00000000E+000   1.83640516E+015   9.94964962E+013   1.00000000E-014   3.86000000E-012
       387     1.19999997E+001   7.05999536E+003   3.15797706E-020   1.00940188E-019  -1.19999997E+001  -7.56524292E-020   1.73472348E-019  -6.93889390E-019  -7.03724751E+003  -7.02360892E+003  -1.40778228E+004  -2.43095604E+002  -5.29940926E+000   9.20343584E+000   2.66230270E-001   1.17726584E+001   0.00000000E+000   1.83830650E+015   9.87668539E+013   1.00000000E-014   3.87000000E-012
       388     1.19999997E+001   7.05953899E+003   1.94850665E-020  -1.75096599E-019  -1.19999997E+001   7.61382531E-021  -1.73472348E-019   1.73472348E-019  -7.03743064E+003  -7.02374031E+003  -1.40775083E+004  -2.43234466E+002  -5.31833690E+000   9.23199440E+000   2.67176299E-001   1.17718525E+001   0.00000000E+000   1.84246206E+015   9.83903170E+013   1.00000000E-014   3.88000000E-012
       389     1.19999997E+001   7.05908675E+003  -1.97180006E-020   4.44093419E-020  -1.19999997E+001   8.94492021E-020   1.73472348E-019  -1.56125113E-018  -7.03761172E+003  -7.02387092E+003  -1.40771966E+004  -2.43372073E+002  -5.33672949E+000   9.25767603E+000   2.68112762E-001   1.17710540E+001   0.00000000E+000   1.84450130E+015   9.87173295E+013   1.00000000E-014   3.89000000E-012
       390     1.19999997E+001   7.05862442E+003   3.64316812E-020   6.84505192E-020  -1.19999997E+001  -3.75451697E-020  -1.73472348E-019  -3.46944695E-019  -7.03779790E+003  -7.02400338E+003  -1.40768779E+004  -2.43512754E+002  -5.35716296E+000   9.28517962E+000   2.69071121E-001   1.17702376E+001   0.00000000E+000   1.84713840E+015   9.73428540E+013   1.00000000E-014   3.90000000E-012
       391     1.19999997E+001   7.05815770E+003   1.07361426E-019  -1.66869461E-019  -1.19999997E+001   4.95241511E-020   0.00000000E+000   1.73472348E-019  -7.03798601E+003  -7.02413694E+003  -1.40765563E+004  -2.43654771E+002  -5.37501263E+000   9.31080947E+000   2.70037307E-001   1.17694135E+001   0.00000000E+000   1.84926495E+015   9.70732644E+013   1.00000000E-014   3.91000000E-012
       392     1.19999997E+001   7.05769402E+003   8.71160151E-020   1.93027228E-019  -1.19999997E+001   1.48811860E-020  -5.20417043E-019  -1.73472348E-019  -7.03817107E+003  -7.02427147E+003  -1.40762367E+004  -2.43795871E+002  -5.39214260E+000   9.33995920E+000   2.70997973E-001   1.17685948E+001   0.00000000E+000   1.85068058E+015   9.66006087E+013   1.00000000E-014   3.92000000E-012
       393     1.19999997E+001   7.05723933E+003   2.18322742E-020   6.58505251E-020  -1.19999997E+001  -3.44666206E-020  -1.73472348E-019  -5.20417043E-019  -7.03835480E+003  -7.02440114E+003  -1.40759233E+004  -2.43934237E+002  -5.41072520E+000   9.36749134E+000   2.71940526E-001   1.17677919E+001   0.00000000E+000   1.85244882E+015   9.62135000E+013   1.00000000E-014   3.93000000E-012
       394     1.19999997E+001   7.05678265E+003   4.58668341E-020  -1.42117239E-019  -1.19999997E+001   5.32742778E-020  -1.73472348E-019  -3.46944695E-019  -7.03853798E+003  -7.02453275E+003  -1.40756085E+004  -2.44073212E+002  -5.42642244E+000   9.39579573E+000   2.72886523E-001   1.17669855E+001   0.00000000E+000   1.85463264E+015   9.57421969E+013   1.00000000E-014   3.94000000E-012
       395     1.19999997E+001   7.05632692E+003  -8.93269035E-020  -4.62860492E-020  -1.19999997E+001  -3.15704855E-020   0.00000000E+000   3.46944695E-019  -7.03872157E+003  -7.02466330E+003  -1.40752943E+004  -2.44211904E+002  -5.44326187E+000   9.42407852E+000   2.73831023E-001   1.17661808E+001   0.00000000E+000   1.85859967E+015   9.54207670E+013   1.00000000E-014   3.95000000E-012
       396     1.19999997E+001   7.05587404E+003  -5.93227466E-020   5.74390909E-020  -1.19999997E+001   5.46531155E-020   1.73472348E-019   0.00000000E+000  -7.03890358E+003  -7.02479346E+003  -1.40749821E+004  -2.44349730E+002  -5.46056679E+000   9.45089137E+000   2.74769226E-001   1.17653811E+001   0.00000000E+000   1.86020859E+015   9.49596528E+013   1.00000000E-014   3.96000000E-012
       397     1.19999997E+001   7.05542360E+003  -2.71685818E-020   1.48391901E-019  -1.19999997E+001   5.17024175E-020  -3.46944695E-019  -1.73472348E-019  -7.03908454E+003  -7.02492300E+003  -1.40746716E+004  -2.44486814E+002  -5.47696739E+000   9.47766482E+000   2.75702235E-001   1.17645858E+001   0.00000000E+000   1.86459768E+015   9.46300938E+013   1.00000000E-014   3.97000000E-012
       398     1.19999997E+001   7.05495727E+003  -5.75373599E-020   7.50749124E-021  -1.19999997E+001   1.07090390E-019  -3.46944695E-019  -3.46944695E-019  -7.03927070E+003  -7.02505830E+003  -1.40743502E+004  -2.44628735E+002  -5.49427407E+000   9.50432392E+000   2.76667652E-001   1.17637623E+001   0.00000000E+000   1.86719190E+015   9.47862030E+013   1.00000000E-014   3.98000000E-012
       399     1.19999997E+001   7.05449524E+003   3.01662843E-020  -1.74331954E-019  -1.19999997E+001  -2.63707351E-020   5.20417043E-019  -1.73472348E-019  -7.03945545E+003  -7.02519204E+003  -1.40740317E+004  -2.44769355E+002  -5.51213723E+000   9.53262461E+000   2.77625036E-001   1.17629465E+001   0.00000000E+000   1.86982824E+015   9.36846029E+013   1.00000000E-014   3.99000000E-012
       400     1.19999997E+001   7.05403316E+003   4.33244118E-020  -2.10818560E-020  -1.19999997E+001  -3.37345244E-020   0.00000000E+000  -3.46944695E-019  -7.03964175E+003  -7.02532430E+003  -1.40737131E+004  -2.44909995E+002  -5.53031832E+000   9.56017797E+000   2.78582697E-001   1.17621306E+001   0.00000000E+000   1.86996163E+015   9.39307867E+013   1.00000000E-014   4.00000000E-012
       401     1.19999997E+001   7.05357548E+003  -7.15597257E-020  -2.45662054E-019  -1.19999997E+001  -1.57383106E-020   1.73472348E-019   3.46944695E-019  -7.03982484E+003  -7.02545673E+003  -1.40733976E+004  -2.45049295E+002  -5.54551548E+000   9.58853062E+000   2.79530694E-001   1.17613225E+001   0.00000000E+000   1.87246231E+015   9.31489551E+013   1.00000000E-014   4.01000000E-012
       402     1.19999997E+001   7.05311650E+003   4.71645150E-020  -1.01061619E-019  -1.19999997E+001  -1.06088643E-019   0.00000000E+000  -1.73472348E-019  -7.04000789E+003  -7.02559010E+003  -1.40730812E+004  -2.45188991E+002  -5.56128043E+000   9.61411465E+000   2.80480449E-001   1.17605121E+001   0.00000000E+000   1.87274015E+015   9.32949843E+013   1.00000000E-014   4.02000000E-012
       403     1.19999997E+001   7.05266015E+003   8.08618680E-020   3.11934110E-019  -1.19999997E+001   4.39317484E-020   1.73472348E-019  -3.46944695E-019  -7.04019038E+003  -7.02572222E+003  -1.40727666E+004  -2.45327895E+002  -5.57812424E+000   9.64195137E+000   2.81425948E-001   1.17597063E+001   0.00000000E+000   1.87440628E+015   9.24387784E+013   1.00000000E-014   4.03000000E-012
       404     1.19999997E+001   7.05220178E+003  -2.36275870E-020   3.22558087E-019  -1.19999997E+001   6.55054253E-020   1.73472348E-019   1.04083409E-018  -7.04037328E+003  -7.02585534E+003  -1.40724506E+004  -2.45467416E+002  -5.59468817E+000   9.66821743E+000   2.82374944E-001   1.17588969E+001   0.00000000E+000   1.87519080E+015   9.19068847E+013   1.00000000E-014   4.04000000E-012
       405     1.19999997E+001   7.05173675E+003   6.27975669E-020   2.97626202E-019  -1.19999997E+001  -2.81284628E-020   1.73472348E-019  -3.46944695E-019  -7.04056055E+003  -7.02598870E+003  -1.40721299E+004  -2.45608971E+002  -5.61314636E+000   9.69623180E+000   2.83338915E-001   1.17580758E+001   0.00000000E+000   1.87548538E+015   9.14713875E+013   1.00000000E-014   4.05000000E-012
       406     1.19999997E+001   7.05127447E+003  -2.33834033E-020  -5.45535540E-020  -1.19999997E+001  -5.53956859E-020   0.00000000E+000   1.73472348E-019  -7.04074576E+003  -7.02612220E+003  -1.40718112E+004  -2.45749683E+002  -5.62785443E+000   9.72262110E+000   2.84295709E-001   1.17572596E+001   0.00000000E+000   1.87574667E+015   9.17008512E+013   1.00000000E-014   4.06000000E-012
       407     1.19999997E+001   7.05082007E+003  -1.00871036E-019  -1.25244409E-019  -1.19999997E+001   7.83350380E-021   1.73472348E-019  -3.46944695E-019  -7.04092802E+003  -7.02625325E+003  -1.40714979E+004  -2.45888010E+002  -5.64545718E+000   9.75062524E+000   2.85237660E-001   1.17564572E+001   0.00000000E+000   1.87923808E+015   9.04033271E+013   1.00000000E-014   4.07000000E-012
       408     1.19999997E+001   7.05035087E+003   8.13469267E-020   8.66369121E-020  -1.19999997E+001   4.08328610E-020   6.93889390E-019   0.00000000E+000  -7.04111731E+003  -7.02638748E+003  -1.40711744E+004  -2.46030843E+002  -5.66543520E+000   9.77553930E+000   2.86209595E-001   1.17556288E+001   0.00000000E+000   1.87965818E+015   9.00130869E+013   1.00000000E-014   4.08000000E-012
       409     1.19999997E+001   7.04989428E+003  -3.91368926E-020  -1.23077196E-019  -1.19999997E+001   3.18668436E-020   5.20417043E-019  -5.20417043E-019  -7.04129948E+003  -7.02652013E+003  -1.40708595E+004  -2.46169838E+002  -5.68109591E+000   9.80262652E+000   2.87155131E-001   1.17548226E+001   0.00000000E+000   1.88172934E+015   8.97171160E+013   1.00000000E-014   4.09000000E-012
       410     1.19999997E+001   7.04942965E+003  -9.43521911E-020  -1.77690307E-019  -1.19999997E+001  -1.94213322E-020   1.73472348E-019  -1.73472348E-019  -7.04148731E+003  -7.02665269E+003  -1.40705392E+004  -2.46311284E+002  -5.69764957E+000   9.82992258E+000   2.88117882E-001   1.17540022E+001   0.00000000E+000   1.88192596E+015   8.93928148E+013   1.00000000E-014   4.10000000E-012
       411     1.19999997E+001   7.04897232E+003  -3.40606506E-020  -2.39123357E-019  -1.19999997E+001   1.14822512E-019  -1.21430643E-018  -3.46944695E-019  -7.04167047E+003  -7.02678488E+003  -1.40702238E+004  -2.46450514E+002  -5.71571682E+000   9.85687384E+000   2.89065600E-001   1.17531947E+001   0.00000000E+000   1.88412197E+015   8.88528627E+013   1.00000000E-014   4.11000000E-012
       412     1.19999997E+001   7.04851533E+003  -9.56220788E-021  -8.84130343E-020  -1.19999997E+001  -7.14185259E-020   1.73472348E-019   0.00000000E+000  -7.04185379E+003  -7.02691669E+003  -1.40699087E+004  -2.46589645E+002  -5.73112296E+000   9.88507358E+000   2.90012562E-001   1.17523877E+001   0.00000000E+000   1.88519997E+015   8.86606557E+013   1.00000000E-014   4.12000000E-012
       413     1.19999997E+001   7.04806290E+003   2.82822978E-020  -6.87267975E-020  -1.19999997E+001  -1.66392757E-020   0.00000000E+000   6.93889390E-019  -7.04203512E+003  -7.02704734E+003  -1.40695967E+004  -2.46727385E+002  -5.74625501E+000   9.91172155E+000   2.90949577E-001   1.17515889E+001   0.00000000E+000   1.88868134E+015   8.82400663E+013   1.00000000E-014   4.13000000E-012
       414     1.19999997E+001   7.04760115E+003   1.38218572E-019   1.71284620E-019  -1.19999997E+001  -9.78596024E-021  -6.93889390E-019   3.46944695E-019  -7.04222114E+003  -7.02717975E+003  -1.40692783E+004  -2.46867971E+002  -5.76312019E+000   9.93854852E+000   2.91906330E-001   1.17507736E+001   0.00000000E+000   1.88971209E+015   8.77517469E+013   1.00000000E-014   4.14000000E-012
       415     1.19999997E+001   7.04713950E+003   3.98667968E-020   8.80623098E-020  -1.19999997E+001  -9.26256998E-020   0.00000000E+000  -3.46944695E-019  -7.04240638E+003  -7.02731287E+003  -1.40689599E+004  -2.47008525E+002  -5.77612711E+000   9.96643926E+000   2.92862247E-001   1.17499585E+001   0.00000000E+000   1.88892783E+015   8.79203920E+013   1.00000000E-014   4.15000000E-012
       416     1.19999997E+001   7.04668596E+003   3.58056709E-020   6.76905056E-020  -1.19999997E+001  -2.70959553E-021   0.00000000E+000  -3.46944695E-019  -7.04258639E+003  -7.02744564E+003  -1.40686471E+004  -2.47146616E+002  -5.79129839E+000   9.99414810E+000   2.93801619E-001   1.17491577E+001   0.00000000E+000   1.89201574E+015   8.67072501E+013   1.00000000E-014   4.16000000E-012
       417     1.19999997E+001   7.04623019E+003  -1.51109354E-020   1.14694217E-019  -1.19999997E+001   2.00177708E-020   1.04083409E-018   6.93889390E-019  -7.04276979E+003  -7.02757656E+003  -1.40683328E+004  -2.47285391E+002  -5.80632519E+000   1.00222109E+001   2.94746176E-001   1.17483529E+001   0.00000000E+000   1.89373260E+015   8.63483736E+013   1.00000000E-014   4.17000000E-012
       418     1.19999997E+001   7.04576742E+003  -1.32468012E-020   4.67381531E-019  -1.19999997E+001   1.95314713E-020   1.04083409E-018   0.00000000E+000  -7.04295377E+003  -7.02771173E+003  -1.40680136E+004  -2.47426294E+002  -5.81998532E+000   1.00495344E+001   2.95704044E-001   1.17475358E+001   0.00000000E+000   1.89559727E+015   8.57717916E+013   1.00000000E-014   4.18000000E-012
       419     1.19999997E+001   7.04531456E+003   6.64457642E-020   5.05506616E-021  -1.19999997E+001  -1.70363637E-020  -3.46944695E-019   0.00000000E+000  -7.04313456E+003  -7.02784328E+003  -1.40677013E+004  -2.47564188E+002  -5.83405049E+000   1.00766250E+001   2.96641876E-001   1.17467362E+001   0.00000000E+000   1.89952551E+015   8.54210312E+013   1.00000000E-014   4.19000000E-012
       420     1.19999997E+001   7.04485686E+003   8.70194004E-020   5.75863290E-020  -1.19999997E+001   7.03522901E-020   1.04083409E-018   3.46944695E-019  -7.04331775E+003  -7.02797575E+003  -1.40673856E+004  -2.47703556E+002  -5.84970734E+000   1.01035654E+001   2.97589988E-001   1.17459281E+001   0.00000000E+000   1.90072615E+015   8.50841385E+013   1.00000000E-014   4.20000000E-012
       421     1.19999997E+001   7.04439853E+003   4.97148783E-020  -2.22675036E-019  -1.19999997E+001   1.06630198E-019  -1.04083409E-018  -3.46944695E-019  -7.04350422E+003  -7.02810541E+003  -1.40670695E+004  -2.47843124E+002  -5.86365914E+000   1.01290679E+001   2.98539229E-001   1.17451188E+001   0.00000000E+000   1.90400157E+015   8.47213187E+013   1.00000000E-014   4.21000000E-012
       422     1.19999997E+001   7.04393964E+003  -1.06951806E-019   4.40278462E-020  -1.19999997E+001   1.54495005E-020   0.00000000E+000  -3.46944695E-019  -7.04368870E+003  -7.02823743E+003  -1.40667530E+004  -2.47982862E+002  -5.87711794E+000   1.01570236E+001   2.99489854E-001   1.17443086E+001   0.00000000E+000   1.90544237E+015   8.46308555E+013   1.00000000E-014   4.22000000E-012
       423     1.19999997E+001   7.04347811E+003  -7.29546830E-020  -1.79858182E-019  -1.19999997E+001  -7.25707885E-020   0.00000000E+000   3.46944695E-019  -7.04387403E+003  -7.02837044E+003  -1.40664346E+004  -2.48123411E+002  -5.89288947E+000   1.01839086E+001   3.00446028E-001   1.17434936E+001   0.00000000E+000   1.90767926E+015   8.40260363E+013   1.00000000E-014   4.23000000E-012
       424     1.19999997E+001   7.04300781E+003  -9.70613731E-020   2.87051525E-020  -1.19999997E+001   7.06978035E-020  -3.46944695E-019  -6.93889390E-019  -7.04406452E+003  -7.02850436E+003  -1.40661102E+004  -2.48266638E+002  -5.91120863E+000   1.02135225E+001   3.01421945E-001   1.17426633E+001   0.00000000E+000   1.90853132E+015   8.31411199E+013   1.00000000E-014   4.24000000E-012
       425     1.19999997E+001   7.04255312E+003  -9.35091287E-020   7.08463651E-020  -1.19999997E+001   4.90078043E-020   3.46944695E-019   3.46944695E-019  -7.04424681E+003  -7.02863570E+003  -1.40657966E+004  -2.48405107E+002  -5.92465835E+000   1.02406828E+001   3.02363692E-001   1.17418604E+001   0.00000000E+000   1.91133360E+015   8.31192789E+013   1.00000000E-014   4.25000000E-012
       426     1.19999997E+001   7.04209187E+003  -6.38788574E-020  -3.87517573E-020  -1.19999997E+001  -5.87203109E-020   6.93889390E-019   3.46944695E-019  -7.04443219E+003  -7.02876850E+003  -1.40654784E+004  -2.48545578E+002  -5.93662614E+000   1.02679205E+001   3.03318682E-001   1.17410460E+001   0.00000000E+000   1.91201708E+015   8.25899444E+013   1.00000000E-014   4.26000000E-012
       427     1.19999997E+001   7.04163550E+003  -4.70288574E-020  -3.15963142E-020  -1.19999997E+001   1.29944036E-019  -3.46944695E-019  -1.04083409E-018  -7.04461424E+003  -7.02890125E+003  -1.40651636E+004  -2.48684566E+002  -5.94917212E+000   1.02964944E+001   3.04263990E-001   1.17402402E+001   0.00000000E+000   1.91453084E+015   8.24204435E+013   1.00000000E-014   4.27000000E-012
       428     1.19999997E+001   7.04117393E+003  -1.22978596E-020  -2.11151417E-019  -1.19999997E+001   6.95809442E-020   6.93889390E-019   0.00000000E+000  -7.04479941E+003  -7.02903449E+003  -1.40648452E+004  -2.48825143E+002  -5.96344336E+000   1.03254123E+001   3.05220658E-001   1.17394253E+001   0.00000000E+000   1.91804576E+015   8.19311206E+013   1.00000000E-014   4.28000000E-012
       429     1.19999997E+001   7.04071179E+003   3.87239641E-020  -4.68389367E-020  -1.19999997E+001   4.27827739E-020  -3.46944695E-019  -3.46944695E-019  -7.04498594E+003  -7.02916677E+003  -1.40645264E+004  -2.48965898E+002  -5.97798406E+000   1.03528489E+001   3.06178339E-001   1.17386093E+001   0.00000000E+000   1.91864708E+015   8.15009115E+013   1.00000000E-014   4.29000000E-012
       430     1.19999997E+001   7.04024729E+003  -3.69068137E-020   2.49989863E-019  -1.19999997E+001  -1.59151204E-020  -6.93889390E-019   0.00000000E+000  -7.04517110E+003  -7.02930204E+003  -1.40642060E+004  -2.49107369E+002  -5.99152845E+000   1.03794383E+001   3.07139863E-001   1.17377892E+001   0.00000000E+000   1.91796969E+015   8.09994347E+013   1.00000000E-014   4.30000000E-012
       431     1.19999997E+001   7.03979137E+003   1.93474237E-020   8.04701152E-020  -1.19999997E+001   7.18895226E-020   0.00000000E+000   0.00000000E+000  -7.04535409E+003  -7.02943358E+003  -1.40638914E+004  -2.49246237E+002  -6.00568252E+000   1.04069276E+001   3.08084583E-001   1.17369842E+001   0.00000000E+000   1.91978950E+015   8.05936098E+013   1.00000000E-014   4.31000000E-012
       432     1.19999997E+001   7.03932979E+003  -1.78492341E-020  -3.61052426E-019  -1.19999997E+001  -4.47439364E-020   3.46944695E-019   0.00000000E+000  -7.04553985E+003  -7.02956627E+003  -1.40635730E+004  -2.49386831E+002  -6.02113114E+000   1.04345783E+001   3.09041324E-001   1.17361692E+001   0.00000000E+000   1.92128905E+015   8.02627296E+013   1.00000000E-014   4.32000000E-012
       433     1.19999997E+001   7.03887039E+003   3.67228487E-020   2.23567067E-019  -1.19999997E+001   5.07114655E-020   0.00000000E+000  -3.46944695E-019  -7.04572414E+003  -7.02969892E+003  -1.40632560E+004  -2.49526759E+002  -6.03141686E+000   1.04625499E+001   3.09992498E-001   1.17353581E+001   0.00000000E+000   1.92518467E+015   7.96755165E+013   1.00000000E-014   4.33000000E-012
       434     1.19999997E+001   7.03841192E+003   6.36651139E-020   6.01988963E-021  -1.19999997E+001  -1.23343052E-019   3.46944695E-019   3.46944695E-019  -7.04590802E+003  -7.02983135E+003  -1.40629397E+004  -2.49666410E+002  -6.04337094E+000   1.04897216E+001   3.10941891E-001   1.17345486E+001   0.00000000E+000   1.92873522E+015   7.93776737E+013   1.00000000E-014   4.34000000E-012
       435     1.19999997E+001   7.03794615E+003  -6.11498231E-020   1.28049544E-019  -1.19999997E+001   9.84005785E-020   3.46944695E-019  -6.93889390E-019  -7.04609487E+003  -7.02996586E+003  -1.40626184E+004  -2.49808289E+002  -6.05590443E+000   1.05185279E+001   3.11906910E-001   1.17337262E+001   0.00000000E+000   1.93078441E+015   7.90926849E+013   1.00000000E-014   4.35000000E-012
       436     1.19999997E+001   7.03749127E+003   5.22381100E-020  -1.33457320E-019  -1.19999997E+001   1.11052306E-020   0.00000000E+000   3.46944695E-019  -7.04627428E+003  -7.03010029E+003  -1.40623045E+004  -2.49946847E+002  -6.06781515E+000   1.05451086E+001   3.12848146E-001   1.17329231E+001   0.00000000E+000   1.93234425E+015   7.90314855E+013   1.00000000E-014   4.36000000E-012
       437     1.19999997E+001   7.03702695E+003  -5.36132151E-020   3.67818763E-019  -1.19999997E+001   3.16800248E-020   3.46944695E-019   0.00000000E+000  -7.04645915E+003  -7.03023578E+003  -1.40619841E+004  -2.50088289E+002  -6.08028156E+000   1.05737395E+001   3.13809871E-001   1.17321033E+001   0.00000000E+000   1.93546673E+015   7.80262379E+013   1.00000000E-014   4.37000000E-012
       438     1.19999997E+001   7.03656347E+003   1.22027007E-019   1.78727261E-019  -1.19999997E+001   1.15866993E-019   3.46944695E-019   1.38777878E-018  -7.04664531E+003  -7.03036942E+003  -1.40616643E+004  -2.50229479E+002  -6.09382588E+000   1.06004963E+001   3.14769863E-001   1.17312849E+001   0.00000000E+000   1.93614281E+015   7.78501231E+013   1.00000000E-014   4.38000000E-012
       439     1.19999997E+001   7.03610327E+003   1.37788438E-020  -6.33342417E-020  -1.19999997E+001   1.62350739E-019   0.00000000E+000   3.46944695E-019  -7.04682850E+003  -7.03050378E+003  -1.40613468E+004  -2.50369675E+002  -6.10663159E+000   1.06293474E+001   3.15723357E-001   1.17304724E+001   0.00000000E+000   1.93825950E+015   7.76633648E+013   1.00000000E-014   4.39000000E-012
       440     1.19999997E+001   7.03564231E+003   4.21068019E-021  -1.38903477E-019  -1.19999997E+001  -3.11853708E-020   6.93889390E-019   0.00000000E+000  -7.04701305E+003  -7.03063730E+003  -1.40610287E+004  -2.50510103E+002  -6.11807066E+000   1.06558498E+001   3.16677589E-001   1.17296585E+001   0.00000000E+000   1.94128217E+015   7.67781402E+013   1.00000000E-014   4.40000000E-012
       441     1.19999997E+001   7.03518490E+003  -3.47548206E-020   2.02050445E-019  -1.19999997E+001  -1.83893500E-019   0.00000000E+000  -3.46944695E-019  -7.04719527E+003  -7.03077071E+003  -1.40607131E+004  -2.50649451E+002  -6.13000334E+000   1.06822663E+001   3.17624458E-001   1.17288509E+001   0.00000000E+000   1.94448754E+015   7.64163921E+013   1.00000000E-014   4.41000000E-012
       442     1.19999997E+001   7.03472639E+003   7.35442974E-020  -1.20211181E-019  -1.19999997E+001   3.29373394E-020  -3.46944695E-019   0.00000000E+000  -7.04737798E+003  -7.03090438E+003  -1.40603967E+004  -2.50789136E+002  -6.14137749E+000   1.07089478E+001   3.18573571E-001   1.17280414E+001   0.00000000E+000   1.94725693E+015   7.61743574E+013   1.00000000E-014   4.42000000E-012
       443     1.19999997E+001   7.03425416E+003   3.71781289E-020  -2.97171583E-019  -1.19999997E+001   4.48168110E-020   0.00000000E+000  -6.93889390E-019  -7.04756516E+003  -7.03104308E+003  -1.40600708E+004  -2.50933008E+002  -6.15535431E+000   1.07373042E+001   3.19551683E-001   1.17272076E+001   0.00000000E+000   1.94911303E+015   7.67292020E+013   1.00000000E-014   4.43000000E-012
       444     1.19999997E+001   7.03378587E+003   3.99885578E-020   3.18021167E-020  -1.19999997E+001   8.46438204E-020   6.93889390E-019   6.93889390E-019  -7.04775252E+003  -7.03117888E+003  -1.40597477E+004  -2.51075683E+002  -6.16631009E+000   1.07657683E+001   3.20521512E-001   1.17263808E+001   0.00000000E+000   1.95075050E+015   7.52143441E+013   1.00000000E-014   4.44000000E-012
       445     1.19999997E+001   7.03332410E+003  -6.69857477E-020   1.45727386E-019  -1.19999997E+001   1.26297658E-019   0.00000000E+000  -6.93889390E-019  -7.04793494E+003  -7.03131514E+003  -1.40594290E+004  -2.51216374E+002  -6.17592898E+000   1.07945067E+001   3.21477359E-001   1.17255655E+001   0.00000000E+000   1.95384375E+015   7.49979646E+013   1.00000000E-014   4.45000000E-012
       446     1.19999997E+001   7.03286504E+003   5.76313276E-020  -1.94566115E-020  -1.19999997E+001  -2.62704291E-020   0.00000000E+000   0.00000000E+000  -7.04811798E+003  -7.03144890E+003  -1.40591122E+004  -2.51356240E+002  -6.18479103E+000   1.08216676E+001   3.22427348E-001   1.17247550E+001   0.00000000E+000   1.95509506E+015   7.45930698E+013   1.00000000E-014   4.46000000E-012
       447     1.19999997E+001   7.03240074E+003  -1.43611789E-020  -1.91482386E-019  -1.19999997E+001   1.28011825E-019   0.00000000E+000   6.93889390E-019  -7.04830501E+003  -7.03158229E+003  -1.40587918E+004  -2.51497710E+002  -6.19620025E+000   1.08495278E+001   3.23389257E-001   1.17239352E+001   0.00000000E+000   1.95812519E+015   7.40350480E+013   1.00000000E-014   4.47000000E-012
       448     1.19999997E+001   7.03192847E+003  -5.57473411E-020   1.46554567E-019  -1.19999997E+001   2.51049316E-021   6.93889390E-019   3.46944695E-019  -7.04849222E+003  -7.03172101E+003  -1.40584658E+004  -2.51641606E+002  -6.20460555E+000   1.08761481E+001   3.24365820E-001   1.17231014E+001   0.00000000E+000   1.96056922E+015   7.35878313E+013   1.00000000E-014   4.48000000E-012
       449     1.19999997E+001   7.03146127E+003  -8.89960312E-020   2.95382888E-020  -1.19999997E+001   5.35272710E-020   0.00000000E+000   1.38777878E-018  -7.04867754E+003  -7.03185815E+003  -1.40581434E+004  -2.51783970E+002  -6.21791121E+000   1.09061509E+001   3.25334225E-001   1.17222765E+001   0.00000000E+000   1.96472520E+015   7.30601337E+013   1.00000000E-014   4.49000000E-012
       450     1.19999997E+001   7.03100108E+003  -1.00068340E-019   1.85634550E-019  -1.19999997E+001  -8.00603299E-020   6.93889390E-019   3.46944695E-019  -7.04886108E+003  -7.03199222E+003  -1.40578258E+004  -2.51924197E+002  -6.23100562E+000   1.09349241E+001   3.26288050E-001   1.17214640E+001   0.00000000E+000   1.96779929E+015   7.23677512E+013   1.00000000E-014   4.50000000E-012
       451     1.19999997E+001   7.03053763E+003  -1.08157505E-019   1.54586160E-019  -1.19999997E+001   3.09631074E-020   1.04083409E-018  -3.46944695E-019  -7.04904596E+003  -7.03212722E+003  -1.40575059E+004  -2.52065424E+002  -6.24383428E+000   1.09620722E+001   3.27248015E-001   1.17206457E+001   0.00000000E+000   1.96901002E+015   7.17657993E+013   1.00000000E-014   4.51000000E-012
       452     1.19999997E+001   7.03007369E+003  -7.24338901E-020   3.86544809E-020  -1.19999997E+001   4.59038091E-020  -6.93889390E-019  -6.93889390E-019  -7.04923128E+003  -7.03226210E+003  -1.40571857E+004  -2.52206796E+002  -6.25286809E+000   1.09880274E+001   3.28207844E-001   1.17198266E+001   0.00000000E+000   1.97035017E+015   7.12178837E+013   1.00000000E-014   4.52000000E-012
       453     1.19999997E+001   7.02960841E+003   6.83145307E-020  -3.92734105E-019  -1.19999997E+001  -6.34975271E-020   0.00000000E+000   3.46944695E-019  -7.04941661E+003  -7.03239794E+003  -1.40568645E+004  -2.52348587E+002  -6.26415222E+000   1.10169229E+001   3.29171790E-001   1.17190051E+001   0.00000000E+000   1.97305690E+015   7.10892773E+013   1.00000000E-014   4.53000000E-012
       454     1.19999997E+001   7.02914843E+003   2.39882378E-020   4.72207633E-020  -1.19999997E+001   7.48112072E-020   3.46944695E-019   3.46944695E-019  -7.04959994E+003  -7.03253211E+003  -1.40565470E+004  -2.52488761E+002  -6.27459858E+000   1.10435956E+001   3.30124013E-001   1.17181930E+001   0.00000000E+000   1.97513664E+015   7.10780744E+013   1.00000000E-014   4.54000000E-012
       455     1.19999997E+001   7.02868321E+003  -4.21173898E-020  -1.98792677E-019  -1.19999997E+001  -9.32224279E-020   6.93889390E-019  -3.46944695E-019  -7.04978597E+003  -7.03266720E+003  -1.40562259E+004  -2.52630540E+002  -6.28706342E+000   1.10711578E+001   3.31087849E-001   1.17173716E+001   0.00000000E+000   1.97750194E+015   7.06865374E+013   1.00000000E-014   4.55000000E-012
       456     1.19999997E+001   7.02822066E+003  -5.50591268E-020   1.03644407E-019  -1.19999997E+001  -1.58985768E-019   0.00000000E+000   3.46944695E-019  -7.04996990E+003  -7.03280257E+003  -1.40559066E+004  -2.52771504E+002  -6.29796927E+000   1.10981101E+001   3.32045481E-001   1.17165550E+001   0.00000000E+000   1.98166536E+015   7.02863486E+013   1.00000000E-014   4.56000000E-012
       457     1.19999997E+001   7.02775361E+003   5.63118091E-020  -2.39640179E-019  -1.19999997E+001   9.61220268E-020   6.93889390E-019   6.93889390E-019  -7.05015240E+003  -7.03294245E+003  -1.40555842E+004  -2.52913838E+002  -6.30872724E+000   1.11242328E+001   3.33011365E-001   1.17157304E+001   0.00000000E+000   1.98396400E+015   7.00857888E+013   1.00000000E-014   4.57000000E-012
       458     1.19999997E+001   7.02729094E+003  -6.12272472E-020  -1.09424084E-019  -1.19999997E+001  -3.93838888E-020   3.46944695E-019   3.46944695E-019  -7.05033720E+003  -7.03307704E+003  -1.40552648E+004  -2.53054848E+002  -6.32057008E+000   1.11501076E+001   3.33969320E-001   1.17149135E+001   0.00000000E+000   1.98790031E+015   6.97460109E+013   1.00000000E-014   4.58000000E-012
       459     1.19999997E+001   7.02682992E+003   2.93199131E-020  -2.12464980E-019  -1.19999997E+001  -3.60197452E-020  -3.46944695E-019   3.46944695E-019  -7.05052026E+003  -7.03321223E+003  -1.40549466E+004  -2.53195353E+002  -6.33059423E+000   1.11772522E+001   3.34923706E-001   1.17140995E+001   0.00000000E+000   1.99130775E+015   6.91360249E+013   1.00000000E-014   4.59000000E-012
       460     1.19999997E+001   7.02637031E+003   9.88791852E-020  -1.77006063E-019  -1.19999997E+001   3.94378209E-020   0.00000000E+000   6.93889390E-019  -7.05070259E+003  -7.03334720E+003  -1.40546293E+004  -2.53335438E+002  -6.34022777E+000   1.12050338E+001   3.35875357E-001   1.17132881E+001   0.00000000E+000   1.99444536E+015   6.91365509E+013   1.00000000E-014   4.60000000E-012
       461     1.19999997E+001   7.02590642E+003  -7.42973626E-020   1.60709282E-019  -1.19999997E+001   8.91549326E-020  -3.46944695E-019  -3.46944695E-019  -7.05088694E+003  -7.03348310E+003  -1.40543090E+004  -2.53476826E+002  -6.35004190E+000   1.12319684E+001   3.36835594E-001   1.17124690E+001   0.00000000E+000   1.99699039E+015   6.88592080E+013   1.00000000E-014   4.61000000E-012
       462     1.19999997E+001   7.02544691E+003  -1.04145348E-019  -2.19697847E-019  -1.19999997E+001  -4.60481521E-020  -6.93889390E-019   0.00000000E+000  -7.05107104E+003  -7.03361623E+003  -1.40539918E+004  -2.53616888E+002  -6.36008438E+000   1.12600320E+001   3.37787634E-001   1.17116578E+001   0.00000000E+000   1.99963394E+015   6.83751248E+013   1.00000000E-014   4.62000000E-012
       463     1.19999997E+001   7.02498782E+003   7.42622902E-020  -1.16629158E-019  -1.19999997E+001  -8.24134106E-020   3.46944695E-019   0.00000000E+000  -7.05125331E+003  -7.03375092E+003  -1.40536748E+004  -2.53756822E+002  -6.36960169E+000   1.12868965E+001   3.38737990E-001   1.17108472E+001   0.00000000E+000   2.00347706E+015   6.81041375E+013   1.00000000E-014   4.63000000E-012
       464     1.19999997E+001   7.02451369E+003  -2.20135922E-020  -2.99469160E-019  -1.19999997E+001   5.03833230E-020   3.46944695E-019  -3.46944695E-019  -7.05144184E+003  -7.03388973E+003  -1.40533475E+004  -2.53901344E+002  -6.38029642E+000   1.13149977E+001   3.39719856E-001   1.17100101E+001   0.00000000E+000   2.00623977E+015   6.76197074E+013   1.00000000E-014   4.64000000E-012
       465     1.19999997E+001   7.02404964E+003  -6.31502767E-021   2.66669795E-019  -1.19999997E+001   7.90902952E-020   3.46944695E-019  -6.93889390E-019  -7.05162545E+003  -7.03402650E+003  -1.40530271E+004  -2.54042791E+002  -6.39035437E+000   1.13398537E+001   3.40679717E-001   1.17091908E+001   0.00000000E+000   2.00987678E+015   6.71241228E+013   1.00000000E-014   4.65000000E-012
       466     1.19999997E+001   7.02358331E+003   1.27378535E-019  -1.81548277E-019  -1.19999997E+001   2.97440913E-020   0.00000000E+000   6.93889390E-019  -7.05181167E+003  -7.03416225E+003  -1.40527051E+004  -2.54184941E+002  -6.39814330E+000   1.13663087E+001   3.41644706E-001   1.17083675E+001   0.00000000E+000   2.01422983E+015   6.66756724E+013   1.00000000E-014   4.66000000E-012
       467     1.19999997E+001   7.02312301E+003   3.57864803E-020  -1.63726175E-019  -1.19999997E+001  -1.45922601E-019   0.00000000E+000  -3.46944695E-019  -7.05199365E+003  -7.03429808E+003  -1.40523873E+004  -2.54325252E+002  -6.40646978E+000   1.13916780E+001   3.42596727E-001   1.17075548E+001   0.00000000E+000   2.01733976E+015   6.63437157E+013   1.00000000E-014   4.67000000E-012
       468     1.19999997E+001   7.02264921E+003  -9.48961451E-020   2.08171582E-020  -1.19999997E+001   5.07627507E-020   0.00000000E+000   3.46944695E-019  -7.05218270E+003  -7.03443617E+003  -1.40520602E+004  -2.54469686E+002  -6.41613653E+000   1.14184871E+001   3.43577518E-001   1.17067183E+001   0.00000000E+000   2.01936890E+015   6.60042207E+013   1.00000000E-014   4.68000000E-012
       469     1.19999997E+001   7.02218478E+003  -9.44653494E-020  -2.29004622E-019  -1.19999997E+001  -1.12414342E-019  -3.46944695E-019   3.46944695E-019  -7.05236692E+003  -7.03457264E+003  -1.40517395E+004  -2.54611269E+002  -6.42655966E+000   1.14454234E+001   3.44539132E-001   1.17058984E+001   0.00000000E+000   2.02291591E+015   6.53776006E+013   1.00000000E-014   4.69000000E-012
       470     1.19999997E+001   7.02171643E+003  -4.79433883E-021  -6.33170363E-020  -1.19999997E+001  -1.28260971E-019   0.00000000E+000   0.00000000E+000  -7.05255163E+003  -7.03471132E+003  -1.40514161E+004  -2.54754045E+002  -6.43603217E+000   1.14727337E+001   3.45508477E-001   1.17050715E+001   0.00000000E+000   2.02726598E+015   6.48461939E+013   1.00000000E-014   4.70000000E-012
       471     1.19999997E+001   7.02124185E+003   2.94793935E-020   2.34377987E-019  -1.19999997E+001  -3.71471924E-020   0.00000000E+000   1.38777878E-018  -7.05274085E+003  -7.03484981E+003  -1.40510884E+004  -2.54898727E+002  -6.44576982E+000   1.14985856E+001   3.46490622E-001   1.17042336E+001   0.00000000E+000   2.03002902E+015   6.44511385E+013   1.00000000E-014   4.71000000E-012
       472     1.19999997E+001   7.02077560E+003   7.51046909E-020  -9.33092818E-020  -1.19999997E+001   1.04835216E-020   0.00000000E+000   0.00000000E+000  -7.05292809E+003  -7.03498455E+003  -1.40507664E+004  -2.55040881E+002  -6.45744874E+000   1.15267184E+001   3.47457176E-001   1.17034104E+001   0.00000000E+000   2.03363942E+015   6.43229988E+013   1.00000000E-014   4.72000000E-012
       473     1.19999997E+001   7.02030987E+003  -3.64866059E-020   2.85264815E-019  -1.19999997E+001  -8.88451535E-020   3.46944695E-019   6.93889390E-019  -7.05311423E+003  -7.03512003E+003  -1.40504448E+004  -2.55182870E+002  -6.46593824E+000   1.15536095E+001   3.48421412E-001   1.17025882E+001   0.00000000E+000   2.03808854E+015   6.33294613E+013   1.00000000E-014   4.73000000E-012
       474     1.19999997E+001   7.01984652E+003  -1.25043239E-020   5.82156480E-020  -1.19999997E+001   7.50906288E-020   0.00000000E+000  -6.93889390E-019  -7.05329850E+003  -7.03525573E+003  -1.40501248E+004  -2.55324141E+002  -6.47598155E+000   1.15815721E+001   3.49381287E-001   1.17017701E+001   0.00000000E+000   2.04142066E+015   6.32577378E+013   1.00000000E-014   4.74000000E-012
       475     1.19999997E+001   7.01937016E+003   3.67486568E-020   1.49877848E-019  -1.19999997E+001  -1.80795543E-019   3.46944695E-019  -3.46944695E-019  -7.05348659E+003  -7.03539662E+003  -1.40497958E+004  -2.55469384E+002  -6.48610769E+000   1.16106969E+001   3.50367948E-001   1.17009291E+001   0.00000000E+000   2.04525084E+015   6.23400009E+013   1.00000000E-014   4.75000000E-012
       476     1.19999997E+001   7.01890005E+003   9.75298882E-020   1.12932653E-019  -1.19999997E+001  -4.50006106E-020   2.42861287E-018   0.00000000E+000  -7.05367498E+003  -7.03553290E+003  -1.40494711E+004  -2.55612722E+002  -6.49610520E+000   1.16371817E+001   3.51341528E-001   1.17000991E+001   0.00000000E+000   2.04837080E+015   6.24657618E+013   1.00000000E-014   4.76000000E-012
       477     1.19999997E+001   7.01842719E+003   3.76817165E-020   6.17195851E-020  -1.19999997E+001  -4.59973632E-020   0.00000000E+000  -3.46944695E-019  -7.05386440E+003  -7.03567004E+003  -1.40491446E+004  -2.55756902E+002  -6.50633913E+000   1.16637774E+001   3.52320832E-001   1.16992643E+001   0.00000000E+000   2.05071414E+015   6.28218348E+013   1.00000000E-014   4.77000000E-012
       478     1.19999997E+001   7.01796458E+003  -3.73720201E-020   2.58323873E-019  -1.19999997E+001  -2.06581741E-020   0.00000000E+000   0.00000000E+000  -7.05404917E+003  -7.03580478E+003  -1.40488251E+004  -2.55897961E+002  -6.51562248E+000   1.16904461E+001   3.53278891E-001   1.16984476E+001   0.00000000E+000   2.05378743E+015   6.24072467E+013   1.00000000E-014   4.78000000E-012
       479     1.19999997E+001   7.01748976E+003   5.03488295E-020   6.23105229E-020  -1.19999997E+001   3.89029660E-020  -3.46944695E-019   3.46944695E-019  -7.05423804E+003  -7.03594385E+003  -1.40484971E+004  -2.56042746E+002  -6.52600969E+000   1.17179303E+001   3.54262300E-001   1.16976093E+001   0.00000000E+000   2.05581642E+015   6.23320866E+013   1.00000000E-014   4.79000000E-012
       480     1.19999997E+001   7.01702196E+003   1.84924498E-020   6.31727760E-020  -1.19999997E+001   1.11437772E-020   0.00000000E+000   1.04083409E-018  -7.05442576E+003  -7.03607924E+003  -1.40481740E+004  -2.56185397E+002  -6.53756645E+000   1.17443646E+001   3.55231619E-001   1.16967834E+001   0.00000000E+000   2.05774765E+015   6.17950994E+013   1.00000000E-014   4.80000000E-012
       481     1.19999997E+001   7.01655309E+003   1.30114849E-019   1.31400618E-019  -1.19999997E+001   7.98262378E-020   3.46944695E-019   3.46944695E-019  -7.05461235E+003  -7.03621649E+003  -1.40478502E+004  -2.56328372E+002  -6.54718917E+000   1.17715375E+001   3.56202643E-001   1.16959556E+001   0.00000000E+000   2.06227129E+015   6.08708684E+013   1.00000000E-014   4.81000000E-012
       482     1.19999997E+001   7.01607496E+003   7.67160387E-020  -1.02796713E-019  -1.19999997E+001  -8.58773949E-020   0.00000000E+000  -3.46944695E-019  -7.05480184E+003  -7.03635726E+003  -1.40475199E+004  -2.56474180E+002  -6.55665027E+000   1.18004611E+001   3.57193060E-001   1.16951115E+001   0.00000000E+000   2.06549278E+015   6.05174565E+013   1.00000000E-014   4.82000000E-012
       483     1.19999997E+001   7.01560030E+003   1.38311216E-020  -4.33826453E-020  -1.19999997E+001   1.36706155E-019  -3.46944695E-019   3.46944695E-019  -7.05499028E+003  -7.03649668E+003  -1.40471921E+004  -2.56618930E+002  -6.56650001E+000   1.18281429E+001   3.58176120E-001   1.16942735E+001   0.00000000E+000   2.06813653E+015   6.05061553E+013   1.00000000E-014   4.83000000E-012
       484     1.19999997E+001   7.01513194E+003   6.26208811E-020   2.16132368E-020  -1.19999997E+001   1.33597775E-019  -3.46944695E-019   3.46944695E-019  -7.05517663E+003  -7.03663385E+003  -1.40468685E+004  -2.56761763E+002  -6.57640523E+000   1.18547224E+001   3.59146055E-001   1.16934466E+001   0.00000000E+000   2.07063681E+015   6.08244888E+013   1.00000000E-014   4.84000000E-012
       485     1.19999997E+001   7.01466587E+003  -9.34555274E-020   2.17406226E-019  -1.19999997E+001   1.40815919E-020   0.00000000E+000   6.93889390E-019  -7.05536378E+003  -7.03676865E+003  -1.40465466E+004  -2.56903901E+002  -6.58545064E+000   1.18817028E+001   3.60111630E-001   1.16926238E+001   0.00000000E+000   2.07427193E+015   6.01860201E+013   1.00000000E-014   4.85000000E-012
       486     1.19999997E+001   7.01419914E+003   4.99147251E-020  -1.70455454E-019  -1.19999997E+001   1.00716684E-019  -3.46944695E-019   3.46944695E-019  -7.05555040E+003  -7.03690444E+003  -1.40462242E+004  -2.57046246E+002  -6.59479938E+000   1.19092186E+001   3.61078656E-001   1.16917998E+001   0.00000000E+000   2.07812043E+015   5.96450378E+013   1.00000000E-014   4.86000000E-012
       487     1.19999997E+001   7.01372771E+003  -7.26999114E-020   1.63990873E-019  -1.19999997E+001  -1.31767721E-019   0.00000000E+000  -6.93889390E-019  -7.05573898E+003  -7.03704153E+003  -1.40458985E+004  -2.57190026E+002  -6.60262405E+000   1.19371694E+001   3.62055189E-001   1.16909675E+001   0.00000000E+000   2.08137024E+015   5.93235142E+013   1.00000000E-014   4.87000000E-012
       488     1.19999997E+001   7.01325004E+003   2.75834956E-020  -1.03449193E-019  -1.19999997E+001  -1.34777500E-019   1.04083409E-018  -6.93889390E-019  -7.05593156E+003  -7.03717895E+003  -1.40455685E+004  -2.57335719E+002  -6.61689245E+000   1.19652464E+001   3.63046200E-001   1.16901242E+001   0.00000000E+000   2.08537003E+015   5.90789230E+013   1.00000000E-014   4.88000000E-012
       489     1.19999997E+001   7.01277551E+003  -5.51610355E-020   1.65049002E-019  -1.19999997E+001   1.02794562E-019   3.46944695E-019   0.00000000E+000  -7.05612089E+003  -7.03731745E+003  -1.40452407E+004  -2.57480454E+002  -6.62579827E+000   1.19936158E+001   3.64029387E-001   1.16892864E+001   0.00000000E+000   2.08692648E+015   5.88815622E+013   1.00000000E-014   4.89000000E-012
       490     1.19999997E+001   7.01230547E+003  -1.16020353E-019   1.28320859E-019  -1.19999997E+001   8.75223263E-021  -1.04083409E-018   0.00000000E+000  -7.05630937E+003  -7.03745370E+003  -1.40449159E+004  -2.57623823E+002  -6.63674851E+000   1.20221713E+001   3.65004061E-001   1.16884566E+001   0.00000000E+000   2.08956675E+015   5.84915854E+013   1.00000000E-014   4.90000000E-012
       491     1.19999997E+001   7.01183425E+003   2.39981639E-020  -1.86391585E-019  -1.19999997E+001   5.85604169E-020   3.46944695E-019   6.93889390E-019  -7.05649749E+003  -7.03759114E+003  -1.40445904E+004  -2.57767554E+002  -6.64638014E+000   1.20496914E+001   3.65980409E-001   1.16876247E+001   0.00000000E+000   2.09325037E+015   5.81111164E+013   1.00000000E-014   4.91000000E-012
       492     1.19999997E+001   7.01135426E+003   7.31571769E-020  -3.87702862E-020  -1.19999997E+001  -9.02558273E-020   3.46944695E-019  -6.93889390E-019  -7.05668804E+003  -7.03773222E+003  -1.40442588E+004  -2.57913968E+002  -6.65831999E+000   1.20794235E+001   3.66975716E-001   1.16867773E+001   0.00000000E+000   2.09552109E+015   5.82611566E+013   1.00000000E-014   4.92000000E-012
       493     1.19999997E+001   7.01087725E+003  -8.15011131E-020  -2.71143849E-019  -1.19999997E+001  -6.72784042E-020  -3.46944695E-019  -6.93889390E-019  -7.05687924E+003  -7.03787060E+003  -1.40439292E+004  -2.58059480E+002  -6.66974219E+000   1.21099258E+001   3.67965478E-001   1.16859351E+001   0.00000000E+000   2.09961514E+015   5.82403703E+013   1.00000000E-014   4.93000000E-012
       494     1.19999997E+001   7.01040065E+003  -5.56315358E-020  -1.68077807E-019  -1.19999997E+001  -1.60623586E-020  -3.46944695E-019  -3.46944695E-019  -7.05707057E+003  -7.03800857E+003  -1.40435999E+004  -2.58204867E+002  -6.68333094E+000   1.21380070E+001   3.68954127E-001   1.16850937E+001   0.00000000E+000   2.10210706E+015   5.78164681E+013   1.00000000E-014   4.94000000E-012
       495     1.19999997E+001   7.00991953E+003  -5.02621410E-020   1.90358743E-019  -1.19999997E+001  -1.30049336E-020  -6.93889390E-019  -6.93889390E-019  -7.05726187E+003  -7.03814969E+003  -1.40432674E+004  -2.58351626E+002  -6.69177298E+000   1.21630560E+001   3.69949658E-001   1.16842443E+001   0.00000000E+000   2.10284345E+015   5.82767993E+013   1.00000000E-014   4.95000000E-012
       496     1.19999997E+001   7.00943671E+003  -9.79223027E-020  -1.42977176E-019  -1.19999997E+001  -6.99162832E-020   3.46944695E-019  -6.93889390E-019  -7.05745380E+003  -7.03829138E+003  -1.40429338E+004  -2.58498918E+002  -6.70286006E+000   1.21933725E+001   3.70950937E-001   1.16833920E+001   0.00000000E+000   2.10432327E+015   5.84723370E+013   1.00000000E-014   4.96000000E-012
       497     1.19999997E+001   7.00896332E+003  -5.52821347E-020  -2.26370217E-019  -1.19999997E+001  -8.42549628E-020   0.00000000E+000   0.00000000E+000  -7.05764142E+003  -7.03843086E+003  -1.40426067E+004  -2.58643330E+002  -6.71089811E+000   1.22219214E+001   3.71931603E-001   1.16825562E+001   0.00000000E+000   2.10737952E+015   5.86210337E+013   1.00000000E-014   4.97000000E-012
       498     1.19999997E+001   7.00847841E+003  -3.31613399E-020  -1.21060860E-019  -1.19999997E+001  -1.19073311E-019   3.46944695E-019   0.00000000E+000  -7.05783532E+003  -7.03857204E+003  -1.40422716E+004  -2.58791268E+002  -6.72218258E+000   1.22509773E+001   3.72937094E-001   1.16817001E+001   0.00000000E+000   2.11042574E+015   5.80899491E+013   1.00000000E-014   4.98000000E-012
       499     1.19999997E+001   7.00799601E+003   9.66795465E-020  -3.01014334E-020  -1.19999997E+001   1.35669201E-020   1.04083409E-018   3.46944695E-019  -7.05802603E+003  -7.03871467E+003  -1.40419383E+004  -2.58938435E+002  -6.73314673E+000   1.22786604E+001   3.73936474E-001   1.16808485E+001   0.00000000E+000   2.11205272E+015   5.87881877E+013   1.00000000E-014   4.99000000E-012
       500     1.19999997E+001   7.00751437E+003  -7.83340040E-020  -4.51653849E-020  -1.19999997E+001   8.32327330E-020  -3.46944695E-019   3.46944695E-019  -7.05821655E+003  -7.03885697E+003  -1.40416055E+004  -2.59085376E+002  -6.74282125E+000   1.23056523E+001   3.74933885E-001   1.16799982E+001   0.00000000E+000   2.11498128E+015   5.90815691E+013   1.00000000E-014   5.00000000E-012
