    iLoop            EVM               SVM               E11               E22               E33               E12               E13               E23               S11               S22               S33               S12               S13               S23              EpVM              dEVM             dEpVM             TotDens         TotJunctDens         DTIME           DTIMETOT
         1     1.19999997E+001   7.18850044E+003   1.74020706E-021   1.83587567E-020  -1.19999997E+001   5.03326478E-021   2.71050543E-020  -2.71050543E-020  -6.98628576E+003  -6.98630001E+003  -1.41660936E+004  -2.04124493E+002  -9.20182368E-003  -1.45014920E-002   4.39224709E-004   1.19996228E+001   0.00000000E+000   7.67611933E+014   0.00000000E+000   1.00000000E-014   1.00000000E-014
         2     1.19999997E+001   7.18828403E+003  -5.53335039E-021  -1.41762213E-020  -1.19999997E+001   3.26663964E-021   0.00000000E+000   2.71050543E-020  -6.98634881E+003  -6.98638513E+003  -1.41659454E+004  -2.04189910E+002  -1.42358956E-002  -3.13634694E-002   8.84715542E-004   1.19992405E+001   0.00000000E+000   7.73020717E+014   0.00000000E+000   1.00000000E-014   2.00000000E-014
         3     1.19999997E+001   7.18806442E+003  -4.65810606E-021  -3.91794097E-021  -1.19999997E+001  -3.55181015E-021  -1.08420217E-019   2.71050543E-020  -6.98641280E+003  -6.98647151E+003  -1.41657951E+004  -2.04256295E+002  -1.93463960E-002  -4.84731780E-002   1.33679453E-003   1.19988525E+001   0.00000000E+000   7.78433558E+014   0.00000000E+000   1.00000000E-014   3.00000000E-014
         4     1.19999997E+001   7.18784319E+003  -5.55260496E-021   1.66540409E-020  -1.19999997E+001   4.30175278E-021  -5.42101086E-020   5.42101086E-020  -6.98647726E+003  -6.98655852E+003  -1.41656436E+004  -2.04323168E+002  -2.44939707E-002  -6.57081619E-002   1.79219645E-003   1.19984617E+001   0.00000000E+000   7.83848236E+014   0.00000000E+000   1.00000000E-014   4.00000000E-014
         5     1.19999997E+001   7.18762035E+003  -1.14150763E-020  -4.95929674E-020  -1.19999997E+001  -7.24894560E-021   0.00000000E+000   0.00000000E+000  -6.98654219E+003  -6.98664617E+003  -1.41654910E+004  -2.04390530E+002  -2.96785378E-002  -8.30677984E-002   2.25093032E-003   1.19980680E+001   0.00000000E+000   7.89264796E+014   0.00000000E+000   1.00000000E-014   5.00000000E-014
         6     1.19999997E+001   7.18739587E+003  -3.08252733E-021  -1.99488563E-020  -1.19999997E+001   4.18046742E-021   2.71050543E-020  -1.08420217E-019  -6.98660760E+003  -6.98673446E+003  -1.41653373E+004  -2.04458389E+002  -3.49005426E-002  -1.00555219E-001   2.71304776E-003   1.19976714E+001   0.00000000E+000   7.94683831E+014   0.00000000E+000   1.00000000E-014   6.00000000E-014
         7     1.19999997E+001   7.18716979E+003  -1.12643905E-020   9.54282084E-021  -1.19999997E+001  -4.47741233E-021  -1.08420217E-019   5.42101086E-020  -6.98667347E+003  -6.98682338E+003  -1.41651825E+004  -2.04526732E+002  -4.01595528E-002  -1.18166835E-001   3.17845544E-003   1.19972720E+001   0.00000000E+000   8.00104208E+014   0.00000000E+000   1.00000000E-014   7.00000000E-014
         8     1.19999997E+001   7.18694204E+003  -6.33755089E-021   1.24382632E-020  -1.19999997E+001  -7.69836317E-021   2.71050543E-020   2.16840434E-019  -6.98673984E+003  -6.98691296E+003  -1.41650266E+004  -2.04595578E+002  -4.54589255E-002  -1.35910323E-001   3.64730010E-003   1.19968697E+001   0.00000000E+000   8.05527536E+014   0.00000000E+000   1.00000000E-014   8.00000000E-014
         9     1.19999997E+001   7.18671269E+003   1.34832379E-020  -3.18953606E-020  -1.19999997E+001   5.31830605E-021  -2.71050543E-020   0.00000000E+000  -6.98680667E+003  -6.98700317E+003  -1.41648695E+004  -2.04664912E+002  -5.07955228E-002  -1.53779809E-001   4.11946014E-003   1.19964645E+001   0.00000000E+000   8.10952400E+014   0.00000000E+000   1.00000000E-014   9.00000000E-014
        10     1.19999997E+001   7.18648171E+003   3.28547738E-021  -1.11135851E-020  -1.19999997E+001   4.94062055E-021  -5.42101086E-020   1.62630326E-019  -6.98687397E+003  -6.98709402E+003  -1.41647114E+004  -2.04734737E+002  -5.61687373E-002  -1.71775444E-001   4.59496417E-003   1.19960565E+001   0.00000000E+000   8.16379107E+014   0.00000000E+000   1.00000000E-014   1.00000000E-013
        11     1.19999997E+001   7.18624911E+003  -4.17966609E-021   1.35266261E-020  -1.19999997E+001   4.09736162E-021   5.42101086E-020  -2.71050543E-020  -6.98694175E+003  -6.98718552E+003  -1.41645521E+004  -2.04805055E+002  -6.15800598E-002  -1.89898992E-001   5.07382560E-003   1.19956456E+001   0.00000000E+000   8.21807784E+014   0.00000000E+000   1.00000000E-014   1.10000000E-013
        12     1.19999997E+001   7.18601492E+003  -6.00419387E-021   3.98468928E-020  -1.19999997E+001   3.42284753E-021  -2.71050543E-020  -2.71050543E-020  -6.98700999E+003  -6.98727763E+003  -1.41643917E+004  -2.04875854E+002  -6.70295397E-002  -2.08146621E-001   5.55596651E-003   1.19952319E+001   0.00000000E+000   8.27237512E+014   0.00000000E+000   1.00000000E-014   1.20000000E-013
        13     1.19999997E+001   7.18577910E+003  -4.94290822E-021  -3.03241311E-020  -1.19999997E+001   2.52383145E-021  -2.71050543E-020   5.42101086E-020  -6.98707871E+003  -6.98737039E+003  -1.41642303E+004  -2.04947146E+002  -7.25164982E-002  -2.26520471E-001   6.04146266E-003   1.19948153E+001   0.00000000E+000   8.32669105E+014   0.00000000E+000   1.00000000E-014   1.30000000E-013
        14     1.19999997E+001   7.18554168E+003   1.81979735E-022   2.64634207E-020  -1.19999997E+001   2.13808094E-021   0.00000000E+000  -8.13151629E-020  -6.98714790E+003  -6.98746378E+003  -1.41640677E+004  -2.05018923E+002  -7.80399484E-002  -2.45018836E-001   6.53026251E-003   1.19943958E+001   0.00000000E+000   8.38101968E+014   0.00000000E+000   1.00000000E-014   1.40000000E-013
        15     1.19999997E+001   7.18530262E+003   6.70832718E-021   2.06727428E-020  -1.19999997E+001  -1.76964952E-021  -2.71050543E-020   0.00000000E+000  -6.98721757E+003  -6.98755781E+003  -1.41639040E+004  -2.05091197E+002  -8.35999900E-002  -2.63645614E-001   7.02243992E-003   1.19939735E+001   0.00000000E+000   8.43536867E+014   0.00000000E+000   1.00000000E-014   1.50000000E-013
        16     1.19999997E+001   7.18506193E+003   1.44870938E-020   6.57593077E-021  -1.19999997E+001   1.31692840E-020   1.08420217E-019  -1.08420217E-019  -6.98728771E+003  -6.98765249E+003  -1.41637392E+004  -2.05163962E+002  -8.91976910E-002  -2.82398628E-001   7.51797065E-003   1.19935483E+001   0.00000000E+000   8.48973516E+014   0.00000000E+000   1.00000000E-014   1.60000000E-013
        17     1.19999997E+001   7.18481964E+003   9.01472418E-021  -1.82956325E-020  -1.19999997E+001  -5.53334716E-021  -1.08420217E-019  -5.42101086E-020  -6.98735832E+003  -6.98774780E+003  -1.41635733E+004  -2.05237214E+002  -9.48327258E-002  -3.01277488E-001   8.01681301E-003   1.19931203E+001   0.00000000E+000   8.54411440E+014   0.00000000E+000   1.00000000E-014   1.70000000E-013
        18     1.19999997E+001   7.18457570E+003  -1.01969935E-020   4.43120654E-021  -1.19999997E+001   7.49818546E-021   1.35525272E-019  -2.71050543E-020  -6.98742941E+003  -6.98784375E+003  -1.41634062E+004  -2.05310965E+002  -1.00505310E-001  -3.20285964E-001   8.51905397E-003   1.19926893E+001   0.00000000E+000   8.59851521E+014   0.00000000E+000   1.00000000E-014   1.80000000E-013
        19     1.19999997E+001   7.18433007E+003  -1.76530553E-020   4.27094030E-020  -1.19999997E+001  -3.70894862E-021   2.71050543E-020   1.62630326E-019  -6.98750099E+003  -6.98794038E+003  -1.41632380E+004  -2.05385226E+002  -1.06214674E-001  -3.39427802E-001   9.02477042E-003   1.19922554E+001   0.00000000E+000   8.65294552E+014   0.00000000E+000   1.00000000E-014   1.90000000E-013
        20     1.19999997E+001   7.18408282E+003  -8.13647001E-021  -5.83214031E-021  -1.19999997E+001  -1.55737430E-021   5.42101086E-020   1.08420217E-019  -6.98757305E+003  -6.98803764E+003  -1.41630687E+004  -2.05459982E+002  -1.11960417E-001  -3.58697339E-001   9.53385048E-003   1.19918186E+001   0.00000000E+000   8.70739295E+014   0.00000000E+000   1.00000000E-014   2.00000000E-013
        21     1.19999997E+001   7.18383394E+003  -3.88131238E-021   1.74528388E-020  -1.19999997E+001   1.23244224E-020  -1.35525272E-019   1.89735380E-019  -6.98764558E+003  -6.98813555E+003  -1.41628982E+004  -2.05535228E+002  -1.17744555E-001  -3.78094040E-001   1.00462783E-002   1.19913790E+001   0.00000000E+000   8.76185578E+014   0.00000000E+000   1.00000000E-014   2.10000000E-013
        22     1.19999997E+001   7.18358345E+003   7.63681576E-022   1.84750790E-020  -1.19999997E+001  -2.74688587E-021   8.13151629E-020   2.71050543E-020  -6.98771858E+003  -6.98823408E+003  -1.41627267E+004  -2.05610963E+002  -1.23565975E-001  -3.97616352E-001   1.05620308E-002   1.19909365E+001   0.00000000E+000   8.81633135E+014   0.00000000E+000   1.00000000E-014   2.20000000E-013
        23     1.19999997E+001   7.18333137E+003  -1.22420016E-020  -8.21222327E-021  -1.19999997E+001   4.46419037E-021   2.71050543E-020   2.71050543E-020  -6.98779205E+003  -6.98833325E+003  -1.41625541E+004  -2.05687180E+002  -1.29423720E-001  -4.17262113E-001   1.10810610E-002   1.19904911E+001   0.00000000E+000   8.87081471E+014   0.00000000E+000   1.00000000E-014   2.30000000E-013
        24     1.19999997E+001   7.18307769E+003  -9.72541126E-021  -1.31264257E-020  -1.19999997E+001  -8.79396389E-021  -1.08420217E-019   1.08420217E-019  -6.98786599E+003  -6.98843304E+003  -1.41623803E+004  -2.05763884E+002  -1.35318950E-001  -4.37033541E-001   1.16034122E-002   1.19900430E+001   0.00000000E+000   8.92531005E+014   0.00000000E+000   1.00000000E-014   2.40000000E-013
        25     1.19999997E+001   7.18282239E+003   5.29055673E-021  -1.25144155E-020  -1.19999997E+001  -4.54065288E-021   1.08420217E-019  -1.08420217E-019  -6.98794040E+003  -6.98853347E+003  -1.41622055E+004  -2.05841075E+002  -1.41250049E-001  -4.56930437E-001   1.21290784E-002   1.19895920E+001   0.00000000E+000   8.97981647E+014   0.00000000E+000   1.00000000E-014   2.50000000E-013
        26     1.19999997E+001   7.18256543E+003   1.28066558E-020   4.43440153E-020  -1.19999997E+001   6.58678752E-021  -8.13151629E-020  -1.89735380E-019  -6.98801529E+003  -6.98863456E+003  -1.41620295E+004  -2.05918770E+002  -1.47218595E-001  -4.76958957E-001   1.26581806E-002   1.19891380E+001   0.00000000E+000   9.03434634E+014   0.00000000E+000   1.00000000E-014   2.60000000E-013
        27     1.19999997E+001   7.18230687E+003   2.19789644E-020   1.27876953E-021  -1.19999997E+001   7.75357747E-021  -2.71050543E-020   0.00000000E+000  -6.98809065E+003  -6.98873628E+003  -1.41618524E+004  -2.05996951E+002  -1.53224065E-001  -4.97113225E-001   1.31905918E-002   1.19886813E+001   0.00000000E+000   9.08888622E+014   0.00000000E+000   1.00000000E-014   2.70000000E-013
        28     1.19999997E+001   7.18204670E+003  -1.11844553E-020   2.42721675E-020  -1.19999997E+001   1.54587649E-020   8.13151629E-020  -5.42101086E-020  -6.98816648E+003  -6.98883864E+003  -1.41616742E+004  -2.06075619E+002  -1.59268353E-001  -5.17394701E-001   1.37263200E-002   1.19882217E+001   0.00000000E+000   9.14343660E+014   0.00000000E+000   1.00000000E-014   2.80000000E-013
        29     1.19999997E+001   7.18178489E+003   8.15708651E-021  -4.57083463E-020  -1.19999997E+001   2.25405683E-020  -1.62630326E-019  -1.08420217E-019  -6.98824279E+003  -6.98894163E+003  -1.41614949E+004  -2.06154781E+002  -1.65349208E-001  -5.37804698E-001   1.42654128E-002   1.19877592E+001   0.00000000E+000   9.19800216E+014   0.00000000E+000   1.00000000E-014   2.90000000E-013
        30     1.19999997E+001   7.18152145E+003   1.38152438E-020  -3.04759187E-021  -1.19999997E+001  -6.88963902E-021  -5.42101086E-020  -1.89735380E-019  -6.98831958E+003  -6.98904528E+003  -1.41613145E+004  -2.06234441E+002  -1.71468933E-001  -5.58345683E-001   1.48078911E-002   1.19872938E+001   0.00000000E+000   9.25258462E+014   0.00000000E+000   1.00000000E-014   3.00000000E-013
        31     1.19999997E+001   7.18125641E+003  -1.35702566E-020   3.77459057E-020  -1.19999997E+001   1.95994242E-020  -2.71050543E-020  -5.42101086E-020  -6.98839683E+003  -6.98914956E+003  -1.41611330E+004  -2.06314586E+002  -1.77625440E-001  -5.79012189E-001   1.53536808E-002   1.19868256E+001   0.00000000E+000   9.30717642E+014   0.00000000E+000   1.00000000E-014   3.10000000E-013
        32     1.19999997E+001   7.18098974E+003   1.48281948E-020  -1.16440664E-020  -1.19999997E+001  -4.34450767E-021   1.08420217E-019   0.00000000E+000  -6.98847456E+003  -6.98925447E+003  -1.41609503E+004  -2.06395221E+002  -1.83818348E-001  -5.99806657E-001   1.59028073E-002   1.19863545E+001   0.00000000E+000   9.36177977E+014   0.00000000E+000   1.00000000E-014   3.20000000E-013
        33     1.19999997E+001   7.18072148E+003  -2.23393954E-020  -1.10077060E-020  -1.19999997E+001  -7.40740239E-022   2.71050543E-020  -1.35525272E-019  -6.98855275E+003  -6.98936002E+003  -1.41607666E+004  -2.06476342E+002  -1.90047909E-001  -6.20728595E-001   1.64552390E-002   1.19858806E+001   0.00000000E+000   9.41639169E+014   0.00000000E+000   1.00000000E-014   3.30000000E-013
        34     1.19999997E+001   7.18045160E+003   4.53430685E-021   8.57869013E-021  -1.19999997E+001   4.90637010E-021  -1.35525272E-019   1.35525272E-019  -6.98863142E+003  -6.98946620E+003  -1.41605818E+004  -2.06557952E+002  -1.96316429E-001  -6.41777370E-001   1.70110050E-002   1.19854038E+001   0.00000000E+000   9.47101456E+014   0.00000000E+000   1.00000000E-014   3.40000000E-013
        35     1.19999997E+001   7.18018009E+003  -1.13968299E-020  -3.04774180E-020  -1.19999997E+001  -2.06175802E-020   1.08420217E-019   2.71050543E-020  -6.98871056E+003  -6.98957303E+003  -1.41603958E+004  -2.06640056E+002  -2.02620909E-001  -6.62953019E-001   1.75701356E-002   1.19849242E+001   0.00000000E+000   9.52565074E+014   0.00000000E+000   1.00000000E-014   3.50000000E-013
        36     1.19999997E+001   7.17990695E+003   1.14715346E-020  -2.89960409E-020  -1.19999997E+001   8.97087714E-021   1.08420217E-019  -1.08420217E-019  -6.98879018E+003  -6.98968050E+003  -1.41602087E+004  -2.06722655E+002  -2.08962212E-001  -6.84257234E-001   1.81326312E-002   1.19844417E+001   0.00000000E+000   9.58029960E+014   0.00000000E+000   1.00000000E-014   3.60000000E-013
        37     1.19999997E+001   7.17963215E+003   1.78255613E-020   1.94218389E-020  -1.19999997E+001   1.35878374E-020  -5.42101086E-020   5.42101086E-020  -6.98887028E+003  -6.98978862E+003  -1.41600205E+004  -2.06805758E+002  -2.15339601E-001  -7.05690158E-001   1.86985640E-002   1.19839562E+001   0.00000000E+000   9.63496813E+014   0.00000000E+000   1.00000000E-014   3.70000000E-013
        38     1.19999997E+001   7.17935564E+003  -1.26023551E-021   5.09709727E-020  -1.19999997E+001   1.35926454E-020   1.08420217E-019   2.16840434E-019  -6.98895089E+003  -6.98989742E+003  -1.41598311E+004  -2.06889378E+002  -2.21754709E-001  -7.27256982E-001   1.92680167E-002   1.19834677E+001   0.00000000E+000   9.68966379E+014   0.00000000E+000   1.00000000E-014   3.80000000E-013
        39     1.19999997E+001   7.17907747E+003   8.26949260E-021   1.75238213E-020  -1.19999997E+001   2.36728235E-020  -1.08420217E-019   3.25260652E-019  -6.98903198E+003  -6.99000687E+003  -1.41596405E+004  -2.06973501E+002  -2.28205027E-001  -7.48955822E-001   1.98408952E-002   1.19829763E+001   0.00000000E+000   9.74437750E+014   0.00000000E+000   1.00000000E-014   3.90000000E-013
        40     1.19999997E+001   7.17879763E+003   5.03680615E-021  -2.91460708E-020  -1.19999997E+001   9.53687547E-021  -1.62630326E-019   1.62630326E-019  -6.98911355E+003  -6.99011698E+003  -1.41594488E+004  -2.07058128E+002  -2.34692055E-001  -7.70784201E-001   2.04172105E-002   1.19824820E+001   0.00000000E+000   9.79910982E+014   0.00000000E+000   1.00000000E-014   4.00000000E-013
        41     1.19999997E+001   7.17851613E+003  -1.42007379E-020  -3.78574717E-020  -1.19999997E+001  -1.84288086E-020  -1.08420217E-019   1.08420217E-019  -6.98919561E+003  -6.99022774E+003  -1.41592560E+004  -2.07143260E+002  -2.41213630E-001  -7.92745597E-001   2.09969561E-002   1.19819847E+001   0.00000000E+000   9.85385990E+014   0.00000000E+000   1.00000000E-014   4.10000000E-013
        42     1.19999997E+001   7.17823298E+003  -1.95618521E-021  -1.36522541E-020  -1.19999997E+001  -2.14870504E-021   2.16840434E-019   5.42101086E-020  -6.98927816E+003  -6.99033916E+003  -1.41590621E+004  -2.07228893E+002  -2.47772534E-001  -8.14838630E-001   2.15801213E-002   1.19814845E+001   0.00000000E+000   9.90862590E+014   0.00000000E+000   1.00000000E-014   4.20000000E-013
        43     1.19999997E+001   7.17794816E+003   4.66878832E-021   3.10968212E-020  -1.19999997E+001  -1.24009883E-020  -1.08420217E-019   0.00000000E+000  -6.98936120E+003  -6.99045122E+003  -1.41588670E+004  -2.07315031E+002  -2.54370193E-001  -8.37063156E-001   2.21667196E-002   1.19809813E+001   0.00000000E+000   9.96340885E+014   0.00000000E+000   1.00000000E-014   4.30000000E-013
        44     1.19999997E+001   7.17766174E+003   4.76916152E-021   3.88795050E-020  -1.19999997E+001   1.47186450E-020   1.08420217E-019   5.42101086E-020  -6.98944471E+003  -6.99056392E+003  -1.41586707E+004  -2.07401657E+002  -2.61002452E-001  -8.59418456E-001   2.27566440E-002   1.19804754E+001   0.00000000E+000   1.00181980E+015   0.00000000E+000   1.00000000E-014   4.40000000E-013
        45     1.19999997E+001   7.17737370E+003  -1.03744088E-020   2.96503925E-020  -1.19999997E+001  -8.56442127E-021   1.62630326E-019  -5.42101086E-020  -6.98952869E+003  -6.99067725E+003  -1.41584734E+004  -2.07488770E+002  -2.67671684E-001  -8.81905858E-001   2.33498912E-002   1.19799665E+001   0.00000000E+000   1.00729919E+015   0.00000000E+000   1.00000000E-014   4.50000000E-013
        46     1.19999997E+001   7.17702840E+003   2.20902977E-020  -9.07272375E-021  -1.19999997E+001   7.49213670E-021   1.62630326E-019   2.16840434E-019  -6.98962520E+003  -6.99081729E+003  -1.41582369E+004  -2.07593208E+002  -2.71074551E-001  -9.07866086E-001   2.40613274E-002   1.19793565E+001   0.00000000E+000   1.01521870E+015   0.00000000E+000   1.00000000E-014   4.60000000E-013
        47     1.19999997E+001   7.17664819E+003   2.62477204E-020   4.28231920E-020  -1.19999997E+001   4.35520932E-020  -1.08420217E-019  -1.08420217E-019  -6.98974039E+003  -6.99096256E+003  -1.41579764E+004  -2.07708200E+002  -2.76781322E-001  -9.32529887E-001   2.48417520E-002   1.19786849E+001   0.00000000E+000   1.02479519E+015   2.85572930E+011   1.00000000E-014   4.70000000E-013
        48     1.19999997E+001   7.17637614E+003  -3.31959212E-020  -1.00768176E-020  -1.19999997E+001  -1.17737269E-020  -5.42101086E-020   0.00000000E+000  -6.98982043E+003  -6.99106890E+003  -1.41577900E+004  -2.07790483E+002  -2.83843999E-001  -9.55221931E-001   2.54024806E-002   1.19782043E+001   0.00000000E+000   1.02999690E+015   7.97086445E+011   1.00000000E-014   4.80000000E-013
        49     1.19999997E+001   7.17610189E+003  -1.87363194E-020   6.23590784E-021  -1.19999997E+001  -1.13754395E-020   5.42101086E-020   5.42101086E-020  -6.98990098E+003  -6.99117624E+003  -1.41576022E+004  -2.07873434E+002  -2.91124773E-001  -9.77838622E-001   2.59677147E-002   1.19777198E+001   0.00000000E+000   1.03478016E+015   9.72986062E+011   1.00000000E-014   4.90000000E-013
        50     1.19999997E+001   7.17582646E+003  -1.33212268E-021   3.50404047E-020  -1.19999997E+001  -1.92635372E-020   0.00000000E+000  -1.62630326E-019  -6.98998187E+003  -6.99128404E+003  -1.41574135E+004  -2.07956743E+002  -2.98450482E-001  -1.00057205E+000   2.65353975E-002   1.19772333E+001   0.00000000E+000   1.03966357E+015   1.16847119E+012   1.00000000E-014   5.00000000E-013
        51     1.19999997E+001   7.17554983E+003  -2.41543589E-020  -8.74826216E-021  -1.19999997E+001  -8.70866089E-021   3.79470760E-019   5.42101086E-020  -6.99006310E+003  -6.99139233E+003  -1.41572239E+004  -2.08040414E+002  -3.05825567E-001  -1.02341132E+000   2.71055559E-002   1.19767446E+001   0.00000000E+000   1.04464557E+015   1.38321027E+012   1.00000000E-014   5.10000000E-013
        52     1.19999997E+001   7.17527201E+003  -2.10887484E-020   1.51374052E-022  -1.19999997E+001  -1.06349577E-020  -5.42101086E-020   5.42101086E-020  -6.99014468E+003  -6.99150109E+003  -1.41570336E+004  -2.08124447E+002  -3.13250333E-001  -1.04636667E+000   2.76781896E-002   1.19762538E+001   0.00000000E+000   1.04972529E+015   1.61677272E+012   1.00000000E-014   5.20000000E-013
        53     1.19999997E+001   7.17499311E+003   8.09981718E-021  -3.33544038E-020  -1.19999997E+001   1.48911122E-020  -5.42101086E-020  -5.42101086E-020  -6.99022660E+003  -6.99161025E+003  -1.41568425E+004  -2.08208809E+002  -3.20732764E-001  -1.06938501E+000   2.82530529E-002   1.19757611E+001   0.00000000E+000   1.05490101E+015   1.86903921E+012   1.00000000E-014   5.30000000E-013
        54     1.19999997E+001   7.17471307E+003   1.32565435E-020   5.51908863E-020  -1.19999997E+001  -4.60574165E-021  -1.62630326E-019   0.00000000E+000  -6.99030885E+003  -6.99171985E+003  -1.41566507E+004  -2.08293514E+002  -3.28264100E-001  -1.09259702E+000   2.88302851E-002   1.19752664E+001   0.00000000E+000   1.06016946E+015   2.13910300E+012   1.00000000E-014   5.40000000E-013
        55     1.19999997E+001   7.17443208E+003   5.33773187E-021   2.76635046E-020  -1.19999997E+001   3.23696453E-021   1.08420217E-019  -5.42101086E-020  -6.99039143E+003  -6.99182980E+003  -1.41564581E+004  -2.08378512E+002  -3.35852756E-001  -1.11585323E+000   2.94095044E-002   1.19747700E+001   0.00000000E+000   1.06553551E+015   2.43109974E+012   1.00000000E-014   5.50000000E-013
        56     1.19999997E+001   7.17414991E+003   1.25881380E-020   5.22419358E-020  -1.19999997E+001   1.88282334E-020  -1.62630326E-019   0.00000000E+000  -6.99047433E+003  -6.99194022E+003  -1.41562648E+004  -2.08463866E+002  -3.43505526E-001  -1.13922127E+000   2.99911514E-002   1.19742716E+001   0.00000000E+000   1.07099796E+015   2.74672907E+012   1.00000000E-014   5.60000000E-013
        57     1.19999997E+001   7.17386676E+003   2.02905853E-020  -3.05557416E-020  -1.19999997E+001  -3.96467668E-021  -3.79470760E-019   1.08420217E-019  -6.99055755E+003  -6.99205101E+003  -1.41560708E+004  -2.08549517E+002  -3.51227215E-001  -1.16272730E+000   3.05748474E-002   1.19737714E+001   0.00000000E+000   1.07655122E+015   3.08501299E+012   1.00000000E-014   5.70000000E-013
        58     1.19999997E+001   7.17358364E+003   2.63438672E-020  -1.98534721E-020  -1.19999997E+001   2.65589600E-020   1.08420217E-019  -1.08420217E-019  -6.99064095E+003  -6.99216159E+003  -1.41558768E+004  -2.08635159E+002  -3.59075803E-001  -1.18597782E+000   3.11583661E-002   1.19732713E+001   0.00000000E+000   1.08192870E+015   3.41729454E+012   1.00000000E-014   5.80000000E-013
        59     1.19999997E+001   7.17329984E+003   1.55796366E-020  -5.62617233E-020  -1.19999997E+001   1.56160843E-020   0.00000000E+000   1.08420217E-019  -6.99072453E+003  -6.99227247E+003  -1.41556824E+004  -2.08721009E+002  -3.67020209E-001  -1.20951961E+000   3.17433947E-002   1.19727699E+001   0.00000000E+000   1.08697220E+015   2.88949970E+012   1.00000000E-014   5.90000000E-013
        60     1.19999997E+001   7.17301022E+003  -1.27525660E-020   2.75153876E-020  -1.19999997E+001  -2.84043483E-021  -2.71050543E-019  -2.71050543E-019  -6.99080862E+003  -6.99238683E+003  -1.41554839E+004  -2.08808623E+002  -3.75192630E-001  -1.23273798E+000   3.23404146E-002   1.19722583E+001   0.00000000E+000   1.09232078E+015   3.20649517E+012   1.00000000E-014   6.00000000E-013
        61     1.19999997E+001   7.17272410E+003   1.92806624E-020  -9.67193339E-020  -1.19999997E+001   1.68267148E-020   1.08420217E-019  -2.16840434E-019  -6.99089252E+003  -6.99249896E+003  -1.41552879E+004  -2.08895176E+002  -3.83357740E-001  -1.25682000E+000   3.29304231E-002   1.19717529E+001   0.00000000E+000   1.09824114E+015   3.65699818E+012   1.00000000E-014   6.10000000E-013
        62     1.19999997E+001   7.17243668E+003  -1.26022647E-020  -7.31402920E-020  -1.19999997E+001  -1.75062437E-020   1.08420217E-019   0.00000000E+000  -6.99097679E+003  -6.99261164E+003  -1.41550909E+004  -2.08982126E+002  -3.91615569E-001  -1.28081227E+000   3.35230818E-002   1.19712451E+001   0.00000000E+000   1.10414622E+015   4.05196632E+012   1.00000000E-014   6.20000000E-013
        63     1.19999997E+001   7.17214781E+003   8.41945786E-021  -1.30713148E-020  -1.19999997E+001   2.23183669E-022   5.42101086E-020   1.08420217E-019  -6.99106149E+003  -6.99272488E+003  -1.41548930E+004  -2.09069516E+002  -3.99899658E-001  -1.30493293E+000   3.41187444E-002   1.19707348E+001   0.00000000E+000   1.11013737E+015   4.46757928E+012   1.00000000E-014   6.30000000E-013
        64     1.19999997E+001   7.17185738E+003  -1.88331383E-020   5.75464382E-020  -1.19999997E+001  -1.43658525E-020   3.25260652E-019   1.62630326E-019  -6.99114662E+003  -6.99283876E+003  -1.41546940E+004  -2.09157378E+002  -4.08228710E-001  -1.32918807E+000   3.47176266E-002   1.19702218E+001   0.00000000E+000   1.11621678E+015   4.90643166E+012   1.00000000E-014   6.40000000E-013
        65     1.19999997E+001   7.17156535E+003   2.75852456E-021  -7.41906563E-020  -1.19999997E+001  -5.54200671E-021   0.00000000E+000  -1.62630326E-019  -6.99123219E+003  -6.99295330E+003  -1.41544939E+004  -2.09245728E+002  -4.16603542E-001  -1.35358196E+000   3.53198474E-002   1.19697059E+001   0.00000000E+000   1.12238558E+015   5.37010510E+012   1.00000000E-014   6.50000000E-013
        66     1.19999997E+001   7.17127161E+003   2.37921572E-020  -3.63917077E-020  -1.19999997E+001   1.33594322E-020   5.42101086E-020   1.62630326E-019  -6.99131826E+003  -6.99306852E+003  -1.41542926E+004  -2.09334594E+002  -4.25038455E-001  -1.37807662E+000   3.59255735E-002   1.19691870E+001   0.00000000E+000   1.12863719E+015   5.85783898E+012   1.00000000E-014   6.60000000E-013
        67     1.19999997E+001   7.17097606E+003   6.28773588E-022   2.76039476E-020  -1.19999997E+001   1.07553125E-020  -1.08420217E-019  -5.42101086E-020  -6.99140491E+003  -6.99318439E+003  -1.41540901E+004  -2.09424008E+002  -4.33471272E-001  -1.40268093E+000   3.65350098E-002   1.19686649E+001   0.00000000E+000   1.13497557E+015   6.37322295E+012   1.00000000E-014   6.70000000E-013
        68     1.19999997E+001   7.17067869E+003   1.08729531E-020   8.11048523E-020  -1.19999997E+001  -1.60949702E-020  -5.42101086E-020   1.08420217E-019  -6.99149207E+003  -6.99330101E+003  -1.41538863E+004  -2.09513975E+002  -4.41929621E-001  -1.42740354E+000   3.71482049E-002   1.19681396E+001   0.00000000E+000   1.14139277E+015   6.91376137E+012   1.00000000E-014   6.80000000E-013
        69     1.19999997E+001   7.17037419E+003  -3.26458202E-020  -4.45046951E-020  -1.19999997E+001  -1.28699998E-020   0.00000000E+000  -1.62630326E-019  -6.99158183E+003  -6.99341992E+003  -1.41536776E+004  -2.09606103E+002  -4.49930463E-001  -1.45238879E+000   3.77758768E-002   1.19676017E+001   0.00000000E+000   1.14642284E+015   7.46893408E+012   1.00000000E-014   6.90000000E-013
        70     1.19999997E+001   7.17007042E+003  -2.73438252E-020  -1.06734527E-019  -1.19999997E+001  -1.88385215E-020  -5.42101086E-020   0.00000000E+000  -6.99167036E+003  -6.99353957E+003  -1.41534694E+004  -2.09698009E+002  -4.58449450E-001  -1.47732237E+000   3.84022756E-002   1.19670651E+001   0.00000000E+000   1.15433087E+015   6.44719558E+012   1.00000000E-014   7.00000000E-013
        71     1.19999997E+001   7.16976057E+003   1.26257488E-020   6.12603758E-020  -1.19999997E+001   2.31256435E-020   1.08420217E-019   2.71050543E-019  -6.99176163E+003  -6.99366062E+003  -1.41532571E+004  -2.09791754E+002  -4.68800689E-001  -1.50115870E+000   3.90405932E-002   1.19665177E+001   0.00000000E+000   1.16022621E+015   6.33298978E+012   1.00000000E-014   7.10000000E-013
        72     1.19999997E+001   7.16945004E+003  -3.67638678E-020   6.78338767E-020  -1.19999997E+001   6.39824204E-022  -5.42101086E-020   5.42101086E-020  -6.99185224E+003  -6.99378283E+003  -1.41530443E+004  -2.09885709E+002  -4.77089944E-001  -1.52617507E+000   3.96807530E-002   1.19659692E+001   0.00000000E+000   1.16797021E+015   4.71281462E+012   1.00000000E-014   7.20000000E-013
        73     1.19999997E+001   7.16914150E+003   2.52915642E-021   5.57783397E-020  -1.19999997E+001  -9.32780558E-021  -5.42101086E-020  -5.42101086E-020  -6.99194237E+003  -6.99390414E+003  -1.41528329E+004  -2.09979065E+002  -4.85549888E-001  -1.55154026E+000   4.03169863E-002   1.19654241E+001   0.00000000E+000   1.17464481E+015   5.17600850E+012   1.00000000E-014   7.30000000E-013
        74     1.19999997E+001   7.16883091E+003   6.45299105E-021   5.65197003E-020  -1.19999997E+001  -8.98235427E-021  -1.08420217E-019  -1.62630326E-019  -6.99203310E+003  -6.99402627E+003  -1.41526200E+004  -2.10073040E+002  -4.94119760E-001  -1.57705568E+000   4.09574473E-002   1.19648755E+001   0.00000000E+000   1.18133427E+015   5.61110222E+012   1.00000000E-014   7.40000000E-013
        75     1.19999997E+001   7.16851846E+003   2.64578760E-020   5.56259316E-020  -1.19999997E+001   2.71271814E-020  -8.13151629E-019   3.79470760E-019  -6.99212444E+003  -6.99414907E+003  -1.41524059E+004  -2.10167580E+002  -5.02698287E-001  -1.60261893E+000   4.16016992E-002   1.19643235E+001   0.00000000E+000   1.18807550E+015   6.04607514E+012   1.00000000E-014   7.50000000E-013
        76     1.19999997E+001   7.16820365E+003   2.33684985E-020   2.55650508E-020  -1.19999997E+001  -3.15960247E-020   5.42101086E-020  -1.62630326E-019  -6.99221634E+003  -6.99427293E+003  -1.41521901E+004  -2.10262835E+002  -5.11361755E-001  -1.62832810E+000   4.22508443E-002   1.19637674E+001   0.00000000E+000   1.19486683E+015   6.47869458E+012   1.00000000E-014   7.60000000E-013
        77     1.19999997E+001   7.16788474E+003   4.49944894E-021   4.57940629E-020  -1.19999997E+001  -1.77850553E-020   4.87890978E-019   0.00000000E+000  -6.99230914E+003  -6.99439870E+003  -1.41519715E+004  -2.10359334E+002  -5.19888144E-001  -1.65477638E+000   4.29086352E-002   1.19632041E+001   0.00000000E+000   1.20168750E+015   6.42750465E+012   1.00000000E-014   7.70000000E-013
        78     1.19999997E+001   7.16756330E+003  -7.31050593E-021   1.18041775E-020  -1.19999997E+001   5.29152608E-021  -2.16840434E-019   1.62630326E-019  -6.99240258E+003  -6.99452556E+003  -1.41517512E+004  -2.10456599E+002  -5.28470369E-001  -1.68147328E+000   4.35716832E-002   1.19626362E+001   0.00000000E+000   1.20864217E+015   6.29181011E+012   1.00000000E-014   7.80000000E-013
        79     1.19999997E+001   7.16723939E+003  -1.38819777E-020   7.68436313E-020  -1.19999997E+001   8.12208643E-021   2.71050543E-019  -1.62630326E-019  -6.99249755E+003  -6.99465259E+003  -1.41515292E+004  -2.10554612E+002  -5.37830645E-001  -1.70757372E+000   4.42394490E-002   1.19620641E+001   0.00000000E+000   1.21562370E+015   6.07173053E+012   1.00000000E-014   7.90000000E-013
        80     1.19999997E+001   7.16690676E+003   4.28694107E-021  -2.51647988E-020  -1.19999997E+001   1.13568796E-020  -1.62630326E-019   2.16840434E-019  -6.99259295E+003  -6.99478517E+003  -1.41513012E+004  -2.10655265E+002  -5.46139067E-001  -1.73746761E+000   4.49265643E-002   1.19614765E+001   0.00000000E+000   1.22226971E+015   5.75209237E+012   1.00000000E-014   8.00000000E-013
        81     1.19999997E+001   7.16658012E+003  -3.23881793E-020  -2.13109643E-020  -1.19999997E+001  -3.00307921E-021   5.42101086E-020  -1.08420217E-019  -6.99268820E+003  -6.99491382E+003  -1.41510774E+004  -2.10754110E+002  -5.54783124E-001  -1.76395715E+000   4.56001068E-002   1.19608995E+001   0.00000000E+000   1.22928803E+015   6.06597527E+012   1.00000000E-014   8.10000000E-013
        82     1.19999997E+001   7.16625117E+003   1.50894546E-021   4.22803030E-021  -1.19999997E+001  -1.37701791E-020   2.16840434E-019   2.71050543E-019  -6.99278409E+003  -6.99504340E+003  -1.41508519E+004  -2.10853654E+002  -5.63442437E-001  -1.79054938E+000   4.62783867E-002   1.19603184E+001   0.00000000E+000   1.23637000E+015   6.37398553E+012   1.00000000E-014   8.20000000E-013
        83     1.19999997E+001   7.16591298E+003  -6.22620059E-021  -6.90650317E-020  -1.19999997E+001  -1.68510649E-020  -5.42101086E-020  -5.42101086E-020  -6.99288107E+003  -6.99517822E+003  -1.41506201E+004  -2.10955996E+002  -5.71883125E-001  -1.82024761E+000   4.69767993E-002   1.19597210E+001   0.00000000E+000   1.24410918E+015   5.03134744E+012   1.00000000E-014   8.30000000E-013
        84     1.19999997E+001   7.16556133E+003  -2.57374663E-020   1.68510132E-020  -1.19999997E+001  -6.46255533E-021   5.42101086E-020  -2.16840434E-019  -6.99297992E+003  -6.99532040E+003  -1.41503790E+004  -2.11062412E+002  -5.80454234E-001  -1.84782318E+000   4.77022870E-002   1.19590998E+001   0.00000000E+000   1.25005599E+015   3.04192096E+012   1.00000000E-014   8.40000000E-013
        85     1.19999997E+001   7.16521053E+003   8.73538916E-021   3.50091787E-020  -1.19999997E+001   2.21050060E-020  -1.08420217E-019   1.08420217E-019  -6.99308134E+003  -6.99545945E+003  -1.41501386E+004  -2.11168574E+002  -5.89191209E-001  -1.87529535E+000   4.84254971E-002   1.19584801E+001   0.00000000E+000   1.25721463E+015   2.46228023E+012   1.00000000E-014   8.50000000E-013
        86     1.19999997E+001   7.16487081E+003   1.88215126E-020   7.88107702E-020  -1.19999997E+001   1.91683080E-020  -1.08420217E-019   2.71050543E-019  -6.99318005E+003  -6.99559360E+003  -1.41499057E+004  -2.11271384E+002  -5.97935809E-001  -1.90277698E+000   4.91260850E-002   1.19578800E+001   0.00000000E+000   1.26417955E+015   2.59951827E+012   1.00000000E-014   8.60000000E-013
        87     1.19999997E+001   7.16452652E+003  -1.50681547E-020  -6.61278167E-020  -1.19999997E+001  -1.41048770E-020   1.62630326E-019  -5.42101086E-020  -6.99328084E+003  -6.99572882E+003  -1.41496697E+004  -2.11375577E+002  -6.05696173E-001  -1.93048076E+000   4.98358297E-002   1.19572718E+001   0.00000000E+000   1.27131654E+015   2.73473900E+012   1.00000000E-014   8.70000000E-013
        88     1.19999997E+001   7.16418251E+003  -1.42031047E-020   8.26215913E-020  -1.19999997E+001  -1.54825463E-020  -3.79470760E-019  -1.62630326E-019  -6.99338084E+003  -6.99586463E+003  -1.41494339E+004  -2.11479689E+002  -6.14416219E-001  -1.95813741E+000   5.05452183E-002   1.19566641E+001   0.00000000E+000   1.27832700E+015   2.87543710E+012   1.00000000E-014   8.80000000E-013
        89     1.19999997E+001   7.16383438E+003   1.74572332E-020  -7.69081514E-020  -1.19999997E+001  -6.16818243E-021   5.42101086E-020  -3.25260652E-019  -6.99348139E+003  -6.99600273E+003  -1.41491953E+004  -2.11585052E+002  -6.23071050E-001  -1.98501701E+000   5.12628718E-002   1.19560492E+001   0.00000000E+000   1.28523684E+015   2.77700810E+012   1.00000000E-014   8.90000000E-013
        90     1.19999997E+001   7.16348636E+003   5.74882609E-021   3.01084437E-020  -1.19999997E+001  -3.55935818E-021  -1.08420217E-019  -2.16840434E-019  -6.99358265E+003  -6.99614003E+003  -1.41489567E+004  -2.11690379E+002  -6.31757650E-001  -2.01271036E+000   5.19804170E-002   1.19554344E+001   0.00000000E+000   1.29215524E+015   2.66247177E+012   1.00000000E-014   9.00000000E-013
        91     1.19999997E+001   7.16313415E+003  -1.93805316E-020   8.14039815E-020  -1.19999997E+001   5.38318803E-021  -3.79470760E-019  -2.71050543E-019  -6.99368578E+003  -6.99627836E+003  -1.41487152E+004  -2.11796980E+002  -6.39630232E-001  -2.04104433E+000   5.27065490E-002   1.19548122E+001   0.00000000E+000   1.29880726E+015   2.28633248E+012   1.00000000E-014   9.10000000E-013
        92     1.19999997E+001   7.16278034E+003   3.68415259E-021   5.80115205E-020  -1.19999997E+001  -1.44231348E-020  -1.62630326E-019   5.42101086E-020  -6.99378890E+003  -6.99641778E+003  -1.41484727E+004  -2.11904063E+002  -6.48081576E-001  -2.06926960E+000   5.34360200E-002   1.19541873E+001   0.00000000E+000   1.30383998E+015   2.14203316E+012   1.00000000E-014   9.20000000E-013
        93     1.19999997E+001   7.16241033E+003  -4.22555522E-021  -2.21127091E-020  -1.19999997E+001  -1.51223092E-020  -5.42101086E-020   2.16840434E-019  -6.99389767E+003  -6.99656268E+003  -1.41482190E+004  -2.12016054E+002  -6.55441440E-001  -2.09469058E+000   5.41972778E-002   1.19535336E+001   0.00000000E+000   1.30789087E+015   2.02950126E+012   1.00000000E-014   9.30000000E-013
        94     1.19999997E+001   7.16204381E+003   2.15927938E-020  -1.80458756E-020  -1.19999997E+001   2.54742677E-020   1.08420217E-019  -5.42101086E-020  -6.99400298E+003  -6.99670864E+003  -1.41479678E+004  -2.12126989E+002  -6.64221305E-001  -2.12151564E+000   5.49524798E-002   1.19528862E+001   0.00000000E+000   1.31044174E+015   2.16118401E+012   1.00000000E-014   9.40000000E-013
        95     1.19999997E+001   7.16167069E+003   2.22758188E-020  -3.14390671E-020  -1.19999997E+001   2.02489678E-020  -5.42101086E-020  -2.16840434E-019  -6.99410928E+003  -6.99685814E+003  -1.41477120E+004  -2.12239923E+002  -6.72892132E-001  -2.14976064E+000   5.57217640E-002   1.19522271E+001   0.00000000E+000   1.31408113E+015   2.26917980E+012   1.00000000E-014   9.50000000E-013
        96     1.19999997E+001   7.16130723E+003  -1.58347702E-020   8.50465747E-021  -1.19999997E+001   1.76542056E-020   1.08420217E-019   0.00000000E+000  -6.99421516E+003  -6.99700144E+003  -1.41474628E+004  -2.12349939E+002  -6.81567721E-001  -2.17856957E+000   5.64711601E-002   1.19515851E+001   0.00000000E+000   1.32040858E+015   2.44438981E+012   1.00000000E-014   9.60000000E-013
        97     1.19999997E+001   7.16094105E+003   2.50480888E-020   3.59348972E-020  -1.19999997E+001  -7.67520211E-022  -1.08420217E-019   3.25260652E-019  -6.99432207E+003  -6.99714559E+003  -1.41472117E+004  -2.12460778E+002  -6.90364933E-001  -2.20743057E+000   5.72260703E-002   1.19509382E+001   0.00000000E+000   1.32458571E+015   2.20229310E+012   1.00000000E-014   9.70000000E-013
        98     1.19999997E+001   7.16045235E+003   2.62497172E-020   1.59727542E-020  -1.19999997E+001   3.18963946E-020   1.62630326E-019  -5.42101086E-020  -6.99446864E+003  -6.99733407E+003  -1.41468767E+004  -2.12608704E+002  -7.01134946E-001  -2.24540993E+000   5.82325675E-002   1.19500750E+001   0.00000000E+000   1.32673696E+015   1.35719238E+012   1.00000000E-014   9.80000000E-013
        99     1.19999997E+001   7.16001972E+003   2.54613689E-020  -1.68372614E-021  -1.19999997E+001   6.07781295E-021   5.42101086E-020   3.25260652E-019  -6.99459034E+003  -6.99750900E+003  -1.41465800E+004  -2.12739664E+002  -7.11844967E-001  -2.27936466E+000   5.91253903E-002   1.19493107E+001   0.00000000E+000   1.33519969E+015   1.63836794E+012   1.00000000E-014   9.90000000E-013
       100     1.19999997E+001   7.15966747E+003  -2.58711723E-021   5.61634956E-021  -1.19999997E+001  -9.74915070E-021   2.71050543E-019   1.62630326E-019  -6.99469300E+003  -6.99764786E+003  -1.41463385E+004  -2.12846294E+002  -7.20145080E-001  -2.30747489E+000   5.98517721E-002   1.19486885E+001   0.00000000E+000   1.33326032E+015   1.48884207E+012   1.00000000E-014   1.00000000E-012
       101     1.19999997E+001   7.15931436E+003   2.43680171E-020  -1.06281335E-020  -1.19999997E+001   1.02983986E-020   2.16840434E-019  -2.16840434E-019  -6.99479579E+003  -6.99778718E+003  -1.41460964E+004  -2.12953187E+002  -7.28457544E-001  -2.33549158E+000   6.05799161E-002   1.19480647E+001   0.00000000E+000   1.33586797E+015   1.53542745E+012   1.00000000E-014   1.01000000E-012
       102     1.19999997E+001   7.15896077E+003  -2.14976228E-020  -7.87216415E-020  -1.19999997E+001  -2.64752597E-020  -1.62630326E-019  -1.62630326E-019  -6.99489874E+003  -6.99792668E+003  -1.41458540E+004  -2.13060225E+002  -7.36893225E-001  -2.36308170E+000   6.13089018E-002   1.19474401E+001   0.00000000E+000   1.33634259E+015   1.33835859E+012   1.00000000E-014   1.02000000E-012
       103     1.19999997E+001   7.15859779E+003  -2.11517579E-020   2.93369944E-021  -1.19999997E+001  -2.09735780E-020   2.16840434E-019  -2.16840434E-019  -6.99500494E+003  -6.99806937E+003  -1.41456051E+004  -2.13170110E+002  -7.46761856E-001  -2.39245994E+000   6.20575994E-002   1.19467990E+001   0.00000000E+000   1.33747007E+015   1.35316843E+012   1.00000000E-014   1.03000000E-012
       104     1.19999997E+001   7.15808878E+003  -1.55718172E-020  -1.08959539E-019  -1.19999997E+001   3.45275527E-021   5.42101086E-020   2.16840434E-019  -6.99515282E+003  -6.99827053E+003  -1.41452560E+004  -2.13324205E+002  -7.63811978E-001  -2.44437253E+000   6.31115454E-002   1.19458998E+001   0.00000000E+000   1.29185052E+015   1.53928662E+012   1.00000000E-014   1.04000000E-012
       105     1.19999997E+001   7.15772054E+003   8.15656953E-021   4.54191433E-020  -1.19999997E+001   2.51289198E-020   3.25260652E-019  -1.62630326E-019  -6.99525728E+003  -6.99841856E+003  -1.41450035E+004  -2.13435686E+002  -7.73725036E-001  -2.46575907E+000   6.38689264E-002   1.19452494E+001   0.00000000E+000   1.28832358E+015   1.75418263E+012   1.00000000E-014   1.05000000E-012
       106     1.19999997E+001   7.15735313E+003  -2.27355244E-020   2.88179386E-020  -1.19999997E+001  -1.38295293E-020   2.16840434E-019   1.08420217E-019  -6.99536580E+003  -6.99856199E+003  -1.41447516E+004  -2.13546918E+002  -7.85208328E-001  -2.49683362E+000   6.46271582E-002   1.19446004E+001   0.00000000E+000   1.28799708E+015   1.96655056E+012   1.00000000E-014   1.06000000E-012
       107     1.19999997E+001   7.15701013E+003   1.87241379E-021  -1.37560136E-020  -1.19999997E+001  -2.25463586E-020   2.16840434E-019   1.08420217E-019  -6.99546564E+003  -6.99869736E+003  -1.41445164E+004  -2.13650762E+002  -7.92356751E-001  -2.52311276E+000   6.53341549E-002   1.19439945E+001   0.00000000E+000   1.29140696E+015   2.17883830E+012   1.00000000E-014   1.07000000E-012
       108     1.19999997E+001   7.15666695E+003  -2.27934012E-020   1.29714328E-020  -1.19999997E+001   2.92387667E-021   0.00000000E+000  -1.08420217E-019  -6.99556565E+003  -6.99883269E+003  -1.41442810E+004  -2.13754663E+002  -7.99468683E-001  -2.54969495E+000   6.60416165E-002   1.19433882E+001   0.00000000E+000   1.29495338E+015   2.39833831E+012   1.00000000E-014   1.08000000E-012
       109     1.19999997E+001   7.15632286E+003  -1.97701595E-020   3.74818283E-020  -1.19999997E+001   4.60532806E-022   1.08420217E-019  -2.16840434E-019  -6.99566590E+003  -6.99896840E+003  -1.41440451E+004  -2.13858840E+002  -8.06550473E-001  -2.57643362E+000   6.67509920E-002   1.19427804E+001   0.00000000E+000   1.29862381E+015   2.66214074E+012   1.00000000E-014   1.09000000E-012
       110     1.19999997E+001   7.15597823E+003  -9.93190592E-021   7.93044937E-020  -1.19999997E+001   1.38565160E-020   1.08420217E-019  -3.25260652E-019  -6.99576620E+003  -6.99910443E+003  -1.41438087E+004  -2.13963181E+002  -8.13820901E-001  -2.60252546E+000   6.74612816E-002   1.19421717E+001   0.00000000E+000   1.30124599E+015   2.90125721E+012   1.00000000E-014   1.10000000E-012
       111     1.19999997E+001   7.15562658E+003   1.60772892E-020   6.75878939E-020  -1.19999997E+001   1.46119387E-020   4.33680869E-019   2.16840434E-019  -6.99586878E+003  -6.99924301E+003  -1.41435676E+004  -2.14069651E+002  -8.21052245E-001  -2.63007808E+000   6.81863178E-002   1.19415505E+001   0.00000000E+000   1.30316103E+015   3.14695625E+012   1.00000000E-014   1.11000000E-012
       112     1.19999997E+001   7.15524725E+003   2.11035359E-020   6.69930476E-020  -1.19999997E+001  -8.40611958E-021  -2.16840434E-019  -6.50521303E-019  -6.99598132E+003  -6.99939061E+003  -1.41433074E+004  -2.14184504E+002  -8.33254647E-001  -2.66215322E+000   6.89691494E-002   1.19408805E+001   0.00000000E+000   1.30233887E+015   3.39711670E+012   1.00000000E-014   1.12000000E-012
       113     1.19999997E+001   7.15485640E+003  -1.72252866E-020   3.15601457E-020  -1.19999997E+001  -1.13098337E-020  -1.08420217E-019  -2.16840434E-019  -6.99609373E+003  -6.99954625E+003  -1.41430394E+004  -2.14302847E+002  -8.40154064E-001  -2.68903962E+000   6.97740269E-002   1.19401900E+001   0.00000000E+000   1.29232524E+015   3.64893901E+012   1.00000000E-014   1.13000000E-012
       114     1.19999997E+001   7.15446642E+003  -6.30859715E-021  -4.18830495E-020  -1.19999997E+001   1.97009606E-020   1.08420217E-019   2.16840434E-019  -6.99621172E+003  -6.99969572E+003  -1.41427719E+004  -2.14420927E+002  -8.51398833E-001  -2.72313224E+000   7.05786955E-002   1.19395012E+001   0.00000000E+000   1.28053419E+015   3.90090634E+012   1.00000000E-014   1.14000000E-012
       115     1.19999997E+001   7.15409385E+003  -2.33028217E-020  -3.77892293E-020  -1.19999997E+001  -1.83114523E-020   0.00000000E+000   0.00000000E+000  -6.99631340E+003  -6.99984956E+003  -1.41425164E+004  -2.14533740E+002  -8.57386242E-001  -2.75139767E+000   7.13478752E-002   1.19388431E+001   0.00000000E+000   1.27316382E+015   4.15007737E+012   1.00000000E-014   1.15000000E-012
       116     1.19999997E+001   7.15374079E+003   1.45947715E-020  -7.32888227E-020  -1.19999997E+001  -1.28877841E-020   2.16840434E-019   2.16840434E-019  -6.99641726E+003  -6.99998785E+003  -1.41422743E+004  -2.14640648E+002  -8.66271700E-001  -2.77979856E+000   7.20760754E-002   1.19382194E+001   0.00000000E+000   1.27452889E+015   4.39560264E+012   1.00000000E-014   1.16000000E-012
       117     1.19999997E+001   7.15340356E+003   2.48561053E-020  -2.91256498E-020  -1.19999997E+001  -3.20159222E-020   2.16840434E-019  -2.16840434E-019  -6.99651596E+003  -7.00012045E+003  -1.41420430E+004  -2.14742763E+002  -8.72348139E-001  -2.80544252E+000   7.27710808E-002   1.19376237E+001   0.00000000E+000   1.27796180E+015   4.63509143E+012   1.00000000E-014   1.17000000E-012
       118     1.19999997E+001   7.15306483E+003   1.27447853E-021   4.56899415E-020  -1.19999997E+001   2.00702968E-020  -1.08420217E-019   3.25260652E-019  -6.99661494E+003  -7.00025378E+003  -1.41418106E+004  -2.14845335E+002  -8.78449726E-001  -2.83081872E+000   7.34690920E-002   1.19370254E+001   0.00000000E+000   1.28144963E+015   4.86750774E+012   1.00000000E-014   1.18000000E-012
       119     1.19999997E+001   7.15271969E+003   2.20666972E-020  -8.41010038E-020  -1.19999997E+001  -2.48459207E-020   0.00000000E+000   2.16840434E-019  -6.99671621E+003  -7.00038924E+003  -1.41415739E+004  -2.14949849E+002  -8.85591460E-001  -2.85791507E+000   7.41807132E-002   1.19364157E+001   0.00000000E+000   1.28400098E+015   5.09094573E+012   1.00000000E-014   1.19000000E-012
       120     1.19999997E+001   7.15237253E+003  -2.18302786E-020   5.01850478E-021  -1.19999997E+001  -2.21368008E-020   4.33680869E-019  -1.08420217E-019  -6.99681769E+003  -7.00052587E+003  -1.41413358E+004  -2.15054973E+002  -8.92700336E-001  -2.88442962E+000   7.48963181E-002   1.19358025E+001   0.00000000E+000   1.28645439E+015   5.30430446E+012   1.00000000E-014   1.20000000E-012
       121     1.19999997E+001   7.15203320E+003  -2.47012933E-021   8.97232471E-020  -1.19999997E+001   1.88076056E-020   2.16840434E-019  -1.08420217E-019  -6.99691686E+003  -7.00065946E+003  -1.41411030E+004  -2.15157732E+002  -8.98133124E-001  -2.91043914E+000   7.55957554E-002   1.19352031E+001   0.00000000E+000   1.29000527E+015   5.50563353E+012   1.00000000E-014   1.21000000E-012
       122     1.19999997E+001   7.15169241E+003  -2.51411854E-020  -6.73344664E-020  -1.19999997E+001  -7.97939778E-021   3.25260652E-019   0.00000000E+000  -6.99701612E+003  -7.00079395E+003  -1.41408693E+004  -2.15260934E+002  -9.03764576E-001  -2.93602624E+000   7.62981080E-002   1.19346011E+001   0.00000000E+000   1.29365571E+015   5.69440414E+012   1.00000000E-014   1.22000000E-012
       123     1.19999997E+001   7.15135045E+003  -1.40907632E-020  -1.95729544E-020  -1.19999997E+001   1.56903754E-020   1.08420217E-019   2.16840434E-019  -6.99711562E+003  -7.00092901E+003  -1.41406347E+004  -2.15364492E+002  -9.09363382E-001  -2.96173120E+000   7.70029087E-002   1.19339971E+001   0.00000000E+000   1.29066267E+015   5.91036766E+012   1.00000000E-014   1.23000000E-012
       124     1.19999997E+001   7.15100878E+003  -7.11442535E-021   7.02158467E-020  -1.19999997E+001  -2.10859712E-020   2.16840434E-019   2.16840434E-019  -6.99721526E+003  -7.00106374E+003  -1.41404004E+004  -2.15467964E+002  -9.14914357E-001  -2.98773501E+000   7.77071921E-002   1.19333936E+001   0.00000000E+000   1.29452525E+015   5.90573808E+012   1.00000000E-014   1.24000000E-012
       125     1.19999997E+001   7.15066640E+003   2.97950780E-020  -2.93587079E-020  -1.19999997E+001  -4.54225554E-022   0.00000000E+000  -3.25260652E-019  -6.99731515E+003  -7.00119871E+003  -1.41401655E+004  -2.15571652E+002  -9.20383784E-001  -3.01377199E+000   7.84129223E-002   1.19327888E+001   0.00000000E+000   1.29828548E+015   6.04978436E+012   1.00000000E-014   1.25000000E-012
       126     1.19999997E+001   7.15032048E+003   2.50661575E-021   8.79344690E-020  -1.19999997E+001   3.79781367E-020  -1.08420217E-019  -3.25260652E-019  -6.99741660E+003  -7.00133454E+003  -1.41399282E+004  -2.15676412E+002  -9.26785236E-001  -3.04000260E+000   7.91258758E-002   1.19321778E+001   0.00000000E+000   1.30156746E+015   6.17353461E+012   1.00000000E-014   1.26000000E-012
       127     1.19999997E+001   7.14997245E+003   2.35820921E-020  -7.38775685E-022  -1.19999997E+001  -3.60392253E-021  -1.08420217E-019  -2.16840434E-019  -6.99751832E+003  -7.00147157E+003  -1.41396895E+004  -2.15781818E+002  -9.31240412E-001  -3.06712175E+000   7.98434114E-002   1.19315630E+001   0.00000000E+000   1.30416682E+015   5.91214356E+012   1.00000000E-014   1.27000000E-012
       128     1.19999997E+001   7.14961914E+003   4.90261548E-021   8.19732885E-020  -1.19999997E+001  -3.92579919E-021   2.16840434E-019  -2.16840434E-019  -6.99762077E+003  -7.00161148E+003  -1.41394471E+004  -2.15888820E+002  -9.35408875E-001  -3.09584479E+000   8.05723505E-002   1.19309389E+001   0.00000000E+000   1.30498121E+015   5.28265605E+012   1.00000000E-014   1.28000000E-012
       129     1.19999997E+001   7.14926463E+003  -1.63440549E-020  -4.88692102E-020  -1.19999997E+001  -9.91810234E-021   2.16840434E-019   0.00000000E+000  -6.99772457E+003  -7.00175088E+003  -1.41392039E+004  -2.15996192E+002  -9.42667890E-001  -3.12154425E+000   8.13027636E-002   1.19303127E+001   0.00000000E+000   1.30769746E+015   5.14756944E+012   1.00000000E-014   1.29000000E-012
       130     1.19999997E+001   7.14890861E+003   1.06847695E-020   9.86874034E-020  -1.19999997E+001  -2.79385422E-020   1.08420217E-019  -1.08420217E-019  -6.99782696E+003  -7.00189271E+003  -1.41389597E+004  -2.16104018E+002  -9.48771869E-001  -3.14372543E+000   8.20353475E-002   1.19296839E+001   0.00000000E+000   1.31213134E+015   4.20586625E+012   1.00000000E-014   1.30000000E-012
       131     1.19999997E+001   7.14855223E+003   2.24758010E-020  -1.80174413E-020  -1.19999997E+001   2.02637537E-020   2.16840434E-019   0.00000000E+000  -6.99793078E+003  -7.00203338E+003  -1.41387152E+004  -2.16211959E+002  -9.55248413E-001  -3.16917390E+000   8.27695622E-002   1.19290543E+001   0.00000000E+000   1.31772391E+015   2.71427635E+012   1.00000000E-014   1.31000000E-012
       132     1.19999997E+001   7.14819796E+003   2.58141614E-020  -5.45886472E-020  -1.19999997E+001  -8.53640052E-021  -1.08420217E-019   0.00000000E+000  -6.99803471E+003  -7.00217249E+003  -1.41384722E+004  -2.16319262E+002  -9.61550174E-001  -3.19535040E+000   8.34995740E-002   1.19284286E+001   0.00000000E+000   1.32314473E+015   1.03508355E+012   1.00000000E-014   1.32000000E-012
       133     1.19999997E+001   7.14784730E+003  -3.79173389E-020  -2.56940910E-020  -1.19999997E+001  -1.52983952E-020   0.00000000E+000   3.25260652E-019  -6.99813717E+003  -7.00231060E+003  -1.41382316E+004  -2.16425472E+002  -9.67131257E-001  -3.22157496E+000   8.42223022E-002   1.19278092E+001   0.00000000E+000   1.32683476E+015   1.15163208E+012   1.00000000E-014   1.33000000E-012
       134     1.19999997E+001   7.14748999E+003   2.29474378E-020  -7.66037490E-020  -1.19999997E+001   1.97135752E-020   2.16840434E-019  -4.33680869E-019  -6.99824166E+003  -7.00245124E+003  -1.41379865E+004  -2.16533698E+002  -9.73541283E-001  -3.24843831E+000   8.49588178E-002   1.19271780E+001   0.00000000E+000   1.33013867E+015   1.31373014E+012   1.00000000E-014   1.34000000E-012
       135     1.19999997E+001   7.14713557E+003   1.58734344E-020  -1.82756251E-020  -1.19999997E+001  -1.81669542E-020  -4.33680869E-019  -1.08420217E-019  -6.99834503E+003  -7.00259103E+003  -1.41377433E+004  -2.16641051E+002  -9.79055432E-001  -3.27477135E+000   8.56893006E-002   1.19265520E+001   0.00000000E+000   1.33430452E+015   1.36089457E+012   1.00000000E-014   1.35000000E-012
       136     1.19999997E+001   7.14677067E+003  -3.22846525E-020   3.58711009E-020  -1.19999997E+001  -1.54169923E-020  -3.25260652E-019   0.00000000E+000  -6.99845115E+003  -7.00273526E+003  -1.41374929E+004  -2.16751582E+002  -9.85928766E-001  -3.30088779E+000   8.64412025E-002   1.19259074E+001   0.00000000E+000   1.33660297E+015   1.46822635E+012   1.00000000E-014   1.36000000E-012
       137     1.19999997E+001   7.14639282E+003   3.80108103E-020  -6.64455575E-020  -1.19999997E+001  -9.01637207E-021  -4.33680869E-019   2.16840434E-019  -6.99856323E+003  -7.00288243E+003  -1.41372337E+004  -2.16866038E+002  -9.93548986E-001  -3.33043706E+000   8.72202443E-002   1.19252400E+001   0.00000000E+000   1.33724794E+015   1.57936024E+012   1.00000000E-014   1.37000000E-012
       138     1.19999997E+001   7.14598319E+003   2.48056861E-020  -3.49609954E-020  -1.19999997E+001  -1.59527985E-020  -3.25260652E-019   2.16840434E-019  -6.99868405E+003  -7.00304266E+003  -1.41369527E+004  -2.16990120E+002  -1.00286043E+000  -3.36312295E+000   8.80652189E-002   1.19245165E+001   0.00000000E+000   1.32619688E+015   1.71784750E+012   1.00000000E-014   1.38000000E-012
       139     1.19999997E+001   7.14562396E+003   3.15478285E-020   2.76697085E-020  -1.19999997E+001  -1.31266325E-020  -6.50521303E-019  -3.25260652E-019  -6.99878788E+003  -7.00318531E+003  -1.41367062E+004  -2.17098940E+002  -1.00802614E+000  -3.38615222E+000   8.88046274E-002   1.19238819E+001   0.00000000E+000   1.32853978E+015   1.79134783E+012   1.00000000E-014   1.39000000E-012
       140     1.19999997E+001   7.14526924E+003  -3.05387327E-021   6.02697236E-020  -1.19999997E+001  -3.69512953E-020   0.00000000E+000   1.08420217E-019  -6.99889164E+003  -7.00332492E+003  -1.41364628E+004  -2.17206394E+002  -1.01285761E+000  -3.41171118E+000   8.95354329E-002   1.19232553E+001   0.00000000E+000   1.33255802E+015   1.89691034E+012   1.00000000E-014   1.40000000E-012
       141     1.19999997E+001   7.14490608E+003  -3.58738667E-020  -3.12515039E-020  -1.19999997E+001  -3.63563457E-020   3.25260652E-019  -1.08420217E-019  -6.99899803E+003  -7.00346771E+003  -1.41362136E+004  -2.17316404E+002  -1.01887492E+000  -3.43806043E+000   9.02837168E-002   1.19226139E+001   0.00000000E+000   1.33577972E+015   1.98933258E+012   1.00000000E-014   1.41000000E-012
       142     1.19999997E+001   7.14454944E+003   3.68053497E-020  -2.76317616E-020  -1.19999997E+001  -6.82517063E-021   0.00000000E+000   3.25260652E-019  -6.99910241E+003  -7.00360804E+003  -1.41359689E+004  -2.17424446E+002  -1.02362434E+000  -3.46349782E+000   9.10184159E-002   1.19219839E+001   0.00000000E+000   1.33988533E+015   2.09637361E+012   1.00000000E-014   1.42000000E-012
       143     1.19999997E+001   7.14419035E+003   7.50526819E-021   6.93747074E-020  -1.19999997E+001   1.52786463E-020  -2.16840434E-019   2.16840434E-019  -6.99920732E+003  -7.00374952E+003  -1.41357225E+004  -2.17533227E+002  -1.02840606E+000  -3.48883561E+000   9.17580920E-002   1.19213496E+001   0.00000000E+000   1.34398213E+015   2.17458311E+012   1.00000000E-014   1.43000000E-012
       144     1.19999997E+001   7.14382182E+003   1.43021660E-020   8.19974835E-020  -1.19999997E+001   3.50548804E-020   3.25260652E-019   2.16840434E-019  -6.99931377E+003  -7.00389596E+003  -1.41354696E+004  -2.17644875E+002  -1.03316689E+000  -3.51705794E+000   9.25182292E-002   1.19206987E+001   0.00000000E+000   1.34380980E+015   2.21700958E+012   1.00000000E-014   1.44000000E-012
       145     1.19999997E+001   7.14345839E+003  -9.68810736E-021   1.01194588E-019  -1.19999997E+001  -2.17449239E-020  -1.08420217E-019   1.08420217E-019  -6.99942104E+003  -7.00403807E+003  -1.41352202E+004  -2.17754977E+002  -1.03685483E+000  -3.54282113E+000   9.32666435E-002   1.19200567E+001   0.00000000E+000   1.34619303E+015   1.83022920E+012   1.00000000E-014   1.45000000E-012
       146     1.19999997E+001   7.14308960E+003  -5.38581497E-021  -2.69499579E-020  -1.19999997E+001   2.46545317E-020  -3.25260652E-019   3.25260652E-019  -6.99952951E+003  -7.00418267E+003  -1.41349672E+004  -2.17866706E+002  -1.04022006E+000  -3.57005167E+000   9.40265354E-002   1.19194053E+001   0.00000000E+000   1.35039750E+015   1.85628862E+012   1.00000000E-014   1.46000000E-012
       147     1.19999997E+001   7.14272328E+003  -1.31946940E-020  -9.24002103E-021  -1.19999997E+001  -2.68682739E-020  -1.08420217E-019   4.33680869E-019  -6.99963618E+003  -7.00432737E+003  -1.41347158E+004  -2.17977687E+002  -1.04482116E+000  -3.59706052E+000   9.47816139E-002   1.19187583E+001   0.00000000E+000   1.35025371E+015   1.86831985E+012   1.00000000E-014   1.47000000E-012
       148     1.19999997E+001   7.14235841E+003   5.17528135E-020  -5.27850832E-020  -1.19999997E+001  -1.52634469E-020  -8.67361738E-019  -4.33680869E-019  -6.99974336E+003  -7.00447058E+003  -1.41344654E+004  -2.18088232E+002  -1.04982159E+000  -3.62263192E+000   9.55331310E-002   1.19181138E+001   0.00000000E+000   1.35146553E+015   1.83832383E+012   1.00000000E-014   1.48000000E-012
       149     1.19999997E+001   7.14199152E+003   3.59772611E-020   1.09398255E-019  -1.19999997E+001  -2.00528226E-020   1.08420217E-019   0.00000000E+000  -6.99985110E+003  -7.00461462E+003  -1.41342136E+004  -2.18199388E+002  -1.05515902E+000  -3.64840923E+000   9.62888550E-002   1.19174657E+001   0.00000000E+000   1.35495566E+015   1.57600498E+012   1.00000000E-014   1.49000000E-012
       150     1.19999997E+001   7.14159957E+003   4.90635880E-021   3.03307485E-020  -1.19999997E+001  -1.40889538E-021   5.42101086E-019   0.00000000E+000  -6.99996703E+003  -7.00476766E+003  -1.41339446E+004  -2.18318143E+002  -1.05736734E+000  -3.67637069E+000   9.70960134E-002   1.19167734E+001   0.00000000E+000   1.35937115E+015   1.31465140E+012   1.00000000E-014   1.50000000E-012
       151     1.19999997E+001   7.14116656E+003   3.89848025E-020   8.35895994E-020  -1.19999997E+001  -2.13731063E-020  -2.16840434E-019   8.67361738E-019  -7.00009732E+003  -7.00493452E+003  -1.41336475E+004  -2.18449335E+002  -1.06062945E+000  -3.70345025E+000   9.79860717E-002   1.19160086E+001   0.00000000E+000   1.35855975E+015   5.22532981E+012   1.00000000E-014   1.51000000E-012
       152     1.19999997E+001   7.14072758E+003   1.45456350E-020  -2.97812938E-020  -1.19999997E+001  -1.14886081E-020  -1.08420217E-019  -2.16840434E-019  -7.00023067E+003  -7.00510244E+003  -1.41333462E+004  -2.18582343E+002  -1.06387020E+000  -3.73414683E+000   9.88892664E-002   1.19152332E+001   0.00000000E+000   1.34249466E+015   1.46790877E+013   1.00000000E-014   1.52000000E-012
       153     1.19999997E+001   7.14027794E+003   2.23695229E-020   3.48079670E-020  -1.19999997E+001   2.61315661E-020   1.08420217E-019  -2.16840434E-019  -7.00036329E+003  -7.00527840E+003  -1.41330377E+004  -2.18718576E+002  -1.06964842E+000  -3.75806950E+000   9.98128340E-002   1.19144390E+001   0.00000000E+000   1.31799726E+015   2.73656948E+013   1.00000000E-014   1.53000000E-012
       154     1.19999997E+001   7.13985245E+003   2.62136509E-020   6.65178324E-020  -1.19999997E+001  -1.57858114E-020  -4.33680869E-019  -3.25260652E-019  -7.00048950E+003  -7.00544421E+003  -1.41327456E+004  -2.18847501E+002  -1.06977120E+000  -3.78792865E+000   1.00688778E-001   1.19136874E+001   0.00000000E+000   1.30091115E+015   3.86979619E+013   1.00000000E-014   1.54000000E-012
       155     1.19999997E+001   7.13945613E+003  -1.58901137E-020  -1.02786290E-019  -1.19999997E+001   3.87203245E-021  -2.16840434E-019  -5.42101086E-019  -7.00060382E+003  -7.00560189E+003  -1.41324736E+004  -2.18967591E+002  -1.07774511E+000  -3.80949481E+000   1.01503730E-001   1.19129874E+001   0.00000000E+000   1.28980372E+015   4.65132265E+013   1.00000000E-014   1.55000000E-012
       156     1.19999997E+001   7.13911122E+003  -1.99719398E-020  -1.59337733E-020  -1.19999997E+001  -1.27612255E-020   1.08420217E-019  -9.75781955E-019  -7.00070521E+003  -7.00573722E+003  -1.41322369E+004  -2.19072103E+002  -1.08105882E+000  -3.83499801E+000   1.02214598E-001   1.19123782E+001   0.00000000E+000   1.28960710E+015   4.71186823E+013   1.00000000E-014   1.56000000E-012
       157     1.19999997E+001   7.13876725E+003  -5.80332469E-021   9.78332360E-020  -1.19999997E+001   1.38766786E-020   4.33680869E-019  -1.08420217E-019  -7.00080484E+003  -7.00587369E+003  -1.41320008E+004  -2.19176336E+002  -1.08573543E+000  -3.86125574E+000   1.02924200E-001   1.19117706E+001   0.00000000E+000   1.28993987E+015   4.74979635E+013   1.00000000E-014   1.57000000E-012
       158     1.19999997E+001   7.13842385E+003  -2.69054453E-020  -7.30041691E-020  -1.19999997E+001  -3.47149092E-020  -3.25260652E-019  -2.16840434E-019  -7.00090464E+003  -7.00600959E+003  -1.41317651E+004  -2.19280398E+002  -1.09069856E+000  -3.88704782E+000   1.03632457E-001   1.19111640E+001   0.00000000E+000   1.29070648E+015   4.80846159E+013   1.00000000E-014   1.58000000E-012
       159     1.19999997E+001   7.13807595E+003  -1.32459275E-020  -4.37773965E-020  -1.19999997E+001  -6.91161101E-021  -3.25260652E-019   5.42101086E-019  -7.00100447E+003  -7.00614856E+003  -1.41315263E+004  -2.19385824E+002  -1.09501747E+000  -3.91214024E+000   1.04349864E-001   1.19105495E+001   0.00000000E+000   1.28937918E+015   4.86605608E+013   1.00000000E-014   1.59000000E-012
       160     1.19999997E+001   7.13773419E+003   1.98129790E-020  -5.56709096E-020  -1.19999997E+001   1.85442520E-020  -1.08420217E-019  -4.33680869E-019  -7.00110365E+003  -7.00628395E+003  -1.41312917E+004  -2.19489391E+002  -1.09944370E+000  -3.93749215E+000   1.05054647E-001   1.19099459E+001   0.00000000E+000   1.29120999E+015   4.92433433E+013   1.00000000E-014   1.60000000E-012
       161     1.19999997E+001   7.13737451E+003   1.12452373E-020   1.34017115E-019  -1.19999997E+001  -1.85328782E-020   3.25260652E-019  -3.25260652E-019  -7.00120885E+003  -7.00642565E+003  -1.41310448E+004  -2.19598393E+002  -1.10248673E+000  -3.96463304E+000   1.05796320E-001   1.19093106E+001   0.00000000E+000   1.28858135E+015   5.21866366E+013   1.00000000E-014   1.61000000E-012
       162     1.19999997E+001   7.13702016E+003  -2.13596145E-020   3.11953590E-020  -1.19999997E+001  -1.86059803E-020   1.08420217E-019  -2.16840434E-019  -7.00131202E+003  -7.00656570E+003  -1.41308016E+004  -2.19705777E+002  -1.10721872E+000  -3.98931556E+000   1.06526498E-001   1.19086847E+001   0.00000000E+000   1.28676105E+015   5.43298834E+013   1.00000000E-014   1.62000000E-012
       163     1.19999997E+001   7.13667735E+003  -2.92435004E-021   1.37639752E-020  -1.19999997E+001  -3.06708231E-020  -2.16840434E-019   5.42101086E-019  -7.00141154E+003  -7.00670151E+003  -1.41305663E+004  -2.19809669E+002  -1.11120969E+000  -4.01552553E+000   1.07233722E-001   1.19080792E+001   0.00000000E+000   1.28704533E+015   5.48775693E+013   1.00000000E-014   1.63000000E-012
       164     1.19999997E+001   7.13631729E+003  -1.32832540E-020  -7.23582445E-020  -1.19999997E+001  -2.05673289E-020   5.42101086E-019   2.16840434E-019  -7.00151820E+003  -7.00684200E+003  -1.41303191E+004  -2.19918789E+002  -1.11645105E+000  -4.04066315E+000   1.07975387E-001   1.19074432E+001   0.00000000E+000   1.28309115E+015   5.78746079E+013   1.00000000E-014   1.64000000E-012
       165     1.19999997E+001   7.13593188E+003   7.47303400E-021  -1.17346840E-019  -1.19999997E+001   1.43544788E-020   0.00000000E+000   5.42101086E-019  -7.00162806E+003  -7.00699670E+003  -1.41300546E+004  -2.20035595E+002  -1.11674623E+000  -4.07010989E+000   1.08770689E-001   1.19067624E+001   0.00000000E+000   1.27372875E+015   6.48193379E+013   1.00000000E-014   1.65000000E-012
       166     1.19999997E+001   7.13554924E+003  -8.01152858E-021  -5.23264116E-020  -1.19999997E+001   3.65503195E-020   3.25260652E-019   3.25260652E-019  -7.00174202E+003  -7.00714542E+003  -1.41297919E+004  -2.20151562E+002  -1.12466718E+000  -4.09318052E+000   1.09557723E-001   1.19060866E+001   0.00000000E+000   1.26515477E+015   7.02245286E+013   1.00000000E-014   1.66000000E-012
       167     1.19999997E+001   7.13520076E+003  -1.78557921E-020  -3.59515442E-020  -1.19999997E+001  -2.63291589E-020  -5.42101086E-019   0.00000000E+000  -7.00184215E+003  -7.00728451E+003  -1.41295527E+004  -2.20257179E+002  -1.12959260E+000  -4.11885468E+000   1.10276621E-001   1.19054711E+001   0.00000000E+000   1.26256522E+015   7.07958175E+013   1.00000000E-014   1.67000000E-012
       168     1.19999997E+001   7.13483710E+003   5.55152962E-020  -1.52720082E-019  -1.19999997E+001   2.23727540E-020   2.16840434E-019  -1.08420217E-019  -7.00195194E+003  -7.00742435E+003  -1.41293030E+004  -2.20367400E+002  -1.13937569E+000  -4.14248107E+000   1.11025029E-001   1.19048287E+001   0.00000000E+000   1.25443310E+015   7.21348731E+013   1.00000000E-014   1.68000000E-012
       169     1.19999997E+001   7.13449115E+003  -3.08796862E-021  -1.14795091E-020  -1.19999997E+001   1.25730419E-020  -1.08420217E-019   1.08420217E-019  -7.00205437E+003  -7.00755942E+003  -1.41290655E+004  -2.20472252E+002  -1.14649496E+000  -4.16551123E+000   1.11737453E-001   1.19042177E+001   0.00000000E+000   1.25314223E+015   7.38966375E+013   1.00000000E-014   1.69000000E-012
       170     1.19999997E+001   7.13412541E+003   7.20811648E-020  -5.79681969E-020  -1.19999997E+001   1.95018169E-020  -1.08420217E-019  -1.08420217E-019  -7.00216123E+003  -7.00770364E+003  -1.41288144E+004  -2.20583108E+002  -1.14897495E+000  -4.19669630E+000   1.12492900E-001   1.19035717E+001   0.00000000E+000   1.24710294E+015   7.72161393E+013   1.00000000E-014   1.70000000E-012
       171     1.19999997E+001   7.13379375E+003  -1.89032742E-021   9.99506116E-020  -1.19999997E+001   5.34199443E-020  -3.25260652E-019   1.08420217E-019  -7.00225818E+003  -7.00783440E+003  -1.41285867E+004  -2.20683636E+002  -1.15248027E+000  -4.22203182E+000   1.13177070E-001   1.19029858E+001   0.00000000E+000   1.24846401E+015   7.77731829E+013   1.00000000E-014   1.71000000E-012
       172     1.19999997E+001   7.13346227E+003  -7.98970603E-021  -1.34062196E-019  -1.19999997E+001  -1.33354956E-020   0.00000000E+000  -5.42101086E-019  -7.00235406E+003  -7.00796609E+003  -1.41283592E+004  -2.20784111E+002  -1.15675350E+000  -4.24663087E+000   1.13860886E-001   1.19024003E+001   0.00000000E+000   1.24986362E+015   7.83160385E+013   1.00000000E-014   1.72000000E-012
       173     1.19999997E+001   7.13313243E+003   1.92860649E-020   1.41264354E-019  -1.19999997E+001   6.85987086E-020  -2.16840434E-019   0.00000000E+000  -7.00244994E+003  -7.00809667E+003  -1.41281327E+004  -2.20884091E+002  -1.16094339E+000  -4.27192477E+000   1.14541503E-001   1.19018177E+001   0.00000000E+000   1.25156477E+015   7.86330343E+013   1.00000000E-014   1.73000000E-012
       174     1.19999997E+001   7.13276210E+003   1.69848097E-020  -2.24157571E-019  -1.19999997E+001   3.83873843E-020   3.25260652E-019  -2.16840434E-019  -7.00255957E+003  -7.00824130E+003  -1.41278785E+004  -2.20996343E+002  -1.16428745E+000  -4.29900150E+000   1.15304772E-001   1.19011636E+001   0.00000000E+000   1.24408557E+015   8.46405903E+013   1.00000000E-014   1.74000000E-012
       175     1.19999997E+001   7.13242038E+003  -2.55847868E-020  -2.45750190E-020  -1.19999997E+001  -1.33588635E-020   0.00000000E+000  -6.50521303E-019  -7.00265892E+003  -7.00837657E+003  -1.41276438E+004  -2.21099926E+002  -1.16559193E+000  -4.32728695E+000   1.16010438E-001   1.19005601E+001   0.00000000E+000   1.24127660E+015   8.66614262E+013   1.00000000E-014   1.75000000E-012
       176     1.19999997E+001   7.13207686E+003  -4.07476925E-022  -3.47634026E-020  -1.19999997E+001  -1.33987750E-020  -1.08420217E-019   1.08420217E-019  -7.00275606E+003  -7.00851529E+003  -1.41274080E+004  -2.21204058E+002  -1.17105277E+000  -4.35075421E+000   1.16718978E-001   1.18999533E+001   0.00000000E+000   1.23892290E+015   8.95869674E+013   1.00000000E-014   1.76000000E-012
       177     1.19999997E+001   7.13174881E+003  -3.18519595E-020   2.07391757E-020  -1.19999997E+001  -4.29107181E-020  -3.25260652E-019   0.00000000E+000  -7.00285154E+003  -7.00864504E+003  -1.41271827E+004  -2.21303502E+002  -1.17499984E+000  -4.37583668E+000   1.17395888E-001   1.18993739E+001   0.00000000E+000   1.23797726E+015   9.01673897E+013   1.00000000E-014   1.77000000E-012
       178     1.19999997E+001   7.13141598E+003   3.68243813E-020  -1.61668832E-019  -1.19999997E+001  -8.48863084E-021   3.25260652E-019   2.16840434E-019  -7.00294617E+003  -7.00877894E+003  -1.41269542E+004  -2.21404394E+002  -1.17970667E+000  -4.39878859E+000   1.18082330E-001   1.18987860E+001   0.00000000E+000   1.23574675E+015   9.15067029E+013   1.00000000E-014   1.78000000E-012
       179     1.19999997E+001   7.13108702E+003  -1.78291672E-021   5.32272113E-020  -1.19999997E+001  -3.23382125E-020   1.08420217E-019   2.16840434E-019  -7.00304184E+003  -7.00890915E+003  -1.41267283E+004  -2.21504116E+002  -1.18322168E+000  -4.42471048E+000   1.18761382E-001   1.18982050E+001   0.00000000E+000   1.22984921E+015   9.20860400E+013   1.00000000E-014   1.79000000E-012
       180     1.19999997E+001   7.13076128E+003   2.35025276E-021   1.08352388E-020  -1.19999997E+001   2.93408201E-020  -5.42101086E-019  -4.33680869E-019  -7.00313639E+003  -7.00903827E+003  -1.41265047E+004  -2.21602866E+002  -1.18782838E+000  -4.44990756E+000   1.19433750E-001   1.18976296E+001   0.00000000E+000   1.23102084E+015   9.26559825E+013   1.00000000E-014   1.80000000E-012
       181     1.19999997E+001   7.13043631E+003  -1.33567438E-020  -4.79882629E-020  -1.19999997E+001  -5.81595859E-020   0.00000000E+000   3.25260652E-019  -7.00323067E+003  -7.00916713E+003  -1.41262815E+004  -2.21701382E+002  -1.19227106E+000  -4.47502948E+000   1.20104524E-001   1.18970556E+001   0.00000000E+000   1.23232314E+015   9.32160616E+013   1.00000000E-014   1.81000000E-012
       182     1.19999997E+001   7.13011189E+003   3.23561390E-020  -1.31508276E-020  -1.19999997E+001  -2.46250634E-020  -1.08420217E-019   1.08420217E-019  -7.00332447E+003  -7.00929610E+003  -1.41260588E+004  -2.21799733E+002  -1.19635712E+000  -4.50037294E+000   1.20774305E-001   1.18964826E+001   0.00000000E+000   1.23355324E+015   9.37602187E+013   1.00000000E-014   1.82000000E-012
       183     1.19999997E+001   7.12978593E+003   3.34557141E-020   3.35392787E-020  -1.19999997E+001   4.89540996E-020  -3.25260652E-019   6.50521303E-019  -7.00342107E+003  -7.00942333E+003  -1.41258349E+004  -2.21898552E+002  -1.20286756E+000  -4.52299978E+000   1.21446008E-001   1.18959069E+001   0.00000000E+000   1.23463186E+015   9.42912404E+013   1.00000000E-014   1.83000000E-012
       184     1.19999997E+001   7.12946319E+003  -5.23145209E-021   7.19524090E-020  -1.19999997E+001  -3.48842744E-020   3.25260652E-019  -4.33680869E-019  -7.00351439E+003  -7.00955163E+003  -1.41256133E+004  -2.21996397E+002  -1.20676584E+000  -4.54805253E+000   1.22112288E-001   1.18953368E+001   0.00000000E+000   1.23612922E+015   9.48046310E+013   1.00000000E-014   1.84000000E-012
       185     1.19999997E+001   7.12913829E+003   1.34977523E-020   3.40432385E-020  -1.19999997E+001   6.73873026E-021   0.00000000E+000   0.00000000E+000  -7.00361034E+003  -7.00967879E+003  -1.41253902E+004  -2.22094900E+002  -1.21277514E+000  -4.57165318E+000   1.22782226E-001   1.18947630E+001   0.00000000E+000   1.23754346E+015   9.53096920E+013   1.00000000E-014   1.85000000E-012
       186     1.19999997E+001   7.12880774E+003  -1.26893060E-020  -4.96527053E-020  -1.19999997E+001  -5.40344361E-020   1.08420217E-019  -4.33680869E-019  -7.00370551E+003  -7.00981061E+003  -1.41251632E+004  -2.22195116E+002  -1.21759725E+000  -4.59713826E+000   1.23464715E-001   1.18941791E+001   0.00000000E+000   1.23824492E+015   9.57977027E+013   1.00000000E-014   1.86000000E-012
       187     1.19999997E+001   7.12847603E+003   2.50821195E-020  -7.36633287E-020  -1.19999997E+001  -3.22341945E-021   3.25260652E-019   3.25260652E-019  -7.00380257E+003  -7.00994134E+003  -1.41249354E+004  -2.22295685E+002  -1.22357692E+000  -4.62131081E+000   1.24148902E-001   1.18935932E+001   0.00000000E+000   1.23772438E+015   9.73643259E+013   1.00000000E-014   1.87000000E-012
       188     1.19999997E+001   7.12813867E+003   1.74064909E-020  -2.59868095E-020  -1.19999997E+001   1.58679091E-020  -3.25260652E-019  -1.08420217E-019  -7.00389945E+003  -7.01007614E+003  -1.41247037E+004  -2.22397969E+002  -1.22613246E+000  -4.64964237E+000   1.24846158E-001   1.18929974E+001   0.00000000E+000   1.23678644E+015   9.85991208E+013   1.00000000E-014   1.88000000E-012
       189     1.19999997E+001   7.12778161E+003   2.29079593E-021  -2.73550697E-020  -1.19999997E+001  -9.94632988E-021   0.00000000E+000  -5.42101086E-019  -7.00400327E+003  -7.01021753E+003  -1.41244585E+004  -2.22506231E+002  -1.22424798E+000  -4.67974540E+000   1.25583734E-001   1.18923667E+001   0.00000000E+000   1.23047293E+015   1.03129127E+014   1.00000000E-014   1.89000000E-012
       190     1.19999997E+001   7.12745877E+003  -2.72603575E-020   1.40898430E-019  -1.19999997E+001   9.96752638E-021  -4.33680869E-019  -5.42101086E-019  -7.00409667E+003  -7.01034585E+003  -1.41242368E+004  -2.22604115E+002  -1.22961497E+000  -4.70505319E+000   1.26250421E-001   1.18917965E+001   0.00000000E+000   1.23157085E+015   1.03577271E+014   1.00000000E-014   1.90000000E-012
       191     1.19999997E+001   7.12713477E+003  -2.49741660E-020  -8.42242021E-020  -1.19999997E+001   4.87756354E-020  -1.08420217E-018   3.25260652E-019  -7.00419145E+003  -7.01047357E+003  -1.41240143E+004  -2.22702354E+002  -1.23360685E+000  -4.73017889E+000   1.26919166E-001   1.18912242E+001   0.00000000E+000   1.23182856E+015   1.04863479E+014   1.00000000E-014   1.91000000E-012
       192     1.19999997E+001   7.12681566E+003   2.37970298E-020  -2.84001090E-020  -1.19999997E+001   1.64068173E-020  -3.25260652E-019   0.00000000E+000  -7.00428332E+003  -7.01060087E+003  -1.41237951E+004  -2.22799113E+002  -1.23705205E+000  -4.75555394E+000   1.27578305E-001   1.18906606E+001   0.00000000E+000   1.23357707E+015   1.05266851E+014   1.00000000E-014   1.92000000E-012
       193     1.19999997E+001   7.12648827E+003   2.47044986E-020   1.60093570E-019  -1.19999997E+001   6.69208761E-020   5.42101086E-019   5.42101086E-019  -7.00438061E+003  -7.01072842E+003  -1.41235703E+004  -2.22898382E+002  -1.24517681E+000  -4.77743839E+000   1.28252822E-001   1.18900823E+001   0.00000000E+000   1.23309148E+015   1.06763671E+014   1.00000000E-014   1.93000000E-012
       194     1.19999997E+001   7.12615071E+003  -4.31346255E-021  -6.31768499E-020  -1.19999997E+001  -1.27251397E-021   1.08420217E-019  -2.16840434E-019  -7.00447988E+003  -7.01086099E+003  -1.41233385E+004  -2.23000736E+002  -1.24818108E+000  -4.80233461E+000   1.28949004E-001   1.18894861E+001   0.00000000E+000   1.22849506E+015   1.10919801E+014   1.00000000E-014   1.94000000E-012
       195     1.19999997E+001   7.12583469E+003  -2.49358507E-020  -1.02455521E-019  -1.19999997E+001  -9.23991763E-021  -2.16840434E-019  -6.50521303E-019  -7.00457077E+003  -7.01098714E+003  -1.41231214E+004  -2.23096561E+002  -1.25224595E+000  -4.82718250E+000   1.29601746E-001   1.18889280E+001   0.00000000E+000   1.23036509E+015   1.11294957E+014   1.00000000E-014   1.95000000E-012
       196     1.19999997E+001   7.12551171E+003  -2.42868467E-020   5.54247200E-020  -1.19999997E+001   1.34886275E-020  -4.33680869E-019  -5.42101086E-019  -7.00466186E+003  -7.01111790E+003  -1.41228996E+004  -2.23194502E+002  -1.25478586E+000  -4.85541899E+000   1.30270100E-001   1.18883575E+001   0.00000000E+000   1.23049632E+015   1.12689565E+014   1.00000000E-014   1.96000000E-012
       197     1.19999997E+001   7.12519252E+003   4.36751363E-022   1.20859359E-020  -1.19999997E+001   2.71957340E-020   4.33680869E-019  -1.08420217E-019  -7.00475409E+003  -7.01124490E+003  -1.41226803E+004  -2.23291295E+002  -1.25829341E+000  -4.88131739E+000   1.30929583E-001   1.18877937E+001   0.00000000E+000   1.23186946E+015   1.13035917E+014   1.00000000E-014   1.97000000E-012
       198     1.19999997E+001   7.12487015E+003   4.24922681E-021   5.85235453E-020  -1.19999997E+001   1.77520197E-020  -1.08420217E-019  -1.08420217E-019  -7.00484527E+003  -7.01137514E+003  -1.41224589E+004  -2.23389051E+002  -1.26225083E+000  -4.90809137E+000   1.31596231E-001   1.18872244E+001   0.00000000E+000   1.23259573E+015   1.14027995E+014   1.00000000E-014   1.98000000E-012
       199     1.19999997E+001   7.12455042E+003  -8.32923055E-021  -2.83586465E-020  -1.19999997E+001  -1.79318281E-020   7.58941521E-019   9.75781955E-019  -7.00493580E+003  -7.01150424E+003  -1.41222393E+004  -2.23486013E+002  -1.26581042E+000  -4.93546693E+000   1.32257698E-001   1.18866596E+001   0.00000000E+000   1.23434393E+015   1.14347900E+014   1.00000000E-014   1.99000000E-012
       200     1.19999997E+001   7.12422839E+003   2.99840451E-020  -1.70129339E-020  -1.19999997E+001  -1.34473718E-020   5.42101086E-019  -3.25260652E-019  -7.00502698E+003  -7.01163425E+003  -1.41220181E+004  -2.23583671E+002  -1.26921789E+000  -4.96203192E+000   1.32923584E-001   1.18860908E+001   0.00000000E+000   1.23527568E+015   1.15107774E+014   1.00000000E-014   2.00000000E-012
       201     1.19999997E+001   7.12390925E+003  -1.75203833E-020  -3.18237061E-020  -1.19999997E+001   1.01893142E-020  -5.42101086E-019   1.08420217E-019  -7.00511943E+003  -7.01176101E+003  -1.41217989E+004  -2.23680454E+002  -1.27449879E+000  -4.98754126E+000   1.33582909E-001   1.18855272E+001   0.00000000E+000   1.23692795E+015   1.15400676E+014   1.00000000E-014   2.01000000E-012
       202     1.19999997E+001   7.12358690E+003   2.39666277E-020  -3.68320779E-020  -1.19999997E+001  -1.91081823E-020  -4.33680869E-019   0.00000000E+000  -7.00521124E+003  -7.01189063E+003  -1.41215775E+004  -2.23778211E+002  -1.27881969E+000  -5.01391683E+000   1.34249339E-001   1.18849578E+001   0.00000000E+000   1.23792053E+015   1.16347301E+014   1.00000000E-014   2.02000000E-012
       203     1.19999997E+001   7.12326991E+003  -2.06977650E-020   9.80001714E-020  -1.19999997E+001   5.05247088E-020   0.00000000E+000   0.00000000E+000  -7.00530168E+003  -7.01201794E+003  -1.41213597E+004  -2.23874345E+002  -1.28268423E+000  -5.03888655E+000   1.34904332E-001   1.18843979E+001   0.00000000E+000   1.24042603E+015   1.16139985E+014   1.00000000E-014   2.03000000E-012
       204     1.19999997E+001   7.12295425E+003   4.07546459E-020   3.78007064E-020  -1.19999997E+001  -2.46213411E-020  -1.08420217E-019  -3.25260652E-019  -7.00539214E+003  -7.01214431E+003  -1.41211429E+004  -2.23970078E+002  -1.28653367E+000  -5.06470653E+000   1.35556829E-001   1.18838404E+001   0.00000000E+000   1.24274172E+015   1.16386865E+014   1.00000000E-014   2.04000000E-012
       205     1.19999997E+001   7.12263779E+003  -1.89778497E-020  -1.12337331E-020  -1.19999997E+001   1.95703695E-020  -5.42101086E-019   3.25260652E-019  -7.00548287E+003  -7.01227097E+003  -1.41209255E+004  -2.24066054E+002  -1.29090663E+000  -5.09058421E+000   1.36211000E-001   1.18832815E+001   0.00000000E+000   1.24440310E+015   1.16628233E+014   1.00000000E-014   2.05000000E-012
       206     1.19999997E+001   7.12232317E+003  -7.36449174E-020   1.07501426E-019  -1.19999997E+001   9.51898769E-021   3.25260652E-019   2.16840434E-019  -7.00557303E+003  -7.01239694E+003  -1.41207094E+004  -2.24161473E+002  -1.29468267E+000  -5.11713890E+000   1.36861624E-001   1.18827258E+001   0.00000000E+000   1.24494739E+015   1.16850948E+014   1.00000000E-014   2.06000000E-012
       207     1.19999997E+001   7.12200413E+003   3.80330537E-020   2.34505704E-020  -1.19999997E+001  -6.23866856E-020   6.50521303E-019   7.58941521E-019  -7.00566491E+003  -7.01252423E+003  -1.41204902E+004  -2.24258235E+002  -1.29756122E+000  -5.14353087E+000   1.37521105E-001   1.18821623E+001   0.00000000E+000   1.24663605E+015   1.17053648E+014   1.00000000E-014   2.07000000E-012
       208     1.19999997E+001   7.12168020E+003   1.82407801E-020  -7.30455282E-020  -1.19999997E+001   2.48796283E-020   2.16840434E-019  -8.67361738E-019  -7.00575765E+003  -7.01265402E+003  -1.41202677E+004  -2.24356480E+002  -1.30276756E+000  -5.16893118E+000   1.38190446E-001   1.18815901E+001   0.00000000E+000   1.24581856E+015   1.18989156E+014   1.00000000E-014   2.08000000E-012
       209     1.19999997E+001   7.12136264E+003  -8.85982814E-021  -1.11513252E-020  -1.19999997E+001   1.21640011E-020   0.00000000E+000  -7.58941521E-019  -7.00584815E+003  -7.01278168E+003  -1.41200495E+004  -2.24452797E+002  -1.30660262E+000  -5.19434936E+000   1.38846840E-001   1.18810293E+001   0.00000000E+000   1.24645440E+015   1.19171349E+014   1.00000000E-014   2.09000000E-012
       210     1.19999997E+001   7.12104508E+003   2.70305887E-020   1.09688595E-019  -1.19999997E+001   6.09626942E-020   3.25260652E-019   2.16840434E-019  -7.00593809E+003  -7.01290990E+003  -1.41198313E+004  -2.24549117E+002  -1.30987179E+000  -5.22189574E+000   1.39504046E-001   1.18804684E+001   0.00000000E+000   1.24851707E+015   1.19344207E+014   1.00000000E-014   2.10000000E-012
       211     1.19999997E+001   7.12072780E+003  -3.76368342E-020  -2.18866820E-021  -1.19999997E+001   1.15184900E-021  -2.16840434E-019  -4.33680869E-019  -7.00602871E+003  -7.01303726E+003  -1.41196134E+004  -2.24645351E+002  -1.31375568E+000  -5.24862075E+000   1.40160280E-001   1.18799080E+001   0.00000000E+000   1.25072792E+015   1.19505745E+014   1.00000000E-014   2.11000000E-012
       212     1.19999997E+001   7.12040960E+003   1.20777869E-020   1.03446587E-019  -1.19999997E+001  -1.06527421E-020   5.42101086E-019   5.42101086E-019  -7.00612035E+003  -7.01316423E+003  -1.41193948E+004  -2.24741869E+002  -1.31700909E+000  -5.27509861E+000   1.40818163E-001   1.18793460E+001   0.00000000E+000   1.25219453E+015   1.20256989E+014   1.00000000E-014   2.12000000E-012
       213     1.19999997E+001   7.12008814E+003   7.98261926E-021   6.93567162E-020  -1.19999997E+001  -4.11840819E-020   4.33680869E-019  -2.16840434E-019  -7.00621311E+003  -7.01329232E+003  -1.41191739E+004  -2.24839372E+002  -1.32235602E+000  -5.30030355E+000   1.41482315E-001   1.18787782E+001   0.00000000E+000   1.25390046E+015   1.20400892E+014   1.00000000E-014   2.13000000E-012
       214     1.19999997E+001   7.11976965E+003   2.22129789E-020   1.69793038E-019  -1.19999997E+001   1.95241508E-020   1.08420217E-019   1.08420217E-019  -7.00630562E+003  -7.01341863E+003  -1.41189551E+004  -2.24935980E+002  -1.32766213E+000  -5.32594777E+000   1.42140466E-001   1.18782157E+001   0.00000000E+000   1.25604010E+015   1.20533818E+014   1.00000000E-014   2.14000000E-012
       215     1.19999997E+001   7.11945056E+003   3.79745565E-020  -2.58861003E-021  -1.19999997E+001  -2.81150418E-020  -4.33680869E-019  -2.16840434E-019  -7.00639519E+003  -7.01354829E+003  -1.41187359E+004  -2.25032769E+002  -1.32941506E+000  -5.35330280E+000   1.42800859E-001   1.18776521E+001   0.00000000E+000   1.25857318E+015   1.20335959E+014   1.00000000E-014   2.15000000E-012
       216     1.19999997E+001   7.11912034E+003   4.75257784E-020  -9.22306383E-021  -1.19999997E+001  -2.53938244E-020  -6.50521303E-019  -5.42101086E-019  -7.00649205E+003  -7.01367831E+003  -1.41185090E+004  -2.25132938E+002  -1.33528809E+000  -5.38094721E+000   1.43483443E-001   1.18770689E+001   0.00000000E+000   1.25885893E+015   1.21288577E+014   1.00000000E-014   2.16000000E-012
       217     1.19999997E+001   7.11878963E+003   3.69922295E-020  -1.62484535E-019  -1.19999997E+001   2.87781305E-020   3.25260652E-019   4.33680869E-019  -7.00658549E+003  -7.01381208E+003  -1.41182818E+004  -2.25233255E+002  -1.33938988E+000  -5.40560326E+000   1.44166681E-001   1.18764848E+001   0.00000000E+000   1.25877743E+015   1.22203284E+014   1.00000000E-014   2.17000000E-012
       218     1.19999997E+001   7.11846510E+003  -1.92846045E-020  -5.02812075E-021  -1.19999997E+001   4.23707759E-020   0.00000000E+000   1.08420217E-019  -7.00667782E+003  -7.01394275E+003  -1.41180588E+004  -2.25331703E+002  -1.34121773E+000  -5.43454401E+000   1.44838526E-001   1.18759116E+001   0.00000000E+000   1.25958080E+015   1.23120328E+014   1.00000000E-014   2.18000000E-012
       219     1.19999997E+001   7.11813517E+003   8.59575073E-021   1.97513573E-020  -1.19999997E+001   3.59455471E-020   0.00000000E+000  -2.16840434E-019  -7.00677423E+003  -7.01407303E+003  -1.41178321E+004  -2.25431787E+002  -1.34267596E+000  -5.46313346E+000   1.45520736E-001   1.18753288E+001   0.00000000E+000   1.25870037E+015   1.25160488E+014   1.00000000E-014   2.19000000E-012
       220     1.19999997E+001   7.11781099E+003   1.33473347E-020  -1.04915970E-020  -1.19999997E+001  -1.22171475E-020   3.25260652E-019   0.00000000E+000  -7.00686661E+003  -7.01420341E+003  -1.41176093E+004  -2.25530132E+002  -1.34602670E+000  -5.49175218E+000   1.46191819E-001   1.18747563E+001   0.00000000E+000   1.25971763E+015   1.26002229E+014   1.00000000E-014   2.20000000E-012
       221     1.19999997E+001   7.11749183E+003  -6.10942353E-021  -1.55033292E-020  -1.19999997E+001  -2.22748365E-020   7.58941521E-019   4.33680869E-019  -7.00695886E+003  -7.01433046E+003  -1.41173900E+004  -2.25626953E+002  -1.35121995E+000  -5.51771468E+000   1.46851599E-001   1.18741926E+001   0.00000000E+000   1.26224701E+015   1.26105594E+014   1.00000000E-014   2.21000000E-012
       222     1.19999997E+001   7.11716381E+003   9.84923955E-021  -1.68092057E-019  -1.19999997E+001  -3.84098216E-020  -8.67361738E-019  -2.16840434E-019  -7.00705202E+003  -7.01446269E+003  -1.41171646E+004  -2.25726462E+002  -1.35465492E+000  -5.54484817E+000   1.47530087E-001   1.18736132E+001   0.00000000E+000   1.26129378E+015   1.26972165E+014   1.00000000E-014   2.22000000E-012
       223     1.19999997E+001   7.11684279E+003   3.51082594E-021   1.69149595E-019  -1.19999997E+001  -5.71065849E-020   0.00000000E+000  -4.33680869E-019  -7.00714272E+003  -7.01459257E+003  -1.41169440E+004  -2.25823851E+002  -1.35672358E+000  -5.57189065E+000   1.48194332E-001   1.18730462E+001   0.00000000E+000   1.26288897E+015   1.27481293E+014   1.00000000E-014   2.23000000E-012
       224     1.19999997E+001   7.11652445E+003  -4.77041780E-020  -7.17469063E-020  -1.19999997E+001   2.57964546E-020  -3.25260652E-019   5.42101086E-019  -7.00723299E+003  -7.01472107E+003  -1.41167253E+004  -2.25920432E+002  -1.36005208E+000  -5.59873590E+000   1.48853057E-001   1.18724840E+001   0.00000000E+000   1.26466693E+015   1.27570137E+014   1.00000000E-014   2.24000000E-012
       225     1.19999997E+001   7.11620666E+003   1.20561574E-021  -1.21743150E-019  -1.19999997E+001   6.76620816E-020   0.00000000E+000   1.08420217E-019  -7.00732295E+003  -7.01484948E+003  -1.41165069E+004  -2.26016841E+002  -1.36314043E+000  -5.62509895E+000   1.49510495E-001   1.18719227E+001   0.00000000E+000   1.26731019E+015   1.27657997E+014   1.00000000E-014   2.25000000E-012
       226     1.19999997E+001   7.11588076E+003  -2.96470320E-020  -4.45701458E-020  -1.19999997E+001  -4.94934214E-020  -2.16840434E-019  -9.75781955E-019  -7.00741454E+003  -7.01498185E+003  -1.41162830E+004  -2.26115720E+002  -1.36509983E+000  -5.65366855E+000   1.50185356E-001   1.18713471E+001   0.00000000E+000   1.26859965E+015   1.28282864E+014   1.00000000E-014   2.26000000E-012
       227     1.19999997E+001   7.11555570E+003  -4.44375901E-020  -9.60167215E-020  -1.19999997E+001   3.74102772E-021   3.25260652E-019  -1.08420217E-019  -7.00750717E+003  -7.01511260E+003  -1.41160596E+004  -2.26214340E+002  -1.36969132E+000  -5.68033581E+000   1.50857710E-001   1.18707730E+001   0.00000000E+000   1.26972869E+015   1.29235247E+014   1.00000000E-014   2.27000000E-012
       228     1.19999997E+001   7.11523685E+003   1.31795979E-020   9.09422463E-020  -1.19999997E+001  -1.06711469E-020   3.25260652E-019   0.00000000E+000  -7.00759750E+003  -7.01524138E+003  -1.41158405E+004  -2.26311078E+002  -1.37248236E+000  -5.70713480E+000   1.51517481E-001   1.18702098E+001   0.00000000E+000   1.27248397E+015   1.29300359E+014   1.00000000E-014   2.28000000E-012
       229     1.19999997E+001   7.11491096E+003  -2.95298890E-020   6.70802441E-020  -1.19999997E+001   2.66216706E-020   1.08420217E-019   4.33680869E-019  -7.00769017E+003  -7.01537266E+003  -1.41156165E+004  -2.26409955E+002  -1.37721894E+000  -5.73351190E+000   1.52191511E-001   1.18696343E+001   0.00000000E+000   1.27411116E+015   1.29365855E+014   1.00000000E-014   2.29000000E-012
       230     1.19999997E+001   7.11458947E+003   2.03872233E-020   7.82937371E-020  -1.19999997E+001   2.36920037E-020   0.00000000E+000  -4.33680869E-019  -7.00778096E+003  -7.01550281E+003  -1.41153956E+004  -2.26507498E+002  -1.38049753E+000  -5.75924598E+000   1.52856427E-001   1.18690665E+001   0.00000000E+000   1.27673687E+015   1.29420245E+014   1.00000000E-014   2.30000000E-012
       231     1.19999997E+001   7.11426967E+003  -3.96616786E-020  -1.69936735E-019  -1.19999997E+001  -1.60065652E-020   0.00000000E+000   5.42101086E-019  -7.00787160E+003  -7.01563195E+003  -1.41151758E+004  -2.26604531E+002  -1.38346503E+000  -5.78690542E+000   1.53518462E-001   1.18685016E+001   0.00000000E+000   1.28021777E+015   1.29084260E+014   1.00000000E-014   2.31000000E-012
       232     1.19999997E+001   7.11394818E+003  -3.67372107E-020   1.60132706E-019  -1.19999997E+001  -4.35019454E-020   1.08420217E-019   0.00000000E+000  -7.00796247E+003  -7.01576203E+003  -1.41149548E+004  -2.26702079E+002  -1.38637105E+000  -5.81415722E+000   1.54183886E-001   1.18679338E+001   0.00000000E+000   1.28258319E+015   1.29120341E+014   1.00000000E-014   2.32000000E-012
       233     1.19999997E+001   7.11362044E+003   6.35534626E-020   1.32824734E-019  -1.19999997E+001   3.09727441E-020  -5.42101086E-019  -4.33680869E-019  -7.00805534E+003  -7.01589441E+003  -1.41147296E+004  -2.26801523E+002  -1.39016628E+000  -5.84243406E+000   1.54862393E-001   1.18673550E+001   0.00000000E+000   1.28483083E+015   1.29145095E+014   1.00000000E-014   2.33000000E-012
       234     1.19999997E+001   7.11329172E+003   2.00063607E-020   5.93827016E-020  -1.19999997E+001  -6.09259880E-021   0.00000000E+000   0.00000000E+000  -7.00814785E+003  -7.01602782E+003  -1.41145037E+004  -2.26901267E+002  -1.39372796E+000  -5.86926987E+000   1.55542563E-001   1.18667744E+001   0.00000000E+000   1.28552595E+015   1.29851268E+014   1.00000000E-014   2.34000000E-012
       235     1.19999997E+001   7.11296601E+003  -3.77921503E-020   7.73990573E-020  -1.19999997E+001  -2.70208887E-020   7.58941521E-019   1.08420217E-019  -7.00823976E+003  -7.01615978E+003  -1.41142798E+004  -2.27000102E+002  -1.39670439E+000  -5.89814447E+000   1.56217210E-001   1.18661991E+001   0.00000000E+000   1.28822973E+015   1.29541305E+014   1.00000000E-014   2.35000000E-012
       236     1.19999997E+001   7.11263924E+003  -2.55793520E-020  -8.63883198E-020  -1.19999997E+001  -1.33755105E-021  -3.25260652E-019   3.25260652E-019  -7.00833383E+003  -7.01629029E+003  -1.41140552E+004  -2.27099254E+002  -1.40238191E+000  -5.92256047E+000   1.56892264E-001   1.18656220E+001   0.00000000E+000   1.29226830E+015   1.28908192E+014   1.00000000E-014   2.36000000E-012
       237     1.19999997E+001   7.11230761E+003   5.00325783E-020  -4.03418828E-020  -1.19999997E+001  -2.56632785E-021   2.16840434E-019  -1.08420217E-019  -7.00842755E+003  -7.01642449E+003  -1.41138273E+004  -2.27199883E+002  -1.40592121E+000  -5.94523370E+000   1.57576938E-001   1.18650363E+001   0.00000000E+000   1.29609291E+015   1.28605175E+014   1.00000000E-014   2.37000000E-012
       238     1.19999997E+001   7.11198254E+003   2.00156332E-020   1.52329575E-019  -1.19999997E+001  -1.73540425E-020  -1.08420217E-019   5.42101086E-019  -7.00852022E+003  -7.01655525E+003  -1.41136039E+004  -2.27298524E+002  -1.40924730E+000  -5.97172594E+000   1.58249328E-001   1.18644622E+001   0.00000000E+000   1.29834707E+015   1.28619782E+014   1.00000000E-014   2.38000000E-012
       239     1.19999997E+001   7.11165747E+003  -1.01944970E-020   5.49652987E-020  -1.19999997E+001  -5.75169699E-021   3.25260652E-019  -5.42101086E-019  -7.00861281E+003  -7.01668608E+003  -1.41133805E+004  -2.27397168E+002  -1.41233988E+000  -5.99791967E+000   1.58921646E-001   1.18638880E+001   0.00000000E+000   1.29993480E+015   1.28627076E+014   1.00000000E-014   2.39000000E-012
       240     1.19999997E+001   7.11132940E+003  -1.43102569E-020   7.90987131E-020  -1.19999997E+001   5.76960545E-020   1.08420217E-019   7.58941521E-019  -7.00870556E+003  -7.01681883E+003  -1.41131550E+004  -2.27496726E+002  -1.41497926E+000  -6.02551973E+000   1.59600696E-001   1.18633086E+001   0.00000000E+000   1.30221612E+015   1.28630027E+014   1.00000000E-014   2.40000000E-012
       241     1.19999997E+001   7.11098957E+003   3.47992186E-020  -3.77614153E-020  -1.19999997E+001  -3.02808075E-020   3.25260652E-019   2.16840434E-019  -7.00879934E+003  -7.01695865E+003  -1.41129214E+004  -2.27599854E+002  -1.41834888E+000  -6.05425283E+000   1.60304637E-001   1.18627084E+001   0.00000000E+000   1.30554526E+015   1.28313498E+014   1.00000000E-014   2.41000000E-012
       242     1.19999997E+001   7.11065280E+003  -4.11586784E-020  -6.23850635E-020  -1.19999997E+001  -2.33976308E-020  -2.16840434E-019  -5.42101086E-019  -7.00889541E+003  -7.01709406E+003  -1.41126899E+004  -2.27702055E+002  -1.42051360E+000  -6.08273037E+000   1.61001580E-001   1.18621136E+001   0.00000000E+000   1.30805117E+015   1.28344760E+014   1.00000000E-014   2.42000000E-012
       243     1.19999997E+001   7.11032209E+003   2.78285789E-020   6.06384135E-020  -1.19999997E+001  -2.58055536E-020  -4.33680869E-019  -5.42101086E-019  -7.00898947E+003  -7.01722734E+003  -1.41124626E+004  -2.27802419E+002  -1.42372274E+000  -6.11104249E+000   1.61686202E-001   1.18615295E+001   0.00000000E+000   1.31077384E+015   1.28383797E+014   1.00000000E-014   2.43000000E-012
       244     1.19999997E+001   7.10997540E+003   1.84325309E-020  -6.61336199E-020  -1.19999997E+001  -1.86291414E-021  -3.25260652E-019   0.00000000E+000  -7.00909025E+003  -7.01736485E+003  -1.41122243E+004  -2.27907626E+002  -1.42764961E+000  -6.13492495E+000   1.62401536E-001   1.18609172E+001   0.00000000E+000   1.31438107E+015   1.28289367E+014   1.00000000E-014   2.44000000E-012
       245     1.19999997E+001   7.10963511E+003   1.36708786E-020   1.28113785E-019  -1.19999997E+001  -4.12721767E-021   0.00000000E+000   3.25260652E-019  -7.00918998E+003  -7.01749903E+003  -1.41119903E+004  -2.28010899E+002  -1.43101074E+000  -6.16236963E+000   1.63104856E-001   1.18603162E+001   0.00000000E+000   1.31586629E+015   1.29142895E+014   1.00000000E-014   2.45000000E-012
       246     1.19999997E+001   7.10930677E+003   4.18999550E-020   1.32599534E-019  -1.19999997E+001   3.81163792E-020   3.25260652E-019  -7.58941521E-019  -7.00928492E+003  -7.01762980E+003  -1.41117646E+004  -2.28110547E+002  -1.43270867E+000  -6.18779433E+000   1.63783337E-001   1.18597363E+001   0.00000000E+000   1.31642694E+015   1.29865966E+014   1.00000000E-014   2.46000000E-012
       247     1.19999997E+001   7.10897289E+003  -3.92278773E-021   1.24997744E-019  -1.19999997E+001  -7.31899746E-021   6.50521303E-019   6.50521303E-019  -7.00937951E+003  -7.01776472E+003  -1.41115351E+004  -2.28211878E+002  -1.43538498E+000  -6.21596613E+000   1.64474474E-001   1.18591466E+001   0.00000000E+000   1.32079834E+015   1.29375702E+014   1.00000000E-014   2.47000000E-012
       248     1.19999997E+001   7.10864341E+003  -2.15722500E-020   1.43255326E-019  -1.19999997E+001   1.92181457E-020  -7.58941521E-019  -2.16840434E-019  -7.00947326E+003  -7.01789747E+003  -1.41113086E+004  -2.28311874E+002  -1.43780964E+000  -6.24167579E+000   1.65155731E-001   1.18585647E+001   0.00000000E+000   1.32257318E+015   1.30177562E+014   1.00000000E-014   2.48000000E-012
       249     1.19999997E+001   7.10832047E+003  -1.49465914E-020  -1.50180896E-019  -1.19999997E+001  -1.32524674E-020   6.50521303E-019  -3.25260652E-019  -7.00956660E+003  -7.01802614E+003  -1.41110866E+004  -2.28409890E+002  -1.44044347E+000  -6.26828135E+000   1.65823684E-001   1.18579943E+001   0.00000000E+000   1.32612608E+015   1.29989872E+014   1.00000000E-014   2.49000000E-012
       250     1.19999997E+001   7.10799691E+003  -4.34677725E-020   2.21881894E-020  -1.19999997E+001   2.70207853E-020  -2.16840434E-019   2.16840434E-019  -7.00965952E+003  -7.01815565E+003  -1.41108642E+004  -2.28508094E+002  -1.44406799E+000  -6.29421761E+000   1.66492832E-001   1.18574229E+001   0.00000000E+000   1.32990070E+015   1.29742270E+014   1.00000000E-014   2.50000000E-012
       251     1.19999997E+001   7.10765809E+003   2.44053177E-020   1.02047256E-019  -1.19999997E+001  -1.80384310E-020   1.08420217E-019  -5.42101086E-019  -7.00975812E+003  -7.01828997E+003  -1.41106313E+004  -2.28610926E+002  -1.44669809E+000  -6.31932484E+000   1.67192538E-001   1.18568245E+001   0.00000000E+000   1.32961883E+015   1.31645197E+014   1.00000000E-014   2.51000000E-012
       252     1.19999997E+001   7.10732414E+003   7.60378023E-021   1.26666141E-019  -1.19999997E+001   7.52329039E-020   6.50521303E-019   8.67361738E-019  -7.00985593E+003  -7.01842174E+003  -1.41104017E+004  -2.28712285E+002  -1.44957975E+000  -6.34439712E+000   1.67882208E-001   1.18562347E+001   0.00000000E+000   1.33343930E+015   1.31325329E+014   1.00000000E-014   2.52000000E-012
       253     1.19999997E+001   7.10699249E+003   1.56544448E-020   4.81067048E-020  -1.19999997E+001   3.35461029E-020  -1.08420217E-019   5.42101086E-019  -7.00995083E+003  -7.01855484E+003  -1.41101737E+004  -2.28812947E+002  -1.45264406E+000  -6.36929179E+000   1.68567597E-001   1.18556490E+001   0.00000000E+000   1.33663809E+015   1.31282589E+014   1.00000000E-014   2.53000000E-012
       254     1.19999997E+001   7.10666330E+003   2.41626501E-020  -9.46602616E-020  -1.19999997E+001   6.49231315E-020   4.33680869E-019  -4.33680869E-019  -7.01004576E+003  -7.01868624E+003  -1.41099474E+004  -2.28912867E+002  -1.45639706E+000  -6.39433814E+000   1.69247920E-001   1.18550676E+001   0.00000000E+000   1.34111679E+015   1.31166882E+014   1.00000000E-014   2.54000000E-012
       255     1.19999997E+001   7.10634073E+003   2.91087959E-020   1.18808817E-019  -1.19999997E+001  -1.60567131E-020  -3.25260652E-019   2.16840434E-019  -7.01013806E+003  -7.01881570E+003  -1.41097256E+004  -2.29010780E+002  -1.46000494E+000  -6.42094937E+000   1.69915409E-001   1.18544979E+001   0.00000000E+000   1.34536071E+015   1.30602566E+014   1.00000000E-014   2.55000000E-012
       256     1.19999997E+001   7.10601562E+003   6.26234143E-020  -7.31123230E-020  -1.19999997E+001   2.19492376E-021  -7.58941521E-019  -6.50521303E-019  -7.01023178E+003  -7.01894551E+003  -1.41095021E+004  -2.29109464E+002  -1.46290744E+000  -6.44582619E+000   1.70587343E-001   1.18539237E+001   0.00000000E+000   1.34950001E+015   1.29753388E+014   1.00000000E-014   2.56000000E-012
       257     1.19999997E+001   7.10568936E+003   1.62770662E-020  -1.66048391E-019  -1.19999997E+001   1.96424376E-021   1.08420217E-019  -1.73472348E-018  -7.01032529E+003  -7.01907631E+003  -1.41092778E+004  -2.29208496E+002  -1.46669696E+000  -6.47159259E+000   1.71262060E-001   1.18533475E+001   0.00000000E+000   1.35348687E+015   1.29277556E+014   1.00000000E-014   2.57000000E-012
       258     1.19999997E+001   7.10536360E+003   3.51948032E-020   2.41525074E-020  -1.19999997E+001  -2.24010850E-021   2.16840434E-019  -1.30104261E-018  -7.01041847E+003  -7.01920711E+003  -1.41090538E+004  -2.29307383E+002  -1.46994701E+000  -6.49728304E+000   1.71935787E-001   1.18527721E+001   0.00000000E+000   1.35766890E+015   1.29198996E+014   1.00000000E-014   2.58000000E-012
       259     1.19999997E+001   7.10503740E+003   4.17840464E-020  -4.20161739E-020  -1.19999997E+001  -2.67007181E-020  -4.33680869E-019   4.33680869E-019  -7.01051164E+003  -7.01933823E+003  -1.41088295E+004  -2.29406402E+002  -1.47322220E+000  -6.52318076E+000   1.72610503E-001   1.18521960E+001   0.00000000E+000   1.36192982E+015   1.28912748E+014   1.00000000E-014   2.59000000E-012
       260     1.19999997E+001   7.10471063E+003  -5.52003472E-020   9.99082573E-020  -1.19999997E+001   4.02852468E-021  -8.67361738E-019   2.16840434E-019  -7.01060540E+003  -7.01946914E+003  -1.41086048E+004  -2.29505596E+002  -1.47689067E+000  -6.54766872E+000   1.73285864E-001   1.18516189E+001   0.00000000E+000   1.36691873E+015   1.28438853E+014   1.00000000E-014   2.60000000E-012
       261     1.19999997E+001   7.10438020E+003  -2.43914495E-020   1.91030435E-019  -1.19999997E+001   5.78250947E-022   4.33680869E-019  -4.33680869E-019  -7.01069956E+003  -7.01960217E+003  -1.41083776E+004  -2.29605901E+002  -1.48052087E+000  -6.57247194E+000   1.73968924E-001   1.18510353E+001   0.00000000E+000   1.37125090E+015   1.28277618E+014   1.00000000E-014   2.61000000E-012
       262     1.19999997E+001   7.10404905E+003   1.55989720E-020  -1.21269227E-019  -1.19999997E+001  -2.40481050E-020  -2.16840434E-019  -2.16840434E-019  -7.01079365E+003  -7.01973578E+003  -1.41081499E+004  -2.29706431E+002  -1.48386837E+000  -6.59746868E+000   1.74653609E-001   1.18504505E+001   0.00000000E+000   1.37451595E+015   1.28819251E+014   1.00000000E-014   2.62000000E-012
       263     1.19999997E+001   7.10371567E+003  -2.29560973E-020   3.73079136E-021  -1.19999997E+001  -4.40060086E-021  -4.33680869E-019   0.00000000E+000  -7.01088829E+003  -7.01987037E+003  -1.41079207E+004  -2.29807635E+002  -1.48712706E+000  -6.62314789E+000   1.75343070E-001   1.18498617E+001   0.00000000E+000   1.37916990E+015   1.28321314E+014   1.00000000E-014   2.63000000E-012
       264     1.19999997E+001   7.10338553E+003   7.74743566E-020  -1.12752834E-019  -1.19999997E+001  -1.29450664E-020  -4.33680869E-019   0.00000000E+000  -7.01098287E+003  -7.02000281E+003  -1.41076937E+004  -2.29907860E+002  -1.49052789E+000  -6.64893614E+000   1.76025812E-001   1.18492786E+001   0.00000000E+000   1.38382136E+015   1.28209690E+014   1.00000000E-014   2.64000000E-012
       265     1.19999997E+001   7.10305141E+003   4.25957690E-020  -1.28317375E-019  -1.19999997E+001   2.11616065E-020   0.00000000E+000   4.33680869E-019  -7.01108065E+003  -7.02013477E+003  -1.41074639E+004  -2.30009292E+002  -1.49115978E+000  -6.67426552E+000   1.76716000E-001   1.18486885E+001   0.00000000E+000   1.38903396E+015   1.28038654E+014   1.00000000E-014   2.65000000E-012
       266     1.19999997E+001   7.10272264E+003   1.68563899E-020   6.86878373E-020  -1.19999997E+001  -5.71943695E-022  -8.67361738E-019  -6.50521303E-019  -7.01117576E+003  -7.02026575E+003  -1.41072379E+004  -2.30109107E+002  -1.49473055E+000  -6.70260835E+000   1.77396657E-001   1.18481079E+001   0.00000000E+000   1.39407379E+015   1.27330139E+014   1.00000000E-014   2.66000000E-012
       267     1.19999997E+001   7.10238704E+003   4.29444774E-020  -9.50223729E-023  -1.19999997E+001   2.76191988E-020  -6.50521303E-019   2.16840434E-019  -7.01127331E+003  -7.02039897E+003  -1.41070071E+004  -2.30210992E+002  -1.49844398E+000  -6.72829844E+000   1.78090255E-001   1.18475152E+001   0.00000000E+000   1.39564600E+015   1.26908179E+014   1.00000000E-014   2.67000000E-012
       268     1.19999997E+001   7.10204480E+003   1.37286908E-020  -8.55759186E-020  -1.19999997E+001   8.30382319E-020   0.00000000E+000  -4.33680869E-019  -7.01137291E+003  -7.02053471E+003  -1.41067717E+004  -2.30314894E+002  -1.50077986E+000  -6.75304665E+000   1.78797039E-001   1.18469107E+001   0.00000000E+000   1.40059434E+015   1.26849588E+014   1.00000000E-014   2.68000000E-012
       269     1.19999997E+001   7.10171097E+003   3.47581293E-020   2.02231184E-020  -1.19999997E+001   9.67766162E-020   0.00000000E+000   4.33680869E-019  -7.01146827E+003  -7.02066892E+003  -1.41065422E+004  -2.30416247E+002  -1.50349770E+000  -6.77867392E+000   1.79487348E-001   1.18463211E+001   0.00000000E+000   1.40550666E+015   1.26327433E+014   1.00000000E-014   2.69000000E-012
       270     1.19999997E+001   7.10136590E+003  -1.37045216E-020  -1.89890838E-019  -1.19999997E+001  -1.66146464E-020  -2.16840434E-019   1.30104261E-018  -7.01156664E+003  -7.02080785E+003  -1.41063049E+004  -2.30521015E+002  -1.50806911E+000  -6.80702259E+000   1.80201638E-001   1.18457117E+001   0.00000000E+000   1.41003466E+015   1.26042924E+014   1.00000000E-014   2.70000000E-012
       271     1.19999997E+001   7.10102624E+003   2.57929908E-020   2.00298683E-019  -1.19999997E+001   3.20692754E-021  -2.16840434E-019   4.33680869E-019  -7.01166532E+003  -7.02094275E+003  -1.41060713E+004  -2.30624140E+002  -1.51382121E+000  -6.82944428E+000   1.80902581E-001   1.18451118E+001   0.00000000E+000   1.41525202E+015   1.25488664E+014   1.00000000E-014   2.71000000E-012
       272     1.19999997E+001   7.10068653E+003  -6.58702792E-020  -5.03835711E-020  -1.19999997E+001   1.08018414E-020   4.33680869E-019   0.00000000E+000  -7.01176475E+003  -7.02107694E+003  -1.41058377E+004  -2.30727280E+002  -1.51965359E+000  -6.85334699E+000   1.81603972E-001   1.18445119E+001   0.00000000E+000   1.41863187E+015   1.25353601E+014   1.00000000E-014   2.72000000E-012
       273     1.19999997E+001   7.10033828E+003   5.02332052E-020  -1.25766298E-019  -1.19999997E+001  -5.51217651E-020   2.16840434E-019  -8.67361738E-019  -7.01186637E+003  -7.02121481E+003  -1.41055982E+004  -2.30833016E+002  -1.52349692E+000  -6.87824096E+000   1.82323130E-001   1.18438968E+001   0.00000000E+000   1.42455367E+015   1.23692151E+014   1.00000000E-014   2.73000000E-012
       274     1.19999997E+001   7.09999341E+003  -4.90035317E-020   3.74032978E-020  -1.19999997E+001  -5.68945165E-021  -6.50521303E-019  -8.67361738E-019  -7.01196670E+003  -7.02135165E+003  -1.41053610E+004  -2.30937725E+002  -1.52771442E+000  -6.90167340E+000   1.83034983E-001   1.18432878E+001   0.00000000E+000   1.42550477E+015   1.22988267E+014   1.00000000E-014   2.74000000E-012
       275     1.19999997E+001   7.09964773E+003   2.68907628E-020  -5.21542546E-020  -1.19999997E+001  -3.46753596E-020   0.00000000E+000   4.33680869E-019  -7.01206812E+003  -7.02148796E+003  -1.41051233E+004  -2.31042686E+002  -1.53368602E+000  -6.92583234E+000   1.83748649E-001   1.18426773E+001   0.00000000E+000   1.43097117E+015   1.21515034E+014   1.00000000E-014   2.75000000E-012
       276     1.19999997E+001   7.09930140E+003   6.28526880E-020   1.56178834E-019  -1.19999997E+001  -2.62380656E-020   0.00000000E+000   6.50521303E-019  -7.01216819E+003  -7.02162609E+003  -1.41048851E+004  -2.31147845E+002  -1.53843932E+000  -6.95108759E+000   1.84464284E-001   1.18420656E+001   0.00000000E+000   1.43459161E+015   1.21263326E+014   1.00000000E-014   2.76000000E-012
       277     1.19999997E+001   7.09895337E+003  -2.84117153E-021  -2.35243600E-019  -1.19999997E+001   3.55065210E-020   0.00000000E+000   2.16840434E-019  -7.01226987E+003  -7.02176376E+003  -1.41046457E+004  -2.31253520E+002  -1.54329085E+000  -6.97531927E+000   1.85182828E-001   1.18414510E+001   0.00000000E+000   1.44047154E+015   1.20324554E+014   1.00000000E-014   2.77000000E-012
       278     1.19999997E+001   7.09860116E+003  -5.69075123E-020   9.94154257E-020  -1.19999997E+001   3.17327162E-022   2.16840434E-019   1.08420217E-018  -7.01237240E+003  -7.02190347E+003  -1.41044035E+004  -2.31360467E+002  -1.54891915E+000  -7.00026340E+000   1.85910264E-001   1.18408289E+001   0.00000000E+000   1.44700361E+015   1.19307217E+014   1.00000000E-014   2.78000000E-012
       279     1.19999997E+001   7.09823725E+003   1.29843058E-020   5.87865888E-020  -1.19999997E+001  -8.40058781E-021   2.16840434E-019  -2.16840434E-019  -7.01247812E+003  -7.02204804E+003  -1.41041532E+004  -2.31470969E+002  -1.55579309E+000  -7.02230561E+000   1.86660733E-001   1.18401862E+001   0.00000000E+000   1.45196262E+015   1.18250752E+014   1.00000000E-014   2.79000000E-012
       280     1.19999997E+001   7.09787012E+003   2.90791855E-020   8.70344965E-020  -1.19999997E+001  -7.46308198E-021  -8.67361738E-019   4.33680869E-019  -7.01258123E+003  -7.02219743E+003  -1.41039007E+004  -2.31582450E+002  -1.55748447E+000  -7.04689129E+000   1.87419160E-001   1.18395378E+001   0.00000000E+000   1.45454691E+015   1.17353217E+014   1.00000000E-014   2.80000000E-012
       281     1.19999997E+001   7.09750899E+003  -5.49030792E-020  -1.70535794E-019  -1.19999997E+001   1.17780179E-020   1.51788304E-018   8.67361738E-019  -7.01268598E+003  -7.02234107E+003  -1.41036523E+004  -2.31692113E+002  -1.56137797E+000  -7.07331506E+000   1.88165355E-001   1.18389001E+001   0.00000000E+000   1.46211440E+015   1.14852077E+014   1.00000000E-014   2.81000000E-012
       282     1.19999997E+001   7.09714445E+003  -3.23072546E-020   8.43517430E-022  -1.19999997E+001  -1.13086963E-020  -4.33680869E-019  -4.33680869E-019  -7.01279078E+003  -7.02248701E+003  -1.41034016E+004  -2.31802811E+002  -1.56607584E+000  -7.09500869E+000   1.88917177E-001   1.18382563E+001   0.00000000E+000   1.46597541E+015   1.14676116E+014   1.00000000E-014   2.82000000E-012
       283     1.19999997E+001   7.09677776E+003  -3.90932408E-020   4.44003669E-020  -1.19999997E+001  -3.01966936E-020  -2.16840434E-019   6.50521303E-019  -7.01289818E+003  -7.02263182E+003  -1.41031494E+004  -2.31914164E+002  -1.56845632E+000  -7.12105118E+000   1.89674355E-001   1.18376087E+001   0.00000000E+000   1.46882857E+015   1.13906760E+014   1.00000000E-014   2.83000000E-012
       284     1.19999997E+001   7.09641840E+003   4.12903746E-020   2.53775626E-019  -1.19999997E+001   3.33264865E-020   1.08420217E-018   2.16840434E-019  -7.01300222E+003  -7.02277498E+003  -1.41029022E+004  -2.32023295E+002  -1.57325491E+000  -7.14574557E+000   1.90416484E-001   1.18369740E+001   0.00000000E+000   1.47444177E+015   1.13018017E+014   1.00000000E-014   2.84000000E-012
       285     1.19999997E+001   7.09605077E+003  -3.50364239E-020  -2.88360331E-021  -1.19999997E+001  -2.60476590E-020  -8.67361738E-019  -2.16840434E-019  -7.01310717E+003  -7.02292291E+003  -1.41026493E+004  -2.32134942E+002  -1.57190827E+000  -7.17383775E+000   1.91176737E-001   1.18363247E+001   0.00000000E+000   1.47870442E+015   1.12847344E+014   1.00000000E-014   2.85000000E-012
       286     1.19999997E+001   7.09568266E+003  -2.96068362E-020  -2.58672044E-020  -1.19999997E+001   4.15968451E-022  -2.16840434E-019  -2.16840434E-019  -7.01321291E+003  -7.02307038E+003  -1.41023961E+004  -2.32246735E+002  -1.57873932E+000  -7.19867083E+000   1.91937051E-001   1.18356746E+001   0.00000000E+000   1.48488395E+015   1.09899620E+014   1.00000000E-014   2.86000000E-012
       287     1.19999997E+001   7.09531878E+003  -4.89006431E-020  -1.15991660E-019  -1.19999997E+001   3.08527512E-020  -2.16840434E-018   6.50521303E-019  -7.01331795E+003  -7.02321565E+003  -1.41021458E+004  -2.32357244E+002  -1.58373380E+000  -7.22382043E+000   1.92688669E-001   1.18350320E+001   0.00000000E+000   1.48966372E+015   1.09427056E+014   1.00000000E-014   2.87000000E-012
       288     1.19999997E+001   7.09495104E+003   1.82290961E-020  -9.24386225E-020  -1.19999997E+001   4.51012474E-020  -4.33680869E-019  -2.16840434E-019  -7.01342460E+003  -7.02336196E+003  -1.41018928E+004  -2.32468930E+002  -1.58758293E+000  -7.24983265E+000   1.93448338E-001   1.18343825E+001   0.00000000E+000   1.49594467E+015   1.07922578E+014   1.00000000E-014   2.88000000E-012
       289     1.19999997E+001   7.09458386E+003  -4.94046546E-020   2.38256709E-019  -1.19999997E+001  -3.97824244E-020  -8.67361738E-019   2.16840434E-019  -7.01353088E+003  -7.02350827E+003  -1.41016402E+004  -2.32580446E+002  -1.59372164E+000  -7.27499061E+000   1.94206714E-001   1.18337341E+001   0.00000000E+000   1.50149059E+015   1.07049978E+014   1.00000000E-014   2.89000000E-012
       290     1.19999997E+001   7.09420960E+003  -2.25146672E-020  -1.29908715E-021  -1.19999997E+001  -2.35962576E-020   4.33680869E-019   4.33680869E-019  -7.01363936E+003  -7.02365726E+003  -1.41013828E+004  -2.32694113E+002  -1.59769591E+000  -7.30072162E+000   1.94979634E-001   1.18330731E+001   0.00000000E+000   1.50614440E+015   1.06642368E+014   1.00000000E-014   2.90000000E-012
       291     1.19999997E+001   7.09383815E+003  -5.40236699E-020   2.55910954E-019  -1.19999997E+001   4.31232001E-020   4.33680869E-019  -2.16840434E-019  -7.01374665E+003  -7.02380549E+003  -1.41011272E+004  -2.32806930E+002  -1.60262529E+000  -7.32661234E+000   1.95747006E-001   1.18324171E+001   0.00000000E+000   1.51125851E+015   1.06281619E+014   1.00000000E-014   2.91000000E-012
       292     1.19999997E+001   7.09345992E+003   4.22888850E-020  -7.49304660E-020  -1.19999997E+001   3.03818269E-021   6.50521303E-019   4.33680869E-019  -7.01385678E+003  -7.02395557E+003  -1.41008670E+004  -2.32921809E+002  -1.60822473E+000  -7.35115225E+000   1.96527643E-001   1.18317491E+001   0.00000000E+000   1.51369499E+015   1.04620496E+014   1.00000000E-014   2.92000000E-012
       293     1.19999997E+001   7.09308614E+003   2.40650492E-020   1.08444748E-019  -1.19999997E+001   1.54203010E-020  -8.67361738E-019  -2.16840434E-019  -7.01396435E+003  -7.02410514E+003  -1.41006099E+004  -2.33035338E+002  -1.61353637E+000  -7.37631230E+000   1.97299657E-001   1.18310890E+001   0.00000000E+000   1.51848952E+015   1.04414645E+014   1.00000000E-014   2.93000000E-012
       294     1.19999997E+001   7.09270775E+003   3.12208982E-021   1.22190810E-019  -1.19999997E+001  -5.00173110E-020  -6.50521303E-019   0.00000000E+000  -7.01407350E+003  -7.02425632E+003  -1.41003496E+004  -2.33150269E+002  -1.61795298E+000  -7.40167242E+000   1.98081084E-001   1.18304207E+001   0.00000000E+000   1.52445615E+015   1.03164008E+014   1.00000000E-014   2.94000000E-012
       295     1.19999997E+001   7.09233136E+003   6.37740743E-020  -3.86776536E-020  -1.19999997E+001   6.25155190E-020  -2.16840434E-019   1.08420217E-018  -7.01418225E+003  -7.02440652E+003  -1.41000906E+004  -2.33264595E+002  -1.62175729E+000  -7.42796205E+000   1.98858687E-001   1.18297560E+001   0.00000000E+000   1.53034676E+015   1.02544195E+014   1.00000000E-014   2.95000000E-012
       296     1.19999997E+001   7.09194837E+003   1.74384698E-020   2.31370896E-019  -1.19999997E+001   4.04563698E-021  -6.50521303E-019  -4.33680869E-019  -7.01429386E+003  -7.02455840E+003  -1.40998271E+004  -2.33380928E+002  -1.62526687E+000  -7.45347766E+000   1.99649339E-001   1.18290796E+001   0.00000000E+000   1.53481082E+015   1.02548963E+014   1.00000000E-014   2.96000000E-012
       297     1.19999997E+001   7.09156940E+003   4.96268559E-020   1.45800457E-019  -1.19999997E+001   4.57052702E-020  -6.50521303E-019  -4.33680869E-019  -7.01440401E+003  -7.02470899E+003  -1.40995664E+004  -2.33496043E+002  -1.63000343E+000  -7.47936900E+000   2.00432017E-001   1.18284104E+001   0.00000000E+000   1.53998676E+015   1.02148535E+014   1.00000000E-014   2.97000000E-012
       298     1.19999997E+001   7.09118992E+003  -4.82880359E-020   8.90039618E-020  -1.19999997E+001  -8.38916237E-021  -8.67361738E-019  -8.67361738E-019  -7.01451440E+003  -7.02485969E+003  -1.40993053E+004  -2.33611313E+002  -1.63455036E+000  -7.50503389E+000   2.01215646E-001   1.18277402E+001   0.00000000E+000   1.54529163E+015   1.01651377E+014   1.00000000E-014   2.98000000E-012
       299     1.19999997E+001   7.09080618E+003   5.33212514E-020  -1.35833887E-019  -1.19999997E+001   4.39368615E-020  -2.16840434E-019   0.00000000E+000  -7.01462583E+003  -7.02501229E+003  -1.40990413E+004  -2.33727878E+002  -1.63922023E+000  -7.53038131E+000   2.02007926E-001   1.18270625E+001   0.00000000E+000   1.55110640E+015   1.01018649E+014   1.00000000E-014   2.99000000E-012
       300     1.19999997E+001   7.09041971E+003   7.49472681E-020   7.61939844E-020  -1.19999997E+001   4.99167311E-021   6.50521303E-019  -2.16840434E-019  -7.01473763E+003  -7.02516640E+003  -1.40987754E+004  -2.33845277E+002  -1.64388400E+000  -7.55622268E+000   2.02806061E-001   1.18263800E+001   0.00000000E+000   1.55709275E+015   1.00184581E+014   1.00000000E-014   3.00000000E-012
       301     1.19999997E+001   7.09003290E+003  -8.09922523E-020   2.14161196E-020  -1.19999997E+001   7.18432728E-020  -6.50521303E-019   1.30104261E-018  -7.01484883E+003  -7.02532136E+003  -1.40985092E+004  -2.33962785E+002  -1.64916553E+000  -7.58204356E+000   2.03605085E-001   1.18256968E+001   0.00000000E+000   1.56232296E+015   9.94583193E+013   1.00000000E-014   3.01000000E-012
       302     1.19999997E+001   7.08964184E+003   1.40988800E-020  -1.14959804E-019  -1.19999997E+001   2.15166479E-020  -4.33680869E-019   2.16840434E-019  -7.01496274E+003  -7.02547652E+003  -1.40982401E+004  -2.34081581E+002  -1.65476939E+000  -7.60586595E+000   2.04411827E-001   1.18250062E+001   0.00000000E+000   1.56624036E+015   9.92393261E+013   1.00000000E-014   3.02000000E-012
       303     1.19999997E+001   7.08925168E+003   7.37583511E-020  -1.99857693E-020  -1.19999997E+001  -6.83113926E-020   0.00000000E+000   0.00000000E+000  -7.01507573E+003  -7.02563199E+003  -1.40979717E+004  -2.34200107E+002  -1.65938704E+000  -7.63319495E+000   2.05218000E-001   1.18243172E+001   0.00000000E+000   1.57076886E+015   9.86180949E+013   1.00000000E-014   3.03000000E-012
       304     1.19999997E+001   7.08885486E+003  -3.39944090E-020  -3.16072433E-020  -1.19999997E+001   4.07815422E-020   0.00000000E+000   1.30104261E-018  -7.01519240E+003  -7.02578838E+003  -1.40976986E+004  -2.34320658E+002  -1.66326096E+000  -7.66060045E+000   2.06037444E-001   1.18236164E+001   0.00000000E+000   1.57164146E+015   9.92345215E+013   1.00000000E-014   3.04000000E-012
       305     1.19999997E+001   7.08845865E+003  -2.00387735E-020  -2.16943625E-021  -1.19999997E+001  -2.18552492E-020   0.00000000E+000   4.33680869E-019  -7.01530808E+003  -7.02594534E+003  -1.40974260E+004  -2.34441030E+002  -1.66805238E+000  -7.68817933E+000   2.06855933E-001   1.18229167E+001   0.00000000E+000   1.57531510E+015   9.86254745E+013   1.00000000E-014   3.05000000E-012
       306     1.19999997E+001   7.08806354E+003   4.24223972E-020   4.99469748E-021  -1.19999997E+001  -1.01378692E-020   1.51788304E-018  -2.16840434E-019  -7.01542367E+003  -7.02610164E+003  -1.40971541E+004  -2.34561066E+002  -1.67301326E+000  -7.71520776E+000   2.07671944E-001   1.18222189E+001   0.00000000E+000   1.57808070E+015   9.82947025E+013   1.00000000E-014   3.06000000E-012
       307     1.19999997E+001   7.08767025E+003   2.84789238E-020  -7.01361272E-021  -1.19999997E+001  -1.20588845E-020  -2.16840434E-019   6.50521303E-019  -7.01553885E+003  -7.02625710E+003  -1.40968834E+004  -2.34680552E+002  -1.67675856E+000  -7.74203282E+000   2.08484127E-001   1.18215244E+001   0.00000000E+000   1.58213830E+015   9.78997818E+013   1.00000000E-014   3.07000000E-012
       308     1.19999997E+001   7.08727499E+003   4.53410910E-020  -1.86342311E-019  -1.19999997E+001  -6.76821602E-020   0.00000000E+000   0.00000000E+000  -7.01565356E+003  -7.02641440E+003  -1.40966114E+004  -2.34800642E+002  -1.68025607E+000  -7.76920162E+000   2.09300686E-001   1.18208263E+001   0.00000000E+000   1.58811111E+015   9.64171452E+013   1.00000000E-014   3.08000000E-012
       309     1.19999997E+001   7.08687697E+003  -2.45832391E-020   9.36060086E-020  -1.19999997E+001  -1.53463459E-020  -2.16840434E-019  -8.67361738E-019  -7.01576956E+003  -7.02657230E+003  -1.40963375E+004  -2.34921570E+002  -1.68455880E+000  -7.79529912E+000   2.10122462E-001   1.18201234E+001   0.00000000E+000   1.59342257E+015   9.62401677E+013   1.00000000E-014   3.09000000E-012
       310     1.19999997E+001   7.08647667E+003  -3.64441302E-020  -2.72359556E-020  -1.19999997E+001  -6.56913594E-020  -4.33680869E-019  -2.16840434E-019  -7.01588477E+003  -7.02673258E+003  -1.40960620E+004  -2.35043196E+002  -1.68741491E+000  -7.82421280E+000   2.10950097E-001   1.18194165E+001   0.00000000E+000   1.59844888E+015   9.60601034E+013   1.00000000E-014   3.10000000E-012
       311     1.19999997E+001   7.08607540E+003   2.53898953E-020  -1.09010514E-020  -1.19999997E+001   5.33406643E-020  -4.33680869E-019   2.16840434E-019  -7.01600256E+003  -7.02689094E+003  -1.40957859E+004  -2.35165119E+002  -1.69030294E+000  -7.85057884E+000   2.11778430E-001   1.18187078E+001   0.00000000E+000   1.60114895E+015   9.64966063E+013   1.00000000E-014   3.11000000E-012
       312     1.19999997E+001   7.08567560E+003   8.80606722E-020   1.41467815E-019  -1.19999997E+001   6.43186822E-020  -6.50521303E-019   0.00000000E+000  -7.01611922E+003  -7.02704943E+003  -1.40955107E+004  -2.35286596E+002  -1.69420169E+000  -7.87838882E+000   2.12604420E-001   1.18180018E+001   0.00000000E+000   1.60724414E+015   9.48061161E+013   1.00000000E-014   3.12000000E-012
       313     1.19999997E+001   7.08526891E+003  -2.35423357E-020   9.96983732E-020  -1.19999997E+001  -3.22821063E-020  -4.33680869E-019   1.51788304E-018  -7.01623774E+003  -7.02721080E+003  -1.40952308E+004  -2.35410167E+002  -1.69655942E+000  -7.90573477E+000   2.13444319E-001   1.18172836E+001   0.00000000E+000   1.61381037E+015   9.37602429E+013   1.00000000E-014   3.13000000E-012
       314     1.19999997E+001   7.08486689E+003  -3.46485279E-020   6.64219279E-020  -1.19999997E+001  -4.25947609E-020   6.50521303E-019   4.33680869E-019  -7.01635386E+003  -7.02737137E+003  -1.40949542E+004  -2.35532326E+002  -1.69991756E+000  -7.93346996E+000   2.14275094E-001   1.18165736E+001   0.00000000E+000   1.61782125E+015   9.33042876E+013   1.00000000E-014   3.14000000E-012
       315     1.19999997E+001   7.08446195E+003  -4.95716546E-020   1.38908983E-019  -1.19999997E+001   5.78180120E-020  -1.30104261E-018   6.50521303E-019  -7.01647251E+003  -7.02753143E+003  -1.40946754E+004  -2.35655373E+002  -1.70273637E+000  -7.96117384E+000   2.15111471E-001   1.18158585E+001   0.00000000E+000   1.62292227E+015   9.29835772E+013   1.00000000E-014   3.15000000E-012
       316     1.19999997E+001   7.08404488E+003   2.96448736E-020   1.69725002E-019  -1.19999997E+001  -1.43738529E-020   2.16840434E-019   6.50521303E-019  -7.01659346E+003  -7.02769754E+003  -1.40943884E+004  -2.35782107E+002  -1.70773633E+000  -7.98862635E+000   2.15972884E-001   1.18151219E+001   0.00000000E+000   1.62715625E+015   9.27094938E+013   1.00000000E-014   3.16000000E-012
       317     1.19999997E+001   7.08361884E+003  -1.61978895E-020  -3.37277066E-019  -1.19999997E+001  -2.23804168E-020   2.16840434E-019   4.33680869E-019  -7.01671818E+003  -7.02786605E+003  -1.40940952E+004  -2.35911570E+002  -1.71205205E+000  -8.01766413E+000   2.16852904E-001   1.18143695E+001   0.00000000E+000   1.63342421E+015   9.21591846E+013   1.00000000E-014   3.17000000E-012
       318     1.19999997E+001   7.08319799E+003  -7.67122130E-021   8.07359071E-020  -1.19999997E+001  -2.92417006E-020  -2.38524478E-018   8.67361738E-019  -7.01684129E+003  -7.02803262E+003  -1.40938055E+004  -2.36039462E+002  -1.71243000E+000  -8.04717278E+000   2.17722405E-001   1.18136263E+001   0.00000000E+000   1.63591690E+015   9.22694390E+013   1.00000000E-014   3.18000000E-012
       319     1.19999997E+001   7.08277304E+003  -8.02763533E-020  -2.29497254E-020  -1.19999997E+001  -4.57031764E-020   0.00000000E+000   0.00000000E+000  -7.01696718E+003  -7.02819923E+003  -1.40935130E+004  -2.36168596E+002  -1.71763741E+000  -8.07299779E+000   2.18598908E-001   1.18128759E+001   0.00000000E+000   1.63781264E+015   9.41361262E+013   1.00000000E-014   3.19000000E-012
       320     1.19999997E+001   7.08234945E+003   4.91695808E-020  -3.18475910E-020  -1.19999997E+001  -1.84791268E-020   6.50521303E-019   2.16840434E-019  -7.01709282E+003  -7.02836514E+003  -1.40932214E+004  -2.36297319E+002  -1.72275487E+000  -8.09864626E+000   2.19472549E-001   1.18121278E+001   0.00000000E+000   1.64091910E+015   9.54579161E+013   1.00000000E-014   3.20000000E-012
       321     1.19999997E+001   7.08193382E+003  -1.81697249E-020   2.11541115E-019  -1.19999997E+001   5.51082587E-020  -4.33680869E-019   4.33680869E-019  -7.01721522E+003  -7.02852883E+003  -1.40929353E+004  -2.36423626E+002  -1.72612090E+000  -8.12507847E+000   2.20330341E-001   1.18113938E+001   0.00000000E+000   1.64590546E+015   9.54928397E+013   1.00000000E-014   3.21000000E-012
       322     1.19999997E+001   7.08152003E+003  -1.75457997E-020   1.08718132E-019  -1.19999997E+001   3.63786796E-020   0.00000000E+000   6.50521303E-019  -7.01733718E+003  -7.02869171E+003  -1.40926505E+004  -2.36549382E+002  -1.73039464E+000  -8.15252968E+000   2.21184759E-001   1.18106631E+001   0.00000000E+000   1.64886069E+015   9.52693564E+013   1.00000000E-014   3.22000000E-012
       323     1.19999997E+001   7.08109924E+003   2.90512810E-020   1.30301660E-019  -1.19999997E+001   2.55726635E-020  -6.50521303E-019  -8.67361738E-019  -7.01745711E+003  -7.02886146E+003  -1.40923608E+004  -2.36677273E+002  -1.73351075E+000  -8.18518703E+000   2.22056014E-001   1.18099200E+001   0.00000000E+000   1.64800834E+015   9.57281151E+013   1.00000000E-014   3.23000000E-012
       324     1.19999997E+001   7.08066125E+003   1.55230782E-021   1.28079367E-019  -1.19999997E+001   5.06939706E-020   2.16840434E-019   8.67361738E-019  -7.01758565E+003  -7.02903442E+003  -1.40920593E+004  -2.36810384E+002  -1.73683566E+000  -8.21335219E+000   2.22960196E-001   1.18091465E+001   0.00000000E+000   1.64290073E+015   9.61515025E+013   1.00000000E-014   3.24000000E-012
       325     1.19999997E+001   7.08024832E+003  -5.69253290E-020  -6.05434105E-020  -1.19999997E+001  -1.70544100E-020  -2.16840434E-019   0.00000000E+000  -7.01770660E+003  -7.02919773E+003  -1.40917751E+004  -2.36935884E+002  -1.73934746E+000  -8.23842423E+000   2.23812233E-001   1.18084173E+001   0.00000000E+000   1.64490110E+015   9.74587294E+013   1.00000000E-014   3.25000000E-012
       326     1.19999997E+001   7.07983133E+003  -7.95076699E-020  -8.39432579E-020  -1.19999997E+001   1.27526177E-020   6.50521303E-019  -6.50521303E-019  -7.01782758E+003  -7.02936382E+003  -1.40914880E+004  -2.37062623E+002  -1.74165645E+000  -8.26924652E+000   2.24674686E-001   1.18076809E+001   0.00000000E+000   1.65149025E+015   9.59443733E+013   1.00000000E-014   3.26000000E-012
       327     1.19999997E+001   7.07942160E+003  -6.39086204E-020  -2.91847932E-020  -1.19999997E+001  -8.85703641E-021   2.16840434E-019   2.16840434E-019  -7.01794857E+003  -7.02952490E+003  -1.40912059E+004  -2.37187159E+002  -1.74434230E+000  -8.29738634E+000   2.25521035E-001   1.18069573E+001   0.00000000E+000   1.65410851E+015   9.56537717E+013   1.00000000E-014   3.27000000E-012
       328     1.19999997E+001   7.07900256E+003  -2.68564865E-020  -1.79720498E-020  -1.19999997E+001   4.45708566E-020   1.30104261E-018   6.50521303E-019  -7.01806817E+003  -7.02969380E+003  -1.40909174E+004  -2.37314527E+002  -1.74869046E+000  -8.32820091E+000   2.26388189E-001   1.18062173E+001   0.00000000E+000   1.65643530E+015   9.57108901E+013   1.00000000E-014   3.28000000E-012
       329     1.19999997E+001   7.07857708E+003   6.46098950E-020  -2.09495639E-020  -1.19999997E+001   4.22350407E-020  -6.50521303E-019   0.00000000E+000  -7.01819539E+003  -7.02985950E+003  -1.40906245E+004  -2.37443851E+002  -1.75482522E+000  -8.35431025E+000   2.27265858E-001   1.18054659E+001   0.00000000E+000   1.65601301E+015   9.60368016E+013   1.00000000E-014   3.29000000E-012
       330     1.19999997E+001   7.07815976E+003  -7.21814863E-020   4.82750360E-022  -1.19999997E+001   3.33715678E-023   8.67361738E-019   2.16840434E-019  -7.01831995E+003  -7.03002226E+003  -1.40903372E+004  -2.37570700E+002  -1.75971379E+000  -8.38382818E+000   2.28128007E-001   1.18047289E+001   0.00000000E+000   1.65883062E+015   9.61760488E+013   1.00000000E-014   3.30000000E-012
       331     1.19999997E+001   7.07774587E+003   4.88504435E-020   6.24618298E-020  -1.19999997E+001   1.84709819E-020   0.00000000E+000  -4.33680869E-019  -7.01844187E+003  -7.03018530E+003  -1.40900522E+004  -2.37696511E+002  -1.76246433E+000  -8.41222997E+000   2.28983081E-001   1.18039980E+001   0.00000000E+000   1.66379732E+015   9.57632559E+013   1.00000000E-014   3.31000000E-012
       332     1.19999997E+001   7.07731798E+003  -1.08276133E-020   1.53014842E-019  -1.19999997E+001   1.04049014E-020   2.16840434E-019   0.00000000E+000  -7.01856683E+003  -7.03035495E+003  -1.40897576E+004  -2.37826580E+002  -1.76719765E+000  -8.44268695E+000   2.29867727E-001   1.18032424E+001   0.00000000E+000   1.66616471E+015   9.61098271E+013   1.00000000E-014   3.32000000E-012
       333     1.19999997E+001   7.07689067E+003  -4.95556150E-020  -2.39510999E-019  -1.19999997E+001  -1.72751501E-021   4.33680869E-019  -1.08420217E-018  -7.01869378E+003  -7.03052222E+003  -1.40894634E+004  -2.37956474E+002  -1.76902772E+000  -8.47308647E+000   2.30750654E-001   1.18024878E+001   0.00000000E+000   1.66537585E+015   9.68075922E+013   1.00000000E-014   3.33000000E-012
       334     1.19999997E+001   7.07647667E+003   3.41085858E-020   1.30574079E-020  -1.19999997E+001  -3.65381315E-020  -2.16840434E-019  -2.16840434E-019  -7.01881622E+003  -7.03068482E+003  -1.40891784E+004  -2.38082326E+002  -1.77113946E+000  -8.50292052E+000   2.31606346E-001   1.18017567E+001   0.00000000E+000   1.66519961E+015   9.58884465E+013   1.00000000E-014   3.34000000E-012
       335     1.19999997E+001   7.07605977E+003  -1.36316392E-020   1.01388449E-020  -1.19999997E+001   4.07942989E-020   4.33680869E-019   1.08420217E-018  -7.01893907E+003  -7.03084904E+003  -1.40888913E+004  -2.38209063E+002  -1.77345462E+000  -8.53178945E+000   2.32467780E-001   1.18010205E+001   0.00000000E+000   1.66987385E+015   9.55324766E+013   1.00000000E-014   3.35000000E-012
       336     1.19999997E+001   7.07563774E+003   1.00470443E-019   8.35099316E-020  -1.19999997E+001  -5.59065527E-021   0.00000000E+000   6.50521303E-019  -7.01906248E+003  -7.03101622E+003  -1.40886007E+004  -2.38337361E+002  -1.77577473E+000  -8.56116592E+000   2.33340072E-001   1.18002752E+001   0.00000000E+000   1.67503386E+015   9.47684816E+013   1.00000000E-014   3.36000000E-012
       337     1.19999997E+001   7.07521942E+003  -3.23440286E-020  -1.06826095E-019  -1.19999997E+001  -5.25646008E-020  -2.16840434E-018   6.50521303E-019  -7.01918603E+003  -7.03118072E+003  -1.40883126E+004  -2.38464531E+002  -1.77779357E+000  -8.58980330E+000   2.34204278E-001   1.17995365E+001   0.00000000E+000   1.67933139E+015   9.41152639E+013   1.00000000E-014   3.37000000E-012
       338     1.19999997E+001   7.07478818E+003   2.86464408E-020  -1.70446098E-020  -1.19999997E+001   2.31523976E-020   4.33680869E-019  -4.33680869E-019  -7.01931498E+003  -7.03134871E+003  -1.40880157E+004  -2.38595629E+002  -1.78301829E+000  -8.61657411E+000   2.35094074E-001   1.17987749E+001   0.00000000E+000   1.67877542E+015   9.68305386E+013   1.00000000E-014   3.38000000E-012
       339     1.19999997E+001   7.07437037E+003  -6.56696362E-020   3.94403852E-020  -1.19999997E+001   2.57615062E-020   0.00000000E+000  -6.50521303E-019  -7.01943916E+003  -7.03151224E+003  -1.40877280E+004  -2.38722652E+002  -1.78569413E+000  -8.64400372E+000   2.35956770E-001   1.17980371E+001   0.00000000E+000   1.68745946E+015   9.27982677E+013   1.00000000E-014   3.39000000E-012
       340     1.19999997E+001   7.07394494E+003   2.95240923E-020   1.82934999E-019  -1.19999997E+001   6.74869520E-020  -4.33680869E-019   0.00000000E+000  -7.01956507E+003  -7.03167929E+003  -1.40874350E+004  -2.38851992E+002  -1.78762350E+000  -8.67279533E+000   2.36835570E-001   1.17972858E+001   0.00000000E+000   1.69069121E+015   9.21467980E+013   1.00000000E-014   3.40000000E-012
       341     1.19999997E+001   7.07351974E+003   8.88538350E-021   2.48218032E-020  -1.19999997E+001   6.04315408E-020  -2.16840434E-019  -2.16840434E-019  -7.01969082E+003  -7.03184635E+003  -1.40871422E+004  -2.38981266E+002  -1.79003100E+000  -8.70016466E+000   2.37713498E-001   1.17965349E+001   0.00000000E+000   1.69576975E+015   9.17121487E+013   1.00000000E-014   3.41000000E-012
       342     1.19999997E+001   7.07309966E+003   6.69044359E-021  -1.59887867E-019  -1.19999997E+001  -2.94864039E-021  -1.73472348E-018  -4.33680869E-019  -7.01981499E+003  -7.03201145E+003  -1.40868529E+004  -2.39108985E+002  -1.79269144E+000  -8.72919351E+000   2.38581526E-001   1.17957931E+001   0.00000000E+000   1.69858345E+015   9.12268018E+013   1.00000000E-014   3.42000000E-012
       343     1.19999997E+001   7.07266594E+003  -2.42800774E-021   1.73201255E-019  -1.19999997E+001   4.50778279E-020  -1.51788304E-018   0.00000000E+000  -7.01994395E+003  -7.03218118E+003  -1.40865543E+004  -2.39240854E+002  -1.79536637E+000  -8.75680038E+000   2.39476847E-001   1.17950272E+001   0.00000000E+000   1.70061060E+015   9.03154372E+013   1.00000000E-014   3.43000000E-012
       344     1.19999997E+001   7.07223779E+003  -4.74544599E-020  -8.68316821E-020  -1.19999997E+001   3.19041494E-020  -4.33680869E-019  -1.51788304E-018  -7.02007055E+003  -7.03234944E+003  -1.40862594E+004  -2.39371033E+002  -1.79741068E+000  -8.78491305E+000   2.40361102E-001   1.17942711E+001   0.00000000E+000   1.70539714E+015   8.97641095E+013   1.00000000E-014   3.44000000E-012
       345     1.19999997E+001   7.07180130E+003  -2.76213410E-020  -3.46204296E-020  -1.19999997E+001  -3.78393771E-020  -2.16840434E-019   4.33680869E-019  -7.02020150E+003  -7.03251910E+003  -1.40859588E+004  -2.39503748E+002  -1.79779354E+000  -8.81387049E+000   2.41262251E-001   1.17935003E+001   0.00000000E+000   1.70878725E+015   8.89485682E+013   1.00000000E-014   3.45000000E-012
       346     1.19999997E+001   7.07137680E+003   4.61536797E-020  -1.57776947E-020  -1.19999997E+001  -2.01969071E-020  -6.50521303E-019  -4.33680869E-019  -7.02032747E+003  -7.03268548E+003  -1.40856664E+004  -2.39632823E+002  -1.79985204E+000  -8.84173734E+000   2.42138915E-001   1.17927507E+001   0.00000000E+000   1.71310913E+015   8.84025831E+013   1.00000000E-014   3.46000000E-012
       347     1.19999997E+001   7.07094325E+003  -7.52828708E-021   1.73504106E-019  -1.19999997E+001  -7.83675436E-020  -6.50521303E-019   4.33680869E-019  -7.02045556E+003  -7.03285599E+003  -1.40853678E+004  -2.39764652E+002  -1.80140351E+000  -8.87055350E+000   2.43034504E-001   1.17919851E+001   0.00000000E+000   1.71891219E+015   8.74627334E+013   1.00000000E-014   3.47000000E-012
       348     1.19999997E+001   7.07050817E+003   3.39347744E-020  -1.71783364E-019  -1.19999997E+001  -4.10950825E-020   0.00000000E+000  -8.67361738E-019  -7.02058485E+003  -7.03302636E+003  -1.40850682E+004  -2.39896950E+002  -1.80176081E+000  -8.89977539E+000   2.43933185E-001   1.17912168E+001   0.00000000E+000   1.72182145E+015   8.71750673E+013   1.00000000E-014   3.48000000E-012
       349     1.19999997E+001   7.07006132E+003   1.66237454E-020  -1.64313535E-019  -1.19999997E+001  -4.35520415E-020   4.33680869E-019  -6.50521303E-019  -7.02071623E+003  -7.03320275E+003  -1.40847604E+004  -2.40032832E+002  -1.79931362E+000  -8.92992688E+000   2.44856471E-001   1.17904277E+001   0.00000000E+000   1.72608830E+015   8.72090922E+013   1.00000000E-014   3.49000000E-012
       350     1.19999997E+001   7.06962482E+003  -9.58219593E-021   1.53130001E-019  -1.19999997E+001  -6.67498048E-020  -2.16840434E-019  -6.50521303E-019  -7.02084467E+003  -7.03337497E+003  -1.40844598E+004  -2.40165571E+002  -1.80107105E+000  -8.96093201E+000   2.45758991E-001   1.17896569E+001   0.00000000E+000   1.73028335E+015   8.63461589E+013   1.00000000E-014   3.50000000E-012
       351     1.19999997E+001   7.06918859E+003  -2.91160855E-020  -9.55756145E-020  -1.19999997E+001   7.37489677E-021   1.30104261E-018  -2.16840434E-019  -7.02097317E+003  -7.03354694E+003  -1.40841593E+004  -2.40298228E+002  -1.80305381E+000  -8.99127713E+000   2.46660726E-001   1.17888865E+001   0.00000000E+000   1.73325406E+015   8.69178253E+013   1.00000000E-014   3.51000000E-012
       352     1.19999997E+001   7.06875016E+003  -5.19754027E-020   1.82912562E-019  -1.19999997E+001   8.60170902E-021   0.00000000E+000  -1.73472348E-018  -7.02110321E+003  -7.03371889E+003  -1.40838573E+004  -2.40431558E+002  -1.80474048E+000  -9.02193156E+000   2.47566904E-001   1.17881123E+001   0.00000000E+000   1.73835615E+015   8.62646914E+013   1.00000000E-014   3.52000000E-012
       353     1.19999997E+001   7.06831419E+003  -4.52201805E-020  -1.04877235E-019  -1.19999997E+001   4.07242083E-020   4.33680869E-019   6.50521303E-019  -7.02123247E+003  -7.03388994E+003  -1.40835570E+004  -2.40564142E+002  -1.80671360E+000  -9.05158237E+000   2.48467767E-001   1.17873424E+001   0.00000000E+000   1.74347246E+015   8.55172724E+013   1.00000000E-014   3.53000000E-012
       354     1.19999997E+001   7.06786915E+003   5.09058323E-020  -2.73917041E-019  -1.19999997E+001  -4.04276091E-020  -6.50521303E-019   6.50521303E-019  -7.02136495E+003  -7.03406403E+003  -1.40832504E+004  -2.40699490E+002  -1.80768577E+000  -9.08257141E+000   2.49387501E-001   1.17865565E+001   0.00000000E+000   1.74895258E+015   8.43192184E+013   1.00000000E-014   3.54000000E-012
       355     1.19999997E+001   7.06742655E+003  -7.05523153E-020  -3.52140884E-020  -1.19999997E+001   5.32569898E-021  -4.33680869E-019   6.50521303E-019  -7.02149521E+003  -7.03423865E+003  -1.40829455E+004  -2.40834097E+002  -1.80840681E+000  -9.11346475E+000   2.50302524E-001   1.17857750E+001   0.00000000E+000   1.75272305E+015   8.37738330E+013   1.00000000E-014   3.55000000E-012
       356     1.19999997E+001   7.06697473E+003  -2.10325292E-020   1.30022802E-019  -1.19999997E+001  -3.29230808E-020  -2.16840434E-019   0.00000000E+000  -7.02162893E+003  -7.03441619E+003  -1.40826343E+004  -2.40971511E+002  -1.80739851E+000  -9.14608516E+000   2.51236786E-001   1.17849771E+001   0.00000000E+000   1.75539456E+015   8.30826970E+013   1.00000000E-014   3.56000000E-012
       357     1.19999997E+001   7.06652114E+003   7.90632800E-020  -1.01237369E-019  -1.19999997E+001   1.79729545E-020   0.00000000E+000   0.00000000E+000  -7.02176294E+003  -7.03459466E+003  -1.40823218E+004  -2.41109468E+002  -1.81002446E+000  -9.17750833E+000   2.52174457E-001   1.17841761E+001   0.00000000E+000   1.75884049E+015   8.25119111E+013   1.00000000E-014   3.57000000E-012
       358     1.19999997E+001   7.06606924E+003   3.43845539E-020   2.35506204E-020  -1.19999997E+001  -2.31737751E-020  -2.16840434E-019   6.50521303E-019  -7.02189580E+003  -7.03477311E+003  -1.40820105E+004  -2.41246912E+002  -1.81041741E+000  -9.20824888E+000   2.53108538E-001   1.17833781E+001   0.00000000E+000   1.76301871E+015   8.22298507E+013   1.00000000E-014   3.58000000E-012
       359     1.19999997E+001   7.06561204E+003   4.79183144E-020   3.32637242E-020  -1.19999997E+001   6.50147127E-020   4.33680869E-019  -8.67361738E-019  -7.02203031E+003  -7.03495359E+003  -1.40816955E+004  -2.41385974E+002  -1.81232852E+000  -9.24172484E+000   2.54054395E-001   1.17825708E+001   0.00000000E+000   1.76314646E+015   8.19314611E+013   1.00000000E-014   3.59000000E-012
       360     1.19999997E+001   7.06515524E+003   3.44084129E-020  -9.73647480E-020  -1.19999997E+001   2.37314499E-020   0.00000000E+000  -1.08420217E-018  -7.02216339E+003  -7.03513524E+003  -1.40813808E+004  -2.41524919E+002  -1.81266651E+000  -9.27680747E+000   2.55000210E-001   1.17817641E+001   0.00000000E+000   1.76515703E+015   8.13275833E+013   1.00000000E-014   3.60000000E-012
       361     1.19999997E+001   7.06468525E+003  -2.96031527E-020   3.05134197E-020  -1.19999997E+001   6.29081971E-020  -8.67361738E-019   2.16840434E-019  -7.02230072E+003  -7.03532173E+003  -1.40810570E+004  -2.41667876E+002  -1.81291451E+000  -9.31075765E+000   2.55972575E-001   1.17809342E+001   0.00000000E+000   1.76773950E+015   8.06636262E+013   1.00000000E-014   3.61000000E-012
       362     1.19999997E+001   7.06421336E+003   3.85734353E-021   7.29735117E-020  -1.19999997E+001  -1.04504472E-020  -4.33680869E-019   2.16840434E-019  -7.02243875E+003  -7.03550883E+003  -1.40807319E+004  -2.41811416E+002  -1.81232751E+000  -9.34489008E+000   2.56948862E-001   1.17801009E+001   0.00000000E+000   1.76327404E+015   7.96710873E+013   1.00000000E-014   3.62000000E-012
       363     1.19999997E+001   7.06375932E+003   2.88950473E-020  -7.92226803E-020  -1.19999997E+001   9.53625509E-021  -6.50521303E-019   2.16840434E-019  -7.02257484E+003  -7.03568555E+003  -1.40804191E+004  -2.41949521E+002  -1.81377351E+000  -9.37227131E+000   2.57885825E-001   1.17792991E+001   0.00000000E+000   1.76270553E+015   8.10322504E+013   1.00000000E-014   3.63000000E-012
       364     1.19999997E+001   7.06330095E+003   4.63430135E-020  -1.91052045E-019  -1.19999997E+001   2.49537579E-020  -2.16840434E-019   4.33680869E-019  -7.02270998E+003  -7.03586625E+003  -1.40801032E+004  -2.42088954E+002  -1.81532569E+000  -9.40420223E+000   2.58833634E-001   1.17784897E+001   0.00000000E+000   1.76442719E+015   7.84659048E+013   1.00000000E-014   3.64000000E-012
       365     1.19999997E+001   7.06285054E+003  -9.59304492E-020  -1.07766951E-019  -1.19999997E+001   3.35027535E-021   0.00000000E+000  -1.30104261E-018  -7.02284795E+003  -7.03603860E+003  -1.40797929E+004  -2.42225960E+002  -1.81491329E+000  -9.43196826E+000   2.59762689E-001   1.17776943E+001   0.00000000E+000   1.76566110E+015   7.83634031E+013   1.00000000E-014   3.65000000E-012
       366     1.19999997E+001   7.06239674E+003  -4.26215053E-020  -1.83156399E-020  -1.19999997E+001  -3.18953606E-020   8.67361738E-019  -4.33680869E-019  -7.02298079E+003  -7.03621843E+003  -1.40794803E+004  -2.42364007E+002  -1.81418113E+000  -9.45968633E+000   2.60699964E-001   1.17768930E+001   0.00000000E+000   1.76816705E+015   7.84430342E+013   1.00000000E-014   3.66000000E-012
       367     1.19999997E+001   7.06194743E+003   4.60530221E-021   1.46938425E-019  -1.19999997E+001  -1.13988590E-020   1.08420217E-018  -6.50521303E-019  -7.02311420E+003  -7.03639461E+003  -1.40791707E+004  -2.42500686E+002  -1.81575601E+000  -9.48522470E+000   2.61627027E-001   1.17760996E+001   0.00000000E+000   1.77042690E+015   7.80884443E+013   1.00000000E-014   3.67000000E-012
       368     1.19999997E+001   7.06148230E+003  -9.34851385E-020   2.07208743E-021  -1.19999997E+001  -5.89841234E-020   6.50521303E-019   1.08420217E-018  -7.02325158E+003  -7.03657774E+003  -1.40788502E+004  -2.42642184E+002  -1.81586563E+000  -9.51697005E+000   2.62588593E-001   1.17752782E+001   0.00000000E+000   1.76393728E+015   7.76869101E+013   1.00000000E-014   3.68000000E-012
       369     1.19999997E+001   7.06104015E+003  -4.34491157E-020   9.54823370E-020  -1.19999997E+001   3.75519157E-020  -6.50521303E-019  -8.67361738E-019  -7.02338531E+003  -7.03674866E+003  -1.40785455E+004  -2.42776685E+002  -1.81771954E+000  -9.53888696E+000   2.63499382E-001   1.17744975E+001   0.00000000E+000   1.76848511E+015   7.62604216E+013   1.00000000E-014   3.69000000E-012
       370     1.19999997E+001   7.06058908E+003  -3.35888320E-020   9.09457683E-020  -1.19999997E+001   4.80688613E-020  -6.50521303E-019   1.08420217E-018  -7.02352224E+003  -7.03692256E+003  -1.40782347E+004  -2.42913911E+002  -1.81940890E+000  -9.56748013E+000   2.64430506E-001   1.17737009E+001   0.00000000E+000   1.76557584E+015   7.63925478E+013   1.00000000E-014   3.70000000E-012
       371     1.19999997E+001   7.06013792E+003   4.87019905E-020  -3.44830918E-020  -1.19999997E+001  -5.73063232E-020   1.30104261E-018   2.16840434E-019  -7.02365963E+003  -7.03709606E+003  -1.40779238E+004  -2.43051165E+002  -1.82072952E+000  -9.59512339E+000   2.65361420E-001   1.17729043E+001   0.00000000E+000   1.76725245E+015   7.59780097E+013   1.00000000E-014   3.71000000E-012
       372     1.19999997E+001   7.05969958E+003  -7.10093197E-021   1.37057313E-019  -1.19999997E+001  -1.90369350E-020   1.08420217E-018  -8.67361738E-019  -7.02379108E+003  -7.03726667E+003  -1.40776218E+004  -2.43184521E+002  -1.82156159E+000  -9.61986404E+000   2.66265625E-001   1.17721302E+001   0.00000000E+000   1.76917234E+015   7.55474135E+013   1.00000000E-014   3.72000000E-012
       373     1.19999997E+001   7.05926308E+003  -6.29068303E-020  -7.73406376E-020  -1.19999997E+001  -1.70928000E-020   2.16840434E-019   2.16840434E-019  -7.02392296E+003  -7.03743557E+003  -1.40773210E+004  -2.43317316E+002  -1.82299029E+000  -9.64231074E+000   2.67165156E-001   1.17713595E+001   0.00000000E+000   1.76966344E+015   7.70182836E+013   1.00000000E-014   3.73000000E-012
       374     1.19999997E+001   7.05881953E+003  -1.76752923E-020   5.65002615E-020  -1.19999997E+001   1.54328056E-020   6.50521303E-019  -4.33680869E-019  -7.02405632E+003  -7.03760788E+003  -1.40770153E+004  -2.43452263E+002  -1.82460057E+000  -9.66689408E+000   2.68079963E-001   1.17705762E+001   0.00000000E+000   1.77384708E+015   7.51192277E+013   1.00000000E-014   3.74000000E-012
       375     1.19999997E+001   7.05837623E+003   7.23352902E-020   1.17141131E-019  -1.19999997E+001   1.79388721E-020  -6.50521303E-019  -2.16840434E-019  -7.02418982E+003  -7.03777986E+003  -1.40767098E+004  -2.43587135E+002  -1.82595940E+000  -9.69170651E+000   2.68994293E-001   1.17697934E+001   0.00000000E+000   1.77485381E+015   7.48395881E+013   1.00000000E-014   3.75000000E-012
       376     1.19999997E+001   7.05793203E+003   1.84425992E-020  -3.64859804E-020  -1.19999997E+001  -1.61508695E-020  -2.16840434E-019   2.16840434E-019  -7.02432532E+003  -7.03795047E+003  -1.40764037E+004  -2.43722277E+002  -1.82724749E+000  -9.71137626E+000   2.69908471E-001   1.17690091E+001   0.00000000E+000   1.77586347E+015   7.57733204E+013   1.00000000E-014   3.76000000E-012
       377     1.19999997E+001   7.05748387E+003   3.49446327E-020  -4.10471189E-020  -1.19999997E+001   5.38915585E-020   6.50521303E-019  -6.50521303E-019  -7.02445981E+003  -7.03812485E+003  -1.40760949E+004  -2.43858638E+002  -1.82900360E+000  -9.73718076E+000   2.70833233E-001   1.17682177E+001   0.00000000E+000   1.77491290E+015   7.47069501E+013   1.00000000E-014   3.77000000E-012
       378     1.19999997E+001   7.05703561E+003   1.59629056E-020  -8.96825601E-020  -1.19999997E+001   1.15289203E-020  -2.16840434E-019  -8.67361738E-019  -7.02459554E+003  -7.03829803E+003  -1.40757860E+004  -2.43995021E+002  -1.83184135E+000  -9.75545029E+000   2.71755557E-001   1.17674261E+001   0.00000000E+000   1.77554121E+015   7.45533137E+013   1.00000000E-014   3.78000000E-012
       379     1.19999997E+001   7.05659564E+003  -9.17382073E-020  -1.52789306E-019  -1.19999997E+001   4.63377104E-020   2.16840434E-019   4.33680869E-019  -7.02472945E+003  -7.03846734E+003  -1.40754828E+004  -2.44128887E+002  -1.83432142E+000  -9.77539056E+000   2.72661351E-001   1.17666492E+001   0.00000000E+000   1.77919365E+015   7.43669627E+013   1.00000000E-014   3.79000000E-012
       380     1.19999997E+001   7.05615553E+003   1.28362572E-019  -1.23084062E-019  -1.19999997E+001   3.68598079E-020  -8.67361738E-019  -2.16840434E-019  -7.02486371E+003  -7.03863638E+003  -1.40751794E+004  -2.44262797E+002  -1.83672740E+000  -9.79619584E+000   2.73567655E-001   1.17658721E+001   0.00000000E+000   1.78304464E+015   7.42519204E+013   1.00000000E-014   3.80000000E-012
       381     1.19999997E+001   7.05571620E+003   2.11539034E-020   3.90077697E-020  -1.19999997E+001   4.00526507E-020   8.67361738E-019   2.16840434E-019  -7.02499588E+003  -7.03880701E+003  -1.40748767E+004  -2.44396479E+002  -1.83689462E+000  -9.81723323E+000   2.74472826E-001   1.17650963E+001   0.00000000E+000   1.78304514E+015   7.35402468E+013   1.00000000E-014   3.81000000E-012
       382     1.19999997E+001   7.05526087E+003  -2.53032481E-020   1.42433496E-019  -1.19999997E+001  -2.30407799E-020  -2.16840434E-019   2.16840434E-019  -7.02513487E+003  -7.03898184E+003  -1.40745628E+004  -2.44535027E+002  -1.83954858E+000  -9.83886579E+000   2.75410554E-001   1.17642923E+001   0.00000000E+000   1.78380761E+015   7.33820878E+013   1.00000000E-014   3.82000000E-012
       383     1.19999997E+001   7.05481648E+003   8.49796231E-020  -5.50864806E-020  -1.19999997E+001  -3.21401350E-020   1.51788304E-018   6.50521303E-019  -7.02527183E+003  -7.03915115E+003  -1.40742566E+004  -2.44670247E+002  -1.84364857E+000  -9.85710135E+000   2.76324634E-001   1.17635076E+001   0.00000000E+000   1.78834964E+015   7.27018202E+013   1.00000000E-014   3.83000000E-012
       384     1.19999997E+001   7.05436186E+003   1.67821634E-020   1.83520359E-020  -1.19999997E+001   6.13194546E-020  -2.16840434E-019  -2.16840434E-019  -7.02540929E+003  -7.03932703E+003  -1.40739432E+004  -2.44808586E+002  -1.84684618E+000  -9.87815048E+000   2.77261062E-001   1.17627048E+001   0.00000000E+000   1.79223958E+015   7.22714787E+013   1.00000000E-014   3.84000000E-012
       385     1.19999997E+001   7.05390567E+003  -3.57510950E-020  -6.44532412E-020  -1.19999997E+001   2.80704064E-020   2.16840434E-019  -2.16840434E-019  -7.02554701E+003  -7.03950376E+003  -1.40736288E+004  -2.44947411E+002  -1.85092619E+000  -9.90235027E+000   2.78201811E-001   1.17618993E+001   0.00000000E+000   1.78975067E+015   7.36211449E+013   1.00000000E-014   3.85000000E-012
       386     1.19999997E+001   7.05345722E+003   3.89410008E-020  -2.12456170E-020  -1.19999997E+001  -7.23354841E-020   1.08420217E-018   4.33680869E-019  -7.02568598E+003  -7.03967389E+003  -1.40733197E+004  -2.45083877E+002  -1.85214325E+000  -9.92216245E+000   2.79124561E-001   1.17611074E+001   0.00000000E+000   1.79359150E+015   7.27222226E+013   1.00000000E-014   3.86000000E-012
       387     1.19999997E+001   7.05300043E+003  -4.81742751E-020  -6.94707637E-021  -1.19999997E+001  -4.20679761E-020   8.67361738E-019  -1.73472348E-018  -7.02582289E+003  -7.03985185E+003  -1.40730048E+004  -2.45222889E+002  -1.85477019E+000  -9.94471392E+000   2.80066226E-001   1.17603008E+001   0.00000000E+000   1.79457459E+015   7.27063429E+013   1.00000000E-014   3.87000000E-012
       388     1.19999997E+001   7.05255310E+003  -4.65335236E-020   2.22648070E-020  -1.19999997E+001   4.21940048E-020   6.50521303E-019  -2.16840434E-019  -7.02595915E+003  -7.04002394E+003  -1.40726965E+004  -2.45359022E+002  -1.85749331E+000  -9.96592782E+000   2.80987696E-001   1.17595109E+001   0.00000000E+000   1.79659174E+015   7.26916633E+013   1.00000000E-014   3.88000000E-012
       389     1.19999997E+001   7.05210866E+003  -6.94823443E-020   9.68198880E-020  -1.19999997E+001  -3.73886154E-020   4.33680869E-019   6.50521303E-019  -7.02609576E+003  -7.04019368E+003  -1.40723901E+004  -2.45494274E+002  -1.85933049E+000  -9.98318042E+000   2.81901749E-001   1.17587262E+001   0.00000000E+000   1.79929497E+015   7.26175348E+013   1.00000000E-014   3.89000000E-012
       390     1.19999997E+001   7.05165656E+003   4.97694154E-020  -4.19714545E-020  -1.19999997E+001   7.65095538E-020   8.67361738E-019   1.30104261E-018  -7.02623713E+003  -7.04036394E+003  -1.40720785E+004  -2.45631857E+002  -1.86425215E+000  -9.99960681E+000   2.82830809E-001   1.17579278E+001   0.00000000E+000   1.79886460E+015   7.39803124E+013   1.00000000E-014   3.90000000E-012
       391     1.19999997E+001   7.05120721E+003   6.90525205E-021   2.38556821E-020  -1.19999997E+001  -7.34439804E-020   0.00000000E+000   2.16840434E-019  -7.02637448E+003  -7.04053634E+003  -1.40717687E+004  -2.45768610E+002  -1.86709179E+000  -1.00181672E+001   2.83755550E-001   1.17571344E+001   0.00000000E+000   1.79998373E+015   7.27707880E+013   1.00000000E-014   3.91000000E-012
       392     1.19999997E+001   7.05076568E+003  -6.84568730E-020  -1.02380455E-019  -1.19999997E+001  -5.23202853E-020  -8.67361738E-019  -4.33680869E-019  -7.02651007E+003  -7.04070513E+003  -1.40714644E+004  -2.45902988E+002  -1.86978267E+000  -1.00375910E+001   2.84664474E-001   1.17563548E+001   0.00000000E+000   1.80387611E+015   7.19720271E+013   1.00000000E-014   3.92000000E-012
       393     1.19999997E+001   7.05032124E+003  -5.42182900E-020   8.66770511E-020  -1.19999997E+001  -3.82540014E-020   0.00000000E+000   4.33680869E-019  -7.02664811E+003  -7.04087346E+003  -1.40711580E+004  -2.46038253E+002  -1.87353458E+000  -1.00553185E+001   2.85578559E-001   1.17555700E+001   0.00000000E+000   1.80753483E+015   7.19509475E+013   1.00000000E-014   3.93000000E-012
       394     1.19999997E+001   7.04987225E+003   2.02316641E-020   2.74245541E-019  -1.19999997E+001   6.28769710E-021   0.00000000E+000   2.16840434E-019  -7.02678603E+003  -7.04104507E+003  -1.40708485E+004  -2.46174907E+002  -1.87658917E+000  -1.00751211E+001   2.86502910E-001   1.17547772E+001   0.00000000E+000   1.81049042E+015   7.19194804E+013   1.00000000E-014   3.94000000E-012
       395     1.19999997E+001   7.04942932E+003  -7.03507030E-020   7.84170323E-020  -1.19999997E+001   4.89509201E-020   1.08420217E-018   0.00000000E+000  -7.02692288E+003  -7.04121357E+003  -1.40705431E+004  -2.46309720E+002  -1.88121586E+000  -1.00921942E+001   2.87413928E-001   1.17539950E+001   0.00000000E+000   1.81323559E+015   7.21805122E+013   1.00000000E-014   3.95000000E-012
       396     1.19999997E+001   7.04897905E+003  -5.57154998E-020  -6.88689640E-020  -1.19999997E+001   3.66265559E-020   4.33680869E-019  -8.67361738E-019  -7.02706209E+003  -7.04138479E+003  -1.40702327E+004  -2.46446765E+002  -1.88498048E+000  -1.01102230E+001   2.88340218E-001   1.17532000E+001   0.00000000E+000   1.81572117E+015   7.21852776E+013   1.00000000E-014   3.96000000E-012
       397     1.19999997E+001   7.04852369E+003  -7.14430467E-020   2.49699771E-019  -1.19999997E+001  -2.23527789E-020   2.16840434E-019   2.16840434E-019  -7.02720511E+003  -7.04155570E+003  -1.40699188E+004  -2.46585363E+002  -1.89049589E+000  -1.01283525E+001   2.89276572E-001   1.17523959E+001   0.00000000E+000   1.81523660E+015   7.17004330E+013   1.00000000E-014   3.97000000E-012
       398     1.19999997E+001   7.04806740E+003   7.31913511E-020   1.33243701E-019  -1.19999997E+001   4.79181851E-020  -6.50521303E-019   1.08420217E-018  -7.02734034E+003  -7.04173508E+003  -1.40696042E+004  -2.46724261E+002  -1.89114327E+000  -1.01524459E+001   2.90218274E-001   1.17515902E+001   0.00000000E+000   1.81483788E+015   7.14784395E+013   1.00000000E-014   3.98000000E-012
       399     1.19999997E+001   7.04761920E+003   2.86157575E-020   6.12887067E-020  -1.19999997E+001   3.41701461E-020  -8.67361738E-019  -2.16840434E-019  -7.02748064E+003  -7.04190379E+003  -1.40692952E+004  -2.46860687E+002  -1.89244015E+000  -1.01702660E+001   2.91139965E-001   1.17507988E+001   0.00000000E+000   1.81838445E+015   7.12636395E+013   1.00000000E-014   3.99000000E-012
       400     1.19999997E+001   7.04716472E+003  -6.04062859E-020   3.15285319E-020  -1.19999997E+001   2.67284933E-020   2.16840434E-019  -6.50521303E-019  -7.02761952E+003  -7.04207827E+003  -1.40689818E+004  -2.46999032E+002  -1.89467797E+000  -1.01908913E+001   2.92076103E-001   1.17499963E+001   0.00000000E+000   1.82200004E+015   7.08239279E+013   1.00000000E-014   4.00000000E-012
       401     1.19999997E+001   7.04671128E+003   7.24458222E-020  -5.51402215E-020  -1.19999997E+001  -3.48447507E-020   2.38524478E-018  -2.38524478E-018  -7.02775931E+003  -7.04225113E+003  -1.40686692E+004  -2.47137062E+002  -1.89741686E+000  -1.02100724E+001   2.93009456E-001   1.17491957E+001   0.00000000E+000   1.82434513E+015   7.10772811E+013   1.00000000E-014   4.01000000E-012
       402     1.19999997E+001   7.04626348E+003  -7.66301412E-021  -2.37331559E-020  -1.19999997E+001   2.69828901E-021   2.16840434E-019   4.33680869E-019  -7.02789920E+003  -7.04241998E+003  -1.40683604E+004  -2.47273372E+002  -1.90254301E+000  -1.02263259E+001   2.93930049E-001   1.17484050E+001   0.00000000E+000   1.82687868E+015   7.16870790E+013   1.00000000E-014   4.02000000E-012
       403     1.19999997E+001   7.04581661E+003   5.30751522E-020  -2.09223135E-019  -1.19999997E+001  -6.89322627E-020   1.08420217E-018   2.16840434E-019  -7.02803809E+003  -7.04258921E+003  -1.40680523E+004  -2.47409403E+002  -1.90664263E+000  -1.02428801E+001   2.94848994E-001   1.17476159E+001   0.00000000E+000   1.83021690E+015   7.16701342E+013   1.00000000E-014   4.03000000E-012
       404     1.19999997E+001   7.04535975E+003  -2.92966952E-020   8.72572019E-020  -1.19999997E+001   1.08887988E-020  -4.33680869E-019   2.38524478E-018  -7.02818441E+003  -7.04275789E+003  -1.40677373E+004  -2.47548476E+002  -1.91195046E+000  -1.02577502E+001   2.95787038E-001   1.17468092E+001   0.00000000E+000   1.83014070E+015   7.14808264E+013   1.00000000E-014   4.04000000E-012
       405     1.19999997E+001   7.04491449E+003   8.14479190E-020   2.66992188E-020  -1.19999997E+001  -1.18518632E-020  -6.50521303E-019   4.33680869E-019  -7.02832099E+003  -7.04292833E+003  -1.40674303E+004  -2.47684024E+002  -1.91602316E+000  -1.02721372E+001   2.96702449E-001   1.17460230E+001   0.00000000E+000   1.83308275E+015   7.04822154E+013   1.00000000E-014   4.05000000E-012
       406     1.19999997E+001   7.04445427E+003   9.71896895E-020   1.84154186E-020  -1.19999997E+001  -6.97802585E-020  -8.67361738E-019  -2.16840434E-019  -7.02846657E+003  -7.04310010E+003  -1.40671130E+004  -2.47824128E+002  -1.92004192E+000  -1.02891847E+001   2.97648432E-001   1.17452104E+001   0.00000000E+000   1.83559706E+015   7.13038488E+013   1.00000000E-014   4.06000000E-012
       407     1.19999997E+001   7.04400743E+003  -5.60844353E-020  -2.63520098E-020  -1.19999997E+001   1.25347939E-019  -6.50521303E-019   6.50521303E-019  -7.02860502E+003  -7.04326976E+003  -1.40668048E+004  -2.47960160E+002  -1.92456494E+000  -1.03047875E+001   2.98567228E-001   1.17444214E+001   0.00000000E+000   1.83720624E+015   7.11904563E+013   1.00000000E-014   4.07000000E-012
       408     1.19999997E+001   7.04355181E+003   4.44828136E-020  -7.47810565E-020  -1.19999997E+001  -4.66780605E-020  -4.33680869E-019  -8.67361738E-019  -7.02874822E+003  -7.04344075E+003  -1.40664907E+004  -2.48098872E+002  -1.92630844E+000  -1.03218989E+001   2.99504034E-001   1.17436169E+001   0.00000000E+000   1.83805023E+015   7.07320476E+013   1.00000000E-014   4.08000000E-012
       409     1.19999997E+001   7.04309910E+003   8.19197011E-020   2.94715508E-019  -1.19999997E+001  -5.69642840E-020   8.67361738E-019  -8.67361738E-019  -7.02888983E+003  -7.04361132E+003  -1.40661785E+004  -2.48236697E+002  -1.93046821E+000  -1.03359596E+001   3.00434162E-001   1.17428175E+001   0.00000000E+000   1.84082978E+015   7.03862572E+013   1.00000000E-014   4.09000000E-012
       410     1.19999997E+001   7.04264518E+003   3.90104710E-020   9.73914181E-020  -1.19999997E+001   2.51241797E-020   2.16840434E-019   4.33680869E-019  -7.02902830E+003  -7.04378589E+003  -1.40658654E+004  -2.48374899E+002  -1.93428467E+000  -1.03538360E+001   3.01368662E-001   1.17420160E+001   0.00000000E+000   1.84304065E+015   7.00133137E+013   1.00000000E-014   4.10000000E-012
       411     1.19999997E+001   7.04219070E+003   1.44253578E-020   7.87793374E-020  -1.19999997E+001   4.39731799E-021   4.33680869E-019  -1.08420217E-018  -7.02917127E+003  -7.04395633E+003  -1.40655520E+004  -2.48513268E+002  -1.93621806E+000  -1.03699010E+001   3.02302869E-001   1.17412136E+001   0.00000000E+000   1.84667507E+015   6.94894582E+013   1.00000000E-014   4.11000000E-012
       412     1.19999997E+001   7.04174305E+003   1.85629281E-020   1.33446360E-019  -1.19999997E+001   4.08460236E-020   4.33680869E-019  -6.50521303E-019  -7.02931018E+003  -7.04412615E+003  -1.40652433E+004  -2.48649568E+002  -1.94071552E+000  -1.03856789E+001   3.03223517E-001   1.17404231E+001   0.00000000E+000   1.85057507E+015   6.92647010E+013   1.00000000E-014   4.12000000E-012
       413     1.19999997E+001   7.04129414E+003   2.04277612E-020  -2.57501583E-020  -1.19999997E+001   5.30131524E-020   2.16840434E-019   8.67361738E-019  -7.02944976E+003  -7.04429615E+003  -1.40649337E+004  -2.48786250E+002  -1.94452322E+000  -1.04016280E+001   3.04146729E-001   1.17396305E+001   0.00000000E+000   1.85356763E+015   6.80617092E+013   1.00000000E-014   4.13000000E-012
       414     1.19999997E+001   7.04083279E+003  -5.09813351E-020  -3.12818408E-019  -1.19999997E+001  -3.05218531E-020  -2.16840434E-019   0.00000000E+000  -7.02959230E+003  -7.04447181E+003  -1.40646155E+004  -2.48926728E+002  -1.95023658E+000  -1.04205740E+001   3.05096582E-001   1.17388159E+001   0.00000000E+000   1.85622652E+015   6.81319593E+013   1.00000000E-014   4.14000000E-012
       415     1.19999997E+001   7.04038571E+003  -5.08353733E-020  -4.38235119E-021  -1.19999997E+001   2.21623917E-020   4.33680869E-019  -8.67361738E-019  -7.02973106E+003  -7.04464139E+003  -1.40643072E+004  -2.49062858E+002  -1.95434510E+000  -1.04358063E+001   3.06015941E-001   1.17380265E+001   0.00000000E+000   1.85932313E+015   6.81625948E+013   1.00000000E-014   4.15000000E-012
       416     1.19999997E+001   7.03992273E+003   3.06010556E-020   9.71516392E-020  -1.19999997E+001  -5.40787420E-020  -4.33680869E-019   4.33680869E-019  -7.02987356E+003  -7.04481822E+003  -1.40639879E+004  -2.49203841E+002  -1.95861531E+000  -1.04542379E+001   3.06969107E-001   1.17372090E+001   0.00000000E+000   1.86205854E+015   6.77384452E+013   1.00000000E-014   4.16000000E-012
       417     1.19999997E+001   7.03947115E+003  -3.78197122E-020   1.79637625E-019  -1.19999997E+001   7.72589794E-020   1.08420217E-018  -2.16840434E-019  -7.03001403E+003  -7.04498920E+003  -1.40636764E+004  -2.49341349E+002  -1.96224146E+000  -1.04697080E+001   3.07897749E-001   1.17364116E+001   0.00000000E+000   1.86638473E+015   6.73563022E+013   1.00000000E-014   4.17000000E-012
       418     1.19999997E+001   7.03901886E+003   4.27565652E-020  -9.88632826E-020  -1.19999997E+001   1.53074183E-020  -6.50521303E-019  -4.33680869E-019  -7.03015557E+003  -7.04515962E+003  -1.40633645E+004  -2.49479076E+002  -1.96765597E+000  -1.04846664E+001   3.08827589E-001   1.17356130E+001   0.00000000E+000   1.86739345E+015   6.71450528E+013   1.00000000E-014   4.18000000E-012
       419     1.19999997E+001   7.03856418E+003   1.86548098E-020   1.56233325E-019  -1.19999997E+001   2.25868129E-020  -1.30104261E-018  -1.08420217E-018  -7.03029544E+003  -7.04533336E+003  -1.40630508E+004  -2.49617531E+002  -1.97160723E+000  -1.04971824E+001   3.09762041E-001   1.17348102E+001   0.00000000E+000   1.86771969E+015   6.67610331E+013   1.00000000E-014   4.19000000E-012
       420     1.19999997E+001   7.03810468E+003   3.12793954E-020   6.79718608E-020  -1.19999997E+001   1.69037460E-020   1.73472348E-018  -4.33680869E-019  -7.03043932E+003  -7.04550642E+003  -1.40627339E+004  -2.49757460E+002  -1.97253166E+000  -1.05138060E+001   3.10707073E-001   1.17339989E+001   0.00000000E+000   1.87091736E+015   6.64949992E+013   1.00000000E-014   4.20000000E-012
       421     1.19999997E+001   7.03764966E+003  -7.19433875E-020   1.44800758E-019  -1.19999997E+001  -5.31893677E-020   1.08420217E-018   0.00000000E+000  -7.03058127E+003  -7.04567833E+003  -1.40624200E+004  -2.49896027E+002  -1.97733201E+000  -1.05293361E+001   3.11642839E-001   1.17331954E+001   0.00000000E+000   1.87246732E+015   6.62260491E+013   1.00000000E-014   4.21000000E-012
       422     1.19999997E+001   7.03719134E+003   1.18813903E-019   3.55927546E-020  -1.19999997E+001  -9.04594766E-020   0.00000000E+000  -6.50521303E-019  -7.03072401E+003  -7.04585175E+003  -1.40621039E+004  -2.50035606E+002  -1.98225091E+000  -1.05456062E+001   3.12585672E-001   1.17323862E+001   0.00000000E+000   1.87547177E+015   6.61738039E+013   1.00000000E-014   4.22000000E-012
       423     1.19999997E+001   7.03673861E+003  -8.59432902E-020  -1.00535221E-019  -1.19999997E+001   2.48523055E-020  -8.67361738E-019  -4.33680869E-019  -7.03086178E+003  -7.04602626E+003  -1.40617916E+004  -2.50173484E+002  -1.98557777E+000  -1.05588460E+001   3.13516768E-001   1.17315868E+001   0.00000000E+000   1.87559865E+015   6.60492551E+013   1.00000000E-014   4.23000000E-012
       424     1.19999997E+001   7.03627827E+003  -6.64988589E-021  -9.03580048E-020  -1.19999997E+001   6.07403635E-020   8.67361738E-019  -6.50521303E-019  -7.03100353E+003  -7.04620208E+003  -1.40614740E+004  -2.50313688E+002  -1.98878377E+000  -1.05767972E+001   3.14464593E-001   1.17307740E+001   0.00000000E+000   1.88014492E+015   6.56619770E+013   1.00000000E-014   4.24000000E-012
       425     1.19999997E+001   7.03582944E+003  -5.23938785E-020   1.48115529E-019  -1.19999997E+001  -9.95083672E-020  -1.08420217E-018   6.50521303E-019  -7.03114302E+003  -7.04637221E+003  -1.40611644E+004  -2.50450382E+002  -1.99467857E+000  -1.05904819E+001   3.15387383E-001   1.17299815E+001   0.00000000E+000   1.88215761E+015   6.56328926E+013   1.00000000E-014   4.25000000E-012
       426     1.19999997E+001   7.03536771E+003  -8.57713917E-020  -1.53507041E-019  -1.19999997E+001   3.75289065E-020   6.50521303E-019   2.16840434E-019  -7.03128789E+003  -7.04654586E+003  -1.40608459E+004  -2.50591009E+002  -1.99968907E+000  -1.06062891E+001   3.16336954E-001   1.17291662E+001   0.00000000E+000   1.88408824E+015   6.49401205E+013   1.00000000E-014   4.26000000E-012
       427     1.19999997E+001   7.03491072E+003  -5.53986121E-020  -9.46318402E-020  -1.19999997E+001  -1.95242930E-020  -2.16840434E-019  -8.67361738E-019  -7.03142961E+003  -7.04671940E+003  -1.40605306E+004  -2.50730195E+002  -2.00319004E+000  -1.06221470E+001   3.17277163E-001   1.17283594E+001   0.00000000E+000   1.88555030E+015   6.46139883E+013   1.00000000E-014   4.27000000E-012
       428     1.19999997E+001   7.03445480E+003  -8.39082449E-020   7.67359945E-020  -1.19999997E+001   1.81389852E-020  -8.67361738E-019  -1.08420217E-018  -7.03157066E+003  -7.04689289E+003  -1.40602161E+004  -2.50869062E+002  -2.00615766E+000  -1.06378504E+001   3.18215239E-001   1.17275544E+001   0.00000000E+000   1.88777268E+015   6.42737055E+013   1.00000000E-014   4.28000000E-012
       429     1.19999997E+001   7.03399498E+003  -2.60635241E-020   2.63724980E-019  -1.19999997E+001  -6.66040659E-021  -4.33680869E-019   4.33680869E-019  -7.03171748E+003  -7.04706329E+003  -1.40598989E+004  -2.51009111E+002  -2.01261983E+000  -1.06507257E+001   3.19159640E-001   1.17267425E+001   0.00000000E+000   1.88750599E+015   6.38791711E+013   1.00000000E-014   4.29000000E-012
       430     1.19999997E+001   7.03353199E+003   6.08799862E-021   1.59899182E-020  -1.19999997E+001   5.71644876E-020   0.00000000E+000   0.00000000E+000  -7.03186104E+003  -7.04723917E+003  -1.40595795E+004  -2.51150137E+002  -2.01559008E+000  -1.06672222E+001   3.20112430E-001   1.17259250E+001   0.00000000E+000   1.88113325E+015   6.47586911E+013   1.00000000E-014   4.30000000E-012
       431     1.19999997E+001   7.03306367E+003  -9.17022767E-021  -1.84975990E-019  -1.19999997E+001  -7.99797574E-020   8.67361738E-019   0.00000000E+000  -7.03200856E+003  -7.04741474E+003  -1.40592564E+004  -2.51292780E+002  -2.02203753E+000  -1.06779412E+001   3.21074035E-001   1.17250981E+001   0.00000000E+000   1.88515478E+015   6.42652490E+013   1.00000000E-014   4.31000000E-012
       432     1.19999997E+001   7.03259651E+003   3.39019457E-020  -1.67564872E-019  -1.19999997E+001   5.97112733E-020   6.50521303E-019   4.33680869E-019  -7.03215465E+003  -7.04759094E+003  -1.40589341E+004  -2.51435073E+002  -2.02540520E+000  -1.06884141E+001   3.22033366E-001   1.17242732E+001   0.00000000E+000   1.88645753E+015   6.41797378E+013   1.00000000E-014   4.32000000E-012
       433     1.19999997E+001   7.03213311E+003  -1.01983434E-019   1.59873540E-019  -1.19999997E+001   3.87527267E-020   0.00000000E+000  -2.16840434E-019  -7.03229901E+003  -7.04776630E+003  -1.40586144E+004  -2.51576227E+002  -2.02903499E+000  -1.07014178E+001   3.22985899E-001   1.17234551E+001   0.00000000E+000   1.88953524E+015   6.40619419E+013   1.00000000E-014   4.33000000E-012
       434     1.19999997E+001   7.03166186E+003   9.41273182E-020  -1.31626149E-020  -1.19999997E+001  -5.95376688E-020  -1.30104261E-018   2.16840434E-019  -7.03244583E+003  -7.04794462E+003  -1.40582892E+004  -2.51719775E+002  -2.03251086E+000  -1.07113234E+001   3.23953635E-001   1.17226230E+001   0.00000000E+000   1.89314172E+015   6.39811478E+013   1.00000000E-014   4.34000000E-012
       435     1.19999997E+001   7.03120429E+003   8.51151127E-020  -1.23883738E-020  -1.19999997E+001  -2.18928083E-020   0.00000000E+000   2.16840434E-019  -7.03258970E+003  -7.04811646E+003  -1.40579735E+004  -2.51859159E+002  -2.03604582E+000  -1.07234154E+001   3.24893785E-001   1.17218151E+001   0.00000000E+000   1.89645204E+015   6.39072822E+013   1.00000000E-014   4.35000000E-012
       436     1.19999997E+001   7.03074382E+003  -8.06977372E-021   1.52236181E-019  -1.19999997E+001  -3.46446246E-020  -8.67361738E-019   1.51788304E-018  -7.03273362E+003  -7.04829025E+003  -1.40576558E+004  -2.51999430E+002  -2.03930222E+000  -1.07366108E+001   3.25840377E-001   1.17210021E+001   0.00000000E+000   1.89965419E+015   6.38291809E+013   1.00000000E-014   4.36000000E-012
       437     1.19999997E+001   7.03028637E+003  -1.45327278E-019  -6.29662807E-020  -1.19999997E+001  -2.28098673E-020   6.50521303E-019   2.16840434E-019  -7.03287940E+003  -7.04846011E+003  -1.40573401E+004  -2.52138784E+002  -2.04365223E+000  -1.07487974E+001   3.26780027E-001   1.17201944E+001   0.00000000E+000   1.90169998E+015   6.36139510E+013   1.00000000E-014   4.37000000E-012
       438     1.19999997E+001   7.02982874E+003  -6.32304970E-020   1.41783203E-019  -1.19999997E+001   5.60032552E-020  -4.33680869E-019  -8.67361738E-019  -7.03302312E+003  -7.04863217E+003  -1.40570244E+004  -2.52278198E+002  -2.04625250E+000  -1.07625464E+001   3.27720903E-001   1.17193864E+001   0.00000000E+000   1.90588797E+015   6.34158352E+013   1.00000000E-014   4.38000000E-012
       439     1.19999997E+001   7.02936986E+003  -1.77784863E-020  -6.95298038E-020  -1.19999997E+001   5.35086595E-020   0.00000000E+000  -6.50521303E-019  -7.03316749E+003  -7.04880445E+003  -1.40567077E+004  -2.52417995E+002  -2.04904112E+000  -1.07760784E+001   3.28664258E-001   1.17185762E+001   0.00000000E+000   1.90967351E+015   6.33539579E+013   1.00000000E-014   4.39000000E-012
       440     1.19999997E+001   7.02890122E+003   5.90340616E-020   7.14632350E-020  -1.19999997E+001  -3.66475133E-020   2.16840434E-019   4.33680869E-019  -7.03331691E+003  -7.04897842E+003  -1.40563843E+004  -2.52560767E+002  -2.04883875E+000  -1.07904372E+001   3.29627419E-001   1.17177487E+001   0.00000000E+000   1.90974576E+015   6.52071788E+013   1.00000000E-014   4.40000000E-012
       441     1.19999997E+001   7.02844222E+003   9.66219043E-020   1.81092067E-019  -1.19999997E+001   1.74162619E-020   1.73472348E-018   2.16840434E-019  -7.03346251E+003  -7.04914954E+003  -1.40560676E+004  -2.52700603E+002  -2.05406997E+000  -1.08014685E+001   3.30570165E-001   1.17169383E+001   0.00000000E+000   1.91354090E+015   6.49654378E+013   1.00000000E-014   4.41000000E-012
       442     1.19999997E+001   7.02798368E+003   9.32637889E-020  -1.06548101E-020  -1.19999997E+001   8.03882166E-020   4.33680869E-019   0.00000000E+000  -7.03360739E+003  -7.04932109E+003  -1.40557512E+004  -2.52840306E+002  -2.05773005E+000  -1.08139582E+001   3.31512519E-001   1.17161287E+001   0.00000000E+000   1.91791082E+015   6.48559497E+013   1.00000000E-014   4.42000000E-012
       443     1.19999997E+001   7.02752057E+003   5.45012633E-020   1.96855544E-020  -1.19999997E+001  -1.33429429E-019   2.16840434E-019   2.16840434E-019  -7.03375302E+003  -7.04949506E+003  -1.40554316E+004  -2.52981404E+002  -2.06143644E+000  -1.08276965E+001   3.32464755E-001   1.17153110E+001   0.00000000E+000   1.91930785E+015   6.47180278E+013   1.00000000E-014   4.43000000E-012
       444     1.19999997E+001   7.02705475E+003   4.32356708E-020  -1.85813200E-019  -1.19999997E+001  -5.21289222E-020   0.00000000E+000   0.00000000E+000  -7.03389967E+003  -7.04966989E+003  -1.40551101E+004  -2.53123334E+002  -2.06489418E+000  -1.08425874E+001   3.33422883E-001   1.17144886E+001   0.00000000E+000   1.92197727E+015   6.51855766E+013   1.00000000E-014   4.44000000E-012
       445     1.19999997E+001   7.02659403E+003  -1.37252845E-019   2.02310645E-019  -1.19999997E+001  -2.28634531E-020  -2.16840434E-019   2.16840434E-019  -7.03404801E+003  -7.04983950E+003  -1.40547922E+004  -2.53263708E+002  -2.06587560E+000  -1.08552785E+001   3.34369270E-001   1.17136751E+001   0.00000000E+000   1.92428195E+015   6.48271890E+013   1.00000000E-014   4.45000000E-012
       446     1.19999997E+001   7.02612187E+003  -7.58840760E-020  -1.40550911E-019  -1.19999997E+001   8.14721205E-021  -2.16840434E-018   0.00000000E+000  -7.03419723E+003  -7.05001614E+003  -1.40544663E+004  -2.53407577E+002  -2.07087749E+000  -1.08703989E+001   3.35340432E-001   1.17128415E+001   0.00000000E+000   1.92706562E+015   6.36319143E+013   1.00000000E-014   4.46000000E-012
       447     1.19999997E+001   7.02565969E+003   2.20765781E-020  -1.81886470E-019  -1.19999997E+001  -7.24871295E-021   0.00000000E+000   0.00000000E+000  -7.03434472E+003  -7.05018762E+003  -1.40541473E+004  -2.53548401E+002  -2.07077259E+000  -1.08829608E+001   3.36290050E-001   1.17120255E+001   0.00000000E+000   1.92781748E+015   6.28102796E+013   1.00000000E-014   4.47000000E-012
       448     1.19999997E+001   7.02518364E+003  -5.98143332E-020   3.11504845E-019  -1.19999997E+001  -2.74942169E-020   4.33680869E-019   2.16840434E-019  -7.03449625E+003  -7.05036466E+003  -1.40538188E+004  -2.53693461E+002  -2.07175177E+000  -1.08986860E+001   3.37269130E-001   1.17111849E+001   0.00000000E+000   1.92750729E+015   6.22953377E+013   1.00000000E-014   4.48000000E-012
       449     1.19999997E+001   7.02472224E+003  -1.60217065E-020   2.34712189E-019  -1.19999997E+001  -1.14416786E-020   4.33680869E-019   0.00000000E+000  -7.03464342E+003  -7.05053594E+003  -1.40535003E+004  -2.53834053E+002  -2.07582794E+000  -1.09103657E+001   3.38217065E-001   1.17103703E+001   0.00000000E+000   1.93151498E+015   6.21297582E+013   1.00000000E-014   4.49000000E-012
       450     1.19999997E+001   7.02424656E+003   6.73469646E-020   2.12764916E-019  -1.19999997E+001   1.91966519E-020   2.16840434E-019  -4.33680869E-019  -7.03479462E+003  -7.05071305E+003  -1.40531720E+004  -2.53979003E+002  -2.08100635E+000  -1.09207290E+001   3.39194034E-001   1.17095304E+001   0.00000000E+000   1.93537543E+015   6.16024844E+013   1.00000000E-014   4.50000000E-012
       451     1.19999997E+001   7.02378708E+003  -5.59280812E-020  -2.04887468E-020  -1.19999997E+001  -4.51013508E-020   4.33680869E-019  -8.67361738E-019  -7.03494054E+003  -7.05088427E+003  -1.40528549E+004  -2.54119016E+002  -2.08389147E+000  -1.09322612E+001   3.40138156E-001   1.17087192E+001   0.00000000E+000   1.93965845E+015   6.14289709E+013   1.00000000E-014   4.51000000E-012
       452     1.19999997E+001   7.02331910E+003  -1.04687319E-019  -1.41117633E-019  -1.19999997E+001  -2.56851212E-020   2.16840434E-019  -4.33680869E-019  -7.03509055E+003  -7.05105727E+003  -1.40525318E+004  -2.54261627E+002  -2.08678300E+000  -1.09450089E+001   3.41099828E-001   1.17078929E+001   0.00000000E+000   1.94073961E+015   6.09839257E+013   1.00000000E-014   4.52000000E-012
       453     1.19999997E+001   7.02285616E+003   9.69038986E-020  -8.92757424E-020  -1.19999997E+001   1.67452117E-020   0.00000000E+000   6.50521303E-019  -7.03523702E+003  -7.05123034E+003  -1.40522123E+004  -2.54402705E+002  -2.08936975E+000  -1.09570212E+001   3.42051356E-001   1.17070756E+001   0.00000000E+000   1.94353187E+015   6.09713023E+013   1.00000000E-014   4.53000000E-012
       454     1.19999997E+001   7.02238513E+003   5.01818101E-020   2.04547600E-019  -1.19999997E+001  -1.10649495E-020   1.73472348E-018   6.50521303E-019  -7.03538794E+003  -7.05140456E+003  -1.40518872E+004  -2.54546250E+002  -2.09025457E+000  -1.09701347E+001   3.43019401E-001   1.17062439E+001   0.00000000E+000   1.94605116E+015   6.00214029E+013   1.00000000E-014   4.54000000E-012
       455     1.19999997E+001   7.02192254E+003  -1.71846876E-019  -1.64333904E-020  -1.19999997E+001  -3.55163438E-020  -4.33680869E-019   4.33680869E-019  -7.03553436E+003  -7.05157747E+003  -1.40515679E+004  -2.54687229E+002  -2.09261311E+000  -1.09828059E+001   3.43970460E-001   1.17054272E+001   0.00000000E+000   1.94952519E+015   5.95416021E+013   1.00000000E-014   4.55000000E-012
       456     1.19999997E+001   7.02145663E+003  -9.53734593E-020  -1.42578020E-019  -1.19999997E+001   1.66228536E-020   6.50521303E-019  -1.30104261E-018  -7.03568169E+003  -7.05175176E+003  -1.40512462E+004  -2.54829223E+002  -2.09524076E+000  -1.09956204E+001   3.44928424E-001   1.17046046E+001   0.00000000E+000   1.94863008E+015   5.94729070E+013   1.00000000E-014   4.56000000E-012
       457     1.19999997E+001   7.02097988E+003   1.06194223E-019  -1.59849448E-019  -1.19999997E+001  -9.00008696E-021   4.33680869E-019  -2.16840434E-019  -7.03583478E+003  -7.05192777E+003  -1.40509171E+004  -2.54974522E+002  -2.09565155E+000  -1.10082479E+001   3.45908074E-001   1.17037629E+001   0.00000000E+000   1.95273489E+015   5.87800095E+013   1.00000000E-014   4.57000000E-012
       458     1.19999997E+001   7.02049993E+003  -8.97413416E-022   2.01388494E-020  -1.19999997E+001   7.13129337E-020  -2.16840434E-019   4.33680869E-019  -7.03598528E+003  -7.05210860E+003  -1.40505858E+004  -2.55120801E+002  -2.09859635E+000  -1.10217948E+001   3.46895305E-001   1.17029155E+001   0.00000000E+000   1.95669977E+015   5.83052826E+013   1.00000000E-014   4.58000000E-012
       459     1.19999997E+001   7.02001177E+003   5.22194468E-020   1.13918073E-019  -1.19999997E+001   8.34326678E-021   4.33680869E-019   2.38524478E-018  -7.03614190E+003  -7.05228897E+003  -1.40502488E+004  -2.55269580E+002  -2.10135407E+000  -1.10306008E+001   3.47897376E-001   1.17020536E+001   0.00000000E+000   1.95687424E+015   5.78747335E+013   1.00000000E-014   4.59000000E-012
       460     1.19999997E+001   7.01954332E+003  -5.45352682E-020   2.58742096E-021  -1.19999997E+001   5.45836841E-020   0.00000000E+000  -4.33680869E-019  -7.03628780E+003  -7.05246648E+003  -1.40499254E+004  -2.55412367E+002  -2.10340586E+000  -1.10452236E+001   3.48861612E-001   1.17012265E+001   0.00000000E+000   1.96038222E+015   5.71096594E+013   1.00000000E-014   4.60000000E-012
       461     1.19999997E+001   7.01906802E+003   7.12884673E-020  -1.52078603E-019  -1.19999997E+001  -3.76967919E-020   1.08420217E-018  -6.50521303E-019  -7.03643775E+003  -7.05264468E+003  -1.40495973E+004  -2.55557242E+002  -2.10626456E+000  -1.10599549E+001   3.49839590E-001   1.17003874E+001   0.00000000E+000   1.96355662E+015   5.69096234E+013   1.00000000E-014   4.61000000E-012
       462     1.19999997E+001   7.01859390E+003  -1.57833350E-019   7.98442290E-020  -1.19999997E+001   2.21855010E-020   4.33680869E-019  -1.95156391E-018  -7.03659016E+003  -7.05281959E+003  -1.40492699E+004  -2.55701754E+002  -2.10786666E+000  -1.10719565E+001   3.50813842E-001   1.16995503E+001   0.00000000E+000   1.96676563E+015   5.67098751E+013   1.00000000E-014   4.62000000E-012
       463     1.19999997E+001   7.01811101E+003  -1.08285594E-019  -2.45052256E-021  -1.19999997E+001  -1.93943351E-020   6.50521303E-019   6.50521303E-019  -7.03674133E+003  -7.05300183E+003  -1.40489365E+004  -2.55848954E+002  -2.11006628E+000  -1.10885731E+001   3.51808198E-001   1.16986977E+001   0.00000000E+000   1.97022058E+015   5.65081465E+013   1.00000000E-014   4.63000000E-012
       464     1.19999997E+001   7.01763575E+003   1.36275162E-019   1.38757893E-019  -1.19999997E+001  -4.64234439E-020  -6.50521303E-019   1.73472348E-018  -7.03689251E+003  -7.05317880E+003  -1.40486084E+004  -2.55993827E+002  -2.11115470E+000  -1.11020954E+001   3.52785597E-001   1.16978586E+001   0.00000000E+000   1.97423020E+015   5.63056233E+013   1.00000000E-014   4.64000000E-012
       465     1.19999997E+001   7.01714874E+003   2.21557225E-020  -2.04761943E-019  -1.19999997E+001   7.05543703E-021  -6.50521303E-019   8.67361738E-019  -7.03704861E+003  -7.05335895E+003  -1.40482721E+004  -2.56142281E+002  -2.11587675E+000  -1.11157903E+001   3.53786979E-001   1.16969988E+001   0.00000000E+000   1.97353662E+015   5.71786066E+013   1.00000000E-014   4.65000000E-012
       466     1.19999997E+001   7.01666960E+003  -4.90429181E-020   1.94944964E-019  -1.19999997E+001   3.02152534E-020   4.33680869E-019   0.00000000E+000  -7.03720294E+003  -7.05353546E+003  -1.40479413E+004  -2.56288340E+002  -2.11655048E+000  -1.11287441E+001   3.54771858E-001   1.16961529E+001   0.00000000E+000   1.97420341E+015   5.68923906E+013   1.00000000E-014   4.66000000E-012
       467     1.19999997E+001   7.01618166E+003  -9.67036175E-021  -9.26781430E-020  -1.19999997E+001   2.36838353E-020   4.33680869E-019   4.33680869E-019  -7.03735767E+003  -7.05371764E+003  -1.40476044E+004  -2.56437091E+002  -2.11714738E+000  -1.11448063E+001   3.55776124E-001   1.16952914E+001   0.00000000E+000   1.97764341E+015   5.54455798E+013   1.00000000E-014   4.67000000E-012
       468     1.19999997E+001   7.01570378E+003  -1.51650124E-019  -1.62951272E-019  -1.19999997E+001   5.50426659E-020  -1.51788304E-018   4.33680869E-019  -7.03750985E+003  -7.05389544E+003  -1.40472744E+004  -2.56582772E+002  -2.11726002E+000  -1.11567286E+001   3.56758510E-001   1.16944477E+001   0.00000000E+000   1.97950213E+015   5.58960013E+013   1.00000000E-014   4.68000000E-012
       469     1.19999997E+001   7.01520939E+003   8.33892149E-020   2.33612349E-020  -1.19999997E+001   6.47521119E-020  -4.33680869E-019   2.16840434E-019  -7.03766935E+003  -7.05407730E+003  -1.40469330E+004  -2.56733486E+002  -2.11806481E+000  -1.11694205E+001   3.57774577E-001   1.16935748E+001   0.00000000E+000   1.98319503E+015   5.64258808E+013   1.00000000E-014   4.69000000E-012
       470     1.19999997E+001   7.01472774E+003   6.28187841E-020  -1.75742793E-020  -1.19999997E+001  -1.16947622E-019  -1.08420217E-018   2.16840434E-019  -7.03782209E+003  -7.05425718E+003  -1.40466004E+004  -2.56880331E+002  -2.11902487E+000  -1.11848195E+001   3.58765892E-001   1.16927245E+001   0.00000000E+000   1.98456299E+015   5.55131066E+013   1.00000000E-014   4.70000000E-012
       471     1.19999997E+001   7.01425561E+003   1.61843884E-019  -2.05246671E-019  -1.19999997E+001   1.83993920E-020   2.16840434E-019   6.50521303E-019  -7.03797179E+003  -7.05443350E+003  -1.40462744E+004  -2.57024270E+002  -2.12313502E+000  -1.11969427E+001   3.59736854E-001   1.16918909E+001   0.00000000E+000   1.98904257E+015   5.48956760E+013   1.00000000E-014   4.71000000E-012
       472     1.19999997E+001   7.01377082E+003  -1.59860512E-019  -9.57626995E-020  -1.19999997E+001   6.03808760E-020   8.67361738E-019  -4.33680869E-019  -7.03813365E+003  -7.05460644E+003  -1.40459396E+004  -2.57172066E+002  -2.11776651E+000  -1.12128960E+001   3.60733156E-001   1.16910350E+001   0.00000000E+000   1.98797351E+015   5.59923505E+013   1.00000000E-014   4.72000000E-012
       473     1.19999997E+001   7.01329094E+003  -6.89326569E-020  -1.27650512E-020  -1.19999997E+001  -4.44080184E-020   8.67361738E-019  -8.67361738E-019  -7.03828673E+003  -7.05478475E+003  -1.40456082E+004  -2.57318373E+002  -2.11876524E+000  -1.12245057E+001   3.61719691E-001   1.16901878E+001   0.00000000E+000   1.99108734E+015   5.54869839E+013   1.00000000E-014   4.73000000E-012
       474     1.19999997E+001   7.01280699E+003  -5.79343795E-020  -4.99220043E-020  -1.19999997E+001  -1.33747660E-019   2.16840434E-019   6.50521303E-019  -7.03843764E+003  -7.05496806E+003  -1.40452740E+004  -2.57465930E+002  -2.12181625E+000  -1.12372025E+001   3.62715599E-001   1.16893334E+001   0.00000000E+000   1.99412270E+015   5.59195597E+013   1.00000000E-014   4.74000000E-012
       475     1.19999997E+001   7.01233691E+003  -4.70160154E-020  -1.40134322E-019  -1.19999997E+001  -7.58838950E-020   8.67361738E-019   4.33680869E-019  -7.03858858E+003  -7.05514176E+003  -1.40449494E+004  -2.57609254E+002  -2.12771740E+000  -1.12468051E+001   3.63681481E-001   1.16885034E+001   0.00000000E+000   1.99662499E+015   5.51516240E+013   1.00000000E-014   4.75000000E-012
       476     1.19999997E+001   7.01186053E+003  -7.07115347E-020   1.73865093E-019  -1.19999997E+001  -1.81274977E-019   4.33680869E-019  -1.08420217E-018  -7.03873718E+003  -7.05532217E+003  -1.40446204E+004  -2.57754514E+002  -2.13180507E+000  -1.12595052E+001   3.64661974E-001   1.16876624E+001   0.00000000E+000   2.00036254E+015   5.44515461E+013   1.00000000E-014   4.76000000E-012
       477     1.19999997E+001   7.01138847E+003   5.98944938E-020  -3.71435528E-019  -1.19999997E+001  -9.98489717E-021   0.00000000E+000  -2.16840434E-019  -7.03888646E+003  -7.05549892E+003  -1.40442943E+004  -2.57898455E+002  -2.13554619E+000  -1.12713042E+001   3.65632987E-001   1.16868289E+001   0.00000000E+000   2.00407564E+015   5.41918599E+013   1.00000000E-014   4.77000000E-012
       478     1.19999997E+001   7.01090903E+003   5.68661856E-020  -8.42963219E-020  -1.19999997E+001  -2.82961944E-020   2.16840434E-019   1.51788304E-018  -7.03903916E+003  -7.05567735E+003  -1.40439632E+004  -2.58044647E+002  -2.13771453E+000  -1.12837165E+001   3.66619083E-001   1.16859825E+001   0.00000000E+000   2.00553563E+015   5.50605156E+013   1.00000000E-014   4.78000000E-012
       479     1.19999997E+001   7.01043565E+003   6.61262657E-020  -1.38000196E-019  -1.19999997E+001  -4.38405725E-022  -1.08420217E-018  -2.16840434E-019  -7.03919048E+003  -7.05585300E+003  -1.40436363E+004  -2.58188997E+002  -2.14354760E+000  -1.12962496E+001   3.67592823E-001   1.16851467E+001   0.00000000E+000   2.00685225E+015   5.49281616E+013   1.00000000E-014   4.79000000E-012
       480     1.19999997E+001   7.00996021E+003  -1.75221411E-020   5.60629932E-020  -1.19999997E+001  -2.26109820E-020   2.16840434E-019   6.50521303E-019  -7.03933858E+003  -7.05603329E+003  -1.40433079E+004  -2.58333982E+002  -2.14590737E+000  -1.13097711E+001   3.68571728E-001   1.16843074E+001   0.00000000E+000   2.00930383E+015   5.43303331E+013   1.00000000E-014   4.80000000E-012
       481     1.19999997E+001   7.00947292E+003  -1.05695588E-019   1.46558207E-019  -1.19999997E+001  -9.00791415E-020   2.16840434E-019  -8.67361738E-019  -7.03949234E+003  -7.05621610E+003  -1.40429713E+004  -2.58482576E+002  -2.14720324E+000  -1.13193721E+001   3.69573488E-001   1.16834471E+001   0.00000000E+000   2.01171544E+015   5.38160850E+013   1.00000000E-014   4.81000000E-012
       482     1.19999997E+001   7.00898587E+003   2.80488674E-020   2.28515262E-019  -1.19999997E+001   5.67900850E-020  -6.50521303E-019   0.00000000E+000  -7.03964205E+003  -7.05640283E+003  -1.40426349E+004  -2.58631112E+002  -2.15006150E+000  -1.13318739E+001   3.70576391E-001   1.16825872E+001   0.00000000E+000   2.01490963E+015   5.41516371E+013   1.00000000E-014   4.82000000E-012
       483     1.19999997E+001   7.00850198E+003  -4.26335092E-020   6.19392843E-020  -1.19999997E+001   6.40800277E-020  -6.50521303E-019  -6.50521303E-019  -7.03979415E+003  -7.05658499E+003  -1.40423006E+004  -2.58778686E+002  -2.15068440E+000  -1.13469471E+001   3.71572878E-001   1.16817329E+001   0.00000000E+000   2.01803089E+015   5.37450591E+013   1.00000000E-014   4.83000000E-012
       484     1.19999997E+001   7.00802210E+003   1.40691014E-020  -4.93313974E-020  -1.19999997E+001  -6.59287764E-020  -6.50521303E-019  -4.33680869E-019  -7.03994444E+003  -7.05676619E+003  -1.40419691E+004  -2.58925039E+002  -2.15412620E+000  -1.13608180E+001   3.72560988E-001   1.16808857E+001   0.00000000E+000   2.02239894E+015   5.36398791E+013   1.00000000E-014   4.84000000E-012
       485     1.19999997E+001   7.00753491E+003   1.26761293E-020   1.03109718E-019  -1.19999997E+001   6.66045829E-021   8.67361738E-019  -2.16840434E-019  -7.04009688E+003  -7.05695032E+003  -1.40416326E+004  -2.59073630E+002  -2.15752813E+000  -1.13770457E+001   3.73564814E-001   1.16800255E+001   0.00000000E+000   2.02356009E+015   5.49595741E+013   1.00000000E-014   4.85000000E-012
       486     1.19999997E+001   7.00705978E+003   4.06249078E-020  -7.09720966E-022  -1.19999997E+001   2.32603188E-021  -2.16840434E-019   2.16840434E-019  -7.04024770E+003  -7.05712772E+003  -1.40413043E+004  -2.59218539E+002  -2.16232235E+000  -1.13885366E+001   3.74542262E-001   1.16791867E+001   0.00000000E+000   2.02741141E+015   5.49432132E+013   1.00000000E-014   4.86000000E-012
       487     1.19999997E+001   7.00656993E+003  -1.69737462E-020   1.27481767E-019  -1.19999997E+001  -6.22800827E-020   6.50521303E-019   0.00000000E+000  -7.04040341E+003  -7.05731040E+003  -1.40409659E+004  -2.59367939E+002  -2.16743779E+000  -1.14006388E+001   3.75550041E-001   1.16783219E+001   0.00000000E+000   2.02699105E+015   5.55466018E+013   1.00000000E-014   4.87000000E-012
       488     1.19999997E+001   7.00609621E+003   3.95001490E-020   1.50795026E-020  -1.19999997E+001   5.75345475E-020   0.00000000E+000   4.33680869E-019  -7.04055453E+003  -7.05748654E+003  -1.40406387E+004  -2.59512422E+002  -2.17039418E+000  -1.14114840E+001   3.76524309E-001   1.16774855E+001   0.00000000E+000   2.03132722E+015   5.47284313E+013   1.00000000E-014   4.88000000E-012
       489     1.19999997E+001   7.00561228E+003  -5.76147840E-020  -6.37623903E-020  -1.19999997E+001  -1.58620154E-020  -2.16840434E-019   4.33680869E-019  -7.04070523E+003  -7.05767018E+003  -1.40403043E+004  -2.59660029E+002  -2.17354810E+000  -1.14244573E+001   3.77520809E-001   1.16766312E+001   0.00000000E+000   2.03267075E+015   5.55178160E+013   1.00000000E-014   4.89000000E-012
       490     1.19999997E+001   7.00512435E+003   1.13608087E-019   1.09574961E-019  -1.19999997E+001   3.48334028E-020   8.67361738E-019  -1.08420217E-018  -7.04085949E+003  -7.05785301E+003  -1.40399672E+004  -2.59808856E+002  -2.17585840E+000  -1.14364094E+001   3.78524820E-001   1.16757698E+001   0.00000000E+000   2.03818711E+015   5.39500277E+013   1.00000000E-014   4.90000000E-012
       491     1.19999997E+001   7.00464129E+003  -9.17417746E-020  -9.88778617E-020  -1.19999997E+001  -4.00694561E-020   1.08420217E-018   2.16840434E-019  -7.04101061E+003  -7.05803563E+003  -1.40396335E+004  -2.59956199E+002  -2.17937115E+000  -1.14461754E+001   3.79518599E-001   1.16749169E+001   0.00000000E+000   2.03871400E+015   5.50559284E+013   1.00000000E-014   4.91000000E-012
       492     1.19999997E+001   7.00416567E+003  -4.69702103E-020   1.13429623E-019  -1.19999997E+001  -3.49483809E-020  -1.73472348E-018   1.08420217E-018  -7.04116398E+003  -7.05821085E+003  -1.40393049E+004  -2.60101272E+002  -2.18511225E+000  -1.14545420E+001   3.80495969E-001   1.16740772E+001   0.00000000E+000   2.04090667E+015   5.45423280E+013   1.00000000E-014   4.92000000E-012
       493     1.19999997E+001   7.00368732E+003   4.56326593E-020   5.37899009E-020  -1.19999997E+001   1.06234806E-020   0.00000000E+000   8.67361738E-019  -7.04131550E+003  -7.05838983E+003  -1.40389744E+004  -2.60247184E+002  -2.18841990E+000  -1.14653319E+001   3.81480076E-001   1.16732328E+001   0.00000000E+000   2.04542975E+015   5.45256799E+013   1.00000000E-014   4.93000000E-012
       494     1.19999997E+001   7.00321216E+003   6.83176740E-020   2.32446024E-019  -1.19999997E+001  -1.54682775E-021   2.16840434E-019  -2.16840434E-019  -7.04146750E+003  -7.05856613E+003  -1.40386461E+004  -2.60392128E+002  -2.19143289E+000  -1.14762457E+001   3.82457444E-001   1.16723939E+001   0.00000000E+000   2.04930472E+015   5.44056837E+013   1.00000000E-014   4.94000000E-012
       495     1.19999997E+001   7.00273729E+003   6.05211865E-020  -2.14153752E-019  -1.19999997E+001   7.21102971E-020   2.16840434E-019   6.50521303E-019  -7.04162034E+003  -7.05874140E+003  -1.40383180E+004  -2.60536982E+002  -2.19432593E+000  -1.14860225E+001   3.83433757E-001   1.16715555E+001   0.00000000E+000   2.05336433E+015   5.44032732E+013   1.00000000E-014   4.95000000E-012
       496     1.19999997E+001   7.00225577E+003   5.56684280E-020   1.75906575E-019  -1.19999997E+001   2.35614126E-020   2.16840434E-019  -4.33680869E-019  -7.04177434E+003  -7.05892010E+003  -1.40379853E+004  -2.60683874E+002  -2.19608825E+000  -1.14993163E+001   3.84424850E-001   1.16707054E+001   0.00000000E+000   2.05502453E+015   5.47750275E+013   1.00000000E-014   4.96000000E-012
       497     1.19999997E+001   7.00178365E+003   8.65954704E-020   1.36622113E-019  -1.19999997E+001   2.18574205E-020  -2.16840434E-019   0.00000000E+000  -7.04192674E+003  -7.05909392E+003  -1.40376591E+004  -2.60827898E+002  -2.19920254E+000  -1.15095687E+001   3.85395650E-001   1.16698719E+001   0.00000000E+000   2.05956471E+015   5.48123430E+013   1.00000000E-014   4.97000000E-012
       498     1.19999997E+001   7.00129759E+003  -4.55065142E-020  -1.77618839E-019  -1.19999997E+001   6.86295211E-020   8.67361738E-019   4.33680869E-019  -7.04208446E+003  -7.05927206E+003  -1.40373232E+004  -2.60976177E+002  -2.20554199E+000  -1.15192906E+001   3.86394840E-001   1.16690138E+001   0.00000000E+000   2.06340195E+015   5.47516017E+013   1.00000000E-014   4.98000000E-012
       499     1.19999997E+001   7.00082277E+003   8.77158865E-020   1.20050377E-019  -1.19999997E+001   7.13840325E-020   0.00000000E+000   1.51788304E-018  -7.04223783E+003  -7.05944678E+003  -1.40369951E+004  -2.61121030E+002  -2.20785970E+000  -1.15301777E+001   3.87371367E-001   1.16681756E+001   0.00000000E+000   2.06772484E+015   5.37967962E+013   1.00000000E-014   4.99000000E-012
       500     1.19999997E+001   7.00035194E+003   4.76327820E-020  -1.99251266E-020  -1.19999997E+001   6.93516497E-020  -2.16840434E-019   4.33680869E-019  -7.04238939E+003  -7.05962059E+003  -1.40366698E+004  -2.61264675E+002  -2.20938319E+000  -1.15435136E+001   3.88340505E-001   1.16673444E+001   0.00000000E+000   2.07145887E+015   5.34990867E+013   1.00000000E-014   5.00000000E-012
