    iLoop            EVM               SVM               E11               E22               E33               E12               E13               E23               S11               S22               S33               S12               S13               S23              EpVM              dEVM             dEpVM             TotDens         TotJunctDens         DTIME           DTIMETOT
         1     1.19999997E+001   7.18850040E+003  -1.84606033E-021  -1.12820553E-020  -1.19999997E+001  -1.07963614E-020  -8.13151629E-020  -1.08420217E-019  -6.98628998E+003  -6.98629582E+003  -1.41660936E+004  -2.04124506E+002   1.40218079E-002  -6.91128629E-003   4.40400800E-004   1.19996227E+001   0.00000000E+000   7.67613037E+014   0.00000000E+000   1.00000000E-014   1.00000000E-014
         2     1.19999997E+001   7.18828395E+003   8.37649617E-021   9.84040229E-021  -1.19999997E+001   1.11655683E-020   2.71050543E-020   0.00000000E+000  -6.98635733E+003  -6.98637667E+003  -1.41659454E+004  -2.04189936E+002   3.25428751E-002  -1.60655833E-002   8.87069275E-004   1.19992403E+001   0.00000000E+000   7.73022809E+014   0.00000000E+000   1.00000000E-014   2.00000000E-014
         3     1.19999997E+001   7.18806433E+003  -4.41001004E-021   5.89781069E-021  -1.19999997E+001  -1.37955632E-020  -2.71050543E-020   0.00000000E+000  -6.98642566E+003  -6.98645871E+003  -1.41657950E+004  -2.04256322E+002   5.13343807E-002  -2.53491757E-002   1.34026859E-003   1.19988523E+001   0.00000000E+000   7.78435749E+014   0.00000000E+000   1.00000000E-014   3.00000000E-014
         4     1.19999997E+001   7.18784310E+003   7.99785425E-021   1.04560541E-020  -1.19999997E+001   3.83364610E-021   0.00000000E+000   5.42101086E-020  -6.98649450E+003  -6.98654134E+003  -1.41656435E+004  -2.04323196E+002   7.02634381E-002  -3.47004991E-002   1.79679433E-003   1.19984615E+001   0.00000000E+000   7.83850474E+014   0.00000000E+000   1.00000000E-014   4.00000000E-014
         5     1.19999997E+001   7.18762024E+003   2.95272459E-021  -4.28246913E-022  -1.19999997E+001   1.41851911E-020   1.08420217E-019   2.71050543E-020  -6.98656384E+003  -6.98662459E+003  -1.41654909E+004  -2.04390564E+002   8.93333849E-002  -4.41245590E-002   2.25670187E-003   1.19980678E+001   0.00000000E+000   7.89267528E+014   0.00000000E+000   1.00000000E-014   5.00000000E-014
         6     1.19999997E+001   7.18739573E+003  -4.13714383E-021   1.34180869E-020  -1.19999997E+001  -6.01232351E-021  -5.42101086E-020   2.71050543E-020  -6.98663370E+003  -6.98670845E+003  -1.41653372E+004  -2.04458432E+002   1.08544921E-001  -5.36185809E-002   2.72001215E-003   1.19976712E+001   0.00000000E+000   7.94687160E+014   0.00000000E+000   1.00000000E-014   6.00000000E-014
         7     1.19999997E+001   7.18716963E+003   2.64413453E-021   1.59216500E-020  -1.19999997E+001   5.13604197E-021  -5.42101086E-020   2.71050543E-020  -6.98670405E+003  -6.98679291E+003  -1.41651824E+004  -2.04526782E+002   1.27893437E-001  -6.31803446E-002   3.18662189E-003   1.19972718E+001   0.00000000E+000   8.00108139E+014   0.00000000E+000   1.00000000E-014   7.00000000E-014
         8     1.19999997E+001   7.18694186E+003   6.28574547E-021   1.09086640E-020  -1.19999997E+001   3.72334673E-021   5.42101086E-020   5.42101086E-020  -6.98677492E+003  -6.98687800E+003  -1.41650265E+004  -2.04595635E+002   1.47386535E-001  -7.28134917E-002   3.65666373E-003   1.19968694E+001   0.00000000E+000   8.05531910E+014   0.00000000E+000   1.00000000E-014   8.00000000E-014
         9     1.19999997E+001   7.18671249E+003  -1.13964809E-021   9.00093352E-021  -1.19999997E+001  -5.53254583E-021   0.00000000E+000   2.71050543E-020  -6.98684629E+003  -6.98696368E+003  -1.41648694E+004  -2.04664975E+002   1.67018288E-001  -8.25153619E-002   4.13002915E-003   1.19964642E+001   0.00000000E+000   8.10957207E+014   0.00000000E+000   1.00000000E-014   9.00000000E-014
        10     1.19999997E+001   7.18648150E+003  -1.62551330E-021  -3.25022559E-020  -1.19999997E+001   1.75778465E-021   0.00000000E+000  -1.62630326E-019  -6.98691817E+003  -6.98704997E+003  -1.41647112E+004  -2.04734806E+002   1.86789608E-001  -9.22852440E-002   4.60674602E-003   1.19960561E+001   0.00000000E+000   8.16384337E+014   0.00000000E+000   1.00000000E-014   1.00000000E-013
        11     1.19999997E+001   7.18624888E+003  -1.31487079E-020  -4.50989210E-021  -1.19999997E+001  -2.36167820E-021   1.08420217E-019  -2.71050543E-020  -6.98699056E+003  -6.98713687E+003  -1.41645519E+004  -2.04805128E+002   2.06701438E-001  -1.02124320E-001   5.08682150E-003   1.19956452E+001   0.00000000E+000   8.21813352E+014   0.00000000E+000   1.00000000E-014   1.10000000E-013
        12     1.19999997E+001   7.18601468E+003  -8.76573635E-021   1.44597056E-020  -1.19999997E+001  -1.14970350E-021   2.71050543E-020   5.42101086E-020  -6.98706343E+003  -6.98722436E+003  -1.41643916E+004  -2.04875931E+002   2.26749509E-001  -1.12030454E-001   5.57017370E-003   1.19952314E+001   0.00000000E+000   8.27243293E+014   0.00000000E+000   1.00000000E-014   1.20000000E-013
        13     1.19999997E+001   7.18577885E+003   3.65407036E-021  -8.79914669E-021  -1.19999997E+001   7.81783907E-021   5.42101086E-020   2.71050543E-020  -6.98713682E+003  -6.98731246E+003  -1.41642301E+004  -2.04947225E+002   2.46938906E-001  -1.22006243E-001   6.05688286E-003   1.19948148E+001   0.00000000E+000   8.32675002E+014   0.00000000E+000   1.00000000E-014   1.30000000E-013
        14     1.19999997E+001   7.18554142E+003   4.82535810E-021   8.49791078E-021  -1.19999997E+001  -9.20525360E-021   5.42101086E-020   5.42101086E-020  -6.98721070E+003  -6.98740116E+003  -1.41640675E+004  -2.05019005E+002   2.67265877E-001  -1.32049812E-001   6.54690295E-003   1.19943954E+001   0.00000000E+000   8.38107967E+014   0.00000000E+000   1.00000000E-014   1.40000000E-013
        15     1.19999997E+001   7.18530235E+003  -2.39355050E-021   1.27580848E-020  -1.19999997E+001   1.18891703E-021  -5.42101086E-020  -5.42101086E-020  -6.98728510E+003  -6.98749046E+003  -1.41639038E+004  -2.05091280E+002   2.87734844E-001  -1.42164653E-001   7.04031399E-003   1.19939730E+001   0.00000000E+000   8.43543021E+014   0.00000000E+000   1.00000000E-014   1.50000000E-013
        16     1.19999997E+001   7.18506167E+003  -4.76518071E-021  -1.42682840E-020  -1.19999997E+001   4.35453724E-021   0.00000000E+000   5.42101086E-020  -6.98736000E+003  -6.98758038E+003  -1.41637390E+004  -2.05164046E+002   3.08342345E-001  -1.52345754E-001   7.53706599E-003   1.19935479E+001   0.00000000E+000   8.48979610E+014   0.00000000E+000   1.00000000E-014   1.60000000E-013
        17     1.19999997E+001   7.18481938E+003   1.61218018E-020   2.73094939E-020  -1.19999997E+001  -4.72521755E-021   0.00000000E+000  -5.42101086E-020  -6.98743541E+003  -6.98767089E+003  -1.41635731E+004  -2.05237297E+002   3.29088732E-001  -1.62595734E-001   8.03713295E-003   1.19931198E+001   0.00000000E+000   8.54417417E+014   0.00000000E+000   1.00000000E-014   1.70000000E-013
        18     1.19999997E+001   7.18457545E+003   2.12202846E-021   1.77071193E-020  -1.19999997E+001  -1.62126883E-020  -5.42101086E-020   5.42101086E-020  -6.98751132E+003  -6.98776201E+003  -1.41634060E+004  -2.05311046E+002   3.49978260E-001  -1.72917183E-001   8.54060627E-003   1.19926889E+001   0.00000000E+000   8.59857357E+014   0.00000000E+000   1.00000000E-014   1.80000000E-013
        19     1.19999997E+001   7.18432984E+003   1.06480375E-020   1.37119307E-020  -1.19999997E+001   1.46149890E-020   0.00000000E+000   0.00000000E+000  -6.98758777E+003  -6.98785376E+003  -1.41632378E+004  -2.05385305E+002   3.71011700E-001  -1.83309389E-001   9.04755337E-003   1.19922550E+001   0.00000000E+000   8.65300154E+014   0.00000000E+000   1.00000000E-014   1.90000000E-013
        20     1.19999997E+001   7.18408260E+003   7.33419690E-021   2.88123809E-021  -1.19999997E+001   6.85174381E-021   0.00000000E+000  -1.08420217E-019  -6.98766472E+003  -6.98794612E+003  -1.41630685E+004  -2.05460055E+002   3.92185889E-001  -1.93770441E-001   9.55785974E-003   1.19918182E+001   0.00000000E+000   8.70744532E+014   0.00000000E+000   1.00000000E-014   2.00000000E-013
        21     1.19999997E+001   7.18383373E+003   1.31243061E-020  -2.29179953E-020  -1.19999997E+001   4.31814129E-022   0.00000000E+000   0.00000000E+000  -6.98774218E+003  -6.98803909E+003  -1.41628981E+004  -2.05535299E+002   4.13500892E-001  -2.04301095E-001   1.00715359E-002   1.19913786E+001   0.00000000E+000   8.76190588E+014   0.00000000E+000   1.00000000E-014   2.10000000E-013
        22     1.19999997E+001   7.18358325E+003  -6.07440083E-021   1.48514980E-020  -1.19999997E+001   1.39000464E-020  -1.08420217E-019   1.08420217E-019  -6.98782014E+003  -6.98813267E+003  -1.41627266E+004  -2.05611032E+002   4.34954667E-001  -2.14901258E-001   1.05885503E-002   1.19909361E+001   0.00000000E+000   8.81637963E+014   0.00000000E+000   1.00000000E-014   2.20000000E-013
        23     1.19999997E+001   7.18333118E+003   7.00363485E-022  -1.06799660E-021  -1.19999997E+001  -3.05798333E-021   0.00000000E+000   5.42101086E-020  -6.98789860E+003  -6.98822683E+003  -1.41625539E+004  -2.05687247E+002   4.56545064E-001  -2.25569489E-001   1.11088497E-002   1.19904908E+001   0.00000000E+000   8.87086103E+014   0.00000000E+000   1.00000000E-014   2.30000000E-013
        24     1.19999997E+001   7.18307751E+003   6.45573109E-021  -8.50525927E-021  -1.19999997E+001  -4.60403559E-021   5.42101086E-020  -1.08420217E-019  -6.98797756E+003  -6.98832160E+003  -1.41623802E+004  -2.05763946E+002   4.78271851E-001  -2.36303889E-001   1.16324616E-002   1.19900427E+001   0.00000000E+000   8.92535279E+014   0.00000000E+000   1.00000000E-014   2.40000000E-013
        25     1.19999997E+001   7.18282223E+003  -9.30691926E-021  -1.96274579E-020  -1.19999997E+001   2.71997665E-021  -1.08420217E-019   0.00000000E+000  -6.98805702E+003  -6.98841697E+003  -1.41622054E+004  -2.05841133E+002   5.00137803E-001  -2.47108885E-001   1.21593975E-002   1.19895917E+001   0.00000000E+000   8.97985563E+014   0.00000000E+000   1.00000000E-014   2.50000000E-013
        26     1.19999997E+001   7.18256528E+003   7.87992931E-021   2.08240134E-020  -1.19999997E+001  -3.15491856E-021   5.42101086E-020   0.00000000E+000  -6.98813701E+003  -6.98851296E+003  -1.41620294E+004  -2.05918824E+002   5.22149183E-001  -2.57985838E-001   1.26897841E-002   1.19891378E+001   0.00000000E+000   9.03438256E+014   0.00000000E+000   1.00000000E-014   2.60000000E-013
        27     1.19999997E+001   7.18230673E+003  -5.57188861E-021   2.08793828E-020  -1.19999997E+001   3.99321441E-021   1.08420217E-019   0.00000000E+000  -6.98821749E+003  -6.98860954E+003  -1.41618523E+004  -2.05997001E+002   5.44298843E-001  -2.68931135E-001   1.32234851E-002   1.19886811E+001   0.00000000E+000   9.08891922E+014   0.00000000E+000   1.00000000E-014   2.70000000E-013
        28     1.19999997E+001   7.18204658E+003  -3.36528092E-021  -3.85809962E-021  -1.19999997E+001  -9.27078181E-021   5.42101086E-020   0.00000000E+000  -6.98829848E+003  -6.98870673E+003  -1.41616742E+004  -2.06075664E+002   5.66587623E-001  -2.79944173E-001   1.37605027E-002   1.19882215E+001   0.00000000E+000   9.14346565E+014   0.00000000E+000   1.00000000E-014   2.80000000E-013
        29     1.19999997E+001   7.18178480E+003   8.15124455E-021  -9.02195554E-021  -1.19999997E+001   1.70226532E-020   0.00000000E+000   0.00000000E+000  -6.98837997E+003  -6.98880453E+003  -1.41614949E+004  -2.06154822E+002   5.89019030E-001  -2.91029879E-001   1.43008993E-002   1.19877590E+001   0.00000000E+000   9.19802770E+014   0.00000000E+000   1.00000000E-014   2.90000000E-013
        30     1.19999997E+001   7.18152138E+003  -1.33185384E-020  -3.02817898E-021  -1.19999997E+001   1.84114378E-020   0.00000000E+000   5.42101086E-020  -6.98846198E+003  -6.98890294E+003  -1.41613145E+004  -2.06234475E+002   6.11594181E-001  -3.02186458E-001   1.48446833E-002   1.19872937E+001   0.00000000E+000   9.25260605E+014   0.00000000E+000   1.00000000E-014   3.00000000E-013
        31     1.19999997E+001   7.18125635E+003   7.81571942E-021   1.76995972E-021  -1.19999997E+001   1.25125026E-020  -5.42101086E-020   5.42101086E-020  -6.98854449E+003  -6.98900195E+003  -1.41611329E+004  -2.06314616E+002   6.34307426E-001  -3.13411091E-001   1.53917906E-002   1.19868255E+001   0.00000000E+000   9.30719412E+014   0.00000000E+000   1.00000000E-014   3.10000000E-013
        32     1.19999997E+001   7.18098970E+003  -1.05276311E-020   1.73248068E-020  -1.19999997E+001  -1.07225355E-020  -1.08420217E-019   0.00000000E+000  -6.98862750E+003  -6.98910156E+003  -1.41609503E+004  -2.06395246E+002   6.57160967E-001  -3.24704379E-001   1.59422417E-002   1.19863544E+001   0.00000000E+000   9.36179372E+014   0.00000000E+000   1.00000000E-014   3.20000000E-013
        33     1.19999997E+001   7.18072146E+003  -4.76378485E-021   1.34642579E-020  -1.19999997E+001  -1.00829698E-020  -5.42101086E-020   0.00000000E+000  -6.98871102E+003  -6.98920177E+003  -1.41607666E+004  -2.06476361E+002   6.80153578E-001  -3.36067070E-001   1.64960081E-002   1.19858806E+001   0.00000000E+000   9.41640212E+014   0.00000000E+000   1.00000000E-014   3.30000000E-013
        34     1.19999997E+001   7.18045160E+003   2.47420061E-021  -1.47422043E-020  -1.19999997E+001  -6.37859650E-021   0.00000000E+000   1.08420217E-019  -6.98879504E+003  -6.98930259E+003  -1.41605817E+004  -2.06557965E+002   7.03285822E-001  -3.47498001E-001   1.70531053E-002   1.19854039E+001   0.00000000E+000   9.47102039E+014   0.00000000E+000   1.00000000E-014   3.40000000E-013
        35     1.19999997E+001   7.18018012E+003   1.56823104E-021  -1.46731889E-020  -1.19999997E+001   7.47657536E-021   5.42101086E-020   0.00000000E+000  -6.98887957E+003  -6.98940400E+003  -1.41603958E+004  -2.06640061E+002   7.26558462E-001  -3.58999279E-001   1.76135629E-002   1.19849243E+001   0.00000000E+000   9.52565049E+014   0.00000000E+000   1.00000000E-014   3.50000000E-013
        36     1.19999997E+001   7.17990702E+003  -5.78406043E-021  -2.60908275E-021  -1.19999997E+001  -1.64393358E-020   0.00000000E+000   0.00000000E+000  -6.98896461E+003  -6.98950603E+003  -1.41602087E+004  -2.06722649E+002   7.49972482E-001  -3.70570182E-001   1.81773882E-002   1.19844418E+001   0.00000000E+000   9.58029267E+014   0.00000000E+000   1.00000000E-014   3.60000000E-013
        37     1.19999997E+001   7.17963225E+003  -3.10141031E-021   3.22000733E-021  -1.19999997E+001   1.34158356E-020   0.00000000E+000  -5.42101086E-020  -6.98905017E+003  -6.98960868E+003  -1.41600205E+004  -2.06805743E+002   7.73532616E-001  -3.82215799E-001   1.87446580E-002   1.19839564E+001   0.00000000E+000   9.63495410E+014   0.00000000E+000   1.00000000E-014   3.70000000E-013
        38     1.19999997E+001   7.17935577E+003  -1.29764993E-020  -7.31739480E-021  -1.19999997E+001   2.11810970E-020   5.42101086E-020   5.42101086E-020  -6.98913627E+003  -6.98971195E+003  -1.41598311E+004  -2.06889352E+002   7.97241472E-001  -3.93937586E-001   1.93154543E-002   1.19834680E+001   0.00000000E+000   9.68964239E+014   0.00000000E+000   1.00000000E-014   3.80000000E-013
        39     1.19999997E+001   7.17907764E+003  -1.20759064E-020  -1.05643469E-020  -1.19999997E+001   1.80989186E-020  -1.08420217E-019  -5.42101086E-020  -6.98922289E+003  -6.98981585E+003  -1.41596406E+004  -2.06973464E+002   8.21097940E-001  -4.05736350E-001   1.98896810E-002   1.19829767E+001   0.00000000E+000   9.74434794E+014   0.00000000E+000   1.00000000E-014   3.90000000E-013
        40     1.19999997E+001   7.17879786E+003   1.26838841E-020   4.69512886E-021  -1.19999997E+001  -1.87925095E-021  -5.42101086E-020  -5.42101086E-020  -6.98931003E+003  -6.98992035E+003  -1.41594490E+004  -2.07058077E+002   8.45099056E-001  -4.17606225E-001   2.04673303E-002   1.19824824E+001   0.00000000E+000   9.79906986E+014   0.00000000E+000   1.00000000E-014   4.00000000E-013
        41     1.19999997E+001   7.17851640E+003   4.68804612E-021   2.00499533E-021  -1.19999997E+001  -1.22575759E-020   0.00000000E+000   5.42101086E-020  -6.98939770E+003  -6.99002548E+003  -1.41592562E+004  -2.07143198E+002   8.69252742E-001  -4.29557271E-001   2.10484554E-002   1.19819852E+001   0.00000000E+000   9.85381229E+014   0.00000000E+000   1.00000000E-014   4.10000000E-013
        42     1.19999997E+001   7.17823328E+003   3.30437975E-021   1.44274451E-020  -1.19999997E+001  -2.35627567E-021   1.08420217E-019  -5.42101086E-020  -6.98948589E+003  -6.99013123E+003  -1.41590622E+004  -2.07228821E+002   8.93555453E-001  -4.41586047E-001   2.16330090E-002   1.19814851E+001   0.00000000E+000   9.90856980E+014   0.00000000E+000   1.00000000E-014   4.20000000E-013
        43     1.19999997E+001   7.17794852E+003   1.27954501E-021   4.04759184E-021  -1.19999997E+001   1.52862977E-020   5.42101086E-020  -5.42101086E-020  -6.98957460E+003  -6.99023759E+003  -1.41588672E+004  -2.07314942E+002   9.18001888E-001  -4.53689228E-001   2.22209675E-002   1.19809820E+001   0.00000000E+000   9.96333985E+014   0.00000000E+000   1.00000000E-014   4.30000000E-013
        44     1.19999997E+001   7.17766217E+003   9.42334494E-021  -8.11921715E-021  -1.19999997E+001  -1.49321610E-021   1.08420217E-019   5.42101086E-020  -6.98966381E+003  -6.99034454E+003  -1.41586710E+004  -2.07401546E+002   9.42593655E-001  -4.65867646E-001   2.28122266E-002   1.19804762E+001   0.00000000E+000   1.00181117E+015   0.00000000E+000   1.00000000E-014   4.40000000E-013
        45     1.19999997E+001   7.17737423E+003  -4.02780090E-021   3.03495669E-020  -1.19999997E+001   6.03541994E-021   0.00000000E+000   5.42101086E-020  -6.98975352E+003  -6.99045208E+003  -1.41584738E+004  -2.07488631E+002   9.67329543E-001  -4.78117912E-001   2.34067707E-002   1.19799675E+001   0.00000000E+000   1.00728826E+015   0.00000000E+000   1.00000000E-014   4.50000000E-013
        46     1.19999997E+001   7.17698010E+003  -1.70631851E-021   2.28090207E-020  -1.19999997E+001  -1.03227488E-020   1.08420217E-019  -5.42101086E-020  -6.98987450E+003  -6.99060110E+003  -1.41582038E+004  -2.07607836E+002   1.00248411E+000  -5.00350921E-001   2.42225789E-002   1.19792713E+001   0.00000000E+000   1.01728315E+015   0.00000000E+000   1.00000000E-014   4.60000000E-013
        47     1.19999997E+001   7.17662896E+003   3.76160384E-021  -4.97082880E-021  -1.19999997E+001   9.41507313E-021  -2.16840434E-019   5.42101086E-020  -6.98998522E+003  -6.99073093E+003  -1.41579632E+004  -2.07714040E+002   1.03300812E+000  -5.17723444E-001   2.49481936E-002   1.19786510E+001   0.00000000E+000   1.02587538E+015   5.59224150E+011   1.00000000E-014   4.70000000E-013
        48     1.19999997E+001   7.17636105E+003   1.40940203E-020  -1.12818905E-020  -1.19999997E+001   7.09121260E-021  -5.42101086E-020   2.16840434E-019  -6.99006904E+003  -6.99083065E+003  -1.41577797E+004  -2.07795073E+002   1.05648477E+000  -5.28484877E-001   2.55014173E-002   1.19781777E+001   0.00000000E+000   1.03085785E+015   1.04714130E+012   1.00000000E-014   4.80000000E-013
        49     1.19999997E+001   7.17609104E+003  -3.67516346E-021   1.45876209E-020  -1.19999997E+001   1.92859228E-020   0.00000000E+000   0.00000000E+000  -6.99015357E+003  -6.99093110E+003  -1.41575947E+004  -2.07876740E+002   1.08013271E+000  -5.39344338E-001   2.60589529E-002   1.19777007E+001   0.00000000E+000   1.03555874E+015   1.28394664E+012   1.00000000E-014   4.90000000E-013
        50     1.19999997E+001   7.17581998E+003   2.89347778E-021  -1.37438474E-020  -1.19999997E+001   1.52244660E-020  -5.42101086E-020   1.08420217E-019  -6.99023845E+003  -6.99103192E+003  -1.41574090E+004  -2.07958726E+002   1.10386383E+000  -5.50212058E-001   2.66186624E-002   1.19772219E+001   0.00000000E+000   1.04037642E+015   1.54364243E+012   1.00000000E-014   5.00000000E-013
        51     1.19999997E+001   7.17554822E+003  -7.45144975E-021   7.03614046E-022  -1.19999997E+001  -9.73043574E-021  -5.42101086E-020  -1.08420217E-019  -6.99032353E+003  -6.99113303E+003  -1.41572228E+004  -2.08040929E+002   1.12777206E+000  -5.61055436E-001   2.71798805E-002   1.19767418E+001   0.00000000E+000   1.04531167E+015   1.82637089E+012   1.00000000E-014   5.10000000E-013
        52     1.19999997E+001   7.17527532E+003  -4.99472333E-021  -6.72603821E-021  -1.19999997E+001   2.14005583E-020   5.42101086E-020   1.08420217E-019  -6.99040897E+003  -6.99123455E+003  -1.41570358E+004  -2.08123473E+002   1.15168104E+000  -5.72024598E-001   2.77434117E-002   1.19762598E+001   0.00000000E+000   1.05036215E+015   2.13141031E+012   1.00000000E-014   5.20000000E-013
        53     1.19999997E+001   7.17500164E+003  -2.36317229E-020  -2.94337228E-020  -1.19999997E+001   1.35719659E-020   5.42101086E-020   5.42101086E-020  -6.99049472E+003  -6.99133631E+003  -1.41568483E+004  -2.08206255E+002   1.17572584E+000  -5.82940638E-001   2.83085645E-002   1.19757763E+001   0.00000000E+000   1.05552725E+015   2.45896996E+012   1.00000000E-014   5.30000000E-013
        54     1.19999997E+001   7.17472713E+003   2.43532312E-021  -2.47510792E-020  -1.19999997E+001  -1.97872976E-020   5.42101086E-020   5.42101086E-020  -6.99058077E+003  -6.99143833E+003  -1.41566603E+004  -2.08289291E+002   1.19982564E+000  -5.93890305E-001   2.88754413E-002   1.19752914E+001   0.00000000E+000   1.06080376E+015   2.80822914E+012   1.00000000E-014   5.40000000E-013
        55     1.19999997E+001   7.17445154E+003   1.08548844E-020  -2.46205139E-020  -1.19999997E+001   4.99358596E-021   0.00000000E+000  -5.42101086E-020  -6.99066712E+003  -6.99154081E+003  -1.41564714E+004  -2.08372654E+002   1.22398795E+000  -6.04995213E-001   2.94445707E-002   1.19748045E+001   0.00000000E+000   1.06619523E+015   3.18363156E+012   1.00000000E-014   5.50000000E-013
        56     1.19999997E+001   7.17417509E+003   1.28761002E-021  -2.31215221E-020  -1.19999997E+001  -2.48443697E-021   5.42101086E-020  -5.42101086E-020  -6.99075384E+003  -6.99164349E+003  -1.41562820E+004  -2.08456278E+002   1.24824992E+000  -6.15963068E-001   3.00154402E-002   1.19743162E+001   0.00000000E+000   1.07171179E+015   3.59356886E+012   1.00000000E-014   5.60000000E-013
        57     1.19999997E+001   7.17389805E+003   1.09543529E-020   5.52864515E-020  -1.19999997E+001   9.33731815E-021   0.00000000E+000   5.42101086E-020  -6.99084074E+003  -6.99174641E+003  -1.41560922E+004  -2.08540081E+002   1.27246337E+000  -6.26904227E-001   3.05874755E-002   1.19738268E+001   0.00000000E+000   1.07734954E+015   4.03822895E+012   1.00000000E-014   5.70000000E-013
        58     1.19999997E+001   7.17362036E+003   1.32883463E-020  -2.24750627E-020  -1.19999997E+001   7.51064487E-021  -1.08420217E-019   1.08420217E-019  -6.99092788E+003  -6.99184953E+003  -1.41559020E+004  -2.08624083E+002   1.29667633E+000  -6.37746431E-001   3.11608174E-002   1.19733362E+001   0.00000000E+000   1.08309941E+015   4.51590861E+012   1.00000000E-014   5.80000000E-013
        59     1.19999997E+001   7.17334609E+003   7.40078494E-021  -2.41797042E-020  -1.19999997E+001   2.12102034E-020   0.00000000E+000   1.62630326E-019  -6.99101409E+003  -6.99195125E+003  -1.41557140E+004  -2.08707052E+002   1.32139902E+000  -6.48590131E-001   3.17274462E-002   1.19728517E+001   0.00000000E+000   1.08534334E+015   2.71354967E+012   1.00000000E-014   5.90000000E-013
        60     1.19999997E+001   7.17305659E+003  -1.08953128E-020  -2.88789690E-020  -1.19999997E+001  -2.17430628E-020  -5.42101086E-020  -2.16840434E-019  -6.99110428E+003  -6.99205942E+003  -1.41555157E+004  -2.08794628E+002   1.34597667E+000  -6.59246710E-001   3.23248490E-002   1.19723403E+001   0.00000000E+000   1.09146294E+015   2.73814716E+012   1.00000000E-014   6.00000000E-013
        61     1.19999997E+001   7.17277646E+003   1.87501165E-020  -3.67095195E-020  -1.19999997E+001  -1.47131133E-020   5.42101086E-020  -1.08420217E-019  -6.99119275E+003  -6.99216289E+003  -1.41553237E+004  -2.08879369E+002   1.37103891E+000  -6.69758049E-001   3.29033241E-002   1.19718455E+001   0.00000000E+000   1.09728464E+015   3.45277199E+012   1.00000000E-014   6.10000000E-013
        62     1.19999997E+001   7.17249638E+003   1.18542220E-020  -4.77033573E-020  -1.19999997E+001  -1.04052083E-020  -1.08420217E-019  -5.42101086E-020  -6.99128084E+003  -6.99226672E+003  -1.41551318E+004  -2.08964099E+002   1.39543509E+000  -6.80179049E-001   3.34814914E-002   1.19713507E+001   0.00000000E+000   1.10331335E+015   3.93781998E+012   1.00000000E-014   6.20000000E-013
        63     1.19999997E+001   7.17221484E+003   4.02309631E-021  -3.30448573E-020  -1.19999997E+001  -3.12989634E-021   5.42101086E-020   0.00000000E+000  -6.99136930E+003  -6.99237117E+003  -1.41549389E+004  -2.09049272E+002   1.41990370E+000  -6.90711224E-001   3.40626757E-002   1.19708534E+001   0.00000000E+000   1.10943763E+015   4.44011956E+012   1.00000000E-014   6.30000000E-013
        64     1.19999997E+001   7.17193180E+003   7.17300008E-021   6.26079241E-020  -1.19999997E+001   1.91279830E-020  -1.08420217E-019  -2.16840434E-019  -6.99145822E+003  -6.99247620E+003  -1.41547450E+004  -2.09134899E+002   1.44449461E+000  -7.01303621E-001   3.46469628E-002   1.19703534E+001   0.00000000E+000   1.11566041E+015   4.96238350E+012   1.00000000E-014   6.40000000E-013
        65     1.19999997E+001   7.17164727E+003  -6.67472716E-021   1.64748270E-020  -1.19999997E+001   1.23201831E-020  -1.08420217E-019   5.42101086E-020  -6.99154757E+003  -6.99258182E+003  -1.41545500E+004  -2.09220976E+002   1.46917548E+000  -7.11913225E-001   3.52342975E-002   1.19698508E+001   0.00000000E+000   1.12197446E+015   5.50467300E+012   1.00000000E-014   6.50000000E-013
        66     1.19999997E+001   7.17136117E+003   2.10188662E-020   9.70729407E-021  -1.19999997E+001  -2.22108334E-021   5.42101086E-020   0.00000000E+000  -6.99163741E+003  -6.99268802E+003  -1.41543539E+004  -2.09307532E+002   1.49397608E+000  -7.22539411E-001   3.58248889E-002   1.19693454E+001   0.00000000E+000   1.12838082E+015   6.06884446E+012   1.00000000E-014   6.60000000E-013
        67     1.19999997E+001   7.17107340E+003  -1.17345910E-020  -3.04881067E-020  -1.19999997E+001   5.64302614E-021   0.00000000E+000   2.16840434E-019  -6.99172776E+003  -6.99279487E+003  -1.41541567E+004  -2.09394593E+002   1.51890037E+000  -7.33211104E-001   3.64189134E-002   1.19688370E+001   0.00000000E+000   1.13489515E+015   6.67063271E+012   1.00000000E-014   6.70000000E-013
        68     1.19999997E+001   7.17078351E+003  -1.86063939E-020   7.50394987E-022  -1.19999997E+001  -2.55852650E-020   1.08420217E-019   1.08420217E-019  -6.99181864E+003  -6.99290264E+003  -1.41539581E+004  -2.09482300E+002   1.54396701E+000  -7.44059218E-001   3.70173653E-002   1.19683249E+001   0.00000000E+000   1.14151159E+015   7.30626822E+012   1.00000000E-014   6.80000000E-013
        69     1.19999997E+001   7.17048775E+003  -1.21395993E-020   4.83706271E-020  -1.19999997E+001  -3.20800804E-020   0.00000000E+000  -5.42101086E-020  -6.99191203E+003  -6.99301193E+003  -1.41537554E+004  -2.09571779E+002   1.57045508E+000  -7.55390682E-001   3.76282580E-002   1.19678025E+001   0.00000000E+000   1.14706760E+015   7.96419445E+012   1.00000000E-014   6.90000000E-013
        70     1.19999997E+001   7.17019103E+003  -1.25546371E-020   3.53442256E-020  -1.19999997E+001  -1.14280172E-020   0.00000000E+000   5.42101086E-020  -6.99200520E+003  -6.99312209E+003  -1.41535521E+004  -2.09661553E+002   1.59644205E+000  -7.66831127E-001   3.82410032E-002   1.19672783E+001   0.00000000E+000   1.15476069E+015   7.42729423E+012   1.00000000E-014   7.00000000E-013
        71     1.19999997E+001   7.16989446E+003  -8.87378682E-021   2.47936273E-020  -1.19999997E+001  -1.34300527E-021  -5.42101086E-020  -2.71050543E-019  -6.99209815E+003  -6.99323240E+003  -1.41533488E+004  -2.09751284E+002   1.62202049E+000  -7.77924969E-001   3.88532515E-002   1.19667544E+001   0.00000000E+000   1.16162980E+015   8.16296284E+012   1.00000000E-014   7.10000000E-013
        72     1.19999997E+001   7.16959084E+003   5.77785658E-021  -4.50066063E-021  -1.19999997E+001  -7.81049784E-021   5.42101086E-020   0.00000000E+000  -6.99219290E+003  -6.99334571E+003  -1.41531408E+004  -2.09843147E+002   1.64819756E+000  -7.89105105E-001   3.94800429E-002   1.19662181E+001   0.00000000E+000   1.16832711E+015   7.72355281E+012   1.00000000E-014   7.20000000E-013
        73     1.19999997E+001   7.16928855E+003   9.23650551E-022   1.07561385E-020  -1.19999997E+001  -2.30369801E-022   1.08420217E-019   5.42101086E-020  -6.99228737E+003  -6.99345841E+003  -1.41529336E+004  -2.09934610E+002   1.67407931E+000  -8.00406923E-001   4.01040584E-002   1.19656841E+001   0.00000000E+000   1.17524886E+015   8.40157323E+012   1.00000000E-014   7.30000000E-013
        74     1.19999997E+001   7.16898408E+003   7.00167029E-021   6.15097190E-020  -1.19999997E+001   1.25629090E-020   0.00000000E+000   0.00000000E+000  -6.99238250E+003  -6.99357194E+003  -1.41527249E+004  -2.10026733E+002   1.70001757E+000  -8.11749164E-001   4.07325189E-002   1.19651463E+001   0.00000000E+000   1.18219025E+015   9.06053997E+012   1.00000000E-014   7.40000000E-013
        75     1.19999997E+001   7.16867769E+003   4.22989146E-021  -2.00895934E-020  -1.19999997E+001   1.10937845E-020  -1.08420217E-019   5.42101086E-020  -6.99247829E+003  -6.99368613E+003  -1.41525150E+004  -2.10119439E+002   1.72609029E+000  -8.23057795E-001   4.13649143E-002   1.19646050E+001   0.00000000E+000   1.18919535E+015   9.72904801E+012   1.00000000E-014   7.50000000E-013
        76     1.19999997E+001   7.16836867E+003   1.28181976E-021  -3.11787250E-020  -1.19999997E+001   1.45683566E-020  -1.08420217E-019  -1.62630326E-019  -6.99257480E+003  -6.99380141E+003  -1.41523032E+004  -2.10212942E+002   1.75237414E+000  -8.34719900E-001   4.20028144E-002   1.19640592E+001   0.00000000E+000   1.19625923E+015   1.04033046E+013   1.00000000E-014   7.60000000E-013
        77     1.19999997E+001   7.16805362E+003   1.41702243E-020  -2.11338184E-021  -1.19999997E+001  -4.34455937E-021   0.00000000E+000   1.62630326E-019  -6.99267316E+003  -6.99391897E+003  -1.41520872E+004  -2.10308273E+002   1.77954960E+000  -8.47252361E-001   4.26534756E-002   1.19635026E+001   0.00000000E+000   1.20281126E+015   1.05964544E+013   1.00000000E-014   7.70000000E-013
        78     1.19999997E+001   7.16774078E+003  -1.57286326E-020  -4.22001691E-020  -1.19999997E+001  -1.95811229E-020   1.08420217E-019   1.08420217E-019  -6.99277193E+003  -6.99403461E+003  -1.41518728E+004  -2.10402934E+002   1.80533607E+000  -8.57652732E-001   4.32985135E-002   1.19629500E+001   0.00000000E+000   1.21033901E+015   1.00781625E+013   1.00000000E-014   7.80000000E-013
        79     1.19999997E+001   7.16742247E+003  -6.41395847E-021  -2.04042451E-020  -1.19999997E+001  -9.25118797E-021  -1.08420217E-019   0.00000000E+000  -6.99287104E+003  -6.99415366E+003  -1.41516547E+004  -2.10499252E+002   1.83213012E+000  -8.68861227E-001   4.39553620E-002   1.19623877E+001   0.00000000E+000   1.21780728E+015   9.35790424E+012   1.00000000E-014   7.90000000E-013
        80     1.19999997E+001   7.16710471E+003   1.33636198E-020   4.96459554E-020  -1.19999997E+001   3.82724062E-020   1.08420217E-019  -1.08420217E-019  -6.99296986E+003  -6.99427263E+003  -1.41514369E+004  -2.10595407E+002   1.85861165E+000  -8.80997551E-001   4.46112173E-002   1.19618264E+001   0.00000000E+000   1.22423015E+015   9.95516907E+012   1.00000000E-014   8.00000000E-013
        81     1.19999997E+001   7.16678088E+003   7.45599925E-021  -4.43093254E-020  -1.19999997E+001   1.26818162E-020   1.08420217E-019  -2.16840434E-019  -6.99307175E+003  -6.99439270E+003  -1.41512149E+004  -2.10693398E+002   1.88588666E+000  -8.93154163E-001   4.52795323E-002   1.19612544E+001   0.00000000E+000   1.23170532E+015   9.41196813E+012   1.00000000E-014   8.10000000E-013
        82     1.19999997E+001   7.16645505E+003  -1.26945341E-020  -2.36826075E-020  -1.19999997E+001   1.84868663E-020  -3.25260652E-019   1.08420217E-019  -6.99317275E+003  -6.99451502E+003  -1.41509916E+004  -2.10791997E+002   1.91337066E+000  -9.04633185E-001   4.59520107E-002   1.19606788E+001   0.00000000E+000   1.23994437E+015   9.46101692E+012   1.00000000E-014   8.20000000E-013
        83     1.19999997E+001   7.16611530E+003  -2.01165155E-020   2.21116558E-020  -1.19999997E+001  -1.35379481E-020   1.08420217E-019  -2.16840434E-019  -6.99327927E+003  -6.99464137E+003  -1.41507587E+004  -2.10894809E+002   1.94389675E+000  -9.14741328E-001   4.66534181E-002   1.19600787E+001   0.00000000E+000   1.24583102E+015   1.00571619E+013   1.00000000E-014   8.30000000E-013
        84     1.19999997E+001   7.16573522E+003   2.30555916E-020   3.18012430E-020  -1.19999997E+001   3.90773563E-020  -2.16840434E-019   1.08420217E-019  -6.99339332E+003  -6.99478784E+003  -1.41504982E+004  -2.11009830E+002   1.97205615E+000  -9.30875365E-001   4.74374080E-002   1.19594073E+001   0.00000000E+000   1.24842090E+015   5.65263589E+012   1.00000000E-014   8.40000000E-013
        85     1.19999997E+001   7.16539012E+003  -8.61332832E-021  -5.62749065E-020  -1.19999997E+001   4.07350263E-021   2.16840434E-019   0.00000000E+000  -6.99349784E+003  -6.99491987E+003  -1.41502617E+004  -2.11114263E+002   1.99962330E+000  -9.38986689E-001   4.81484823E-002   1.19587977E+001   0.00000000E+000   1.25438956E+015   3.98502402E+012   1.00000000E-014   8.50000000E-013
        86     1.19999997E+001   7.16504595E+003  -1.85759950E-020   2.40440983E-020  -1.19999997E+001  -3.14725679E-020  -1.08420217E-019   1.08420217E-019  -6.99360285E+003  -6.99505078E+003  -1.41500257E+004  -2.11218422E+002   2.02838152E+000  -9.56489185E-001   4.88601553E-002   1.19581897E+001   0.00000000E+000   1.25900365E+015   2.40370704E+012   1.00000000E-014   8.60000000E-013
        87     1.19999997E+001   7.16470471E+003   2.04864720E-020   1.66418141E-020  -1.19999997E+001  -1.48233868E-020   0.00000000E+000  -2.16840434E-019  -6.99370943E+003  -6.99517811E+003  -1.41497918E+004  -2.11321691E+002   2.05583895E+000  -9.69379253E-001   4.95640688E-002   1.19575869E+001   0.00000000E+000   1.26620064E+015   2.54123660E+012   1.00000000E-014   8.70000000E-013
        88     1.19999997E+001   7.16435272E+003   6.93218712E-021  -8.40061366E-021  -1.19999997E+001  -9.27569320E-021  -1.08420217E-019   0.00000000E+000  -6.99381899E+003  -6.99530983E+003  -1.41495505E+004  -2.11428218E+002   2.08213715E+000  -9.80143632E-001   5.02888902E-002   1.19569651E+001   0.00000000E+000   1.26908040E+015   2.67734180E+012   1.00000000E-014   8.80000000E-013
        89     1.19999997E+001   7.16400871E+003  -1.56233738E-021   3.36858480E-020  -1.19999997E+001  -8.30499675E-021   0.00000000E+000   0.00000000E+000  -6.99392587E+003  -6.99543877E+003  -1.41493147E+004  -2.11532329E+002   2.11084543E+000  -9.93335825E-001   5.09990557E-002   1.19563575E+001   0.00000000E+000   1.27601547E+015   2.81233739E+012   1.00000000E-014   8.90000000E-013
        90     1.19999997E+001   7.16366013E+003   1.11927877E-020  -9.25933053E-021  -1.19999997E+001  -2.05289684E-020   1.08420217E-019   0.00000000E+000  -6.99403492E+003  -6.99556867E+003  -1.41490758E+004  -2.11637829E+002   2.13881237E+000  -1.00661433E+000   5.17181495E-002   1.19557417E+001   0.00000000E+000   1.28275898E+015   2.95007123E+012   1.00000000E-014   9.00000000E-013
        91     1.19999997E+001   7.16331191E+003  -6.29577504E-021   4.79232775E-020  -1.19999997E+001   9.50595960E-021  -3.25260652E-019   0.00000000E+000  -6.99414318E+003  -6.99569912E+003  -1.41488371E+004  -2.11743218E+002   2.16784839E+000  -1.02010444E+000   5.24370462E-002   1.19551266E+001   0.00000000E+000   1.28971496E+015   3.08830068E+012   1.00000000E-014   9.10000000E-013
        92     1.19999997E+001   7.16295918E+003  -1.22215936E-022  -1.93231459E-020  -1.19999997E+001  -7.61854024E-021  -1.08420217E-019   0.00000000E+000  -6.99425207E+003  -6.99583205E+003  -1.41485953E+004  -2.11849977E+002   2.19700454E+000  -1.03484305E+000   5.31655135E-002   1.19545035E+001   0.00000000E+000   1.29615742E+015   2.42775610E+012   1.00000000E-014   9.20000000E-013
        93     1.19999997E+001   7.16259611E+003   2.74191761E-020   4.58650712E-020  -1.19999997E+001  -6.00222932E-022   0.00000000E+000   0.00000000E+000  -6.99436376E+003  -6.99596925E+003  -1.41483464E+004  -2.11959866E+002   2.22731809E+000  -1.04792890E+000   5.39150527E-002   1.19538622E+001   0.00000000E+000   1.29845912E+015   1.88506412E+012   1.00000000E-014   9.30000000E-013
        94     1.19999997E+001   7.16222494E+003   7.10847999E-021   3.34043449E-020  -1.19999997E+001  -9.06160851E-021  -1.08420217E-019   0.00000000E+000  -6.99447852E+003  -6.99610896E+003  -1.41480919E+004  -2.12072209E+002   2.25711711E+000  -1.06573571E+000   5.46817596E-002   1.19532065E+001   0.00000000E+000   1.29828832E+015   1.76406485E+012   1.00000000E-014   9.40000000E-013
        95     1.19999997E+001   7.16186098E+003   9.11046387E-021   1.36424572E-020  -1.19999997E+001   1.07807483E-020   0.00000000E+000   0.00000000E+000  -6.99459050E+003  -6.99624650E+003  -1.41478424E+004  -2.12182372E+002   2.28742275E+000  -1.08226334E+000   5.54338730E-002   1.19525636E+001   0.00000000E+000   1.30230837E+015   1.57339376E+012   1.00000000E-014   9.50000000E-013
        96     1.19999997E+001   7.16149922E+003   1.85774426E-020  -4.34847297E-020  -1.19999997E+001  -1.30126884E-020   0.00000000E+000   0.00000000E+000  -6.99470305E+003  -6.99638196E+003  -1.41475944E+004  -2.12291873E+002   2.31794093E+000  -1.09698304E+000   5.61811031E-002   1.19519246E+001   0.00000000E+000   1.30854239E+015   1.65716394E+012   1.00000000E-014   9.60000000E-013
        97     1.19999997E+001   7.16113561E+003   3.62619437E-020  -4.82063025E-020  -1.19999997E+001  -9.37919417E-022  -1.08420217E-019   0.00000000E+000  -6.99481619E+003  -6.99651811E+003  -1.41473451E+004  -2.12401934E+002   2.34861491E+000  -1.11179141E+000   5.69321558E-002   1.19512823E+001   0.00000000E+000   1.31479975E+015   1.71853465E+012   1.00000000E-014   9.70000000E-013
        98     1.19999997E+001   7.16063917E+003  -4.67605200E-021   6.36160569E-020  -1.19999997E+001  -3.48000054E-021   0.00000000E+000  -1.08420217E-019  -6.99496782E+003  -6.99670686E+003  -1.41470047E+004  -2.12552204E+002   2.39198300E+000  -1.13496724E+000   5.79591706E-002   1.19504054E+001   0.00000000E+000   1.32549065E+015   1.80231381E+012   1.00000000E-014   9.80000000E-013
        99     1.19999997E+001   7.16021783E+003  -2.09944643E-020  -4.49745318E-020  -1.19999997E+001   1.08693600E-020   0.00000000E+000  -1.08420217E-019  -6.99510360E+003  -6.99685996E+003  -1.41467158E+004  -2.12679745E+002   2.42833316E+000  -1.15021715E+000   5.88288509E-002   1.19496611E+001   0.00000000E+000   1.33371484E+015   2.29632433E+012   1.00000000E-014   9.90000000E-013
       100     1.19999997E+001   7.15986833E+003   5.20772234E-021   3.53345708E-021  -1.19999997E+001  -1.31987006E-020   1.08420217E-019   0.00000000E+000  -6.99521261E+003  -6.99699058E+003  -1.41464762E+004  -2.12785541E+002   2.45842085E+000  -1.16486658E+000   5.95510956E-002   1.19490438E+001   0.00000000E+000   1.33411208E+015   2.32641014E+012   1.00000000E-014   1.00000000E-012
       101     1.19999997E+001   7.15951807E+003   2.09906386E-020  -4.14262261E-020  -1.19999997E+001   1.08332743E-020   2.16840434E-019   1.08420217E-019  -6.99532186E+003  -6.99712149E+003  -1.41462360E+004  -2.12891570E+002   2.48825503E+000  -1.17921844E+000   6.02747360E-002   1.19484251E+001   0.00000000E+000   1.33474951E+015   2.20780400E+012   1.00000000E-014   1.01000000E-012
       102     1.19999997E+001   7.15916635E+003  -8.89839544E-022  -2.72484668E-020  -1.19999997E+001   3.97817006E-021   2.16840434E-019   1.08420217E-019  -6.99543138E+003  -6.99725314E+003  -1.41459949E+004  -2.12998044E+002   2.51807085E+000  -1.19397320E+000   6.10014517E-002   1.19478038E+001   0.00000000E+000   1.33776207E+015   2.05551844E+012   1.00000000E-014   1.02000000E-012
       103     1.19999997E+001   7.15881308E+003  -9.15802675E-021  -3.77250711E-020  -1.19999997E+001  -2.80367699E-020  -1.08420217E-019   0.00000000E+000  -6.99554140E+003  -6.99738534E+003  -1.41457526E+004  -2.13104986E+002   2.54805400E+000  -1.20883820E+000   6.17313828E-002   1.19471798E+001   0.00000000E+000   1.34065459E+015   2.18585900E+012   1.00000000E-014   1.03000000E-012
       104     1.19999997E+001   7.15832876E+003   2.97495507E-021  -4.56198509E-020  -1.19999997E+001  -6.38795398E-021   2.16840434E-019   1.08420217E-019  -6.99569825E+003  -6.99756061E+003  -1.41454206E+004  -2.13251601E+002   2.59014394E+000  -1.22983978E+000   6.27319401E-002   1.19463242E+001   0.00000000E+000   1.30673798E+015   2.46731196E+012   1.00000000E-014   1.04000000E-012
       105     1.19999997E+001   7.15795761E+003  -8.02137720E-021  -4.62768649E-020  -1.19999997E+001  -2.32860648E-020  -1.08420217E-019   0.00000000E+000  -6.99581275E+003  -6.99770060E+003  -1.41451661E+004  -2.13363962E+002   2.62229728E+000  -1.23825144E+000   6.34976586E-002   1.19456687E+001   0.00000000E+000   1.30521860E+015   2.52513860E+012   1.00000000E-014   1.05000000E-012
       106     1.19999997E+001   7.15758861E+003  -6.90902607E-022   1.36589233E-020  -1.19999997E+001   1.75952690E-020   0.00000000E+000   0.00000000E+000  -6.99592785E+003  -6.99783853E+003  -1.41449130E+004  -2.13475674E+002   2.65344544E+000  -1.25283038E+000   6.42598530E-002   1.19450169E+001   0.00000000E+000   1.30522906E+015   2.74670801E+012   1.00000000E-014   1.06000000E-012
       107     1.19999997E+001   7.15724507E+003   2.20673176E-020   7.44303319E-020  -1.19999997E+001   1.71031482E-020   0.00000000E+000  -1.08420217E-019  -6.99603455E+003  -6.99796740E+003  -1.41446775E+004  -2.13579682E+002   2.68310751E+000  -1.26838861E+000   6.49702303E-002   1.19444100E+001   0.00000000E+000   1.30924910E+015   3.02573428E+012   1.00000000E-014   1.07000000E-012
       108     1.19999997E+001   7.15690075E+003  -1.81739852E-020   4.56296607E-020  -1.19999997E+001  -1.82665261E-020   0.00000000E+000   1.08420217E-019  -6.99614154E+003  -6.99809654E+003  -1.41444413E+004  -2.13683926E+002   2.71289127E+000  -1.28410655E+000   6.56822684E-002   1.19438018E+001   0.00000000E+000   1.31125102E+015   3.13899427E+012   1.00000000E-014   1.08000000E-012
       109     1.19999997E+001   7.15655498E+003  -9.64368517E-021  -6.69355715E-020  -1.19999997E+001   2.64409317E-020  -2.16840434E-019   1.08420217E-019  -6.99624892E+003  -6.99822627E+003  -1.41442042E+004  -2.13788613E+002   2.74283592E+000  -1.29984722E+000   6.63973392E-002   1.19431910E+001   0.00000000E+000   1.31540082E+015   3.46968392E+012   1.00000000E-014   1.09000000E-012
       110     1.19999997E+001   7.15620489E+003  -2.52581668E-020  -1.30671272E-021  -1.19999997E+001   3.60689521E-020   0.00000000E+000   1.08420217E-019  -6.99635743E+003  -6.99835784E+003  -1.41439641E+004  -2.13894608E+002   2.77248856E+000  -1.31657553E+000   6.71212827E-002   1.19425726E+001   0.00000000E+000   1.31953673E+015   3.74234886E+012   1.00000000E-014   1.10000000E-012
       111     1.19999997E+001   7.15585718E+003   7.75150952E-021  -2.20012465E-020  -1.19999997E+001   1.33742697E-020  -1.08420217E-019   0.00000000E+000  -6.99646580E+003  -6.99848793E+003  -1.41437257E+004  -2.13999886E+002   2.80296151E+000  -1.33221924E+000   6.78404488E-002   1.19419585E+001   0.00000000E+000   1.32393690E+015   3.80526205E+012   1.00000000E-014   1.11000000E-012
       112     1.19999997E+001   7.15550144E+003  -7.87806815E-021   5.35883790E-021  -1.19999997E+001   1.61102730E-020   0.00000000E+000  -2.16840434E-019  -6.99657692E+003  -6.99862077E+003  -1.41434817E+004  -2.14107595E+002   2.83482359E+000  -1.34646919E+000   6.85760752E-002   1.19413301E+001   0.00000000E+000   1.32529991E+015   3.95606823E+012   1.00000000E-014   1.12000000E-012
       113     1.19999997E+001   7.15512322E+003   7.34681141E-021  -3.28522018E-020  -1.19999997E+001   2.36222103E-020  -1.08420217E-019   0.00000000E+000  -6.99669523E+003  -6.99876185E+003  -1.41432223E+004  -2.14222114E+002   2.86789132E+000  -1.35999848E+000   6.93575147E-002   1.19406620E+001   0.00000000E+000   1.32308218E+015   4.27956055E+012   1.00000000E-014   1.13000000E-012
       114     1.19999997E+001   7.15472453E+003   1.26205014E-020   5.18560560E-020  -1.19999997E+001   9.59498491E-021   0.00000000E+000  -1.08420217E-019  -6.99682050E+003  -6.99891003E+003  -1.41429489E+004  -2.14342832E+002   2.90931822E+000  -1.38347663E+000   7.01858230E-002   1.19399578E+001   0.00000000E+000   1.31223504E+015   4.59812087E+012   1.00000000E-014   1.14000000E-012
       115     1.19999997E+001   7.15436680E+003   6.03552334E-021   5.19503546E-020  -1.19999997E+001   3.22474294E-020  -1.08420217E-019   0.00000000E+000  -6.99693157E+003  -6.99904430E+003  -1.41427036E+004  -2.14451152E+002   2.93660045E+000  -1.40220736E+000   7.09248004E-002   1.19393259E+001   0.00000000E+000   1.30983234E+015   5.86440866E+012   1.00000000E-014   1.15000000E-012
       116     1.19999997E+001   7.15398583E+003   3.01244703E-020   1.55649025E-020  -1.19999997E+001  -5.52158569E-021   0.00000000E+000  -1.08420217E-019  -6.99705205E+003  -6.99918511E+003  -1.41424423E+004  -2.14566508E+002   2.96659365E+000  -1.41627557E+000   7.17105937E-002   1.19386529E+001   0.00000000E+000   1.30658197E+015   4.94140423E+012   1.00000000E-014   1.16000000E-012
       117     1.19999997E+001   7.15363701E+003   2.59360413E-020   1.65906581E-020  -1.19999997E+001   2.25012255E-020   3.25260652E-019   0.00000000E+000  -6.99715862E+003  -6.99931778E+003  -1.41422030E+004  -2.14672134E+002   2.99649453E+000  -1.43020715E+000   7.24317375E-002   1.19380368E+001   0.00000000E+000   1.30783357E+015   5.06674330E+012   1.00000000E-014   1.17000000E-012
       118     1.19999997E+001   7.15329052E+003  -3.46071689E-021  -2.76088590E-020  -1.19999997E+001  -7.76567499E-021  -1.08420217E-019   0.00000000E+000  -6.99726651E+003  -6.99944754E+003  -1.41419654E+004  -2.14777057E+002   3.02792635E+000  -1.44747232E+000   7.31492743E-002   1.19374247E+001   0.00000000E+000   1.31076748E+015   5.36383477E+012   1.00000000E-014   1.18000000E-012
       119     1.19999997E+001   7.15294581E+003  -2.43093906E-020  -2.89676195E-020  -1.19999997E+001  -4.38920645E-020  -1.08420217E-019   0.00000000E+000  -6.99737335E+003  -6.99957712E+003  -1.41417289E+004  -2.14881439E+002   3.05857459E+000  -1.46452199E+000   7.38629084E-002   1.19368159E+001   0.00000000E+000   1.31471151E+015   5.61580894E+012   1.00000000E-014   1.19000000E-012
       120     1.19999997E+001   7.15259478E+003   1.88630267E-020   3.02434034E-020  -1.19999997E+001  -1.44712663E-020  -1.08420217E-019  -2.16840434E-019  -6.99748224E+003  -6.99970901E+003  -1.41414882E+004  -2.14987741E+002   3.09024716E+000  -1.48059073E+000   7.45895469E-002   1.19361958E+001   0.00000000E+000   1.31780303E+015   5.85499943E+012   1.00000000E-014   1.20000000E-012
       121     1.19999997E+001   7.15224971E+003   2.37133036E-020   2.30431839E-020  -1.19999997E+001   2.70190275E-020  -2.16840434E-019  -1.08420217E-019  -6.99758908E+003  -6.99983886E+003  -1.41412515E+004  -2.15092238E+002   3.12080765E+000  -1.49801349E+000   7.53040114E-002   1.19355863E+001   0.00000000E+000   1.32192261E+015   6.07959454E+012   1.00000000E-014   1.21000000E-012
       122     1.19999997E+001   7.15190361E+003  -1.25520522E-020   3.47343027E-020  -1.19999997E+001   6.54434281E-021   0.00000000E+000  -1.08420217E-019  -6.99769629E+003  -6.99996905E+003  -1.41410141E+004  -2.15197050E+002   3.15154997E+000  -1.51555273E+000   7.60206771E-002   1.19349750E+001   0.00000000E+000   1.32594155E+015   6.14559271E+012   1.00000000E-014   1.22000000E-012
       123     1.19999997E+001   7.15155659E+003   1.40707558E-020  -3.44905623E-020  -1.19999997E+001  -1.00567585E-020  -1.08420217E-019   0.00000000E+000  -6.99780375E+003  -7.00009963E+003  -1.41407760E+004  -2.15302143E+002   3.18239448E+000  -1.53321756E+000   7.67392901E-002   1.19343620E+001   0.00000000E+000   1.33020273E+015   6.37671957E+012   1.00000000E-014   1.23000000E-012
       124     1.19999997E+001   7.15120898E+003  -4.17745855E-020   1.61209488E-020  -1.19999997E+001   2.69936951E-020   0.00000000E+000   2.16840434E-019  -6.99791136E+003  -7.00023046E+003  -1.41405376E+004  -2.15407415E+002   3.21324877E+000  -1.55094737E+000   7.74591269E-002   1.19337480E+001   0.00000000E+000   1.33451953E+015   6.55709999E+012   1.00000000E-014   1.24000000E-012
       125     1.19999997E+001   7.15085597E+003  -2.42719607E-020   2.89692803E-020  -1.19999997E+001   1.71815753E-020   1.08420217E-019  -1.08420217E-019  -6.99802197E+003  -7.00036200E+003  -1.41402955E+004  -2.15514324E+002   3.24606708E+000  -1.56898763E+000   7.81905920E-002   1.19331245E+001   0.00000000E+000   1.33768100E+015   6.72942201E+012   1.00000000E-014   1.25000000E-012
       126     1.19999997E+001   7.15050278E+003  -2.75066505E-020  -3.60776892E-020  -1.19999997E+001   9.69331601E-021  -2.16840434E-019  -1.08420217E-019  -6.99813010E+003  -7.00049616E+003  -1.41400532E+004  -2.15621291E+002   3.27681425E+000  -1.58651717E+000   7.89218169E-002   1.19325006E+001   0.00000000E+000   1.34068743E+015   6.76265737E+012   1.00000000E-014   1.26000000E-012
       127     1.19999997E+001   7.15014811E+003  -8.11867431E-021   3.41816879E-020  -1.19999997E+001   1.60313807E-020   0.00000000E+000   1.08420217E-019  -6.99823899E+003  -7.00063056E+003  -1.41398099E+004  -2.15728707E+002   3.30806120E+000  -1.60451901E+000   7.96563164E-002   1.19318741E+001   0.00000000E+000   1.34451791E+015   5.45021047E+012   1.00000000E-014   1.27000000E-012
       128     1.19999997E+001   7.14979477E+003   2.12289700E-020   1.23385362E-020  -1.19999997E+001   6.98419610E-021   0.00000000E+000   1.08420217E-019  -6.99834776E+003  -7.00076419E+003  -1.41395675E+004  -2.15835724E+002   3.33930897E+000  -1.62317970E+000   8.03882613E-002   1.19312500E+001   0.00000000E+000   1.34907820E+015   4.40044699E+012   1.00000000E-014   1.28000000E-012
       129     1.19999997E+001   7.14943348E+003   9.34052348E-021   4.69342280E-021  -1.19999997E+001   1.25286844E-020   1.08420217E-019   0.00000000E+000  -6.99845995E+003  -7.00089984E+003  -1.41393196E+004  -2.15945148E+002   3.37122200E+000  -1.64263693E+000   8.11366221E-002   1.19306118E+001   0.00000000E+000   1.35063183E+015   4.31313571E+012   1.00000000E-014   1.29000000E-012
       130     1.19999997E+001   7.14907142E+003  -1.00729919E-021  -2.59832940E-021  -1.19999997E+001  -1.85861280E-020   1.08420217E-019   1.08420217E-019  -6.99857025E+003  -7.00103793E+003  -1.41390713E+004  -2.16054809E+002   3.40284351E+000  -1.65887712E+000   8.18859876E-002   1.19299723E+001   0.00000000E+000   1.35422964E+015   4.57403102E+012   1.00000000E-014   1.30000000E-012
       131     1.19999997E+001   7.14870898E+003  -5.40727966E-021   5.53299044E-020  -1.19999997E+001  -9.89452769E-021   1.08420217E-019  -1.08420217E-019  -6.99868121E+003  -7.00117562E+003  -1.41388226E+004  -2.16164587E+002   3.43330290E+000  -1.67812961E+000   8.26362843E-002   1.19293321E+001   0.00000000E+000   1.35656527E+015   1.78806114E+012   1.00000000E-014   1.31000000E-012
       132     1.19999997E+001   7.14834824E+003  -2.22728720E-020   2.79856915E-020  -1.19999997E+001  -2.09880537E-020   1.08420217E-019   2.16840434E-019  -6.99879235E+003  -7.00131197E+003  -1.41385751E+004  -2.16273853E+002   3.46391503E+000  -1.69660742E+000   8.33829719E-002   1.19286949E+001   0.00000000E+000   1.36079408E+015   1.46851409E+012   1.00000000E-014   1.32000000E-012
       133     1.19999997E+001   7.14798169E+003  -1.20664972E-021   1.54286245E-020  -1.19999997E+001   3.20081674E-020   1.08420217E-019  -3.25260652E-019  -6.99890591E+003  -7.00144988E+003  -1.41383236E+004  -2.16384878E+002   3.49742029E+000  -1.71353069E+000   8.41421263E-002   1.19280475E+001   0.00000000E+000   1.36428358E+015   1.40384031E+012   1.00000000E-014   1.33000000E-012
       134     1.19999997E+001   7.14761652E+003  -1.60876289E-020  -1.46264919E-020  -1.19999997E+001   1.92531457E-020  -1.08420217E-019   1.08420217E-019  -6.99901634E+003  -7.00158998E+003  -1.41380731E+004  -2.16495490E+002   3.52820998E+000  -1.73030889E+000   8.48977370E-002   1.19274025E+001   0.00000000E+000   1.36743878E+015   1.48083526E+012   1.00000000E-014   1.34000000E-012
       135     1.19999997E+001   7.14725385E+003   2.48441629E-020  -1.24626392E-020  -1.19999997E+001  -1.01801118E-020   0.00000000E+000   0.00000000E+000  -6.99912825E+003  -7.00172690E+003  -1.41378243E+004  -2.16605346E+002   3.56065988E+000  -1.74814007E+000   8.56489298E-002   1.19267619E+001   0.00000000E+000   1.37160261E+015   1.68578063E+012   1.00000000E-014   1.35000000E-012
       136     1.19999997E+001   7.14689352E+003  -8.10843795E-022   7.51908792E-020  -1.19999997E+001  -3.22124810E-020  -3.25260652E-019   1.08420217E-019  -6.99923902E+003  -7.00186335E+003  -1.41375771E+004  -2.16714496E+002   3.59233016E+000  -1.76632592E+000   8.63952181E-002   1.19261254E+001   0.00000000E+000   1.37628377E+015   1.73386027E+012   1.00000000E-014   1.36000000E-012
       137     1.19999997E+001   7.14651219E+003   3.54002283E-020   3.21134778E-021  -1.19999997E+001  -1.85604337E-020  -1.08420217E-019   1.08420217E-019  -6.99935691E+003  -7.00200709E+003  -1.41373154E+004  -2.16830007E+002   3.62788771E+000  -1.78404399E+000   8.71853876E-002   1.19254519E+001   0.00000000E+000   1.37695414E+015   1.88039087E+012   1.00000000E-014   1.37000000E-012
       138     1.19999997E+001   7.14613768E+003  -2.17389269E-020   6.31173187E-020  -1.19999997E+001  -2.84614237E-020   1.08420217E-019  -3.25260652E-019  -6.99947242E+003  -7.00214855E+003  -1.41370585E+004  -2.16943456E+002   3.66182330E+000  -1.80069608E+000   8.79609191E-002   1.19247904E+001   0.00000000E+000   1.37818584E+015   2.03165853E+012   1.00000000E-014   1.38000000E-012
       139     1.19999997E+001   7.14576793E+003   2.85677164E-020   2.37523362E-020  -1.19999997E+001   2.64712789E-020  -1.08420217E-019  -2.16840434E-019  -6.99958775E+003  -7.00228693E+003  -1.41368047E+004  -2.17055466E+002   3.69616530E+000  -1.82029731E+000   8.87275166E-002   1.19241373E+001   0.00000000E+000   1.38107016E+015   2.15798204E+012   1.00000000E-014   1.39000000E-012
       140     1.19999997E+001   7.14539642E+003   3.20635885E-021   4.55811156E-020  -1.19999997E+001  -7.31238001E-020   0.00000000E+000   4.33680869E-019  -6.99970183E+003  -7.00242776E+003  -1.41365498E+004  -2.17168010E+002   3.72915578E+000  -1.83851683E+000   8.94970525E-002   1.19234810E+001   0.00000000E+000   1.38488154E+015   2.28036203E+012   1.00000000E-014   1.40000000E-012
       141     1.19999997E+001   7.14501222E+003   1.91678427E-021  -2.95433760E-020  -1.19999997E+001   5.71168213E-021   1.08420217E-019  -1.08420217E-019  -6.99982042E+003  -7.00257280E+003  -1.41362862E+004  -2.17284399E+002   3.76217924E+000  -1.85676652E+000   9.02922326E-002   1.19228024E+001   0.00000000E+000   1.38721296E+015   2.19841614E+012   1.00000000E-014   1.41000000E-012
       142     1.19999997E+001   7.14464601E+003  -8.79251632E-021  -2.15978409E-020  -1.19999997E+001   2.87862989E-020   1.08420217E-019   1.08420217E-019  -6.99993259E+003  -7.00271191E+003  -1.41360349E+004  -2.17395342E+002   3.79418380E+000  -1.87639187E+000   9.10510279E-002   1.19221556E+001   0.00000000E+000   1.39188311E+015   1.96193261E+012   1.00000000E-014   1.42000000E-012
       143     1.19999997E+001   7.14427482E+003   6.62778466E-021   2.15719915E-020  -1.19999997E+001  -2.30511455E-020   2.16840434E-019   1.08420217E-019  -7.00004596E+003  -7.00285325E+003  -1.41357802E+004  -2.17507794E+002   3.82587600E+000  -1.89486038E+000   9.18195692E-002   1.19215000E+001   0.00000000E+000   1.39667581E+015   2.07919062E+012   1.00000000E-014   1.43000000E-012
       144     1.19999997E+001   7.14390485E+003   5.10422137E-020  -7.31226111E-020  -1.19999997E+001   1.86607810E-020   3.25260652E-019   1.08420217E-019  -7.00015930E+003  -7.00299379E+003  -1.41355263E+004  -2.17619881E+002   3.85830670E+000  -1.91453895E+000   9.25861952E-002   1.19208465E+001   0.00000000E+000   1.39934556E+015   1.97353434E+012   1.00000000E-014   1.44000000E-012
       145     1.19999997E+001   7.14352876E+003   3.05874847E-020  -5.06741183E-020  -1.19999997E+001   5.29043523E-020   0.00000000E+000  -1.08420217E-019  -7.00027347E+003  -7.00313771E+003  -1.41352682E+004  -2.17733828E+002   3.89123369E+000  -1.93737787E+000   9.33663023E-002   1.19201822E+001   0.00000000E+000   1.40207616E+015   2.05506197E+012   1.00000000E-014   1.45000000E-012
       146     1.19999997E+001   7.14315516E+003  -1.26035442E-020   8.37497623E-020  -1.19999997E+001   2.29601557E-020   2.16840434E-019  -2.16840434E-019  -7.00038876E+003  -7.00327880E+003  -1.41350119E+004  -2.17847019E+002   3.92418680E+000  -1.95794253E+000   9.41406218E-002   1.19195223E+001   0.00000000E+000   1.40333404E+015   2.10572831E+012   1.00000000E-014   1.46000000E-012
       147     1.19999997E+001   7.14278273E+003   2.43180760E-021   3.88445825E-020  -1.19999997E+001  -3.39402028E-020  -2.16840434E-019   4.33680869E-019  -7.00050292E+003  -7.00342023E+003  -1.41347563E+004  -2.17959858E+002   3.95719333E+000  -1.97842404E+000   9.49126899E-002   1.19188645E+001   0.00000000E+000   1.40817460E+015   1.67986711E+012   1.00000000E-014   1.47000000E-012
       148     1.19999997E+001   7.14240480E+003   1.99888195E-021   2.41633933E-020  -1.19999997E+001   1.95800889E-020  -1.08420217E-019  -1.08420217E-019  -7.00062022E+003  -7.00356228E+003  -1.41344969E+004  -2.18074362E+002   3.99227775E+000  -1.99940082E+000   9.56966557E-002   1.19181969E+001   0.00000000E+000   1.41150736E+015   1.77630859E+012   1.00000000E-014   1.48000000E-012
       149     1.19999997E+001   7.14202507E+003  -2.85211875E-021  -5.09580997E-020  -1.19999997E+001  -2.02315970E-020   0.00000000E+000  -1.08420217E-019  -7.00073625E+003  -7.00370686E+003  -1.41342363E+004  -2.18189420E+002   4.02551567E+000  -2.02183974E+000   9.64841487E-002   1.19175262E+001   0.00000000E+000   1.41539400E+015   1.84090532E+012   1.00000000E-014   1.49000000E-012
       150     1.19999997E+001   7.14163970E+003  -2.57164249E-020   9.84381118E-021  -1.19999997E+001  -2.92491065E-020  -3.25260652E-019  -1.08420217E-019  -7.00085376E+003  -7.00385384E+003  -1.41339718E+004  -2.18306188E+002   4.06176288E+000  -2.04629214E+000   9.72847684E-002   1.19168455E+001   0.00000000E+000   1.41773804E+015   1.13474979E+012   1.00000000E-014   1.50000000E-012
       151     1.19999997E+001   7.14117147E+003   2.16948795E-021   7.20549277E-020  -1.19999997E+001  -1.93615064E-020   1.08420217E-019   0.00000000E+000  -7.00100049E+003  -7.00402845E+003  -1.41336505E+004  -2.18448061E+002   4.10172466E+000  -2.07468967E+000   9.82551200E-002   1.19160185E+001   0.00000000E+000   1.41822337E+015   4.93660895E+012   1.00000000E-014   1.51000000E-012
       152     1.19999997E+001   7.14071110E+003   2.55638100E-020   2.73946709E-020  -1.19999997E+001   3.81909289E-021   0.00000000E+000   2.16840434E-019  -7.00114240E+003  -7.00420252E+003  -1.41333345E+004  -2.18587566E+002   4.14746459E+000  -2.10677758E+000   9.92131054E-002   1.19152054E+001   0.00000000E+000   1.40329731E+015   1.55872159E+013   1.00000000E-014   1.52000000E-012
       153     1.19999997E+001   7.14022010E+003  -3.05581198E-021   6.39368220E-020  -1.19999997E+001   2.82965046E-020   1.08420217E-019   2.16840434E-019  -7.00129081E+003  -7.00439108E+003  -1.41329975E+004  -2.18736341E+002   4.18305044E+000  -2.13075203E+000   1.00227473E-001   1.19143381E+001   0.00000000E+000   1.37080359E+015   3.36639227E+013   1.00000000E-014   1.53000000E-012
       154     1.19999997E+001   7.13981079E+003   5.03639256E-020   3.07628470E-020  -1.19999997E+001   5.39394138E-021   1.08420217E-019   0.00000000E+000  -7.00141705E+003  -7.00454578E+003  -1.41327166E+004  -2.18860372E+002   4.21761970E+000  -2.15038787E+000   1.01074695E-001   1.19136152E+001   0.00000000E+000   1.35893660E+015   4.06980255E+013   1.00000000E-014   1.54000000E-012
       155     1.19999997E+001   7.13936762E+003  -1.63223414E-020  -2.24963141E-020  -1.19999997E+001   1.17617845E-020  -2.16840434E-019   2.16840434E-019  -7.00155339E+003  -7.00471362E+003  -1.41324124E+004  -2.18994667E+002   4.25646938E+000  -2.17661078E+000   1.01993795E-001   1.19128324E+001   0.00000000E+000   1.33902110E+015   5.39041932E+013   1.00000000E-014   1.55000000E-012
       156     1.19999997E+001   7.13901129E+003   1.52527969E-020   4.47847991E-020  -1.19999997E+001   3.22881680E-020  -2.16840434E-019  -1.08420217E-019  -7.00166398E+003  -7.00484762E+003  -1.41321678E+004  -2.19102650E+002   4.29091875E+000  -2.19771943E+000   1.02733989E-001   1.19122030E+001   0.00000000E+000   1.33774840E+015   5.46315232E+013   1.00000000E-014   1.56000000E-012
       157     1.19999997E+001   7.13865911E+003  -6.01711857E-021   4.86759601E-020  -1.19999997E+001   4.74711716E-020   2.16840434E-019  -1.08420217E-019  -7.00177177E+003  -7.00498157E+003  -1.41319261E+004  -2.19209379E+002   4.32342761E+000  -2.21881034E+000   1.03465211E-001   1.19115810E+001   0.00000000E+000   1.33819025E+015   5.53488717E+013   1.00000000E-014   1.57000000E-012
       158     1.19999997E+001   7.13830352E+003   1.72363760E-020  -5.37598639E-020  -1.19999997E+001   1.78122488E-020  -1.08420217E-019   0.00000000E+000  -7.00188155E+003  -7.00511587E+003  -1.41316820E+004  -2.19317141E+002   4.35478452E+000  -2.23976520E+000   1.04202735E-001   1.19109529E+001   0.00000000E+000   1.33727827E+015   5.60553289E+013   1.00000000E-014   1.58000000E-012
       159     1.19999997E+001   7.13794824E+003  -2.40999071E-021   5.46012100E-020  -1.19999997E+001  -9.51847071E-021   1.08420217E-019  -1.08420217E-019  -7.00199161E+003  -7.00524969E+003  -1.41314381E+004  -2.19424812E+002   4.38907053E+000  -2.26066172E+000   1.04940766E-001   1.19103254E+001   0.00000000E+000   1.33645681E+015   5.67497646E+013   1.00000000E-014   1.59000000E-012
       160     1.19999997E+001   7.13759750E+003   8.00338602E-021  -4.27967739E-021  -1.19999997E+001   2.33442777E-020   0.00000000E+000  -2.16840434E-019  -7.00209969E+003  -7.00538238E+003  -1.41311974E+004  -2.19531109E+002   4.42159049E+000  -2.28074113E+000   1.05668788E-001   1.19097059E+001   0.00000000E+000   1.33828339E+015   5.74309088E+013   1.00000000E-014   1.60000000E-012
       161     1.19999997E+001   7.13722273E+003  -1.65527112E-020  -5.84345200E-020  -1.19999997E+001   1.57737656E-020  -1.08420217E-019   0.00000000E+000  -7.00221643E+003  -7.00552291E+003  -1.41309401E+004  -2.19644693E+002   4.46000624E+000  -2.30594976E+000   1.06448923E-001   1.19090440E+001   0.00000000E+000   1.33465490E+015   6.12769346E+013   1.00000000E-014   1.61000000E-012
       162     1.19999997E+001   7.13684758E+003  -1.24862913E-020   6.04269913E-020  -1.19999997E+001  -2.58605611E-020   1.08420217E-019  -1.08420217E-019  -7.00233255E+003  -7.00566432E+003  -1.41306826E+004  -2.19758391E+002   4.49275249E+000  -2.32470005E+000   1.07226114E-001   1.19083814E+001   0.00000000E+000   1.33033305E+015   6.51364999E+013   1.00000000E-014   1.62000000E-012
       163     1.19999997E+001   7.13649730E+003   1.24352129E-020   7.07699543E-020  -1.19999997E+001  -1.01298606E-020  -3.25260652E-019   0.00000000E+000  -7.00244035E+003  -7.00579698E+003  -1.41304421E+004  -2.19864555E+002   4.52539463E+000  -2.34474794E+000   1.07953316E-001   1.19077627E+001   0.00000000E+000   1.33213709E+015   6.58112972E+013   1.00000000E-014   1.63000000E-012
       164     1.19999997E+001   7.13613354E+003   1.92964693E-020   5.47678352E-020  -1.19999997E+001   2.43837335E-020   0.00000000E+000  -4.33680869E-019  -7.00255041E+003  -7.00593664E+003  -1.41301924E+004  -2.19974807E+002   4.55924029E+000  -2.36509145E+000   1.08708616E-001   1.19071202E+001   0.00000000E+000   1.32867530E+015   6.80992487E+013   1.00000000E-014   1.64000000E-012
       165     1.19999997E+001   7.13573217E+003   3.10420204E-021  -1.10801929E-019  -1.19999997E+001  -2.39359703E-020  -2.16840434E-019  -2.16840434E-019  -7.00267475E+003  -7.00608784E+003  -1.41299169E+004  -2.20096455E+002   4.59190287E+000  -2.38496363E+000   1.09539149E-001   1.19064113E+001   0.00000000E+000   1.31760031E+015   7.59150825E+013   1.00000000E-014   1.65000000E-012
       166     1.19999997E+001   7.13533677E+003  -2.23981898E-020   7.31186302E-020  -1.19999997E+001  -2.49800790E-020   1.08420217E-019   3.25260652E-019  -7.00279678E+003  -7.00623727E+003  -1.41296454E+004  -2.20216303E+002   4.63156456E+000  -2.40960038E+000   1.10361649E-001   1.19057129E+001   0.00000000E+000   1.30656848E+015   8.21986278E+013   1.00000000E-014   1.66000000E-012
       167     1.19999997E+001   7.13497967E+003   2.90121192E-020  -1.46989581E-019  -1.19999997E+001  -3.08561116E-020   1.08420217E-019   0.00000000E+000  -7.00290438E+003  -7.00637482E+003  -1.41294002E+004  -2.20324542E+002   4.66436562E+000  -2.42691651E+000   1.11102413E-001   1.19050822E+001   0.00000000E+000   1.30473758E+015   8.36021134E+013   1.00000000E-014   1.67000000E-012
       168     1.19999997E+001   7.13462956E+003  -1.39913465E-020  -2.64220099E-020  -1.19999997E+001   5.26593518E-021  -1.08420217E-019   1.08420217E-019  -7.00301364E+003  -7.00650593E+003  -1.41291599E+004  -2.20430666E+002   4.69818721E+000  -2.44753438E+000   1.11829781E-001   1.19044638E+001   0.00000000E+000   1.30473736E+015   8.50905982E+013   1.00000000E-014   1.68000000E-012
       169     1.19999997E+001   7.13427288E+003   4.11658840E-020   5.11571918E-020  -1.19999997E+001  -3.15432919E-020  -1.08420217E-019   3.25260652E-019  -7.00312448E+003  -7.00663999E+003  -1.41289150E+004  -2.20538783E+002   4.73156537E+000  -2.47007036E+000   1.12570804E-001   1.19038338E+001   0.00000000E+000   1.30235661E+015   8.71891157E+013   1.00000000E-014   1.69000000E-012
       170     1.19999997E+001   7.13389738E+003  -1.07243966E-020  -4.89557023E-020  -1.19999997E+001   1.20927602E-020   1.08420217E-019   2.16840434E-019  -7.00324041E+003  -7.00678187E+003  -1.41286572E+004  -2.20652607E+002   4.76816137E+000  -2.49147259E+000   1.13351065E-001   1.19031706E+001   0.00000000E+000   1.29620362E+015   9.16005650E+013   1.00000000E-014   1.70000000E-012
       171     1.19999997E+001   7.13354739E+003   2.24459595E-020   2.21819338E-020  -1.19999997E+001   7.87558661E-021   1.08420217E-019  -2.16840434E-019  -7.00334902E+003  -7.00691354E+003  -1.41284169E+004  -2.20758695E+002   4.79894084E+000  -2.50871429E+000   1.14076238E-001   1.19025524E+001   0.00000000E+000   1.29375259E+015   9.30465810E+013   1.00000000E-014   1.71000000E-012
       172     1.19999997E+001   7.13320796E+003  -1.93109450E-020   1.46192800E-020  -1.19999997E+001   3.08735858E-020   0.00000000E+000   2.16840434E-019  -7.00345251E+003  -7.00704311E+003  -1.41281838E+004  -2.20861591E+002   4.83069623E+000  -2.52863778E+000   1.14781356E-001   1.19019529E+001   0.00000000E+000   1.29343689E+015   9.37260479E+013   1.00000000E-014   1.72000000E-012
       173     1.19999997E+001   7.13286882E+003  -1.86967634E-020  -1.04969220E-021  -1.19999997E+001  -4.24309533E-020   2.16840434E-019   5.42101086E-019  -7.00355727E+003  -7.00717121E+003  -1.41279510E+004  -2.20964398E+002   4.86350829E+000  -2.54869341E+000   1.15486170E-001   1.19013539E+001   0.00000000E+000   1.29460738E+015   9.43922143E+013   1.00000000E-014   1.73000000E-012
       174     1.19999997E+001   7.13250050E+003   3.27131321E-020  -3.24266949E-020  -1.19999997E+001  -2.02458659E-020  -1.08420217E-019   0.00000000E+000  -7.00366710E+003  -7.00731429E+003  -1.41276981E+004  -2.21076052E+002   4.89554375E+000  -2.56925950E+000   1.16250396E-001   1.19007034E+001   0.00000000E+000   1.28932034E+015   9.88143704E+013   1.00000000E-014   1.74000000E-012
       175     1.19999997E+001   7.13214445E+003  -3.20520080E-020  -6.05764267E-020  -1.19999997E+001   8.54663688E-021   0.00000000E+000   2.16840434E-019  -7.00377875E+003  -7.00744711E+003  -1.41274536E+004  -2.21183988E+002   4.92705119E+000  -2.58958669E+000   1.16988809E-001   1.19000745E+001   0.00000000E+000   1.28682175E+015   1.01780216E+014   1.00000000E-014   1.75000000E-012
       176     1.19999997E+001   7.13179316E+003  -6.74524431E-021  -1.77802473E-021  -1.19999997E+001  -2.16501601E-020   5.42101086E-019   0.00000000E+000  -7.00388713E+003  -7.00757996E+003  -1.41272124E+004  -2.21290488E+002   4.96115851E+000  -2.61206023E+000   1.17719429E-001   1.18994541E+001   0.00000000E+000   1.28461064E+015   1.04524105E+014   1.00000000E-014   1.76000000E-012
       177     1.19999997E+001   7.13143714E+003  -8.11981169E-021  -6.20933467E-020  -1.19999997E+001  -6.07781295E-021  -3.25260652E-019   0.00000000E+000  -7.00399600E+003  -7.00771555E+003  -1.41269679E+004  -2.21398419E+002   4.99433900E+000  -2.63207879E+000   1.18458759E-001   1.18988253E+001   0.00000000E+000   1.28122946E+015   1.08275451E+014   1.00000000E-014   1.77000000E-012
       178     1.19999997E+001   7.13110306E+003  -2.66905334E-020   1.18024715E-020  -1.19999997E+001   1.47668283E-020  -2.16840434E-019  -2.16840434E-019  -7.00409873E+003  -7.00784223E+003  -1.41267385E+004  -2.21499703E+002   5.02642635E+000  -2.65140755E+000   1.19153003E-001   1.18982352E+001   0.00000000E+000   1.28194856E+015   1.08985214E+014   1.00000000E-014   1.78000000E-012
       179     1.19999997E+001   7.13076929E+003   2.14109498E-020   2.51833070E-020  -1.19999997E+001   2.32069657E-020  -3.25260652E-019   0.00000000E+000  -7.00420110E+003  -7.00796905E+003  -1.41265093E+004  -2.21600892E+002   5.05817547E+000  -2.67147163E+000   1.19846694E-001   1.18976457E+001   0.00000000E+000   1.28074104E+015   1.09684958E+014   1.00000000E-014   1.79000000E-012
       180     1.19999997E+001   7.13042693E+003  -9.89887039E-021  -8.49665450E-020  -1.19999997E+001  -3.11777815E-020   0.00000000E+000  -1.08420217E-019  -7.00430878E+003  -7.00809649E+003  -1.41262742E+004  -2.21704693E+002   5.09316670E+000  -2.69165486E+000   1.20558835E-001   1.18970410E+001   0.00000000E+000   1.27555312E+015   1.11252226E+014   1.00000000E-014   1.80000000E-012
       181     1.19999997E+001   7.13008907E+003   9.84469006E-021  -4.04170787E-020  -1.19999997E+001  -8.03688683E-021  -3.25260652E-019  -4.33680869E-019  -7.00441155E+003  -7.00822573E+003  -1.41260422E+004  -2.21807125E+002   5.12464996E+000  -2.70997254E+000   1.21260401E-001   1.18964443E+001   0.00000000E+000   1.27442735E+015   1.12720358E+014   1.00000000E-014   1.81000000E-012
       182     1.19999997E+001   7.12975834E+003   1.47531798E-020  -1.51731808E-020  -1.19999997E+001  -1.46165916E-020   6.50521303E-019   2.16840434E-019  -7.00451303E+003  -7.00835137E+003  -1.41258151E+004  -2.21907400E+002   5.15679311E+000  -2.72963413E+000   1.21948047E-001   1.18958602E+001   0.00000000E+000   1.27587736E+015   1.13420989E+014   1.00000000E-014   1.82000000E-012
       183     1.19999997E+001   7.12942869E+003   1.72880748E-021  -2.12507352E-020  -1.19999997E+001  -8.00447169E-021   3.25260652E-019  -1.08420217E-019  -7.00461371E+003  -7.00847708E+003  -1.41255887E+004  -2.22007349E+002   5.18833519E+000  -2.74944804E+000   1.22633372E-001   1.18952779E+001   0.00000000E+000   1.27734280E+015   1.14111133E+014   1.00000000E-014   1.83000000E-012
       184     1.19999997E+001   7.12909958E+003   1.08360660E-022   1.28122522E-019  -1.19999997E+001   4.64251500E-020   4.33680869E-019   1.08420217E-019  -7.00471448E+003  -7.00860234E+003  -1.41253626E+004  -2.22107138E+002   5.21999495E+000  -2.76904643E+000   1.23317590E-001   1.18946967E+001   0.00000000E+000   1.27890342E+015   1.14791935E+014   1.00000000E-014   1.84000000E-012
       185     1.19999997E+001   7.12876989E+003   1.57979089E-020   8.52724984E-021  -1.19999997E+001  -1.59974663E-020  -3.25260652E-019  -2.16840434E-019  -7.00481555E+003  -7.00872769E+003  -1.41251362E+004  -2.22207104E+002   5.25180929E+000  -2.78855758E+000   1.24003019E-001   1.18941144E+001   0.00000000E+000   1.28051532E+015   1.15461532E+014   1.00000000E-014   1.85000000E-012
       186     1.19999997E+001   7.12843563E+003   1.10443087E-020  -1.87792747E-020  -1.19999997E+001  -3.94746098E-020   0.00000000E+000   0.00000000E+000  -7.00491807E+003  -7.00885473E+003  -1.41249067E+004  -2.22308456E+002   5.28360991E+000  -2.80796959E+000   1.24697669E-001   1.18935240E+001   0.00000000E+000   1.28160053E+015   1.16122524E+014   1.00000000E-014   1.86000000E-012
       187     1.19999997E+001   7.12809958E+003   9.46935686E-021  -7.34816591E-020  -1.19999997E+001  -1.17990594E-020  -1.08420217E-019  -2.16840434E-019  -7.00502165E+003  -7.00898195E+003  -1.41246759E+004  -2.22410354E+002   5.31714826E+000  -2.82888477E+000   1.25396987E-001   1.18929305E+001   0.00000000E+000   1.27903938E+015   1.17874302E+014   1.00000000E-014   1.87000000E-012
       188     1.19999997E+001   7.12775526E+003   2.34602897E-020  -7.00659202E-020  -1.19999997E+001  -1.60221783E-020  -1.08420217E-019   1.08420217E-019  -7.00512710E+003  -7.00911299E+003  -1.41244394E+004  -2.22514761E+002   5.35151322E+000  -2.84905773E+000   1.26113295E-001   1.18923223E+001   0.00000000E+000   1.27735920E+015   1.19612961E+014   1.00000000E-014   1.88000000E-012
       189     1.19999997E+001   7.12741187E+003   1.39131779E-021  -5.76058401E-020  -1.19999997E+001  -5.65672632E-021   2.16840434E-019  -1.08420217E-019  -7.00523123E+003  -7.00924469E+003  -1.41242035E+004  -2.22618883E+002   5.38024297E+000  -2.86525315E+000   1.26824570E-001   1.18917158E+001   0.00000000E+000   1.27615000E+015   1.21907189E+014   1.00000000E-014   1.89000000E-012
       190     1.19999997E+001   7.12706782E+003  -2.55170743E-020  -1.88595887E-020  -1.19999997E+001   4.60201934E-021   1.08420217E-019  -2.16840434E-019  -7.00533749E+003  -7.00937474E+003  -1.41239672E+004  -2.22723212E+002   5.41331487E+000  -2.88640102E+000   1.27539971E-001   1.18911082E+001   0.00000000E+000   1.27321341E+015   1.25054909E+014   1.00000000E-014   1.90000000E-012
       191     1.19999997E+001   7.12673286E+003  -4.94405852E-021   6.45485221E-021  -1.19999997E+001  -2.68354451E-020   4.33680869E-019  -2.16840434E-019  -7.00543871E+003  -7.00950358E+003  -1.41237372E+004  -2.22824785E+002   5.44504069E+000  -2.90508605E+000   1.28236086E-001   1.18905166E+001   0.00000000E+000   1.27346739E+015   1.26418829E+014   1.00000000E-014   1.91000000E-012
       192     1.19999997E+001   7.12640583E+003   5.93832962E-021   2.98921101E-020  -1.19999997E+001   3.86412770E-020  -4.33680869E-019   0.00000000E+000  -7.00554044E+003  -7.00962648E+003  -1.41235125E+004  -2.22923959E+002   5.47791099E+000  -2.92582983E+000   1.28916789E-001   1.18899390E+001   0.00000000E+000   1.27505670E+015   1.27039535E+014   1.00000000E-014   1.92000000E-012
       193     1.19999997E+001   7.12607109E+003   2.00717444E-020   8.68662169E-020  -1.19999997E+001   1.03375346E-020  -4.33680869E-019   2.16840434E-019  -7.00564414E+003  -7.00975271E+003  -1.41232826E+004  -2.23025471E+002   5.51248359E+000  -2.94654904E+000   1.29613845E-001   1.18893478E+001   0.00000000E+000   1.27430078E+015   1.28804458E+014   1.00000000E-014   1.93000000E-012
       194     1.19999997E+001   7.12571611E+003   1.20590526E-020   4.58415224E-020  -1.19999997E+001   1.45034747E-020   2.16840434E-019   0.00000000E+000  -7.00575356E+003  -7.00988712E+003  -1.41230388E+004  -2.23133120E+002   5.54547683E+000  -2.96783075E+000   1.30351452E-001   1.18887208E+001   0.00000000E+000   1.26762441E+015   1.34065886E+014   1.00000000E-014   1.94000000E-012
       195     1.19999997E+001   7.12538405E+003   2.58080351E-021  -2.89866834E-020  -1.19999997E+001   3.94576009E-020   2.16840434E-019   0.00000000E+000  -7.00585732E+003  -7.01001144E+003  -1.41228107E+004  -2.23233818E+002   5.57408021E+000  -2.98639699E+000   1.31040005E-001   1.18881344E+001   0.00000000E+000   1.26761653E+015   1.35528224E+014   1.00000000E-014   1.95000000E-012
       196     1.19999997E+001   7.12505170E+003  -1.73384294E-020  -4.39396015E-020  -1.19999997E+001  -1.31978735E-020  -2.16840434E-019   2.16840434E-019  -7.00596134E+003  -7.01013571E+003  -1.41225824E+004  -2.23334609E+002   5.60572795E+000  -3.00472103E+000   1.31730335E-001   1.18875474E+001   0.00000000E+000   1.26740711E+015   1.37177324E+014   1.00000000E-014   1.96000000E-012
       197     1.19999997E+001   7.12471924E+003   1.20695991E-020   6.02512671E-020  -1.19999997E+001  -2.86369928E-021   0.00000000E+000   2.16840434E-019  -7.00606648E+003  -7.01025895E+003  -1.41223540E+004  -2.23435439E+002   5.64151315E+000  -3.02656920E+000   1.32423350E-001   1.18869602E+001   0.00000000E+000   1.26661480E+015   1.39134182E+014   1.00000000E-014   1.97000000E-012
       198     1.19999997E+001   7.12438691E+003  -2.55371335E-021   6.04973534E-020  -1.19999997E+001  -6.82813814E-020   0.00000000E+000   2.16840434E-019  -7.00616976E+003  -7.01038397E+003  -1.41221257E+004  -2.23536228E+002   5.67543458E+000  -3.04774786E+000   1.33115405E-001   1.18863733E+001   0.00000000E+000   1.26543038E+015   1.41105612E+014   1.00000000E-014   1.98000000E-012
       199     1.19999997E+001   7.12406415E+003  -1.11090356E-021   5.66751585E-020  -1.19999997E+001  -3.13874200E-020   2.16840434E-019   0.00000000E+000  -7.00626769E+003  -7.01050777E+003  -1.41219040E+004  -2.23634121E+002   5.70755711E+000  -3.06853621E+000   1.33787588E-001   1.18858032E+001   0.00000000E+000   1.26713599E+015   1.41671924E+014   1.00000000E-014   1.99000000E-012
       200     1.19999997E+001   7.12373910E+003   1.83427301E-022  -5.03032958E-020  -1.19999997E+001   1.92687588E-020   0.00000000E+000   0.00000000E+000  -7.00636971E+003  -7.01062905E+003  -1.41216807E+004  -2.23732706E+002   5.74066439E+000  -3.08827606E+000   1.34464118E-001   1.18852291E+001   0.00000000E+000   1.26862659E+015   1.42214990E+014   1.00000000E-014   2.00000000E-012
       201     1.19999997E+001   7.12341479E+003  -2.52496882E-022  -5.28756595E-020  -1.19999997E+001   5.51548006E-020   0.00000000E+000   4.33680869E-019  -7.00646995E+003  -7.01075160E+003  -1.41214579E+004  -2.23831066E+002   5.77048437E+000  -3.10620636E+000   1.35137542E-001   1.18846563E+001   0.00000000E+000   1.27013419E+015   1.42734313E+014   1.00000000E-014   2.01000000E-012
       202     1.19999997E+001   7.12309118E+003  -4.80847328E-020   2.81632768E-020  -1.19999997E+001   2.81293624E-020   0.00000000E+000  -4.33680869E-019  -7.00657036E+003  -7.01087349E+003  -1.41212356E+004  -2.23929215E+002   5.80082020E+000  -3.12457575E+000   1.35809831E-001   1.18840848E+001   0.00000000E+000   1.27132507E+015   1.43778969E+014   1.00000000E-014   2.02000000E-012
       203     1.19999997E+001   7.12275837E+003  -1.96434716E-020  -2.34803230E-020  -1.19999997E+001  -2.27181536E-020  -2.16840434E-019  -2.16840434E-019  -7.00667459E+003  -7.01099790E+003  -1.41210070E+004  -2.24030158E+002   5.83389705E+000  -3.14355823E+000   1.36501931E-001   1.18834970E+001   0.00000000E+000   1.27279113E+015   1.44946197E+014   1.00000000E-014   2.03000000E-012
       204     1.19999997E+001   7.12243859E+003  -2.02611687E-020  -4.19967352E-020  -1.19999997E+001   2.13451889E-020   0.00000000E+000  -4.33680869E-019  -7.00677342E+003  -7.01111877E+003  -1.41207873E+004  -2.24127152E+002   5.86438817E+000  -3.16232572E+000   1.37166720E-001   1.18829322E+001   0.00000000E+000   1.27478729E+015   1.45483465E+014   1.00000000E-014   2.04000000E-012
       205     1.19999997E+001   7.12210900E+003  -4.42541628E-022   7.51718993E-020  -1.19999997E+001  -3.33255559E-021   0.00000000E+000  -2.16840434E-019  -7.00687524E+003  -7.01124337E+003  -1.41205609E+004  -2.24227119E+002   5.89319875E+000  -3.18055468E+000   1.37850550E-001   1.18823501E+001   0.00000000E+000   1.27463656E+015   1.46713526E+014   1.00000000E-014   2.05000000E-012
       206     1.19999997E+001   7.12178642E+003   1.12413845E-021  -5.12364460E-020  -1.19999997E+001   2.04419077E-020   2.16840434E-019   0.00000000E+000  -7.00697507E+003  -7.01136516E+003  -1.41203392E+004  -2.24324962E+002   5.92347130E+000  -3.19800550E+000   1.38520574E-001   1.18817804E+001   0.00000000E+000   1.27571340E+015   1.47195136E+014   1.00000000E-014   2.06000000E-012
       207     1.19999997E+001   7.12145575E+003   2.07589247E-020   5.46827131E-020  -1.19999997E+001   1.80651076E-020   2.16840434E-019  -2.16840434E-019  -7.00707786E+003  -7.01148957E+003  -1.41201121E+004  -2.24425267E+002   5.95704289E+000  -3.21981857E+000   1.39209431E-001   1.18811964E+001   0.00000000E+000   1.27198086E+015   1.49695001E+014   1.00000000E-014   2.07000000E-012
       208     1.19999997E+001   7.12113207E+003   1.51649090E-020   1.11838696E-020  -1.19999997E+001  -4.51547557E-020  -2.16840434E-019   0.00000000E+000  -7.00718007E+003  -7.01160974E+003  -1.41198897E+004  -2.24523449E+002   5.99031996E+000  -3.24059586E+000   1.39883535E-001   1.18806247E+001   0.00000000E+000   1.27242977E+015   1.50572841E+014   1.00000000E-014   2.08000000E-012
       209     1.19999997E+001   7.12079954E+003  -2.11561781E-020  -4.17819267E-020  -1.19999997E+001   1.55186838E-020  -2.16840434E-019   2.16840434E-019  -7.00728464E+003  -7.01173363E+003  -1.41196612E+004  -2.24624316E+002   6.02061699E+000  -3.25999206E+000   1.40574045E-001   1.18800374E+001   0.00000000E+000   1.26920218E+015   1.53785414E+014   1.00000000E-014   2.09000000E-012
       210     1.19999997E+001   7.12047464E+003  -1.70239974E-020  -8.28624560E-020  -1.19999997E+001   1.70602899E-020   0.00000000E+000   0.00000000E+000  -7.00738527E+003  -7.01185624E+003  -1.41194380E+004  -2.24722873E+002   6.05272265E+000  -3.28027391E+000   1.41250305E-001   1.18794636E+001   0.00000000E+000   1.26916307E+015   1.54713453E+014   1.00000000E-014   2.10000000E-012
       211     1.19999997E+001   7.12015555E+003   1.63355763E-020  -3.44686161E-020  -1.19999997E+001   1.87289717E-020  -4.33680869E-019   0.00000000E+000  -7.00748462E+003  -7.01197613E+003  -1.41192187E+004  -2.24819666E+002   6.08221629E+000  -3.29860423E+000   1.41913156E-001   1.18789001E+001   0.00000000E+000   1.27037072E+015   1.55164776E+014   1.00000000E-014   2.11000000E-012
       212     1.19999997E+001   7.11983775E+003  -1.09100987E-020  -2.06481471E-020  -1.19999997E+001   3.25912780E-020  -4.33680869E-019   0.00000000E+000  -7.00758254E+003  -7.01209657E+003  -1.41190004E+004  -2.24916071E+002   6.11229971E+000  -3.31709905E+000   1.42573832E-001   1.18783388E+001   0.00000000E+000   1.27232529E+015   1.55610116E+014   1.00000000E-014   2.12000000E-012
       213     1.19999997E+001   7.11951669E+003   9.63665414E-023  -3.75350522E-020  -1.19999997E+001   2.67887611E-021   0.00000000E+000  -2.16840434E-019  -7.00768119E+003  -7.01221852E+003  -1.41187798E+004  -2.25013467E+002   6.14271975E+000  -3.33605891E+000   1.43241413E-001   1.18777717E+001   0.00000000E+000   1.27363508E+015   1.56535899E+014   1.00000000E-014   2.13000000E-012
       214     1.19999997E+001   7.11919607E+003  -1.65444394E-020  -2.68949763E-020  -1.19999997E+001  -2.67978601E-020  -2.16840434E-019   0.00000000E+000  -7.00778132E+003  -7.01233869E+003  -1.41185595E+004  -2.25110730E+002   6.17142907E+000  -3.35387392E+000   1.43906913E-001   1.18772055E+001   0.00000000E+000   1.27542708E+015   1.56963124E+014   1.00000000E-014   2.14000000E-012
       215     1.19999997E+001   7.11887016E+003   3.86973702E-020  -1.26989802E-020  -1.19999997E+001  -1.00517954E-020   4.33680869E-019   4.33680869E-019  -7.00788530E+003  -7.01245867E+003  -1.41183355E+004  -2.25209603E+002   6.20546299E+000  -3.37651161E+000   1.44586301E-001   1.18766299E+001   0.00000000E+000   1.27706753E+015   1.57507472E+014   1.00000000E-014   2.15000000E-012
       216     1.19999997E+001   7.11854592E+003  -7.79069720E-021   9.20810220E-020  -1.19999997E+001   3.34451352E-020   2.16840434E-019   2.16840434E-019  -7.00798504E+003  -7.01258172E+003  -1.41181127E+004  -2.25307964E+002   6.23412097E+000  -3.39292900E+000   1.45258945E-001   1.18760572E+001   0.00000000E+000   1.27843990E+015   1.58378438E+014   1.00000000E-014   2.16000000E-012
       217     1.19999997E+001   7.11822506E+003  -1.96432648E-020  -7.14520164E-020  -1.19999997E+001  -1.31438999E-020  -2.16840434E-019   0.00000000E+000  -7.00808384E+003  -7.01270341E+003  -1.41178922E+004  -2.25405308E+002   6.26473558E+000  -3.41151469E+000   1.45926142E-001   1.18754906E+001   0.00000000E+000   1.28033579E+015   1.58403749E+014   1.00000000E-014   2.17000000E-012
       218     1.19999997E+001   7.11790718E+003  -1.55598877E-020   2.44614368E-020  -1.19999997E+001  -2.08485187E-020   0.00000000E+000   0.00000000E+000  -7.00818157E+003  -7.01282411E+003  -1.41176738E+004  -2.25501746E+002   6.29460531E+000  -3.42934629E+000   1.46586815E-001   1.18749292E+001   0.00000000E+000   1.28263131E+015   1.58783704E+014   1.00000000E-014   2.18000000E-012
       219     1.19999997E+001   7.11758100E+003  -1.20049756E-020   9.22506457E-020  -1.19999997E+001   6.07570364E-020   2.16840434E-019   0.00000000E+000  -7.00828195E+003  -7.01294788E+003  -1.41174497E+004  -2.25600706E+002   6.32594227E+000  -3.44695815E+000   1.47264857E-001   1.18743531E+001   0.00000000E+000   1.28353237E+015   1.59607369E+014   1.00000000E-014   2.19000000E-012
       220     1.19999997E+001   7.11724998E+003   1.83541038E-021   4.07824857E-020  -1.19999997E+001   2.28934125E-020  -2.16840434E-019  -4.33680869E-019  -7.00838501E+003  -7.01307228E+003  -1.41172222E+004  -2.25701133E+002   6.35504669E+000  -3.46523182E+000   1.47951795E-001   1.18737685E+001   0.00000000E+000   1.28082976E+015   1.63010079E+014   1.00000000E-014   2.20000000E-012
       221     1.19999997E+001   7.11692920E+003   7.72379897E-023  -3.23939438E-020  -1.19999997E+001   1.49517549E-020   4.33680869E-019   4.33680869E-019  -7.00848305E+003  -7.01319468E+003  -1.41170018E+004  -2.25798456E+002   6.38426890E+000  -3.48541296E+000   1.48618786E-001   1.18732019E+001   0.00000000E+000   1.28230562E+015   1.63025328E+014   1.00000000E-014   2.21000000E-012
       222     1.19999997E+001   7.11660709E+003   1.75864802E-020  -4.02556751E-020  -1.19999997E+001  -5.47769858E-020  -2.16840434E-019   2.16840434E-019  -7.00858160E+003  -7.01331749E+003  -1.41167804E+004  -2.25896185E+002   6.41461521E+000  -3.50322575E+000   1.49288330E-001   1.18726331E+001   0.00000000E+000   1.28335707E+015   1.63818831E+014   1.00000000E-014   2.22000000E-012
       223     1.19999997E+001   7.11628909E+003  -2.28933608E-020   3.99714222E-020  -1.19999997E+001   1.87192007E-020   2.16840434E-019  -2.16840434E-019  -7.00867896E+003  -7.01343867E+003  -1.41165619E+004  -2.25992667E+002   6.44426068E+000  -3.52093993E+000   1.49949229E-001   1.18720714E+001   0.00000000E+000   1.28568788E+015   1.64201609E+014   1.00000000E-014   2.23000000E-012
       224     1.19999997E+001   7.11597121E+003  -1.23650060E-020   4.92418680E-020  -1.19999997E+001   4.28847653E-020   4.33680869E-019   2.16840434E-019  -7.00877607E+003  -7.01356002E+003  -1.41163434E+004  -2.26089118E+002   6.47373070E+000  -3.53848741E+000   1.50609837E-001   1.18715100E+001   0.00000000E+000   1.28808229E+015   1.64570979E+014   1.00000000E-014   2.24000000E-012
       225     1.19999997E+001   7.11564779E+003   2.06196481E-020  -5.80292791E-020  -1.19999997E+001  -3.79774129E-020  -2.16840434E-019   4.33680869E-019  -7.00887750E+003  -7.01368086E+003  -1.41161211E+004  -2.26187247E+002   6.50422125E+000  -3.55728897E+000   1.51282056E-001   1.18709388E+001   0.00000000E+000   1.28948767E+015   1.64931605E+014   1.00000000E-014   2.25000000E-012
       226     1.19999997E+001   7.11532584E+003   1.57857080E-021  -9.40625073E-020  -1.19999997E+001  -4.02542275E-020   2.16840434E-019  -4.33680869E-019  -7.00897631E+003  -7.01380332E+003  -1.41158999E+004  -2.26284936E+002   6.53507308E+000  -3.57587621E+000   1.51951703E-001   1.18703702E+001   0.00000000E+000   1.29093724E+015   1.65984356E+014   1.00000000E-014   2.26000000E-012
       227     1.19999997E+001   7.11499649E+003   4.87009823E-020  -3.37312298E-020  -1.19999997E+001  -2.01647505E-020   2.16840434E-019   0.00000000E+000  -7.00908068E+003  -7.01392529E+003  -1.41156735E+004  -2.26384866E+002   6.56359726E+000  -3.59485682E+000   1.52635044E-001   1.18697886E+001   0.00000000E+000   1.29058619E+015   1.68013925E+014   1.00000000E-014   2.27000000E-012
       228     1.19999997E+001   7.11465929E+003   2.92989441E-020  -6.78094878E-020  -1.19999997E+001   2.61885899E-020   4.33680869E-019   2.16840434E-019  -7.00918343E+003  -7.01405429E+003  -1.41154418E+004  -2.26487183E+002   6.59539060E+000  -3.61177476E+000   1.53335642E-001   1.18691930E+001   0.00000000E+000   1.28926521E+015   1.69906141E+014   1.00000000E-014   2.28000000E-012
       229     1.19999997E+001   7.11432870E+003  -1.63293725E-020   6.01982500E-020  -1.19999997E+001  -2.48192958E-020  -2.16840434E-019  -4.33680869E-019  -7.00928223E+003  -7.01418269E+003  -1.41152146E+004  -2.26587495E+002   6.62252166E+000  -3.62614769E+000   1.54020525E-001   1.18686092E+001   0.00000000E+000   1.29004488E+015   1.70811722E+014   1.00000000E-014   2.29000000E-012
       230     1.19999997E+001   7.11400765E+003   1.07233627E-020   4.82334185E-020  -1.19999997E+001   4.19661295E-020   0.00000000E+000   0.00000000E+000  -7.00938101E+003  -7.01430457E+003  -1.41149939E+004  -2.26684915E+002   6.65233405E+000  -3.64230329E+000   1.54687298E-001   1.18680422E+001   0.00000000E+000   1.29235589E+015   1.70798077E+014   1.00000000E-014   2.30000000E-012
       231     1.19999997E+001   7.11368204E+003   2.08248923E-020   2.02290896E-020  -1.19999997E+001   5.16213435E-020   2.16840434E-019   0.00000000E+000  -7.00947853E+003  -7.01443084E+003  -1.41147701E+004  -2.26783719E+002   6.67904658E+000  -3.65829166E+000   1.55362322E-001   1.18674671E+001   0.00000000E+000   1.29387192E+015   1.71159466E+014   1.00000000E-014   2.31000000E-012
       232     1.19999997E+001   7.11335741E+003   3.29154811E-020  -1.32778256E-019  -1.19999997E+001   1.11138436E-020   2.16840434E-019   0.00000000E+000  -7.00958075E+003  -7.01455175E+003  -1.41145470E+004  -2.26882232E+002   6.71165705E+000  -3.67767511E+000   1.56038075E-001   1.18668938E+001   0.00000000E+000   1.29431169E+015   1.72217739E+014   1.00000000E-014   2.32000000E-012
       233     1.19999997E+001   7.11303033E+003   2.29337893E-020  -6.66406170E-020  -1.19999997E+001  -2.64190631E-020  -2.16840434E-019   2.16840434E-019  -7.00967805E+003  -7.01467926E+003  -1.41143222E+004  -2.26981485E+002   6.73997769E+000  -3.69482698E+000   1.56717151E-001   1.18663161E+001   0.00000000E+000   1.29544150E+015   1.72458274E+014   1.00000000E-014   2.33000000E-012
       234     1.19999997E+001   7.11270984E+003   1.85536611E-021  -1.88498952E-021  -1.19999997E+001   3.41595608E-020   0.00000000E+000   6.50521303E-019  -7.00977542E+003  -7.01480217E+003  -1.41141019E+004  -2.27078739E+002   6.76830819E+000  -3.71155213E+000   1.57382514E-001   1.18657501E+001   0.00000000E+000   1.29784546E+015   1.72803501E+014   1.00000000E-014   2.34000000E-012
       235     1.19999997E+001   7.11238644E+003   2.18519404E-020  -3.24329311E-020  -1.19999997E+001  -2.08775217E-021   0.00000000E+000   0.00000000E+000  -7.00987285E+003  -7.01492703E+003  -1.41138796E+004  -2.27176881E+002   6.79692212E+000  -3.72992093E+000   1.58054442E-001   1.18651790E+001   0.00000000E+000   1.29936693E+015   1.73140088E+014   1.00000000E-014   2.35000000E-012
       236     1.19999997E+001   7.11206015E+003   2.80503150E-020  -5.75334101E-020  -1.19999997E+001  -2.68871956E-020  -2.16840434E-019   0.00000000E+000  -7.00997257E+003  -7.01505160E+003  -1.41136553E+004  -2.27275901E+002   6.82688815E+000  -3.74707932E+000   1.58732311E-001   1.18646027E+001   0.00000000E+000   1.30014611E+015   1.73474082E+014   1.00000000E-014   2.36000000E-012
       237     1.19999997E+001   7.11173516E+003  -2.74926918E-020  -1.45749482E-020  -1.19999997E+001   3.40100479E-020   2.16840434E-019   0.00000000E+000  -7.01007128E+003  -7.01517629E+003  -1.41134319E+004  -2.27374529E+002   6.85531651E+000  -3.76404635E+000   1.59406954E-001   1.18640288E+001   0.00000000E+000   1.30094112E+015   1.74184702E+014   1.00000000E-014   2.37000000E-012
       238     1.19999997E+001   7.11140807E+003  -2.44448415E-020   3.47583038E-020  -1.19999997E+001  -2.44008458E-020   0.00000000E+000  -2.16840434E-019  -7.01017179E+003  -7.01530061E+003  -1.41132071E+004  -2.27473792E+002   6.88288372E+000  -3.78053139E+000   1.60085211E-001   1.18634511E+001   0.00000000E+000   1.30104063E+015   1.75194457E+014   1.00000000E-014   2.38000000E-012
       239     1.19999997E+001   7.11108188E+003   1.96900005E-021   2.85260214E-020  -1.19999997E+001  -3.31966708E-020   0.00000000E+000   0.00000000E+000  -7.01027094E+003  -7.01542569E+003  -1.41129829E+004  -2.27572788E+002   6.91260170E+000  -3.79855983E+000   1.60763103E-001   1.18628750E+001   0.00000000E+000   1.30182646E+015   1.76467689E+014   1.00000000E-014   2.39000000E-012
       240     1.19999997E+001   7.11075871E+003   6.18958573E-021   4.56664056E-020  -1.19999997E+001   5.47455013E-020  -4.33680869E-019   2.16840434E-019  -7.01036945E+003  -7.01554932E+003  -1.41127607E+004  -2.27670867E+002   6.94168160E+000  -3.81551436E+000   1.61434304E-001   1.18623043E+001   0.00000000E+000   1.30424426E+015   1.76783448E+014   1.00000000E-014   2.40000000E-012
       241     1.19999997E+001   7.11043470E+003  -2.74495233E-020   9.21879609E-020  -1.19999997E+001   2.79309425E-020   6.50521303E-019  -2.16840434E-019  -7.01046844E+003  -7.01567307E+003  -1.41125380E+004  -2.27769204E+002   6.97118001E+000  -3.83266129E+000   1.62107411E-001   1.18617321E+001   0.00000000E+000   1.30617866E+015   1.77093946E+014   1.00000000E-014   2.41000000E-012
       242     1.19999997E+001   7.11007455E+003   7.61444569E-020   6.91917454E-020  -1.19999997E+001  -2.48114893E-020   2.16840434E-019  -6.50521303E-019  -7.01057679E+003  -7.01581230E+003  -1.41122904E+004  -2.27878507E+002   7.00176459E+000  -3.84917633E+000   1.62854246E-001   1.18610960E+001   0.00000000E+000   1.30624627E+015   1.77900828E+014   1.00000000E-014   2.42000000E-012
       243     1.19999997E+001   7.10975115E+003  -1.25642531E-020   3.17564977E-020  -1.19999997E+001   4.34390797E-020  -2.16840434E-019  -4.33680869E-019  -7.01067595E+003  -7.01593546E+003  -1.41120681E+004  -2.27976660E+002   7.03079145E+000  -3.86601626E+000   1.63525811E-001   1.18605249E+001   0.00000000E+000   1.30886674E+015   1.78455437E+014   1.00000000E-014   2.43000000E-012
       244     1.19999997E+001   7.10941982E+003  -2.16367184E-020  -7.28105055E-021  -1.19999997E+001   3.74164810E-020   6.50521303E-019   2.16840434E-019  -7.01077676E+003  -7.01606242E+003  -1.41118403E+004  -2.28077222E+002   7.05829986E+000  -3.88370890E+000   1.64213157E-001   1.18599397E+001   0.00000000E+000   1.31251006E+015   1.78670585E+014   1.00000000E-014   2.44000000E-012
       245     1.19999997E+001   7.10907403E+003  -7.62722563E-021  -4.91302891E-020  -1.19999997E+001   2.48747686E-020   0.00000000E+000   2.16840434E-019  -7.01088263E+003  -7.01619426E+003  -1.41116026E+004  -2.28182174E+002   7.08703457E+000  -3.89898570E+000   1.64929617E-001   1.18593290E+001   0.00000000E+000   1.31226851E+015   1.80352086E+014   1.00000000E-014   2.45000000E-012
       246     1.19999997E+001   7.10874249E+003   2.16220876E-020   2.50920069E-022  -1.19999997E+001   3.17078491E-020  -2.16840434E-019   0.00000000E+000  -7.01098642E+003  -7.01631841E+003  -1.41113747E+004  -2.28282805E+002   7.11966221E+000  -3.91921218E+000   1.65619807E-001   1.18587435E+001   0.00000000E+000   1.31515973E+015   1.80292539E+014   1.00000000E-014   2.46000000E-012
       247     1.19999997E+001   7.10841403E+003  -2.09852619E-020   6.09730856E-020  -1.19999997E+001  -2.58029428E-020   0.00000000E+000   0.00000000E+000  -7.01108619E+003  -7.01644447E+003  -1.41111489E+004  -2.28382505E+002   7.15134294E+000  -3.93851836E+000   1.66303555E-001   1.18581635E+001   0.00000000E+000   1.31726624E+015   1.81038223E+014   1.00000000E-014   2.47000000E-012
       248     1.19999997E+001   7.10808742E+003   2.60200001E-021   7.24257372E-020  -1.19999997E+001   2.21760660E-021   0.00000000E+000   2.16840434E-019  -7.01118622E+003  -7.01656899E+003  -1.41109243E+004  -2.28481646E+002   7.18293898E+000  -3.95390005E+000   1.66982413E-001   1.18575866E+001   0.00000000E+000   1.32062366E+015   1.81246904E+014   1.00000000E-014   2.48000000E-012
       249     1.19999997E+001   7.10776580E+003  -2.24689138E-020  -4.71411007E-020  -1.19999997E+001   1.28990028E-020  -2.16840434E-019   0.00000000E+000  -7.01128019E+003  -7.01669615E+003  -1.41107032E+004  -2.28579274E+002   7.21412086E+000  -3.97443068E+000   1.67652907E-001   1.18570186E+001   0.00000000E+000   1.32289698E+015   1.81398701E+014   1.00000000E-014   2.49000000E-012
       250     1.19999997E+001   7.10744807E+003  -1.67097205E-020  -2.26475848E-020  -1.19999997E+001  -1.67200344E-020   0.00000000E+000   0.00000000E+000  -7.01137601E+003  -7.01681879E+003  -1.41104847E+004  -2.28675722E+002   7.24290219E+000  -3.99074088E+000   1.68313065E-001   1.18564575E+001   0.00000000E+000   1.32484794E+015   1.81748074E+014   1.00000000E-014   2.50000000E-012
       251     1.19999997E+001   7.10712450E+003   5.65558894E-021  -8.28230098E-021  -1.19999997E+001  -4.93671729E-021   4.33680869E-019   0.00000000E+000  -7.01147559E+003  -7.01694167E+003  -1.41102622E+004  -2.28773940E+002   7.27404517E+000  -4.00535324E+000   1.68985316E-001   1.18558861E+001   0.00000000E+000   1.32634818E+015   1.82847779E+014   1.00000000E-014   2.51000000E-012
       252     1.19999997E+001   7.10680480E+003  -2.81748573E-020   1.50812086E-020  -1.19999997E+001  -4.55020164E-020   2.16840434E-019   2.16840434E-019  -7.01157105E+003  -7.01706603E+003  -1.41100424E+004  -2.28870989E+002   7.30255392E+000  -4.02158074E+000   1.69649473E-001   1.18553215E+001   0.00000000E+000   1.32832548E+015   1.83509855E+014   1.00000000E-014   2.52000000E-012
       253     1.19999997E+001   7.10648583E+003  -1.19358543E-020  -2.25902508E-020  -1.19999997E+001  -3.02605933E-020  -2.16840434E-019   2.16840434E-019  -7.01166514E+003  -7.01719125E+003  -1.41098231E+004  -2.28967814E+002   7.33125430E+000  -4.03583379E+000   1.70311854E-001   1.18547582E+001   0.00000000E+000   1.33072558E+015   1.84032236E+014   1.00000000E-014   2.53000000E-012
       254     1.19999997E+001   7.10616346E+003  -2.41946710E-020   4.15012023E-021  -1.19999997E+001  -3.21991944E-020   2.16840434E-019  -2.16840434E-019  -7.01176105E+003  -7.01731700E+003  -1.41096015E+004  -2.29065676E+002   7.35986415E+000  -4.05393041E+000   1.70982017E-001   1.18541888E+001   0.00000000E+000   1.33372435E+015   1.83855539E+014   1.00000000E-014   2.54000000E-012
       255     1.19999997E+001   7.10583724E+003  -1.27803541E-020   3.45207802E-020  -1.19999997E+001   3.19972072E-020  -2.16840434E-019   2.16840434E-019  -7.01185793E+003  -7.01744443E+003  -1.41093772E+004  -2.29164706E+002   7.38645109E+000  -4.06988831E+000   1.71658618E-001   1.18536127E+001   0.00000000E+000   1.33676890E+015   1.83863477E+014   1.00000000E-014   2.55000000E-012
       256     1.19999997E+001   7.10552048E+003   3.21583524E-020   9.30297982E-020  -1.19999997E+001   4.87302439E-021  -2.16840434E-019   0.00000000E+000  -7.01195091E+003  -7.01756924E+003  -1.41091594E+004  -2.29260864E+002   7.41323639E+000  -4.08382588E+000   1.72315735E-001   1.18530533E+001   0.00000000E+000   1.34148876E+015   1.83153434E+014   1.00000000E-014   2.56000000E-012
       257     1.19999997E+001   7.10519678E+003   6.57391452E-021   2.96145135E-020  -1.19999997E+001  -1.27398739E-020   2.16840434E-019  -2.16840434E-019  -7.01204663E+003  -7.01769611E+003  -1.41089368E+004  -2.29359134E+002   7.44246078E+000  -4.09956591E+000   1.72988346E-001   1.18524816E+001   0.00000000E+000   1.34151593E+015   1.83914629E+014   1.00000000E-014   2.57000000E-012
       258     1.19999997E+001   7.10487400E+003  -1.24507743E-020  -5.39538894E-021  -1.19999997E+001   6.62971819E-020  -4.33680869E-019  -2.16840434E-019  -7.01214239E+003  -7.01782230E+003  -1.41087148E+004  -2.29457128E+002   7.47117598E+000  -4.11466749E+000   1.73658699E-001   1.18519116E+001   0.00000000E+000   1.34391812E+015   1.84262635E+014   1.00000000E-014   2.58000000E-012
       259     1.19999997E+001   7.10454810E+003  -2.13035714E-020  -1.99279183E-020  -1.19999997E+001  -2.58876512E-020   0.00000000E+000   0.00000000E+000  -7.01223966E+003  -7.01794913E+003  -1.41084907E+004  -2.29556068E+002   7.50082781E+000  -4.13024172E+000   1.74335799E-001   1.18513361E+001   0.00000000E+000   1.34639193E+015   1.84987398E+014   1.00000000E-014   2.59000000E-012
       260     1.19999997E+001   7.10421998E+003   2.98988310E-021   6.77480567E-020  -1.19999997E+001  -1.90406637E-020  -4.33680869E-019  -6.50521303E-019  -7.01233666E+003  -7.01807776E+003  -1.41082651E+004  -2.29655685E+002   7.53035672E+000  -4.14512566E+000   1.75017312E-001   1.18507566E+001   0.00000000E+000   1.34746980E+015   1.84973802E+014   1.00000000E-014   2.60000000E-012
       261     1.19999997E+001   7.10390449E+003  -2.37193782E-020   1.37390150E-019  -1.19999997E+001  -3.50253087E-020   4.33680869E-019  -2.16840434E-019  -7.01242977E+003  -7.01820161E+003  -1.41080481E+004  -2.29751471E+002   7.55913508E+000  -4.16133331E+000   1.75673293E-001   1.18501994E+001   0.00000000E+000   1.35160744E+015   1.84693749E+014   1.00000000E-014   2.61000000E-012
       262     1.19999997E+001   7.10358444E+003   3.10712820E-020   7.15623933E-020  -1.19999997E+001  -4.21015803E-020   4.33680869E-019  -4.33680869E-019  -7.01252465E+003  -7.01832681E+003  -1.41078280E+004  -2.29848639E+002   7.58673717E+000  -4.17799343E+000   1.76338081E-001   1.18496342E+001   0.00000000E+000   1.35544271E+015   1.84668510E+014   1.00000000E-014   2.62000000E-012
       263     1.19999997E+001   7.10326641E+003   1.06292709E-020   2.35919924E-020  -1.19999997E+001  -5.85169796E-020   2.16840434E-019   0.00000000E+000  -7.01261911E+003  -7.01845106E+003  -1.41076093E+004  -2.29945198E+002   7.61519470E+000  -4.19353305E+000   1.76998848E-001   1.18490726E+001   0.00000000E+000   1.35919012E+015   1.84417633E+014   1.00000000E-014   2.63000000E-012
       264     1.19999997E+001   7.10294428E+003  -3.10065034E-020   4.23107019E-020  -1.19999997E+001  -4.00438135E-021  -4.33680869E-019   0.00000000E+000  -7.01271443E+003  -7.01857727E+003  -1.41073878E+004  -2.30043004E+002   7.64535769E+000  -4.20977853E+000   1.77668872E-001   1.18485037E+001   0.00000000E+000   1.36275049E+015   1.84108291E+014   1.00000000E-014   2.64000000E-012
       265     1.19999997E+001   7.10262698E+003   2.69862246E-020  -1.34938490E-020  -1.19999997E+001  -4.42055142E-020  -4.33680869E-019   0.00000000E+000  -7.01280801E+003  -7.01870190E+003  -1.41071696E+004  -2.30139343E+002   7.67274791E+000  -4.22425602E+000   1.78327536E-001   1.18479433E+001   0.00000000E+000   1.36709817E+015   1.83947916E+014   1.00000000E-014   2.65000000E-012
       266     1.19999997E+001   7.10230697E+003  -3.28112047E-020   3.90055984E-020  -1.19999997E+001   3.78191370E-020  -4.33680869E-019   2.16840434E-019  -7.01290287E+003  -7.01882712E+003  -1.41069495E+004  -2.30236507E+002   7.70070552E+000  -4.23731552E+000   1.78991529E-001   1.18473782E+001   0.00000000E+000   1.37134604E+015   1.83958101E+014   1.00000000E-014   2.66000000E-012
       267     1.19999997E+001   7.10198661E+003  -2.17524720E-020  -7.97996647E-020  -1.19999997E+001   4.31626204E-020   2.16840434E-019   2.16840434E-019  -7.01299810E+003  -7.01895221E+003  -1.41067292E+004  -2.30333776E+002   7.72859252E+000  -4.25193698E+000   1.79656555E-001   1.18468124E+001   0.00000000E+000   1.37573180E+015   1.83632523E+014   1.00000000E-014   2.67000000E-012
       268     1.19999997E+001   7.10166957E+003  -4.73463965E-020   1.30517262E-019  -1.19999997E+001  -1.83927228E-020   0.00000000E+000   4.33680869E-019  -7.01309235E+003  -7.01907599E+003  -1.41065112E+004  -2.30430040E+002   7.75572209E+000  -4.26731840E+000   1.80314755E-001   1.18462525E+001   0.00000000E+000   1.38014159E+015   1.83247937E+014   1.00000000E-014   2.68000000E-012
       269     1.19999997E+001   7.10134767E+003   1.71307942E-020  -7.54170550E-020  -1.19999997E+001  -5.89262789E-022   0.00000000E+000  -2.16840434E-019  -7.01318840E+003  -7.01920134E+003  -1.41062898E+004  -2.30527784E+002   7.78381040E+000  -4.28192865E+000   1.80982991E-001   1.18456840E+001   0.00000000E+000   1.38454957E+015   1.82728607E+014   1.00000000E-014   2.69000000E-012
       270     1.19999997E+001   7.10102397E+003   2.26031755E-020   7.14365068E-020  -1.19999997E+001  -1.59940800E-020   0.00000000E+000   0.00000000E+000  -7.01328605E+003  -7.01932631E+003  -1.41060671E+004  -2.30626070E+002   7.81072157E+000  -4.29384818E+000   1.81653533E-001   1.18451124E+001   0.00000000E+000   1.39052335E+015   1.81637813E+014   1.00000000E-014   2.70000000E-012
       271     1.19999997E+001   7.10069414E+003  -2.00012700E-020  -8.26785117E-020  -1.19999997E+001  -1.71795073E-022  -4.33680869E-019  -2.16840434E-019  -7.01338366E+003  -7.01945555E+003  -1.41058403E+004  -2.30726224E+002   7.83748151E+000  -4.31102969E+000   1.82338088E-001   1.18445299E+001   0.00000000E+000   1.39163408E+015   1.82479351E+014   1.00000000E-014   2.71000000E-012
       272     1.19999997E+001   7.10036503E+003  -2.08143910E-020  -5.33319013E-020  -1.19999997E+001  -1.09548181E-020  -2.16840434E-019  -2.16840434E-019  -7.01348029E+003  -7.01958527E+003  -1.41056139E+004  -2.30826160E+002   7.86601114E+000  -4.32794352E+000   1.83021958E-001   1.18439487E+001   0.00000000E+000   1.39470581E+015   1.82137496E+014   1.00000000E-014   2.72000000E-012
       273     1.19999997E+001   7.10003967E+003  -2.39656971E-020   2.16699607E-020  -1.19999997E+001   2.76522860E-020   2.16840434E-019   2.16840434E-019  -7.01357745E+003  -7.01971189E+003  -1.41053902E+004  -2.30924958E+002   7.89365275E+000  -4.34265233E+000   1.83697067E-001   1.18433741E+001   0.00000000E+000   1.40020029E+015   1.81498998E+014   1.00000000E-014   2.73000000E-012
       274     1.19999997E+001   7.09971200E+003   6.37562382E-021  -6.44068674E-020  -1.19999997E+001   5.60776757E-021   0.00000000E+000   2.16840434E-019  -7.01367513E+003  -7.01983960E+003  -1.41051648E+004  -2.31024462E+002   7.92254366E+000  -4.35710953E+000   1.84377370E-001   1.18427954E+001   0.00000000E+000   1.40450893E+015   1.81324882E+014   1.00000000E-014   2.74000000E-012
       275     1.19999997E+001   7.09938416E+003  -2.66102194E-020  -3.23118978E-020  -1.19999997E+001  -1.65066993E-020  -2.16840434E-019   2.16840434E-019  -7.01377195E+003  -7.01996826E+003  -1.41049393E+004  -2.31124016E+002   7.95076903E+000  -4.37124400E+000   1.85057768E-001   1.18422165E+001   0.00000000E+000   1.40907187E+015   1.81143265E+014   1.00000000E-014   2.75000000E-012
       276     1.19999997E+001   7.09905417E+003  -2.15664080E-021   1.40634792E-020  -1.19999997E+001   4.12585799E-020  -2.16840434E-019   2.16840434E-019  -7.01386918E+003  -7.02009801E+003  -1.41047123E+004  -2.31224226E+002   7.97889764E+000  -4.38599969E+000   1.85742700E-001   1.18416337E+001   0.00000000E+000   1.41319413E+015   1.81146653E+014   1.00000000E-014   2.76000000E-012
       277     1.19999997E+001   7.09872404E+003   4.45590305E-020  -3.42130173E-020  -1.19999997E+001  -1.23360030E-020  -2.16840434E-019  -2.16840434E-019  -7.01396658E+003  -7.02022769E+003  -1.41044852E+004  -2.31324481E+002   8.00694984E+000  -4.40026414E+000   1.86427763E-001   1.18410507E+001   0.00000000E+000   1.41792967E+015   1.81047588E+014   1.00000000E-014   2.77000000E-012
       278     1.19999997E+001   7.09839242E+003   1.66300397E-020   4.38085709E-020  -1.19999997E+001  -4.28902453E-020   0.00000000E+000   6.50521303E-019  -7.01406427E+003  -7.02035810E+003  -1.41042571E+004  -2.31425188E+002   8.03512422E+000  -4.41450247E+000   1.87115909E-001   1.18404651E+001   0.00000000E+000   1.42270818E+015   1.80983227E+014   1.00000000E-014   2.78000000E-012
       279     1.19999997E+001   7.09805544E+003   1.28201233E-020   3.70685482E-020  -1.19999997E+001   2.31437639E-020  -2.16840434E-019   0.00000000E+000  -7.01416278E+003  -7.02049139E+003  -1.41040253E+004  -2.31527526E+002   8.06344800E+000  -4.42879025E+000   1.87815132E-001   1.18398700E+001   0.00000000E+000   1.42759612E+015   1.80583155E+014   1.00000000E-014   2.79000000E-012
       280     1.19999997E+001   7.09771352E+003   2.70218193E-020   8.15945432E-020  -1.19999997E+001   6.44125543E-021   2.16840434E-019  -2.16840434E-019  -7.01426430E+003  -7.02062507E+003  -1.41037901E+004  -2.31631367E+002   8.09363370E+000  -4.44204203E+000   1.88524690E-001   1.18392661E+001   0.00000000E+000   1.43218622E+015   1.80084886E+014   1.00000000E-014   2.80000000E-012
       281     1.19999997E+001   7.09737045E+003   5.34816210E-021   8.17328891E-020  -1.19999997E+001   1.17813267E-020   2.16840434E-019   0.00000000E+000  -7.01436357E+003  -7.02076179E+003  -1.41035541E+004  -2.31735556E+002   8.12171237E+000  -4.45544744E+000   1.89236098E-001   1.18386603E+001   0.00000000E+000   1.43746279E+015   1.78990891E+014   1.00000000E-014   2.81000000E-012
       282     1.19999997E+001   7.09702396E+003   1.24024876E-020   3.85795584E-020  -1.19999997E+001  -4.79158845E-020   2.16840434E-019  -2.16840434E-019  -7.01446543E+003  -7.02089829E+003  -1.41033158E+004  -2.31840787E+002   8.15175648E+000  -4.47261486E+000   1.89956032E-001   1.18380484E+001   0.00000000E+000   1.44017031E+015   1.78253081E+014   1.00000000E-014   2.82000000E-012
       283     1.19999997E+001   7.09668427E+003   2.25120306E-020   9.30902341E-020  -1.19999997E+001  -9.60449232E-020   0.00000000E+000   0.00000000E+000  -7.01456547E+003  -7.02103193E+003  -1.41030821E+004  -2.31943955E+002   8.18021312E+000  -4.48735269E+000   1.90660879E-001   1.18374485E+001   0.00000000E+000   1.44501418E+015   1.78090182E+014   1.00000000E-014   2.83000000E-012
       284     1.19999997E+001   7.09634240E+003   1.36694698E-020   9.77735756E-020  -1.19999997E+001   1.37190748E-020   0.00000000E+000   4.33680869E-019  -7.01466566E+003  -7.02116692E+003  -1.41028469E+004  -2.32047787E+002   8.20826639E+000  -4.50235934E+000   1.91370136E-001   1.18368448E+001   0.00000000E+000   1.45080270E+015   1.77343644E+014   1.00000000E-014   2.84000000E-012
       285     1.19999997E+001   7.09598859E+003  -2.01062791E-020   9.78525713E-020  -1.19999997E+001   4.02371152E-020   2.16840434E-019   2.16840434E-019  -7.01476740E+003  -7.02130858E+003  -1.41026035E+004  -2.32155249E+002   8.23714855E+000  -4.51933695E+000   1.92104762E-001   1.18362199E+001   0.00000000E+000   1.45300099E+015   1.77747983E+014   1.00000000E-014   2.85000000E-012
       286     1.19999997E+001   7.09562457E+003  -2.12885787E-020  -1.03240361E-019  -1.19999997E+001  -2.24373000E-020   2.16840434E-019  -2.16840434E-019  -7.01487769E+003  -7.02144871E+003  -1.41023531E+004  -2.32265809E+002   8.26668572E+000  -4.53551725E+000   1.92859410E-001   1.18355771E+001   0.00000000E+000   1.45339678E+015   1.78026991E+014   1.00000000E-014   2.86000000E-012
       287     1.19999997E+001   7.09527280E+003   2.14810016E-020  -1.45707994E-020  -1.19999997E+001  -2.62802777E-020   2.16840434E-019   2.16840434E-019  -7.01498056E+003  -7.02158785E+003  -1.41021111E+004  -2.32372654E+002   8.29583878E+000  -4.55135764E+000   1.93589500E-001   1.18349559E+001   0.00000000E+000   1.45729451E+015   1.78217872E+014   1.00000000E-014   2.87000000E-012
       288     1.19999997E+001   7.09491991E+003   2.50949279E-020  -7.73064130E-020  -1.19999997E+001  -4.75265927E-020   0.00000000E+000   2.16840434E-019  -7.01508467E+003  -7.02172650E+003  -1.41018683E+004  -2.32479837E+002   8.32210540E+000  -4.56599107E+000   1.94320238E-001   1.18343327E+001   0.00000000E+000   1.46107414E+015   1.77739117E+014   1.00000000E-014   2.88000000E-012
       289     1.19999997E+001   7.09455786E+003   2.37283997E-020  -7.52826002E-020  -1.19999997E+001   9.05372445E-021  -2.16840434E-019   2.16840434E-019  -7.01518878E+003  -7.02187149E+003  -1.41016192E+004  -2.32589811E+002   8.35153993E+000  -4.58336724E+000   1.95071995E-001   1.18336933E+001   0.00000000E+000   1.46561012E+015   1.77790894E+014   1.00000000E-014   2.89000000E-012
       290     1.19999997E+001   7.09420634E+003  -2.67981703E-020   2.96365033E-020  -1.19999997E+001  -5.40086901E-021  -6.50521303E-019  -4.33680869E-019  -7.01529176E+003  -7.02201034E+003  -1.41013774E+004  -2.32696581E+002   8.38034743E+000  -4.59792860E+000   1.95801105E-001   1.18330725E+001   0.00000000E+000   1.47122659E+015   1.76932379E+014   1.00000000E-014   2.90000000E-012
       291     1.19999997E+001   7.09385327E+003  -5.13001906E-020   2.15422130E-020  -1.19999997E+001   1.82842071E-020   2.16840434E-019   2.16840434E-019  -7.01539548E+003  -7.02214954E+003  -1.41011345E+004  -2.32803830E+002   8.40985187E+000  -4.61233347E+000   1.96533618E-001   1.18324490E+001   0.00000000E+000   1.47502736E+015   1.77445775E+014   1.00000000E-014   2.91000000E-012
       292     1.19999997E+001   7.09350257E+003  -2.78213927E-020  -6.95078657E-020  -1.19999997E+001  -2.49517481E-020   0.00000000E+000   0.00000000E+000  -7.01549816E+003  -7.02228815E+003  -1.41008932E+004  -2.32910358E+002   8.43848125E+000  -4.62808506E+000   1.97261346E-001   1.18318297E+001   0.00000000E+000   1.48036550E+015   1.76899061E+014   1.00000000E-014   2.92000000E-012
       293     1.19999997E+001   7.09314409E+003   3.69762917E-020   5.82734783E-020  -1.19999997E+001   1.09961772E-020  -4.33680869E-019  -2.16840434E-019  -7.01560375E+003  -7.02242921E+003  -1.41006465E+004  -2.33019254E+002   8.46863450E+000  -4.64322214E+000   1.98005284E-001   1.18311966E+001   0.00000000E+000   1.48325226E+015   1.76743482E+014   1.00000000E-014   2.93000000E-012
       294     1.19999997E+001   7.09277944E+003   1.20149793E-020   7.45963884E-020  -1.19999997E+001   3.18563022E-020  -2.16840434E-019   0.00000000E+000  -7.01570936E+003  -7.02257450E+003  -1.41003957E+004  -2.33130023E+002   8.49648987E+000  -4.66058854E+000   1.98761616E-001   1.18305527E+001   0.00000000E+000   1.48589093E+015   1.76631486E+014   1.00000000E-014   2.94000000E-012
       295     1.19999997E+001   7.09242214E+003   3.99176684E-021   9.96218590E-020  -1.19999997E+001   5.57132767E-020   4.33680869E-019  -6.50521303E-019  -7.01581324E+003  -7.02271647E+003  -1.41001498E+004  -2.33238564E+002   8.52521830E+000  -4.67541744E+000   1.99502718E-001   1.18299217E+001   0.00000000E+000   1.49098897E+015   1.76078401E+014   1.00000000E-014   2.95000000E-012
       296     1.19999997E+001   7.09206286E+003   7.15247566E-021   6.16193722E-020  -1.19999997E+001   3.15380703E-020   0.00000000E+000  -6.50521303E-019  -7.01591791E+003  -7.02285901E+003  -1.40999026E+004  -2.33347706E+002   8.55375455E+000  -4.69059098E+000   2.00247814E-001   1.18292872E+001   0.00000000E+000   1.49322542E+015   1.75124914E+014   1.00000000E-014   2.96000000E-012
       297     1.19999997E+001   7.09167696E+003  -9.37433448E-021  -1.21060350E-019  -1.19999997E+001   5.26005961E-020   0.00000000E+000   0.00000000E+000  -7.01603163E+003  -7.02301081E+003  -1.40996371E+004  -2.33464933E+002   8.58230113E+000  -4.70673100E+000   2.01047031E-001   1.18286058E+001   0.00000000E+000   1.49119485E+015   1.75658888E+014   1.00000000E-014   2.97000000E-012
       298     1.19999997E+001   7.09131373E+003  -1.30327475E-021  -6.83941106E-020  -1.19999997E+001   3.64334286E-020  -8.67361738E-019  -2.16840434E-019  -7.01613744E+003  -7.02315494E+003  -1.40993871E+004  -2.33575281E+002   8.61185450E+000  -4.72203223E+000   2.01800641E-001   1.18279643E+001   0.00000000E+000   1.49571661E+015   1.75485451E+014   1.00000000E-014   2.98000000E-012
       299     1.19999997E+001   7.09094911E+003   2.32437752E-022   7.96441870E-020  -1.19999997E+001  -8.95440074E-020   2.16840434E-019   4.33680869E-019  -7.01624313E+003  -7.02330014E+003  -1.40991362E+004  -2.33686053E+002   8.64123010E+000  -4.73693463E+000   2.02556987E-001   1.18273204E+001   0.00000000E+000   1.50012870E+015   1.75313077E+014   1.00000000E-014   2.99000000E-012
       300     1.19999997E+001   7.09058322E+003  -5.08240448E-020  -5.92937797E-020  -1.19999997E+001  -3.21138656E-020   0.00000000E+000  -2.16840434E-019  -7.01634927E+003  -7.02344579E+003  -1.40988845E+004  -2.33797215E+002   8.67079962E+000  -4.75287192E+000   2.03316279E-001   1.18266743E+001   0.00000000E+000   1.50464575E+015   1.75126958E+014   1.00000000E-014   3.00000000E-012
       301     1.19999997E+001   7.09021165E+003   3.99014867E-020   1.97836787E-020  -1.19999997E+001   1.09889846E-019   0.00000000E+000   2.16840434E-019  -7.01645745E+003  -7.02359331E+003  -1.40986288E+004  -2.33910104E+002   8.70131385E+000  -4.76858244E+000   2.04087387E-001   1.18260181E+001   0.00000000E+000   1.50905817E+015   1.74563357E+014   1.00000000E-014   3.01000000E-012
       302     1.19999997E+001   7.08984537E+003   7.48588115E-021  -5.63689272E-020  -1.19999997E+001   2.39682885E-020  -4.33680869E-019   0.00000000E+000  -7.01656382E+003  -7.02373899E+003  -1.40983767E+004  -2.34021385E+002   8.73086374E+000  -4.78430018E+000   2.04847393E-001   1.18253713E+001   0.00000000E+000   1.51269363E+015   1.74033524E+014   1.00000000E-014   3.02000000E-012
       303     1.19999997E+001   7.08947411E+003   9.29929369E-021  -8.85091656E-021  -1.19999997E+001  -5.61404897E-021  -2.16840434E-019   0.00000000E+000  -7.01667141E+003  -7.02388689E+003  -1.40981212E+004  -2.34134183E+002   8.75987729E+000  -4.79983850E+000   2.05617322E-001   1.18247156E+001   0.00000000E+000   1.51893955E+015   1.72617262E+014   1.00000000E-014   3.03000000E-012
       304     1.19999997E+001   7.08910374E+003  -5.62369079E-021  -9.98031214E-021  -1.19999997E+001   3.58805100E-021   2.16840434E-019  -2.16840434E-019  -7.01677801E+003  -7.02403518E+003  -1.40978663E+004  -2.34246714E+002   8.78957765E+000  -4.81571978E+000   2.06385924E-001   1.18240616E+001   0.00000000E+000   1.52366183E+015   1.72403557E+014   1.00000000E-014   3.04000000E-012
       305     1.19999997E+001   7.08873018E+003   1.94272156E-020   3.10701058E-020  -1.19999997E+001   6.02011452E-020   0.00000000E+000   2.16840434E-019  -7.01688599E+003  -7.02418428E+003  -1.40976093E+004  -2.34360214E+002   8.81898169E+000  -4.83167431E+000   2.07160852E-001   1.18234019E+001   0.00000000E+000   1.52825789E+015   1.72229658E+014   1.00000000E-014   3.05000000E-012
       306     1.19999997E+001   7.08835452E+003   4.69784821E-020   1.21340953E-019  -1.19999997E+001   5.83232642E-020   0.00000000E+000   0.00000000E+000  -7.01699382E+003  -7.02433498E+003  -1.40973507E+004  -2.34474354E+002   8.84890308E+000  -4.84790827E+000   2.07940449E-001   1.18227385E+001   0.00000000E+000   1.53389088E+015   1.71486430E+014   1.00000000E-014   3.06000000E-012
       307     1.19999997E+001   7.08798084E+003  -9.02929677E-021   1.05699207E-020  -1.19999997E+001  -4.68776953E-020   4.33680869E-019   2.16840434E-019  -7.01710168E+003  -7.02448430E+003  -1.40970935E+004  -2.34587899E+002   8.87863568E+000  -4.86397795E+000   2.08715860E-001   1.18220786E+001   0.00000000E+000   1.53837955E+015   1.71211896E+014   1.00000000E-014   3.07000000E-012
       308     1.19999997E+001   7.08760039E+003   9.06251971E-021  -3.08793930E-020  -1.19999997E+001  -3.71301731E-020   0.00000000E+000   2.16840434E-019  -7.01721206E+003  -7.02463574E+003  -1.40968317E+004  -2.34703496E+002   8.90695691E+000  -4.87994530E+000   2.09504319E-001   1.18214068E+001   0.00000000E+000   1.54119081E+015   1.71080099E+014   1.00000000E-014   3.08000000E-012
       309     1.19999997E+001   7.08721743E+003  -7.65483279E-021   8.45590551E-020  -1.19999997E+001   3.30003188E-020  -4.33680869E-019   2.16840434E-019  -7.01732012E+003  -7.02479127E+003  -1.40965681E+004  -2.34819868E+002   8.93848090E+000  -4.89688650E+000   2.10299944E-001   1.18207305E+001   0.00000000E+000   1.54534374E+015   1.70425020E+014   1.00000000E-014   3.09000000E-012
       310     1.19999997E+001   7.08683647E+003   3.07346711E-020  -3.24735857E-020  -1.19999997E+001   4.69616283E-021  -4.33680869E-019  -4.33680869E-019  -7.01742974E+003  -7.02494384E+003  -1.40963059E+004  -2.34935626E+002   8.96812270E+000  -4.91294790E+000   2.11090180E-001   1.18200578E+001   0.00000000E+000   1.54949554E+015   1.70775996E+014   1.00000000E-014   3.10000000E-012
       311     1.19999997E+001   7.08645295E+003  -3.00749978E-020  -1.86148725E-020  -1.19999997E+001   2.72451193E-020   2.16840434E-019   0.00000000E+000  -7.01753992E+003  -7.02509763E+003  -1.40960420E+004  -2.35052168E+002   8.99762596E+000  -4.92860439E+000   2.11885524E-001   1.18193805E+001   0.00000000E+000   1.55320218E+015   1.70991321E+014   1.00000000E-014   3.11000000E-012
       312     1.19999997E+001   7.08606514E+003  -3.19279309E-020  -3.53402771E-020  -1.19999997E+001   6.79996230E-020   0.00000000E+000   2.16840434E-019  -7.01765035E+003  -7.02525412E+003  -1.40957750E+004  -2.35170013E+002   9.02725406E+000  -4.94530240E+000   2.12690039E-001   1.18186957E+001   0.00000000E+000   1.55548757E+015   1.71880887E+014   1.00000000E-014   3.12000000E-012
       313     1.19999997E+001   7.08568438E+003  -5.13936620E-020   4.14174503E-021  -1.19999997E+001  -5.88239153E-021  -2.16840434E-019   6.50521303E-019  -7.01776093E+003  -7.02540562E+003  -1.40955130E+004  -2.35285723E+002   9.05762840E+000  -4.96170789E+000   2.13480200E-001   1.18180233E+001   0.00000000E+000   1.55974423E+015   1.71322657E+014   1.00000000E-014   3.13000000E-012
       314     1.19999997E+001   7.08529005E+003   2.39469821E-020   1.17008110E-019  -1.19999997E+001  -8.95717696E-021   0.00000000E+000   6.50521303E-019  -7.01787238E+003  -7.02556559E+003  -1.40952415E+004  -2.35405553E+002   9.08778922E+000  -4.97754443E+000   2.14298126E-001   1.18173269E+001   0.00000000E+000   1.56137025E+015   1.72346357E+014   1.00000000E-014   3.14000000E-012
       315     1.19999997E+001   7.08489542E+003   2.48047038E-020  -1.19359060E-019  -1.19999997E+001  -6.67201556E-020   0.00000000E+000   2.16840434E-019  -7.01798530E+003  -7.02572431E+003  -1.40949699E+004  -2.35525481E+002   9.11873688E+000  -4.99217687E+000   2.15116522E-001   1.18166300E+001   0.00000000E+000   1.56889595E+015   1.70862626E+014   1.00000000E-014   3.15000000E-012
       316     1.19999997E+001   7.08450330E+003   1.30277845E-020   1.83049512E-020  -1.19999997E+001  -6.21236680E-020   0.00000000E+000   2.16840434E-019  -7.01809668E+003  -7.02588285E+003  -1.40947000E+004  -2.35644650E+002   9.14921413E+000  -5.01133143E+000   2.15930915E-001   1.18159376E+001   0.00000000E+000   1.57124423E+015   1.70766167E+014   1.00000000E-014   3.16000000E-012
       317     1.19999997E+001   7.08411227E+003   3.53619712E-021  -4.75047629E-020  -1.19999997E+001  -1.67535610E-020  -2.16840434E-019  -2.16840434E-019  -7.01821033E+003  -7.02603837E+003  -1.40944308E+004  -2.35763488E+002   9.18123013E+000  -5.02924884E+000   2.16743036E-001   1.18152471E+001   0.00000000E+000   1.57580418E+015   1.70965697E+014   1.00000000E-014   3.17000000E-012
       318     1.19999997E+001   7.08372610E+003   2.69210066E-020  -3.37265834E-020  -1.19999997E+001  -2.84189790E-020   2.16840434E-019  -2.16840434E-019  -7.01832213E+003  -7.02619241E+003  -1.40941650E+004  -2.35880851E+002   9.21176027E+000  -5.04451747E+000   2.17544096E-001   1.18145652E+001   0.00000000E+000   1.57751891E+015   1.71090805E+014   1.00000000E-014   3.18000000E-012
       319     1.19999997E+001   7.08334129E+003   1.06707333E-020   1.15586632E-019  -1.19999997E+001   2.32150048E-020  -2.16840434E-019   0.00000000E+000  -7.01843369E+003  -7.02634574E+003  -1.40939001E+004  -2.35997805E+002   9.24263160E+000  -5.06047775E+000   2.18342708E-001   1.18138856E+001   0.00000000E+000   1.58218790E+015   1.70937463E+014   1.00000000E-014   3.19000000E-012
       320     1.19999997E+001   7.08294743E+003   1.34243659E-021  -5.24855211E-020  -1.19999997E+001   2.73912071E-020  -4.33680869E-019   0.00000000E+000  -7.01854480E+003  -7.02650577E+003  -1.40936289E+004  -2.36117512E+002   9.27315368E+000  -5.08096040E+000   2.19161178E-001   1.18131901E+001   0.00000000E+000   1.58535184E+015   1.71856220E+014   1.00000000E-014   3.20000000E-012
       321     1.19999997E+001   7.08255669E+003   6.10687801E-020  -1.51758252E-019  -1.19999997E+001   3.80517557E-020  -2.16840434E-019  -2.16840434E-019  -7.01865569E+003  -7.02666389E+003  -1.40933599E+004  -2.36236275E+002   9.30313505E+000  -5.09998838E+000   2.19972654E-001   1.18125001E+001   0.00000000E+000   1.58912064E+015   1.72649379E+014   1.00000000E-014   3.21000000E-012
       322     1.19999997E+001   7.08216755E+003   2.69595093E-020  -8.30403774E-020  -1.19999997E+001  -1.12507937E-020  -2.16840434E-019   8.67361738E-019  -7.01877034E+003  -7.02681713E+003  -1.40930920E+004  -2.36354550E+002   9.33606007E+000  -5.11650418E+000   2.20780818E-001   1.18118129E+001   0.00000000E+000   1.59014022E+015   1.72900114E+014   1.00000000E-014   3.22000000E-012
       323     1.19999997E+001   7.08177806E+003  -7.66129513E-021   1.01620457E-019  -1.19999997E+001  -2.56332415E-020  -4.33680869E-019   0.00000000E+000  -7.01888306E+003  -7.02697255E+003  -1.40928239E+004  -2.36472935E+002   9.36705303E+000  -5.13191144E+000   2.21588948E-001   1.18111251E+001   0.00000000E+000   1.59133918E+015   1.73546287E+014   1.00000000E-014   3.23000000E-012
       324     1.19999997E+001   7.08139462E+003  -1.83779628E-020  -1.20852724E-019  -1.19999997E+001  -7.74582782E-020  -2.16840434E-019   2.16840434E-019  -7.01899434E+003  -7.02712526E+003  -1.40925599E+004  -2.36589483E+002   9.39722347E+000  -5.14795803E+000   2.22384585E-001   1.18104480E+001   0.00000000E+000   1.59612432E+015   1.73193967E+014   1.00000000E-014   3.24000000E-012
       325     1.19999997E+001   7.08101020E+003   5.51221076E-020  -3.62544474E-020  -1.19999997E+001   6.40114105E-020  -4.33680869E-019   0.00000000E+000  -7.01910521E+003  -7.02727905E+003  -1.40922953E+004  -2.36706329E+002   9.42661749E+000  -5.16237416E+000   2.23181588E-001   1.18097692E+001   0.00000000E+000   1.60060274E+015   1.72970347E+014   1.00000000E-014   3.25000000E-012
       326     1.19999997E+001   7.08062071E+003  -4.06997160E-020  -1.22353454E-020  -1.19999997E+001   1.54331223E-021  -2.16840434E-019  -2.16840434E-019  -7.01921812E+003  -7.02743429E+003  -1.40920271E+004  -2.36824719E+002   9.45729928E+000  -5.17882104E+000   2.23989871E-001   1.18090814E+001   0.00000000E+000   1.60571934E+015   1.72655486E+014   1.00000000E-014   3.26000000E-012
       327     1.19999997E+001   7.08022017E+003  -1.21352113E-020  -8.83040636E-020  -1.19999997E+001   2.14571943E-020   0.00000000E+000  -2.16840434E-019  -7.01933405E+003  -7.02759414E+003  -1.40917513E+004  -2.36946473E+002   9.48855853E+000  -5.19590559E+000   2.24821075E-001   1.18083741E+001   0.00000000E+000   1.60765380E+015   1.72081748E+014   1.00000000E-014   3.27000000E-012
       328     1.19999997E+001   7.07981544E+003   4.06481498E-020   5.77739646E-020  -1.19999997E+001   1.10418789E-020  -2.16840434E-019  -4.33680869E-019  -7.01944499E+003  -7.02776186E+003  -1.40914727E+004  -2.37069502E+002   9.52029193E+000  -5.20574130E+000   2.25660085E-001   1.18076594E+001   0.00000000E+000   1.61146610E+015   1.71463980E+014   1.00000000E-014   3.28000000E-012
       329     1.19999997E+001   7.07942534E+003   2.43446363E-020   1.32737776E-019  -1.19999997E+001  -3.48330667E-020  -4.33680869E-019   4.33680869E-019  -7.01955694E+003  -7.02791851E+003  -1.40912041E+004  -2.37188087E+002   9.55153734E+000  -5.22080961E+000   2.26469730E-001   1.18069705E+001   0.00000000E+000   1.61476247E+015   1.72083560E+014   1.00000000E-014   3.29000000E-012
       330     1.19999997E+001   7.07903652E+003   3.72308501E-020  -8.35079670E-020  -1.19999997E+001  -1.42335036E-020   2.16840434E-019   4.33680869E-019  -7.01966972E+003  -7.02807344E+003  -1.40909364E+004  -2.37306281E+002   9.58207080E+000  -5.23684784E+000   2.27276546E-001   1.18062839E+001   0.00000000E+000   1.61924628E+015   1.71821405E+014   1.00000000E-014   3.30000000E-012
       331     1.19999997E+001   7.07863681E+003   2.10001770E-020   1.81400708E-020  -1.19999997E+001   2.20619603E-020   2.16840434E-019  -4.33680869E-019  -7.01978367E+003  -7.02823471E+003  -1.40906611E+004  -2.37427791E+002   9.61243078E+000  -5.25213435E+000   2.28105570E-001   1.18055781E+001   0.00000000E+000   1.62228082E+015   1.70652222E+014   1.00000000E-014   3.31000000E-012
       332     1.19999997E+001   7.07824707E+003   2.90356680E-020   9.31344882E-020  -1.19999997E+001   2.99941248E-020   0.00000000E+000   2.16840434E-019  -7.01989704E+003  -7.02838971E+003  -1.40903928E+004  -2.37546275E+002   9.64294012E+000  -5.26835712E+000   2.28914320E-001   1.18048898E+001   0.00000000E+000   1.62710326E+015   1.70427467E+014   1.00000000E-014   3.32000000E-012
       333     1.19999997E+001   7.07785086E+003   2.76667423E-020  -4.88357546E-020  -1.19999997E+001   2.99151678E-020   2.16840434E-019   8.67361738E-019  -7.02001190E+003  -7.02854767E+003  -1.40901200E+004  -2.37666723E+002   9.67306472E+000  -5.28332152E+000   2.29735795E-001   1.18041902E+001   0.00000000E+000   1.63053949E+015   1.71017931E+014   1.00000000E-014   3.33000000E-012
       334     1.19999997E+001   7.07745854E+003   5.75858069E-020  -9.50077421E-020  -1.19999997E+001   1.08726429E-020  -8.67361738E-019   2.16840434E-019  -7.02012604E+003  -7.02870368E+003  -1.40898498E+004  -2.37785996E+002   9.70382134E+000  -5.29914816E+000   2.30549816E-001   1.18034974E+001   0.00000000E+000   1.63137132E+015   1.70610231E+014   1.00000000E-014   3.34000000E-012
       335     1.19999997E+001   7.07705563E+003   2.09558389E-020  -8.29350669E-020  -1.19999997E+001   4.38418908E-020  -4.33680869E-019  -4.33680869E-019  -7.02024531E+003  -7.02886186E+003  -1.40895723E+004  -2.37908490E+002   9.73774175E+000  -5.31496549E+000   2.31386355E-001   1.18027859E+001   0.00000000E+000   1.63159473E+015   1.71518752E+014   1.00000000E-014   3.35000000E-012
       336     1.19999997E+001   7.07666056E+003  -3.33832130E-020   9.34562098E-020  -1.19999997E+001  -2.98791984E-020   2.16840434E-019  -4.33680869E-019  -7.02035907E+003  -7.02902016E+003  -1.40893003E+004  -2.38028601E+002   9.76884925E+000  -5.33107127E+000   2.32206378E-001   1.18020883E+001   0.00000000E+000   1.63583720E+015   1.71630016E+014   1.00000000E-014   3.36000000E-012
       337     1.19999997E+001   7.07626363E+003  -3.02498658E-020  -3.68300746E-020  -1.19999997E+001  -2.60826009E-020  -2.16840434E-019  -2.16840434E-019  -7.02047471E+003  -7.02917786E+003  -1.40890270E+004  -2.38149283E+002   9.79930172E+000  -5.34657231E+000   2.33029603E-001   1.18013874E+001   0.00000000E+000   1.64078001E+015   1.71426911E+014   1.00000000E-014   3.37000000E-012
       338     1.19999997E+001   7.07585973E+003  -1.24945890E-020  -1.34221170E-020  -1.19999997E+001  -5.07511495E-021  -6.50521303E-019   0.00000000E+000  -7.02059258E+003  -7.02933814E+003  -1.40887488E+004  -2.38272085E+002   9.83121394E+000  -5.36478491E+000   2.33868250E-001   1.18006742E+001   0.00000000E+000   1.63882323E+015   1.71162184E+014   1.00000000E-014   3.38000000E-012
       339     1.19999997E+001   7.07545999E+003  -1.57778756E-020  -4.60791817E-020  -1.19999997E+001   2.25738171E-020   2.16840434E-019  -1.30104261E-018  -7.02070922E+003  -7.02949679E+003  -1.40884735E+004  -2.38393626E+002   9.86223658E+000  -5.38291487E+000   2.34698087E-001   1.17999683E+001   0.00000000E+000   1.64020575E+015   1.70938049E+014   1.00000000E-014   3.39000000E-012
       340     1.19999997E+001   7.07505860E+003   2.77394760E-020   2.76198450E-020  -1.19999997E+001   4.01708632E-020  -2.16840434E-019   2.16840434E-019  -7.02082747E+003  -7.02965497E+003  -1.40881971E+004  -2.38515667E+002   9.89208991E+000  -5.40053505E+000   2.35530512E-001   1.17992595E+001   0.00000000E+000   1.64318617E+015   1.71663875E+014   1.00000000E-014   3.40000000E-012
       341     1.19999997E+001   7.07465844E+003   3.38565412E-020  -3.04024256E-020  -1.19999997E+001   3.40648486E-020  -2.16840434E-019  -4.33680869E-019  -7.02094578E+003  -7.02981225E+003  -1.40879215E+004  -2.38637338E+002   9.92273773E+000  -5.41777664E+000   2.36360620E-001   1.17985529E+001   0.00000000E+000   1.64774811E+015   1.71438874E+014   1.00000000E-014   3.41000000E-012
       342     1.19999997E+001   7.07425585E+003  -1.85677943E-020  -1.25986845E-020  -1.19999997E+001   4.32349470E-020   0.00000000E+000  -2.16840434E-019  -7.02106505E+003  -7.02997025E+003  -1.40876442E+004  -2.38759754E+002   9.95534931E+000  -5.43574679E+000   2.37196649E-001   1.17978420E+001   0.00000000E+000   1.64979260E+015   1.70952503E+014   1.00000000E-014   3.42000000E-012
       343     1.19999997E+001   7.07385325E+003   1.95294758E-020   1.17935017E-020  -1.19999997E+001  -4.32648031E-020   2.16840434E-019  -2.16840434E-019  -7.02118384E+003  -7.03012873E+003  -1.40873669E+004  -2.38882171E+002   9.98579205E+000  -5.45316388E+000   2.38031741E-001   1.17971311E+001   0.00000000E+000   1.65247080E+015   1.70714048E+014   1.00000000E-014   3.43000000E-012
       344     1.19999997E+001   7.07345144E+003  -3.38451804E-020  -2.39813101E-020  -1.19999997E+001  -5.69599155E-021   4.33680869E-019  -4.33680869E-019  -7.02130169E+003  -7.03028764E+003  -1.40870902E+004  -2.39004354E+002   1.00165774E+001  -5.47005754E+000   2.38865390E-001   1.17964215E+001   0.00000000E+000   1.65699423E+015   1.70440249E+014   1.00000000E-014   3.44000000E-012
       345     1.19999997E+001   7.07304479E+003   4.75327448E-020   1.08601473E-019  -1.19999997E+001  -3.11413726E-020   4.33680869E-019  -2.16840434E-019  -7.02142090E+003  -7.03044851E+003  -1.40868101E+004  -2.39128009E+002   1.00474762E+001  -5.48692227E+000   2.39708934E-001   1.17957035E+001   0.00000000E+000   1.66167132E+015   1.69631736E+014   1.00000000E-014   3.45000000E-012
       346     1.19999997E+001   7.07263832E+003   2.52925465E-020   6.61051726E-020  -1.19999997E+001  -2.22475008E-020   0.00000000E+000   0.00000000E+000  -7.02153999E+003  -7.03060938E+003  -1.40865302E+004  -2.39251611E+002   1.00782962E+001  -5.50445345E+000   2.40552265E-001   1.17949857E+001   0.00000000E+000   1.66492201E+015   1.69380440E+014   1.00000000E-014   3.46000000E-012
       347     1.19999997E+001   7.07223027E+003  -4.53709212E-021   5.57461313E-020  -1.19999997E+001  -8.96045208E-020  -4.33680869E-019  -2.16840434E-019  -7.02166040E+003  -7.03077003E+003  -1.40862491E+004  -2.39375700E+002   1.01101724E+001  -5.52276783E+000   2.41399347E-001   1.17942652E+001   0.00000000E+000   1.66908774E+015   1.69094183E+014   1.00000000E-014   3.47000000E-012
       348     1.19999997E+001   7.07181609E+003   3.17775132E-020  -9.91572420E-021  -1.19999997E+001  -1.13601341E-019  -2.16840434E-019   4.33680869E-019  -7.02178450E+003  -7.03093123E+003  -1.40859638E+004  -2.39501655E+002   1.01444291E+001  -5.54332749E+000   2.42260144E-001   1.17935338E+001   0.00000000E+000   1.67016666E+015   1.68358113E+014   1.00000000E-014   3.48000000E-012
       349     1.19999997E+001   7.07140099E+003  -3.72914734E-020   9.59374673E-020  -1.19999997E+001   5.71306507E-020  -2.16840434E-019   2.16840434E-019  -7.02190610E+003  -7.03109555E+003  -1.40856779E+004  -2.39627890E+002   1.01757781E+001  -5.56023257E+000   2.43121150E-001   1.17928008E+001   0.00000000E+000   1.67461943E+015   1.68144099E+014   1.00000000E-014   3.49000000E-012
       350     1.19999997E+001   7.07098074E+003  -1.29562333E-020  -2.92772823E-020  -1.19999997E+001   4.55063979E-020   2.16840434E-019   2.16840434E-019  -7.02202740E+003  -7.03126373E+003  -1.40853884E+004  -2.39755692E+002   1.02063062E+001  -5.57404670E+000   2.43991816E-001   1.17920587E+001   0.00000000E+000   1.67804273E+015   1.68590933E+014   1.00000000E-014   3.50000000E-012
       351     1.19999997E+001   7.07056175E+003   3.05459706E-020   9.89495162E-020  -1.19999997E+001   5.03096677E-020   0.00000000E+000  -2.16840434E-019  -7.02215197E+003  -7.03142777E+003  -1.40850998E+004  -2.39883116E+002   1.02382925E+001  -5.59201925E+000   2.44861024E-001   1.17913189E+001   0.00000000E+000   1.68379093E+015   1.67679785E+014   1.00000000E-014   3.51000000E-012
       352     1.19999997E+001   7.07014164E+003  -2.78162099E-020  -4.84133174E-020  -1.19999997E+001   7.70888387E-020  -2.16840434E-019  -2.16840434E-019  -7.02227697E+003  -7.03159216E+003  -1.40848104E+004  -2.40010881E+002   1.02707195E+001  -5.60979330E+000   2.45732628E-001   1.17905771E+001   0.00000000E+000   1.68860899E+015   1.67107252E+014   1.00000000E-014   3.52000000E-012
       353     1.19999997E+001   7.06972810E+003  -1.75153168E-020   3.96434063E-021  -1.19999997E+001   4.84718339E-020  -2.16840434E-019   0.00000000E+000  -7.02239739E+003  -7.03175662E+003  -1.40845255E+004  -2.40136656E+002   1.03012212E+001  -5.62777643E+000   2.46590606E-001   1.17898468E+001   0.00000000E+000   1.69348784E+015   1.66564857E+014   1.00000000E-014   3.53000000E-012
       354     1.19999997E+001   7.06930648E+003  -4.22977350E-020  -9.36758262E-020  -1.19999997E+001  -3.34815893E-020  -2.16840434E-019   0.00000000E+000  -7.02252233E+003  -7.03192213E+003  -1.40842351E+004  -2.40264884E+002   1.03325981E+001  -5.64497038E+000   2.47464826E-001   1.17891023E+001   0.00000000E+000   1.69842434E+015   1.65772265E+014   1.00000000E-014   3.54000000E-012
       355     1.19999997E+001   7.06888687E+003   2.09028605E-020   8.17202746E-021  -1.19999997E+001  -7.86154264E-020  -4.33680869E-019   2.16840434E-019  -7.02264554E+003  -7.03208799E+003  -1.40839460E+004  -2.40392510E+002   1.03638205E+001  -5.66274711E+000   2.48335271E-001   1.17883614E+001   0.00000000E+000   1.70319264E+015   1.65534248E+014   1.00000000E-014   3.55000000E-012
       356     1.19999997E+001   7.06845791E+003   2.17620362E-020  -2.73983415E-020  -1.19999997E+001   6.13835740E-020  -2.16840434E-019  -2.16840434E-019  -7.02277045E+003  -7.03225860E+003  -1.40836505E+004  -2.40522981E+002   1.03957600E+001  -5.68255384E+000   2.49225701E-001   1.17876039E+001   0.00000000E+000   1.70674229E+015   1.65588126E+014   1.00000000E-014   3.56000000E-012
       357     1.19999997E+001   7.06802671E+003  -4.09038486E-020   1.07340695E-019  -1.19999997E+001   7.82491312E-020   0.00000000E+000  -2.16840434E-019  -7.02289644E+003  -7.03242967E+003  -1.40833534E+004  -2.40654132E+002   1.04279508E+001  -5.69834549E+000   2.50119716E-001   1.17868425E+001   0.00000000E+000   1.71202796E+015   1.65169590E+014   1.00000000E-014   3.57000000E-012
       358     1.19999997E+001   7.06757146E+003   1.94545578E-020  -4.30675657E-020  -1.19999997E+001  -7.31560085E-020   0.00000000E+000  -2.16840434E-019  -7.02302986E+003  -7.03260989E+003  -1.40830398E+004  -2.40792601E+002   1.04570357E+001  -5.71977430E+000   2.51062789E-001   1.17860386E+001   0.00000000E+000   1.71490417E+015   1.64655374E+014   1.00000000E-014   3.58000000E-012
       359     1.19999997E+001   7.06713245E+003   2.00670656E-020   7.04457512E-020  -1.19999997E+001   2.17090967E-021  -4.33680869E-019   0.00000000E+000  -7.02315864E+003  -7.03278357E+003  -1.40827373E+004  -2.40926136E+002   1.04881750E+001  -5.74280422E+000   2.51974062E-001   1.17852635E+001   0.00000000E+000   1.71802049E+015   1.63462655E+014   1.00000000E-014   3.59000000E-012
       360     1.19999997E+001   7.06669645E+003   1.86423246E-021  -6.75611139E-020  -1.19999997E+001  -1.52438125E-020  -2.16840434E-019  -2.16840434E-019  -7.02328510E+003  -7.03295750E+003  -1.40824369E+004  -2.41058759E+002   1.05179131E+001  -5.75776183E+000   2.52876884E-001   1.17844936E+001   0.00000000E+000   1.72001198E+015   1.63147761E+014   1.00000000E-014   3.60000000E-012
       361     1.19999997E+001   7.06626198E+003   3.56036759E-020   2.05543525E-020  -1.19999997E+001   1.71423481E-019   4.33680869E-019  -2.16840434E-019  -7.02341069E+003  -7.03313126E+003  -1.40821376E+004  -2.41190918E+002   1.05489343E+001  -5.77587890E+000   2.53777976E-001   1.17837264E+001   0.00000000E+000   1.72182793E+015   1.62166616E+014   1.00000000E-014   3.61000000E-012
       362     1.19999997E+001   7.06582024E+003  -1.63801665E-020   4.89569301E-020  -1.19999997E+001   4.70613617E-020  -2.16840434E-019   0.00000000E+000  -7.02354016E+003  -7.03330617E+003  -1.40818332E+004  -2.41325293E+002   1.05836205E+001  -5.79512216E+000   2.54695374E-001   1.17829464E+001   0.00000000E+000   1.72200649E+015   1.62365730E+014   1.00000000E-014   3.62000000E-012
       363     1.19999997E+001   7.06532349E+003  -4.46271695E-020  -7.68792518E-020  -1.19999997E+001  -4.09413303E-020  -4.33680869E-019   0.00000000E+000  -7.02368585E+003  -7.03350271E+003  -1.40814910E+004  -2.41476393E+002   1.06137865E+001  -5.80891577E+000   2.55721475E-001   1.17820692E+001   0.00000000E+000   1.70930069E+015   1.63200667E+014   1.00000000E-014   3.63000000E-012
       364     1.19999997E+001   7.06489740E+003  -2.79141403E-020   1.30686911E-020  -1.19999997E+001  -4.75262308E-020  -4.33680869E-019  -2.16840434E-019  -7.02380917E+003  -7.03367299E+003  -1.40811974E+004  -2.41606011E+002   1.06428959E+001  -5.82771706E+000   2.56604969E-001   1.17813169E+001   0.00000000E+000   1.71191297E+015   1.61292810E+014   1.00000000E-014   3.64000000E-012
       365     1.19999997E+001   7.06445475E+003  -4.29429975E-020   6.10886324E-020  -1.19999997E+001  -1.50432746E-020   0.00000000E+000   6.50521303E-019  -7.02393582E+003  -7.03385130E+003  -1.40808924E+004  -2.41740670E+002   1.06712338E+001  -5.83684094E+000   2.57519683E-001   1.17805352E+001   0.00000000E+000   1.71068463E+015   1.60711574E+014   1.00000000E-014   3.65000000E-012
       366     1.19999997E+001   7.06402725E+003   3.89730798E-020   5.68243613E-020  -1.19999997E+001  -2.24547774E-020   4.33680869E-019   4.33680869E-019  -7.02406224E+003  -7.03401945E+003  -1.40805978E+004  -2.41870722E+002   1.07035483E+001  -5.85158540E+000   2.58405942E-001   1.17797804E+001   0.00000000E+000   1.71015161E+015   1.62141219E+014   1.00000000E-014   3.66000000E-012
       367     1.19999997E+001   7.06359878E+003  -2.25223962E-020  -3.52112692E-021  -1.19999997E+001   4.60810622E-020   2.16840434E-019  -2.16840434E-019  -7.02418903E+003  -7.03418791E+003  -1.40803026E+004  -2.42001074E+002   1.07348701E+001  -5.86756733E+000   2.59294107E-001   1.17790238E+001   0.00000000E+000   1.71303517E+015   1.59361436E+014   1.00000000E-014   3.67000000E-012
       368     1.19999997E+001   7.06316965E+003  -1.42010949E-020  -8.97757213E-020  -1.19999997E+001   1.01065754E-019  -6.50521303E-019   0.00000000E+000  -7.02431420E+003  -7.03435846E+003  -1.40800069E+004  -2.42131631E+002   1.07660176E+001  -5.88528957E+000   2.60184292E-001   1.17782660E+001   0.00000000E+000   1.71093061E+015   1.58979015E+014   1.00000000E-014   3.68000000E-012
       369     1.19999997E+001   7.06273126E+003  -8.89555201E-021   2.94645870E-020  -1.19999997E+001   8.13994837E-021   2.16840434E-019  -2.16840434E-019  -7.02444151E+003  -7.03453325E+003  -1.40797048E+004  -2.42265004E+002   1.07947681E+001  -5.90621826E+000   2.61093248E-001   1.17774920E+001   0.00000000E+000   1.70781321E+015   1.58396450E+014   1.00000000E-014   3.69000000E-012
       370     1.19999997E+001   7.06228267E+003  -5.53647494E-020  -3.57209159E-020  -1.19999997E+001  -1.65652046E-020  -1.51788304E-018   0.00000000E+000  -7.02456975E+003  -7.03471414E+003  -1.40793956E+004  -2.42401487E+002   1.08229095E+001  -5.92125935E+000   2.62021619E-001   1.17766998E+001   0.00000000E+000   1.70258064E+015   1.59147972E+014   1.00000000E-014   3.70000000E-012
       371     1.19999997E+001   7.06185521E+003  -1.37164640E-020   4.70200996E-020  -1.19999997E+001  -1.99634612E-020  -2.16840434E-019   6.50521303E-019  -7.02469377E+003  -7.03488468E+003  -1.40791011E+004  -2.42531540E+002   1.08527937E+001  -5.93487996E+000   2.62907023E-001   1.17759451E+001   0.00000000E+000   1.70248387E+015   1.58080707E+014   1.00000000E-014   3.71000000E-012
       372     1.19999997E+001   7.06142580E+003  -4.43966446E-020  -6.70993403E-021  -1.19999997E+001   4.09104144E-021  -6.50521303E-019  -4.33680869E-019  -7.02481572E+003  -7.03505868E+003  -1.40788051E+004  -2.42662197E+002   1.08825056E+001  -5.95264007E+000   2.63797836E-001   1.17751868E+001   0.00000000E+000   1.70399512E+015   1.57905115E+014   1.00000000E-014   3.72000000E-012
       373     1.19999997E+001   7.06100538E+003  -2.53127155E-020   6.34753587E-020  -1.19999997E+001  -2.69700462E-020  -2.16840434E-019   0.00000000E+000  -7.02493710E+003  -7.03522706E+003  -1.40785154E+004  -2.42790121E+002   1.09127828E+001  -5.97538557E+000   2.64671507E-001   1.17744445E+001   0.00000000E+000   1.70500864E+015   1.57228990E+014   1.00000000E-014   3.73000000E-012
       374     1.19999997E+001   7.06059065E+003  -4.21715288E-020   8.65998482E-020  -1.19999997E+001   8.86903454E-021   0.00000000E+000   2.16840434E-019  -7.02505902E+003  -7.03539097E+003  -1.40782296E+004  -2.42916312E+002   1.09423736E+001  -5.99348432E+000   2.65531832E-001   1.17737122E+001   0.00000000E+000   1.70764007E+015   1.57184050E+014   1.00000000E-014   3.74000000E-012
       375     1.19999997E+001   7.06015940E+003   1.15040144E-020  -3.15907255E-020  -1.19999997E+001  -8.05479271E-020   4.33680869E-019   0.00000000E+000  -7.02518352E+003  -7.03556369E+003  -1.40779323E+004  -2.43047537E+002   1.09730524E+001  -6.01320797E+000   2.66426998E-001   1.17729507E+001   0.00000000E+000   1.70804190E+015   1.56562700E+014   1.00000000E-014   3.75000000E-012
       376     1.19999997E+001   7.05974396E+003  -7.41133149E-021   5.30470151E-020  -1.19999997E+001  -1.46784088E-020   0.00000000E+000  -2.16840434E-019  -7.02530390E+003  -7.03572965E+003  -1.40776460E+004  -2.43173953E+002   1.10021630E+001  -6.03270920E+000   2.67289258E-001   1.17722171E+001   0.00000000E+000   1.70974261E+015   1.56257392E+014   1.00000000E-014   3.76000000E-012
       377     1.19999997E+001   7.05932235E+003  -2.92835637E-020   5.67137775E-020  -1.19999997E+001   5.94430729E-021   2.16840434E-019   2.16840434E-019  -7.02542509E+003  -7.03589907E+003  -1.40773554E+004  -2.43302254E+002   1.10326152E+001  -6.05430133E+000   2.68165325E-001   1.17714727E+001   0.00000000E+000   1.71087799E+015   1.56542675E+014   1.00000000E-014   3.77000000E-012
       378     1.19999997E+001   7.05889632E+003   2.20391224E-020   2.99575608E-020  -1.19999997E+001  -1.32363955E-019  -8.67361738E-019  -2.16840434E-019  -7.02555065E+003  -7.03606714E+003  -1.40770618E+004  -2.43431893E+002   1.10615050E+001  -6.07190094E+000   2.69048274E-001   1.17707204E+001   0.00000000E+000   1.71470268E+015   1.56233631E+014   1.00000000E-014   3.78000000E-012
       379     1.19999997E+001   7.05847047E+003  -4.33753351E-020  -9.49027936E-020  -1.19999997E+001  -1.75367783E-020  -2.16840434E-019  -2.16840434E-019  -7.02567294E+003  -7.03623837E+003  -1.40767682E+004  -2.43561483E+002   1.10903971E+001  -6.09027752E+000   2.69931582E-001   1.17699685E+001   0.00000000E+000   1.71694990E+015   1.55669890E+014   1.00000000E-014   3.79000000E-012
       380     1.19999997E+001   7.05805203E+003  -1.43293531E-020   9.32762721E-020  -1.19999997E+001   1.25055857E-019   2.16840434E-019   6.50521303E-019  -7.02579826E+003  -7.03640146E+003  -1.40764798E+004  -2.43688820E+002   1.11188651E+001  -6.10722812E+000   2.70798498E-001   1.17692297E+001   0.00000000E+000   1.71534221E+015   1.55545968E+014   1.00000000E-014   3.80000000E-012
       381     1.19999997E+001   7.05763652E+003  -2.67555964E-020   3.31064565E-020  -1.19999997E+001  -5.51396981E-021  -4.33680869E-019   0.00000000E+000  -7.02591835E+003  -7.03656778E+003  -1.40761934E+004  -2.43815271E+002   1.11492204E+001  -6.12294285E+000   2.71660597E-001   1.17684960E+001   0.00000000E+000   1.71655652E+015   1.55223133E+014   1.00000000E-014   3.81000000E-012
       382     1.19999997E+001   7.05722620E+003  -2.50295548E-020  -2.52455523E-020  -1.19999997E+001   1.21533793E-019   4.33680869E-019   0.00000000E+000  -7.02603756E+003  -7.03673143E+003  -1.40759105E+004  -2.43940149E+002   1.11801602E+001  -6.14002230E+000   2.72512647E-001   1.17677715E+001   0.00000000E+000   1.72043427E+015   1.53667426E+014   1.00000000E-014   3.82000000E-012
       383     1.19999997E+001   7.05680720E+003  -7.32225448E-021   2.28071789E-020  -1.19999997E+001   8.65633283E-021   6.50521303E-019   2.16840434E-019  -7.02616045E+003  -7.03689736E+003  -1.40756217E+004  -2.44067666E+002   1.12102629E+001  -6.15830394E+000   2.73382148E-001   1.17670317E+001   0.00000000E+000   1.72348390E+015   1.53455916E+014   1.00000000E-014   3.83000000E-012
       384     1.19999997E+001   7.05639405E+003   4.26285978E-020   3.85703463E-020  -1.19999997E+001   7.86703119E-020   1.30104261E-018  -2.16840434E-019  -7.02628183E+003  -7.03706078E+003  -1.40753369E+004  -2.44193408E+002   1.12402837E+001  -6.17576082E+000   2.74239503E-001   1.17663021E+001   0.00000000E+000   1.72652905E+015   1.52363660E+014   1.00000000E-014   3.84000000E-012
       385     1.19999997E+001   7.05597718E+003  -3.49844408E-020   9.52984444E-020  -1.19999997E+001  -3.76341006E-020  -2.16840434E-019   0.00000000E+000  -7.02640490E+003  -7.03722510E+003  -1.40750495E+004  -2.44320284E+002   1.12723148E+001  -6.19403768E+000   2.75105354E-001   1.17655661E+001   0.00000000E+000   1.72763674E+015   1.52101506E+014   1.00000000E-014   3.85000000E-012
       386     1.19999997E+001   7.05555311E+003  -2.72149142E-020  -1.90452494E-019  -1.19999997E+001  -1.41308783E-019   0.00000000E+000   4.33680869E-019  -7.02652857E+003  -7.03739378E+003  -1.40747572E+004  -2.44449353E+002   1.13008713E+001  -6.21319840E+000   2.75984968E-001   1.17648173E+001   0.00000000E+000   1.73025809E+015   1.51886995E+014   1.00000000E-014   3.86000000E-012
       387     1.19999997E+001   7.05513048E+003  -2.61939924E-020   5.68986007E-020  -1.19999997E+001   2.71158852E-021   0.00000000E+000  -2.16840434E-019  -7.02664834E+003  -7.03756534E+003  -1.40744658E+004  -2.44577987E+002   1.13293852E+001  -6.22710768E+000   2.76860890E-001   1.17640711E+001   0.00000000E+000   1.73170714E+015   1.51461932E+014   1.00000000E-014   3.87000000E-012
       388     1.19999997E+001   7.05470330E+003   8.97956254E-022   1.67118918E-020  -1.19999997E+001  -2.33309329E-020  -2.16840434E-019   2.16840434E-019  -7.02677104E+003  -7.03773713E+003  -1.40741713E+004  -2.44708012E+002   1.13580934E+001  -6.24442971E+000   2.77746795E-001   1.17633168E+001   0.00000000E+000   1.73080502E+015   1.51193120E+014   1.00000000E-014   3.88000000E-012
       389     1.19999997E+001   7.05429161E+003   3.42780544E-020   4.83575473E-020  -1.19999997E+001   5.64400583E-020  -6.50521303E-019  -4.33680869E-019  -7.02688733E+003  -7.03790468E+003  -1.40738875E+004  -2.44833327E+002   1.13904246E+001  -6.26093893E+000   2.78602710E-001   1.17625899E+001   0.00000000E+000   1.73208020E+015   1.52028344E+014   1.00000000E-014   3.89000000E-012
       390     1.19999997E+001   7.05387694E+003   3.14395324E-020  -2.74121839E-020  -1.19999997E+001  -2.47800306E-020   6.50521303E-019   2.16840434E-019  -7.02700681E+003  -7.03807112E+003  -1.40736016E+004  -2.44959551E+002   1.14213775E+001  -6.28106629E+000   2.79464703E-001   1.17618577E+001   0.00000000E+000   1.73277813E+015   1.51709863E+014   1.00000000E-014   3.90000000E-012
       391     1.19999997E+001   7.05345963E+003   2.27112777E-021  -3.03824990E-020  -1.19999997E+001   6.31111266E-020   4.33680869E-019  -2.16840434E-019  -7.02712788E+003  -7.03823778E+003  -1.40733139E+004  -2.45086581E+002   1.14533844E+001  -6.30038513E+000   2.80332174E-001   1.17611209E+001   0.00000000E+000   1.73548094E+015   1.51084646E+014   1.00000000E-014   3.91000000E-012
       392     1.19999997E+001   7.05303090E+003   4.67193678E-020  -5.09013086E-020  -1.19999997E+001   3.20225069E-020   2.16840434E-019   0.00000000E+000  -7.02725368E+003  -7.03840760E+003  -1.40730183E+004  -2.45217088E+002   1.14853727E+001  -6.32027998E+000   2.81222840E-001   1.17603638E+001   0.00000000E+000   1.73412996E+015   1.50725247E+014   1.00000000E-014   3.92000000E-012
       393     1.19999997E+001   7.05259986E+003  -9.27388374E-021   1.03909395E-020  -1.19999997E+001   9.00206242E-020  -2.16840434E-019  -4.33680869E-019  -7.02737702E+003  -7.03858145E+003  -1.40727211E+004  -2.45348300E+002   1.15155250E+001  -6.33729641E+000   2.82117274E-001   1.17596028E+001   0.00000000E+000   1.73333914E+015   1.51913400E+014   1.00000000E-014   3.93000000E-012
       394     1.19999997E+001   7.05218140E+003  -5.81853319E-020  -8.98539416E-020  -1.19999997E+001  -4.24925282E-020  -2.16840434E-019   0.00000000E+000  -7.02749844E+003  -7.03874857E+003  -1.40724325E+004  -2.45475689E+002   1.15470181E+001  -6.35576760E+000   2.82986740E-001   1.17588639E+001   0.00000000E+000   1.73336879E+015   1.51724113E+014   1.00000000E-014   3.94000000E-012
       395     1.19999997E+001   7.05175724E+003   4.94476162E-020   2.50310023E-020  -1.19999997E+001   9.63838023E-020   2.16840434E-019   0.00000000E+000  -7.02762056E+003  -7.03891890E+003  -1.40721401E+004  -2.45604811E+002   1.15756910E+001  -6.37221228E+000   2.83866355E-001   1.17581150E+001   0.00000000E+000   1.73454046E+015   1.51443218E+014   1.00000000E-014   3.95000000E-012
       396     1.19999997E+001   7.05134294E+003   2.62627777E-020   9.11349342E-020  -1.19999997E+001  -3.21332074E-020  -1.30104261E-018  -2.16840434E-019  -7.02774005E+003  -7.03908508E+003  -1.40718544E+004  -2.45730940E+002   1.16056310E+001  -6.38888260E+000   2.84726444E-001   1.17573834E+001   0.00000000E+000   1.73736524E+015   1.51591937E+014   1.00000000E-014   3.96000000E-012
       397     1.19999997E+001   7.05092434E+003   1.37494995E-020  -1.35570818E-019  -1.19999997E+001  -5.05156151E-021   2.16840434E-019  -2.16840434E-019  -7.02786124E+003  -7.03925254E+003  -1.40715657E+004  -2.45858376E+002   1.16374741E+001  -6.40528867E+000   2.85595910E-001   1.17566444E+001   0.00000000E+000   1.74031818E+015   1.51209225E+014   1.00000000E-014   3.97000000E-012
       398     1.19999997E+001   7.05050866E+003  -2.74872635E-020  -5.31158521E-020  -1.19999997E+001  -2.53854621E-020   6.50521303E-019  -4.33680869E-019  -7.02798161E+003  -7.03941883E+003  -1.40712791E+004  -2.45984932E+002   1.16672905E+001  -6.42482717E+000   2.86459447E-001   1.17559104E+001   0.00000000E+000   1.74523769E+015   1.49823541E+014   1.00000000E-014   3.98000000E-012
       399     1.19999997E+001   7.05008481E+003  -7.38625758E-020  -8.58264509E-021  -1.19999997E+001  -1.58073924E-020   0.00000000E+000   2.16840434E-019  -7.02810276E+003  -7.03958997E+003  -1.40709868E+004  -2.46113975E+002   1.16981399E+001  -6.44715227E+000   2.87340980E-001   1.17551620E+001   0.00000000E+000   1.74418361E+015   1.49642231E+014   1.00000000E-014   3.99000000E-012
       400     1.19999997E+001   7.04966740E+003   2.41427654E-020   1.76714213E-020  -1.19999997E+001  -5.00756596E-020  -6.50521303E-019   2.16840434E-019  -7.02822272E+003  -7.03975787E+003  -1.40706989E+004  -2.46241065E+002   1.17290938E+001  -6.46739142E+000   2.88208858E-001   1.17544250E+001   0.00000000E+000   1.74678608E+015   1.49413744E+014   1.00000000E-014   4.00000000E-012
       401     1.19999997E+001   7.04923901E+003   1.09744120E-020   5.61186857E-020  -1.19999997E+001  -1.14206792E-020  -2.16840434E-019   2.16840434E-019  -7.02834613E+003  -7.03992987E+003  -1.40704035E+004  -2.46371491E+002   1.17599788E+001  -6.48003093E+000   2.89097149E-001   1.17536686E+001   0.00000000E+000   1.74929751E+015   1.48375099E+014   1.00000000E-014   4.01000000E-012
       402     1.19999997E+001   7.04882078E+003   4.43387420E-020   8.23364208E-020  -1.19999997E+001  -6.67488225E-020  -2.16840434E-019  -4.33680869E-019  -7.02846868E+003  -7.04009576E+003  -1.40701151E+004  -2.46498832E+002   1.17914456E+001  -6.49904470E+000   2.89966239E-001   1.17529302E+001   0.00000000E+000   1.75321331E+015   1.47609843E+014   1.00000000E-014   4.02000000E-012
       403     1.19999997E+001   7.04840106E+003   1.96777996E-020   6.06149164E-020  -1.19999997E+001  -6.16330594E-020   2.16840434E-019   1.08420217E-018  -7.02858995E+003  -7.04026396E+003  -1.40698256E+004  -2.46626630E+002   1.18216777E+001  -6.51875173E+000   2.90838353E-001   1.17521891E+001   0.00000000E+000   1.74914843E+015   1.50295932E+014   1.00000000E-014   4.03000000E-012
       404     1.19999997E+001   7.04798391E+003  -5.84117725E-020   1.58990783E-019  -1.19999997E+001   5.47552699E-020   0.00000000E+000   4.33680869E-019  -7.02871060E+003  -7.04043099E+003  -1.40695379E+004  -2.46753646E+002   1.18514643E+001  -6.53765032E+000   2.91704839E-001   1.17514526E+001   0.00000000E+000   1.75514249E+015   1.47205532E+014   1.00000000E-014   4.04000000E-012
       405     1.19999997E+001   7.04755512E+003  -1.99158208E-020  -3.81342153E-020  -1.19999997E+001   1.20569794E-019  -2.16840434E-019  -2.16840434E-019  -7.02883677E+003  -7.04060056E+003  -1.40692422E+004  -2.46884211E+002   1.18828526E+001  -6.55746684E+000   2.92595596E-001   1.17506955E+001   0.00000000E+000   1.75560466E+015   1.46613753E+014   1.00000000E-014   4.05000000E-012
       406     1.19999997E+001   7.04712706E+003  -2.49585206E-020  -1.45482251E-019  -1.19999997E+001   3.63377648E-020  -2.16840434E-019   0.00000000E+000  -7.02896178E+003  -7.04077080E+003  -1.40689470E+004  -2.47014554E+002   1.19154998E+001  -6.57613222E+000   2.93485237E-001   1.17499397E+001   0.00000000E+000   1.75538047E+015   1.46472887E+014   1.00000000E-014   4.06000000E-012
       407     1.19999997E+001   7.04670472E+003   2.31341738E-021   6.40567632E-020  -1.19999997E+001  -9.48966511E-020   8.67361738E-019  -4.33680869E-019  -7.02908466E+003  -7.04093919E+003  -1.40686557E+004  -2.47143160E+002   1.19438325E+001  -6.59387063E+000   2.94361398E-001   1.17491940E+001   0.00000000E+000   1.75596349E+015   1.46054057E+014   1.00000000E-014   4.07000000E-012
       408     1.19999997E+001   7.04627967E+003  -1.93171488E-020   3.52094339E-020  -1.19999997E+001  -8.81132176E-021  -2.16840434E-019   6.50521303E-019  -7.02920729E+003  -7.04110973E+003  -1.40683625E+004  -2.47272595E+002   1.19746106E+001  -6.61243039E+000   2.95244445E-001   1.17484435E+001   0.00000000E+000   1.75801251E+015   1.46243017E+014   1.00000000E-014   4.08000000E-012
       409     1.19999997E+001   7.04585672E+003   2.89444972E-020  -1.26523239E-019  -1.19999997E+001   5.17164316E-020  -6.50521303E-019   4.33680869E-019  -7.02932818E+003  -7.04128056E+003  -1.40680708E+004  -2.47401389E+002   1.20035721E+001  -6.62765503E+000   2.96121851E-001   1.17476967E+001   0.00000000E+000   1.75950800E+015   1.46057048E+014   1.00000000E-014   4.09000000E-012
       410     1.19999997E+001   7.04542849E+003  -6.20741147E-020  -6.75216677E-020  -1.19999997E+001  -3.52460350E-020   0.00000000E+000  -2.16840434E-019  -7.02945404E+003  -7.04145009E+003  -1.40677754E+004  -2.47531801E+002   1.20366765E+001  -6.64835285E+000   2.97012498E-001   1.17469406E+001   0.00000000E+000   1.76062735E+015   1.46714629E+014   1.00000000E-014   4.10000000E-012
       411     1.19999997E+001   7.04500800E+003   2.10908309E-020   5.25642002E-020  -1.19999997E+001  -1.28344210E-019  -2.16840434E-019  -4.33680869E-019  -7.02957725E+003  -7.04161691E+003  -1.40674854E+004  -2.47659851E+002   1.20654345E+001  -6.66653975E+000   2.97885098E-001   1.17461982E+001   0.00000000E+000   1.76518327E+015   1.44891076E+014   1.00000000E-014   4.11000000E-012
       412     1.19999997E+001   7.04456565E+003   3.56655465E-020  -2.95438413E-020  -1.19999997E+001  -6.41571364E-020   2.16840434E-019   0.00000000E+000  -7.02970542E+003  -7.04179384E+003  -1.40671802E+004  -2.47794559E+002   1.20927143E+001  -6.68423881E+000   2.98801796E-001   1.17454172E+001   0.00000000E+000   1.76760064E+015   1.43959790E+014   1.00000000E-014   4.12000000E-012
       413     1.19999997E+001   7.04414628E+003   3.57666176E-020  -1.46381500E-020  -1.19999997E+001  -6.98804993E-020   0.00000000E+000   2.16840434E-019  -7.02982741E+003  -7.04196113E+003  -1.40668910E+004  -2.47922277E+002   1.21228071E+001  -6.70097636E+000   2.99672491E-001   1.17446767E+001   0.00000000E+000   1.77169459E+015   1.43333307E+014   1.00000000E-014   4.13000000E-012
       414     1.19999997E+001   7.04372033E+003  -9.00484324E-021   3.37033707E-020  -1.19999997E+001  -8.39352058E-020   2.16840434E-019  -4.33680869E-019  -7.02995054E+003  -7.04213183E+003  -1.40665971E+004  -2.48052003E+002   1.21532812E+001  -6.71854623E+000   3.00557094E-001   1.17439246E+001   0.00000000E+000   1.77318036E+015   1.42786393E+014   1.00000000E-014   4.14000000E-012
       415     1.19999997E+001   7.04329461E+003   2.52126719E-020   4.83548073E-020  -1.19999997E+001   2.28745748E-020   0.00000000E+000   6.50521303E-019  -7.03007252E+003  -7.04230353E+003  -1.40663035E+004  -2.48181657E+002   1.21819332E+001  -6.73573883E+000   3.01440612E-001   1.17431730E+001   0.00000000E+000   1.77060683E+015   1.44121285E+014   1.00000000E-014   4.15000000E-012
       416     1.19999997E+001   7.04286710E+003   6.83867436E-020   3.03572183E-020  -1.19999997E+001   4.63014283E-020   2.16840434E-019   2.16840434E-019  -7.03019772E+003  -7.04247324E+003  -1.40660085E+004  -2.48311863E+002   1.22138303E+001  -6.75322394E+000   3.02328712E-001   1.17424182E+001   0.00000000E+000   1.77400842E+015   1.42228595E+014   1.00000000E-014   4.16000000E-012
       417     1.19999997E+001   7.04244417E+003   1.63919280E-020   8.26648115E-020  -1.19999997E+001  -1.51924269E-019  -2.16840434E-019   0.00000000E+000  -7.03032005E+003  -7.04264268E+003  -1.40657168E+004  -2.48440677E+002   1.22442171E+001  -6.77161638E+000   3.03207374E-001   1.17416714E+001   0.00000000E+000   1.77636429E+015   1.41787573E+014   1.00000000E-014   4.17000000E-012
       418     1.19999997E+001   7.04201912E+003   4.12673687E-020  -9.90714220E-021  -1.19999997E+001  -3.44049620E-020   4.33680869E-019   4.33680869E-019  -7.03044329E+003  -7.04281267E+003  -1.40654235E+004  -2.48570140E+002   1.22737644E+001  -6.78781989E+000   3.04089480E-001   1.17409210E+001   0.00000000E+000   1.77718652E+015   1.41596923E+014   1.00000000E-014   4.18000000E-012
       419     1.19999997E+001   7.04158813E+003  -7.54947583E-020  -8.00824570E-021  -1.19999997E+001  -7.28198177E-020   2.16840434E-019  -2.16840434E-019  -7.03056688E+003  -7.04298642E+003  -1.40651262E+004  -2.48701418E+002   1.23043686E+001  -6.80872053E+000   3.04985509E-001   1.17401600E+001   0.00000000E+000   1.78029441E+015   1.41369907E+014   1.00000000E-014   4.19000000E-012
       420     1.19999997E+001   7.04115659E+003   6.43695409E-020   1.25911623E-019  -1.19999997E+001  -5.85306022E-020   0.00000000E+000   2.16840434E-019  -7.03069091E+003  -7.04316012E+003  -1.40648285E+004  -2.48832866E+002   1.23351283E+001  -6.83058185E+000   3.05882927E-001   1.17393981E+001   0.00000000E+000   1.78296210E+015   1.40686810E+014   1.00000000E-014   4.20000000E-012
       421     1.19999997E+001   7.04072348E+003  -5.97135480E-020   7.40769190E-020  -1.19999997E+001  -5.01935134E-021   2.16840434E-019   2.16840434E-019  -7.03081481E+003  -7.04333505E+003  -1.40645296E+004  -2.48964795E+002   1.23656503E+001  -6.84909314E+000   3.06782770E-001   1.17386334E+001   0.00000000E+000   1.78578355E+015   1.39960005E+014   1.00000000E-014   4.21000000E-012
       422     1.19999997E+001   7.04030097E+003  -3.39425810E-020   4.18729166E-021  -1.19999997E+001  -1.57146577E-019   8.67361738E-019   2.16840434E-019  -7.03093743E+003  -7.04350395E+003  -1.40642381E+004  -2.49093497E+002   1.23962218E+001  -6.86720259E+000   3.07660631E-001   1.17378874E+001   0.00000000E+000   1.78897855E+015   1.39818853E+014   1.00000000E-014   4.22000000E-012
       423     1.19999997E+001   7.03987263E+003  -9.03084774E-021   1.25970818E-020  -1.19999997E+001   2.31043048E-020  -4.33680869E-019   0.00000000E+000  -7.03106083E+003  -7.04367609E+003  -1.40639426E+004  -2.49223977E+002   1.24266753E+001  -6.88540375E+000   3.08550520E-001   1.17371311E+001   0.00000000E+000   1.78599799E+015   1.41893761E+014   1.00000000E-014   4.23000000E-012
       424     1.19999997E+001   7.03944872E+003  -7.84570471E-021  -1.44476813E-019  -1.19999997E+001   1.17453532E-019  -4.33680869E-019  -6.50521303E-019  -7.03118035E+003  -7.04384906E+003  -1.40636501E+004  -2.49353111E+002   1.24568197E+001  -6.90199585E+000   3.09431313E-001   1.17363827E+001   0.00000000E+000   1.78960333E+015   1.41168077E+014   1.00000000E-014   4.24000000E-012
       425     1.19999997E+001   7.03902731E+003  -4.45496730E-020  -9.97721990E-020  -1.19999997E+001  -2.43620200E-020  -2.16840434E-019   2.16840434E-019  -7.03130435E+003  -7.04401583E+003  -1.40633593E+004  -2.49481487E+002   1.24875919E+001  -6.92094725E+000   3.10307008E-001   1.17356386E+001   0.00000000E+000   1.79298178E+015   1.41062695E+014   1.00000000E-014   4.25000000E-012
       426     1.19999997E+001   7.03860205E+003   3.02923363E-020   9.31684543E-020  -1.19999997E+001  -2.81817850E-020  -6.50521303E-019  -2.16840434E-019  -7.03142897E+003  -7.04418463E+003  -1.40630659E+004  -2.49611036E+002   1.25175524E+001  -6.93930563E+000   3.11190174E-001   1.17348878E+001   0.00000000E+000   1.79507240E+015   1.41468390E+014   1.00000000E-014   4.26000000E-012
       427     1.19999997E+001   7.03818245E+003   5.36015105E-020  -1.29879014E-019  -1.19999997E+001  -5.42641048E-020   0.00000000E+000  -4.33680869E-019  -7.03155140E+003  -7.04435174E+003  -1.40627763E+004  -2.49738869E+002   1.25489433E+001  -6.95768374E+000   3.12062499E-001   1.17341470E+001   0.00000000E+000   1.79886326E+015   1.40681462E+014   1.00000000E-014   4.27000000E-012
       428     1.19999997E+001   7.03775725E+003   1.95370755E-020  -5.78050873E-020  -1.19999997E+001  -5.22084883E-020  -4.33680869E-019   2.16840434E-019  -7.03167581E+003  -7.04452074E+003  -1.40624829E+004  -2.49868408E+002   1.25794492E+001  -6.97689812E+000   3.12946055E-001   1.17333963E+001   0.00000000E+000   1.80225772E+015   1.40460868E+014   1.00000000E-014   4.28000000E-012
       429     1.19999997E+001   7.03733063E+003   6.56445364E-021  -1.49687379E-019  -1.19999997E+001  -2.78665645E-020   0.00000000E+000  -2.16840434E-019  -7.03179985E+003  -7.04469110E+003  -1.40621885E+004  -2.49998381E+002   1.26104750E+001  -6.99487600E+000   3.13832548E-001   1.17326430E+001   0.00000000E+000   1.80602860E+015   1.39990016E+014   1.00000000E-014   4.29000000E-012
       430     1.19999997E+001   7.03689448E+003  -1.94731758E-020   3.90672233E-020  -1.19999997E+001  -7.08745280E-020  -4.33680869E-019  -2.16840434E-019  -7.03192940E+003  -7.04486252E+003  -1.40618876E+004  -2.50131254E+002   1.26382481E+001  -7.01526582E+000   3.14737363E-001   1.17318730E+001   0.00000000E+000   1.80317319E+015   1.39547791E+014   1.00000000E-014   4.30000000E-012
       431     1.19999997E+001   7.03646570E+003  -9.15335318E-020   5.32782380E-020  -1.19999997E+001   8.87059442E-021   2.16840434E-019   2.16840434E-019  -7.03205518E+003  -7.04503263E+003  -1.40615917E+004  -2.50261894E+002   1.26710433E+001  -7.03411811E+000   3.15629027E-001   1.17311159E+001   0.00000000E+000   1.80594872E+015   1.39356630E+014   1.00000000E-014   4.31000000E-012
       432     1.19999997E+001   7.03603686E+003   9.52074545E-020   1.04855689E-019  -1.19999997E+001   1.03632586E-019   2.16840434E-019   0.00000000E+000  -7.03218040E+003  -7.04520337E+003  -1.40612957E+004  -2.50392553E+002   1.27032410E+001  -7.05209461E+000   3.16520484E-001   1.17303588E+001   0.00000000E+000   1.80710496E+015   1.39180822E+014   1.00000000E-014   4.32000000E-012
       433     1.19999997E+001   7.03559812E+003   4.36583859E-020  -3.99936139E-020  -1.19999997E+001  -2.16425603E-020  -8.67361738E-019   2.16840434E-019  -7.03230676E+003  -7.04537979E+003  -1.40609930E+004  -2.50526232E+002   1.27338018E+001  -7.07067278E+000   3.17431960E-001   1.17295842E+001   0.00000000E+000   1.80570411E+015   1.39891540E+014   1.00000000E-014   4.33000000E-012
       434     1.19999997E+001   7.03514670E+003  -1.37153783E-020   5.40597168E-020  -1.19999997E+001   1.21221445E-020  -2.16840434E-019   6.50521303E-019  -7.03243981E+003  -7.04555829E+003  -1.40606814E+004  -2.50663775E+002   1.27665588E+001  -7.08869715E+000   3.18369534E-001   1.17287872E+001   0.00000000E+000   1.80730699E+015   1.40176262E+014   1.00000000E-014   4.34000000E-012
       435     1.19999997E+001   7.03471721E+003   2.27765216E-020  -5.49266538E-020  -1.19999997E+001   1.09565087E-019   0.00000000E+000   0.00000000E+000  -7.03256469E+003  -7.04572982E+003  -1.40603850E+004  -2.50794644E+002   1.27976430E+001  -7.10563084E+000   3.19261795E-001   1.17280289E+001   0.00000000E+000   1.80900386E+015   1.40064991E+014   1.00000000E-014   4.35000000E-012
       436     1.19999997E+001   7.03429448E+003   1.47145091E-020   1.40439552E-019  -1.19999997E+001  -1.36345214E-020   0.00000000E+000   0.00000000E+000  -7.03268910E+003  -7.04589717E+003  -1.40600932E+004  -2.50923457E+002   1.28296687E+001  -7.12550905E+000   3.20141128E-001   1.17272825E+001   0.00000000E+000   1.81314696E+015   1.39586735E+014   1.00000000E-014   4.36000000E-012
       437     1.19999997E+001   7.03386862E+003   1.75359188E-020   9.99331891E-020  -1.19999997E+001   4.51125533E-020   0.00000000E+000   2.16840434E-019  -7.03281754E+003  -7.04606263E+003  -1.40597993E+004  -2.51053214E+002   1.28586343E+001  -7.14298268E+000   3.21024523E-001   1.17265307E+001   0.00000000E+000   1.81362057E+015   1.39909774E+014   1.00000000E-014   4.37000000E-012
       438     1.19999997E+001   7.03344373E+003  -5.14782413E-020   1.36934968E-020  -1.19999997E+001  -4.60310954E-020  -2.16840434E-019   2.16840434E-019  -7.03294160E+003  -7.04623185E+003  -1.40595061E+004  -2.51182695E+002   1.28909816E+001  -7.16378764E+000   3.21908839E-001   1.17257805E+001   0.00000000E+000   1.81707349E+015   1.39125904E+014   1.00000000E-014   4.38000000E-012
       439     1.19999997E+001   7.03302454E+003  -1.51225160E-020  -6.01791473E-020  -1.19999997E+001   1.48056890E-019   2.16840434E-019   4.33680869E-019  -7.03306384E+003  -7.04639896E+003  -1.40592167E+004  -2.51310438E+002   1.29231210E+001  -7.18304324E+000   3.22781095E-001   1.17250404E+001   0.00000000E+000   1.81981966E+015   1.38827791E+014   1.00000000E-014   4.39000000E-012
       440     1.19999997E+001   7.03259107E+003   9.69569415E-021   6.69428998E-020  -1.19999997E+001  -1.48561517E-022   0.00000000E+000  -4.33680869E-019  -7.03319082E+003  -7.04657117E+003  -1.40589175E+004  -2.51442535E+002   1.29555422E+001  -7.20497033E+000   3.23683160E-001   1.17242751E+001   0.00000000E+000   1.82399867E+015   1.38406216E+014   1.00000000E-014   4.40000000E-012
       441     1.19999997E+001   7.03215453E+003   2.74111111E-020  -1.10616123E-019  -1.19999997E+001   4.33011861E-020  -2.16840434E-019  -2.16840434E-019  -7.03332225E+003  -7.04674105E+003  -1.40586162E+004  -2.51575561E+002   1.29835564E+001  -7.22423975E+000   3.24588532E-001   1.17235044E+001   0.00000000E+000   1.82507545E+015   1.39222029E+014   1.00000000E-014   4.41000000E-012
       442     1.19999997E+001   7.03173043E+003   4.96354896E-020   7.05898874E-020  -1.19999997E+001   9.61916928E-020   6.50521303E-019   0.00000000E+000  -7.03344724E+003  -7.04690880E+003  -1.40583235E+004  -2.51704810E+002   1.30151964E+001  -7.24364159E+000   3.25470491E-001   1.17227556E+001   0.00000000E+000   1.82685719E+015   1.39064803E+014   1.00000000E-014   4.42000000E-012
       443     1.19999997E+001   7.03129873E+003   4.13735063E-021   4.95511689E-020  -1.19999997E+001  -9.72176650E-020   1.30104261E-018   2.16840434E-019  -7.03357427E+003  -7.04707977E+003  -1.40580255E+004  -2.51836376E+002   1.30469957E+001  -7.26459572E+000   3.26368434E-001   1.17219935E+001   0.00000000E+000   1.82939409E+015   1.38138548E+014   1.00000000E-014   4.43000000E-012
       444     1.19999997E+001   7.03086463E+003  -2.47370430E-020   4.56349857E-020  -1.19999997E+001   6.93186401E-020   4.33680869E-019   2.16840434E-019  -7.03370317E+003  -7.04725054E+003  -1.40577258E+004  -2.51968677E+002   1.30802814E+001  -7.28500852E+000   3.27271555E-001   1.17212270E+001   0.00000000E+000   1.83203276E+015   1.38611163E+014   1.00000000E-014   4.44000000E-012
       445     1.19999997E+001   7.03043867E+003  -2.07937179E-020   7.26820340E-020  -1.19999997E+001  -1.30087839E-019   2.16840434E-019  -4.33680869E-019  -7.03383324E+003  -7.04741449E+003  -1.40574318E+004  -2.52098489E+002   1.31132056E+001  -7.29378508E+000   3.28154473E-001   1.17204750E+001   0.00000000E+000   1.83585337E+015   1.38069924E+014   1.00000000E-014   4.45000000E-012
       446     1.19999997E+001   7.03000998E+003  -5.13449618E-020  -1.38145676E-019  -1.19999997E+001   6.17263951E-020   4.33680869E-019  -4.33680869E-019  -7.03395977E+003  -7.04758391E+003  -1.40571358E+004  -2.52229147E+002   1.31459920E+001  -7.31305237E+000   3.29046250E-001   1.17197181E+001   0.00000000E+000   1.83805571E+015   1.37531367E+014   1.00000000E-014   4.46000000E-012
       447     1.19999997E+001   7.02957357E+003   4.51619935E-021   5.81709079E-020  -1.19999997E+001  -4.44962924E-020  -2.16840434E-019  -4.33680869E-019  -7.03408964E+003  -7.04775532E+003  -1.40568345E+004  -2.52362162E+002   1.31794579E+001  -7.33151437E+000   3.29953695E-001   1.17189476E+001   0.00000000E+000   1.83947955E+015   1.37696107E+014   1.00000000E-014   4.47000000E-012
       448     1.19999997E+001   7.02914740E+003  -2.16768883E-020   1.06343490E-019  -1.19999997E+001   4.04505666E-020   0.00000000E+000   4.33680869E-019  -7.03421914E+003  -7.04792004E+003  -1.40565403E+004  -2.52492063E+002   1.32143626E+001  -7.35333647E+000   3.30841220E-001   1.17181952E+001   0.00000000E+000   1.84237672E+015   1.37423911E+014   1.00000000E-014   4.48000000E-012
       449     1.19999997E+001   7.02872182E+003   9.71988919E-021  -6.36167032E-020  -1.19999997E+001   3.57169254E-020   4.33680869E-019   0.00000000E+000  -7.03434554E+003  -7.04808745E+003  -1.40562465E+004  -2.52621778E+002   1.32461655E+001  -7.37161720E+000   3.31725946E-001   1.17174439E+001   0.00000000E+000   1.84612482E+015   1.37161184E+014   1.00000000E-014   4.49000000E-012
       450     1.19999997E+001   7.02829404E+003  -2.50172504E-020   1.86657855E-019  -1.19999997E+001   1.33011017E-019   4.33680869E-019  -8.67361738E-019  -7.03447224E+003  -7.04825607E+003  -1.40559512E+004  -2.52752169E+002   1.32784778E+001  -7.38893159E+000   3.32615212E-001   1.17166886E+001   0.00000000E+000   1.84865214E+015   1.36802022E+014   1.00000000E-014   4.50000000E-012
       451     1.19999997E+001   7.02785438E+003   5.70164222E-020   1.69048162E-019  -1.19999997E+001  -1.62471478E-019   0.00000000E+000   0.00000000E+000  -7.03460328E+003  -7.04842859E+003  -1.40556476E+004  -2.52886185E+002   1.33108663E+001  -7.40901858E+000   3.33529309E-001   1.17159124E+001   0.00000000E+000   1.85345534E+015   1.35577996E+014   1.00000000E-014   4.51000000E-012
       452     1.19999997E+001   7.02742383E+003  -7.79373709E-020   1.06208440E-020  -1.19999997E+001   6.83762956E-020   4.33680869E-019   6.50521303E-019  -7.03473172E+003  -7.04859739E+003  -1.40553504E+004  -2.53017420E+002   1.33401314E+001  -7.42316141E+000   3.34422145E-001   1.17151523E+001   0.00000000E+000   1.85693951E+015   1.35518360E+014   1.00000000E-014   4.52000000E-012
       453     1.19999997E+001   7.02698646E+003   1.85337054E-020   5.67926699E-020  -1.19999997E+001   4.67772769E-020   0.00000000E+000   0.00000000E+000  -7.03486378E+003  -7.04876729E+003  -1.40550484E+004  -2.53150734E+002   1.33707939E+001  -7.43965458E+000   3.35329739E-001   1.17143801E+001   0.00000000E+000   1.86233383E+015   1.35284576E+014   1.00000000E-014   4.53000000E-012
       454     1.19999997E+001   7.02654811E+003   5.31913323E-020  -3.81511208E-020  -1.19999997E+001  -2.46085586E-020  -4.33680869E-019   4.33680869E-019  -7.03499379E+003  -7.04893995E+003  -1.40547458E+004  -2.53284358E+002   1.34042125E+001  -7.45733136E+000   3.36241147E-001   1.17136062E+001   0.00000000E+000   1.86557910E+015   1.34626755E+014   1.00000000E-014   4.54000000E-012
       455     1.19999997E+001   7.02611431E+003   2.28445572E-020  -1.54115639E-019  -1.19999997E+001  -7.47101581E-020   2.16840434E-019  -4.33680869E-019  -7.03512334E+003  -7.04910992E+003  -1.40544462E+004  -2.53416598E+002   1.34370516E+001  -7.47374307E+000   3.37142604E-001   1.17128403E+001   0.00000000E+000   1.86732870E+015   1.35655817E+014   1.00000000E-014   4.55000000E-012
       456     1.19999997E+001   7.02568407E+003  -2.06516497E-020  -5.37874193E-020  -1.19999997E+001   7.50235141E-020   2.16840434E-019   6.50521303E-019  -7.03525175E+003  -7.04927859E+003  -1.40541492E+004  -2.53547754E+002   1.34682854E+001  -7.49127459E+000   3.38036480E-001   1.17120808E+001   0.00000000E+000   1.87086676E+015   1.35644878E+014   1.00000000E-014   4.56000000E-012
       457     1.19999997E+001   7.02525404E+003  -2.90249405E-020   9.85636365E-020  -1.19999997E+001  -3.67408102E-020  -6.50521303E-019  -6.50521303E-019  -7.03537764E+003  -7.04944965E+003  -1.40538522E+004  -2.53678857E+002   1.35015767E+001  -7.51078671E+000   3.38931673E-001   1.17113215E+001   0.00000000E+000   1.87312880E+015   1.35605951E+014   1.00000000E-014   4.57000000E-012
       458     1.19999997E+001   7.02482432E+003   3.98502532E-020   1.13654099E-020  -1.19999997E+001   3.43268290E-020   4.33680869E-019  -2.16840434E-019  -7.03550443E+003  -7.04961959E+003  -1.40535555E+004  -2.53809863E+002   1.35335203E+001  -7.52952590E+000   3.39825351E-001   1.17105629E+001   0.00000000E+000   1.87604776E+015   1.35348986E+014   1.00000000E-014   4.58000000E-012
       459     1.19999997E+001   7.02438920E+003   1.76365246E-020  -5.86725412E-020  -1.19999997E+001  -5.00958157E-020   2.16840434E-019   6.50521303E-019  -7.03563311E+003  -7.04979138E+003  -1.40532550E+004  -2.53942519E+002   1.35655346E+001  -7.54640264E+000   3.40729605E-001   1.17097947E+001   0.00000000E+000   1.88016411E+015   1.35352422E+014   1.00000000E-014   4.59000000E-012
       460     1.19999997E+001   7.02395248E+003   2.21721886E-020  -2.55172811E-020  -1.19999997E+001  -3.55659875E-020   4.33680869E-019   0.00000000E+000  -7.03576058E+003  -7.04996548E+003  -1.40529534E+004  -2.54075667E+002   1.35976890E+001  -7.56305466E+000   3.41637421E-001   1.17090237E+001   0.00000000E+000   1.88308246E+015   1.35097804E+014   1.00000000E-014   4.60000000E-012
       461     1.19999997E+001   7.02351967E+003  -3.30524829E-020  -5.29401796E-020  -1.19999997E+001  -7.02751840E-020  -4.33680869E-019   0.00000000E+000  -7.03588712E+003  -7.05013783E+003  -1.40526546E+004  -2.54207622E+002   1.36288403E+001  -7.57971231E+000   3.42536852E-001   1.17082596E+001   0.00000000E+000   1.88695359E+015   1.34335013E+014   1.00000000E-014   4.61000000E-012
       462     1.19999997E+001   7.02309515E+003  -3.15780335E-020   1.44819473E-019  -1.19999997E+001  -1.54632265E-019  -4.33680869E-019   1.30104261E-018  -7.03601434E+003  -7.05030378E+003  -1.40523614E+004  -2.54337056E+002   1.36617014E+001  -7.59706637E+000   3.43419703E-001   1.17075101E+001   0.00000000E+000   1.89017066E+015   1.34038732E+014   1.00000000E-014   4.62000000E-012
       463     1.19999997E+001   7.02265630E+003  -3.39061333E-021   1.07852151E-019  -1.19999997E+001  -1.45065766E-020  -4.33680869E-019   0.00000000E+000  -7.03614095E+003  -7.05048023E+003  -1.40520583E+004  -2.54470861E+002   1.36935149E+001  -7.61452026E+000   3.44332237E-001   1.17067353E+001   0.00000000E+000   1.89351758E+015   1.34219690E+014   1.00000000E-014   4.63000000E-012
       464     1.19999997E+001   7.02221641E+003  -4.99617090E-020   1.30942691E-020  -1.19999997E+001   8.17438493E-020  -4.33680869E-019   0.00000000E+000  -7.03627383E+003  -7.05065117E+003  -1.40517545E+004  -2.54604994E+002   1.37298173E+001  -7.63416837E+000   3.45248223E-001   1.17059587E+001   0.00000000E+000   1.89731586E+015   1.33042480E+014   1.00000000E-014   4.64000000E-012
       465     1.19999997E+001   7.02178164E+003   1.74865981E-021   5.44119407E-021  -1.19999997E+001  -4.36039988E-020   8.67361738E-019   0.00000000E+000  -7.03640153E+003  -7.05082374E+003  -1.40514542E+004  -2.54737564E+002   1.37630637E+001  -7.65425971E+000   3.46153295E-001   1.17051911E+001   0.00000000E+000   1.89905767E+015   1.33008898E+014   1.00000000E-014   4.65000000E-012
       466     1.19999997E+001   7.02133554E+003  -2.96593880E-020   6.45076801E-020  -1.19999997E+001  -4.14603603E-021   4.33680869E-019   1.30104261E-018  -7.03653231E+003  -7.05100106E+003  -1.40511461E+004  -2.54873589E+002   1.37959841E+001  -7.67134302E+000   3.47080693E-001   1.17044036E+001   0.00000000E+000   1.90454815E+015   1.32332157E+014   1.00000000E-014   4.66000000E-012
       467     1.19999997E+001   7.02089239E+003  -3.24999263E-020   7.91347148E-020  -1.19999997E+001   4.48575910E-020   4.33680869E-019  -4.33680869E-019  -7.03666389E+003  -7.05117554E+003  -1.40508401E+004  -2.55008715E+002   1.38263102E+001  -7.68759176E+000   3.48000611E-001   1.17036212E+001   0.00000000E+000   1.90766415E+015   1.32298116E+014   1.00000000E-014   4.67000000E-012
       468     1.19999997E+001   7.02045561E+003   2.87925028E-020   6.61976101E-020  -1.19999997E+001  -4.84913955E-020  -8.67361738E-019  -4.33680869E-019  -7.03679187E+003  -7.05134923E+003  -1.40505384E+004  -2.55141901E+002   1.38586960E+001  -7.70125266E+000   3.48907995E-001   1.17028501E+001   0.00000000E+000   1.91185280E+015   1.31609879E+014   1.00000000E-014   4.68000000E-012
       469     1.19999997E+001   7.02000948E+003   4.59730441E-020   4.67448036E-020  -1.19999997E+001  -1.13829565E-019   0.00000000E+000  -4.33680869E-019  -7.03692317E+003  -7.05152605E+003  -1.40502303E+004  -2.55277935E+002   1.38888920E+001  -7.71558376E+000   3.49833681E-001   1.17020625E+001   0.00000000E+000   1.91437615E+015   1.31447837E+014   1.00000000E-014   4.69000000E-012
       470     1.19999997E+001   7.01956695E+003  -5.84965586E-020  -6.04147904E-020  -1.19999997E+001  -1.74697030E-019  -4.33680869E-019   4.33680869E-019  -7.03705225E+003  -7.05170265E+003  -1.40499246E+004  -2.55412891E+002   1.39222037E+001  -7.73535708E+000   3.50754835E-001   1.17012812E+001   0.00000000E+000   1.91957905E+015   1.31284098E+014   1.00000000E-014   4.70000000E-012
       471     1.19999997E+001   7.01913378E+003   4.21068019E-020  -2.91291653E-020  -1.19999997E+001   1.84788013E-020   0.00000000E+000   0.00000000E+000  -7.03718150E+003  -7.05187261E+003  -1.40496254E+004  -2.55544988E+002   1.39543049E+001  -7.75294673E+000   3.51655377E-001   1.17005165E+001   0.00000000E+000   1.92347753E+015   1.31037356E+014   1.00000000E-014   4.71000000E-012
       472     1.19999997E+001   7.01869676E+003  -1.93609894E-020   4.58944619E-020  -1.19999997E+001  -1.98254513E-020  -4.33680869E-019   4.33680869E-019  -7.03731049E+003  -7.05204549E+003  -1.40493235E+004  -2.55678266E+002   1.39869293E+001  -7.77320164E+000   3.52564898E-001   1.16997449E+001   0.00000000E+000   1.92555060E+015   1.31958533E+014   1.00000000E-014   4.72000000E-012
       473     1.19999997E+001   7.01825683E+003  -2.92325628E-021   2.04710658E-020  -1.19999997E+001  -7.60944125E-020   8.67361738E-019   0.00000000E+000  -7.03743960E+003  -7.05222026E+003  -1.40490196E+004  -2.55812429E+002   1.40185486E+001  -7.78677674E+000   3.53478481E-001   1.16989683E+001   0.00000000E+000   1.92919908E+015   1.31722726E+014   1.00000000E-014   4.73000000E-012
       474     1.19999997E+001   7.01782280E+003  -6.79777027E-021  -4.75264893E-020  -1.19999997E+001  -1.04300858E-019  -8.67361738E-019   0.00000000E+000  -7.03756575E+003  -7.05239394E+003  -1.40487198E+004  -2.55944802E+002   1.40524576E+001  -7.80447075E+000   3.54382142E-001   1.16982020E+001   0.00000000E+000   1.93041862E+015   1.32503006E+014   1.00000000E-014   4.74000000E-012
       475     1.19999997E+001   7.01738816E+003   1.70117965E-020   2.20716603E-020  -1.19999997E+001   2.29989298E-020   4.33680869E-019   8.67361738E-019  -7.03769263E+003  -7.05256733E+003  -1.40484196E+004  -2.56077370E+002   1.40862282E+001  -7.82399751E+000   3.55287401E-001   1.16974347E+001   0.00000000E+000   1.93462207E+015   1.31778063E+014   1.00000000E-014   4.75000000E-012
       476     1.19999997E+001   7.01694740E+003  -7.41368896E-020   2.15331657E-020  -1.19999997E+001   4.09557801E-020   0.00000000E+000   8.67361738E-019  -7.03782268E+003  -7.05274175E+003  -1.40481151E+004  -2.56211800E+002   1.41187116E+001  -7.84291436E+000   3.56204271E-001   1.16966566E+001   0.00000000E+000   1.93711345E+015   1.31583793E+014   1.00000000E-014   4.76000000E-012
       477     1.19999997E+001   7.01651497E+003   5.07723460E-021  -1.32410937E-019  -1.19999997E+001  -5.35930319E-021   0.00000000E+000   1.30104261E-018  -7.03795054E+003  -7.05291264E+003  -1.40478163E+004  -2.56343697E+002   1.41528366E+001  -7.86316057E+000   3.57105077E-001   1.16958932E+001   0.00000000E+000   1.94199121E+015   1.30351886E+014   1.00000000E-014   4.77000000E-012
       478     1.19999997E+001   7.01607467E+003   8.75818833E-021   8.48157913E-020  -1.19999997E+001   8.78916624E-020   4.33680869E-019   4.33680869E-019  -7.03807868E+003  -7.05308870E+003  -1.40475121E+004  -2.56477994E+002   1.41856389E+001  -7.88024269E+000   3.58021033E-001   1.16951159E+001   0.00000000E+000   1.94456340E+015   1.31437994E+014   1.00000000E-014   4.78000000E-012
       479     1.19999997E+001   7.01564612E+003  -5.16855534E-020  -1.57917878E-019  -1.19999997E+001  -7.07520665E-020   4.33680869E-019  -4.33680869E-019  -7.03820540E+003  -7.05325804E+003  -1.40472161E+004  -2.56608708E+002   1.42178120E+001  -7.89632476E+000   3.58912189E-001   1.16943593E+001   0.00000000E+000   1.94713748E+015   1.31124921E+014   1.00000000E-014   4.79000000E-012
       480     1.19999997E+001   7.01518680E+003   1.05670669E-019   9.80035318E-020  -1.19999997E+001  -1.34243142E-020  -1.30104261E-018   8.67361738E-019  -7.03834000E+003  -7.05344076E+003  -1.40468988E+004  -2.56748798E+002   1.42475420E+001  -7.90736308E+000   3.59864189E-001   1.16935484E+001   0.00000000E+000   1.95027107E+015   1.30885356E+014   1.00000000E-014   4.80000000E-012
       481     1.19999997E+001   7.01474960E+003  -1.29553028E-020  -1.65158190E-019  -1.19999997E+001   2.12171827E-021  -4.33680869E-019   0.00000000E+000  -7.03846677E+003  -7.05361606E+003  -1.40465967E+004  -2.56882163E+002   1.42802236E+001  -7.92851833E+000   3.60774916E-001   1.16927765E+001   0.00000000E+000   1.95525329E+015   1.30865827E+014   1.00000000E-014   4.81000000E-012
       482     1.19999997E+001   7.01430758E+003   1.46857646E-020   8.76100074E-020  -1.19999997E+001  -3.25065437E-020  -4.33680869E-019   0.00000000E+000  -7.03859406E+003  -7.05379417E+003  -1.40462913E+004  -2.57016995E+002   1.43101125E+001  -7.94863683E+000   3.61694311E-001   1.16919962E+001   0.00000000E+000   1.95315447E+015   1.31724957E+014   1.00000000E-014   4.82000000E-012
       483     1.19999997E+001   7.01386026E+003  -7.62677068E-020   6.90910878E-020  -1.19999997E+001   4.34811625E-020   4.33680869E-019  -4.33680869E-019  -7.03873192E+003  -7.05396536E+003  -1.40459822E+004  -2.57153443E+002   1.43429423E+001  -7.96921277E+000   3.62624255E-001   1.16912065E+001   0.00000000E+000   1.95486791E+015   1.31068880E+014   1.00000000E-014   4.83000000E-012
       484     1.19999997E+001   7.01342543E+003   7.31326923E-020   5.10469700E-020  -1.19999997E+001   1.34057026E-019   0.00000000E+000   8.67361738E-019  -7.03886081E+003  -7.05413693E+003  -1.40456818E+004  -2.57286089E+002   1.43748076E+001  -7.98781019E+000   3.63528779E-001   1.16904389E+001   0.00000000E+000   1.95764311E+015   1.31553211E+014   1.00000000E-014   4.84000000E-012
       485     1.19999997E+001   7.01298170E+003  -2.11195754E-020  -1.08954576E-019  -1.19999997E+001  -5.80949624E-020  -4.33680869E-019  -4.33680869E-019  -7.03899238E+003  -7.05431200E+003  -1.40453752E+004  -2.57421470E+002   1.44124835E+001  -8.01124225E+000   3.64454958E-001   1.16896555E+001   0.00000000E+000   1.95825721E+015   1.31497566E+014   1.00000000E-014   4.85000000E-012
       486     1.19999997E+001   7.01253050E+003   3.41873747E-020   5.19734122E-020  -1.19999997E+001   5.35884824E-020   0.00000000E+000   4.33680869E-019  -7.03912456E+003  -7.05449158E+003  -1.40450634E+004  -2.57559114E+002   1.44439041E+001  -8.02985383E+000   3.65393042E-001   1.16888590E+001   0.00000000E+000   1.96169625E+015   1.31821001E+014   1.00000000E-014   4.86000000E-012
       487     1.19999997E+001   7.01208764E+003  -2.52157738E-020  -1.59149550E-020  -1.19999997E+001   1.36367755E-019  -4.33680869E-019   4.33680869E-019  -7.03925542E+003  -7.05466675E+003  -1.40447574E+004  -2.57694223E+002   1.44783907E+001  -8.04983329E+000   3.66315452E-001   1.16880772E+001   0.00000000E+000   1.96410884E+015   1.31866128E+014   1.00000000E-014   4.87000000E-012
       488     1.19999997E+001   7.01164369E+003  -5.23770764E-021  -9.95660760E-020  -1.19999997E+001   3.37617903E-020   8.67361738E-019   4.33680869E-019  -7.03938603E+003  -7.05484294E+003  -1.40444506E+004  -2.57829675E+002   1.45158377E+001  -8.07037490E+000   3.67241507E-001   1.16872934E+001   0.00000000E+000   1.96384914E+015   1.32245167E+014   1.00000000E-014   4.88000000E-012
       489     1.19999997E+001   7.01120255E+003  -1.89970299E-020  -1.09712273E-019  -1.19999997E+001   3.10837931E-020   0.00000000E+000   0.00000000E+000  -7.03951823E+003  -7.05501559E+003  -1.40441457E+004  -2.57964266E+002   1.45510449E+001  -8.09020302E+000   3.68160383E-001   1.16865147E+001   0.00000000E+000   1.96135864E+015   1.31850204E+014   1.00000000E-014   4.89000000E-012
       490     1.19999997E+001   7.01074956E+003   3.14576787E-020   3.64786650E-020  -1.19999997E+001  -4.31221661E-020   8.67361738E-019  -4.33680869E-019  -7.03964853E+003  -7.05519833E+003  -1.40438327E+004  -2.58102479E+002   1.45846264E+001  -8.10652286E+000   3.69102932E-001   1.16857149E+001   0.00000000E+000   1.95690900E+015   1.34224155E+014   1.00000000E-014   4.90000000E-012
       491     1.19999997E+001   7.01031800E+003  -3.99511692E-020  -2.19136688E-020  -1.19999997E+001  -6.74764313E-020   0.00000000E+000   0.00000000E+000  -7.03977473E+003  -7.05537038E+003  -1.40435344E+004  -2.58234158E+002   1.46190296E+001  -8.12579806E+000   3.70002397E-001   1.16849531E+001   0.00000000E+000   1.95834457E+015   1.34269644E+014   1.00000000E-014   4.91000000E-012
       492     1.19999997E+001   7.00988061E+003  -1.89325099E-020   7.57945595E-021  -1.19999997E+001  -5.78459810E-020  -8.67361738E-019   0.00000000E+000  -7.03990147E+003  -7.05554596E+003  -1.40432321E+004  -2.58367631E+002   1.46586068E+001  -8.14732272E+000   3.70916562E-001   1.16841809E+001   0.00000000E+000   1.95901585E+015   1.35009162E+014   1.00000000E-014   4.92000000E-012
       493     1.19999997E+001   7.00943358E+003   2.14851892E-020  -7.81222458E-020  -1.19999997E+001  -7.57478238E-020   0.00000000E+000   4.33680869E-019  -7.04003561E+003  -7.05572075E+003  -1.40429232E+004  -2.58504023E+002   1.46906561E+001  -8.16316900E+000   3.71845316E-001   1.16833918E+001   0.00000000E+000   1.96302783E+015   1.34029936E+014   1.00000000E-014   4.93000000E-012
       494     1.19999997E+001   7.00900286E+003   5.30834886E-020  -1.45312473E-019  -1.19999997E+001  -5.50054428E-020   0.00000000E+000   0.00000000E+000  -7.04016380E+003  -7.05589026E+003  -1.40426255E+004  -2.58635459E+002   1.47271404E+001  -8.18386246E+000   3.72743905E-001   1.16826314E+001   0.00000000E+000   1.96453397E+015   1.34213306E+014   1.00000000E-014   4.94000000E-012
       495     1.19999997E+001   7.00854894E+003   2.78544799E-020   1.08557529E-019  -1.19999997E+001  -5.91223207E-020   0.00000000E+000  -4.33680869E-019  -7.04029695E+003  -7.05607083E+003  -1.40423117E+004  -2.58773961E+002   1.47614753E+001  -8.19790048E+000   3.73687731E-001   1.16818301E+001   0.00000000E+000   1.96440463E+015   1.34773645E+014   1.00000000E-014   4.95000000E-012
       496     1.19999997E+001   7.00811461E+003   8.90807345E-020   3.83530563E-020  -1.19999997E+001  -3.62966853E-020   0.00000000E+000   0.00000000E+000  -7.04042566E+003  -7.05624233E+003  -1.40420115E+004  -2.58906500E+002   1.47954921E+001  -8.21687145E+000   3.74592457E-001   1.16810633E+001   0.00000000E+000   1.96703614E+015   1.34147674E+014   1.00000000E-014   4.96000000E-012
       497     1.19999997E+001   7.00767623E+003  -6.12940834E-020  -7.31244205E-020  -1.19999997E+001   6.75583222E-020  -4.33680869E-019  -4.33680869E-019  -7.04055080E+003  -7.05642020E+003  -1.40417085E+004  -2.59040281E+002   1.48308261E+001  -8.23679153E+000   3.75507025E-001   1.16802894E+001   0.00000000E+000   1.97049883E+015   1.33744249E+014   1.00000000E-014   4.97000000E-012
       498     1.19999997E+001   7.00722640E+003   1.81450339E-020  -3.62933766E-020  -1.19999997E+001  -4.38116211E-020   4.33680869E-019  -8.67361738E-019  -7.04068469E+003  -7.05659723E+003  -1.40413976E+004  -2.59177550E+002   1.48620983E+001  -8.25950009E+000   3.76443176E-001   1.16794953E+001   0.00000000E+000   1.97195514E+015   1.34340269E+014   1.00000000E-014   4.98000000E-012
       499     1.19999997E+001   7.00677337E+003  -5.58181477E-021   7.23799580E-020  -1.19999997E+001  -5.94763540E-020   4.33680869E-019   0.00000000E+000  -7.04082192E+003  -7.05677317E+003  -1.40410844E+004  -2.59315815E+002   1.49036966E+001  -8.28065233E+000   3.77389123E-001   1.16786956E+001   0.00000000E+000   1.97742550E+015   1.32998065E+014   1.00000000E-014   4.99000000E-012
       500     1.19999997E+001   7.00632846E+003  -2.82829595E-020   7.63686229E-020  -1.19999997E+001   6.01612595E-020   4.33680869E-019  -4.33680869E-019  -7.04095242E+003  -7.05695023E+003  -1.40407769E+004  -2.59451597E+002   1.49402745E+001  -8.30307188E+000   3.78317598E-001   1.16779102E+001   0.00000000E+000   1.98064468E+015   1.33095958E+014   1.00000000E-014   5.00000000E-012
