   iLoop   Phase     EVM               SVM                    B5                B4                B2                D6                D1                D4                C1                C5                C3                A6                C2                C3              
       1       1     1.19999997E+001   7.18850040E+003   6.70629582E-002   2.84783255E+003   2.84776549E+003  -8.51459860E-002  -1.66709341E+002  -1.66624195E+002   2.84778279E+003  -6.78363893E-002   2.84785063E+003   4.97533615E-002  -1.66692031E+002  -1.66642278E+002
       2       1     1.19999997E+001   7.18828395E+003   7.91424110E-002   2.84771921E+003   2.84764007E+003  -1.04946570E-001  -1.66770715E+002  -1.66665768E+002   2.84765730E+003  -8.77114422E-002   2.84774502E+003   6.19072831E-002  -1.66753480E+002  -1.66691573E+002
       3       1     1.19999997E+001   7.18806433E+003   9.13968154E-002   2.84760422E+003   2.84751282E+003  -1.25035536E-001  -1.66832987E+002  -1.66707951E+002   2.84752998E+003  -1.07873083E-001   2.84763786E+003   7.42343625E-002  -1.66815824E+002  -1.66741590E+002
       4       1     1.19999997E+001   7.18784310E+003   1.03740706E-001   2.84748838E+003   2.84738464E+003  -1.45271514E-001  -1.66895716E+002  -1.66750444E+002   2.84740173E+003  -1.28182261E-001   2.84752991E+003   8.66514541E-002  -1.66878626E+002  -1.66791975E+002
       5       1     1.19999997E+001   7.18762024E+003   1.16177202E-001   2.84737168E+003   2.84725550E+003  -1.65658638E-001  -1.66958909E+002  -1.66793250E+002   2.84727252E+003  -1.48645492E-001   2.84742116E+003   9.91640558E-002  -1.66941896E+002  -1.66842732E+002
       6       1     1.19999997E+001   7.18739573E+003   1.28706208E-001   2.84725412E+003   2.84712541E+003  -1.86197129E-001  -1.67022570E+002  -1.66836373E+002   2.84714235E+003  -1.69260472E-001   2.84731161E+003   1.11769551E-001  -1.67005633E+002  -1.66893864E+002
       7       1     1.19999997E+001   7.18716963E+003   1.41324043E-001   2.84713572E+003   2.84699440E+003  -2.06882071E-001  -1.67086684E+002  -1.66879802E+002   2.84701126E+003  -1.90023001E-001   2.84720128E+003   1.24464973E-001  -1.67069825E+002  -1.66945360E+002
       8       1     1.19999997E+001   7.18694186E+003   1.54036237E-001   2.84701646E+003   2.84686242E+003  -2.27721569E-001  -1.67151271E+002  -1.66923549E+002   2.84687920E+003  -2.10940527E-001   2.84709014E+003   1.37255195E-001  -1.67134489E+002  -1.66997234E+002
       9       1     1.19999997E+001   7.18671249E+003   1.66839485E-001   2.84689635E+003   2.84672951E+003  -2.48709334E-001  -1.67216314E+002  -1.66967605E+002   2.84674621E+003  -2.32006443E-001   2.84697822E+003   1.50136594E-001  -1.67199612E+002  -1.67049475E+002
      10       1     1.19999997E+001   7.18648150E+003   1.79733606E-001   2.84677539E+003   2.84659565E+003  -2.69846143E-001  -1.67281819E+002  -1.67011973E+002   2.84661228E+003  -2.53221160E-001   2.84686550E+003   1.63108622E-001  -1.67265194E+002  -1.67102086E+002
      11       1     1.19999997E+001   7.18624888E+003   1.92719563E-001   2.84665357E+003   2.84646085E+003  -2.91133127E-001  -1.67347786E+002  -1.67056653E+002   2.84647740E+003  -2.74586169E-001   2.84675199E+003   1.76172605E-001  -1.67331239E+002  -1.67155066E+002
      12       1     1.19999997E+001   7.18601468E+003   2.05794196E-001   2.84653093E+003   2.84632514E+003  -3.12565717E-001  -1.67414203E+002  -1.67101638E+002   2.84634161E+003  -2.96097237E-001   2.84663770E+003   1.89325716E-001  -1.67397735E+002  -1.67208409E+002
      13       1     1.19999997E+001   7.18577885E+003   2.18962224E-001   2.84640744E+003   2.84618847E+003  -3.34149362E-001  -1.67481083E+002  -1.67146934E+002   2.84620487E+003  -3.17758511E-001   2.84652262E+003   2.02571372E-001  -1.67464692E+002  -1.67262121E+002
      14       1     1.19999997E+001   7.18554142E+003   2.32219898E-001   2.84628310E+003   2.84605088E+003  -3.55880048E-001  -1.67548418E+002  -1.67192538E+002   2.84606720E+003  -3.39567244E-001   2.84640676E+003   2.15907094E-001  -1.67532105E+002  -1.67316198E+002
      15       1     1.19999997E+001   7.18530235E+003   2.45572231E-001   2.84615791E+003   2.84591234E+003  -3.77762726E-001  -1.67616220E+002  -1.67238458E+002   2.84592857E+003  -3.61527563E-001   2.84629010E+003   2.29337069E-001  -1.67599985E+002  -1.67370648E+002
      16       1     1.19999997E+001   7.18506167E+003   2.59014798E-001   2.84603187E+003   2.84577285E+003  -3.99793132E-001  -1.67684482E+002  -1.67284689E+002   2.84578901E+003  -3.83634106E-001   2.84617265E+003   2.42855772E-001  -1.67668323E+002  -1.67425467E+002
      17       1     1.19999997E+001   7.18481938E+003   2.72549053E-001   2.84590499E+003   2.84563244E+003  -4.21972060E-001  -1.67753201E+002  -1.67331228E+002   2.84564852E+003  -4.05888852E-001   2.84605441E+003   2.56465845E-001  -1.67737117E+002  -1.67480651E+002
      18       1     1.19999997E+001   7.18457545E+003   2.86177637E-001   2.84577724E+003   2.84549107E+003  -4.44304139E-001  -1.67822388E+002  -1.67378084E+002   2.84550707E+003  -4.28297061E-001   2.84593537E+003   2.70170559E-001  -1.67806381E+002  -1.67536210E+002
      19       1     1.19999997E+001   7.18432984E+003   2.99901331E-001   2.84564862E+003   2.84534872E+003  -4.66790009E-001  -1.67892053E+002  -1.67425263E+002   2.84536465E+003  -4.50858022E-001   2.84581551E+003   2.83969343E-001  -1.67876121E+002  -1.67592152E+002
      20       1     1.19999997E+001   7.18408260E+003   3.13717942E-001   2.84551914E+003   2.84520542E+003  -4.89426230E-001  -1.67962182E+002  -1.67472755E+002   2.84522128E+003  -4.73568068E-001   2.84569485E+003   2.97859779E-001  -1.67946323E+002  -1.67648464E+002
      21       1     1.19999997E+001   7.18383373E+003   3.27626499E-001   2.84538881E+003   2.84506118E+003  -5.12212994E-001  -1.68032773E+002  -1.67520560E+002   2.84507697E+003  -4.96429117E-001   2.84557340E+003   3.11842622E-001  -1.68016989E+002  -1.67705147E+002
      22       1     1.19999997E+001   7.18358325E+003   3.41625924E-001   2.84525763E+003   2.84491601E+003  -5.35148272E-001  -1.68103824E+002  -1.67568676E+002   2.84493172E+003  -5.19439785E-001   2.84545116E+003   3.25917437E-001  -1.68088115E+002  -1.67762198E+002
      23       1     1.19999997E+001   7.18333118E+003   3.55715236E-001   2.84512562E+003   2.84476991E+003  -5.58229701E-001  -1.68175326E+002  -1.67617097E+002   2.84478554E+003  -5.42596904E-001   2.84532814E+003   3.40082439E-001  -1.68159693E+002  -1.67819611E+002
      24       1     1.19999997E+001   7.18307751E+003   3.69892235E-001   2.84499277E+003   2.84462288E+003  -5.81456733E-001  -1.68247283E+002  -1.67665826E+002   2.84463843E+003  -5.65900215E-001   2.84520433E+003   3.54335717E-001  -1.68231726E+002  -1.67877391E+002
      25       1     1.19999997E+001   7.18282223E+003   3.84161944E-001   2.84485908E+003   2.84447491E+003  -6.04832850E-001  -1.68319698E+002  -1.67714865E+002   2.84449039E+003  -5.89353010E-001   2.84507975E+003   3.68682104E-001  -1.68304218E+002  -1.67935536E+002
      26       1     1.19999997E+001   7.18256528E+003   3.98529198E-001   2.84472451E+003   2.84432598E+003  -6.28364455E-001  -1.68392588E+002  -1.67764224E+002   2.84434138E+003  -6.12959258E-001   2.84495434E+003   3.83124000E-001  -1.68377183E+002  -1.67994059E+002
      27       1     1.19999997E+001   7.18230673E+003   4.12987433E-001   2.84458910E+003   2.84417611E+003  -6.52043894E-001  -1.68465936E+002  -1.67813892E+002   2.84419144E+003  -6.36713097E-001   2.84482816E+003   3.97656636E-001  -1.68450605E+002  -1.68052948E+002
      28       1     1.19999997E+001   7.18204658E+003   4.27536472E-001   2.84445285E+003   2.84402532E+003  -6.75871890E-001  -1.68539739E+002  -1.67863867E+002   2.84404057E+003  -6.60614976E-001   2.84470119E+003   4.12279559E-001  -1.68524482E+002  -1.68112203E+002
      29       1     1.19999997E+001   7.18178480E+003   4.42179993E-001   2.84431575E+003   2.84387357E+003  -6.99852734E-001  -1.68614008E+002  -1.67914156E+002   2.84388875E+003  -6.84670960E-001   2.84457342E+003   4.26998218E-001  -1.68598827E+002  -1.68171828E+002
      30       1     1.19999997E+001   7.18152138E+003   4.56920052E-001   2.84417779E+003   2.84372087E+003  -7.23987224E-001  -1.68688746E+002  -1.67964758E+002   2.84373598E+003  -7.08878205E-001   2.84444485E+003   4.41811033E-001  -1.68673637E+002  -1.68231826E+002
      31       1     1.19999997E+001   7.18125635E+003   4.71750455E-001   2.84403898E+003   2.84356723E+003  -7.48269314E-001  -1.68763940E+002  -1.68015670E+002   2.84358227E+003  -7.33233130E-001   2.84431550E+003   4.56714271E-001  -1.68748904E+002  -1.68292189E+002
      32       1     1.19999997E+001   7.18098970E+003   4.86673070E-001   2.84389933E+003   2.84341266E+003  -7.72701275E-001  -1.68839595E+002  -1.68066893E+002   2.84342762E+003  -7.57737100E-001   2.84418536E+003   4.71708895E-001  -1.68824630E+002  -1.68352921E+002
      33       1     1.19999997E+001   7.18072146E+003   5.01687085E-001   2.84375884E+003   2.84325715E+003  -7.97282028E-001  -1.68915706E+002  -1.68118424E+002   2.84327204E+003  -7.82390379E-001   2.84405443E+003   4.86795436E-001  -1.68900814E+002  -1.68414019E+002
      34       1     1.19999997E+001   7.18045160E+003   5.16793383E-001   2.84361750E+003   2.84310071E+003  -8.22011929E-001  -1.68992276E+002  -1.68170264E+002   2.84311553E+003  -8.07191389E-001   2.84392272E+003   5.01972843E-001  -1.68977455E+002  -1.68475482E+002
      35       1     1.19999997E+001   7.18018012E+003   5.31993767E-001   2.84347531E+003   2.84294332E+003  -8.46892085E-001  -1.69069309E+002  -1.68222417E+002   2.84295807E+003  -8.32141640E-001   2.84379021E+003   5.17243321E-001  -1.69054559E+002  -1.68537315E+002
      36       1     1.19999997E+001   7.17990702E+003   5.47287969E-001   2.84333227E+003   2.84278499E+003  -8.71923347E-001  -1.69146807E+002  -1.68274883E+002   2.84279967E+003  -8.57241705E-001   2.84365691E+003   5.32606327E-001  -1.69132125E+002  -1.68599519E+002
      37       1     1.19999997E+001   7.17963225E+003   5.62682092E-001   2.84318836E+003   2.84262568E+003  -8.97111239E-001  -1.69224781E+002  -1.68327669E+002   2.84264030E+003  -8.82496821E-001   2.84352279E+003   5.48067674E-001  -1.69210166E+002  -1.68662099E+002
      38       1     1.19999997E+001   7.17935577E+003   5.78178590E-001   2.84304356E+003   2.84246538E+003  -9.22458578E-001  -1.69303242E+002  -1.68380784E+002   2.84247993E+003  -9.07909227E-001   2.84338784E+003   5.63629239E-001  -1.69288693E+002  -1.68725064E+002
      39       1     1.19999997E+001   7.17907764E+003   5.93777419E-001   2.84289790E+003   2.84230412E+003  -9.47964406E-001  -1.69382179E+002  -1.68434215E+002   2.84231861E+003  -9.33478618E-001   2.84325208E+003   5.79291631E-001  -1.69367693E+002  -1.68788402E+002
      40       1     1.19999997E+001   7.17879786E+003   6.09474115E-001   2.84275137E+003   2.84214189E+003  -9.73624811E-001  -1.69461590E+002  -1.68487965E+002   2.84215632E+003  -9.59199262E-001   2.84311552E+003   5.95048566E-001  -1.69447164E+002  -1.68852115E+002
      41       1     1.19999997E+001   7.17851640E+003   6.25277525E-001   2.84260396E+003   2.84197868E+003  -9.99449300E-001  -1.69541483E+002  -1.68542033E+002   2.84199305E+003  -9.85083075E-001   2.84297813E+003   6.10911300E-001  -1.69527117E+002  -1.68916205E+002
      42       1     1.19999997E+001   7.17823328E+003   6.41183141E-001   2.84245569E+003   2.84181451E+003  -1.02543380E+000  -1.69621851E+002  -1.68596417E+002   2.84182881E+003  -1.01112650E+000   2.84283994E+003   6.26875841E-001  -1.69607544E+002  -1.68980668E+002
      43       1     1.19999997E+001   7.17794852E+003   6.57188425E-001   2.84230656E+003   2.84164937E+003  -1.05157252E+000  -1.69702691E+002  -1.68651118E+002   2.84166362E+003  -1.03732211E+000   2.84270095E+003   6.42938015E-001  -1.69688440E+002  -1.69045502E+002
      44       1     1.19999997E+001   7.17766217E+003   6.73295626E-001   2.84215660E+003   2.84148331E+003  -1.07786719E+000  -1.69783990E+002  -1.68706123E+002   2.84149750E+003  -1.06367048E+000   2.84256117E+003   6.59098915E-001  -1.69769793E+002  -1.69110694E+002
      45       1     1.19999997E+001   7.17737423E+003   6.89501673E-001   2.84200581E+003   2.84131631E+003  -1.10431605E+000  -1.69865745E+002  -1.68761429E+002   2.84133046E+003  -1.09016937E+000   2.84242063E+003   6.75354997E-001  -1.69851599E+002  -1.69176244E+002
      46       1     1.19999997E+001   7.17698010E+003   7.14540176E-001   2.84180169E+003   2.84108715E+003  -1.14272075E+000  -1.69978232E+002  -1.68835511E+002   2.84109848E+003  -1.13139221E+000   2.84222987E+003   7.03211632E-001  -1.69966903E+002  -1.69263692E+002
      47       1     1.19999997E+001   7.17662896E+003   7.36676245E-001   2.84161941E+003   2.84088273E+003  -1.17574002E+000  -1.70078699E+002  -1.68902959E+002   2.84089391E+003  -1.16455862E+000   2.84205847E+003   7.25494846E-001  -1.70067517E+002  -1.69342023E+002
      48       1     1.19999997E+001   7.17636105E+003   7.51851824E-001   2.84147892E+003   2.84072707E+003  -1.20069616E+000  -1.70155045E+002  -1.68954349E+002   2.84073885E+003  -1.18891498E+000   2.84192777E+003   7.40070643E-001  -1.70143264E+002  -1.69403193E+002
      49       1     1.19999997E+001   7.17609104E+003   7.67178002E-001   2.84133736E+003   2.84057018E+003  -1.22583770E+000  -1.70231998E+002  -1.69006161E+002   2.84058259E+003  -1.21343172E+000   2.84179602E+003   7.54772020E-001  -1.70219592E+002  -1.69464820E+002
      50       1     1.19999997E+001   7.17581998E+003   7.82551036E-001   2.84119523E+003   2.84041268E+003  -1.25106260E+000  -1.70309252E+002  -1.69058189E+002   2.84042574E+003  -1.23800716E+000   2.84166375E+003   7.69495599E-001  -1.70296197E+002  -1.69526701E+002
      51       1     1.19999997E+001   7.17554822E+003   7.97988880E-001   2.84105271E+003   2.84025472E+003  -1.27645794E+000  -1.70386755E+002  -1.69110297E+002   2.84026848E+003  -1.26269419E+000   2.84153118E+003   7.84225136E-001  -1.70372992E+002  -1.69588766E+002
      52       1     1.19999997E+001   7.17527532E+003   8.13483170E-001   2.84090963E+003   2.84009614E+003  -1.30187527E+000  -1.70464540E+002  -1.69162665E+002   2.84011055E+003  -1.28747087E+000   2.84139802E+003   7.99078769E-001  -1.70450136E+002  -1.69651057E+002
      53       1     1.19999997E+001   7.17500164E+003   8.29042278E-001   2.84076611E+003   2.83993707E+003  -1.32741749E+000  -1.70542590E+002  -1.69215173E+002   2.83995221E+003  -1.31227823E+000   2.84126448E+003   8.13903012E-001  -1.70527451E+002  -1.69713548E+002
      54       1     1.19999997E+001   7.17472713E+003   8.44668464E-001   2.84062217E+003   2.83977750E+003  -1.35301959E+000  -1.70620886E+002  -1.69267866E+002   2.83979340E+003  -1.33712082E+000   2.84113052E+003   8.28769696E-001  -1.70604987E+002  -1.69776217E+002
      55       1     1.19999997E+001   7.17445154E+003   8.60372733E-001   2.84047769E+003   2.83961732E+003  -1.37870955E+000  -1.70699469E+002  -1.69320759E+002   2.83963389E+003  -1.36213677E+000   2.84099603E+003   8.43799953E-001  -1.70682896E+002  -1.69839096E+002
      56       1     1.19999997E+001   7.17417509E+003   8.76105464E-001   2.84033271E+003   2.83945661E+003  -1.40447454E+000  -1.70778327E+002  -1.69373853E+002   2.83947400E+003  -1.38708106E+000   2.84086108E+003   8.58711982E-001  -1.70760934E+002  -1.69902222E+002
      57       1     1.19999997E+001   7.17389805E+003   8.91774675E-001   2.84018739E+003   2.83929562E+003  -1.43018720E+000  -1.70857295E+002  -1.69427108E+002   2.83931380E+003  -1.41200202E+000   2.84072580E+003   8.73589494E-001  -1.70839110E+002  -1.69965520E+002
      58       1     1.19999997E+001   7.17362036E+003   9.07400681E-001   2.84004167E+003   2.83913427E+003  -1.45588262E+000  -1.70936424E+002  -1.69480541E+002   2.83915330E+003  -1.43685133E+000   2.84059015E+003   8.88369389E-001  -1.70917393E+002  -1.70029023E+002
      59       1     1.19999997E+001   7.17334609E+003   9.23455323E-001   2.83989791E+003   2.83897445E+003  -1.48208073E+000  -1.71015028E+002  -1.69532947E+002   2.83899467E+003  -1.46186238E+000   2.84045654E+003   9.03236969E-001  -1.70994810E+002  -1.70091573E+002
      60       1     1.19999997E+001   7.17305659E+003   9.38611439E-001   2.83974542E+003   2.83880681E+003  -1.50810412E+000  -1.71096953E+002  -1.69588849E+002   2.83882753E+003  -1.48738824E+000   2.84031492E+003   9.17895552E-001  -1.71076237E+002  -1.70158341E+002
      61       1     1.19999997E+001   7.17277646E+003   9.54813678E-001   2.83959842E+003   2.83864361E+003  -1.53458064E+000  -1.71177214E+002  -1.69642633E+002   2.83866593E+003  -1.51225992E+000   2.84017819E+003   9.32492964E-001  -1.71154893E+002  -1.70222400E+002
      62       1     1.19999997E+001   7.17249638E+003   9.70374767E-001   2.83945123E+003   2.83848086E+003  -1.56038540E+000  -1.71257029E+002  -1.69696644E+002   2.83850434E+003  -1.53689934E+000   2.84004124E+003   9.46888700E-001  -1.71233543E+002  -1.70286654E+002
      63       1     1.19999997E+001   7.17221484E+003   9.85965657E-001   2.83930328E+003   2.83831731E+003  -1.58628035E+000  -1.71337212E+002  -1.69750932E+002   2.83834187E+003  -1.56172095E+000   2.83990359E+003   9.61406255E-001  -1.71312652E+002  -1.70351246E+002
      64       1     1.19999997E+001   7.17193180E+003   1.00162452E+000   2.83915452E+003   2.83815290E+003  -1.61230601E+000  -1.71417813E+002  -1.69805507E+002   2.83817852E+003  -1.58668534E+000   2.83976520E+003   9.76003843E-001  -1.71392192E+002  -1.70416188E+002
      65       1     1.19999997E+001   7.17164727E+003   1.01730359E+000   2.83900496E+003   2.83798765E+003  -1.63842323E+000  -1.71498805E+002  -1.69860382E+002   2.83801432E+003  -1.61175323E+000   2.83962608E+003   9.90633598E-001  -1.71472135E+002  -1.70481502E+002
      66       1     1.19999997E+001   7.17136117E+003   1.03303273E+000   2.83885454E+003   2.83782150E+003  -1.66466124E+000  -1.71580236E+002  -1.69915574E+002   2.83784924E+003  -1.63692844E+000   2.83948616E+003   1.00529994E+000  -1.71552503E+002  -1.70547203E+002
      67       1     1.19999997E+001   7.17107340E+003   1.04881918E+000   2.83870322E+003   2.83765440E+003  -1.69102884E+000  -1.71662122E+002  -1.69971094E+002   2.83768319E+003  -1.66224170E+000   2.83934543E+003   1.02003204E+000  -1.71633335E+002  -1.70613303E+002
      68       1     1.19999997E+001   7.17078351E+003   1.06468053E+000   2.83855079E+003   2.83748611E+003  -1.71756656E+000  -1.71744567E+002  -1.70027000E+002   2.83751583E+003  -1.68784813E+000   2.83920368E+003   1.03496209E+000  -1.71714849E+002  -1.70679887E+002
      69       1     1.19999997E+001   7.17048775E+003   1.08192444E+000   2.83839568E+003   2.83731376E+003  -1.74558693E+000  -1.71829342E+002  -1.70083755E+002   2.83734507E+003  -1.71427138E+000   2.83905934E+003   1.05060890E+000  -1.71798026E+002  -1.70747417E+002
      70       1     1.19999997E+001   7.17019103E+003   1.09862745E+000   2.83823989E+003   2.83714127E+003  -1.77313183E+000  -1.71913962E+002  -1.70140830E+002   2.83717362E+003  -1.74078275E+000   2.83891440E+003   1.06627836E+000  -1.71881613E+002  -1.70815335E+002
      71       1     1.19999997E+001   7.16989446E+003   1.11478787E+000   2.83808392E+003   2.83696914E+003  -1.80021548E+000  -1.71998264E+002  -1.70198049E+002   2.83700239E+003  -1.76696475E+000   2.83876935E+003   1.08153714E+000  -1.71965013E+002  -1.70883476E+002
      72       1     1.19999997E+001   7.16959084E+003   1.13099696E+000   2.83792405E+003   2.83679305E+003  -1.82790368E+000  -1.72084435E+002  -1.70256531E+002   2.83682707E+003  -1.79388890E+000   2.83862095E+003   1.09698217E+000  -1.72050420E+002  -1.70953438E+002
      73       1     1.19999997E+001   7.16928855E+003   1.14720157E+000   2.83776497E+003   2.83661777E+003  -1.85532140E+000  -1.72170192E+002  -1.70314870E+002   2.83665248E+003  -1.82061703E+000   2.83847309E+003   1.11249720E+000  -1.72135488E+002  -1.71022990E+002
      74       1     1.19999997E+001   7.16898408E+003   1.16341420E+000   2.83760471E+003   2.83644130E+003  -1.88280163E+000  -1.72256495E+002  -1.70373694E+002   2.83647665E+003  -1.84744905E+000   2.83832410E+003   1.12806162E+000  -1.72221143E+002  -1.71093081E+002
      75       1     1.19999997E+001   7.16867769E+003   1.17968369E+000   2.83744340E+003   2.83626372E+003  -1.91040869E+000  -1.72343337E+002  -1.70432928E+002   2.83629979E+003  -1.87434064E+000   2.83817413E+003   1.14361565E+000  -1.72307269E+002  -1.71163653E+002
      76       1     1.19999997E+001   7.16836867E+003   1.19617186E+000   2.83728080E+003   2.83608462E+003  -1.93828358E+000  -1.72430910E+002  -1.70492627E+002   2.83612124E+003  -1.90166548E+000   2.83802291E+003   1.15955375E+000  -1.72394292E+002  -1.71234739E+002
      77       1     1.19999997E+001   7.16805362E+003   1.21355497E+000   2.83711535E+003   2.83590180E+003  -1.96718437E+000  -1.72520427E+002  -1.70553243E+002   2.83593885E+003  -1.93012985E+000   2.83786898E+003   1.17650044E+000  -1.72483373E+002  -1.71306872E+002
      78       1     1.19999997E+001   7.16774078E+003   1.22957331E+000   2.83695028E+003   2.83572071E+003  -1.99435565E+000  -1.72608867E+002  -1.70614512E+002   2.83575917E+003  -1.95589321E+000   2.83771506E+003   1.19111087E+000  -1.72570405E+002  -1.71379294E+002
      79       1     1.19999997E+001   7.16742247E+003   1.24575694E+000   2.83678227E+003   2.83553651E+003  -2.02265663E+000  -1.72698783E+002  -1.70676126E+002   2.83557558E+003  -1.98358784E+000   2.83755917E+003   1.20668815E+000  -1.72659714E+002  -1.71453026E+002
      80       1     1.19999997E+001   7.16710471E+003   1.26223715E+000   2.83661496E+003   2.83535272E+003  -2.05080648E+000  -1.72788461E+002  -1.70737655E+002   2.83539183E+003  -2.01169637E+000   2.83740353E+003   1.22312705E+000  -1.72749351E+002  -1.71526224E+002
      81       1     1.19999997E+001   7.16678088E+003   1.27975350E+000   2.83644471E+003   2.83516495E+003  -2.07974176E+000  -1.72880315E+002  -1.70800573E+002   2.83520499E+003  -2.03970837E+000   2.83724470E+003   1.23972012E+000  -1.72840281E+002  -1.71600561E+002
      82       1     1.19999997E+001   7.16645505E+003   1.29609428E+000   2.83627260E+003   2.83497651E+003  -2.10876843E+000  -1.72972257E+002  -1.70863488E+002   2.83501692E+003  -2.06835484E+000   2.83708527E+003   1.25568068E+000  -1.72931843E+002  -1.71676162E+002
      83       1     1.19999997E+001   7.16611530E+003   1.31382807E+000   2.83609272E+003   2.83477889E+003  -2.14056145E+000  -1.73069237E+002  -1.70928675E+002   2.83482192E+003  -2.09753790E+000   2.83691946E+003   1.27080452E+000  -1.73026213E+002  -1.71755409E+002
      84       1     1.19999997E+001   7.16573522E+003   1.33004147E+000   2.83589188E+003   2.83456184E+003  -2.17104055E+000  -1.73173711E+002  -1.71002671E+002   2.83460041E+003  -2.13246621E+000   2.83673288E+003   1.29146712E+000  -1.73135137E+002  -1.71843670E+002
      85       1     1.19999997E+001   7.16539012E+003   1.34269566E+000   2.83570675E+003   2.83436405E+003  -2.19957958E+000  -1.73269279E+002  -1.71069699E+002   2.83440263E+003  -2.16100642E+000   2.83656363E+003   1.30412250E+000  -1.73230706E+002  -1.71926583E+002
      86       1     1.19999997E+001   7.16504595E+003   1.36193032E+000   2.83552707E+003   2.83416514E+003  -2.23088054E+000  -1.73366238E+002  -1.71135358E+002   2.83420084E+003  -2.19518543E+000   2.83639602E+003   1.32623521E+000  -1.73330543E+002  -1.72004308E+002
      87       1     1.19999997E+001   7.16470471E+003   1.37923319E+000   2.83534736E+003   2.83396812E+003  -2.26011950E+000  -1.73462182E+002  -1.71202062E+002   2.83400377E+003  -2.22446828E+000   2.83622824E+003   1.34358197E+000  -1.73426530E+002  -1.72082948E+002
      88       1     1.19999997E+001   7.16435272E+003   1.39423316E+000   2.83516044E+003   2.83376620E+003  -2.28785640E+000  -1.73559831E+002  -1.71271975E+002   2.83380180E+003  -2.25226083E+000   2.83605406E+003   1.35863759E+000  -1.73524236E+002  -1.72165598E+002
      89       1     1.19999997E+001   7.16400871E+003   1.41205349E+000   2.83497927E+003   2.83356722E+003  -2.31837927E+000  -1.73656914E+002  -1.71338535E+002   2.83360278E+003  -2.28281941E+000   2.83588560E+003   1.37649364E+000  -1.73621354E+002  -1.72244860E+002
      90       1     1.19999997E+001   7.16366013E+003   1.42984894E+000   2.83479577E+003   2.83336592E+003  -2.34818603E+000  -1.73754950E+002  -1.71406764E+002   2.83340146E+003  -2.31264647E+000   2.83571411E+003   1.39430938E+000  -1.73719410E+002  -1.72325101E+002
      91       1     1.19999997E+001   7.16331191E+003   1.44799177E+000   2.83461247E+003   2.83316447E+003  -2.37908226E+000  -1.73853243E+002  -1.71474161E+002   2.83319995E+003  -2.34360497E+000   2.83554356E+003   1.41251448E+000  -1.73817766E+002  -1.72405252E+002
      92       1     1.19999997E+001   7.16295918E+003   1.46639497E+000   2.83442706E+003   2.83296067E+003  -2.41030798E+000  -1.73952556E+002  -1.71542248E+002   2.83299509E+003  -2.37588339E+000   2.83537098E+003   1.43197038E+000  -1.73918131E+002  -1.72486161E+002
      93       1     1.19999997E+001   7.16259611E+003   1.48408738E+000   2.83423511E+003   2.83275102E+003  -2.44239487E+000  -1.74054642E+002  -1.71612248E+002   2.83278512E+003  -2.40830052E+000   2.83519342E+003   1.44999303E+000  -1.74020548E+002  -1.72570555E+002
      94       1     1.19999997E+001   7.16222494E+003   1.50436914E+000   2.83404112E+003   2.83253675E+003  -2.47477288E+000  -1.74158958E+002  -1.71684185E+002   2.83256853E+003  -2.44298536E+000   2.83501152E+003   1.47258162E+000  -1.74127171E+002  -1.72654589E+002
      95       1     1.19999997E+001   7.16186098E+003   1.52402794E+000   2.83385036E+003   2.83232633E+003  -2.50743397E+000  -1.74261547E+002  -1.71754113E+002   2.83235636E+003  -2.47740116E+000   2.83483377E+003   1.49399514E+000  -1.74231514E+002  -1.72737519E+002
      96       1     1.19999997E+001   7.16149922E+003   1.54353236E+000   2.83366030E+003   2.83211677E+003  -2.53999882E+000  -1.74363930E+002  -1.71823931E+002   2.83214664E+003  -2.51012917E+000   2.83465677E+003   1.51366271E+000  -1.74334061E+002  -1.72820398E+002
      97       1     1.19999997E+001   7.16113561E+003   1.56314761E+000   2.83346928E+003   2.83190613E+003  -2.57273222E+000  -1.74466840E+002  -1.71894108E+002   2.83193584E+003  -2.54302863E+000   2.83447887E+003   1.53344403E+000  -1.74437137E+002  -1.72903693E+002
      98       1     1.19999997E+001   7.16063917E+003   1.59084981E+000   2.83320923E+003   2.83161838E+003  -2.61939079E+000  -1.74607507E+002  -1.71988116E+002   2.83164561E+003  -2.59215957E+000   2.83423777E+003   1.56361859E+000  -1.74580276E+002  -1.73016657E+002
      99       1     1.19999997E+001   7.16021783E+003   1.61564070E+000   2.83298835E+003   2.83137271E+003  -2.65779279E+000  -1.74728346E+002  -1.72070553E+002   2.83140355E+003  -2.62694691E+000   2.83403050E+003   1.58479482E+000  -1.74697500E+002  -1.73112705E+002
     100       1     1.19999997E+001   7.15986833E+003   1.63522738E+000   2.83280506E+003   2.83116983E+003  -2.68992157E+000  -1.74827672E+002  -1.72137750E+002   2.83120074E+003  -2.65901457E+000   2.83385975E+003   1.60432038E+000  -1.74796765E+002  -1.73192445E+002
     101       1     1.19999997E+001   7.15951807E+003   1.65448460E+000   2.83262117E+003   2.83096669E+003  -2.72175017E+000  -1.74927033E+002  -1.72205283E+002   2.83099766E+003  -2.69077535E+000   2.83368844E+003   1.62350978E+000  -1.74896058E+002  -1.73272548E+002
     102       1     1.19999997E+001   7.15916635E+003   1.67383100E+000   2.83243662E+003   2.83076279E+003  -2.75362878E+000  -1.75026715E+002  -1.72273087E+002   2.83079353E+003  -2.72289094E+000   2.83351642E+003   1.64309316E+000  -1.74995978E+002  -1.73352884E+002
     103       1     1.19999997E+001   7.15881308E+003   1.69331716E+000   2.83225129E+003   2.83055797E+003  -2.78569096E+000  -1.75126861E+002  -1.72341170E+002   2.83058847E+003  -2.75518729E+000   2.83334366E+003   1.66281350E+000  -1.75096358E+002  -1.73433544E+002
     104       1     1.19999997E+001   7.15832876E+003   1.72442590E+000   2.83199932E+003   2.83027489E+003  -2.83072215E+000  -1.75266430E+002  -1.72435708E+002   2.83030869E+003  -2.79692529E+000   2.83310561E+003   1.69062903E+000  -1.75232633E+002  -1.73542004E+002
     105       1     1.19999997E+001   7.15795761E+003   1.74048586E+000   2.83180078E+003   2.83006030E+003  -2.86383188E+000  -1.75371048E+002  -1.72507216E+002   2.83009643E+003  -2.82770194E+000   2.83292413E+003   1.70435591E+000  -1.75334918E+002  -1.73630562E+002
     106       1     1.19999997E+001   7.15758861E+003   1.76029547E+000   2.83160675E+003   2.82984645E+003  -2.89699379E+000  -1.75475547E+002  -1.72578553E+002   2.82988276E+003  -2.86068959E+000   2.83274345E+003   1.72399127E+000  -1.75439243E+002  -1.73715251E+002
     107       1     1.19999997E+001   7.15724507E+003   1.78000410E+000   2.83142700E+003   2.82964700E+003  -2.92885681E+000  -1.75573201E+002  -1.72644345E+002   2.82968266E+003  -2.89319328E+000   2.83257586E+003   1.74434058E+000  -1.75537538E+002  -1.73793197E+002
     108       1     1.19999997E+001   7.15690075E+003   1.79987856E+000   2.83124692E+003   2.82944704E+003  -2.96086676E+000  -1.75671124E+002  -1.72710258E+002   2.82948205E+003  -2.92585607E+000   2.83240791E+003   1.76486787E+000  -1.75636114E+002  -1.73871246E+002
     109       1     1.19999997E+001   7.15655498E+003   1.81980052E+000   2.83106604E+003   2.82924624E+003  -2.99303912E+000  -1.75769461E+002  -1.72776421E+002   2.82928060E+003  -2.95868336E+000   2.83223928E+003   1.78544476E+000  -1.75735105E+002  -1.73949660E+002
     110       1     1.19999997E+001   7.15620489E+003   1.83992403E+000   2.83088317E+003   2.82904325E+003  -3.02509064E+000  -1.75868704E+002  -1.72843614E+002   2.82907623E+003  -2.99211230E+000   2.83206834E+003   1.80694568E+000  -1.75835726E+002  -1.74028780E+002
     111       1     1.19999997E+001   7.15585718E+003   1.86027757E+000   2.83070132E+003   2.82884104E+003  -3.05776729E+000  -1.75967867E+002  -1.72910100E+002   2.82887380E+003  -3.02500607E+000   2.83189881E+003   1.82751635E+000  -1.75935106E+002  -1.74107589E+002
     112       1     1.19999997E+001   7.15550144E+003   1.88062868E+000   2.83051453E+003   2.82863390E+003  -3.09157731E+000  -1.76069581E+002  -1.72978004E+002   2.82866758E+003  -3.05789686E+000   2.83172548E+003   1.84694823E+000  -1.76035901E+002  -1.74188952E+002
     113       1     1.19999997E+001   7.15512322E+003   1.90095729E+000   2.83031511E+003   2.82841416E+003  -3.12645357E+000  -1.76177237E+002  -1.73050783E+002   2.82844924E+003  -3.09136992E+000   2.83154061E+003   1.86587365E+000  -1.76142153E+002  -1.74276280E+002
     114       1     1.19999997E+001   7.15472453E+003   1.93181551E+000   2.83011015E+003   2.82817833E+003  -3.17125077E+000  -1.76294895E+002  -1.73123644E+002   2.82821413E+003  -3.13545344E+000   2.83134959E+003   1.89601818E+000  -1.76259098E+002  -1.74363080E+002
     115       1     1.19999997E+001   7.15436680E+003   1.95168284E+000   2.82992387E+003   2.82797219E+003  -3.20130456E+000  -1.76395016E+002  -1.73193712E+002   2.82800478E+003  -3.16871353E+000   2.83117350E+003   1.91909181E+000  -1.76362425E+002  -1.74443333E+002
     116       1     1.19999997E+001   7.15398583E+003   1.97125226E+000   2.82972331E+003   2.82775206E+003  -3.23324167E+000  -1.76502239E+002  -1.73268997E+002   2.82778528E+003  -3.20001787E+000   2.83098530E+003   1.93802846E+000  -1.76469015E+002  -1.74530987E+002
     117       1     1.19999997E+001   7.15363701E+003   1.98902183E+000   2.82953931E+003   2.82755029E+003  -3.26506496E+000  -1.76600626E+002  -1.73335561E+002   2.82758250E+003  -3.23285803E+000   2.83081535E+003   1.95681490E+000  -1.76568419E+002  -1.74611605E+002
     118       1     1.19999997E+001   7.15329052E+003   2.01082487E+000   2.82935895E+003   2.82734813E+003  -3.29896086E+000  -1.76700088E+002  -1.73401127E+002   2.82737981E+003  -3.26728182E+000   2.83064709E+003   1.97914584E+000  -1.76668409E+002  -1.74689263E+002
     119       1     1.19999997E+001   7.15294581E+003   2.03179742E+000   2.82917927E+003   2.82714747E+003  -3.33204803E+000  -1.76798577E+002  -1.73466529E+002   2.82717814E+003  -3.30138247E+000   2.83047952E+003   2.00113186E+000  -1.76767912E+002  -1.74766780E+002
     120       1     1.19999997E+001   7.15259478E+003   2.05272099E+000   2.82899570E+003   2.82694298E+003  -3.36597886E+000  -1.76899018E+002  -1.73533040E+002   2.82697338E+003  -3.33558216E+000   2.83030896E+003   2.02232429E+000  -1.76868622E+002  -1.74846297E+002
     121       1     1.19999997E+001   7.15224971E+003   2.07377932E+000   2.82881595E+003   2.82674217E+003  -3.39904264E+000  -1.76997550E+002  -1.73598508E+002   2.82677129E+003  -3.36992651E+000   2.83014121E+003   2.04466320E+000  -1.76968434E+002  -1.74923771E+002
     122       1     1.19999997E+001   7.15190361E+003   2.09501752E+000   2.82863571E+003   2.82654069E+003  -3.43230531E+000  -1.77096443E+002  -1.73664137E+002   2.82656856E+003  -3.40443545E+000   2.82997299E+003   2.06714766E+000  -1.77068573E+002  -1.75001425E+002
     123       1     1.19999997E+001   7.15155659E+003   2.11635202E+000   2.82845501E+003   2.82633866E+003  -3.46568993E+000  -1.77195608E+002  -1.73729918E+002   2.82636524E+003  -3.43911108E+000   2.82980435E+003   2.08977317E+000  -1.77169029E+002  -1.75079255E+002
     124       1     1.19999997E+001   7.15120898E+003   2.13769870E+000   2.82827401E+003   2.82613632E+003  -3.49909518E+000  -1.77294914E+002  -1.73795819E+002   2.82616155E+003  -3.47386086E+000   2.82963541E+003   2.11246438E+000  -1.77269679E+002  -1.75157215E+002
     125       1     1.19999997E+001   7.15085597E+003   2.16101620E+000   2.82809073E+003   2.82592971E+003  -3.53448860E+000  -1.77396879E+002  -1.73862390E+002   2.82595493E+003  -3.50926609E+000   2.82946420E+003   2.13579369E+000  -1.77371656E+002  -1.75235863E+002
     126       1     1.19999997E+001   7.15050278E+003   2.18137525E+000   2.82790617E+003   2.82572480E+003  -3.56775437E+000  -1.77497094E+002  -1.73929339E+002   2.82574790E+003  -3.54464849E+000   2.82929255E+003   2.15826938E+000  -1.77473988E+002  -1.75315718E+002
     127       1     1.19999997E+001   7.15014811E+003   2.20244349E+000   2.82772116E+003   2.82551872E+003  -3.60159256E+000  -1.77598036E+002  -1.73996443E+002   2.82553986E+003  -3.58044416E+000   2.82912031E+003   2.18129508E+000  -1.77576888E+002  -1.75395592E+002
     128       1     1.19999997E+001   7.14979477E+003   2.22408108E+000   2.82753728E+003   2.82531320E+003  -3.63554299E+000  -1.77698803E+002  -1.74063260E+002   2.82533231E+003  -3.61643220E+000   2.82894874E+003   2.20497029E+000  -1.77679692E+002  -1.75474721E+002
     129       1     1.19999997E+001   7.14943348E+003   2.24696583E+000   2.82734974E+003   2.82510277E+003  -3.67028372E+000  -1.77802131E+002  -1.74131847E+002   2.82512019E+003  -3.65286094E+000   2.82877305E+003   2.22954305E+000  -1.77784708E+002  -1.75555165E+002
     130       1     1.19999997E+001   7.14907142E+003   2.26657556E+000   2.82715953E+003   2.82489295E+003  -3.70419314E+000  -1.77904613E+002  -1.74200419E+002   2.82490863E+003  -3.68851338E+000   2.82859715E+003   2.25089579E+000  -1.77888933E+002  -1.75638037E+002
     131       1     1.19999997E+001   7.14870898E+003   2.28756032E+000   2.82697065E+003   2.82468309E+003  -3.73746655E+000  -1.78007025E+002  -1.74269559E+002   2.82469563E+003  -3.72492716E+000   2.82842056E+003   2.27502093E+000  -1.77994486E+002  -1.75719465E+002
     132       1     1.19999997E+001   7.14834824E+003   2.30862057E+000   2.82678254E+003   2.82447392E+003  -3.77075950E+000  -1.78109247E+002  -1.74338488E+002   2.82448413E+003  -3.76054730E+000   2.82824468E+003   2.29840837E+000  -1.78099035E+002  -1.75800627E+002
     133       1     1.19999997E+001   7.14798169E+003   2.33070757E+000   2.82659088E+003   2.82426017E+003  -3.80664101E+000  -1.78214326E+002  -1.74407685E+002   2.82427013E+003  -3.79668635E+000   2.82806681E+003   2.32075291E+000  -1.78204372E+002  -1.75883619E+002
     134       1     1.19999997E+001   7.14761652E+003   2.34960340E+000   2.82639889E+003   2.82404929E+003  -3.83982155E+000  -1.78316948E+002  -1.74477126E+002   2.82405640E+003  -3.83271340E+000   2.82788911E+003   2.34249524E+000  -1.78309839E+002  -1.75967344E+002
     135       1     1.19999997E+001   7.14725385E+003   2.37141470E+000   2.82620959E+003   2.82383818E+003  -3.87481645E+000  -1.78420534E+002  -1.74545718E+002   2.82384403E+003  -3.86895789E+000   2.82771299E+003   2.36555615E+000  -1.78414676E+002  -1.76049120E+002
     136       1     1.19999997E+001   7.14689352E+003   2.39278499E+000   2.82602157E+003   2.82362878E+003  -3.90910295E+000  -1.78523091E+002  -1.74613988E+002   2.82363273E+003  -3.90515274E+000   2.82753789E+003   2.38883478E+000  -1.78519141E+002  -1.76130306E+002
     137       1     1.19999997E+001   7.14651219E+003   2.41607923E+000   2.82582220E+003   2.82340612E+003  -3.94714147E+000  -1.78632694E+002  -1.74685552E+002   2.82340989E+003  -3.94337194E+000   2.82735326E+003   2.41230969E+000  -1.78628924E+002  -1.76216615E+002
     138       1     1.19999997E+001   7.14613768E+003   2.43779154E+000   2.82562586E+003   2.82318806E+003  -3.98340119E+000  -1.78739708E+002  -1.74756306E+002   2.82319140E+003  -3.98006934E+000   2.82717147E+003   2.43445969E+000  -1.78736376E+002  -1.76301916E+002
     139       1     1.19999997E+001   7.14576793E+003   2.46228255E+000   2.82543400E+003   2.82297172E+003  -4.02056019E+000  -1.78846417E+002  -1.74825857E+002   2.82297442E+003  -4.01786275E+000   2.82699228E+003   2.45958511E+000  -1.78843720E+002  -1.76384135E+002
     140       1     1.19999997E+001   7.14539642E+003   2.48412545E+000   2.82523986E+003   2.82275573E+003  -4.05615348E+000  -1.78952245E+002  -1.74896092E+002   2.82275674E+003  -4.05514819E+000   2.82681189E+003   2.48312016E+000  -1.78951240E+002  -1.76468120E+002
     141       1     1.19999997E+001   7.14501222E+003   2.50609157E+000   2.82503888E+003   2.82253278E+003  -4.09178428E+000  -1.79061275E+002  -1.74969490E+002   2.82253219E+003  -4.09238320E+000   2.82662457E+003   2.50669048E+000  -1.79061873E+002  -1.76555183E+002
     142       1     1.19999997E+001   7.14464601E+003   2.52812317E+000   2.82484819E+003   2.82232007E+003  -4.12664362E+000  -1.79165401E+002  -1.75038757E+002   2.82231675E+003  -4.12996485E+000   2.82644671E+003   2.53144440E+000  -1.79168722E+002  -1.76637278E+002
     143       1     1.19999997E+001   7.14427482E+003   2.54900606E+000   2.82465405E+003   2.82210504E+003  -4.16099944E+000  -1.79270358E+002  -1.75109359E+002   2.82209904E+003  -4.16699868E+000   2.82626604E+003   2.55500530E+000  -1.79276357E+002  -1.76721352E+002
     144       1     1.19999997E+001   7.14390485E+003   2.57123921E+000   2.82446134E+003   2.82189010E+003  -4.19628776E+000  -1.79375596E+002  -1.75179308E+002   2.82188145E+003  -4.20493227E+000   2.82608638E+003   2.57988372E+000  -1.79384240E+002  -1.76804357E+002
     145       1     1.19999997E+001   7.14352876E+003   2.59484617E+000   2.82426651E+003   2.82167167E+003  -4.23259958E+000  -1.79482494E+002  -1.75249895E+002   2.82165855E+003  -4.24571430E+000   2.82590427E+003   2.60796089E+000  -1.79495609E+002  -1.76887648E+002
     146       1     1.19999997E+001   7.14315516E+003   2.61829843E+000   2.82407250E+003   2.82145420E+003  -4.26855257E+000  -1.79589169E+002  -1.75320616E+002   2.82143870E+003  -4.28405512E+000   2.82572276E+003   2.63380097E+000  -1.79604671E+002  -1.76970870E+002
     147       1     1.19999997E+001   7.14278273E+003   2.64130398E+000   2.82387887E+003   2.82123757E+003  -4.30454417E+000  -1.79695360E+002  -1.75390816E+002   2.82121930E+003  -4.32280834E+000   2.82554211E+003   2.65956814E+000  -1.79713624E+002  -1.77054056E+002
     148       1     1.19999997E+001   7.14240480E+003   2.66652345E+000   2.82368303E+003   2.82101651E+003  -4.34266744E+000  -1.79804342E+002  -1.75461674E+002   2.82099686E+003  -4.36231880E+000   2.82535918E+003   2.68617482E+000  -1.79823993E+002  -1.77137818E+002
     149       1     1.19999997E+001   7.14202507E+003   2.69042968E+000   2.82348622E+003   2.82079579E+003  -4.37921804E+000  -1.79912443E+002  -1.75533225E+002   2.82077231E+003  -4.40269867E+000   2.82517501E+003   2.71391032E+000  -1.79935924E+002  -1.77222013E+002
     150       1     1.19999997E+001   7.14163970E+003   2.71696436E+000   2.82328745E+003   2.82057048E+003  -4.41907502E+000  -1.80023458E+002  -1.75604383E+002   2.82054331E+003  -4.44624984E+000   2.82498956E+003   2.74413917E+000  -1.80050632E+002  -1.77306493E+002
     151       1     1.19999997E+001   7.14117147E+003   2.74838160E+000   2.82304609E+003   2.82029771E+003  -4.46325950E+000  -1.80157365E+002  -1.75694105E+002   2.82026721E+003  -4.49376220E+000   2.82476097E+003   2.77888429E+000  -1.80187868E+002  -1.77408983E+002
     152       1     1.19999997E+001   7.14071110E+003   2.78402889E+000   2.82281068E+003   2.82002665E+003  -4.51376303E+000  -1.80291880E+002  -1.75778117E+002   2.81999244E+003  -4.54797791E+000   2.82454042E+003   2.81824377E+000  -1.80326094E+002  -1.77507851E+002
     153       1     1.19999997E+001   7.14022010E+003   2.80682650E+000   2.82255262E+003   2.81974579E+003  -4.55288653E+000  -1.80427122E+002  -1.75874235E+002   2.81970473E+003  -4.59394947E+000   2.82429868E+003   2.84788943E+000  -1.80468185E+002  -1.77620295E+002
     154       1     1.19999997E+001   7.13981079E+003   2.82990631E+000   2.82233844E+003   2.81950853E+003  -4.59027506E+000  -1.80542980E+002  -1.75952705E+002   2.81946535E+003  -4.63345604E+000   2.82409881E+003   2.87308728E+000  -1.80586161E+002  -1.77713074E+002
     155       1     1.19999997E+001   7.13936762E+003   2.85837914E+000   2.82210900E+003   2.81925062E+003  -4.63299595E+000  -1.80669444E+002  -1.76036448E+002   2.81920350E+003  -4.68011789E+000   2.82388362E+003   2.90550108E+000  -1.80716566E+002  -1.77811065E+002
     156       1     1.19999997E+001   7.13901129E+003   2.88369700E+000   2.82192508E+003   2.81904138E+003  -4.67051578E+000  -1.80772994E+002  -1.76102478E+002   2.81899294E+003  -4.71894919E+000   2.82371189E+003   2.93213041E+000  -1.80821427E+002  -1.77889297E+002
     157       1     1.19999997E+001   7.13865911E+003   2.90708853E+000   2.82174283E+003   2.81883574E+003  -4.70612009E+000  -1.80874163E+002  -1.76168043E+002   2.81878442E+003  -4.75744565E+000   2.82354186E+003   2.95841409E+000  -1.80925488E+002  -1.77967074E+002
     158       1     1.19999997E+001   7.13830352E+003   2.93021359E+000   2.82155881E+003   2.81862860E+003  -4.74056600E+000  -1.80975835E+002  -1.76235269E+002   2.81857444E+003  -4.79472129E+000   2.82336916E+003   2.98436888E+000  -1.81029991E+002  -1.78045622E+002
     159       1     1.19999997E+001   7.13794824E+003   2.95521155E+000   2.82137527E+003   2.81842006E+003  -4.77788896E+000  -1.81078980E+002  -1.76301091E+002   2.81836451E+003  -4.83343890E+000   2.82319795E+003   3.01076150E+000  -1.81134530E+002  -1.78123769E+002
     160       1     1.19999997E+001   7.13759750E+003   2.97847537E+000   2.82119353E+003   2.81821506E+003  -4.81333318E+000  -1.81179942E+002  -1.76366609E+002   2.81815748E+003  -4.87090794E+000   2.82302839E+003   3.03605013E+000  -1.81237517E+002  -1.78201466E+002
     161       1     1.19999997E+001   7.13722273E+003   3.00834017E+000   2.82100186E+003   2.81799352E+003  -4.85545541E+000  -1.81290310E+002  -1.76434855E+002   2.81793446E+003  -4.91450632E+000   2.82284897E+003   3.06739108E+000  -1.81349361E+002  -1.78281970E+002
     162       1     1.19999997E+001   7.13684758E+003   3.03077056E+000   2.82080609E+003   2.81777532E+003  -4.89089771E+000  -1.81397216E+002  -1.76506318E+002   2.81771469E+003  -4.95153509E+000   2.82266622E+003   3.09140794E+000  -1.81457853E+002  -1.78366445E+002
     163       1     1.19999997E+001   7.13649730E+003   3.05401528E+000   2.82062455E+003   2.81757054E+003  -4.92645702E+000  -1.81498091E+002  -1.76571634E+002   2.81750787E+003  -4.98912792E+000   2.82249699E+003   3.11668617E+000  -1.81560762E+002  -1.78444076E+002
     164       1     1.19999997E+001   7.13613354E+003   3.07675531E+000   2.82043523E+003   2.81735848E+003  -4.96325242E+000  -1.81602237E+002  -1.76638984E+002   2.81729277E+003  -5.02895636E+000   2.82232173E+003   3.14245926E+000  -1.81667941E+002  -1.78525481E+002
     165       1     1.19999997E+001   7.13573217E+003   3.09933010E+000   2.82022552E+003   2.81712619E+003  -4.99880174E+000  -1.81715459E+002  -1.76716658E+002   2.81705795E+003  -5.06703927E+000   2.82212499E+003   3.16756763E+000  -1.81783697E+002  -1.78616129E+002
     166       1     1.19999997E+001   7.13533677E+003   3.12854073E+000   2.82002190E+003   2.81689335E+003  -5.04205512E+000  -1.81830986E+002  -1.76788931E+002   2.81682334E+003  -5.11206996E+000   2.82193541E+003   3.19855557E+000  -1.81901001E+002  -1.78702445E+002
     167       1     1.19999997E+001   7.13497967E+003   3.14883077E+000   2.81983456E+003   2.81668573E+003  -5.07730909E+000  -1.81932668E+002  -1.76855359E+002   2.81661339E+003  -5.14964656E+000   2.82176304E+003   3.22116824E+000  -1.82005006E+002  -1.78783837E+002
     168       1     1.19999997E+001   7.13462956E+003   3.17395293E+000   2.81965390E+003   2.81647995E+003  -5.11412724E+000  -1.82034574E+002  -1.76920447E+002   2.81640670E+003  -5.18738201E+000   2.82159408E+003   3.24720770E+000  -1.82107829E+002  -1.78860621E+002
     169       1     1.19999997E+001   7.13427288E+003   3.19953054E+000   2.81947038E+003   2.81627085E+003  -5.15083263E+000  -1.82137852E+002  -1.76987020E+002   2.81619532E+003  -5.22636474E+000   2.82142168E+003   3.27506264E+000  -1.82213384E+002  -1.78938322E+002
     170       1     1.19999997E+001   7.13389738E+003   3.22552421E+000   2.81927593E+003   2.81605040E+003  -5.19051768E+000  -1.82246887E+002  -1.77056369E+002   2.81597358E+003  -5.26733774E+000   2.82124092E+003   3.30234427E+000  -1.82323707E+002  -1.79021363E+002
     171       1     1.19999997E+001   7.13354739E+003   3.24659025E+000   2.81909324E+003   2.81584665E+003  -5.22376662E+000  -1.82346803E+002  -1.77123037E+002   2.81576870E+003  -5.30171811E+000   2.82107042E+003   3.32454174E+000  -1.82424755E+002  -1.79100213E+002
     172       1     1.19999997E+001   7.13320796E+003   3.26889712E+000   2.81891725E+003   2.81564836E+003  -5.25843100E+000  -1.82444385E+002  -1.77185954E+002   2.81556771E+003  -5.33908132E+000   2.82090679E+003   3.34954744E+000  -1.82525036E+002  -1.79175488E+002
     173       1     1.19999997E+001   7.13286882E+003   3.29268021E+000   2.81874197E+003   2.81544929E+003  -5.29415919E+000  -1.82542821E+002  -1.77248662E+002   2.81536711E+003  -5.37634104E+000   2.82074345E+003   3.37486206E+000  -1.82625003E+002  -1.79250141E+002
     174       1     1.19999997E+001   7.13250050E+003   3.31345151E+000   2.81854957E+003   2.81523612E+003  -5.32920806E+000  -1.82646713E+002  -1.77317505E+002   2.81514902E+003  -5.41630493E+000   2.82056532E+003   3.40054838E+000  -1.82733810E+002  -1.79333262E+002
     175       1     1.19999997E+001   7.13214445E+003   3.33726649E+000   2.81836542E+003   2.81502815E+003  -5.36369618E+000  -1.82749031E+002  -1.77385335E+002   2.81493951E+003  -5.45233968E+000   2.82039185E+003   3.42591000E+000  -1.82837674E+002  -1.79411764E+002
     176       1     1.19999997E+001   7.13179316E+003   3.36286815E+000   2.81818465E+003   2.81482178E+003  -5.40110973E+000  -1.82851163E+002  -1.77450053E+002   2.81473082E+003  -5.49206829E+000   2.82022289E+003   3.45382671E+000  -1.82942122E+002  -1.79488295E+002
     177       1     1.19999997E+001   7.13143714E+003   3.38586955E+000   2.81799969E+003   2.81461382E+003  -5.43719463E+000  -1.82953475E+002  -1.77516280E+002   2.81452053E+003  -5.53049214E+000   2.82005102E+003   3.47916706E+000  -1.83046773E+002  -1.79567605E+002
     178       1     1.19999997E+001   7.13110306E+003   3.40863846E+000   2.81782664E+003   2.81441800E+003  -5.47208567E+000  -1.83050161E+002  -1.77578076E+002   2.81432300E+003  -5.56708994E+000   2.81989009E+003   3.50364274E+000  -1.83145165E+002  -1.79641523E+002
     179       1     1.19999997E+001   7.13076929E+003   3.43149327E+000   2.81765402E+003   2.81422253E+003  -5.50676769E+000  -1.83146594E+002  -1.77639826E+002   2.81412523E+003  -5.60406039E+000   2.81972929E+003   3.52878596E+000  -1.83243887E+002  -1.79715101E+002
     180       1     1.19999997E+001   7.13042693E+003   3.45764285E+000   2.81747772E+003   2.81402008E+003  -5.54466519E+000  -1.83247444E+002  -1.77702778E+002   2.81392313E+003  -5.64161720E+000   2.81956474E+003   3.55459486E+000  -1.83344396E+002  -1.79789801E+002
     181       1     1.19999997E+001   7.13008907E+003   3.47875562E+000   2.81730170E+003   2.81382294E+003  -5.57878985E+000  -1.83344322E+002  -1.77765532E+002   2.81372372E+003  -5.67800610E+000   2.81940173E+003   3.57797186E+000  -1.83443538E+002  -1.79865566E+002
     182       1     1.19999997E+001   7.12975834E+003   3.50168729E+000   2.81713059E+003   2.81362891E+003  -5.61379219E+000  -1.83440209E+002  -1.77826417E+002   2.81352781E+003  -5.71488993E+000   2.81924270E+003   3.60278503E+000  -1.83541307E+002  -1.79938522E+002
     183       1     1.19999997E+001   7.12942869E+003   3.52411045E+000   2.81695997E+003   2.81343586E+003  -5.64822789E+000  -1.83535422E+002  -1.77887195E+002   2.81333233E+003  -5.75176412E+000   2.81908409E+003   3.62764668E+000  -1.83638959E+002  -1.80011312E+002
     184       1     1.19999997E+001   7.12909958E+003   3.54663521E+000   2.81678962E+003   2.81324299E+003  -5.68274313E+000  -1.83630623E+002  -1.77947880E+002   2.81313731E+003  -5.78842373E+000   2.81892573E+003   3.65231581E+000  -1.83736304E+002  -1.80083988E+002
     185       1     1.19999997E+001   7.12876989E+003   3.56925571E+000   2.81661896E+003   2.81304970E+003  -5.71739596E+000  -1.83726066E+002  -1.78008670E+002   2.81294203E+003  -5.82506534E+000   2.81876710E+003   3.67692510E+000  -1.83833736E+002  -1.80156811E+002
     186       1     1.19999997E+001   7.12843563E+003   3.59174732E+000   2.81644572E+003   2.81285397E+003  -5.75201848E+000  -1.83822594E+002  -1.78070575E+002   2.81274428E+003  -5.86170550E+000   2.81860599E+003   3.70143435E+000  -1.83932281E+002  -1.80230846E+002
     187       1     1.19999997E+001   7.12809958E+003   3.61635910E+000   2.81627251E+003   2.81265615E+003  -5.78860786E+000  -1.83920675E+002  -1.78132067E+002   2.81254479E+003  -5.89996773E+000   2.81844476E+003   3.72771898E+000  -1.84032035E+002  -1.80304316E+002
     188       1     1.19999997E+001   7.12775526E+003   3.64045876E+000   2.81609423E+003   2.81245377E+003  -5.82588637E+000  -1.84020869E+002  -1.78194983E+002   2.81234081E+003  -5.93883945E+000   2.81827965E+003   3.75341183E+000  -1.84133822E+002  -1.80380410E+002
     189       1     1.19999997E+001   7.12741187E+003   3.65843730E+000   2.81591373E+003   2.81225529E+003  -5.85693827E+000  -1.84117432E+002  -1.78260494E+002   2.81213950E+003  -5.97273245E+000   2.81811223E+003   3.77423148E+000  -1.84233226E+002  -1.80458995E+002
     190       1     1.19999997E+001   7.12706782E+003   3.68287234E+000   2.81573621E+003   2.81205334E+003  -5.89310720E+000  -1.84217267E+002  -1.78324160E+002   2.81193554E+003  -6.01090140E+000   2.81794645E+003   3.80066654E+000  -1.84335061E+002  -1.80534395E+002
     191       1     1.19999997E+001   7.12673286E+003   3.70400221E+000   2.81556176E+003   2.81185776E+003  -5.92753307E+000  -1.84313427E+002  -1.78385894E+002   2.81173732E+003  -6.04797748E+000   2.81778529E+003   3.82444663E+000  -1.84433872E+002  -1.80609425E+002
     192       1     1.19999997E+001   7.12640583E+003   3.72884493E+000   2.81539366E+003   2.81166482E+003  -5.96343510E+000  -1.84409299E+002  -1.78445863E+002   2.81154321E+003  -6.08503955E+000   2.81762825E+003   3.85044938E+000  -1.84530903E+002  -1.80680454E+002
     193       1     1.19999997E+001   7.12607109E+003   3.75426356E+000   2.81522130E+003   2.81146704E+003  -6.00101071E+000  -1.84507719E+002  -1.78506709E+002   2.81134459E+003  -6.12346290E+000   2.81746805E+003   3.87671576E+000  -1.84630171E+002  -1.80753456E+002
     194       1     1.19999997E+001   7.12571611E+003   3.77838544E+000   2.81503771E+003   2.81125933E+003  -6.03712465E+000  -1.84610065E+002  -1.78572940E+002   2.81113444E+003  -6.16200861E+000   2.81729645E+003   3.90326940E+000  -1.84734949E+002  -1.80831680E+002
     195       1     1.19999997E+001   7.12538405E+003   3.79968316E+000   2.81486553E+003   2.81106585E+003  -6.06845295E+000  -1.84704982E+002  -1.78636529E+002   2.81093913E+003  -6.19517419E+000   2.81713430E+003   3.92640439E+000  -1.84831703E+002  -1.80905299E+002
     196       1     1.19999997E+001   7.12505170E+003   3.82268633E+000   2.81469337E+003   2.81087068E+003  -6.10274081E+000  -1.84801498E+002  -1.78698757E+002   2.81074355E+003  -6.22986999E+000   2.81697342E+003   3.94981550E+000  -1.84928627E+002  -1.80978812E+002
     197       1     1.19999997E+001   7.12471924E+003   3.85073277E+000   2.81452353E+003   2.81067279E+003  -6.14170246E+000  -1.84900692E+002  -1.78758990E+002   2.81054613E+003  -6.26836934E+000   2.81681450E+003   3.97739965E+000  -1.85027359E+002  -1.81049960E+002
     198       1     1.19999997E+001   7.12438691E+003   3.87627068E+000   2.81435275E+003   2.81047648E+003  -6.17871398E+000  -1.84998356E+002  -1.78819642E+002   2.81034874E+003  -6.30645205E+000   2.81665519E+003   4.00400875E+000  -1.85126094E+002  -1.81122085E+002
     199       1     1.19999997E+001   7.12406415E+003   3.89934936E+000   2.81418623E+003   2.81028688E+003  -6.21388660E+000  -1.85092137E+002  -1.78878250E+002   2.81015630E+003  -6.34446623E+000   2.81650077E+003   4.02992899E+000  -1.85222716E+002  -1.81192787E+002
     200       1     1.19999997E+001   7.12373910E+003   3.92429708E+000   2.81401899E+003   2.81009469E+003  -6.24985245E+000  -1.85187833E+002  -1.78937981E+002   2.80996400E+003  -6.38053771E+000   2.81634454E+003   4.05498234E+000  -1.85318518E+002  -1.81263536E+002
     201       1     1.19999997E+001   7.12341479E+003   3.94542538E+000   2.81385054E+003   2.80990511E+003  -6.28227236E+000  -1.85281134E+002  -1.78998862E+002   2.80977284E+003  -6.41454329E+000   2.81618739E+003   4.07769631E+000  -1.85413405E+002  -1.81335709E+002
     202       1     1.19999997E+001   7.12309118E+003   3.96734554E+000   2.81368285E+003   2.80971551E+003  -6.31527495E+000  -1.85374675E+002  -1.79059400E+002   2.80958192E+003  -6.44885969E+000   2.81603078E+003   4.10093028E+000  -1.85508260E+002  -1.81407329E+002
     203       1     1.19999997E+001   7.12275837E+003   3.99157334E+000   2.81351087E+003   2.80951929E+003  -6.35108268E+000  -1.85472085E+002  -1.79121002E+002   2.80938564E+003  -6.48474134E+000   2.81587038E+003   4.12523201E+000  -1.85605743E+002  -1.81480511E+002
     204       1     1.19999997E+001   7.12243859E+003   4.01365132E+000   2.81334538E+003   2.80933173E+003  -6.38430567E+000  -1.85564711E+002  -1.79180405E+002   2.80919650E+003  -6.51953897E+000   2.81571604E+003   4.14888462E+000  -1.85699944E+002  -1.81551060E+002
     205       1     1.19999997E+001   7.12210900E+003   4.03423193E+000   2.81317404E+003   2.80913981E+003  -6.41578118E+000  -1.85658784E+002  -1.79243002E+002   2.80900232E+003  -6.55327148E+000   2.81555559E+003   4.17172223E+000  -1.85796274E+002  -1.81624552E+002
     206       1     1.19999997E+001   7.12178642E+003   4.05544556E+000   2.81300638E+003   2.80895093E+003  -6.44856609E+000  -1.85751895E+002  -1.79303329E+002   2.80881234E+003  -6.58716069E+000   2.81539950E+003   4.19404016E+000  -1.85890490E+002  -1.81696450E+002
     207       1     1.19999997E+001   7.12145575E+003   4.08117871E+000   2.81283677E+003   2.80875559E+003  -6.48534009E+000  -1.85849060E+002  -1.79363720E+002   2.80861555E+003  -6.62537676E+000   2.81524093E+003   4.22121537E+000  -1.85989097E+002  -1.81767882E+002
     208       1     1.19999997E+001   7.12113207E+003   4.10720238E+000   2.81267097E+003   2.80856376E+003  -6.52164872E+000  -1.85944788E+002  -1.79423140E+002   2.80842365E+003  -6.66176630E+000   2.81508541E+003   4.24731995E+000  -1.86084906E+002  -1.81837586E+002
     209       1     1.19999997E+001   7.12079954E+003   4.13031381E+000   2.81249921E+003   2.80836890E+003  -6.55478662E+000  -1.86040926E+002  -1.79486139E+002   2.80822765E+003  -6.69603216E+000   2.81492369E+003   4.27155936E+000  -1.86182171E+002  -1.81910612E+002
     210       1     1.19999997E+001   7.12047464E+003   4.15421128E+000   2.81233181E+003   2.80817760E+003  -6.58985693E+000  -1.86135759E+002  -1.79545902E+002   2.80803483E+003  -6.73262318E+000   2.81476745E+003   4.29697753E+000  -1.86278525E+002  -1.81981548E+002
     211       1     1.19999997E+001   7.12015555E+003   4.17589514E+000   2.81216660E+003   2.80799071E+003  -6.62202289E+000  -1.86227911E+002  -1.79605888E+002   2.80784657E+003  -6.76615832E+000   2.81461273E+003   4.32003058E+000  -1.86372046E+002  -1.82052015E+002
     212       1     1.19999997E+001   7.11983775E+003   4.19743702E+000   2.81200193E+003   2.80780450E+003  -6.65479796E+000  -1.86319761E+002  -1.79664963E+002   2.80765859E+003  -6.80070644E+000   2.81445929E+003   4.34334550E+000  -1.86465669E+002  -1.82122324E+002
     213       1     1.19999997E+001   7.11951669E+003   4.21922070E+000   2.81183563E+003   2.80761641E+003  -6.68798342E+000  -1.86412515E+002  -1.79724531E+002   2.80746846E+003  -6.83593839E+000   2.81430439E+003   4.36717567E+000  -1.86560470E+002  -1.82193294E+002
     214       1     1.19999997E+001   7.11919607E+003   4.24029644E+000   2.81166933E+003   2.80742904E+003  -6.71928919E+000  -1.86504691E+002  -1.79785402E+002   2.80727974E+003  -6.86858095E+000   2.81414832E+003   4.38958820E+000  -1.86653983E+002  -1.82264394E+002
     215       1     1.19999997E+001   7.11887016E+003   4.26839795E+000   2.81150355E+003   2.80723515E+003  -6.75665834E+000  -1.86601797E+002  -1.79845138E+002   2.80708589E+003  -6.90591476E+000   2.81399181E+003   4.41765438E+000  -1.86751053E+002  -1.82333399E+002
     216       1     1.19999997E+001   7.11854592E+003   4.28768858E+000   2.81133411E+003   2.80704642E+003  -6.78767716E+000  -1.86694251E+002  -1.79906574E+002   2.80689543E+003  -6.93866929E+000   2.81383410E+003   4.43868071E+000  -1.86845244E+002  -1.82406563E+002
     217       1     1.19999997E+001   7.11822506E+003   4.30948721E+000   2.81116779E+003   2.80685831E+003  -6.82099112E+000  -1.86787086E+002  -1.79966095E+002   2.80670562E+003  -6.97367892E+000   2.81367930E+003   4.46217502E+000  -1.86939774E+002  -1.82477599E+002
     218       1     1.19999997E+001   7.11790718E+003   4.33039390E+000   2.81100266E+003   2.80667226E+003  -6.85344343E+000  -1.86878738E+002  -1.80025294E+002   2.80651786E+003  -7.00784965E+000   2.81352571E+003   4.48480012E+000  -1.87033144E+002  -1.82548344E+002
     219       1     1.19999997E+001   7.11758100E+003   4.35190290E+000   2.81083295E+003   2.80648105E+003  -6.88730462E+000  -1.86973094E+002  -1.80085789E+002   2.80632549E+003  -7.04285848E+000   2.81336835E+003   4.50745676E+000  -1.87128648E+002  -1.82621191E+002
     220       1     1.19999997E+001   7.11724998E+003   4.37309462E+000   2.81066104E+003   2.80628795E+003  -6.91907728E+000  -1.87067898E+002  -1.80148820E+002   2.80613065E+003  -7.07637079E+000   2.81320702E+003   4.53038812E+000  -1.87225191E+002  -1.82694803E+002
     221       1     1.19999997E+001   7.11692920E+003   4.39458505E+000   2.81049522E+003   2.80610063E+003  -6.95128869E+000  -1.87159952E+002  -1.80208663E+002   2.80594000E+003  -7.11192307E+000   2.81305192E+003   4.55521943E+000  -1.87320586E+002  -1.82765367E+002
     222       1     1.19999997E+001   7.11660709E+003   4.41538715E+000   2.81032761E+003   2.80591222E+003  -6.98420751E+000  -1.87252706E+002  -1.80268498E+002   2.80574970E+003  -7.14672694E+000   2.81289643E+003   4.57790659E+000  -1.87415225E+002  -1.82837319E+002
     223       1     1.19999997E+001   7.11628909E+003   4.43585289E+000   2.81016219E+003   2.80572634E+003  -7.01641894E+000  -1.87344151E+002  -1.80327732E+002   2.80556182E+003  -7.18094410E+000   2.81274276E+003   4.60037805E+000  -1.87508676E+002  -1.82908298E+002
     224       1     1.19999997E+001   7.11597121E+003   4.45599943E+000   2.80999668E+003   2.80554068E+003  -7.04842926E+000  -1.87435410E+002  -1.80386980E+002   2.80537402E+003  -7.21508537E+000   2.81258911E+003   4.62265554E+000  -1.87602066E+002  -1.82979410E+002
     225       1     1.19999997E+001   7.11564779E+003   4.47885299E+000   2.80982955E+003   2.80535070E+003  -7.08165741E+000  -1.87529344E+002  -1.80447686E+002   2.80518321E+003  -7.24914604E+000   2.81243235E+003   4.64634162E+000  -1.87696832E+002  -1.83050491E+002
     226       1     1.19999997E+001   7.11532584E+003   4.50056889E+000   2.80966252E+003   2.80516196E+003  -7.11520543E+000  -1.87622467E+002  -1.80507262E+002   2.80499265E+003  -7.28451411E+000   2.81227716E+003   4.66987757E+000  -1.87791776E+002  -1.83121898E+002
     227       1     1.19999997E+001   7.11499649E+003   4.52291698E+000   2.80949235E+003   2.80496943E+003  -7.14652574E+000  -1.87717181E+002  -1.80570655E+002   2.80479894E+003  -7.31701633E+000   2.81211596E+003   4.69340757E+000  -1.87887672E+002  -1.83194264E+002
     228       1     1.19999997E+001   7.11465929E+003   4.54346068E+000   2.80931590E+003   2.80477243E+003  -7.18071933E+000  -1.87814030E+002  -1.80633311E+002   2.80460044E+003  -7.35271608E+000   2.81195315E+003   4.71545743E+000  -1.87986027E+002  -1.83270570E+002
     229       1     1.19999997E+001   7.11432870E+003   4.55887399E+000   2.80914091E+003   2.80458204E+003  -7.20988749E+000  -1.87906245E+002  -1.80696358E+002   2.80440670E+003  -7.38522402E+000   2.81179192E+003   4.73421052E+000  -1.88081582E+002  -1.83347371E+002
     230       1     1.19999997E+001   7.11400765E+003   4.57874702E+000   2.80897316E+003   2.80439442E+003  -7.24199985E+000  -1.87998512E+002  -1.80756512E+002   2.80421799E+003  -7.41842690E+000   2.81163642E+003   4.75517407E+000  -1.88174939E+002  -1.83419765E+002
     231       1     1.19999997E+001   7.11368204E+003   4.59509978E+000   2.80880177E+003   2.80420667E+003  -7.27102871E+000  -1.88089550E+002  -1.80818521E+002   2.80402632E+003  -7.45137749E+000   2.81147770E+003   4.77544856E+000  -1.88269898E+002  -1.83494450E+002
     232       1     1.19999997E+001   7.11335741E+003   4.61972033E+000   2.80863452E+003   2.80401480E+003  -7.30644463E+000  -1.88184994E+002  -1.80878550E+002   2.80383446E+003  -7.48679094E+000   2.81132125E+003   4.80006664E+000  -1.88365341E+002  -1.83565274E+002
     233       1     1.19999997E+001   7.11303033E+003   4.63725142E+000   2.80846282E+003   2.80382557E+003  -7.33725518E+000  -1.88277079E+002  -1.80939824E+002   2.80364106E+003  -7.52176359E+000   2.81116283E+003   4.82175982E+000  -1.88461588E+002  -1.83639828E+002
     234       1     1.19999997E+001   7.11270984E+003   4.65589206E+000   2.80829517E+003   2.80363928E+003  -7.36800332E+000  -1.88368176E+002  -1.81000173E+002   2.80345214E+003  -7.55514538E+000   2.81100729E+003   4.84303412E+000  -1.88555318E+002  -1.83712284E+002
     235       1     1.19999997E+001   7.11238644E+003   4.67510002E+000   2.80812650E+003   2.80345140E+003  -7.39930873E+000  -1.88460003E+002  -1.81060694E+002   2.80326052E+003  -7.59018503E+000   2.81085071E+003   4.86597631E+000  -1.88650879E+002  -1.83784903E+002
     236       1     1.19999997E+001   7.11206015E+003   4.69512975E+000   2.80795613E+003   2.80326100E+003  -7.43174206E+000  -1.88553481E+002  -1.81121739E+002   2.80306817E+003  -7.62456648E+000   2.81069274E+003   4.88795417E+000  -1.88746306E+002  -1.83858351E+002
     237       1     1.19999997E+001   7.11173516E+003   4.71383885E+000   2.80778608E+003   2.80307224E+003  -7.46262751E+000  -1.88645704E+002  -1.81183077E+002   2.80287659E+003  -7.65827206E+000   2.81053487E+003   4.90948339E+000  -1.88841349E+002  -1.83931865E+002
     238       1     1.19999997E+001   7.11140807E+003   4.73240062E+000   2.80761489E+003   2.80288249E+003  -7.49258270E+000  -1.88738295E+002  -1.81245712E+002   2.80268450E+003  -7.69057403E+000   2.81037507E+003   4.93039195E+000  -1.88936286E+002  -1.84005894E+002
     239       1     1.19999997E+001   7.11108188E+003   4.75248079E+000   2.80744482E+003   2.80269234E+003  -7.52491868E+000  -1.88831550E+002  -1.81306631E+002   2.80249163E+003  -7.72562327E+000   2.81021726E+003   4.95318538E+000  -1.89032254E+002  -1.84079069E+002
     240       1     1.19999997E+001   7.11075871E+003   4.77180505E+000   2.80727593E+003   2.80250412E+003  -7.55644419E+000  -1.88923768E+002  -1.81367324E+002   2.80230111E+003  -7.75945161E+000   2.81006057E+003   4.97481247E+000  -1.89126775E+002  -1.84151963E+002
     241       1     1.19999997E+001   7.11043470E+003   4.79158834E+000   2.80710676E+003   2.80231517E+003  -7.58841471E+000  -1.89016471E+002  -1.81428057E+002   2.80211006E+003  -7.79352634E+000   2.80990358E+003   4.99669996E+000  -1.89221583E+002  -1.84224883E+002
     242       1     1.19999997E+001   7.11007455E+003   4.80986597E+000   2.80691679E+003   2.80210693E+003  -7.62134863E+000  -1.89117727E+002  -1.81496379E+002   2.80189864E+003  -7.82963091E+000   2.80972827E+003   5.01814825E+000  -1.89326010E+002  -1.84307861E+002
     243       1     1.19999997E+001   7.10975115E+003   4.82941639E+000   2.80674787E+003   2.80191845E+003  -7.65280249E+000  -1.89210131E+002  -1.81557328E+002   2.80170821E+003  -7.86303952E+000   2.80957125E+003   5.03965342E+000  -1.89420368E+002  -1.84380714E+002
     244       1     1.19999997E+001   7.10941982E+003   4.84796634E+000   2.80657460E+003   2.80172664E+003  -7.68290389E+000  -1.89303518E+002  -1.81620614E+002   2.80151286E+003  -7.89667977E+000   2.80940954E+003   5.06174222E+000  -1.89517293E+002  -1.84455551E+002
     245       1     1.19999997E+001   7.10907403E+003   4.86587551E+000   2.80639239E+003   2.80152652E+003  -7.71380530E+000  -1.89400912E+002  -1.81687106E+002   2.80131073E+003  -7.92958711E+000   2.80924032E+003   5.08165731E+000  -1.89616693E+002  -1.84535036E+002
     246       1     1.19999997E+001   7.10874249E+003   4.89051236E+000   2.80622152E+003   2.80133101E+003  -7.74938065E+000  -1.89497926E+002  -1.81748545E+002   2.80111441E+003  -7.96597745E+000   2.80908039E+003   5.10710916E+000  -1.89714522E+002  -1.84607413E+002
     247       1     1.19999997E+001   7.10841403E+003   4.91235946E+000   2.80605092E+003   2.80113856E+003  -7.78386716E+000  -1.89592780E+002  -1.81808913E+002   2.80091943E+003  -8.00300154E+000   2.80892243E+003   5.13149385E+000  -1.89811914E+002  -1.84680420E+002
     248       1     1.19999997E+001   7.10808742E+003   4.93241091E+000   2.80587965E+003   2.80094724E+003  -7.81760658E+000  -1.89687063E+002  -1.81869456E+002   2.80072766E+003  -8.03719192E+000   2.80876485E+003   5.15199625E+000  -1.89906648E+002  -1.84754652E+002
     249       1     1.19999997E+001   7.10776580E+003   4.95268832E+000   2.80571235E+003   2.80075966E+003  -7.85180857E+000  -1.89779088E+002  -1.81927279E+002   2.80053485E+003  -8.07662363E+000   2.80861147E+003   5.17750339E+000  -1.90003903E+002  -1.84826399E+002
     250       1     1.19999997E+001   7.10744807E+003   4.97097710E+000   2.80554580E+003   2.80057482E+003  -7.88293091E+000  -1.89869527E+002  -1.81986596E+002   2.80034735E+003  -8.11039875E+000   2.80845775E+003   5.19844495E+000  -1.90096995E+002  -1.84898550E+002
     251       1     1.19999997E+001   7.10712450E+003   4.99066847E+000   2.80537594E+003   2.80038527E+003  -7.91609373E+000  -1.89962941E+002  -1.82046847E+002   2.80015783E+003  -8.14353775E+000   2.80830136E+003   5.21811249E+000  -1.90190385E+002  -1.84972273E+002
     252       1     1.19999997E+001   7.10680480E+003   5.00815091E+000   2.80520794E+003   2.80019979E+003  -7.94693342E+000  -1.90053428E+002  -1.82106495E+002   2.79996902E+003  -8.17770896E+000   2.80814673E+003   5.23892645E+000  -1.90284204E+002  -1.85045278E+002
     253       1     1.19999997E+001   7.10648583E+003   5.02396492E+000   2.80503907E+003   2.80001511E+003  -7.97762813E+000  -1.90143341E+002  -1.82165713E+002   2.79978125E+003  -8.21149000E+000   2.80799274E+003   5.25782680E+000  -1.90377203E+002  -1.85119376E+002
     254       1     1.19999997E+001   7.10616346E+003   5.04231403E+000   2.80487041E+003   2.79982810E+003  -8.00888351E+000  -1.90234566E+002  -1.82225682E+002   2.79958991E+003  -8.24706951E+000   2.80783698E+003   5.28050003E+000  -1.90472752E+002  -1.85192252E+002
     255       1     1.19999997E+001   7.10583724E+003   5.05805821E+000   2.80469833E+003   2.79964027E+003  -8.03778343E+000  -1.90325464E+002  -1.82287681E+002   2.79939761E+003  -8.28044848E+000   2.80767805E+003   5.30072326E+000  -1.90568129E+002  -1.85267406E+002
     256       1     1.19999997E+001   7.10552048E+003   5.07237961E+000   2.80453024E+003   2.79945786E+003  -8.06653731E+000  -1.90413760E+002  -1.82347222E+002   2.79921125E+003  -8.31314651E+000   2.80752439E+003   5.31898882E+000  -1.90660369E+002  -1.85341380E+002
     257       1     1.19999997E+001   7.10519678E+003   5.08934768E+000   2.80435955E+003   2.79927020E+003  -8.09799989E+000  -1.90505233E+002  -1.82407233E+002   2.79902010E+003  -8.34809553E+000   2.80736820E+003   5.33944333E+000  -1.90755329E+002  -1.85415885E+002
     258       1     1.19999997E+001   7.10487400E+003   5.10585827E+000   2.80418910E+003   2.79908324E+003  -8.12885265E+000  -1.90596279E+002  -1.82467426E+002   2.79882991E+003  -8.38217687E+000   2.80721209E+003   5.35918249E+000  -1.90849603E+002  -1.85490420E+002
     259       1     1.19999997E+001   7.10454810E+003   5.12343799E+000   2.80401739E+003   2.79889395E+003  -8.16070845E+000  -1.90688725E+002  -1.82528017E+002   2.79863784E+003  -8.41681632E+000   2.80705466E+003   5.37954586E+000  -1.90944833E+002  -1.85565287E+002
     260       1     1.19999997E+001   7.10421998E+003   5.13994709E+000   2.80384381E+003   2.79870387E+003  -8.19232636E+000  -1.90781306E+002  -1.82588979E+002   2.79844461E+003  -8.45158736E+000   2.80689619E+003   5.39920809E+000  -1.91040567E+002  -1.85641359E+002
     261       1     1.19999997E+001   7.10390449E+003   5.15704487E+000   2.80367783E+003   2.79852079E+003  -8.22342847E+000  -1.90870629E+002  -1.82647201E+002   2.79825779E+003  -8.48643169E+000   2.80674422E+003   5.42004809E+000  -1.91133632E+002  -1.85713584E+002
     262       1     1.19999997E+001   7.10358444E+003   5.17384425E+000   2.80350956E+003   2.79833571E+003  -8.25344771E+000  -1.90960599E+002  -1.82707151E+002   2.79806842E+003  -8.52073857E+000   2.80658916E+003   5.44113511E+000  -1.91227890E+002  -1.85786755E+002
     263       1     1.19999997E+001   7.10326641E+003   5.19064467E+000   2.80334197E+003   2.79815132E+003  -8.28412062E+000  -1.91050476E+002  -1.82766355E+002   2.79788071E+003  -8.55473838E+000   2.80643544E+003   5.46126243E+000  -1.91321094E+002  -1.85859831E+002
     264       1     1.19999997E+001   7.10294428E+003   5.20852072E+000   2.80317248E+003   2.79796396E+003  -8.31659377E+000  -1.91142112E+002  -1.82825519E+002   2.79769010E+003  -8.59044689E+000   2.80628055E+003   5.48237384E+000  -1.91415966E+002  -1.85933592E+002
     265       1     1.19999997E+001   7.10262698E+003   5.22373003E+000   2.80300449E+003   2.79778076E+003  -8.34603514E+000  -1.91231012E+002  -1.82884977E+002   2.79750322E+003  -8.62357894E+000   2.80612680E+003   5.50127384E+000  -1.91508556E+002  -1.86007282E+002
     266       1     1.19999997E+001   7.10230697E+003   5.23864505E+000   2.80283447E+003   2.79759583E+003  -8.37579594E+000  -1.91320845E+002  -1.82945049E+002   2.79731560E+003  -8.65602311E+000   2.80597162E+003   5.51887221E+000  -1.91601072E+002  -1.86082200E+002
     267       1     1.19999997E+001   7.10198661E+003   5.25456905E+000   2.80266510E+003   2.79741053E+003  -8.40575126E+000  -1.91410934E+002  -1.83005182E+002   2.79712710E+003  -8.68918032E+000   2.80581628E+003   5.53799811E+000  -1.91694363E+002  -1.86156365E+002
     268       1     1.19999997E+001   7.10166957E+003   5.27058696E+000   2.80249789E+003   2.79722730E+003  -8.43508859E+000  -1.91499940E+002  -1.83064851E+002   2.79694014E+003  -8.72224658E+000   2.80566239E+003   5.55774495E+000  -1.91787098E+002  -1.86229353E+002
     269       1     1.19999997E+001   7.10134767E+003   5.28677853E+000   2.80232776E+003   2.79704098E+003  -8.46524041E+000  -1.91590593E+002  -1.83125353E+002   2.79675086E+003  -8.75535572E+000   2.80550622E+003   5.57689384E+000  -1.91880709E+002  -1.86303815E+002
     270       1     1.19999997E+001   7.10102397E+003   5.30130871E+000   2.80215551E+003   2.79685420E+003  -8.49377703E+000  -1.91681168E+002  -1.83187391E+002   2.79656232E+003  -8.78566001E+000   2.80534798E+003   5.59319169E+000  -1.91973051E+002  -1.86379860E+002
     271       1     1.19999997E+001   7.10069414E+003   5.31754906E+000   2.80198187E+003   2.79666432E+003  -8.52305433E+000  -1.91773018E+002  -1.83249964E+002   2.79636722E+003  -8.82015543E+000   2.80518738E+003   5.61465015E+000  -1.92070119E+002  -1.86455469E+002
     272       1     1.19999997E+001   7.10036503E+003   5.33423297E+000   2.80180843E+003   2.79647420E+003  -8.55403060E+000  -1.91865329E+002  -1.83311298E+002   2.79617228E+003  -8.85594168E+000   2.80502823E+003   5.63614405E+000  -1.92167240E+002  -1.86531096E+002
     273       1     1.19999997E+001   7.10003967E+003   5.35017924E+000   2.80163639E+003   2.79628621E+003  -8.58375879E+000  -1.91956609E+002  -1.83372850E+002   2.79598108E+003  -8.88889408E+000   2.80486997E+003   5.65531453E+000  -1.92261745E+002  -1.86606430E+002
     274       1     1.19999997E+001   7.09971200E+003   5.36653417E+000   2.80146299E+003   2.79609645E+003  -8.61467574E+000  -1.92048977E+002  -1.83434302E+002   2.79578854E+003  -8.92258985E+000   2.80471113E+003   5.67444829E+000  -1.92356891E+002  -1.86682443E+002
     275       1     1.19999997E+001   7.09938416E+003   5.38179611E+000   2.80128901E+003   2.79590722E+003  -8.64488215E+000  -1.92140769E+002  -1.83495887E+002   2.79559586E+003  -8.95623745E+000   2.80455210E+003   5.69315141E+000  -1.92452125E+002  -1.86758973E+002
     276       1     1.19999997E+001   7.09905417E+003   5.39716849E+000   2.80111407E+003   2.79571690E+003  -8.67509823E+000  -1.92233006E+002  -1.83557907E+002   2.79540162E+003  -8.99038017E+000   2.80439200E+003   5.71245043E+000  -1.92548288E+002  -1.86835837E+002
     277       1     1.19999997E+001   7.09872404E+003   5.41228333E+000   2.80093882E+003   2.79552654E+003  -8.70515592E+000  -1.92325235E+002  -1.83620079E+002   2.79520757E+003  -9.02412497E+000   2.80423170E+003   5.73125237E+000  -1.92644204E+002  -1.86912952E+002
     278       1     1.19999997E+001   7.09839242E+003   5.42732020E+000   2.80076270E+003   2.79533538E+003  -8.73532962E+000  -1.92417824E+002  -1.83682495E+002   2.79501265E+003  -9.05805864E+000   2.80407071E+003   5.75004922E+000  -1.92740553E+002  -1.86990504E+002
     279       1     1.19999997E+001   7.09805544E+003   5.44188417E+000   2.80058339E+003   2.79514151E+003  -8.76565889E+000  -1.92511530E+002  -1.83745871E+002   2.79481447E+003  -9.09269477E+000   2.80390717E+003   5.76892006E+000  -1.92838565E+002  -1.87069645E+002
     280       1     1.19999997E+001   7.09771352E+003   5.45767453E+000   2.80040141E+003   2.79494373E+003  -8.79764803E+000  -1.92607667E+002  -1.83810019E+002   2.79461432E+003  -9.12705817E+000   2.80374138E+003   5.78708467E+000  -1.92937077E+002  -1.87149992E+002
     281       1     1.19999997E+001   7.09737045E+003   5.47081366E+000   2.80021793E+003   2.79474712E+003  -8.82758647E+000  -1.92702301E+002  -1.83874714E+002   2.79441289E+003  -9.16181719E+000   2.80357470E+003   5.80504438E+000  -1.93036532E+002  -1.87231487E+002
     282       1     1.19999997E+001   7.09702396E+003   5.48807217E+000   2.80003501E+003   2.79454694E+003  -8.86009815E+000  -1.92799479E+002  -1.83939381E+002   2.79420797E+003  -9.19907027E+000   2.80340704E+003   5.82704428E+000  -1.93138451E+002  -1.87311407E+002
     283       1     1.19999997E+001   7.09668427E+003   5.50330966E+000   2.79985462E+003   2.79435131E+003  -8.89063444E+000  -1.92894134E+002  -1.84003499E+002   2.79400823E+003  -9.23370593E+000   2.80324194E+003   5.84638115E+000  -1.93237205E+002  -1.87390824E+002
     284       1     1.19999997E+001   7.09634240E+003   5.51812516E+000   2.79967295E+003   2.79415483E+003  -8.92081862E+000  -1.92988982E+002  -1.84068164E+002   2.79380704E+003  -9.26860820E+000   2.80307565E+003   5.86591475E+000  -1.93336772E+002  -1.87470857E+002
     285       1     1.19999997E+001   7.09598859E+003   5.53307580E+000   2.79948507E+003   2.79395200E+003  -8.95215294E+000  -1.93086630E+002  -1.84134477E+002   2.79359754E+003  -9.30660818E+000   2.80290415E+003   5.88753104E+000  -1.93441085E+002  -1.87553554E+002
     286       1     1.19999997E+001   7.09562457E+003   5.55085397E+000   2.79929275E+003   2.79374189E+003  -8.98399789E+000  -1.93188517E+002  -1.84204519E+002   2.79338428E+003  -9.34161619E+000   2.80272589E+003   5.90847227E+000  -1.93546135E+002  -1.87637663E+002
     287       1     1.19999997E+001   7.09527280E+003   5.56636293E+000   2.79910597E+003   2.79353961E+003  -9.01540693E+000  -1.93286226E+002  -1.84270820E+002   2.79317696E+003  -9.37805756E+000   2.80255501E+003   5.92901356E+000  -1.93648877E+002  -1.87719864E+002
     288       1     1.19999997E+001   7.09491991E+003   5.58000276E+000   2.79891799E+003   2.79333799E+003  -9.04376697E+000  -1.93382935E+002  -1.84339168E+002   2.79297011E+003  -9.41164137E+000   2.80238176E+003   5.94787715E+000  -1.93750809E+002  -1.87802932E+002
     289       1     1.19999997E+001   7.09455786E+003   5.59522951E+000   2.79872571E+003   2.79313048E+003  -9.07571305E+000  -1.93482802E+002  -1.84407089E+002   2.79275573E+003  -9.45046320E+000   2.80220619E+003   5.96997966E+000  -1.93857553E+002  -1.87887573E+002
     290       1     1.19999997E+001   7.09420634E+003   5.60991120E+000   2.79853846E+003   2.79292855E+003  -9.10656522E+000  -1.93580229E+002  -1.84473664E+002   2.79254926E+003  -9.48585592E+000   2.80203511E+003   5.98920190E+000  -1.93959519E+002  -1.87970318E+002
     291       1     1.19999997E+001   7.09385327E+003   5.62501958E+000   2.79835039E+003   2.79272537E+003  -9.13807781E+000  -1.93678433E+002  -1.84540355E+002   2.79234200E+003  -9.52144599E+000   2.80186345E+003   6.00838775E+000  -1.94061801E+002  -1.88053413E+002
     292       1     1.19999997E+001   7.09350257E+003   5.64027058E+000   2.79816414E+003   2.79252387E+003  -9.16895569E+000  -1.93775666E+002  -1.84606711E+002   2.79213539E+003  -9.55743807E+000   2.80169282E+003   6.02875296E+000  -1.94164149E+002  -1.88135396E+002
     293       1     1.19999997E+001   7.09314409E+003   5.65617658E+000   2.79797353E+003   2.79231735E+003  -9.20123153E+000  -1.93875597E+002  -1.84674365E+002   2.79192476E+003  -9.59382514E+000   2.80151858E+003   6.04877019E+000  -1.94268190E+002  -1.88219420E+002
     294       1     1.19999997E+001   7.09277944E+003   5.67082812E+000   2.79777985E+003   2.79210902E+003  -9.23161950E+000  -1.93975505E+002  -1.84743886E+002   2.79170926E+003  -9.63138740E+000   2.80134064E+003   6.07059602E+000  -1.94375273E+002  -1.88304677E+002
     295       1     1.19999997E+001   7.09242214E+003   5.68498093E+000   2.79758923E+003   2.79190425E+003  -9.26243894E+000  -1.94074042E+002  -1.84811603E+002   2.79149916E+003  -9.66752656E+000   2.80116669E+003   6.09006855E+000  -1.94479130E+002  -1.88389061E+002
     296       1     1.19999997E+001   7.09206286E+003   5.69928306E+000   2.79739771E+003   2.79169843E+003  -9.29312722E+000  -1.94173035E+002  -1.84879907E+002   2.79128786E+003  -9.70369242E+000   2.80099155E+003   6.10984826E+000  -1.94583600E+002  -1.88473752E+002
     297       1     1.19999997E+001   7.09167696E+003   5.71408757E+000   2.79719213E+003   2.79147804E+003  -9.32398889E+000  -1.94278684E+002  -1.84954695E+002   2.79106154E+003  -9.74048352E+000   2.80080203E+003   6.13058220E+000  -1.94695179E+002  -1.88564597E+002
     298       1     1.19999997E+001   7.09131373E+003   5.72892426E+000   2.79699853E+003   2.79126960E+003  -9.35570121E+000  -1.94379110E+002  -1.85023409E+002   2.79084787E+003  -9.77743671E+000   2.80062531E+003   6.15065976E+000  -1.94800845E+002  -1.88650186E+002
     299       1     1.19999997E+001   7.09094911E+003   5.74308041E+000   2.79680379E+003   2.79106071E+003  -9.38717087E+000  -1.94479586E+002  -1.85092416E+002   2.79063347E+003  -9.81440462E+000   2.80044788E+003   6.17031416E+000  -1.94906820E+002  -1.88736506E+002
     300       1     1.19999997E+001   7.09058322E+003   5.75794951E+000   2.79660887E+003   2.79085092E+003  -9.41900665E+000  -1.94580567E+002  -1.85161560E+002   2.79041785E+003  -9.85207846E+000   2.80026993E+003   6.19102133E+000  -1.95013639E+002  -1.88822617E+002
     301       1     1.19999997E+001   7.09021165E+003   5.77327997E+000   2.79641085E+003   2.79063757E+003  -9.45173514E+000  -1.94683426E+002  -1.85231691E+002   2.79019918E+003  -9.89011990E+000   2.80008930E+003   6.21166473E+000  -1.95121811E+002  -1.88910146E+002
     302       1     1.19999997E+001   7.08984537E+003   5.78806667E+000   2.79621564E+003   2.79042757E+003  -9.48351443E+000  -1.94784503E+002  -1.85300989E+002   2.78998348E+003  -9.92759996E+000   2.79991108E+003   6.23215220E+000  -1.95228589E+002  -1.88996436E+002
     303       1     1.19999997E+001   7.08947411E+003   5.80214907E+000   2.79601742E+003   2.79021527E+003  -9.51473474E+000  -1.94886394E+002  -1.85371659E+002   2.78976505E+003  -9.96495779E+000   2.79973001E+003   6.25237212E+000  -1.95336617E+002  -1.89084245E+002
     304       1     1.19999997E+001   7.08910374E+003   5.81642932E+000   2.79581972E+003   2.79000329E+003  -9.54668997E+000  -1.94988235E+002  -1.85441545E+002   2.78954667E+003  -1.00033068E+001   2.79954998E+003   6.27304620E+000  -1.95444852E+002  -1.89171806E+002
     305       1     1.19999997E+001   7.08873018E+003   5.83074438E+000   2.79562037E+003   2.78978962E+003  -9.57836550E+000  -1.95090810E+002  -1.85512445E+002   2.78932662E+003  -1.00413635E+001   2.79936799E+003   6.29374236E+000  -1.95553808E+002  -1.89260066E+002
     306       1     1.19999997E+001   7.08835452E+003   5.84501764E+000   2.79541979E+003   2.78957478E+003  -9.61059818E+000  -1.95193935E+002  -1.85583337E+002   2.78910499E+003  -1.00803819E+001   2.79918537E+003   6.31480141E+000  -1.95663719E+002  -1.89348918E+002
     307       1     1.19999997E+001   7.08798084E+003   5.85948984E+000   2.79522040E+003   2.78936091E+003  -9.64261700E+000  -1.95296668E+002  -1.85654051E+002   2.78888473E+003  -1.01187938E+001   2.79900352E+003   6.33566661E+000  -1.95772845E+002  -1.89437178E+002
     308       1     1.19999997E+001   7.08760039E+003   5.87320775E+000   2.79501721E+003   2.78914400E+003  -9.67322744E+000  -1.95400433E+002  -1.85727205E+002   2.78866101E+003  -1.01562120E+001   2.79881723E+003   6.35619228E+000  -1.95883417E+002  -1.89527225E+002
     309       1     1.19999997E+001   7.08721743E+003   5.88748504E+000   2.79481245E+003   2.78892496E+003  -9.70715919E+000  -1.95505565E+002  -1.85798406E+002   2.78843423E+003  -1.01978935E+001   2.79863212E+003   6.37821937E+000  -1.95996300E+002  -1.89618080E+002
     310       1     1.19999997E+001   7.08683647E+003   5.90147122E+000   2.79460885E+003   2.78870738E+003  -9.73908707E+000  -1.95609846E+002  -1.85870759E+002   2.78820979E+003  -1.02366769E+001   2.79844646E+003   6.39906104E+000  -1.96107436E+002  -1.89708375E+002
     311       1     1.19999997E+001   7.08645295E+003   5.91495315E+000   2.79440354E+003   2.78848858E+003  -9.77080992E+000  -1.95714569E+002  -1.85943759E+002   2.78798406E+003  -1.02753370E+001   2.79825939E+003   6.41948020E+000  -1.96219096E+002  -1.89799616E+002
     312       1     1.19999997E+001   7.08606514E+003   5.92840369E+000   2.79419606E+003   2.78826766E+003  -9.80283192E+000  -1.95820153E+002  -1.86017321E+002   2.78775511E+003  -1.03153752E+001   2.79807049E+003   6.44094698E+000  -1.96332696E+002  -1.89891749E+002
     313       1     1.19999997E+001   7.08568438E+003   5.94359885E+000   2.79399307E+003   2.78804947E+003  -9.83553997E+000  -1.95925078E+002  -1.86089538E+002   2.78753082E+003  -1.03541928E+001   2.79788501E+003   6.46225166E+000  -1.96443731E+002  -1.89981479E+002
     314       1     1.19999997E+001   7.08529005E+003   5.95614460E+000   2.79378129E+003   2.78782515E+003  -9.86794129E+000  -1.96032116E+002  -1.86164174E+002   2.78729833E+003  -1.03947561E+001   2.79769309E+003   6.48295945E+000  -1.96558931E+002  -1.90075971E+002
     315       1     1.19999997E+001   7.08489542E+003   5.96923830E+000   2.79356921E+003   2.78759997E+003  -9.90091450E+000  -1.96139913E+002  -1.86238998E+002   2.78706659E+003  -1.04342897E+001   2.79750088E+003   6.50261354E+000  -1.96673288E+002  -1.90170675E+002
     316       1     1.19999997E+001   7.08450330E+003   5.98427908E+000   2.79336047E+003   2.78737619E+003  -9.93418878E+000  -1.96247045E+002  -1.86312856E+002   2.78683383E+003  -1.04765548E+001   2.79731038E+003   6.52664507E+000  -1.96789411E+002  -1.90262766E+002
     317       1     1.19999997E+001   7.08411227E+003   6.00102265E+000   2.79315262E+003   2.78715160E+003  -9.96877043E+000  -1.96355325E+002  -1.86386554E+002   2.78660290E+003  -1.05174653E+001   2.79712037E+003   6.54971749E+000  -1.96904019E+002  -1.90354302E+002
     318       1     1.19999997E+001   7.08372610E+003   6.01526732E+000   2.79294593E+003   2.78693066E+003  -1.00014398E+001  -1.96461388E+002  -1.86459949E+002   2.78637600E+003  -1.05561005E+001   2.79693210E+003   6.56992803E+000  -1.97016049E+002  -1.90446121E+002
     319       1     1.19999997E+001   7.08334129E+003   6.03024538E+000   2.79274041E+003   2.78671016E+003  -1.00345623E+001  -1.96567413E+002  -1.86532850E+002   2.78614953E+003  -1.05951949E+001   2.79674472E+003   6.59087795E+000  -1.97128045E+002  -1.90537167E+002
     320       1     1.19999997E+001   7.08294743E+003   6.04556979E+000   2.79253111E+003   2.78648554E+003  -1.00681054E+001  -1.96674864E+002  -1.86606759E+002   2.78591489E+003  -1.06387616E+001   2.79655365E+003   6.61622602E+000  -1.97245520E+002  -1.90629294E+002
     321       1     1.19999997E+001   7.08255669E+003   6.06023190E+000   2.79232299E+003   2.78626276E+003  -1.01008695E+001  -1.96781400E+002  -1.86680530E+002   2.78568295E+003  -1.06806866E+001   2.79636363E+003   6.64004895E+000  -1.97361217E+002  -1.90721168E+002
     322       1     1.19999997E+001   7.08216755E+003   6.07763757E+000   2.79211601E+003   2.78603837E+003  -1.01361101E+001  -1.96890023E+002  -1.86753913E+002   2.78545412E+003  -1.07203662E+001   2.79617448E+003   6.66189367E+000  -1.97474279E+002  -1.90812386E+002
     323       1     1.19999997E+001   7.08177806E+003   6.09209496E+000   2.79190752E+003   2.78581543E+003  -1.01692590E+001  -1.96997093E+002  -1.86827834E+002   2.78522520E+003  -1.07594831E+001   2.79598469E+003   6.68231910E+000  -1.97587318E+002  -1.90904998E+002
     324       1     1.19999997E+001   7.08139462E+003   6.10681769E+000   2.79170276E+003   2.78559595E+003  -1.02017054E+001  -1.97102499E+002  -1.86900793E+002   2.78499953E+003  -1.07981233E+001   2.79579765E+003   6.70323557E+000  -1.97698916E+002  -1.90995681E+002
     325       1     1.19999997E+001   7.08101020E+003   6.11972172E+000   2.79149639E+003   2.78537667E+003  -1.02331108E+001  -1.97207411E+002  -1.86974301E+002   2.78477398E+003  -1.08358029E+001   2.79560978E+003   6.72241376E+000  -1.97810103E+002  -1.91087690E+002
     326       1     1.19999997E+001   7.08062071E+003   6.13470938E+000   2.79128843E+003   2.78515372E+003  -1.02661288E+001  -1.97314475E+002  -1.87048347E+002   2.78454462E+003  -1.08752307E+001   2.79541985E+003   6.74381121E+000  -1.97923577E+002  -1.91179766E+002
     327       1     1.19999997E+001   7.08022017E+003   6.14994153E+000   2.79107457E+003   2.78492463E+003  -1.02998237E+001  -1.97424396E+002  -1.87124572E+002   2.78430864E+003  -1.09158170E+001   2.79522446E+003   6.76593477E+000  -1.98040389E+002  -1.91274454E+002
     328       1     1.19999997E+001   7.07981544E+003   6.15754794E+000   2.79085304E+003   2.78469549E+003  -1.03327602E+001  -1.97533121E+002  -1.87200361E+002   2.78407204E+003  -1.09562063E+001   2.79502825E+003   6.78099405E+000  -1.98156568E+002  -1.91375574E+002
     329       1     1.19999997E+001   7.07942534E+003   6.17138561E+000   2.79064376E+003   2.78447237E+003  -1.03661006E+001  -1.97640166E+002  -1.87274066E+002   2.78384263E+003  -1.09958431E+001   2.79483847E+003   6.80112809E+000  -1.98269909E+002  -1.91468781E+002
     330       1     1.19999997E+001   7.07903652E+003   6.18610418E+000   2.79043597E+003   2.78424986E+003  -1.03989033E+001  -1.97746989E+002  -1.87348086E+002   2.78361387E+003  -1.10348969E+001   2.79464877E+003   6.82209770E+000  -1.98382983E+002  -1.91560885E+002
     331       1     1.19999997E+001   7.07863681E+003   6.19879842E+000   2.79022109E+003   2.78402229E+003  -1.04314079E+001  -1.97855625E+002  -1.87424217E+002   2.78337880E+003  -1.10749065E+001   2.79445370E+003   6.84229703E+000  -1.98499123E+002  -1.91656826E+002
     332       1     1.19999997E+001   7.07824707E+003   6.21375775E+000   2.79001294E+003   2.78379919E+003  -1.04642180E+001  -1.97962762E+002  -1.87498544E+002   2.78314950E+003  -1.11139047E+001   2.79426340E+003   6.86344443E+000  -1.98612449E+002  -1.91749004E+002
     333       1     1.19999997E+001   7.07785086E+003   6.22734628E+000   2.78980040E+003   2.78357306E+003  -1.04964361E+001  -1.98070996E+002  -1.87574560E+002   2.78291712E+003  -1.11523764E+001   2.79406949E+003   6.88328652E+000  -1.98726936E+002  -1.91843650E+002
     334       1     1.19999997E+001   7.07745854E+003   6.24215311E+000   2.78959063E+003   2.78334848E+003  -1.05294230E+001  -1.98178832E+002  -1.87649409E+002   2.78268655E+003  -1.11913552E+001   2.79387790E+003   6.90408531E+000  -1.98840764E+002  -1.91936679E+002
     335       1     1.19999997E+001   7.07705563E+003   6.25963647E+000   2.78937577E+003   2.78311613E+003  -1.05655264E+001  -1.98291284E+002  -1.87725758E+002   2.78245036E+003  -1.12312999E+001   2.79368166E+003   6.92540992E+000  -1.98957058E+002  -1.92031648E+002
     336       1     1.19999997E+001   7.07666056E+003   6.27404001E+000   2.78916427E+003   2.78289023E+003  -1.05989063E+001  -1.98399618E+002  -1.87800712E+002   2.78221773E+003  -1.12714094E+001   2.79348914E+003   6.94654315E+000  -1.99072121E+002  -1.92125578E+002
     337       1     1.19999997E+001   7.07626363E+003   6.28842541E+000   2.78895176E+003   2.78266333E+003  -1.06315383E+001  -1.98508398E+002  -1.87876860E+002   2.78198479E+003  -1.13100824E+001   2.79329487E+003   6.96696959E+000  -1.99186942E+002  -1.92219973E+002
     338       1     1.19999997E+001   7.07585973E+003   6.30511947E+000   2.78873684E+003   2.78243172E+003  -1.06660675E+001  -1.98619808E+002  -1.87953741E+002   2.78174653E+003  -1.13512633E+001   2.79309779E+003   6.99031537E+000  -1.99305004E+002  -1.92314689E+002
     339       1     1.19999997E+001   7.07545999E+003   6.32136987E+000   2.78852414E+003   2.78220277E+003  -1.06997059E+001  -1.98729802E+002  -1.88030096E+002   2.78151071E+003  -1.13917653E+001   2.79290247E+003   7.01342927E+000  -1.99421862E+002  -1.92408432E+002
     340       1     1.19999997E+001   7.07505860E+003   6.33725277E+000   2.78831048E+003   2.78197323E+003  -1.07321057E+001  -1.98839887E+002  -1.88107781E+002   2.78127464E+003  -1.14306959E+001   2.79270534E+003   7.03584300E+000  -1.99538477E+002  -1.92502634E+002
     341       1     1.19999997E+001   7.07465844E+003   6.35364930E+000   2.78809751E+003   2.78174386E+003  -1.07652245E+001  -1.98950165E+002  -1.88184940E+002   2.78103949E+003  -1.14695932E+001   2.79250909E+003   7.05801795E+000  -1.99654533E+002  -1.92596515E+002
     342       1     1.19999997E+001   7.07425585E+003   6.37167125E+000   2.78788376E+003   2.78151209E+003  -1.08004020E+001  -1.99062116E+002  -1.88261714E+002   2.78080252E+003  -1.15099738E+001   2.79231249E+003   7.08124304E+000  -1.99771688E+002  -1.92690445E+002
     343       1     1.19999997E+001   7.07385325E+003   6.38784555E+000   2.78766942E+003   2.78128157E+003  -1.08333483E+001  -1.99172814E+002  -1.88339466E+002   2.78056586E+003  -1.15490590E+001   2.79211492E+003   7.10355627E+000  -1.99888525E+002  -1.92784969E+002
     344       1     1.19999997E+001   7.07345144E+003   6.40351858E+000   2.78745507E+003   2.78105155E+003  -1.08665439E+001  -1.99283248E+002  -1.88416704E+002   2.78032966E+003  -1.15884368E+001   2.79191809E+003   7.12541155E+000  -2.00005141E+002  -1.92879729E+002
     345       1     1.19999997E+001   7.07304479E+003   6.41906842E+000   2.78723798E+003   2.78081891E+003  -1.08998462E+001  -1.99394851E+002  -1.88495005E+002   2.78009072E+003  -1.16280352E+001   2.79171876E+003   7.14725747E+000  -2.00123040E+002  -1.92975782E+002
     346       1     1.19999997E+001   7.07263832E+003   6.43492031E+000   2.78702130E+003   2.78058637E+003  -1.09331837E+001  -1.99506409E+002  -1.88573225E+002   2.77985155E+003  -1.16680103E+001   2.79151956E+003   7.16974694E+000  -2.00241236E+002  -1.93071489E+002
     347       1     1.19999997E+001   7.07223027E+003   6.45228333E+000   2.78680443E+003   2.78035215E+003  -1.09676945E+001  -1.99619177E+002  -1.88651482E+002   2.77961125E+003  -1.17085981E+001   2.79131984E+003   7.19318693E+000  -2.00360080E+002  -1.93166893E+002
     348       1     1.19999997E+001   7.07181609E+003   6.47321801E+000   2.78658598E+003   2.78011276E+003  -1.10049312E+001  -1.99735281E+002  -1.88730350E+002   2.77936674E+003  -1.17509556E+001   2.79111769E+003   7.21924242E+000  -2.00481305E+002  -1.93262063E+002
     349       1     1.19999997E+001   7.07140099E+003   6.48874555E+000   2.78636417E+003   2.77987542E+003  -1.10386840E+001  -1.99849063E+002  -1.88810379E+002   2.77912296E+003  -1.17911427E+001   2.79091411E+003   7.24120422E+000  -2.00601522E+002  -1.93360317E+002
     350       1     1.19999997E+001   7.07098074E+003   6.50081251E+000   2.78613735E+003   2.77963654E+003  -1.10711052E+001  -1.99962858E+002  -1.88891752E+002   2.77887737E+003  -1.18302735E+001   2.79070764E+003   7.25998078E+000  -2.00722026E+002  -1.93462045E+002
     351       1     1.19999997E+001   7.07056175E+003   6.51825972E+000   2.78591445E+003   2.77939619E+003  -1.11056667E+001  -2.00078482E+002  -1.88972815E+002   2.77863135E+003  -1.18705094E+001   2.79050186E+003   7.28310245E+000  -2.00843325E+002  -1.93560222E+002
     352       1     1.19999997E+001   7.07014164E+003   6.53587146E+000   2.78569089E+003   2.77915502E+003  -1.11406289E+001  -2.00194598E+002  -1.89053969E+002   2.77838479E+003  -1.19108604E+001   2.79029565E+003   7.30610301E+000  -2.00964830E+002  -1.93658727E+002
     353       1     1.19999997E+001   7.06972810E+003   6.55114791E+000   2.78547017E+003   2.77891902E+003  -1.11737289E+001  -2.00307486E+002  -1.89133757E+002   2.77814119E+003  -1.19515651E+001   2.79009275E+003   7.32898406E+000  -2.01085322E+002  -1.93756338E+002
     354       1     1.19999997E+001   7.06930648E+003   6.56747980E+000   2.78524524E+003   2.77867776E+003  -1.12075581E+001  -2.00423244E+002  -1.89215686E+002   2.77789400E+003  -1.19913136E+001   2.78988531E+003   7.35123528E+000  -2.01207000E+002  -1.93855765E+002
     355       1     1.19999997E+001   7.06888687E+003   6.58345299E+000   2.78502135E+003   2.77843790E+003  -1.12413336E+001  -2.00538181E+002  -1.89296847E+002   2.77764732E+003  -1.20319153E+001   2.78967924E+003   7.37403477E+000  -2.01328763E+002  -1.93954728E+002
     356       1     1.19999997E+001   7.06845791E+003   6.60013600E+000   2.78479299E+003   2.77819285E+003  -1.12761590E+001  -2.00655528E+002  -1.89379369E+002   2.77739403E+003  -1.20749793E+001   2.78946901E+003   7.39895626E+000  -2.01454348E+002  -1.94055392E+002
     357       1     1.19999997E+001   7.06802671E+003   6.61482656E+000   2.78456153E+003   2.77794670E+003  -1.13105532E+001  -2.00773304E+002  -1.89462751E+002   2.77714157E+003  -1.21156896E+001   2.78925726E+003   7.41996299E+000  -2.01578441E+002  -1.94158478E+002
     358       1     1.19999997E+001   7.06757146E+003   6.63047759E+000   2.78431920E+003   2.77768873E+003  -1.13428392E+001  -2.00895751E+002  -1.89552912E+002   2.77687320E+003  -1.21583620E+001   2.78903156E+003   7.44600041E+000  -2.01711274E+002  -1.94265273E+002
     359       1     1.19999997E+001   7.06713245E+003   6.64879016E+000   2.78408697E+003   2.77743818E+003  -1.13774208E+001  -2.01015593E+002  -1.89638172E+002   2.77661301E+003  -1.22025940E+001   2.78881560E+003   7.47396331E+000  -2.01840766E+002  -1.94366803E+002
     360       1     1.19999997E+001   7.06669645E+003   6.66089082E+000   2.78385191E+003   2.77719102E+003  -1.14092566E+001  -2.01132946E+002  -1.89723689E+002   2.77635818E+003  -1.22420990E+001   2.78860028E+003   7.49373322E+000  -2.01965788E+002  -1.94472055E+002
     361       1     1.19999997E+001   7.06626198E+003   6.67535449E+000   2.78361925E+003   2.77694389E+003  -1.14428912E+001  -2.01250718E+002  -1.89807827E+002   2.77610241E+003  -1.22843708E+001   2.78838678E+003   7.51683409E+000  -2.02092198E+002  -1.94575364E+002
     362       1     1.19999997E+001   7.06582024E+003   6.69337041E+000   2.78338386E+003   2.77669049E+003  -1.14803284E+001  -2.01372595E+002  -1.89892266E+002   2.77584219E+003  -1.23286227E+001   2.78817081E+003   7.54166469E+000  -2.02220889E+002  -1.94679224E+002
     363       1     1.19999997E+001   7.06532349E+003   6.70406936E+000   2.78311460E+003   2.77641053E+003  -1.15123885E+001  -2.01504658E+002  -1.89992269E+002   2.77555424E+003  -1.23686787E+001   2.78792292E+003   7.56035956E+000  -2.02360948E+002  -1.94800589E+002
     364       1     1.19999997E+001   7.06489740E+003   6.71817426E+000   2.78288684E+003   2.77616867E+003  -1.15442547E+001  -2.01619647E+002  -1.90075392E+002   2.77530303E+003  -1.24098919E+001   2.78771293E+003   7.58381151E+000  -2.02485284E+002  -1.94901473E+002
     365       1     1.19999997E+001   7.06445475E+003   6.72488757E+000   2.78264454E+003   2.77591965E+003  -1.15737238E+001  -2.01736873E+002  -1.90163150E+002   2.77504694E+003  -1.24464312E+001   2.78749337E+003   7.59759490E+000  -2.02609581E+002  -1.95011986E+002
     366       1     1.19999997E+001   7.06402725E+003   6.74000813E+000   2.78241503E+003   2.77567502E+003  -1.16080628E+001  -2.01854207E+002  -1.90246144E+002   2.77479744E+003  -1.24856452E+001   2.78728309E+003   7.61759046E+000  -2.02731789E+002  -1.95114199E+002
     367       1     1.19999997E+001   7.06359878E+003   6.75528811E+000   2.78218552E+003   2.77543023E+003  -1.16416327E+001  -2.01971409E+002  -1.90329776E+002   2.77454688E+003  -1.25249823E+001   2.78707187E+003   7.63863778E+000  -2.02854759E+002  -1.95216121E+002
     368       1     1.19999997E+001   7.06316965E+003   6.77040451E+000   2.78195595E+003   2.77518555E+003  -1.16753251E+001  -2.02088307E+002  -1.90412982E+002   2.77429458E+003  -1.25662914E+001   2.78686087E+003   7.66137087E+000  -2.02979273E+002  -1.95317902E+002
     369       1     1.19999997E+001   7.06273126E+003   6.78537741E+000   2.78172240E+003   2.77493702E+003  -1.17071971E+001  -2.02206288E+002  -1.90499091E+002   2.77403554E+003  -1.26086785E+001   2.78664422E+003   7.68685886E+000  -2.03107769E+002  -1.95420910E+002
     370       1     1.19999997E+001   7.06228267E+003   6.79511055E+000   2.78147957E+003   2.77468446E+003  -1.17374731E+001  -2.02325266E+002  -1.90587793E+002   2.77377313E+003  -1.26488036E+001   2.78642193E+003   7.70644100E+000  -2.03236597E+002  -1.95530156E+002
     371       1     1.19999997E+001   7.06185521E+003   6.80679755E+000   2.78124861E+003   2.77444181E+003  -1.17692267E+001  -2.02440616E+002  -1.90671390E+002   2.77352369E+003  -1.26873471E+001   2.78621104E+003   7.72491789E+000  -2.03358737E+002  -1.95633819E+002
     372       1     1.19999997E+001   7.06142580E+003   6.81917817E+000   2.78101780E+003   2.77419862E+003  -1.18015106E+001  -2.02555926E+002  -1.90754416E+002   2.77327035E+003  -1.27297779E+001   2.78600013E+003   7.74744552E+000  -2.03484194E+002  -1.95736748E+002
     373       1     1.19999997E+001   7.06100538E+003   6.83622078E+000   2.78079512E+003   2.77395890E+003  -1.18351947E+001  -2.02670434E+002  -1.90835239E+002   2.77302014E+003  -1.27739563E+001   2.78579409E+003   7.77498238E+000  -2.03609195E+002  -1.95834213E+002
     374       1     1.19999997E+001   7.06059065E+003   6.85163038E+000   2.78057393E+003   2.77372230E+003  -1.18674165E+001  -2.02783519E+002  -1.90916102E+002   2.77277610E+003  -1.28136095E+001   2.78558971E+003   7.79782335E+000  -2.03729712E+002  -1.95931888E+002
     375       1     1.19999997E+001   7.06015940E+003   6.86681089E+000   2.78034370E+003   2.77347689E+003  -1.19009854E+001  -2.02900489E+002  -1.90999504E+002   2.77252125E+003  -1.28566242E+001   2.78537787E+003   7.82244975E+000  -2.03856128E+002  -1.96033678E+002
     376       1     1.19999997E+001   7.05974396E+003   6.88172039E+000   2.78012224E+003   2.77324052E+003  -1.19329711E+001  -2.03013123E+002  -1.91080152E+002   2.77227564E+003  -1.28978425E+001   2.78517349E+003   7.84659180E+000  -2.03977994E+002  -1.96131403E+002
     377       1     1.19999997E+001   7.05932235E+003   6.89784391E+000   2.77989815E+003   2.77300031E+003  -1.19666326E+001  -2.03127750E+002  -1.91161117E+002   2.77202513E+003  -1.29418102E+001   2.78496694E+003   7.87302147E+000  -2.04102927E+002  -1.96229906E+002
     378       1     1.19999997E+001   7.05889632E+003   6.91240925E+000   2.77967039E+003   2.77275798E+003  -1.19980791E+001  -2.03243187E+002  -1.91245108E+002   2.77177514E+003  -1.29809217E+001   2.78475606E+003   7.89525192E+000  -2.04226029E+002  -1.96330777E+002
     379       1     1.19999997E+001   7.05847047E+003   6.92557233E+000   2.77944218E+003   2.77251660E+003  -1.20296592E+001  -2.03357724E+002  -1.91328065E+002   2.77152393E+003  -1.30223353E+001   2.78454626E+003   7.91824851E+000  -2.04350400E+002  -1.96432152E+002
     380       1     1.19999997E+001   7.05805203E+003   6.94088897E+000   2.77921888E+003   2.77227799E+003  -1.20605802E+001  -2.03471703E+002  -1.91411123E+002   2.77127911E+003  -1.30594593E+001   2.78433857E+003   7.93976800E+000  -2.04470582E+002  -1.96530814E+002
     381       1     1.19999997E+001   7.05763652E+003   6.95414004E+000   2.77899550E+003   2.77204136E+003  -1.20931524E+001  -2.03584563E+002  -1.91491410E+002   2.77103511E+003  -1.30994009E+001   2.78413452E+003   7.96038855E+000  -2.04590811E+002  -1.96630423E+002
     382       1     1.19999997E+001   7.05722620E+003   6.96903398E+000   2.77877593E+003   2.77180690E+003  -1.21265315E+001  -2.03696801E+002  -1.91570269E+002   2.77079348E+003  -1.31399506E+001   2.78393343E+003   7.98245304E+000  -2.04710220E+002  -1.96727767E+002
     383       1     1.19999997E+001   7.05680720E+003   6.98454172E+000   2.77855234E+003   2.77156780E+003  -1.21592887E+001  -2.03811085E+002  -1.91651796E+002   2.77054678E+003  -1.31803078E+001   2.78372709E+003   8.00556081E+000  -2.04832104E+002  -1.96826543E+002
     384       1     1.19999997E+001   7.05639405E+003   6.99981645E+000   2.77833167E+003   2.77133186E+003  -1.21918259E+001  -2.03923954E+002  -1.91732128E+002   2.77030383E+003  -1.32198514E+001   2.78352368E+003   8.02784188E+000  -2.04951979E+002  -1.96924137E+002
     385       1     1.19999997E+001   7.05597718E+003   7.01695430E+000   2.77810965E+003   2.77109270E+003  -1.22264830E+001  -2.04038923E+002  -1.91812440E+002   2.77005838E+003  -1.32607997E+001   2.78331918E+003   8.05127105E+000  -2.05073240E+002  -1.97021969E+002
     386       1     1.19999997E+001   7.05555311E+003   7.03150912E+000   2.77788330E+003   2.77085179E+003  -1.22578649E+001  -2.04153503E+002  -1.91895638E+002   2.76980831E+003  -1.33013396E+001   2.78310965E+003   8.07498376E+000  -2.05196977E+002  -1.97121993E+002
     387       1     1.19999997E+001   7.05513048E+003   7.04104961E+000   2.77765416E+003   2.77061311E+003  -1.22883169E+001  -2.04266282E+002  -1.91977966E+002   2.76956064E+003  -1.33407807E+001   2.78290143E+003   8.09351345E+000  -2.05318746E+002  -1.97225233E+002
     388       1     1.19999997E+001   7.05470330E+003   7.05345385E+000   2.77742461E+003   2.77037115E+003  -1.23195375E+001  -2.04380973E+002  -1.92061436E+002   2.76930917E+003  -1.33815232E+001   2.78269069E+003   8.11543960E+000  -2.05442959E+002  -1.97327519E+002
     389       1     1.19999997E+001   7.05429161E+003   7.06685196E+000   2.77720310E+003   2.77013625E+003  -1.23541915E+001  -2.04493221E+002  -1.92139029E+002   2.76906592E+003  -1.34245169E+001   2.78249044E+003   8.13717735E+000  -2.05563546E+002  -1.97426369E+002
     390       1     1.19999997E+001   7.05387694E+003   7.08278616E+000   2.77698225E+003   2.76989946E+003  -1.23880989E+001  -2.04606459E+002  -1.92218360E+002   2.76882000E+003  -1.34675608E+001   2.78228756E+003   8.16224805E+000  -2.05685920E+002  -1.97523672E+002
     391       1     1.19999997E+001   7.05345963E+003   7.09925748E+000   2.77675984E+003   2.76966058E+003  -1.24229083E+001  -2.04721003E+002  -1.92298095E+002   2.76857314E+003  -1.35103509E+001   2.78208349E+003   8.18670009E+000  -2.05808446E+002  -1.97621746E+002
     392       1     1.19999997E+001   7.05303090E+003   7.11650361E+000   2.77653169E+003   2.76941519E+003  -1.24577968E+001  -2.04838652E+002  -1.92380856E+002   2.76831998E+003  -1.35530098E+001   2.78187299E+003   8.21171669E+000  -2.05933865E+002  -1.97722149E+002
     393       1     1.19999997E+001   7.05259986E+003   7.12915448E+000   2.77629978E+003   2.76917062E+003  -1.24903890E+001  -2.04954793E+002  -1.92464404E+002   2.76806619E+003  -1.35948203E+001   2.78166101E+003   8.23358584E+000  -2.06059224E+002  -1.97825638E+002
     394       1     1.19999997E+001   7.05218140E+003   7.14480529E+000   2.77607624E+003   2.76893144E+003  -1.25245486E+001  -2.05069288E+002  -1.92544739E+002   2.76781913E+003  -1.36368589E+001   2.78145599E+003   8.25711556E+000  -2.06181598E+002  -1.97924483E+002
     395       1     1.19999997E+001   7.05175724E+003   7.15693676E+000   2.77584800E+003   2.76869107E+003  -1.25555860E+001  -2.05183277E+002  -1.92627691E+002   2.76756983E+003  -1.36768202E+001   2.78124665E+003   8.27817101E+000  -2.06304512E+002  -1.98026341E+002
     396       1     1.19999997E+001   7.05134294E+003   7.17036869E+000   2.77562558E+003   2.76845521E+003  -1.25879105E+001  -2.05295685E+002  -1.92707774E+002   2.76732592E+003  -1.37172050E+001   2.78104312E+003   8.29966317E+000  -2.06424979E+002  -1.98125316E+002
     397       1     1.19999997E+001   7.05092434E+003   7.18486661E+000   2.77540089E+003   2.76821602E+003  -1.26220660E+001  -2.05410136E+002  -1.92788070E+002   2.76707967E+003  -1.37584161E+001   2.78083809E+003   8.32121671E+000  -2.06546486E+002  -1.98225269E+002
     398       1     1.19999997E+001   7.05050866E+003   7.20010488E+000   2.77517921E+003   2.76797911E+003  -1.26547537E+001  -2.05523184E+002  -1.92868430E+002   2.76683370E+003  -1.38001636E+001   2.78063386E+003   8.34551484E+000  -2.06668594E+002  -1.98323079E+002
     399       1     1.19999997E+001   7.05008481E+003   7.21637349E+000   2.77495393E+003   2.76773756E+003  -1.26889306E+001  -2.05638421E+002  -1.92949491E+002   2.76658120E+003  -1.38452912E+001   2.78042649E+003   8.37273409E+000  -2.06794782E+002  -1.98422048E+002
     400       1     1.19999997E+001   7.04966740E+003   7.23208985E+000   2.77473144E+003   2.76749935E+003  -1.27228579E+001  -2.05752234E+002  -1.93029376E+002   2.76633353E+003  -1.38886832E+001   2.78022221E+003   8.39791514E+000  -2.06918060E+002  -1.98520144E+002
     401       1     1.19999997E+001   7.04923901E+003   7.24318994E+000   2.77449912E+003   2.76725593E+003  -1.27554320E+001  -2.05868001E+002  -1.93112569E+002   2.76608352E+003  -1.39278364E+001   2.78001136E+003   8.41559429E+000  -2.07040405E+002  -1.98624811E+002
     402       1     1.19999997E+001   7.04882078E+003   7.25982411E+000   2.77427628E+003   2.76701645E+003  -1.27896575E+001  -2.05982832E+002  -1.93193175E+002   2.76583662E+003  -1.39694878E+001   2.77980611E+003   8.43965435E+000  -2.07162663E+002  -1.98723008E+002
     403       1     1.19999997E+001   7.04840106E+003   7.27510589E+000   2.77405234E+003   2.76677723E+003  -1.28227834E+001  -2.06096968E+002  -1.93274185E+002   2.76558815E+003  -1.40118664E+001   2.77960002E+003   8.46418887E+000  -2.07286051E+002  -1.98821862E+002
     404       1     1.19999997E+001   7.04798391E+003   7.28982492E+000   2.77382945E+003   2.76653962E+003  -1.28553335E+001  -2.06210257E+002  -1.93354924E+002   2.76534159E+003  -1.40533598E+001   2.77939495E+003   8.48785125E+000  -2.07408284E+002  -1.98920432E+002
     405       1     1.19999997E+001   7.04755512E+003   7.30685596E+000   2.77360120E+003   2.76629434E+003  -1.28896173E+001  -2.06327740E+002  -1.93438123E+002   2.76508851E+003  -1.40954505E+001   2.77918396E+003   8.51268918E+000  -2.07533573E+002  -1.99020884E+002
     406       1     1.19999997E+001   7.04712706E+003   7.32342436E+000   2.77337262E+003   2.76604920E+003  -1.29249472E+001  -2.06445303E+002  -1.93520356E+002   2.76483602E+003  -1.41381283E+001   2.77897415E+003   8.53660543E+000  -2.07658484E+002  -1.99121878E+002
     407       1     1.19999997E+001   7.04670472E+003   7.33688635E+000   2.77314631E+003   2.76580943E+003  -1.29558681E+001  -2.06559202E+002  -1.93603333E+002   2.76458743E+003  -1.41778602E+001   2.77876529E+003   8.55887847E+000  -2.07781194E+002  -1.99222315E+002
     408       1     1.19999997E+001   7.04627967E+003   7.35154022E+000   2.77291877E+003   2.76556723E+003  -1.29893380E+001  -2.06674706E+002  -1.93685368E+002   2.76433640E+003  -1.42201723E+001   2.77855657E+003   8.58237455E+000  -2.07905540E+002  -1.99323165E+002
     409       1     1.19999997E+001   7.04585672E+003   7.36263235E+000   2.77269030E+003   2.76532766E+003  -1.30204536E+001  -2.06788214E+002  -1.93767761E+002   2.76408802E+003  -1.42600976E+001   2.77834812E+003   8.60227636E+000  -2.08027859E+002  -1.99425582E+002
     410       1     1.19999997E+001   7.04542849E+003   7.38108761E+000   2.77246286E+003   2.76508178E+003  -1.30565778E+001  -2.06906455E+002  -1.93849877E+002   2.76383459E+003  -1.43037633E+001   2.77813835E+003   8.62827311E+000  -2.08153640E+002  -1.99525367E+002
     411       1     1.19999997E+001   7.04500800E+003   7.39560039E+000   2.77223808E+003   2.76484248E+003  -1.30879937E+001  -2.07020421E+002  -1.93932427E+002   2.76358702E+003  -1.43434534E+001   2.77793047E+003   8.65106010E+000  -2.08275881E+002  -1.99624821E+002
     412       1     1.19999997E+001   7.04456565E+003   7.40749315E+000   2.77200023E+003   2.76459274E+003  -1.31178701E+001  -2.07138311E+002  -1.94020441E+002   2.76332711E+003  -1.43834932E+001   2.77771061E+003   8.67311625E+000  -2.08403934E+002  -1.99730818E+002
     413       1     1.19999997E+001   7.04414628E+003   7.42145054E+000   2.77177519E+003   2.76435374E+003  -1.31503565E+001  -2.07252297E+002  -1.94101941E+002   2.76308049E+003  -1.44236064E+001   2.77750410E+003   8.69470050E+000  -2.08525547E+002  -1.99830846E+002
     414       1     1.19999997E+001   7.04372033E+003   7.43545588E+000   2.77154667E+003   2.76411121E+003  -1.31833594E+001  -2.07367854E+002  -1.94184494E+002   2.76282950E+003  -1.44650730E+001   2.77729457E+003   8.71716953E+000  -2.08649567E+002  -1.99932398E+002
     415       1     1.19999997E+001   7.04329461E+003   7.44756949E+000   2.77131762E+003   2.76387005E+003  -1.32145026E+001  -2.07482111E+002  -1.94267609E+002   2.76257866E+003  -1.45058917E+001   2.77708455E+003   8.73895861E+000  -2.08773501E+002  -2.00034542E+002
     416       1     1.19999997E+001   7.04286710E+003   7.46323048E+000   2.77108875E+003   2.76362552E+003  -1.32488937E+001  -2.07599196E+002  -1.94350302E+002   2.76232717E+003  -1.45472480E+001   2.77687441E+003   8.76158475E+000  -2.08897550E+002  -2.00135965E+002
     417       1     1.19999997E+001   7.04244417E+003   7.47779167E+000   2.77086233E+003   2.76338453E+003  -1.32819497E+001  -2.07714100E+002  -1.94432150E+002   2.76207748E+003  -1.45890078E+001   2.77666648E+003   8.78484976E+000  -2.09021158E+002  -2.00236308E+002
     418       1     1.19999997E+001   7.04201912E+003   7.49070824E+000   2.77063364E+003   2.76314293E+003  -1.33138081E+001  -2.07828988E+002  -1.94515180E+002   2.76182782E+003  -1.46289153E+001   2.77645674E+003   8.80581539E+000  -2.09144095E+002  -2.00338280E+002
     419       1     1.19999997E+001   7.04158813E+003   7.50596597E+000   2.77040361E+003   2.76289764E+003  -1.33475025E+001  -2.07945785E+002  -1.94598282E+002   2.76157202E+003  -1.46731257E+001   2.77624514E+003   8.83158922E+000  -2.09271408E+002  -2.00439819E+002
     420       1     1.19999997E+001   7.04115659E+003   7.52200695E+000   2.77017383E+003   2.76265182E+003  -1.33815125E+001  -2.08062948E+002  -1.94681435E+002   2.76131549E+003  -1.47178418E+001   2.77603333E+003   8.85833619E+000  -2.09399277E+002  -2.00540941E+002
     421       1     1.19999997E+001   7.04072348E+003   7.53558498E+000   2.76994131E+003   2.76240573E+003  -1.34147218E+001  -2.08179908E+002  -1.94765186E+002   2.76105957E+003  -1.47608780E+001   2.77582045E+003   8.88174117E+000  -2.09526064E+002  -2.00644323E+002
     422       1     1.19999997E+001   7.04030097E+003   7.55032722E+000   2.76971508E+003   2.76216476E+003  -1.34479119E+001  -2.08294906E+002  -1.94846994E+002   2.76081032E+003  -1.48023432E+001   2.77561267E+003   8.90475849E+000  -2.09649338E+002  -2.00744579E+002
     423       1     1.19999997E+001   7.03987263E+003   7.56434696E+000   2.76948534E+003   2.76192100E+003  -1.34810013E+001  -2.08410953E+002  -1.94929952E+002   2.76055750E+003  -1.48445005E+001   2.77540200E+003   8.92784623E+000  -2.09774452E+002  -2.00846606E+002
     424       1     1.19999997E+001   7.03944872E+003   7.57589994E+000   2.76925652E+003   2.76168062E+003  -1.35135139E+001  -2.08524933E+002  -1.95011419E+002   2.76030723E+003  -1.48869098E+001   2.77519414E+003   8.94929584E+000  -2.09898329E+002  -2.00949033E+002
     425       1     1.19999997E+001   7.03902731E+003   7.59226113E+000   2.76903182E+003   2.76143956E+003  -1.35470443E+001  -2.08640345E+002  -1.95093300E+002   2.76005864E+003  -1.49279601E+001   2.77498660E+003   8.97317693E+000  -2.10021260E+002  -2.01048084E+002
     426       1     1.19999997E+001   7.03860205E+003   7.60740410E+000   2.76880445E+003   2.76119704E+003  -1.35796744E+001  -2.08756060E+002  -1.95176386E+002   2.75980811E+003  -1.49686066E+001   2.77477672E+003   8.99633629E+000  -2.10144992E+002  -2.01148656E+002
     427       1     1.19999997E+001   7.03818245E+003   7.62323705E+000   2.76858021E+003   2.76095697E+003  -1.36137175E+001  -2.08871007E+002  -1.95257289E+002   2.75956045E+003  -1.50102375E+001   2.77457069E+003   9.01975698E+000  -2.10267527E+002  -2.01247770E+002
     428       1     1.19999997E+001   7.03775725E+003   7.63906927E+000   2.76835326E+003   2.76071420E+003  -1.36470299E+001  -2.08986995E+002  -1.95339966E+002   2.75930941E+003  -1.50518129E+001   2.77436123E+003   9.04385223E+000  -2.10391778E+002  -2.01347926E+002
     429       1     1.19999997E+001   7.03733063E+003   7.65398868E+000   2.76812472E+003   2.76047073E+003  -1.36806455E+001  -2.09103241E+002  -1.95422595E+002   2.75905791E+003  -1.50934736E+001   2.77415138E+003   9.06681670E+000  -2.10516069E+002  -2.01449252E+002
     430       1     1.19999997E+001   7.03689448E+003   7.66970568E+000   2.76789253E+003   2.76022282E+003  -1.37114632E+001  -2.09221096E+002  -1.95509633E+002   2.75880092E+003  -1.51333658E+001   2.77393428E+003   9.09160832E+000  -2.10642999E+002  -2.01551391E+002
     431       1     1.19999997E+001   7.03646570E+003   7.68672846E+000   2.76766366E+003   2.75997693E+003  -1.37469705E+001  -2.09339120E+002  -1.95592149E+002   2.75854792E+003  -1.51759759E+001   2.77372390E+003   9.11573380E+000  -2.10768125E+002  -2.01652391E+002
     432       1     1.19999997E+001   7.03603686E+003   7.70255317E+000   2.76743410E+003   2.75973154E+003  -1.37817409E+001  -2.09456617E+002  -1.95674876E+002   2.75829520E+003  -1.52180828E+001   2.77351328E+003   9.13889509E+000  -2.10892959E+002  -2.01754064E+002
     433       1     1.19999997E+001   7.03559812E+003   7.71647225E+000   2.76719862E+003   2.75948215E+003  -1.38149997E+001  -2.09575170E+002  -1.95760170E+002   2.75803624E+003  -1.52609000E+001   2.77329714E+003   9.16237254E+000  -2.11021070E+002  -2.01858698E+002
     434       1     1.19999997E+001   7.03514670E+003   7.73266909E+000   2.76695678E+003   2.75922411E+003  -1.38503293E+001  -2.09698579E+002  -1.95848250E+002   2.75777110E+003  -1.53033357E+001   2.77307444E+003   9.18567551E+000  -2.11151585E+002  -2.01965910E+002
     435       1     1.19999997E+001   7.03471721E+003   7.74692437E+000   2.76672607E+003   2.75897915E+003  -1.38838260E+001  -2.09815448E+002  -1.95931622E+002   2.75751845E+003  -1.53445223E+001   2.77286298E+003   9.20762071E+000  -2.11276145E+002  -2.02068524E+002
     436       1     1.19999997E+001   7.03429448E+003   7.76449655E+000   2.76650112E+003   2.75873663E+003  -1.39187484E+001  -2.09931889E+002  -1.96013140E+002   2.75726850E+003  -1.53868791E+001   2.77265538E+003   9.23262724E+000  -2.11400019E+002  -2.02167392E+002
     437       1     1.19999997E+001   7.03386862E+003   7.78061788E+000   2.76627389E+003   2.75849327E+003  -1.39502482E+001  -2.10048241E+002  -1.96097993E+002   2.75701914E+003  -1.54243767E+001   2.77244352E+003   9.25474634E+000  -2.11522370E+002  -2.02267623E+002
     438       1     1.19999997E+001   7.03344373E+003   7.79826591E+000   2.76604790E+003   2.75824964E+003  -1.39856444E+001  -2.10165141E+002  -1.96179496E+002   2.75676718E+003  -1.54680992E+001   2.77223528E+003   9.28072066E+000  -2.11647595E+002  -2.02366875E+002
     439       1     1.19999997E+001   7.03302454E+003   7.81498627E+000   2.76582430E+003   2.75800931E+003  -1.40205737E+001  -2.10280432E+002  -1.96259859E+002   2.75651916E+003  -1.55107202E+001   2.77202988E+003   9.30513278E+000  -2.11770579E+002  -2.02465446E+002
     440       1     1.19999997E+001   7.03259107E+003   7.83330489E+000   2.76559416E+003   2.75776086E+003  -1.40562325E+001  -2.10399590E+002  -1.96343357E+002   2.75626194E+003  -1.55551532E+001   2.77181709E+003   9.33222555E+000  -2.11898511E+002  -2.02566285E+002
     441       1     1.19999997E+001   7.03215453E+003   7.84950614E+000   2.76536166E+003   2.75751215E+003  -1.40870982E+001  -2.10518090E+002  -1.96430992E+002   2.75600571E+003  -1.55935457E+001   2.77159925E+003   9.35595365E+000  -2.12024537E+002  -2.02668584E+002
     442       1     1.19999997E+001   7.03173043E+003   7.86662848E+000   2.76513569E+003   2.75726906E+003  -1.41215599E+001  -2.10634680E+002  -1.96513120E+002   2.75575526E+003  -1.56353569E+001   2.77139062E+003   9.38042545E+000  -2.12148477E+002  -2.02768051E+002
     443       1     1.19999997E+001   7.03129873E+003   7.88440035E+000   2.76490616E+003   2.75702176E+003  -1.41564411E+001  -2.10753202E+002  -1.96596760E+002   2.75549971E+003  -1.56784949E+001   2.77117820E+003   9.40645410E+000  -2.12275255E+002  -2.02868801E+002
     444       1     1.19999997E+001   7.03086463E+003   7.90331491E+000   2.76467547E+003   2.75677216E+003  -1.41926959E+001  -2.10873310E+002  -1.96680614E+002   2.75524327E+003  -1.57215815E+001   2.77096485E+003   9.43220058E+000  -2.12402196E+002  -2.02969995E+002
     445       1     1.19999997E+001   7.03043867E+003   7.91761178E+000   2.76444464E+003   2.75652703E+003  -1.42266267E+001  -2.10991378E+002  -1.96764751E+002   2.75499823E+003  -1.57554322E+001   2.77075366E+003   9.44641730E+000  -2.12520183E+002  -2.03073766E+002
     446       1     1.19999997E+001   7.03000998E+003   7.93528006E+000   2.76421615E+003   2.75628087E+003  -1.42621955E+001  -2.11109653E+002  -1.96847457E+002   2.75474520E+003  -1.57978658E+001   2.77054307E+003   9.47095033E+000  -2.12645323E+002  -2.03174372E+002
     447       1     1.19999997E+001   7.02957357E+003   7.95326779E+000   2.76398328E+003   2.75603002E+003  -1.42982979E+001  -2.11230314E+002  -1.96932016E+002   2.75448848E+003  -1.58398347E+001   2.77032831E+003   9.49480458E+000  -2.12771851E+002  -2.03277047E+002
     448       1     1.19999997E+001   7.02914740E+003   7.97585300E+000   2.76375870E+003   2.75578284E+003  -1.43363866E+001  -2.11350340E+002  -1.97013954E+002   2.75423648E+003  -1.58827475E+001   2.77011923E+003   9.52221386E+000  -2.12896701E+002  -2.03374487E+002
     449       1     1.19999997E+001   7.02872182E+003   7.99292691E+000   2.76353160E+003   2.75553867E+003  -1.43708193E+001  -2.11467549E+002  -1.97096729E+002   2.75398599E+003  -1.59235007E+001   2.76990949E+003   9.54560824E+000  -2.13020230E+002  -2.03474622E+002
     450       1     1.19999997E+001   7.02829404E+003   8.00947543E+000   2.76330272E+003   2.75529325E+003  -1.44055908E+001  -2.11585348E+002  -1.97179757E+002   2.75373459E+003  -1.59642517E+001   2.76969884E+003   9.56813633E+000  -2.13144009E+002  -2.03575872E+002
     451       1     1.19999997E+001   7.02785438E+003   8.02779619E+000   2.76306878E+003   2.75504098E+003  -1.44409060E+001  -2.11706442E+002  -1.97265536E+002   2.75347537E+003  -1.60065198E+001   2.76948189E+003   9.59340995E+000  -2.13272056E+002  -2.03678646E+002
     452       1     1.19999997E+001   7.02742383E+003   8.04120423E+000   2.76283679E+003   2.75479559E+003  -1.44721377E+001  -2.11823385E+002  -1.97351247E+002   2.75322450E+003  -1.60432304E+001   2.76926773E+003   9.61229685E+000  -2.13394478E+002  -2.03782181E+002
     453       1     1.19999997E+001   7.02698646E+003   8.05750825E+000   2.76260272E+003   2.75454521E+003  -1.45051441E+001  -2.11943279E+002  -1.97438135E+002   2.75296898E+003  -1.60813724E+001   2.76905035E+003   9.63373654E+000  -2.13519507E+002  -2.03885771E+002
     454       1     1.19999997E+001   7.02654811E+003   8.07469321E+000   2.76236820E+003   2.75429351E+003  -1.45410671E+001  -2.12064188E+002  -1.97523121E+002   2.75271139E+003  -1.61231828E+001   2.76883457E+003   9.65680886E+000  -2.13646304E+002  -2.03989495E+002
     455       1     1.19999997E+001   7.02611431E+003   8.09145876E+000   2.76213582E+003   2.75404436E+003  -1.45762050E+001  -2.12183897E+002  -1.97607692E+002   2.75245729E+003  -1.61632826E+001   2.76862057E+003   9.67853635E+000  -2.13770974E+002  -2.04092438E+002
     456       1     1.19999997E+001   7.02568407E+003   8.10798978E+000   2.76190583E+003   2.75379784E+003  -1.46099501E+001  -2.12302047E+002  -1.97692097E+002   2.75220473E+003  -1.62030564E+001   2.76840779E+003   9.70109606E+000  -2.13895153E+002  -2.04194057E+002
     457       1     1.19999997E+001   7.02525404E+003   8.12543607E+000   2.76167637E+003   2.75355094E+003  -1.46460581E+001  -2.12420627E+002  -1.97774569E+002   2.75195042E+003  -1.62465778E+001   2.76819699E+003   9.72595579E+000  -2.14021147E+002  -2.04295191E+002
     458       1     1.19999997E+001   7.02482432E+003   8.14223985E+000   2.76144689E+003   2.75330465E+003  -1.46807070E+001  -2.12538690E+002  -1.97857983E+002   2.75169706E+003  -1.62882930E+001   2.76798535E+003   9.74982580E+000  -2.14146276E+002  -2.04396450E+002
     459       1     1.19999997E+001   7.02438920E+003   8.15802067E+000   2.76121353E+003   2.75305551E+003  -1.47151107E+001  -2.12657983E+002  -1.97942872E+002   2.75144166E+003  -1.63289621E+001   2.76777062E+003   9.77187213E+000  -2.14271834E+002  -2.04499962E+002
     460       1     1.19999997E+001   7.02395248E+003   8.17273939E+000   2.76097869E+003   2.75280595E+003  -1.47496144E+001  -2.12777221E+002  -1.98027606E+002   2.75118497E+003  -1.63705957E+001   2.76755557E+003   9.79372067E+000  -2.14398202E+002  -2.04604481E+002
     461       1     1.19999997E+001   7.02351967E+003   8.18711426E+000   2.76074602E+003   2.75255891E+003  -1.47831304E+001  -2.12895107E+002  -1.98111977E+002   2.75093062E+003  -1.64114213E+001   2.76734204E+003   9.81540513E+000  -2.14523398E+002  -2.04707993E+002
     462       1     1.19999997E+001   7.02309515E+003   8.20492445E+000   2.76051939E+003   2.75231447E+003  -1.48184494E+001  -2.13012860E+002  -1.98194410E+002   2.75068133E+003  -1.64515901E+001   2.76713292E+003   9.83806513E+000  -2.14646000E+002  -2.04807935E+002
     463       1     1.19999997E+001   7.02265630E+003   8.21897923E+000   2.76028327E+003   2.75206429E+003  -1.48527528E+001  -2.13132068E+002  -1.98279316E+002   2.75042263E+003  -1.64944199E+001   2.76691705E+003   9.86064634E+000  -2.14773735E+002  -2.04913089E+002
     464       1     1.19999997E+001   7.02221641E+003   8.24029576E+000   2.76004972E+003   2.75180943E+003  -1.48918513E+001  -2.13255645E+002  -1.98363794E+002   2.75016358E+003  -1.65377048E+001   2.76670128E+003   9.88614926E+000  -2.14901498E+002  -2.05015349E+002
     465       1     1.19999997E+001   7.02178164E+003   8.25813426E+000   2.75981796E+003   2.75155982E+003  -1.49280128E+001  -2.13375492E+002  -1.98447479E+002   2.74990639E+003  -1.65814508E+001   2.76648784E+003   9.91157225E+000  -2.15028930E+002  -2.05117358E+002
     466       1     1.19999997E+001   7.02133554E+003   8.27357090E+000   2.75957824E+003   2.75130467E+003  -1.49633444E+001  -2.13497506E+002  -1.98534161E+002   2.74964427E+003  -1.66237488E+001   2.76626801E+003   9.93397537E+000  -2.15157910E+002  -2.05223935E+002
     467       1     1.19999997E+001   7.02089239E+003   8.28807085E+000   2.75934003E+003   2.75105196E+003  -1.49959779E+001  -2.13617958E+002  -1.98621980E+002   2.74938491E+003  -1.66630243E+001   2.76604794E+003   9.95511725E+000  -2.15285005E+002  -2.05329888E+002
     468       1     1.19999997E+001   7.02045561E+003   8.30145881E+000   2.75910380E+003   2.75080234E+003  -1.50302038E+001  -2.13737220E+002  -1.98707016E+002   2.74912974E+003  -1.67028019E+001   2.76583254E+003   9.97405686E+000  -2.15409818E+002  -2.05435761E+002
     469       1     1.19999997E+001   7.02000948E+003   8.31402996E+000   2.75886262E+003   2.75054859E+003  -1.50623849E+001  -2.13857815E+002  -1.98795430E+002   2.74886934E+003  -1.67416417E+001   2.76561098E+003   9.99328672E+000  -2.15537072E+002  -2.05543785E+002
     470       1     1.19999997E+001   7.01956695E+003   8.33095596E+000   2.75862604E+003   2.75029508E+003  -1.50985570E+001  -2.13979232E+002  -1.98880675E+002   2.74860763E+003  -1.67860083E+001   2.76539364E+003   1.00184073E+001  -2.15666683E+002  -2.05648276E+002
     471       1     1.19999997E+001   7.01913378E+003   8.34789256E+000   2.75839439E+003   2.75004650E+003  -1.51331668E+001  -2.14098518E+002  -1.98965351E+002   2.74835322E+003  -1.68264452E+001   2.76517967E+003   1.00411710E+001  -2.15791796E+002  -2.05750626E+002
     472       1     1.19999997E+001   7.01869676E+003   8.36575052E+000   2.75816153E+003   2.74979578E+003  -1.51687430E+001  -2.14218793E+002  -1.99050050E+002   2.74809488E+003  -1.68696424E+001   2.76496452E+003   1.00666500E+001  -2.15919692E+002  -2.05853042E+002
     473       1     1.19999997E+001   7.01825683E+003   8.37866263E+000   2.75792344E+003   2.74954478E+003  -1.52021990E+001  -2.14338475E+002  -1.99136276E+002   2.74783806E+003  -1.69089117E+001   2.76474698E+003   1.00853754E+001  -2.16045188E+002  -2.05959812E+002
     474       1     1.19999997E+001   7.01782280E+003   8.39473209E+000   2.75769052E+003   2.74929579E+003  -1.52386083E+001  -2.14457901E+002  -1.99219293E+002   2.74758197E+003  -1.69524238E+001   2.76453439E+003   1.01085477E+001  -2.16171716E+002  -2.06063169E+002
     475       1     1.19999997E+001   7.01738816E+003   8.41207622E+000   2.75745829E+003   2.74904621E+003  -1.52751911E+001  -2.14577721E+002  -1.99302530E+002   2.74732478E+003  -1.69966177E+001   2.76432140E+003   1.01335028E+001  -2.16299147E+002  -2.06165644E+002
     476       1     1.19999997E+001   7.01694740E+003   8.42894322E+000   2.75722261E+003   2.74879367E+003  -1.53104019E+001  -2.14698685E+002  -1.99388283E+002   2.74706497E+003  -1.70390979E+001   2.76410407E+003   1.01576392E+001  -2.16427381E+002  -2.06269742E+002
     477       1     1.19999997E+001   7.01651497E+003   8.44791016E+000   2.75699247E+003   2.74854456E+003  -1.53474557E+001  -2.14818694E+002  -1.99471238E+002   2.74680911E+003  -1.70829090E+001   2.76389202E+003   1.01833634E+001  -2.16554147E+002  -2.06370784E+002
     478       1     1.19999997E+001   7.01607467E+003   8.46287706E+000   2.75675565E+003   2.74829277E+003  -1.53826706E+001  -2.14939038E+002  -1.99556368E+002   2.74654990E+003  -1.71255390E+001   2.76367544E+003   1.02057454E+001  -2.16681907E+002  -2.06476161E+002
     479       1     1.19999997E+001   7.01564612E+003   8.47843263E+000   2.75652547E+003   2.74804704E+003  -1.54170965E+001  -2.15056828E+002  -1.99639731E+002   2.74629843E+003  -1.71656993E+001   2.76346413E+003   1.02270354E+001  -2.16805431E+002  -2.06578395E+002
     480       1     1.19999997E+001   7.01518680E+003   8.48807903E+000   2.75627498E+003   2.74778690E+003  -1.54482612E+001  -2.15179849E+002  -1.99731587E+002   2.74603204E+003  -1.72031232E+001   2.76323516E+003   1.02429410E+001  -2.16934711E+002  -2.06691770E+002
     481       1     1.19999997E+001   7.01474960E+003   8.50514761E+000   2.75604173E+003   2.74753658E+003  -1.54840461E+001  -2.15299627E+002  -1.99815581E+002   2.74577241E+003  -1.72482156E+001   2.76302063E+003   1.02693171E+001  -2.17063797E+002  -2.06794480E+002
     482       1     1.19999997E+001   7.01430758E+003   8.51934993E+000   2.75580478E+003   2.74728543E+003  -1.55169030E+001  -2.15418812E+002  -1.99901909E+002   2.74551058E+003  -1.72917521E+001   2.76280233E+003   1.02941990E+001  -2.17193661E+002  -2.06899462E+002
     483       1     1.19999997E+001   7.01386026E+003   8.54056043E+000   2.75556792E+003   2.74702736E+003  -1.55527358E+001  -2.15543328E+002  -1.99990592E+002   2.74524789E+003  -1.73322045E+001   2.76258009E+003   1.03200292E+001  -2.17322796E+002  -2.07002767E+002
     484       1     1.19999997E+001   7.01342543E+003   8.55737428E+000   2.75533548E+003   2.74677810E+003  -1.55872836E+001  -2.15662747E+002  -2.00075463E+002   2.74499173E+003  -1.73736555E+001   2.76236539E+003   1.03437462E+001  -2.17449119E+002  -2.07105373E+002
     485       1     1.19999997E+001   7.01298170E+003   8.58009497E+000   2.75510089E+003   2.74652079E+003  -1.56283757E+001  -2.15787552E+002  -2.00159176E+002   2.74472768E+003  -1.74214916E+001   2.76214917E+003   1.03732109E+001  -2.17580668E+002  -2.07207457E+002
     486       1     1.19999997E+001   7.01253050E+003   8.59529629E+000   2.75485876E+003   2.74626347E+003  -1.56624874E+001  -2.15910152E+002  -2.00247665E+002   2.74446190E+003  -1.74640577E+001   2.76192595E+003   1.03968666E+001  -2.17711723E+002  -2.07314856E+002
     487       1     1.19999997E+001   7.01208764E+003   8.61395049E+000   2.75462257E+003   2.74600862E+003  -1.56998523E+001  -2.16032756E+002  -2.00332904E+002   2.74420018E+003  -1.75082909E+001   2.76170847E+003   1.04223890E+001  -2.17841195E+002  -2.07418806E+002
     488       1     1.19999997E+001   7.01164369E+003   8.63427077E+000   2.75438610E+003   2.74575183E+003  -1.57402301E+001  -2.16156962E+002  -2.00416732E+002   2.74393714E+003  -1.75549254E+001   2.76149206E+003   1.04489661E+001  -2.17971658E+002  -2.07522692E+002
     489       1     1.19999997E+001   7.01120255E+003   8.65436691E+000   2.75415138E+003   2.74549702E+003  -1.57782796E+001  -2.16280042E+002  -2.00501763E+002   2.74367692E+003  -1.75983739E+001   2.76127529E+003   1.04744613E+001  -2.18100137E+002  -2.07625676E+002
     490       1     1.19999997E+001   7.01074956E+003   8.66803889E+000   2.75390657E+003   2.74523853E+003  -1.58141336E+001  -2.16403252E+002  -2.00589118E+002   2.74341035E+003  -1.76423184E+001   2.76105266E+003   1.04962237E+001  -2.18231437E+002  -2.07735213E+002
     491       1     1.19999997E+001   7.01031800E+003   8.68579321E+000   2.75367596E+003   2.74499017E+003  -1.58512973E+001  -2.16522732E+002  -2.00671435E+002   2.74315492E+003  -1.76865420E+001   2.76084146E+003   1.05210379E+001  -2.18357977E+002  -2.07836939E+002
     492       1     1.19999997E+001   7.00988061E+003   8.70697027E+000   2.75344324E+003   2.74473627E+003  -1.58939409E+001  -2.16645985E+002  -2.00752044E+002   2.74289430E+003  -1.77359148E+001   2.76063021E+003   1.05489442E+001  -2.18487959E+002  -2.07939014E+002
     493       1     1.19999997E+001   7.00943358E+003   8.72288795E+000   2.75320303E+003   2.74448014E+003  -1.59282047E+001  -2.16768614E+002  -2.00840409E+002   2.74263305E+003  -1.77752975E+001   2.76040835E+003   1.05699808E+001  -2.18615707E+002  -2.08045726E+002
     494       1     1.19999997E+001   7.00900286E+003   8.74396844E+000   2.75297438E+003   2.74423042E+003  -1.59676593E+001  -2.16889693E+002  -2.00922034E+002   2.74237784E+003  -1.78202357E+001   2.76019808E+003   1.05965448E+001  -2.18742270E+002  -2.08145725E+002
     495       1     1.19999997E+001   7.00854894E+003   8.75820511E+000   2.75272871E+003   2.74397050E+003  -1.60038700E+001  -2.17014041E+002  -2.01010171E+002   2.74211252E+003  -1.78618506E+001   2.75997437E+003   1.06161856E+001  -2.18872022E+002  -2.08255836E+002
     496       1     1.19999997E+001   7.00811461E+003   8.77644506E+000   2.75249681E+003   2.74372037E+003  -1.60406014E+001  -2.17134449E+002  -2.01093848E+002   2.74185618E+003  -1.79047910E+001   2.75976097E+003   1.06406347E+001  -2.18998639E+002  -2.08358004E+002
     497       1     1.19999997E+001   7.00767623E+003   8.79312262E+000   2.75226183E+003   2.74346871E+003  -1.60787916E+001  -2.17255166E+002  -2.01176374E+002   2.74159559E+003  -1.79519109E+001   2.75954750E+003   1.06662419E+001  -2.19128285E+002  -2.08462043E+002
     498       1     1.19999997E+001   7.00722640E+003   8.81183279E+000   2.75202300E+003   2.74321117E+003  -1.61134498E+001  -2.17378348E+002  -2.01264898E+002   2.74132909E+003  -1.79955276E+001   2.75932462E+003   1.06939105E+001  -2.19260425E+002  -2.08566515E+002
     499       1     1.19999997E+001   7.00677337E+003   8.83688665E+000   2.75178313E+003   2.74294625E+003  -1.61580223E+001  -2.17507940E+002  -2.01349917E+002   2.74106134E+003  -1.80429271E+001   2.75910427E+003   1.07217915E+001  -2.19392844E+002  -2.08671053E+002
     500       1     1.19999997E+001   7.00632846E+003   8.85750640E+000   2.75154678E+003   2.74268927E+003  -1.61978610E+001  -2.17632005E+002  -2.01434144E+002   2.74079671E+003  -1.80904270E+001   2.75888713E+003   1.07500725E+001  -2.19524571E+002  -2.08774499E+002
