   iLoop   Phase     EVM               SVM                    B5                B4                B2                D6                D1                D4                C1                C5                C3                A6                C2                C3              
       1       1     1.19999997E+001   7.18850044E+003   5.61633917E-002   2.84783216E+003   2.84777599E+003  -6.16123983E-002  -1.66698844E+002  -1.66637232E+002   2.84778579E+003  -5.18171610E-002   2.84783761E+003   4.63681545E-002  -1.66689049E+002  -1.66642681E+002
       2       1     1.19999997E+001   7.18828402E+003   5.71836704E-002   2.84771842E+003   2.84766124E+003  -5.75401755E-002  -1.66749569E+002  -1.66692029E+002   2.84766333E+003  -5.54453079E-002   2.84771878E+003   5.50888028E-002  -1.66747474E+002  -1.66692385E+002
       3       1     1.19999997E+001   7.18806444E+003   5.82176619E-002   2.84760302E+003   2.84754480E+003  -5.34050622E-002  -1.66801036E+002  -1.66747631E+002   2.84753909E+003  -5.91215986E-002   2.84759821E+003   6.39341983E-002  -1.66806752E+002  -1.66742818E+002
       4       1     1.19999997E+001   7.18784325E+003   5.92591558E-002   2.84748678E+003   2.84742752E+003  -4.92395834E-002  -1.66852881E+002  -1.66803641E+002   2.84741393E+003  -6.28238933E-002   2.84747676E+003   7.28434657E-002  -1.66866465E+002  -1.66793621E+002
       5       1     1.19999997E+001   7.18762043E+003   6.03087648E-002   2.84736967E+003   2.84730936E+003  -4.50447607E-002  -1.66905107E+002  -1.66860063E+002   2.84728785E+003  -6.65577399E-002   2.84735441E+003   8.18217439E-002  -1.66926620E+002  -1.66844799E+002
       6       1     1.19999997E+001   7.18739598E+003   6.13655572E-002   2.84725171E+003   2.84719034E+003  -4.08195208E-002  -1.66957718E+002  -1.66916899E+002   2.84716084E+003  -7.03197405E-002   2.84723116E+003   9.08657769E-002  -1.66987219E+002  -1.66896353E+002
       7       1     1.19999997E+001   7.18716994E+003   6.24300873E-002   2.84713291E+003   2.84707048E+003  -3.65649536E-002  -1.67010702E+002  -1.66974137E+002   2.84703293E+003  -7.41091750E-002   2.84710704E+003   9.99743087E-002  -1.67048246E+002  -1.66948272E+002
       8       1     1.19999997E+001   7.18694224E+003   6.35008870E-002   2.84701323E+003   2.84694973E+003  -3.22793023E-002  -1.67064073E+002  -1.67031794E+002   2.84690408E+003  -7.79305316E-002   2.84698201E+003   1.09152116E-001  -1.67109724E+002  -1.67000572E+002
       9       1     1.19999997E+001   7.18671293E+003   6.45789039E-002   2.84689271E+003   2.84682814E+003  -2.79638547E-002  -1.67117820E+002  -1.67089856E+002   2.84677432E+003  -8.17800380E-002   2.84685610E+003   1.18395087E-001  -1.67171637E+002  -1.67053241E+002
      10       1     1.19999997E+001   7.18648202E+003   6.56640308E-002   2.84677135E+003   2.84670568E+003  -2.36180487E-002  -1.67171946E+002  -1.67148328E+002   2.84664365E+003  -8.56561071E-002   2.84672930E+003   1.27702089E-001  -1.67233985E+002  -1.67106282E+002
      11       1     1.19999997E+001   7.18624948E+003   6.67566510E-002   2.84664913E+003   2.84658237E+003  -1.92414886E-002  -1.67226453E+002  -1.67207212E+002   2.84651205E+003  -8.95599760E-002   2.84660161E+003   1.37075138E-001  -1.67296772E+002  -1.67159697E+002
      12       1     1.19999997E+001   7.18601536E+003   6.78574943E-002   2.84652607E+003   2.84645822E+003  -1.48354742E-002  -1.67281332E+002  -1.67266497E+002   2.84637956E+003  -9.34915611E-002   2.84647305E+003   1.46513581E-001  -1.67359988E+002  -1.67213475E+002
      13       1     1.19999997E+001   7.18577962E+003   6.89659828E-002   2.84640217E+003   2.84633320E+003  -1.03993003E-002  -1.67336590E+002  -1.67326191E+002   2.84624615E+003  -9.74505598E-002   2.84634360E+003   1.56017242E-001  -1.67423642E+002  -1.67267624E+002
      14       1     1.19999997E+001   7.18554229E+003   7.00823673E-002   2.84627743E+003   2.84620734E+003  -5.93358245E-003  -1.67392223E+002  -1.67386289E+002   2.84611184E+003  -1.01436015E-001   2.84621328E+003   1.65584800E-001  -1.67487725E+002  -1.67322140E+002
      15       1     1.19999997E+001   7.18530333E+003   7.12058833E-002   2.84615182E+003   2.84608062E+003  -1.43733619E-003  -1.67448237E+002  -1.67446800E+002   2.84597661E+003  -1.05448435E-001   2.84608206E+003   1.75216982E-001  -1.67552248E+002  -1.67377031E+002
      16       1     1.19999997E+001   7.18506277E+003   7.23353823E-002   2.84602538E+003   2.84595304E+003   3.09043071E-003  -1.67504629E+002  -1.67507719E+002   2.84584046E+003  -1.09486675E-001   2.84594995E+003   1.84912488E-001  -1.67617206E+002  -1.67432294E+002
      17       1     1.19999997E+001   7.18482060E+003   7.34726307E-002   2.84589809E+003   2.84582461E+003   7.64845554E-003  -1.67561396E+002  -1.67569044E+002   2.84570341E+003  -1.13551753E-001   2.84581697E+003   1.94672839E-001  -1.67682596E+002  -1.67487923E+002
      18       1     1.19999997E+001   7.18457679E+003   7.46170515E-002   2.84576993E+003   2.84569532E+003   1.22377982E-002  -1.67618548E+002  -1.67630786E+002   2.84556543E+003  -1.17644929E-001   2.84568308E+003   2.04499779E-001  -1.67748431E+002  -1.67543931E+002
      19       1     1.19999997E+001   7.18433131E+003   7.57684487E-002   2.84564089E+003   2.84556512E+003   1.68597850E-002  -1.67676094E+002  -1.67692954E+002   2.84542650E+003  -1.21762925E-001   2.84554827E+003   2.14391158E-001  -1.67814717E+002  -1.67600326E+002
      20       1     1.19999997E+001   7.18408421E+003   7.69266496E-002   2.84551100E+003   2.84543407E+003   2.15129171E-002  -1.67734021E+002  -1.67755533E+002   2.84528666E+003  -1.25906350E-001   2.84541256E+003   2.24345916E-001  -1.67881440E+002  -1.67657094E+002
      21       1     1.19999997E+001   7.18383548E+003   7.80935987E-002   2.84538025E+003   2.84530216E+003   2.61962439E-002  -1.67792329E+002  -1.67818525E+002   2.84514589E+003  -1.30078509E-001   2.84527596E+003   2.34368351E-001  -1.67948604E+002  -1.67714235E+002
      22       1     1.19999997E+001   7.18358513E+003   7.92683267E-002   2.84524866E+003   2.84516939E+003   3.09101028E-002  -1.67851016E+002  -1.67881926E+002   2.84500420E+003  -1.34278503E-001   2.84513848E+003   2.44456932E-001  -1.68016204E+002  -1.67771747E+002
      23       1     1.19999997E+001   7.18333321E+003   8.04512924E-002   2.84511623E+003   2.84503578E+003   3.56539769E-002  -1.67910076E+002  -1.67945730E+002   2.84486162E+003  -1.38504285E-001   2.84500012E+003   2.54609554E-001  -1.68084234E+002  -1.67829624E+002
      24       1     1.19999997E+001   7.18307967E+003   8.16412835E-002   2.84498295E+003   2.84490131E+003   4.04288830E-002  -1.67969512E+002  -1.68009941E+002   2.84471812E+003  -1.42756214E-001   2.84486088E+003   2.64826381E-001  -1.68152697E+002  -1.67887871E+002
      25       1     1.19999997E+001   7.18282454E+003   8.28394886E-002   2.84484883E+003   2.84476599E+003   4.52324965E-002  -1.68029325E+002  -1.68074557E+002   2.84457372E+003  -1.47036419E-001   2.84472076E+003   2.75108404E-001  -1.68221593E+002  -1.67946485E+002
      26       1     1.19999997E+001   7.18256775E+003   8.40438117E-002   2.84471384E+003   2.84462979E+003   5.00686927E-002  -1.68089527E+002  -1.68139596E+002   2.84442838E+003  -1.51343624E-001   2.84457972E+003   2.85456128E-001  -1.68290939E+002  -1.68005483E+002
      27       1     1.19999997E+001   7.18230935E+003   8.52558479E-002   2.84457800E+003   2.84449274E+003   5.49350627E-002  -1.68150104E+002  -1.68205040E+002   2.84428213E+003  -1.55677295E-001   2.84443781E+003   2.95868206E-001  -1.68360717E+002  -1.68064849E+002
      28       1     1.19999997E+001   7.18204936E+003   8.64759046E-002   2.84444132E+003   2.84435484E+003   5.98314478E-002  -1.68211058E+002  -1.68270889E+002   2.84413497E+003  -1.60039796E-001   2.84429501E+003   3.06347149E-001  -1.68430929E+002  -1.68124582E+002
      29       1     1.19999997E+001   7.18178774E+003   8.77038202E-002   2.84430379E+003   2.84421608E+003   6.47573638E-002  -1.68272393E+002  -1.68337151E+002   2.84398689E+003  -1.64432308E-001   2.84415132E+003   3.16893492E-001  -1.68501583E+002  -1.68184689E+002
      30       1     1.19999997E+001   7.18152449E+003   8.89377918E-002   2.84416539E+003   2.84407645E+003   6.97147909E-002  -1.68334111E+002  -1.68403826E+002   2.84383788E+003  -1.68853888E-001   2.84400674E+003   3.27506470E-001  -1.68572680E+002  -1.68245173E+002
      31       1     1.19999997E+001   7.18125964E+003   9.01793187E-002   2.84402615E+003   2.84393597E+003   7.47028631E-002  -1.68396204E+002  -1.68470907E+002   2.84368797E+003  -1.73301391E-001   2.84386127E+003   3.38183573E-001  -1.68644208E+002  -1.68306024E+002
      32       1     1.19999997E+001   7.18099318E+003   9.14280340E-002   2.84388606E+003   2.84379464E+003   7.97216494E-002  -1.68458676E+002  -1.68538398E+002   2.84353714E+003  -1.77775509E-001   2.84371492E+003   3.48925193E-001  -1.68716173E+002  -1.68367248E+002
      33       1     1.19999997E+001   7.18072512E+003   9.26844376E-002   2.84374514E+003   2.84365245E+003   8.47709974E-002  -1.68521523E+002  -1.68606294E+002   2.84338540E+003  -1.82277084E-001   2.84356768E+003   3.59732519E-001  -1.68788571E+002  -1.68428838E+002
      34       1     1.19999997E+001   7.18045545E+003   9.39495722E-002   2.84360336E+003   2.84350941E+003   8.98493425E-002  -1.68584747E+002  -1.68674597E+002   2.84323276E+003  -1.86807017E-001   2.84341956E+003   3.70605931E-001  -1.68861404E+002  -1.68490798E+002
      35       1     1.19999997E+001   7.18018417E+003   9.52226037E-002   2.84346074E+003   2.84336551E+003   9.49578662E-002  -1.68648353E+002  -1.68743310E+002   2.84307919E+003  -1.91363217E-001   2.84327056E+003   3.81543687E-001  -1.68934674E+002  -1.68553130E+002
      36       1     1.19999997E+001   7.17991126E+003   9.65053455E-002   2.84331725E+003   2.84322075E+003   1.00095423E-001  -1.68712342E+002  -1.68812437E+002   2.84292470E+003  -1.95947520E-001   2.84312065E+003   3.92548289E-001  -1.69008385E+002  -1.68615837E+002
      37       1     1.19999997E+001   7.17963668E+003   9.77982902E-002   2.84317289E+003   2.84307509E+003   1.05261396E-001  -1.68776725E+002  -1.68881986E+002   2.84276927E+003  -2.00560225E-001   2.84296983E+003   4.03619911E-001  -1.69082547E+002  -1.68678927E+002
      38       1     1.19999997E+001   7.17936039E+003   9.91024750E-002   2.84302763E+003   2.84292853E+003   1.10457078E-001  -1.68841512E+002  -1.68951969E+002   2.84261287E+003  -2.05202302E-001   2.84281807E+003   4.14761855E-001  -1.69157171E+002  -1.68742409E+002
      39       1     1.19999997E+001   7.17908244E+003   1.00417459E-001   2.84288149E+003   2.84278108E+003   1.15680969E-001  -1.68906691E+002  -1.69022372E+002   2.84245552E+003  -2.09873658E-001   2.84266539E+003   4.25972086E-001  -1.69232246E+002  -1.68806274E+002
      40       1     1.19999997E+001   7.17880282E+003   1.01744221E-001   2.84273448E+003   2.84263274E+003   1.20932497E-001  -1.68972265E+002  -1.69093198E+002   2.84229723E+003  -2.14572373E-001   2.84251180E+003   4.37249092E-001  -1.69307770E+002  -1.68870521E+002
      41       1     1.19999997E+001   7.17852152E+003   1.03081821E-001   2.84258658E+003   2.84248350E+003   1.26214003E-001  -1.69038236E+002  -1.69164450E+002   2.84213799E+003  -2.19298963E-001   2.84235729E+003   4.48594786E-001  -1.69383749E+002  -1.68935154E+002
      42       1     1.19999997E+001   7.17823856E+003   1.04429578E-001   2.84243781E+003   2.84233338E+003   1.31523023E-001  -1.69104599E+002  -1.69236122E+002   2.84197779E+003  -2.24060111E-001   2.84220185E+003   4.60012712E-001  -1.69460182E+002  -1.69000170E+002
      43       1     1.19999997E+001   7.17795393E+003   1.05790000E-001   2.84228816E+003   2.84218237E+003   1.36860485E-001  -1.69171355E+002  -1.69308215E+002   2.84181666E+003  -2.28848888E-001   2.84204551E+003   4.71499373E-001  -1.69537064E+002  -1.69065565E+002
      44       1     1.19999997E+001   7.17766771E+003   1.07160702E-001   2.84213767E+003   2.84203051E+003   1.42225248E-001  -1.69238487E+002  -1.69380713E+002   2.84165462E+003  -2.33667830E-001   2.84188829E+003   4.83053780E-001  -1.69614380E+002  -1.69131327E+002
      45       1     1.19999997E+001   7.17737989E+003   1.08540697E-001   2.84198635E+003   2.84187781E+003   1.47618594E-001  -1.69305995E+002  -1.69453614E+002   2.84149167E+003  -2.38516218E-001   2.84173019E+003   4.94675509E-001  -1.69692130E+002  -1.69197455E+002
      46       1     1.19999997E+001   7.17701377E+003   1.12050712E-001   2.84179351E+003   2.84168146E+003   1.50893459E-001  -1.69393960E+002  -1.69544853E+002   2.84128531E+003  -2.45257779E-001   2.84153057E+003   5.08201950E-001  -1.69790111E+002  -1.69281909E+002
      47       1     1.19999997E+001   7.17663766E+003   1.17467118E-001   2.84159652E+003   2.84147906E+003   1.51537966E-001  -1.69485025E+002  -1.69636563E+002   2.84107088E+003  -2.56635683E-001   2.84132752E+003   5.25640767E-001  -1.69893199E+002  -1.69367558E+002
      48       1     1.19999997E+001   7.17636207E+003   1.19071784E-001   2.84145213E+003   2.84133306E+003   1.57987930E-001  -1.69549438E+002  -1.69707426E+002   2.84091516E+003  -2.59913620E-001   2.84117507E+003   5.36973334E-001  -1.69967340E+002  -1.69430366E+002
      49       1     1.19999997E+001   7.17609201E+003   1.19740393E-001   2.84131020E+003   2.84119046E+003   1.64219344E-001  -1.69612089E+002  -1.69776308E+002   2.84076196E+003  -2.64283195E-001   2.84102624E+003   5.48242932E-001  -1.70040591E+002  -1.69492348E+002
      50       1     1.19999997E+001   7.17582064E+003   1.20319574E-001   2.84116754E+003   2.84104722E+003   1.70584746E-001  -1.69674993E+002  -1.69845578E+002   2.84060806E+003  -2.68578657E-001   2.84087664E+003   5.59482976E-001  -1.70114157E+002  -1.69554674E+002
      51       1     1.19999997E+001   7.17554837E+003   1.20884704E-001   2.84102442E+003   2.84090354E+003   1.77033256E-001  -1.69738073E+002  -1.69915106E+002   2.84045363E+003  -2.72876104E-001   2.84072650E+003   5.70794065E-001  -1.70187982E+002  -1.69617188E+002
      52       1     1.19999997E+001   7.17527504E+003   1.21487557E-001   2.84088077E+003   2.84075928E+003   1.83509231E-001  -1.69801409E+002  -1.69984918E+002   2.84029858E+003  -2.77191240E-001   2.84057577E+003   5.82188028E-001  -1.70262109E+002  -1.69679921E+002
      53       1     1.19999997E+001   7.17500062E+003   1.22039103E-001   2.84073652E+003   2.84061448E+003   1.90059464E-001  -1.69864968E+002  -1.70055027E+002   2.84014293E+003  -2.81494613E-001   2.84042442E+003   5.93593180E-001  -1.70336522E+002  -1.69742929E+002
      54       1     1.19999997E+001   7.17472532E+003   1.22637104E-001   2.84059185E+003   2.84046921E+003   1.96654641E-001  -1.69928731E+002  -1.70125385E+002   2.83998675E+003  -2.85809796E-001   2.84027256E+003   6.05101540E-001  -1.70411195E+002  -1.69806093E+002
      55       1     1.19999997E+001   7.17444903E+003   1.23188341E-001   2.84044664E+003   2.84032345E+003   2.03326210E-001  -1.69992694E+002  -1.70196020E+002   2.83983002E+003  -2.90107993E-001   2.84012013E+003   6.16622544E-001  -1.70486128E+002  -1.69869506E+002
      56       1     1.19999997E+001   7.17417199E+003   1.23654380E-001   2.84030098E+003   2.84017733E+003   2.10054022E-001  -1.70056798E+002  -1.70266852E+002   2.83967289E+003  -2.94379944E-001   2.83996727E+003   6.28088347E-001  -1.70561232E+002  -1.69933144E+002
      57       1     1.19999997E+001   7.17389455E+003   1.23977684E-001   2.84015508E+003   2.84003111E+003   2.17005173E-001  -1.70120879E+002  -1.70337884E+002   2.83951554E+003  -2.98561168E-001   2.83981410E+003   6.39544025E-001  -1.70636446E+002  -1.69996902E+002
      58       1     1.19999997E+001   7.17361739E+003   1.23851314E-001   2.84000924E+003   2.83988538E+003   2.24523242E-001  -1.70184541E+002  -1.70409064E+002   2.83935829E+003  -3.02567950E-001   2.83966086E+003   6.50942506E-001  -1.70711632E+002  -1.70060689E+002
      59       1     1.19999997E+001   7.17334063E+003   1.24284137E-001   2.83986379E+003   2.83973951E+003   2.31407736E-001  -1.70248475E+002  -1.70479883E+002   2.83920119E+003  -3.06910232E-001   2.83950810E+003   6.62602105E-001  -1.70786793E+002  -1.70124191E+002
      60       1     1.19999997E+001   7.17305536E+003   1.24372174E-001   2.83971368E+003   2.83958931E+003   2.38940113E-001  -1.70314217E+002  -1.70553157E+002   2.83903957E+003  -3.10796345E-001   2.83935037E+003   6.74108632E-001  -1.70863953E+002  -1.70189845E+002
      61       1     1.19999997E+001   7.17277433E+003   1.25079862E-001   2.83956605E+003   2.83944097E+003   2.45829999E-001  -1.70379338E+002  -1.70625168E+002   2.83888025E+003  -3.14892042E-001   2.83919514E+003   6.85801903E-001  -1.70940060E+002  -1.70254258E+002
      62       1     1.19999997E+001   7.17249310E+003   1.25322459E-001   2.83941818E+003   2.83929286E+003   2.53155124E-001  -1.70444188E+002  -1.70697344E+002   2.83872077E+003  -3.18928862E-001   2.83903970E+003   6.97406445E-001  -1.71016272E+002  -1.70318866E+002
      63       1     1.19999997E+001   7.17221053E+003   1.25565584E-001   2.83926960E+003   2.83914403E+003   2.60518201E-001  -1.70509346E+002  -1.70769864E+002   2.83856052E+003  -3.22989763E-001   2.83888351E+003   7.09073548E-001  -1.71092854E+002  -1.70383780E+002
      64       1     1.19999997E+001   7.17192652E+003   1.25762990E-001   2.83912024E+003   2.83899447E+003   2.67956336E-001  -1.70574812E+002  -1.70842769E+002   2.83839947E+003  -3.27043335E-001   2.83872652E+003   7.20762661E-001  -1.71169812E+002  -1.70449049E+002
      65       1     1.19999997E+001   7.17164104E+003   1.25944340E-001   2.83897008E+003   2.83884414E+003   2.75430230E-001  -1.70640617E+002  -1.70916047E+002   2.83823759E+003  -3.31113120E-001   2.83856871E+003   7.32487690E-001  -1.71247160E+002  -1.70514673E+002
      66       1     1.19999997E+001   7.17135393E+003   1.26104020E-001   2.83881906E+003   2.83869295E+003   2.82943462E-001  -1.70706791E+002  -1.70989734E+002   2.83807479E+003  -3.35220656E-001   2.83841001E+003   7.44268138E-001  -1.71324955E+002  -1.70580687E+002
      67       1     1.19999997E+001   7.17106513E+003   1.26240958E-001   2.83866711E+003   2.83854087E+003   2.90484729E-001  -1.70773352E+002  -1.71063837E+002   2.83791101E+003  -3.39381863E-001   2.83825039E+003   7.56107550E-001  -1.71403219E+002  -1.70647111E+002
      68       1     1.19999997E+001   7.17077432E+003   1.26968128E-001   2.83851425E+003   2.83838728E+003   2.97111907E-001  -1.70840831E+002  -1.71137943E+002   2.83774590E+003  -3.44272881E-001   2.83809017E+003   7.68352916E-001  -1.71482216E+002  -1.70713863E+002
      69       1     1.19999997E+001   7.17047245E+003   1.28488826E-001   2.83835585E+003   2.83822736E+003   3.03528593E-001  -1.70911368E+002  -1.71214897E+002   2.83757475E+003  -3.49075216E-001   2.83792383E+003   7.81092636E-001  -1.71563972E+002  -1.70782879E+002
      70       1     1.19999997E+001   7.17017523E+003   1.28936732E-001   2.83819974E+003   2.83807080E+003   3.10860462E-001  -1.70979912E+002  -1.71290772E+002   2.83740558E+003  -3.54358121E-001   2.83775994E+003   7.94155316E-001  -1.71645130E+002  -1.70850975E+002
      71       1     1.19999997E+001   7.16987573E+003   1.30046816E-001   2.83804240E+003   2.83791235E+003   3.17502865E-001  -1.71049669E+002  -1.71367172E+002   2.83723576E+003  -3.59091150E-001   2.83759485E+003   8.06640831E-001  -1.71726263E+002  -1.70919622E+002
      72       1     1.19999997E+001   7.16957369E+003   1.30678765E-001   2.83788377E+003   2.83775310E+003   3.24580475E-001  -1.71119484E+002  -1.71444064E+002   2.83706376E+003  -3.64759812E-001   2.83742852E+003   8.20019052E-001  -1.71808824E+002  -1.70988805E+002
      73       1     1.19999997E+001   7.16927191E+003   1.30998528E-001   2.83772504E+003   2.83759404E+003   3.32112415E-001  -1.71189172E+002  -1.71521285E+002   2.83689247E+003  -3.69454397E-001   2.83726193E+003   8.32565339E-001  -1.71890739E+002  -1.71058174E+002
      74       1     1.19999997E+001   7.16896790E+003   1.31231805E-001   2.83756505E+003   2.83743382E+003   3.39732591E-001  -1.71259371E+002  -1.71599103E+002   2.83672003E+003  -3.74053033E-001   2.83709408E+003   8.45017429E-001  -1.71973156E+002  -1.71128139E+002
      75       1     1.19999997E+001   7.16866185E+003   1.31482098E-001   2.83740397E+003   2.83727248E+003   3.47381744E-001  -1.71330068E+002  -1.71677450E+002   2.83654646E+003  -3.78644207E-001   2.83692510E+003   8.57508049E-001  -1.72056094E+002  -1.71198586E+002
      76       1     1.19999997E+001   7.16835362E+003   1.31770481E-001   2.83724178E+003   2.83711001E+003   3.55083714E-001  -1.71401261E+002  -1.71756345E+002   2.83637159E+003  -3.83336872E-001   2.83675493E+003   8.70191066E-001  -1.72139681E+002  -1.71269490E+002
      77       1     1.19999997E+001   7.16804257E+003   1.32204276E-001   2.83707813E+003   2.83694592E+003   3.62660321E-001  -1.71473232E+002  -1.71835892E+002   2.83619516E+003  -3.88106004E-001   2.83658326E+003   8.82970600E-001  -1.72223998E+002  -1.71341027E+002
      78       1     1.19999997E+001   7.16772871E+003   1.32654099E-001   2.83691295E+003   2.83678030E+003   3.70201114E-001  -1.71545907E+002  -1.71916108E+002   2.83601716E+003  -3.92930323E-001   2.83641009E+003   8.95785537E-001  -1.72309038E+002  -1.71413253E+002
      79       1     1.19999997E+001   7.16740786E+003   1.28480670E-001   2.83674131E+003   2.83661283E+003   3.80063156E-001  -1.71618348E+002  -1.71998411E+002   2.83583644E+003  -3.96331137E-001   2.83623277E+003   9.04874963E-001  -1.72394742E+002  -1.71489867E+002
      80       1     1.19999997E+001   7.16708625E+003   1.29600211E-001   2.83657223E+003   2.83644263E+003   3.87360795E-001  -1.71693298E+002  -1.72080658E+002   2.83565439E+003  -4.00881184E-001   2.83605527E+003   9.17842190E-001  -1.72481540E+002  -1.71563697E+002
      81       1     1.19999997E+001   7.16676318E+003   1.29971470E-001   2.83640220E+003   2.83627223E+003   3.95648272E-001  -1.71768022E+002  -1.72163670E+002   2.83547154E+003  -4.05044852E-001   2.83587658E+003   9.30664594E-001  -1.72568715E+002  -1.71638050E+002
      82       1     1.19999997E+001   7.16643960E+003   1.30634167E-001   2.83623195E+003   2.83610132E+003   4.03240393E-001  -1.71843099E+002  -1.72246340E+002   2.83528808E+003  -4.09992641E-001   2.83569808E+003   9.43867201E-001  -1.72656332E+002  -1.71712465E+002
      83       1     1.19999997E+001   7.16610369E+003   1.28875530E-001   2.83605318E+003   2.83592431E+003   4.10977042E-001  -1.71920617E+002  -1.72331594E+002   2.83509867E+003  -4.14663873E-001   2.83551333E+003   9.54516445E-001  -1.72746258E+002  -1.71791742E+002
      84       1     1.19999997E+001   7.16576881E+003   1.27967812E-001   2.83587637E+003   2.83574841E+003   4.22090961E-001  -1.71997335E+002  -1.72419426E+002   2.83491071E+003  -4.15608947E-001   2.83532631E+003   9.65667720E-001  -1.72835035E+002  -1.71869368E+002
      85       1     1.19999997E+001   7.16542714E+003   1.30054671E-001   2.83569656E+003   2.83556650E+003   4.28277367E-001  -1.72078040E+002  -1.72506317E+002   2.83471805E+003  -4.20176709E-001   2.83513823E+003   9.78508748E-001  -1.72926494E+002  -1.71947985E+002
      86       1     1.19999997E+001   7.16509222E+003   1.30633029E-001   2.83552023E+003   2.83538959E+003   4.36380517E-001  -1.72155751E+002  -1.72592131E+002   2.83452850E+003  -4.24710286E-001   2.83495321E+003   9.91723832E-001  -1.73016842E+002  -1.72025118E+002
      87       1     1.19999997E+001   7.16474541E+003   1.29401956E-001   2.83533638E+003   2.83520697E+003   4.44203439E-001  -1.72235645E+002  -1.72679849E+002   2.83433175E+003  -4.31018362E-001   2.83476277E+003   1.00462376E+000  -1.73110867E+002  -1.72106243E+002
      88       1     1.19999997E+001   7.16439861E+003   1.31124760E-001   2.83515352E+003   2.83502240E+003   4.50089885E-001  -1.72317502E+002  -1.72767592E+002   2.83413600E+003  -4.36302462E-001   2.83457231E+003   1.01751711E+000  -1.73203894E+002  -1.72186377E+002
      89       1     1.19999997E+001   7.16405391E+003   1.32158586E-001   2.83497211E+003   2.83483995E+003   4.57460156E-001  -1.72397848E+002  -1.72855308E+002   2.83394059E+003  -4.41896395E-001   2.83438249E+003   1.03151514E+000  -1.73297204E+002  -1.72265689E+002
      90       1     1.19999997E+001   7.16370865E+003   1.32845554E-001   2.83479022E+003   2.83465738E+003   4.65230654E-001  -1.72478149E+002  -1.72943379E+002   2.83374506E+003  -4.47089087E-001   2.83419215E+003   1.04516529E+000  -1.73390468E+002  -1.72345303E+002
      91       1     1.19999997E+001   7.16336001E+003   1.34073005E-001   2.83460691E+003   2.83447283E+003   4.72679762E-001  -1.72559422E+002  -1.73032102E+002   2.83354724E+003  -4.52916292E-001   2.83400015E+003   1.05966906E+000  -1.73485018E+002  -1.72425349E+002
      92       1     1.19999997E+001   7.16300693E+003   1.35582746E-001   2.83442128E+003   2.83428570E+003   4.79550659E-001  -1.72641970E+002  -1.73121521E+002   2.83334666E+003  -4.59481942E-001   2.83380615E+003   1.07461535E+000  -1.73581003E+002  -1.72506387E+002
      93       1     1.19999997E+001   7.16263647E+003   1.36345494E-001   2.83422662E+003   2.83409027E+003   4.88539215E-001  -1.72727653E+002  -1.73216192E+002   2.83313602E+003  -4.65715567E-001   2.83360173E+003   1.09060028E+000  -1.73681908E+002  -1.72591307E+002
      94       1     1.19999997E+001   7.16227885E+003   1.37584004E-001   2.83403836E+003   2.83390078E+003   4.95971058E-001  -1.72811212E+002  -1.73307183E+002   2.83293347E+003  -4.71338940E-001   2.83340481E+003   1.10489400E+000  -1.73778522E+002  -1.72673628E+002
      95       1     1.19999997E+001   7.16191643E+003   1.38087888E-001   2.83384746E+003   2.83370937E+003   5.05149816E-001  -1.72895259E+002  -1.73400409E+002   2.83272868E+003  -4.75534887E-001   2.83320422E+003   1.11877259E+000  -1.73875944E+002  -1.72757172E+002
      96       1     1.19999997E+001   7.16153119E+003   1.42776393E-001   2.83364510E+003   2.83350233E+003   5.07702456E-001  -1.72988178E+002  -1.73495881E+002   2.83251038E+003  -4.84242894E-001   2.83299462E+003   1.13472174E+000  -1.73980123E+002  -1.72845402E+002
      97       1     1.19999997E+001   7.16115886E+003   1.46791987E-001   2.83344988E+003   2.83330308E+003   5.12532333E-001  -1.73077120E+002  -1.73589653E+002   2.83229967E+003  -4.90876657E-001   2.83279055E+003   1.15020098E+000  -1.74080529E+002  -1.72930328E+002
      98       1     1.19999997E+001   7.16068048E+003   1.50382318E-001   2.83320021E+003   2.83304983E+003   5.23673505E-001  -1.73188652E+002  -1.73712325E+002   2.83202721E+003  -4.98942230E-001   2.83252615E+003   1.17299805E+000  -1.74211268E+002  -1.73038270E+002
      99       1     1.19999997E+001   7.16023895E+003   1.50883149E-001   2.83296579E+003   2.83281490E+003   5.30232578E-001  -1.73292770E+002  -1.73823003E+002   2.83177836E+003  -5.06316705E-001   2.83228467E+003   1.18743243E+000  -1.74329320E+002  -1.73141887E+002
     100       1     1.19999997E+001   7.15988821E+003   1.52340630E-001   2.83278129E+003   2.83262895E+003   5.37261376E-001  -1.73374811E+002  -1.73912072E+002   2.83157942E+003  -5.12277074E-001   2.83209169E+003   1.20187908E+000  -1.74424350E+002  -1.73222470E+002
     101       1     1.19999997E+001   7.15953701E+003   1.54043009E-001   2.83259660E+003   2.83244256E+003   5.44074742E-001  -1.73457156E+002  -1.74001231E+002   2.83138032E+003  -5.18159424E-001   2.83189848E+003   1.21627717E+000  -1.74519391E+002  -1.73303113E+002
     102       1     1.19999997E+001   7.15918364E+003   1.56095711E-001   2.83241086E+003   2.83225476E+003   5.50568844E-001  -1.73540257E+002  -1.74090826E+002   2.83118003E+003  -5.24161919E-001   2.83170420E+003   1.23082647E+000  -1.74614988E+002  -1.73384161E+002
     103       1     1.19999997E+001   7.15881279E+003   1.57799236E-001   2.83221678E+003   2.83205898E+003   5.60000496E-001  -1.73626166E+002  -1.74186167E+002   2.83096898E+003  -5.29997490E-001   2.83149898E+003   1.24779722E+000  -1.74716164E+002  -1.73468367E+002
     104       1     1.19999997E+001   7.15833681E+003   1.74076825E-001   2.83197446E+003   2.83180038E+003   5.61826096E-001  -1.73743733E+002  -1.74305559E+002   2.83069565E+003  -5.42905859E-001   2.83123856E+003   1.27880878E+000  -1.74848465E+002  -1.73569656E+002
     105       1     1.19999997E+001   7.15795926E+003   1.73484563E-001   2.83177514E+003   2.83160166E+003   5.73351172E-001  -1.73830592E+002  -1.74403944E+002   2.83048322E+003  -5.45090189E-001   2.83102831E+003   1.29192592E+000  -1.74949034E+002  -1.73657108E+002
     106       1     1.19999997E+001   7.15757736E+003   1.74361632E-001   2.83157350E+003   2.83139913E+003   5.80944527E-001  -1.73919964E+002  -1.74500909E+002   2.83026733E+003  -5.50863288E-001   2.83081819E+003   1.30616945E+000  -1.75051772E+002  -1.73745602E+002
     107       1     1.19999997E+001   7.15723504E+003   1.75078554E-001   2.83139280E+003   2.83121772E+003   5.87849824E-001  -1.73999948E+002  -1.74587798E+002   2.83007358E+003  -5.56286634E-001   2.83062987E+003   1.31921501E+000  -1.75144084E+002  -1.73824869E+002
     108       1     1.19999997E+001   7.15689067E+003   1.75909065E-001   2.83121114E+003   2.83103523E+003   5.94626842E-001  -1.74080402E+002  -1.74675029E+002   2.82987838E+003  -5.62222446E-001   2.83044060E+003   1.33275835E+000  -1.75237251E+002  -1.73904493E+002
     109       1     1.19999997E+001   7.15654674E+003   1.77046778E-001   2.83102969E+003   2.83085265E+003   6.00691272E-001  -1.74161073E+002  -1.74761764E+002   2.82968336E+003  -5.68591762E-001   2.83025195E+003   1.34632981E+000  -1.75330356E+002  -1.73984026E+002
     110       1     1.19999997E+001   7.15620345E+003   1.77847087E-001   2.83084841E+003   2.83067056E+003   6.07082158E-001  -1.74241436E+002  -1.74848518E+002   2.82948889E+003  -5.74584628E-001   2.83006348E+003   1.35951387E+000  -1.75423102E+002  -1.74063588E+002
     111       1     1.19999997E+001   7.15585669E+003   1.78783542E-001   2.83066541E+003   2.83048662E+003   6.13748647E-001  -1.74322624E+002  -1.74936373E+002   2.82929259E+003  -5.80287628E-001   2.82987287E+003   1.37281982E+000  -1.75516660E+002  -1.74143840E+002
     112       1     1.19999997E+001   7.15548623E+003   1.79666300E-001   2.83046989E+003   2.83029022E+003   6.20970121E-001  -1.74409242E+002  -1.75030212E+002   2.82908269E+003  -5.86560390E-001   2.82966925E+003   1.38719681E+000  -1.75616773E+002  -1.74229576E+002
     113       1     1.19999997E+001   7.15510637E+003   1.81394820E-001   2.83027181E+003   2.83009041E+003   6.30538650E-001  -1.74496491E+002  -1.75127030E+002   2.82886412E+003  -5.95748928E-001   2.82945987E+003   1.40768240E+000  -1.75722779E+002  -1.74315097E+002
     114       1     1.19999997E+001   7.15473619E+003   1.84444940E-001   2.83007778E+003   2.82989334E+003   6.38309755E-001  -1.74583866E+002  -1.75222176E+002   2.82865524E+003  -5.99792224E-001   2.82925503E+003   1.42254692E+000  -1.75821968E+002  -1.74399421E+002
     115       1     1.19999997E+001   7.15435625E+003   1.94156212E-001   2.82987975E+003   2.82968559E+003   6.34929640E-001  -1.74679023E+002  -1.75313952E+002   2.82843935E+003  -6.11312244E-001   2.82905066E+003   1.44039810E+000  -1.75925265E+002  -1.74484866E+002
     116       1     1.19999997E+001   7.15398820E+003   1.94363474E-001   2.82968553E+003   2.82949117E+003   6.43268478E-001  -1.74764373E+002  -1.75407641E+002   2.82823051E+003  -6.17390589E-001   2.82884790E+003   1.45502254E+000  -1.76025032E+002  -1.74570009E+002
     117       1     1.19999997E+001   7.15364373E+003   1.93793683E-001   2.82950309E+003   2.82930930E+003   6.51999763E-001  -1.74844157E+002  -1.75496157E+002   2.82803645E+003  -6.20849387E-001   2.82865730E+003   1.46664283E+000  -1.76117007E+002  -1.74650364E+002
     118       1     1.19999997E+001   7.15330515E+003   1.94022080E-001   2.82932376E+003   2.82912974E+003   6.57875300E-001  -1.74923376E+002  -1.75581252E+002   2.82784461E+003  -6.27259042E-001   2.82847186E+003   1.47915642E+000  -1.76208511E+002  -1.74729354E+002
     119       1     1.19999997E+001   7.15295777E+003   1.93487564E-001   2.82913959E+003   2.82894610E+003   6.64846705E-001  -1.75004064E+002  -1.75668910E+002   2.82764771E+003  -6.33546610E-001   2.82828126E+003   1.49188088E+000  -1.76302457E+002  -1.74810576E+002
     120       1     1.19999997E+001   7.15261823E+003   1.93761593E-001   2.82895972E+003   2.82876596E+003   6.70475193E-001  -1.75083577E+002  -1.75754053E+002   2.82745521E+003  -6.40279283E-001   2.82809549E+003   1.50451607E+000  -1.76394332E+002  -1.74889816E+002
     121       1     1.19999997E+001   7.15226515E+003   1.94235016E-001   2.82877249E+003   2.82857826E+003   6.75860306E-001  -1.75166641E+002  -1.75842501E+002   2.82725550E+003  -6.46893265E-001   2.82790240E+003   1.51698859E+000  -1.76489394E+002  -1.74972406E+002
     122       1     1.19999997E+001   7.15192572E+003   1.94494144E-001   2.82859263E+003   2.82839813E+003   6.81587256E-001  -1.75246163E+002  -1.75927750E+002   2.82706326E+003  -6.53290409E-001   2.82771655E+003   1.52937181E+000  -1.76581041E+002  -1.75051669E+002
     123       1     1.19999997E+001   7.15158346E+003   1.95448069E-001   2.82841156E+003   2.82821611E+003   6.86623769E-001  -1.75326754E+002  -1.76013377E+002   2.82686921E+003  -6.60276558E-001   2.82752948E+003   1.54234840E+000  -1.76673654E+002  -1.75131305E+002
     124       1     1.19999997E+001   7.15123882E+003   1.96225471E-001   2.82822931E+003   2.82803308E+003   6.91812273E-001  -1.75407634E+002  -1.76099446E+002   2.82667328E+003  -6.67992780E-001   2.82734127E+003   1.55603052E+000  -1.76767439E+002  -1.75211409E+002
     125       1     1.19999997E+001   7.15089788E+003   1.96460305E-001   2.82804857E+003   2.82785211E+003   6.97296292E-001  -1.75487555E+002  -1.76184852E+002   2.82648005E+003  -6.74762959E-001   2.82715481E+003   1.56851956E+000  -1.76859615E+002  -1.75291095E+002
     126       1     1.19999997E+001   7.15055485E+003   1.96258772E-001   2.82786648E+003   2.82767022E+003   7.03306387E-001  -1.75567765E+002  -1.76271071E+002   2.82628596E+003  -6.80957557E-001   2.82696692E+003   1.58052272E+000  -1.76952029E+002  -1.75371506E+002
     127       1     1.19999997E+001   7.15020413E+003   1.97359174E-001   2.82768101E+003   2.82748365E+003   7.08752573E-001  -1.75650383E+002  -1.76359136E+002   2.82608734E+003  -6.87556896E-001   2.82677490E+003   1.59366864E+000  -1.77046693E+002  -1.75453024E+002
     128       1     1.19999997E+001   7.14985749E+003   1.96417047E-001   2.82749649E+003   2.82730007E+003   7.15028269E-001  -1.75731218E+002  -1.76446246E+002   2.82589149E+003  -6.93555000E-001   2.82658505E+003   1.60500032E+000  -1.77139801E+002  -1.75534801E+002
     129       1     1.19999997E+001   7.14950321E+003   1.96610696E-001   2.82730851E+003   2.82711190E+003   7.19943353E-001  -1.75814377E+002  -1.76534320E+002   2.82569028E+003  -7.01684476E-001   2.82639196E+003   1.61823853E+000  -1.77236005E+002  -1.75617766E+002
     130       1     1.19999997E+001   7.14914198E+003   1.95619410E-001   2.82711568E+003   2.82692006E+003   7.26382350E-001  -1.75899147E+002  -1.76625529E+002   2.82548767E+003  -7.06013655E-001   2.82619368E+003   1.62801542E+000  -1.77331543E+002  -1.75703527E+002
     131       1     1.19999997E+001   7.14878403E+003   1.97664897E-001   2.82692666E+003   2.82672899E+003   7.29687317E-001  -1.75984110E+002  -1.76713797E+002   2.82528367E+003  -7.15637114E-001   2.82599931E+003   1.64298933E+000  -1.77429434E+002  -1.75786445E+002
     132       1     1.19999997E+001   7.14843344E+003   1.97415369E-001   2.82674047E+003   2.82654306E+003   7.35661507E-001  -1.76066121E+002  -1.76801783E+002   2.82508524E+003  -7.22162240E-001   2.82580740E+003   1.65523912E+000  -1.77523945E+002  -1.75868706E+002
     133       1     1.19999997E+001   7.14808289E+003   1.96948652E-001   2.82655419E+003   2.82635724E+003   7.41825513E-001  -1.76148028E+002  -1.76889854E+002   2.82488695E+003  -7.28465220E-001   2.82561542E+003   1.66723939E+000  -1.77618319E+002  -1.75951080E+002
     134       1     1.19999997E+001   7.14772542E+003   1.95513527E-001   2.82636387E+003   2.82616836E+003   7.49730888E-001  -1.76230944E+002  -1.76980675E+002   2.82468548E+003  -7.33147987E-001   2.82541863E+003   1.67839240E+000  -1.77713823E+002  -1.76035431E+002
     135       1     1.19999997E+001   7.14737195E+003   1.94888788E-001   2.82617590E+003   2.82598101E+003   7.55958786E-001  -1.76313505E+002  -1.77069464E+002   2.82448560E+003  -7.39454644E-001   2.82522505E+003   1.69030222E+000  -1.77808919E+002  -1.76118617E+002
     136       1     1.19999997E+001   7.14700720E+003   1.95972713E-001   2.82598325E+003   2.82578728E+003   7.61174190E-001  -1.76399111E+002  -1.77160285E+002   2.82427762E+003  -7.48480035E-001   2.82502610E+003   1.70562694E+000  -1.77908765E+002  -1.76203138E+002
     137       1     1.19999997E+001   7.14663015E+003   1.92851608E-001   2.82578151E+003   2.82558866E+003   7.69747000E-001  -1.76485952E+002  -1.77255699E+002   2.82406509E+003  -7.53820497E-001   2.82481891E+003   1.71641911E+000  -1.78009520E+002  -1.76293101E+002
     138       1     1.19999997E+001   7.14625724E+003   1.92609114E-001   2.82558439E+003   2.82539179E+003   7.77072506E-001  -1.76572277E+002  -1.77349349E+002   2.82385220E+003  -7.62512042E-001   2.82461471E+003   1.73219366E+000  -1.78111861E+002  -1.76379667E+002
     139       1     1.19999997E+001   7.14589339E+003   1.91923076E-001   2.82539078E+003   2.82519886E+003   7.84673982E-001  -1.76657335E+002  -1.77442009E+002   2.82364788E+003  -7.66309669E-001   2.82441419E+003   1.74290673E+000  -1.78208319E+002  -1.76465412E+002
     140       1     1.19999997E+001   7.14553703E+003   1.90908902E-001   2.82520091E+003   2.82501000E+003   7.91120590E-001  -1.76740551E+002  -1.77531672E+002   2.82344682E+003  -7.72057699E-001   2.82421888E+003   1.75408719E+000  -1.78303729E+002  -1.76549642E+002
     141       1     1.19999997E+001   7.14516161E+003   1.89996953E-001   2.82500115E+003   2.82481116E+003   7.98280828E-001  -1.76828091E+002  -1.77626372E+002   2.82323483E+003  -7.78046455E-001   2.82401288E+003   1.76632424E+000  -1.78404419E+002  -1.76638094E+002
     142       1     1.19999997E+001   7.14480336E+003   1.89126107E-001   2.82481037E+003   2.82462124E+003   8.04467072E-001  -1.76911795E+002  -1.77716262E+002   2.82303238E+003  -7.84395285E-001   2.82381677E+003   1.77798846E+000  -1.78500658E+002  -1.76722669E+002
     143       1     1.19999997E+001   7.14444017E+003   1.87564358E-001   2.82461651E+003   2.82442894E+003   8.11737343E-001  -1.76996415E+002  -1.77808152E+002   2.82282809E+003  -7.89110996E-001   2.82361721E+003   1.78841270E+000  -1.78597263E+002  -1.76808850E+002
     144       1     1.19999997E+001   7.14407871E+003   1.85498182E-001   2.82442308E+003   2.82423758E+003   8.18323744E-001  -1.77080612E+002  -1.77898936E+002   2.82262458E+003  -7.94675465E-001   2.82341925E+003   1.79849739E+000  -1.78693611E+002  -1.76895114E+002
     145       1     1.19999997E+001   7.14371014E+003   1.82929440E-001   2.82422565E+003   2.82404272E+003   8.24746405E-001  -1.77166193E+002  -1.77990939E+002   2.82241641E+003  -8.01565034E-001   2.82321798E+003   1.80924088E+000  -1.78792504E+002  -1.76983263E+002
     146       1     1.19999997E+001   7.14334196E+003   1.80992635E-001   2.82402928E+003   2.82384828E+003   8.33736348E-001  -1.77251467E+002  -1.78085203E+002   2.82220974E+003  -8.04805712E-001   2.82301455E+003   1.81953470E+000  -1.78890009E+002  -1.77070474E+002
     147       1     1.19999997E+001   7.14297289E+003   1.80852482E-001   2.82383331E+003   2.82365246E+003   8.38575674E-001  -1.77337861E+002  -1.78176436E+002   2.82199932E+003  -8.14557544E-001   2.82281388E+003   1.83398570E+000  -1.78990994E+002  -1.77157008E+002
     148       1     1.19999997E+001   7.14260218E+003   1.81104530E-001   2.82363649E+003   2.82345539E+003   8.43616473E-001  -1.77425015E+002  -1.78268631E+002   2.82178890E+003  -8.22874813E-001   2.82261177E+003   1.84759582E+000  -1.79091506E+002  -1.77243910E+002
     149       1     1.19999997E+001   7.14223751E+003   1.79347586E-001   2.82344165E+003   2.82326230E+003   8.50511190E-001  -1.77509977E+002  -1.78360489E+002   2.82158351E+003  -8.28273030E-001   2.82241179E+003   1.85813181E+000  -1.79188762E+002  -1.77330630E+002
     150       1     1.19999997E+001   7.14186043E+003   1.76294721E-001   2.82323922E+003   2.82306292E+003   8.58380614E-001  -1.77597539E+002  -1.78455920E+002   2.82137222E+003  -8.32319633E-001   2.82220454E+003   1.86699497E+000  -1.79288239E+002  -1.77421244E+002
     151       1     1.19999997E+001   7.14142154E+003   1.78979892E-001   2.82300621E+003   2.82282723E+003   8.59945704E-001  -1.77703091E+002  -1.78563037E+002   2.82112338E+003  -8.43910253E-001   2.82196729E+003   1.88283585E+000  -1.79406947E+002  -1.77524111E+002
     152       1     1.19999997E+001   7.14098437E+003   1.75268392E-001   2.82277089E+003   2.82259562E+003   8.66888900E-001  -1.77805070E+002  -1.78671959E+002   2.82087779E+003  -8.50947349E-001   2.82172873E+003   1.89310464E+000  -1.79522907E+002  -1.77629802E+002
     153       1     1.19999997E+001   7.14049005E+003   1.81355108E-001   2.82250892E+003   2.82232757E+003   8.67235649E-001  -1.77926545E+002  -1.78793781E+002   2.82060080E+003  -8.59536381E-001   2.82146033E+003   1.90812714E+000  -1.79653317E+002  -1.77745190E+002
     154       1     1.19999997E+001   7.14007815E+003   1.73297273E-001   2.82228596E+003   2.82211266E+003   8.78453175E-001  -1.78019308E+002  -1.78897761E+002   2.82036864E+003  -8.65565636E-001   2.82123421E+003   1.91731608E+000  -1.79763327E+002  -1.77846010E+002
     155       1     1.19999997E+001   7.13963499E+003   1.75690851E-001   2.82205073E+003   2.82187503E+003   8.82941698E-001  -1.78125515E+002  -1.79008457E+002   2.82011944E+003  -8.72655855E-001   2.82099209E+003   1.93128840E+000  -1.79881113E+002  -1.77949824E+002
     156       1     1.19999997E+001   7.13929068E+003   1.72153600E-001   2.82186609E+003   2.82169394E+003   8.91985765E-001  -1.78204508E+002  -1.79096494E+002   2.81992619E+003  -8.75762992E-001   2.82080195E+003   1.93990236E+000  -1.79972257E+002  -1.78032355E+002
     157       1     1.19999997E+001   7.13894590E+003   1.72623509E-001   2.82168285E+003   2.82151023E+003   8.97304901E-001  -1.78285966E+002  -1.79183271E+002   2.81973199E+003  -8.80938493E-001   2.82061293E+003   1.95086690E+000  -1.80064209E+002  -1.78113342E+002
     158       1     1.19999997E+001   7.13860141E+003   1.71813832E-001   2.82149950E+003   2.82132768E+003   9.05003455E-001  -1.78366350E+002  -1.79271353E+002   2.81953860E+003  -8.84084682E-001   2.82042268E+003   1.96090197E+000  -1.80155438E+002  -1.78194536E+002
     159       1     1.19999997E+001   7.13826162E+003   1.68677852E-001   2.82131766E+003   2.82114898E+003   9.14349145E-001  -1.78444279E+002  -1.79358628E+002   2.81934784E+003  -8.86789930E-001   2.82023463E+003   1.96981693E+000  -1.80245418E+002  -1.78275601E+002
     160       1     1.19999997E+001   7.13792161E+003   1.67945346E-001   2.82113645E+003   2.82096851E+003   9.20403826E-001  -1.78523917E+002  -1.79444320E+002   2.81915625E+003  -8.91859818E-001   2.82004811E+003   1.98020899E+000  -1.80336180E+002  -1.78355971E+002
     161       1     1.19999997E+001   7.13757767E+003   1.64441512E-001   2.82095215E+003   2.82078771E+003   9.29244667E-001  -1.78602708E+002  -1.79531952E+002   2.81896259E+003  -8.95876710E-001   2.81985847E+003   1.98956289E+000  -1.80427829E+002  -1.78438266E+002
     162       1     1.19999997E+001   7.13721699E+003   1.64775006E-001   2.82076047E+003   2.82059570E+003   9.34579806E-001  -1.78687755E+002  -1.79622335E+002   2.81875883E+003  -9.02281290E-001   2.81966112E+003   2.00163610E+000  -1.80524616E+002  -1.78522980E+002
     163       1     1.19999997E+001   7.13688369E+003   1.62433014E-001   2.82058233E+003   2.82041989E+003   9.42269052E-001  -1.78764704E+002  -1.79706973E+002   2.81857101E+003  -9.06614313E-001   2.81947762E+003   2.01131638E+000  -1.80613587E+002  -1.78602271E+002
     164       1     1.19999997E+001   7.13654463E+003   1.58850095E-001   2.82040034E+003   2.82024149E+003   9.50272588E-001  -1.78842543E+002  -1.79792815E+002   2.81838000E+003  -9.11220837E-001   2.81929122E+003   2.02034352E+000  -1.80704036E+002  -1.78683693E+002
     165       1     1.19999997E+001   7.13616519E+003   1.54583582E-001   2.82019646E+003   2.82004188E+003   9.60014619E-001  -1.78929617E+002  -1.79889632E+002   2.81816717E+003  -9.14691150E-001   2.81908186E+003   2.02928935E+000  -1.80804323E+002  -1.78775034E+002
     166       1     1.19999997E+001   7.13576767E+003   1.60102050E-001   2.81998731E+003   2.81982721E+003   9.61641578E-001  -1.79026380E+002  -1.79988021E+002   2.81794224E+003  -9.23327281E-001   2.81886557E+003   2.04507091E+000  -1.80911348E+002  -1.78866277E+002
     167       1     1.19999997E+001   7.13541736E+003   1.54796378E-001   2.81979786E+003   2.81964307E+003   9.70737150E-001  -1.79106619E+002  -1.80077356E+002   2.81774675E+003  -9.25576734E-001   2.81867233E+003   2.05111026E+000  -1.81002933E+002  -1.78951823E+002
     168       1     1.19999997E+001   7.13507539E+003   1.51445107E-001   2.81961524E+003   2.81946379E+003   9.81958812E-001  -1.79184462E+002  -1.80166421E+002   2.81755497E+003  -9.26861494E-001   2.81848183E+003   2.06026541E+000  -1.81093283E+002  -1.79033017E+002
     169       1     1.19999997E+001   7.13474084E+003   1.46817424E-001   2.81943556E+003   2.81928874E+003   9.93615581E-001  -1.79260280E+002  -1.80253896E+002   2.81736836E+003  -9.26767155E-001   2.81829512E+003   2.06720016E+000  -1.81180663E+002  -1.79113463E+002
     170       1     1.19999997E+001   7.13439479E+003   1.49426219E-001   2.81925250E+003   2.81910307E+003   9.95936159E-001  -1.79343305E+002  -1.80339241E+002   2.81717199E+003  -9.35141756E-001   2.81810713E+003   2.08050413E+000  -1.81274382E+002  -1.79193878E+002
     171       1     1.19999997E+001   7.13405958E+003   1.46131564E-001   2.81907321E+003   2.81892708E+003   1.00565259E+000  -1.79419860E+002  -1.80425513E+002   2.81698346E+003  -9.37969715E-001   2.81792143E+003   2.08975387E+000  -1.81363483E+002  -1.79273729E+002
     172       1     1.19999997E+001   7.13373733E+003   1.43829983E-001   2.81890111E+003   2.81875728E+003   1.01368285E+000  -1.79494073E+002  -1.80507756E+002   2.81680188E+003  -9.41717831E-001   2.81774360E+003   2.09923067E+000  -1.81449474E+002  -1.79350243E+002
     173       1     1.19999997E+001   7.13341062E+003   1.40156027E-001   2.81872568E+003   2.81858553E+003   1.02192582E+000  -1.79568909E+002  -1.80590835E+002   2.81661801E+003  -9.45591571E-001   2.81756360E+003   2.10767342E+000  -1.81536427E+002  -1.79428753E+002
     174       1     1.19999997E+001   7.13307034E+003   1.40394840E-001   2.81854480E+003   2.81840441E+003   1.02863745E+000  -1.79649088E+002  -1.80677726E+002   2.81642726E+003  -9.48508938E-001   2.81737577E+003   2.11754123E+000  -1.81626235E+002  -1.79508694E+002
     175       1     1.19999997E+001   7.13273796E+003   1.34695169E-001   2.81836541E+003   2.81823072E+003   1.03941480E+000  -1.79724180E+002  -1.80763595E+002   2.81624142E+003  -9.49880901E-001   2.81719130E+003   2.12399087E+000  -1.81713476E+002  -1.79589485E+002
     176       1     1.19999997E+001   7.13239132E+003   1.34737743E-001   2.81818094E+003   2.81804620E+003   1.04363052E+000  -1.79805862E+002  -1.80849493E+002   2.81604468E+003  -9.57893233E-001   2.81700257E+003   2.13626149E+000  -1.81807386E+002  -1.79671124E+002
     177       1     1.19999997E+001   7.13206226E+003   1.33505341E-001   2.81800567E+003   2.81787216E+003   1.05191062E+000  -1.79882290E+002  -1.80934201E+002   2.81586015E+003  -9.60103932E-001   2.81682025E+003   2.14551989E+000  -1.81894305E+002  -1.79748785E+002
     178       1     1.19999997E+001   7.13174147E+003   1.30486929E-001   2.81783413E+003   2.81770364E+003   1.06216486E+000  -1.79955642E+002  -1.81017807E+002   2.81568076E+003  -9.60717662E-001   2.81664148E+003   2.15336946E+000  -1.81978525E+002  -1.79825155E+002
     179       1     1.19999997E+001   7.13142522E+003   1.27339809E-001   2.81766478E+003   2.81753744E+003   1.07116267E+000  -1.80028019E+002  -1.81099182E+002   2.81550316E+003  -9.63118068E-001   2.81646628E+003   2.16162055E+000  -1.82062300E+002  -1.79900679E+002
     180       1     1.19999997E+001   7.13109977E+003   1.25084343E-001   2.81749133E+003   2.81736624E+003   1.07843821E+000  -1.80102665E+002  -1.81181103E+002   2.81531790E+003  -9.69905356E-001   2.81628781E+003   2.17342790E+000  -1.82151008E+002  -1.79977580E+002
     181       1     1.19999997E+001   7.13078469E+003   1.22283943E-001   2.81732273E+003   2.81720044E+003   1.08702922E+000  -1.80174992E+002  -1.81262022E+002   2.81514089E+003  -9.72519252E-001   2.81611341E+003   2.18183241E+000  -1.82234541E+002  -1.80052708E+002
     182       1     1.19999997E+001   7.13046953E+003   1.19928836E-001   2.81715417E+003   2.81703424E+003   1.09522780E+000  -1.80247695E+002  -1.81342923E+002   2.81496406E+003  -9.74944878E-001   2.81593901E+003   2.19010152E+000  -1.82317868E+002  -1.80127766E+002
     183       1     1.19999997E+001   7.13015724E+003   1.17305118E-001   2.81698707E+003   2.81686976E+003   1.10388925E+000  -1.80319519E+002  -1.81423409E+002   2.81478902E+003  -9.76856620E-001   2.81576587E+003   2.19805098E+000  -1.82400265E+002  -1.80202214E+002
     184       1     1.19999997E+001   7.12984460E+003   1.14013561E-001   2.81681946E+003   2.81670545E+003   1.11308530E+000  -1.80391076E+002  -1.81504161E+002   2.81461392E+003  -9.78444673E-001   2.81559237E+003   2.20554353E+000  -1.82482606E+002  -1.80277062E+002
     185       1     1.19999997E+001   7.12953380E+003   1.11315817E-001   2.81665307E+003   2.81654176E+003   1.12154552E+000  -1.80462553E+002  -1.81584099E+002   2.81443960E+003  -9.80610957E-001   2.81542021E+003   2.21347230E+000  -1.82564710E+002  -1.80351238E+002
     186       1     1.19999997E+001   7.12921998E+003   1.08854775E-001   2.81648523E+003   2.81637637E+003   1.12999821E+000  -1.80534834E+002  -1.81664832E+002   2.81426357E+003  -9.82797671E-001   2.81524637E+003   2.22165066E+000  -1.82647630E+002  -1.80425979E+002
     187       1     1.19999997E+001   7.12890143E+003   1.05268911E-001   2.81631445E+003   2.81620918E+003   1.14089773E+000  -1.80607511E+002  -1.81748409E+002   2.81408621E+003  -9.82071519E-001   2.81506828E+003   2.22823816E+000  -1.82730480E+002  -1.80502242E+002
     188       1     1.19999997E+001   7.12858103E+003   1.02395355E-001   2.81614251E+003   2.81604012E+003   1.14852300E+000  -1.80681510E+002  -1.81830033E+002   2.81390643E+003  -9.85158760E-001   2.81489159E+003   2.23607711E+000  -1.82815192E+002  -1.80579115E+002
     189       1     1.19999997E+001   7.12826161E+003   9.72850451E-002   2.81597068E+003   2.81587339E+003   1.16061994E+000  -1.80753460E+002  -1.81914080E+002   2.81372847E+003  -9.84301558E-001   2.81471277E+003   2.24220654E+000  -1.82898381E+002  -1.80656175E+002
     190       1     1.19999997E+001   7.12793876E+003   9.77082939E-002   2.81579894E+003   2.81570123E+003   1.16755610E+000  -1.80829825E+002  -1.81997381E+002   2.81354865E+003  -9.85025072E-001   2.81453368E+003   2.25028946E+000  -1.82982406E+002  -1.80732116E+002
     191       1     1.19999997E+001   7.12763156E+003   9.58786687E-002   2.81563498E+003   2.81553910E+003   1.17544561E+000  -1.80900804E+002  -1.82076249E+002   2.81337601E+003  -9.87648506E-001   2.81436366E+003   2.25897278E+000  -1.83063898E+002  -1.80804925E+002
     192       1     1.19999997E+001   7.12732354E+003   9.36177536E-002   2.81547048E+003   2.81537687E+003   1.18217364E+000  -1.80971640E+002  -1.82153814E+002   2.81320113E+003  -9.93561843E-001   2.81419469E+003   2.26935324E+000  -1.83147376E+002  -1.80878023E+002
     193       1     1.19999997E+001   7.12701004E+003   8.85297839E-002   2.81530166E+003   2.81521313E+003   1.19399886E+000  -1.81042350E+002  -1.82236349E+002   2.81302675E+003  -9.92379372E-001   2.81401913E+003   2.27490802E+000  -1.83228729E+002  -1.80953821E+002
     194       1     1.19999997E+001   7.12668038E+003   8.67979777E-002   2.81512539E+003   2.81503860E+003   1.20230875E+000  -1.81119069E+002  -1.82321378E+002   2.81284273E+003  -9.93552874E-001   2.81383629E+003   2.28265960E+000  -1.83314931E+002  -1.81032271E+002
     195       1     1.19999997E+001   7.12636656E+003   8.40433989E-002   2.81495743E+003   2.81487339E+003   1.21246989E+000  -1.81191154E+002  -1.82403624E+002   2.81266805E+003  -9.92863265E-001   2.81366092E+003   2.28937655E+000  -1.83396487E+002  -1.81107110E+002
     196       1     1.19999997E+001   7.12606373E+003   8.07356426E-002   2.81479500E+003   2.81471427E+003   1.22124486E+000  -1.81260414E+002  -1.82481659E+002   2.81249821E+003  -9.94808860E-001   2.81349302E+003   2.29678936E+000  -1.83476468E+002  -1.81179678E+002
     197       1     1.19999997E+001   7.12575804E+003   7.79658750E-002   2.81463149E+003   2.81455352E+003   1.22858555E+000  -1.81330442E+002  -1.82559027E+002   2.81232500E+003  -9.99936831E-001   2.81332494E+003   2.30648825E+000  -1.83558964E+002  -1.81252476E+002
     198       1     1.19999997E+001   7.12544924E+003   7.37068303E-002   2.81446532E+003   2.81439161E+003   1.23644948E+000  -1.81400716E+002  -1.82637165E+002   2.81215054E+003  -1.00462086E+000   2.81315516E+003   2.31477717E+000  -1.83641786E+002  -1.81327009E+002
     199       1     1.19999997E+001   7.12514310E+003   6.97518576E-002   2.81430100E+003   2.81423125E+003   1.24689281E+000  -1.81470230E+002  -1.82717123E+002   2.81197950E+003  -1.00485808E+000   2.81298436E+003   2.32150275E+000  -1.83721981E+002  -1.81400478E+002
     200       1     1.19999997E+001   7.12484038E+003   6.59315131E-002   2.81413828E+003   2.81407235E+003   1.25606185E+000  -1.81539297E+002  -1.82795358E+002   2.81181009E+003  -1.00619449E+000   2.81281629E+003   2.32818785E+000  -1.83801553E+002  -1.81473365E+002
     201       1     1.19999997E+001   7.12453141E+003   6.27071217E-002   2.81397261E+003   2.81390990E+003   1.26638841E+000  -1.81610056E+002  -1.82876444E+002   2.81163829E+003  -1.00522554E+000   2.81264351E+003   2.33432107E+000  -1.83881670E+002  -1.81547349E+002
     202       1     1.19999997E+001   7.12422471E+003   5.82011332E-002   2.81380781E+003   2.81374961E+003   1.27787208E+000  -1.81679326E+002  -1.82957198E+002   2.81146736E+003  -1.00438250E+000   2.81247174E+003   2.34045572E+000  -1.83961581E+002  -1.81621125E+002
     203       1     1.19999997E+001   7.12392331E+003   5.42179700E-002   2.81364574E+003   2.81359152E+003   1.28700189E+000  -1.81747971E+002  -1.83034973E+002   2.81129850E+003  -1.00602058E+000   2.81230452E+003   2.34724043E+000  -1.84040994E+002  -1.81693753E+002
     204       1     1.19999997E+001   7.12361297E+003   5.35747175E-002   2.81348008E+003   2.81342651E+003   1.29309503E+000  -1.81820881E+002  -1.83113976E+002   2.81112455E+003  -1.00886614E+000   2.81213342E+003   2.35553588E+000  -1.84122842E+002  -1.81767306E+002
     205       1     1.19999997E+001   7.12331091E+003   4.93078267E-002   2.81331745E+003   2.81326814E+003   1.30253209E+000  -1.81889605E+002  -1.83192137E+002   2.81095565E+003  -1.00995961E+000   2.81196561E+003   2.36179953E+000  -1.84202096E+002  -1.81840297E+002
     206       1     1.19999997E+001   7.12299741E+003   4.57516002E-002   2.81314968E+003   2.81310393E+003   1.31257800E+000  -1.81960776E+002  -1.83273354E+002   2.81077927E+003  -1.01207919E+000   2.81179135E+003   2.37040879E+000  -1.84285433E+002  -1.81915024E+002
     207       1     1.19999997E+001   7.12269217E+003   4.18009900E-002   2.81298566E+003   2.81294386E+003   1.32198935E+000  -1.82030248E+002  -1.83352237E+002   2.81060816E+003  -1.01370734E+000   2.81162187E+003   2.37749768E+000  -1.84365944E+002  -1.81988447E+002
     208       1     1.19999997E+001   7.12238220E+003   3.62307341E-002   2.81281863E+003   2.81278239E+003   1.33420049E+000  -1.82099717E+002  -1.83433917E+002   2.81043539E+003  -1.01280924E+000   2.81144819E+003   2.38324047E+000  -1.84446727E+002  -1.82063486E+002
     209       1     1.19999997E+001   7.12207233E+003   3.03574571E-002   2.81265121E+003   2.81262085E+003   1.34472591E+000  -1.82169291E+002  -1.83514017E+002   2.81026166E+003  -1.01446595E+000   2.81127613E+003   2.38954932E+000  -1.84528483E+002  -1.82138934E+002
     210       1     1.19999997E+001   7.12177224E+003   2.49143480E-002   2.81248892E+003   2.81246401E+003   1.35534417E+000  -1.82237068E+002  -1.83592413E+002   2.81009479E+003  -1.01387410E+000   2.81110866E+003   2.39413262E+000  -1.84606287E+002  -1.82212154E+002
     211       1     1.19999997E+001   7.12146398E+003   1.90879450E-002   2.81232258E+003   2.81230349E+003   1.36787555E+000  -1.82306095E+002  -1.83673971E+002   2.80992344E+003  -1.01217137E+000   2.81093561E+003   2.39913487E+000  -1.84686142E+002  -1.82287007E+002
     212       1     1.19999997E+001   7.12116248E+003   1.36525864E-002   2.81215939E+003   2.81214574E+003   1.37805020E+000  -1.82374353E+002  -1.83752404E+002   2.80975573E+003  -1.01195766E+000   2.81076769E+003   2.40366044E+000  -1.84764361E+002  -1.82360701E+002
     213       1     1.19999997E+001   7.12085802E+003   9.02346529E-003   2.81199527E+003   2.81198625E+003   1.38836245E+000  -1.82443479E+002  -1.83831842E+002   2.80958616E+003  -1.01172892E+000   2.81059788E+003   2.40911484E+000  -1.84843571E+002  -1.82434456E+002
     214       1     1.19999997E+001   7.12055445E+003   6.06181474E-003   2.81183232E+003   2.81182625E+003   1.39726941E+000  -1.82513367E+002  -1.83910637E+002   2.80941692E+003  -1.01206072E+000   2.81042898E+003   2.41539195E+000  -1.84922697E+002  -1.82507305E+002
     215       1     1.19999997E+001   7.12024786E+003   5.97233605E-004   2.81166678E+003   2.81166619E+003   1.40900871E+000  -1.82582431E+002  -1.83991440E+002   2.80924666E+003  -1.01051630E+000   2.81025718E+003   2.42012224E+000  -1.85001956E+002  -1.82581834E+002
     216       1     1.19999997E+001   7.11993949E+003  -3.89002226E-003   2.81150060E+003   2.81150449E+003   1.41954345E+000  -1.82652597E+002  -1.84072141E+002   2.80907523E+003  -1.00971291E+000   2.81008494E+003   2.42536634E+000  -1.85081854E+002  -1.82656487E+002
     217       1     1.19999997E+001   7.11963725E+003  -9.12118966E-003   2.81133761E+003   2.81134673E+003   1.43043232E+000  -1.82720636E+002  -1.84151069E+002   2.80890640E+003  -1.00990580E+000   2.80991630E+003   2.43121693E+000  -1.85160974E+002  -1.82729757E+002
     218       1     1.19999997E+001   7.11932689E+003  -1.61410824E-002   2.81116919E+003   2.81118533E+003   1.44196231E+000  -1.82789915E+002  -1.84231878E+002   2.80873325E+003  -1.01011390E+000   2.80974337E+003   2.43593513E+000  -1.85241991E+002  -1.82806056E+002
     219       1     1.19999997E+001   7.11901688E+003  -2.29375286E-002   2.81100049E+003   2.81102342E+003   1.45201520E+000  -1.82859798E+002  -1.84311813E+002   2.80856067E+003  -1.01074117E+000   2.80957141E+003   2.43981884E+000  -1.85322554E+002  -1.82882735E+002
     220       1     1.19999997E+001   7.11870787E+003  -3.01398483E-002   2.81083289E+003   2.81086303E+003   1.46589170E+000  -1.82928462E+002  -1.84394354E+002   2.80838993E+003  -1.00720809E+000   2.80939714E+003   2.44295994E+000  -1.85401562E+002  -1.82958602E+002
     221       1     1.19999997E+001   7.11839934E+003  -3.66828434E-002   2.81066590E+003   2.81070259E+003   1.47809713E+000  -1.82997317E+002  -1.84475414E+002   2.80821805E+003  -1.00644323E+000   2.80922449E+003   2.44785751E+000  -1.85481857E+002  -1.83034000E+002
     222       1     1.19999997E+001   7.11809350E+003  -4.38469687E-002   2.81049963E+003   2.81054348E+003   1.48986545E+000  -1.83065639E+002  -1.84555504E+002   2.80804822E+003  -1.00539227E+000   2.80905361E+003   2.45141075E+000  -1.85560896E+002  -1.83109486E+002
     223       1     1.19999997E+001   7.11778442E+003  -5.06188909E-002   2.81033216E+003   2.81038277E+003   1.50214664E+000  -1.83134588E+002  -1.84636735E+002   2.80787621E+003  -1.00441895E+000   2.80888063E+003   2.45594670E+000  -1.85641154E+002  -1.83185207E+002
     224       1     1.19999997E+001   7.11747361E+003  -5.88631144E-002   2.81016264E+003   2.81022150E+003   1.51462897E+000  -1.83203592E+002  -1.84718221E+002   2.80770380E+003  -1.00307296E+000   2.80870687E+003   2.45883882E+000  -1.85721294E+002  -1.83262455E+002
     225       1     1.19999997E+001   7.11715824E+003  -6.24242567E-002   2.80999232E+003   2.81005474E+003   1.52218889E+000  -1.83276729E+002  -1.84798918E+002   2.80752832E+003  -1.00422878E+000   2.80853255E+003   2.46399341E+000  -1.85803147E+002  -1.83339154E+002
     226       1     1.19999997E+001   7.11685016E+003  -6.87414567E-002   2.80982535E+003   2.80989409E+003   1.53313093E+000  -1.83345923E+002  -1.84879054E+002   2.80735652E+003  -1.00443435E+000   2.80836096E+003   2.46882383E+000  -1.85883488E+002  -1.83414664E+002
     227       1     1.19999997E+001   7.11654016E+003  -7.43525722E-002   2.80965757E+003   2.80973192E+003   1.54366915E+000  -1.83416056E+002  -1.84959725E+002   2.80718395E+003  -1.00430001E+000   2.80818825E+003   2.47361659E+000  -1.85964025E+002  -1.83490408E+002
     228       1     1.19999997E+001   7.11622943E+003  -7.99496173E-002   2.80948982E+003   2.80956977E+003   1.55441157E+000  -1.83485955E+002  -1.85040367E+002   2.80700992E+003  -1.00544344E+000   2.80801536E+003   2.47990539E+000  -1.86045810E+002  -1.83565905E+002
     229       1     1.19999997E+001   7.11591607E+003  -8.67377721E-002   2.80932008E+003   2.80940682E+003   1.56647307E+000  -1.83555877E+002  -1.85122350E+002   2.80683508E+003  -1.00526594E+000   2.80784035E+003   2.48500124E+000  -1.86127616E+002  -1.83642615E+002
     230       1     1.19999997E+001   7.11560102E+003  -9.15623645E-002   2.80914918E+003   2.80924074E+003   1.57456714E+000  -1.83628418E+002  -1.85202985E+002   2.80665998E+003  -1.00619283E+000   2.80766618E+003   2.48919761E+000  -1.86209178E+002  -1.83719980E+002
     231       1     1.19999997E+001   7.11528624E+003  -9.63138889E-002   2.80897974E+003   2.80907605E+003   1.58594338E+000  -1.83699655E+002  -1.85285598E+002   2.80648453E+003  -1.00557934E+000   2.80749011E+003   2.49520883E+000  -1.86291177E+002  -1.83795968E+002
     232       1     1.19999997E+001   7.11497366E+003  -1.02816927E-001   2.80881008E+003   2.80891289E+003   1.59735520E+000  -1.83770007E+002  -1.85367363E+002   2.80631104E+003  -1.00450239E+000   2.80731554E+003   2.49904066E+000  -1.86371865E+002  -1.83872824E+002
     233       1     1.19999997E+001   7.11464892E+003  -1.09435587E-001   2.80863445E+003   2.80874389E+003   1.60900864E+000  -1.83842592E+002  -1.85451601E+002   2.80612892E+003  -1.00596260E+000   2.80713488E+003   2.50553565E+000  -1.86457563E+002  -1.83952028E+002
     234       1     1.19999997E+001   7.11433204E+003  -1.17457056E-001   2.80846185E+003   2.80857931E+003   1.62130981E+000  -1.83913087E+002  -1.85534397E+002   2.80595271E+003  -1.00529418E+000   2.80695800E+003   2.50914693E+000  -1.86539691E+002  -1.84030544E+002
     235       1     1.19999997E+001   7.11401621E+003  -1.25185915E-001   2.80829017E+003   2.80841535E+003   1.63352471E+000  -1.83983271E+002  -1.85616795E+002   2.80577652E+003  -1.00530343E+000   2.80678183E+003   2.51364223E+000  -1.86622099E+002  -1.84108457E+002
     236       1     1.19999997E+001   7.11369794E+003  -1.33547277E-001   2.80811668E+003   2.80825023E+003   1.64544905E+000  -1.84053895E+002  -1.85699344E+002   2.80559886E+003  -1.00591788E+000   2.80660478E+003   2.51781965E+000  -1.86705262E+002  -1.84187442E+002
     237       1     1.19999997E+001   7.11337999E+003  -1.42203143E-001   2.80794338E+003   2.80808558E+003   1.65875929E+000  -1.84124131E+002  -1.85782891E+002   2.80542211E+003  -1.00471087E+000   2.80642683E+003   2.52126702E+000  -1.86787601E+002  -1.84266334E+002
     238       1     1.19999997E+001   7.11306243E+003  -1.50573879E-001   2.80777027E+003   2.80792085E+003   1.67143990E+000  -1.84194578E+002  -1.85866018E+002   2.80524559E+003  -1.00382009E+000   2.80624941E+003   2.52468611E+000  -1.86869838E+002  -1.84345152E+002
     239       1     1.19999997E+001   7.11274379E+003  -1.59916960E-001   2.80759623E+003   2.80775615E+003   1.68525198E+000  -1.84264663E+002  -1.85949915E+002   2.80506868E+003  -1.00221484E+000   2.80607090E+003   2.52754987E+000  -1.86952130E+002  -1.84424580E+002
     240       1     1.19999997E+001   7.11242450E+003  -1.68649088E-001   2.80742191E+003   2.80759056E+003   1.69788600E+000  -1.84335442E+002  -1.86033328E+002   2.80489123E+003  -1.00144914E+000   2.80589268E+003   2.53068605E+000  -1.87034777E+002  -1.84504091E+002
     241       1     1.19999997E+001   7.11209256E+003  -1.76581103E-001   2.80724085E+003   2.80741743E+003   1.71048320E+000  -1.84410002E+002  -1.86120485E+002   2.80470798E+003  -9.98975175E-001   2.80570695E+003   2.53287727E+000  -1.87119461E+002  -1.84586583E+002
     242       1     1.19999997E+001   7.11176434E+003  -1.83894816E-001   2.80706220E+003   2.80724609E+003   1.72101912E+000  -1.84483883E+002  -1.86204902E+002   2.80452480E+003  -1.00027451E+000   2.80552507E+003   2.53739882E+000  -1.87205176E+002  -1.84667778E+002
     243       1     1.19999997E+001   7.11144282E+003  -1.93925603E-001   2.80688582E+003   2.80707974E+003   1.73376465E+000  -1.84554755E+002  -1.86288519E+002   2.80434614E+003  -9.99840503E-001   2.80534598E+003   2.53967955E+000  -1.87288360E+002  -1.84748680E+002
     244       1     1.19999997E+001   7.11110349E+003  -2.01142794E-001   2.80670134E+003   2.80690248E+003   1.74488109E+000  -1.84631250E+002  -1.86376131E+002   2.80415696E+003  -1.00063894E+000   2.80515760E+003   2.54437724E+000  -1.87376770E+002  -1.84832393E+002
     245       1     1.19999997E+001   7.11077455E+003  -2.11478765E-001   2.80652070E+003   2.80673218E+003   1.75717675E+000  -1.84703870E+002  -1.86461046E+002   2.80397384E+003  -1.00116901E+000   2.80497501E+003   2.54686700E+000  -1.87462215E+002  -1.84915348E+002
     246       1     1.19999997E+001   7.11044338E+003  -2.24975653E-001   2.80633748E+003   2.80656246E+003   1.77359913E+000  -1.84775250E+002  -1.86548849E+002   2.80379140E+003  -9.97458709E-001   2.80478886E+003   2.54608219E+000  -1.87546308E+002  -1.85000226E+002
     247       1     1.19999997E+001   7.11012348E+003  -2.36192502E-001   2.80616133E+003   2.80639752E+003   1.78684916E+000  -1.84845182E+002  -1.86632032E+002   2.80361367E+003  -9.97003521E-001   2.80461068E+003   2.54766018E+000  -1.87629035E+002  -1.85081375E+002
     248       1     1.19999997E+001   7.10980288E+003  -2.46841201E-001   2.80598539E+003   2.80623223E+003   1.80054796E+000  -1.84915269E+002  -1.86715817E+002   2.80343537E+003  -9.96305315E-001   2.80443168E+003   2.55001208E+000  -1.87712122E+002  -1.85162110E+002
     249       1     1.19999997E+001   7.10947214E+003  -2.58347568E-001   2.80580343E+003   2.80606178E+003   1.81325962E+000  -1.84987492E+002  -1.86800752E+002   2.80325029E+003  -9.98232072E-001   2.80424852E+003   2.55314413E+000  -1.87798984E+002  -1.85245839E+002
     250       1     1.19999997E+001   7.10914164E+003  -2.71030616E-001   2.80562095E+003   2.80589198E+003   1.82786857E+000  -1.85059146E+002  -1.86887014E+002   2.80306689E+003  -9.97221196E-001   2.80406411E+003   2.55405915E+000  -1.87884236E+002  -1.85330176E+002
     251       1     1.19999997E+001   7.10881748E+003  -2.83022936E-001   2.80544314E+003   2.80572616E+003   1.84539120E+000  -1.85128685E+002  -1.86974076E+002   2.80288750E+003  -9.93272067E-001   2.80388077E+003   2.55564033E+000  -1.87967348E+002  -1.85411708E+002
     252       1     1.19999997E+001   7.10849054E+003  -2.94062727E-001   2.80526276E+003   2.80555682E+003   1.85797119E+000  -1.85200929E+002  -1.87058901E+002   2.80270677E+003  -9.92076688E-001   2.80369885E+003   2.55598515E+000  -1.88050977E+002  -1.85494992E+002
     253       1     1.19999997E+001   7.10816682E+003  -3.05158317E-001   2.80508429E+003   2.80538945E+003   1.86924013E+000  -1.85272153E+002  -1.87141393E+002   2.80252585E+003  -9.94364187E-001   2.80352021E+003   2.55844600E+000  -1.88135757E+002  -1.85577311E+002
     254       1     1.19999997E+001   7.10784499E+003  -3.15017295E-001   2.80490751E+003   2.80522253E+003   1.88025236E+000  -1.85343495E+002  -1.87223748E+002   2.80234623E+003  -9.96046265E-001   2.80334227E+003   2.56128133E+000  -1.88219794E+002  -1.85658513E+002
     255       1     1.19999997E+001   7.10751925E+003  -3.23500810E-001   2.80472989E+003   2.80505339E+003   1.89200511E+000  -1.85415883E+002  -1.87307888E+002   2.80216406E+003  -9.97329028E-001   2.80316139E+003   2.56583332E+000  -1.88305217E+002  -1.85739384E+002
     256       1     1.19999997E+001   7.10720116E+003  -3.32657584E-001   2.80455554E+003   2.80488819E+003   1.90308022E+000  -1.85486607E+002  -1.87389687E+002   2.80198675E+003  -9.98367395E-001   2.80298511E+003   2.56879004E+000  -1.88388054E+002  -1.85819264E+002
     257       1     1.19999997E+001   7.10688232E+003  -3.41713873E-001   2.80438120E+003   2.80472292E+003   1.91478044E+000  -1.85557182E+002  -1.87471962E+002   2.80180853E+003  -9.99604520E-001   2.80280814E+003   2.57267108E+000  -1.88471567E+002  -1.85898896E+002
     258       1     1.19999997E+001   7.10656049E+003  -3.51570533E-001   2.80420495E+003   2.80455652E+003   1.92789739E+000  -1.85627989E+002  -1.87555887E+002   2.80162938E+003  -9.99243091E-001   2.80262862E+003   2.57556995E+000  -1.88555130E+002  -1.85979560E+002
     259       1     1.19999997E+001   7.10623187E+003  -3.59701316E-001   2.80402611E+003   2.80438581E+003   1.93841117E+000  -1.85701088E+002  -1.87639499E+002   2.80144400E+003  -1.00339665E+000   2.80244740E+003   2.58210650E+000  -1.88642896E+002  -1.86060789E+002
     260       1     1.19999997E+001   7.10590514E+003  -3.66318950E-001   2.80384913E+003   2.80421544E+003   1.95061274E+000  -1.85774405E+002  -1.87725018E+002   2.80126191E+003  -1.00292634E+000   2.80226483E+003   2.58722013E+000  -1.88727944E+002  -1.86140724E+002
     261       1     1.19999997E+001   7.10558275E+003  -3.75070325E-001   2.80367284E+003   2.80404791E+003   1.96166555E+000  -1.85846184E+002  -1.87807850E+002   2.80108176E+003  -1.00448244E+000   2.80208624E+003   2.59107767E+000  -1.88812332E+002  -1.86221254E+002
     262       1     1.19999997E+001   7.10526093E+003  -3.85012182E-001   2.80349658E+003   2.80388160E+003   1.97402168E+000  -1.85916898E+002  -1.87890919E+002   2.80090162E+003  -1.00595127E+000   2.80190758E+003   2.59496076E+000  -1.88896871E+002  -1.86301910E+002
     263       1     1.19999997E+001   7.10493615E+003  -3.94679873E-001   2.80331890E+003   2.80371358E+003   1.98651428E+000  -1.85988444E+002  -1.87974958E+002   2.80072004E+003  -1.00702081E+000   2.80172706E+003   2.59885522E+000  -1.88981979E+002  -1.86383124E+002
     264       1     1.19999997E+001   7.10461035E+003  -4.03829443E-001   2.80314080E+003   2.80354463E+003   1.99844850E+000  -1.86060615E+002  -1.88059063E+002   2.80053793E+003  -1.00825183E+000   2.80154618E+003   2.60287089E+000  -1.89067315E+002  -1.86464444E+002
     265       1     1.19999997E+001   7.10428259E+003  -4.11692659E-001   2.80296258E+003   2.80337427E+003   2.00965277E+000  -1.86133608E+002  -1.88143261E+002   2.80035374E+003  -1.01087571E+000   2.80136462E+003   2.60883582E+000  -1.89154137E+002  -1.86545301E+002
     266       1     1.19999997E+001   7.10395291E+003  -4.21514635E-001   2.80278193E+003   2.80320345E+003   2.02246571E+000  -1.86206495E+002  -1.88228961E+002   2.80017031E+003  -1.01067070E+000   2.80118098E+003   2.61162177E+000  -1.89239631E+002  -1.86628009E+002
     267       1     1.19999997E+001   7.10362362E+003  -4.31088493E-001   2.80260190E+003   2.80303299E+003   2.03465334E+000  -1.86279132E+002  -1.88313785E+002   2.79998576E+003  -1.01257649E+000   2.80099834E+003   2.61614134E+000  -1.89326362E+002  -1.86710220E+002
     268       1     1.19999997E+001   7.10329144E+003  -4.39880515E-001   2.80242061E+003   2.80286049E+003   2.04635799E+000  -1.86352954E+002  -1.88399312E+002   2.79979977E+003  -1.01435767E+000   2.80081413E+003   2.62083514E+000  -1.89413670E+002  -1.86792835E+002
     269       1     1.19999997E+001   7.10295507E+003  -4.49103886E-001   2.80223695E+003   2.80268605E+003   2.05913322E+000  -1.86427464E+002  -1.88486597E+002   2.79961194E+003  -1.01497775E+000   2.80062692E+003   2.62500708E+000  -1.89501575E+002  -1.86876568E+002
     270       1     1.19999997E+001   7.10262206E+003  -4.58372561E-001   2.80205485E+003   2.80251323E+003   2.07083567E+000  -1.86501362E+002  -1.88572198E+002   2.79942558E+003  -1.01680746E+000   2.80044239E+003   2.62927057E+000  -1.89589005E+002  -1.86959735E+002
     271       1     1.19999997E+001   7.10228557E+003  -4.68313129E-001   2.80187048E+003   2.80233879E+003   2.08324097E+000  -1.86575826E+002  -1.88659067E+002   2.79923779E+003  -1.01776589E+000   2.80025555E+003   2.63269373E+000  -1.89676833E+002  -1.87044140E+002
     272       1     1.19999997E+001   7.10193621E+003  -4.82005200E-001   2.80167612E+003   2.80215813E+003   2.09536000E+000  -1.86652704E+002  -1.88748064E+002   2.79904412E+003  -1.01864305E+000   2.80006277E+003   2.63199785E+000  -1.89766707E+002  -1.87134710E+002
     273       1     1.19999997E+001   7.10159478E+003  -4.91932622E-001   2.80148921E+003   2.80198114E+003   2.10830012E+000  -1.86728255E+002  -1.88836555E+002   2.79885375E+003  -1.01909529E+000   2.79987284E+003   2.63546279E+000  -1.89855650E+002  -1.87220188E+002
     274       1     1.19999997E+001   7.10125182E+003  -5.01300791E-001   2.80130195E+003   2.80180325E+003   2.12065858E+000  -1.86804253E+002  -1.88924911E+002   2.79866157E+003  -1.02101594E+000   2.79968259E+003   2.64037373E+000  -1.89945927E+002  -1.87305554E+002
     275       1     1.19999997E+001   7.10089298E+003  -5.09320252E-001   2.80110683E+003   2.80161615E+003   2.13110776E+000  -1.86884738E+002  -1.89015846E+002   2.79845915E+003  -1.02589102E+000   2.79948505E+003   2.64767852E+000  -1.90041737E+002  -1.87394058E+002
     276       1     1.19999997E+001   7.10054626E+003  -5.19199678E-001   2.80091656E+003   2.80143576E+003   2.14317730E+000  -1.86962117E+002  -1.89105295E+002   2.79826650E+003  -1.02608603E+000   2.79929258E+003   2.65006365E+000  -1.90131381E+002  -1.87481317E+002
     277       1     1.19999997E+001   7.10019536E+003  -5.27368503E-001   2.80072556E+003   2.80125293E+003   2.15430092E+000  -1.87040694E+002  -1.89194995E+002   2.79806939E+003  -1.02924024E+000   2.79909863E+003   2.65617266E+000  -1.90224235E+002  -1.87568062E+002
     278       1     1.19999997E+001   7.09984347E+003  -5.39306685E-001   2.80053179E+003   2.80107110E+003   2.16759355E+000  -1.87117967E+002  -1.89285561E+002   2.79787302E+003  -1.03049147E+000   2.79890351E+003   2.65877834E+000  -1.90316052E+002  -1.87657274E+002
     279       1     1.19999997E+001   7.09949339E+003  -5.50016857E-001   2.80033963E+003   2.80088965E+003   2.18047938E+000  -1.87195404E+002  -1.89375884E+002   2.79767783E+003  -1.03134207E+000   2.79870917E+003   2.66180459E+000  -1.90407226E+002  -1.87745421E+002
     280       1     1.19999997E+001   7.09914142E+003  -5.61571095E-001   2.80014609E+003   2.80070766E+003   2.19468268E+000  -1.87272813E+002  -1.89467496E+002   2.79748228E+003  -1.03069909E+000   2.79851298E+003   2.66381068E+000  -1.90498195E+002  -1.87834384E+002
     281       1     1.19999997E+001   7.09877900E+003  -5.73580084E-001   2.79994625E+003   2.80051983E+003   2.20715885E+000  -1.87352956E+002  -1.89560115E+002   2.79728019E+003  -1.03248508E+000   2.79831267E+003   2.66606384E+000  -1.90592600E+002  -1.87926536E+002
     282       1     1.19999997E+001   7.09842260E+003  -5.84353260E-001   2.79975078E+003   2.80033514E+003   2.22095717E+000  -1.87431745E+002  -1.89652703E+002   2.79708185E+003  -1.03232689E+000   2.79811418E+003   2.66893080E+000  -1.90685029E+002  -1.88016099E+002
     283       1     1.19999997E+001   7.09805945E+003  -5.96665954E-001   2.79955121E+003   2.80014788E+003   2.23748211E+000  -1.87511097E+002  -1.89748579E+002   2.79688077E+003  -1.02962241E+000   2.79791040E+003   2.67043857E+000  -1.90778201E+002  -1.88107763E+002
     284       1     1.19999997E+001   7.09769566E+003  -6.09238463E-001   2.79935094E+003   2.79996017E+003   2.25337650E+000  -1.87590703E+002  -1.89844079E+002   2.79667926E+003  -1.02753342E+000   2.79770680E+003   2.67167146E+000  -1.90871612E+002  -1.88199941E+002
     285       1     1.19999997E+001   7.09733321E+003  -6.21929303E-001   2.79915094E+003   2.79977286E+003   2.26789130E+000  -1.87670308E+002  -1.89938200E+002   2.79647820E+003  -1.02677031E+000   2.79750497E+003   2.67273231E+000  -1.90964970E+002  -1.88292238E+002
     286       1     1.19999997E+001   7.09696656E+003  -6.33623280E-001   2.79894882E+003   2.79958245E+003   2.28164319E+000  -1.87751776E+002  -1.90033419E+002   2.79627555E+003  -1.02524881E+000   2.79730080E+003   2.67326872E+000  -1.91058668E+002  -1.88385399E+002
     287       1     1.19999997E+001   7.09659641E+003  -6.47525080E-001   2.79874484E+003   2.79939237E+003   2.30064585E+000  -1.87831857E+002  -1.90132503E+002   2.79607167E+003  -1.02004779E+000   2.79709172E+003   2.67316856E+000  -1.91152551E+002  -1.88479382E+002
     288       1     1.19999997E+001   7.09622971E+003  -6.59594422E-001   2.79854302E+003   2.79920261E+003   2.31481512E+000  -1.87912645E+002  -1.90227460E+002   2.79586770E+003  -1.02009691E+000   2.79688779E+003   2.67531760E+000  -1.91247557E+002  -1.88572239E+002
     289       1     1.19999997E+001   7.09586221E+003  -6.72786492E-001   2.79834030E+003   2.79901309E+003   2.33050813E+000  -1.87992954E+002  -1.90323462E+002   2.79566389E+003  -1.01869474E+000   2.79668258E+003   2.67641637E+000  -1.91342156E+002  -1.88665740E+002
     290       1     1.19999997E+001   7.09548419E+003  -6.87736014E-001   2.79813059E+003   2.79881833E+003   2.34709972E+000  -1.88075374E+002  -1.90422474E+002   2.79545550E+003  -1.01573046E+000   2.79647123E+003   2.67509417E+000  -1.91438204E+002  -1.88763110E+002
     291       1     1.19999997E+001   7.09511116E+003  -7.00550623E-001   2.79792498E+003   2.79862553E+003   2.36135792E+000  -1.88157311E+002  -1.90518669E+002   2.79524761E+003  -1.01656402E+000   2.79626417E+003   2.67737132E+000  -1.91535233E+002  -1.88857862E+002
     292       1     1.19999997E+001   7.09473665E+003  -7.12357118E-001   2.79771878E+003   2.79843114E+003   2.37521469E+000  -1.88240403E+002  -1.90615618E+002   2.79503987E+003  -1.01605348E+000   2.79605593E+003   2.67891106E+000  -1.91631671E+002  -1.88952760E+002
     293       1     1.19999997E+001   7.09435983E+003  -7.22549038E-001   2.79751218E+003   2.79823473E+003   2.38763511E+000  -1.88324824E+002  -1.90712459E+002   2.79483008E+003  -1.01701550E+000   2.79584710E+003   2.68210157E+000  -1.91729475E+002  -1.89047373E+002
     294       1     1.19999997E+001   7.09397781E+003  -7.39376122E-001   2.79729960E+003   2.79803898E+003   2.40638469E+000  -1.88407038E+002  -1.90813422E+002   2.79461991E+003  -1.01268177E+000   2.79563259E+003   2.67969034E+000  -1.91826104E+002  -1.89146414E+002
     295       1     1.19999997E+001   7.09358832E+003  -7.55603392E-001   2.79708335E+003   2.79783896E+003   2.42402013E+000  -1.88491304E+002  -1.90915325E+002   2.79440457E+003  -1.01036907E+000   2.79541493E+003   2.67878581E+000  -1.91925694E+002  -1.89246908E+002
     296       1     1.19999997E+001   7.09320033E+003  -7.70517219E-001   2.79686776E+003   2.79763828E+003   2.43893728E+000  -1.88576662E+002  -1.91015599E+002   2.79419038E+003  -1.00896844E+000   2.79519934E+003   2.67738850E+000  -1.92024568E+002  -1.89347179E+002
     297       1     1.19999997E+001   7.09281275E+003  -7.85904792E-001   2.79665322E+003   2.79743912E+003   2.45519024E+000  -1.88660628E+002  -1.91115818E+002   2.79397434E+003  -1.00959092E+000   2.79498393E+003   2.67887636E+000  -1.92125409E+002  -1.89446533E+002
     298       1     1.19999997E+001   7.09242782E+003  -8.01555986E-001   2.79643927E+003   2.79724083E+003   2.47143057E+000  -1.88744506E+002  -1.91215937E+002   2.79376169E+003  -1.00771302E+000   2.79476940E+003   2.67758760E+000  -1.92223650E+002  -1.89546062E+002
     299       1     1.19999997E+001   7.09204188E+003  -8.15534285E-001   2.79622628E+003   2.79704181E+003   2.48677829E+000  -1.88828812E+002  -1.91315590E+002   2.79354646E+003  -1.00857751E+000   2.79455503E+003   2.67982152E+000  -1.92324168E+002  -1.89644346E+002
     300       1     1.19999997E+001   7.09165625E+003  -8.30781643E-001   2.79601248E+003   2.79684326E+003   2.50304878E+000  -1.88912743E+002  -1.91415792E+002   2.79333268E+003  -1.00753344E+000   2.79434021E+003   2.67980058E+000  -1.92423326E+002  -1.89743525E+002
     301       1     1.19999997E+001   7.09126827E+003  -8.46138925E-001   2.79579755E+003   2.79664369E+003   2.52043444E+000  -1.88996989E+002  -1.91517423E+002   2.79311803E+003  -1.00522911E+000   2.79412325E+003   2.67952463E+000  -1.92522652E+002  -1.89843127E+002
     302       1     1.19999997E+001   7.09088063E+003  -8.61525576E-001   2.79558269E+003   2.79644422E+003   2.53727154E+000  -1.89081233E+002  -1.91618504E+002   2.79290327E+003  -1.00367664E+000   2.79390695E+003   2.67942260E+000  -1.92622181E+002  -1.89942758E+002
     303       1     1.19999997E+001   7.09048549E+003  -8.76645922E-001   2.79536430E+003   2.79624095E+003   2.55491007E+000  -1.89167048E+002  -1.91721958E+002   2.79268409E+003  -1.00194387E+000   2.79368604E+003   2.68020801E+000  -1.92723902E+002  -1.90043694E+002
     304       1     1.19999997E+001   7.09009437E+003  -8.92266790E-001   2.79514736E+003   2.79603963E+003   2.57161675E+000  -1.89252103E+002  -1.91823719E+002   2.79246737E+003  -1.00063577E+000   2.79346801E+003   2.67998573E+000  -1.92824355E+002  -1.90144369E+002
     305       1     1.19999997E+001   7.08969853E+003  -9.07675387E-001   2.79492812E+003   2.79583579E+003   2.58932718E+000  -1.89338270E+002  -1.91927597E+002   2.79224870E+003  -9.97761647E-001   2.79324647E+003   2.67941344E+000  -1.92925359E+002  -1.90245945E+002
     306       1     1.19999997E+001   7.08930298E+003  -9.23092431E-001   2.79470889E+003   2.79563198E+003   2.60577199E+000  -1.89424493E+002  -1.92030265E+002   2.79202930E+003  -9.96914912E-001   2.79302621E+003   2.67959447E+000  -1.93027180E+002  -1.90347586E+002
     307       1     1.19999997E+001   7.08890790E+003  -9.38728450E-001   2.79448989E+003   2.79542862E+003   2.62276894E+000  -1.89510411E+002  -1.92133180E+002   2.79181034E+003  -9.95506639E-001   2.79280585E+003   2.67954713E+000  -1.93128687E+002  -1.90449140E+002
     308       1     1.19999997E+001   7.08851168E+003  -9.53333338E-001   2.79427065E+003   2.79522398E+003   2.63842725E+000  -1.89597261E+002  -1.92235688E+002   2.79159033E+003  -9.95224979E-001   2.79258555E+003   2.68031889E+000  -1.93230913E+002  -1.90550594E+002
     309       1     1.19999997E+001   7.08811597E+003  -9.69232128E-001   2.79405109E+003   2.79502032E+003   2.65512105E+000  -1.89683278E+002  -1.92338399E+002   2.79137079E+003  -9.94405245E-001   2.79236520E+003   2.68029416E+000  -1.93332805E+002  -1.90652510E+002
     310       1     1.19999997E+001   7.08771698E+003  -9.86343184E-001   2.79382919E+003   2.79481554E+003   2.67283482E+000  -1.89769446E+002  -1.92442280E+002   2.79114971E+003  -9.92989825E-001   2.79214270E+003   2.67948146E+000  -1.93435270E+002  -1.90755789E+002
     311       1     1.19999997E+001   7.08731051E+003  -1.00435517E+000   2.79360249E+003   2.79460685E+003   2.69014515E+000  -1.89857291E+002  -1.92547436E+002   2.79092450E+003  -9.92199082E-001   2.79191670E+003   2.67798906E+000  -1.93539635E+002  -1.90861646E+002
     312       1     1.19999997E+001   7.08691023E+003  -1.01999245E+000   2.79338063E+003   2.79440062E+003   2.70638608E+000  -1.89944513E+002  -1.92650900E+002   2.79070195E+003  -9.92282567E-001   2.79169423E+003   2.67867620E+000  -1.93643182E+002  -1.90964506E+002
     313       1     1.19999997E+001   7.08650716E+003  -1.03591905E+000   2.79315723E+003   2.79419315E+003   2.72288837E+000  -1.90032143E+002  -1.92755032E+002   2.79047756E+003  -9.92703696E-001   2.79147026E+003   2.67967302E+000  -1.93747736E+002  -1.91068063E+002
     314       1     1.19999997E+001   7.08609713E+003  -1.05319896E+000   2.79292898E+003   2.79398218E+003   2.73867649E+000  -1.90121206E+002  -1.92859883E+002   2.79024913E+003  -9.94374635E-001   2.79124350E+003   2.67985216E+000  -1.93854257E+002  -1.91174405E+002
     315       1     1.19999997E+001   7.08568460E+003  -1.07093636E+000   2.79269906E+003   2.79376999E+003   2.75520915E+000  -1.90210740E+002  -1.92965949E+002   2.79002008E+003  -9.94706569E-001   2.79101478E+003   2.67897936E+000  -1.93960655E+002  -1.91281676E+002
     316       1     1.19999997E+001   7.08527777E+003  -1.08658011E+000   2.79247378E+003   2.79356036E+003   2.77084268E+000  -1.90299412E+002  -1.93070254E+002   2.78979279E+003  -9.96727207E-001   2.79078952E+003   2.68098978E+000  -1.94066982E+002  -1.91385992E+002
     317       1     1.19999997E+001   7.08484896E+003  -1.10345002E+000   2.79223547E+003   2.79333892E+003   2.78765273E+000  -1.90393347E+002  -1.93181000E+002   2.78955534E+003  -9.95932237E-001   2.79055127E+003   2.68013494E+000  -1.94176932E+002  -1.91496797E+002
     318       1     1.19999997E+001   7.08443263E+003  -1.11835735E+000   2.79200545E+003   2.79312381E+003   2.80343492E+000  -1.90484669E+002  -1.93288104E+002   2.78932313E+003  -9.97242629E-001   2.79032037E+003   2.68232020E+000  -1.94285346E+002  -1.91603026E+002
     319       1     1.19999997E+001   7.08401736E+003  -1.13031904E+000   2.79177663E+003   2.79290695E+003   2.81498491E+000  -1.90578050E+002  -1.93393035E+002   2.78909129E+003  -1.00067018E+000   2.79009196E+003   2.68533605E+000  -1.94393705E+002  -1.91708369E+002
     320       1     1.19999997E+001   7.08359349E+003  -1.14721217E+000   2.79154059E+003   2.79268780E+003   2.82980040E+000  -1.90671161E+002  -1.93500962E+002   2.78885574E+003  -1.00225563E+000   2.78985800E+003   2.68484385E+000  -1.94503217E+002  -1.91818374E+002
     321       1     1.19999997E+001   7.08318111E+003  -1.16429189E+000   2.79131107E+003   2.79247536E+003   2.84522502E+000  -1.90760975E+002  -1.93606200E+002   2.78862589E+003  -1.00424709E+000   2.78963014E+003   2.68518022E+000  -1.94610447E+002  -1.91925266E+002
     322       1     1.19999997E+001   7.08276980E+003  -1.18154207E+000   2.79108297E+003   2.79226452E+003   2.86180426E+000  -1.90849511E+002  -1.93711315E+002   2.78839490E+003  -1.00781075E+000   2.78940271E+003   2.68807293E+000  -1.94719126E+002  -1.92031053E+002
     323       1     1.19999997E+001   7.08236620E+003  -1.19799408E+000   2.79085955E+003   2.79205755E+003   2.87778245E+000  -1.90936455E+002  -1.93814237E+002   2.78816765E+003  -1.01211840E+000   2.78917976E+003   2.69190677E+000  -1.94826356E+002  -1.92134449E+002
     324       1     1.19999997E+001   7.08196910E+003  -1.21510651E+000   2.79063904E+003   2.79185414E+003   2.89487108E+000  -1.91021770E+002  -1.93916641E+002   2.78794567E+003  -1.01360026E+000   2.78895927E+003   2.69336484E+000  -1.94930241E+002  -1.92236876E+002
     325       1     1.19999997E+001   7.08155815E+003  -1.22987531E+000   2.79041231E+003   2.79164219E+003   2.90937233E+000  -1.91111511E+002  -1.94020884E+002   2.78771416E+003  -1.01865553E+000   2.78873282E+003   2.69815255E+000  -1.95039539E+002  -1.92341387E+002
     326       1     1.19999997E+001   7.08115887E+003  -1.24639932E+000   2.79019089E+003   2.79143729E+003   2.92551726E+000  -1.91197666E+002  -1.94123183E+002   2.78749033E+003  -1.02144054E+000   2.78851177E+003   2.70055848E+000  -1.95144624E+002  -1.92444065E+002
     327       1     1.19999997E+001   7.08075501E+003  -1.26453796E+000   2.78996664E+003   2.79123117E+003   2.94326271E+000  -1.91283672E+002  -1.94226934E+002   2.78726334E+003  -1.02457081E+000   2.78828791E+003   2.70329556E+000  -1.95251505E+002  -1.92548210E+002
     328       1     1.19999997E+001   7.08033943E+003  -1.27727771E+000   2.78973749E+003   2.79101476E+003   2.95739475E+000  -1.91376489E+002  -1.94333884E+002   2.78703267E+003  -1.02469800E+000   2.78805737E+003   2.70481503E+000  -1.95358582E+002  -1.92653767E+002
     329       1     1.19999997E+001   7.07993170E+003  -1.29611668E+000   2.78950886E+003   2.79080498E+003   2.97343594E+000  -1.91465014E+002  -1.94438450E+002   2.78680725E+003  -1.02429294E+000   2.78783154E+003   2.70161220E+000  -1.95462743E+002  -1.92761130E+002
     330       1     1.19999997E+001   7.07952662E+003  -1.31377491E+000   2.78928306E+003   2.79059683E+003   2.98882724E+000  -1.91552682E+002  -1.94541509E+002   2.78658082E+003  -1.02718511E+000   2.78760801E+003   2.70223744E+000  -1.95568694E+002  -1.92866457E+002
     331       1     1.19999997E+001   7.07912671E+003  -1.33136279E+000   2.78905984E+003   2.79039120E+003   3.00392952E+000  -1.91639373E+002  -1.94643303E+002   2.78635777E+003  -1.02950106E+000   2.78738727E+003   2.70206780E+000  -1.95672804E+002  -1.92970736E+002
     332       1     1.19999997E+001   7.07871203E+003  -1.34716327E+000   2.78883021E+003   2.79017738E+003   3.01926224E+000  -1.91729859E+002  -1.94749121E+002   2.78612547E+003  -1.03264125E+000   2.78715812E+003   2.70474022E+000  -1.95781762E+002  -1.93077022E+002
     333       1     1.19999997E+001   7.07831484E+003  -1.36374465E+000   2.78860981E+003   2.78997356E+003   3.03496381E+000  -1.91815541E+002  -1.94850505E+002   2.78590247E+003  -1.03612131E+000   2.78693859E+003   2.70734047E+000  -1.95886627E+002  -1.93179286E+002
     334       1     1.19999997E+001   7.07790604E+003  -1.38191968E+000   2.78838229E+003   2.78976421E+003   3.05164468E+000  -1.91903294E+002  -1.94954939E+002   2.78567325E+003  -1.03931127E+000   2.78671256E+003   2.70903627E+000  -1.95994250E+002  -1.93285214E+002
     335       1     1.19999997E+001   7.07750147E+003  -1.39938316E+000   2.78815743E+003   2.78955681E+003   3.06799785E+000  -1.91990349E+002  -1.95058347E+002   2.78544636E+003  -1.04246200E+000   2.78648882E+003   2.71107669E+000  -1.96100809E+002  -1.93389732E+002
     336       1     1.19999997E+001   7.07709995E+003  -1.41440934E+000   2.78793554E+003   2.78934995E+003   3.08256462E+000  -1.92077776E+002  -1.95160341E+002   2.78522027E+003  -1.04711957E+000   2.78626739E+003   2.71527485E+000  -1.96207460E+002  -1.93492185E+002
     337       1     1.19999997E+001   7.07670291E+003  -1.43074866E+000   2.78771551E+003   2.78914626E+003   3.09784968E+000  -1.92163365E+002  -1.95261215E+002   2.78499648E+003  -1.05193231E+000   2.78604841E+003   2.71903333E+000  -1.96313147E+002  -1.93594114E+002
     338       1     1.19999997E+001   7.07629778E+003  -1.44756337E+000   2.78749100E+003   2.78893856E+003   3.11507229E+000  -1.92250554E+002  -1.95365626E+002   2.78476945E+003  -1.05404144E+000   2.78582349E+003   2.72155037E+000  -1.96419668E+002  -1.93698118E+002
     339       1     1.19999997E+001   7.07589409E+003  -1.46329306E+000   2.78726789E+003   2.78873118E+003   3.12995008E+000  -1.92337840E+002  -1.95467790E+002   2.78454111E+003  -1.06012389E+000   2.78560123E+003   2.72678091E+000  -1.96527914E+002  -1.93801133E+002
     340       1     1.19999997E+001   7.07548896E+003  -1.47813151E+000   2.78704465E+003   2.78852278E+003   3.14386085E+000  -1.92425728E+002  -1.95569588E+002   2.78431086E+003  -1.06805342E+000   2.78537892E+003   2.73378276E+000  -1.96637642E+002  -1.93903859E+002
     341       1     1.19999997E+001   7.07508300E+003  -1.49331732E+000   2.78682053E+003   2.78831385E+003   3.15774383E+000  -1.92513885E+002  -1.95671629E+002   2.78408066E+003  -1.07544479E+000   2.78515611E+003   2.73987130E+000  -1.96747074E+002  -1.94007203E+002
     342       1     1.19999997E+001   7.07467514E+003  -1.50762741E+000   2.78659533E+003   2.78810296E+003   3.17151008E+000  -1.92603443E+002  -1.95774953E+002   2.78385121E+003  -1.08023424E+000   2.78493145E+003   2.74411691E+000  -1.96855187E+002  -1.94111070E+002
     343       1     1.19999997E+001   7.07426536E+003  -1.52370055E+000   2.78636877E+003   2.78789247E+003   3.18706948E+000  -1.92692019E+002  -1.95879088E+002   2.78361989E+003  -1.08551473E+000   2.78470541E+003   2.74888366E+000  -1.96964603E+002  -1.94215719E+002
     344       1     1.19999997E+001   7.07385998E+003  -1.53962825E+000   2.78614404E+003   2.78768367E+003   3.20094585E+000  -1.92780221E+002  -1.95981167E+002   2.78339128E+003  -1.09144721E+000   2.78448272E+003   2.75276481E+000  -1.97072614E+002  -1.94319850E+002
     345       1     1.19999997E+001   7.07344902E+003  -1.55685992E+000   2.78591622E+003   2.78747308E+003   3.21678343E+000  -1.92868540E+002  -1.96085324E+002   2.78315907E+003  -1.09723533E+000   2.78425630E+003   2.75715884E+000  -1.97182559E+002  -1.94425400E+002
     346       1     1.19999997E+001   7.07303843E+003  -1.57335836E+000   2.78568833E+003   2.78726169E+003   3.23121463E+000  -1.92957778E+002  -1.96188993E+002   2.78292794E+003  -1.10253227E+000   2.78403047E+003   2.76038854E+000  -1.97291525E+002  -1.94531137E+002
     347       1     1.19999997E+001   7.07262572E+003  -1.59065203E+000   2.78545891E+003   2.78704957E+003   3.24589245E+000  -1.93047112E+002  -1.96293004E+002   2.78269540E+003  -1.10826934E+000   2.78380367E+003   2.76350976E+000  -1.97401274E+002  -1.94637764E+002
     348       1     1.19999997E+001   7.07221315E+003  -1.60788565E+000   2.78522996E+003   2.78683785E+003   3.26146763E+000  -1.93136075E+002  -1.96397542E+002   2.78246276E+003  -1.11362611E+000   2.78357638E+003   2.76720809E+000  -1.97511169E+002  -1.94743960E+002
     349       1     1.19999997E+001   7.07180400E+003  -1.62373339E+000   2.78500337E+003   2.78662710E+003   3.27528017E+000  -1.93225089E+002  -1.96500369E+002   2.78223153E+003  -1.12029237E+000   2.78335182E+003   2.77183916E+000  -1.97620662E+002  -1.94848823E+002
     350       1     1.19999997E+001   7.07138134E+003  -1.64099652E+000   2.78476923E+003   2.78641023E+003   3.29128470E+000  -1.93316203E+002  -1.96607488E+002   2.78199275E+003  -1.12619392E+000   2.78311894E+003   2.77648209E+000  -1.97733682E+002  -1.94957200E+002
     351       1     1.19999997E+001   7.07096296E+003  -1.65571620E+000   2.78453875E+003   2.78619446E+003   3.30464286E+000  -1.93407480E+002  -1.96712122E+002   2.78175478E+003  -1.13504024E+000   2.78288982E+003   2.78396689E+000  -1.97847163E+002  -1.95063196E+002
     352       1     1.19999997E+001   7.07054463E+003  -1.67273977E+000   2.78430637E+003   2.78597911E+003   3.31900574E+000  -1.93498357E+002  -1.96817363E+002   2.78151898E+003  -1.14112436E+000   2.78266010E+003   2.78739033E+000  -1.97958487E+002  -1.95171097E+002
     353       1     1.19999997E+001   7.07013095E+003  -1.68821865E+000   2.78407755E+003   2.78576577E+003   3.33272944E+000  -1.93588605E+002  -1.96921335E+002   2.78128509E+003  -1.14794644E+000   2.78243304E+003   2.79245723E+000  -1.98069281E+002  -1.95276824E+002
     354       1     1.19999997E+001   7.06971115E+003  -1.70483363E+000   2.78384492E+003   2.78554975E+003   3.34762141E+000  -1.93679700E+002  -1.97027321E+002   2.78104814E+003  -1.15399055E+000   2.78220213E+003   2.79677833E+000  -1.98181312E+002  -1.95384534E+002
     355       1     1.19999997E+001   7.06929954E+003  -1.71872588E+000   2.78361770E+003   2.78533642E+003   3.35874813E+000  -1.93770547E+002  -1.97129296E+002   2.78081453E+003  -1.16314882E+000   2.78197767E+003   2.80317107E+000  -1.98292444E+002  -1.95489273E+002
     356       1     1.19999997E+001   7.06886816E+003  -1.73361010E+000   2.78338054E+003   2.78511415E+003   3.37154295E+000  -1.93864447E+002  -1.97235990E+002   2.78056719E+003  -1.17541815E+000   2.78174261E+003   2.81335100E+000  -1.98411408E+002  -1.95598057E+002
     357       1     1.19999997E+001   7.06842900E+003  -1.75126089E+000   2.78313709E+003   2.78488835E+003   3.38536016E+000  -1.93959559E+002  -1.97344919E+002   2.78031723E+003  -1.18576322E+000   2.78150299E+003   2.81986249E+000  -1.98530682E+002  -1.95710820E+002
     358       1     1.19999997E+001   7.06799646E+003  -1.76635036E+000   2.78289822E+003   2.78466457E+003   3.39871457E+000  -1.94054617E+002  -1.97453331E+002   2.78007262E+003  -1.19323821E+000   2.78126586E+003   2.82560242E+000  -1.98646569E+002  -1.95820967E+002
     359       1     1.19999997E+001   7.06755620E+003  -1.78530254E+000   2.78265300E+003   2.78443831E+003   3.41221741E+000  -1.94149863E+002  -1.97562080E+002   2.77982260E+003  -1.20348460E+000   2.78102609E+003   2.83039948E+000  -1.98765565E+002  -1.95935165E+002
     360       1     1.19999997E+001   7.06710209E+003  -1.80360632E+000   2.78240157E+003   2.78420517E+003   3.43139976E+000  -1.94247851E+002  -1.97679250E+002   2.77956795E+003  -1.20582716E+000   2.78077377E+003   2.83362060E+000  -1.98885078E+002  -1.96051457E+002
     361       1     1.19999997E+001   7.06666478E+003  -1.82000324E+000   2.78215999E+003   2.78397999E+003   3.44862283E+000  -1.94342882E+002  -1.97791505E+002   2.77932223E+003  -1.20913929E+000   2.78053137E+003   2.83775888E+000  -1.99000644E+002  -1.96162885E+002
     362       1     1.19999997E+001   7.06623217E+003  -1.83565647E+000   2.78191968E+003   2.78375534E+003   3.46017600E+000  -1.94438789E+002  -1.97898965E+002   2.77907881E+003  -1.21635446E+000   2.78029516E+003   2.84087399E+000  -1.99115319E+002  -1.96274445E+002
     363       1     1.19999997E+001   7.06578305E+003  -1.84854487E+000   2.78167148E+003   2.78352003E+003   3.46900965E+000  -1.94540436E+002  -1.98009446E+002   2.77882579E+003  -1.22522743E+000   2.78005102E+003   2.84569220E+000  -1.99234673E+002  -1.96388981E+002
     364       1     1.19999997E+001   7.06534531E+003  -1.86560643E+000   2.78142829E+003   2.78329390E+003   3.48109193E+000  -1.94636283E+002  -1.98117375E+002   2.77857746E+003  -1.23534581E+000   2.77981281E+003   2.85083131E+000  -1.99352721E+002  -1.96501889E+002
     365       1     1.19999997E+001   7.06491980E+003  -1.88007755E+000   2.78119456E+003   2.78307464E+003   3.49698750E+000  -1.94728896E+002  -1.98225884E+002   2.77833642E+003  -1.24122865E+000   2.77957765E+003   2.85813860E+000  -1.99467113E+002  -1.96608974E+002
     366       1     1.19999997E+001   7.06450031E+003  -1.89505494E+000   2.78096296E+003   2.78285802E+003   3.51019041E+000  -1.94820658E+002  -1.98330849E+002   2.77809840E+003  -1.24942662E+000   2.77934783E+003   2.86456208E+000  -1.99580275E+002  -1.96715713E+002
     367       1     1.19999997E+001   7.06407058E+003  -1.90968900E+000   2.78072716E+003   2.78263685E+003   3.52759318E+000  -1.94913914E+002  -1.98441507E+002   2.77785547E+003  -1.25378123E+000   2.77910925E+003   2.87168540E+000  -1.99695288E+002  -1.96823603E+002
     368       1     1.19999997E+001   7.06364926E+003  -1.92098074E+000   2.78049565E+003   2.78241663E+003   3.53565916E+000  -1.95008728E+002  -1.98544388E+002   2.77761542E+003  -1.26554566E+000   2.77888097E+003   2.88022408E+000  -1.99809933E+002  -1.96929709E+002
     369       1     1.19999997E+001   7.06321254E+003  -1.93197186E+000   2.78025697E+003   2.78218895E+003   3.54499265E+000  -1.95106414E+002  -1.98651407E+002   2.77736505E+003  -1.27890112E+000   2.77864395E+003   2.89192190E+000  -1.99930308E+002  -1.97038386E+002
     370       1     1.19999997E+001   7.06280309E+003  -1.94451455E+000   2.78003173E+003   2.78197625E+003   3.55392535E+000  -1.95197231E+002  -1.98751156E+002   2.77713040E+003  -1.29191777E+000   2.77842232E+003   2.90132857E+000  -2.00043074E+002  -1.97141745E+002
     371       1     1.19999997E+001   7.06237360E+003  -1.95843660E+000   2.77979431E+003   2.78175275E+003   3.56442669E+000  -1.95292882E+002  -1.98857308E+002   2.77688733E+003  -1.30099198E+000   2.77818832E+003   2.90698207E+000  -2.00158300E+002  -1.97251318E+002
     372       1     1.19999997E+001   7.06196456E+003  -1.97108587E+000   2.77956916E+003   2.78154025E+003   3.57381138E+000  -1.95383618E+002  -1.98957430E+002   2.77665351E+003  -1.31292838E+000   2.77796644E+003   2.91565389E+000  -2.00270358E+002  -1.97354704E+002
     373       1     1.19999997E+001   7.06155672E+003  -1.98497142E+000   2.77934367E+003   2.78132864E+003   3.58529393E+000  -1.95473821E+002  -1.99059115E+002   2.77642297E+003  -1.32037315E+000   2.77774334E+003   2.92069565E+000  -2.00379488E+002  -1.97458793E+002
     374       1     1.19999997E+001   7.06114726E+003  -2.00085302E+000   2.77911635E+003   2.78111720E+003   3.59701719E+000  -1.95563366E+002  -1.99160383E+002   2.77619058E+003  -1.32959852E+000   2.77752018E+003   2.92576269E+000  -2.00489981E+002  -1.97564219E+002
     375       1     1.19999997E+001   7.06072814E+003  -2.01174531E+000   2.77888608E+003   2.78089782E+003   3.60541122E+000  -1.95657975E+002  -1.99263386E+002   2.77595260E+003  -1.33980788E+000   2.77729241E+003   2.93347379E+000  -2.00603194E+002  -1.97669720E+002
     376       1     1.19999997E+001   7.06031067E+003  -2.02332169E+000   2.77865574E+003   2.78067907E+003   3.61227684E+000  -1.95752451E+002  -1.99364727E+002   2.77571550E+003  -1.35129117E+000   2.77706679E+003   2.94024632E+000  -2.00716019E+002  -1.97775772E+002
     377       1     1.19999997E+001   7.05987328E+003  -2.03177725E+000   2.77841782E+003   2.78044960E+003   3.61968025E+000  -1.95851701E+002  -1.99471381E+002   2.77546440E+003  -1.36551999E+000   2.77682992E+003   2.95342299E+000  -2.00836901E+002  -1.97883478E+002
     378       1     1.19999997E+001   7.05945604E+003  -2.04397339E+000   2.77818802E+003   2.78023199E+003   3.62722363E+000  -1.95945088E+002  -1.99572312E+002   2.77522557E+003  -1.37919499E+000   2.77660477E+003   2.96244524E+000  -2.00951507E+002  -1.97989061E+002
     379       1     1.19999997E+001   7.05904727E+003  -2.05690291E+000   2.77796245E+003   2.78001935E+003   3.63649836E+000  -1.96036029E+002  -1.99672528E+002   2.77499281E+003  -1.39004063E+000   2.77638285E+003   2.96963608E+000  -2.01062568E+002  -1.98092932E+002
     380       1     1.19999997E+001   7.05862551E+003  -2.06903903E+000   2.77773129E+003   2.77980033E+003   3.64830001E+000  -1.96129481E+002  -1.99777781E+002   2.77475253E+003  -1.39949340E+000   2.77615203E+003   2.97875438E+000  -2.01177274E+002  -1.98198520E+002
     381       1     1.19999997E+001   7.05821043E+003  -2.08018164E+000   2.77750332E+003   2.77958350E+003   3.65672335E+000  -1.96222720E+002  -1.99879443E+002   2.77451585E+003  -1.41092724E+000   2.77592678E+003   2.98746895E+000  -2.01290370E+002  -1.98302901E+002
     382       1     1.19999997E+001   7.05779372E+003  -2.09301068E+000   2.77727418E+003   2.77936719E+003   3.66874540E+000  -1.96314962E+002  -1.99983708E+002   2.77427936E+003  -1.41908334E+000   2.77569844E+003   2.99481806E+000  -2.01402791E+002  -1.98407973E+002
     383       1     1.19999997E+001   7.05738208E+003  -2.10466633E+000   2.77704773E+003   2.77915240E+003   3.67735479E+000  -1.96407188E+002  -2.00084543E+002   2.77404477E+003  -1.43027461E+000   2.77547504E+003   3.00296308E+000  -2.01514818E+002  -1.98511855E+002
     384       1     1.19999997E+001   7.05696336E+003  -2.11550044E+000   2.77681756E+003   2.77893306E+003   3.68579608E+000  -1.96501853E+002  -2.00187649E+002   2.77380737E+003  -1.43989641E+000   2.77524726E+003   3.01019205E+000  -2.01627546E+002  -1.98617354E+002
     385       1     1.19999997E+001   7.05653976E+003  -2.13214249E+000   2.77658083E+003   2.77871297E+003   3.69501459E+000  -1.96595816E+002  -2.00290831E+002   2.77356811E+003  -1.44983819E+000   2.77501795E+003   3.01271029E+000  -2.01740669E+002  -1.98727959E+002
     386       1     1.19999997E+001   7.05611940E+003  -2.13995537E+000   2.77635114E+003   2.77849110E+003   3.70078868E+000  -1.96692517E+002  -2.00393306E+002   2.77332899E+003  -1.46131866E+000   2.77479031E+003   3.02215197E+000  -2.01854625E+002  -1.98832473E+002
     387       1     1.19999997E+001   7.05570301E+003  -2.14978195E+000   2.77612264E+003   2.77827242E+003   3.70763054E+000  -1.96787207E+002  -2.00494838E+002   2.77309203E+003  -1.47276146E+000   2.77456479E+003   3.03061006E+000  -2.01967599E+002  -1.98936989E+002
     388       1     1.19999997E+001   7.05528237E+003  -2.16093103E+000   2.77589081E+003   2.77805174E+003   3.71438247E+000  -1.96882637E+002  -2.00597019E+002   2.77285301E+003  -1.48434065E+000   2.77433735E+003   3.03779210E+000  -2.02081360E+002  -1.99043568E+002
     389       1     1.19999997E+001   7.05485286E+003  -2.16881070E+000   2.77565770E+003   2.77782651E+003   3.72441162E+000  -1.96979958E+002  -2.00704369E+002   2.77260819E+003  -1.49391029E+000   2.77410210E+003   3.04951120E+000  -2.02198280E+002  -1.99148769E+002
     390       1     1.19999997E+001   7.05443681E+003  -2.18006316E+000   2.77542910E+003   2.77760916E+003   3.73285706E+000  -1.97073418E+002  -2.00806275E+002   2.77237097E+003  -1.50533636E+000   2.77387630E+003   3.05813026E+000  -2.02311611E+002  -1.99253481E+002
     391       1     1.19999997E+001   7.05400327E+003  -2.19053100E+000   2.77519236E+003   2.77738289E+003   3.74337784E+000  -1.97170577E+002  -2.00913955E+002   2.77212351E+003  -1.51600025E+000   2.77363951E+003   3.06884709E+000  -2.02429955E+002  -1.99361108E+002
     392       1     1.19999997E+001   7.05359170E+003  -2.20155270E+000   2.77496593E+003   2.77716748E+003   3.75159586E+000  -1.97263420E+002  -2.01015016E+002   2.77188975E+003  -1.52613865E+000   2.77341589E+003   3.07618182E+000  -2.02541155E+002  -1.99464973E+002
     393       1     1.19999997E+001   7.05317708E+003  -2.21064625E+000   2.77473876E+003   2.77694941E+003   3.75750843E+000  -1.97358015E+002  -2.01115524E+002   2.77165305E+003  -1.53885148E+000   2.77319190E+003   3.08571367E+000  -2.02654375E+002  -1.99568661E+002
     394       1     1.19999997E+001   7.05276283E+003  -2.22012404E+000   2.77451195E+003   2.77673208E+003   3.76463058E+000  -1.97451978E+002  -2.01216608E+002   2.77141651E+003  -1.55093851E+000   2.77296744E+003   3.09544505E+000  -2.02767547E+002  -1.99672102E+002
     395       1     1.19999997E+001   7.05234814E+003  -2.22992526E+000   2.77428381E+003   2.77651373E+003   3.77023773E+000  -1.97546819E+002  -2.01317057E+002   2.77118085E+003  -1.56264443E+000   2.77274350E+003   3.10295691E+000  -2.02879702E+002  -1.99776745E+002
     396       1     1.19999997E+001   7.05192533E+003  -2.24531651E+000   2.77404832E+003   2.77629364E+003   3.78162566E+000  -1.97640991E+002  -2.01422616E+002   2.77094404E+003  -1.56797250E+000   2.77251202E+003   3.10428166E+000  -2.02990589E+002  -1.99886307E+002
     397       1     1.19999997E+001   7.05150601E+003  -2.25445055E+000   2.77381892E+003   2.77607337E+003   3.78928649E+000  -1.97736377E+002  -2.01525663E+002   2.77070539E+003  -1.57869266E+000   2.77228408E+003   3.11352859E+000  -2.03104356E+002  -1.99990827E+002
     398       1     1.19999997E+001   7.05108267E+003  -2.25990637E+000   2.77358913E+003   2.77584903E+003   3.79510718E+000  -1.97834628E+002  -2.01629735E+002   2.77046463E+003  -1.58929917E+000   2.77205393E+003   3.12449998E+000  -2.03219034E+002  -2.00094534E+002
     399       1     1.19999997E+001   7.05065601E+003  -2.26979136E+000   2.77335616E+003   2.77562595E+003   3.80348330E+000  -1.97930625E+002  -2.01734108E+002   2.77021976E+003  -1.60271574E+000   2.77182247E+003   3.13640768E+000  -2.03336824E+002  -2.00200416E+002
     400       1     1.19999997E+001   7.05023739E+003  -2.27961662E+000   2.77312631E+003   2.77540592E+003   3.80998489E+000  -1.98025968E+002  -2.01835953E+002   2.76998137E+003  -1.61456554E+000   2.77159594E+003   3.14493381E+000  -2.03450518E+002  -2.00305585E+002
     401       1     1.19999997E+001   7.04983438E+003  -2.28926158E+000   2.77290529E+003   2.77519455E+003   3.81662071E+000  -1.98117302E+002  -2.01933923E+002   2.76975107E+003  -1.62685799E+000   2.77137793E+003   3.15421711E+000  -2.03560781E+002  -2.00406564E+002
     402       1     1.19999997E+001   7.04941491E+003  -2.29881402E+000   2.77267573E+003   2.77497455E+003   3.82529391E+000  -1.98212359E+002  -2.02037653E+002   2.76951261E+003  -1.63664025E+000   2.77114925E+003   3.16312014E+000  -2.03674293E+002  -2.00511173E+002
     403       1     1.19999997E+001   7.04898868E+003  -2.30797257E+000   2.77244183E+003   2.77474980E+003   3.83105323E+000  -1.98310143E+002  -2.02141197E+002   2.76927028E+003  -1.64846540E+000   2.77091875E+003   3.17154605E+000  -2.03789662E+002  -2.00618116E+002
     404       1     1.19999997E+001   7.04857762E+003  -2.31667850E+000   2.77221683E+003   2.77453350E+003   3.83762826E+000  -1.98403996E+002  -2.02241624E+002   2.76903611E+003  -1.65976583E+000   2.77069588E+003   3.18071559E+000  -2.03901390E+002  -2.00720675E+002
     405       1     1.19999997E+001   7.04814766E+003  -2.32351052E+000   2.77198245E+003   2.77430596E+003   3.84298313E+000  -1.98503469E+002  -2.02346452E+002   2.76879128E+003  -1.67168931E+000   2.77046297E+003   3.19116191E+000  -2.04018141E+002  -2.00826979E+002
     406       1     1.19999997E+001   7.04773254E+003  -2.33210950E+000   2.77175532E+003   2.77408743E+003   3.85012939E+000  -1.98598334E+002  -2.02448463E+002   2.76855534E+003  -1.68196293E+000   2.77023730E+003   3.19998283E+000  -2.04130426E+002  -2.00930443E+002
     407       1     1.19999997E+001   7.04732049E+003  -2.34113460E+000   2.77152876E+003   2.77386989E+003   3.85442647E+000  -1.98693125E+002  -2.02547552E+002   2.76832072E+003  -1.69474977E+000   2.77001547E+003   3.20804164E+000  -2.04242302E+002  -2.01034260E+002
     408       1     1.19999997E+001   7.04689736E+003  -2.34869493E+000   2.77129829E+003   2.77364698E+003   3.86011918E+000  -1.98789985E+002  -2.02650105E+002   2.76807789E+003  -1.70896922E+000   2.76978686E+003   3.22039347E+000  -2.04359074E+002  -2.01138680E+002
     409       1     1.19999997E+001   7.04647920E+003  -2.35751815E+000   2.77106902E+003   2.77342654E+003   3.86559721E+000  -1.98885855E+002  -2.02751452E+002   2.76783957E+003  -1.72137483E+000   2.76956094E+003   3.22945388E+000  -2.04472827E+002  -2.01243373E+002
     410       1     1.19999997E+001   7.04605310E+003  -2.36557415E+000   2.77083521E+003   2.77320078E+003   3.86994793E+000  -1.98984677E+002  -2.02854625E+002   2.76759794E+003  -1.73288797E+000   2.76933083E+003   3.23726176E+000  -2.04587513E+002  -2.01350251E+002
     411       1     1.19999997E+001   7.04561823E+003  -2.37749089E+000   2.77059447E+003   2.77297196E+003   3.87602671E+000  -1.99083944E+002  -2.02959971E+002   2.76735189E+003  -1.74404655E+000   2.76909594E+003   3.24258236E+000  -2.04704017E+002  -2.01461435E+002
     412       1     1.19999997E+001   7.04520052E+003  -2.38409310E+000   2.77036700E+003   2.77275109E+003   3.88218992E+000  -1.99180366E+002  -2.03062556E+002   2.76711422E+003  -1.75468315E+000   2.76886890E+003   3.25277997E+000  -2.04817239E+002  -2.01564459E+002
     413       1     1.19999997E+001   7.04478767E+003  -2.39237410E+000   2.77014087E+003   2.77253324E+003   3.89040121E+000  -1.99275219E+002  -2.03165621E+002   2.76688186E+003  -1.76098142E+000   2.76864284E+003   3.25900854E+000  -2.04926602E+002  -2.01667594E+002
     414       1     1.19999997E+001   7.04436271E+003  -2.39837420E+000   2.76990982E+003   2.77230819E+003   3.89476239E+000  -1.99373655E+002  -2.03268417E+002   2.76663844E+003  -1.77499175E+000   2.76841343E+003   3.27137993E+000  -2.05043409E+002  -2.01772029E+002
     415       1     1.19999997E+001   7.04393355E+003  -2.40645063E+000   2.76967503E+003   2.77208148E+003   3.90121246E+000  -1.99472507E+002  -2.03373719E+002   2.76639501E+003  -1.78525862E+000   2.76818026E+003   3.28002045E+000  -2.05158978E+002  -2.01878957E+002
     416       1     1.19999997E+001   7.04351389E+003  -2.41476462E+000   2.76944489E+003   2.77185966E+003   3.90755666E+000  -1.99569289E+002  -2.03476846E+002   2.76615776E+003  -1.79434166E+000   2.76795210E+003   3.28713370E+000  -2.05271187E+002  -2.01984054E+002
     417       1     1.19999997E+001   7.04309401E+003  -2.42042610E+000   2.76921600E+003   2.77163643E+003   3.91167315E+000  -1.99667415E+002  -2.03579089E+002   2.76591938E+003  -1.80537652E+000   2.76772476E+003   3.29662357E+000  -2.05384465E+002  -2.02087841E+002
     418       1     1.19999997E+001   7.04267343E+003  -2.42787145E+000   2.76898655E+003   2.77141442E+003   3.91889509E+000  -1.99764104E+002  -2.03682999E+002   2.76568064E+003  -1.81489284E+000   2.76749553E+003   3.30591649E+000  -2.05497892E+002  -2.02191975E+002
     419       1     1.19999997E+001   7.04225260E+003  -2.43499766E+000   2.76875691E+003   2.77119191E+003   3.92547241E+000  -1.99861226E+002  -2.03786699E+002   2.76544192E+003  -1.82451957E+000   2.76726644E+003   3.31499433E+000  -2.05611218E+002  -2.02296224E+002
     420       1     1.19999997E+001   7.04182822E+003  -2.43989247E+000   2.76852654E+003   2.77096644E+003   3.92769282E+000  -1.99960242E+002  -2.03887935E+002   2.76519766E+003  -1.84108086E+000   2.76703874E+003   3.32888121E+000  -2.05729015E+002  -2.02400134E+002
     421       1     1.19999997E+001   7.04140621E+003  -2.44786475E+000   2.76829523E+003   2.77074310E+003   3.93315578E+000  -2.00057831E+002  -2.03990987E+002   2.76495853E+003  -1.85141587E+000   2.76680994E+003   3.33670690E+000  -2.05842403E+002  -2.02505696E+002
     422       1     1.19999997E+001   7.04097715E+003  -2.45392155E+000   2.76806171E+003   2.77051563E+003   3.93850465E+000  -2.00157446E+002  -2.04095951E+002   2.76471431E+003  -1.86281739E+000   2.76657712E+003   3.34740049E+000  -2.05958768E+002  -2.02611368E+002
     423       1     1.19999997E+001   7.04055214E+003  -2.46091778E+000   2.76782915E+003   2.77029007E+003   3.94305518E+000  -2.00256361E+002  -2.04199416E+002   2.76447336E+003  -1.87364997E+000   2.76634701E+003   3.35578737E+000  -2.06073066E+002  -2.02717279E+002
     424       1     1.19999997E+001   7.04013195E+003  -2.46848459E+000   2.76759975E+003   2.77006824E+003   3.95012764E+000  -2.00352973E+002  -2.04303101E+002   2.76423480E+003  -1.88331170E+000   2.76611811E+003   3.36495475E+000  -2.06186412E+002  -2.02821458E+002
     425       1     1.19999997E+001   7.03970260E+003  -2.47624354E+000   2.76736561E+003   2.76984185E+003   3.95891984E+000  -2.00451408E+002  -2.04410328E+002   2.76399177E+003  -1.89116474E+000   2.76588293E+003   3.37384104E+000  -2.06301493E+002  -2.02927652E+002
     426       1     1.19999997E+001   7.03927581E+003  -2.48407368E+000   2.76713245E+003   2.76961652E+003   3.96656539E+000  -2.00549555E+002  -2.04516120E+002   2.76375010E+003  -1.89985755E+000   2.76564995E+003   3.38234925E+000  -2.06415978E+002  -2.03033628E+002
     427       1     1.19999997E+001   7.03883510E+003  -2.49286775E+000   2.76689009E+003   2.76938296E+003   3.96899365E+000  -2.00651775E+002  -2.04620769E+002   2.76349839E+003  -1.91557393E+000   2.76541397E+003   3.39169984E+000  -2.06536343E+002  -2.03144643E+002
     428       1     1.19999997E+001   7.03840446E+003  -2.50232315E+000   2.76665323E+003   2.76915555E+003   3.97614489E+000  -2.00750845E+002  -2.04726990E+002   2.76325563E+003  -1.92377739E+000   2.76517941E+003   3.39759913E+000  -2.06650767E+002  -2.03253168E+002
     429       1     1.19999997E+001   7.03797954E+003  -2.50743327E+000   2.76642157E+003   2.76892900E+003   3.98305932E+000  -2.00850762E+002  -2.04833821E+002   2.76301823E+003  -1.92771239E+000   2.76494594E+003   3.40333844E+000  -2.06761533E+002  -2.03358195E+002
     430       1     1.19999997E+001   7.03755672E+003  -2.51384961E+000   2.76619107E+003   2.76870492E+003   3.98970089E+000  -2.00948834E+002  -2.04938535E+002   2.76277901E+003  -1.93620443E+000   2.76471522E+003   3.41205571E+000  -2.06874739E+002  -2.03462684E+002
     431       1     1.19999997E+001   7.03711966E+003  -2.51748696E+000   2.76595404E+003   2.76847153E+003   3.99475252E+000  -2.01051960E+002  -2.05046712E+002   2.76253217E+003  -1.94461022E+000   2.76447678E+003   3.42187579E+000  -2.06991322E+002  -2.03569447E+002
     432       1     1.19999997E+001   7.03669924E+003  -2.52217426E+000   2.76572549E+003   2.76824766E+003   3.99823362E+000  -2.01150521E+002  -2.05148754E+002   2.76229259E+003  -1.95683531E+000   2.76424943E+003   3.43289467E+000  -2.07105590E+002  -2.03672695E+002
     433       1     1.19999997E+001   7.03627029E+003  -2.52730009E+000   2.76549258E+003   2.76801988E+003   4.00281458E+000  -2.01250456E+002  -2.05253271E+002   2.76204765E+003  -1.96941543E+000   2.76401706E+003   3.44492993E+000  -2.07222686E+002  -2.03777756E+002
     434       1     1.19999997E+001   7.03584563E+003  -2.53273311E+000   2.76526119E+003   2.76779393E+003   4.00622010E+000  -2.01349831E+002  -2.05356052E+002   2.76180569E+003  -1.98201698E+000   2.76378771E+003   3.45550397E+000  -2.07338069E+002  -2.03882565E+002
     435       1     1.19999997E+001   7.03541398E+003  -2.54065203E+000   2.76502550E+003   2.76756616E+003   4.01568158E+000  -2.01448941E+002  -2.05464622E+002   2.76156243E+003  -1.98804230E+000   2.76355047E+003   3.46307185E+000  -2.07452665E+002  -2.03989593E+002
     436       1     1.19999997E+001   7.03497662E+003  -2.54296718E+000   2.76478857E+003   2.76733153E+003   4.01880943E+000  -2.01553203E+002  -2.05572012E+002   2.76131532E+003  -1.99740181E+000   2.76331272E+003   3.47324406E+000  -2.07569414E+002  -2.04096170E+002
     437       1     1.19999997E+001   7.03455354E+003  -2.55074862E+000   2.76455707E+003   2.76710781E+003   4.02562678E+000  -2.01650808E+002  -2.05676435E+002   2.76107581E+003  -2.00637606E+000   2.76308219E+003   3.48125423E+000  -2.07682811E+002  -2.04201557E+002
     438       1     1.19999997E+001   7.03412005E+003  -2.55529253E+000   2.76432090E+003   2.76687619E+003   4.02865068E+000  -2.01753218E+002  -2.05781868E+002   2.76083024E+003  -2.01730076E+000   2.76284754E+003   3.49065891E+000  -2.07799169E+002  -2.04308510E+002
     439       1     1.19999997E+001   7.03368719E+003  -2.56141083E+000   2.76408472E+003   2.76664613E+003   4.03447758E+000  -2.01854246E+002  -2.05888723E+002   2.76058569E+003  -2.02596114E+000   2.76261166E+003   3.49902789E+000  -2.07914684E+002  -2.04415657E+002
     440       1     1.19999997E+001   7.03325223E+003  -2.56677956E+000   2.76384793E+003   2.76641471E+003   4.03926969E+000  -2.01956005E+002  -2.05995275E+002   2.76033882E+003  -2.03662068E+000   2.76237544E+003   3.50911081E+000  -2.08031896E+002  -2.04522785E+002
     441       1     1.19999997E+001   7.03282469E+003  -2.57516733E+000   2.76361376E+003   2.76618893E+003   4.04647965E+000  -2.02054333E+002  -2.06100812E+002   2.76009667E+003  -2.04578518E+000   2.76214245E+003   3.51709750E+000  -2.08146598E+002  -2.04629500E+002
     442       1     1.19999997E+001   7.03239533E+003  -2.58263404E+000   2.76337905E+003   2.76596169E+003   4.05260026E+000  -2.02153578E+002  -2.06206178E+002   2.75985290E+003  -2.05619027E+000   2.76190909E+003   3.52615648E+000  -2.08262369E+002  -2.04736212E+002
     443       1     1.19999997E+001   7.03196848E+003  -2.59023445E+000   2.76314528E+003   2.76573551E+003   4.05789773E+000  -2.02252501E+002  -2.06310399E+002   2.75961070E+003  -2.06691206E+000   2.76167762E+003   3.53457534E+000  -2.08377311E+002  -2.04842735E+002
     444       1     1.19999997E+001   7.03154725E+003  -2.59702472E+000   2.76291525E+003   2.76551227E+003   4.06392476E+000  -2.02350161E+002  -2.06414086E+002   2.75937189E+003  -2.07645811E+000   2.76144835E+003   3.54335815E+000  -2.08490544E+002  -2.04947186E+002
     445       1     1.19999997E+001   7.03112068E+003  -2.60228991E+000   2.76268308E+003   2.76528537E+003   4.06741499E+000  -2.02449891E+002  -2.06517306E+002   2.75912830E+003  -2.08964930E+000   2.76121795E+003   3.55477438E+000  -2.08606955E+002  -2.05052181E+002
     446       1     1.19999997E+001   7.03068939E+003  -2.60740242E+000   2.76244884E+003   2.76505624E+003   4.07177812E+000  -2.02550432E+002  -2.06622210E+002   2.75888176E+003  -2.10270220E+000   2.76098446E+003   3.56707790E+000  -2.08724912E+002  -2.05157835E+002
     447       1     1.19999997E+001   7.03025641E+003  -2.61236143E+000   2.76221393E+003   2.76482629E+003   4.07597563E+000  -2.02651290E+002  -2.06727265E+002   2.75863364E+003  -2.11667161E+000   2.76075031E+003   3.58028580E+000  -2.08843937E+002  -2.05263651E+002
     448       1     1.19999997E+001   7.02982630E+003  -2.62011997E+000   2.76197812E+003   2.76459824E+003   4.08240941E+000  -2.02751102E+002  -2.06833511E+002   2.75839114E+003  -2.12468891E+000   2.76051583E+003   3.58697835E+000  -2.08958200E+002  -2.05371222E+002
     449       1     1.19999997E+001   7.02940306E+003  -2.62553480E+000   2.76174749E+003   2.76437303E+003   4.08681548E+000  -2.02850125E+002  -2.06936941E+002   2.75815078E+003  -2.13543327E+000   2.76028621E+003   3.59671395E+000  -2.09072374E+002  -2.05475660E+002
     450       1     1.19999997E+001   7.02897676E+003  -2.63178742E+000   2.76151501E+003   2.76414680E+003   4.09241444E+000  -2.02949244E+002  -2.07041658E+002   2.75790875E+003  -2.14563841E+000   2.76005439E+003   3.60626543E+000  -2.09187297E+002  -2.05581031E+002
     451       1     1.19999997E+001   7.02854609E+003  -2.64038850E+000   2.76127859E+003   2.76391897E+003   4.09808079E+000  -2.03048659E+002  -2.07146740E+002   2.75766437E+003  -2.15652117E+000   2.75982089E+003   3.61421346E+000  -2.09303261E+002  -2.05689048E+002
     452       1     1.19999997E+001   7.02810625E+003  -2.65049446E+000   2.76103636E+003   2.76368685E+003   4.10547570E+000  -2.03149633E+002  -2.07255108E+002   2.75741603E+003  -2.16534707E+000   2.75958138E+003   3.62032831E+000  -2.09420455E+002  -2.05800127E+002
     453       1     1.19999997E+001   7.02766898E+003  -2.65800509E+000   2.76079664E+003   2.76345465E+003   4.11238338E+000  -2.03251451E+002  -2.07363835E+002   2.75717045E+003  -2.17181250E+000   2.75934226E+003   3.62619078E+000  -2.09535647E+002  -2.05909456E+002
     454       1     1.19999997E+001   7.02722510E+003  -2.67036146E+000   2.76055154E+003   2.76322190E+003   4.12365666E+000  -2.03351835E+002  -2.07475492E+002   2.75692121E+003  -2.17703659E+000   2.75909825E+003   3.63033179E+000  -2.09652528E+002  -2.06022197E+002
     455       1     1.19999997E+001   7.02679791E+003  -2.67610654E+000   2.76031845E+003   2.76299456E+003   4.12815911E+000  -2.03451794E+002  -2.07579953E+002   2.75667890E+003  -2.18750038E+000   2.75886640E+003   3.63955295E+000  -2.09767453E+002  -2.06127901E+002
     456       1     1.19999997E+001   7.02636975E+003  -2.68193591E+000   2.76008492E+003   2.76276686E+003   4.13485782E+000  -2.03551817E+002  -2.07686675E+002   2.75643779E+003  -2.19421060E+000   2.75863200E+003   3.64713252E+000  -2.09880886E+002  -2.06233753E+002
     457       1     1.19999997E+001   7.02593544E+003  -2.68744098E+000   2.75984811E+003   2.76253555E+003   4.14016049E+000  -2.03653612E+002  -2.07793772E+002   2.75619231E+003  -2.20308100E+000   2.75839539E+003   3.65580051E+000  -2.09996853E+002  -2.06341053E+002
     458       1     1.19999997E+001   7.02551152E+003  -2.69260492E+000   2.75961669E+003   2.76230930E+003   4.14460413E+000  -2.03753447E+002  -2.07898051E+002   2.75595319E+003  -2.21151009E+000   2.75816470E+003   3.66350929E+000  -2.10109561E+002  -2.06446052E+002
     459       1     1.19999997E+001   7.02507531E+003  -2.69693225E+000   2.75937935E+003   2.76207628E+003   4.14769930E+000  -2.03856375E+002  -2.08004074E+002   2.75570524E+003  -2.22334320E+000   2.75792859E+003   3.67411025E+000  -2.10227417E+002  -2.06553307E+002
     460       1     1.19999997E+001   7.02464031E+003  -2.70383984E+000   2.75914088E+003   2.76184472E+003   4.15244589E+000  -2.03958218E+002  -2.08110664E+002   2.75545983E+003  -2.23243591E+000   2.75769227E+003   3.68104196E+000  -2.10343100E+002  -2.06662058E+002
     461       1     1.19999997E+001   7.02418363E+003  -2.70587260E+000   2.75889268E+003   2.76159855E+003   4.15347742E+000  -2.04068189E+002  -2.08221667E+002   2.75520218E+003  -2.24289684E+000   2.75744507E+003   3.69050166E+000  -2.10464563E+002  -2.06774062E+002
     462       1     1.19999997E+001   7.02373007E+003  -2.70818079E+000   2.75864671E+003   2.76135489E+003   4.15781158E+000  -2.04176587E+002  -2.08334399E+002   2.75494741E+003  -2.24966936E+000   2.75719708E+003   3.69930015E+000  -2.10584068E+002  -2.06884768E+002
     463       1     1.19999997E+001   7.02328665E+003  -2.71289853E+000   2.75840492E+003   2.76111782E+003   4.16122727E+000  -2.04281413E+002  -2.08442641E+002   2.75469650E+003  -2.26008835E+000   2.75695659E+003   3.70841709E+000  -2.10702729E+002  -2.06994312E+002
     464       1     1.19999997E+001   7.02285230E+003  -2.72022253E+000   2.75816662E+003   2.76088684E+003   4.16646565E+000  -2.04382848E+002  -2.08549314E+002   2.75445156E+003  -2.26881172E+000   2.75672037E+003   3.71505484E+000  -2.10818125E+002  -2.07103070E+002
     465       1     1.19999997E+001   7.02240786E+003  -2.72550645E+000   2.75792447E+003   2.76064998E+003   4.17236191E+000  -2.04487148E+002  -2.08659510E+002   2.75420077E+003  -2.27684603E+000   2.75647762E+003   3.72370150E+000  -2.10936356E+002  -2.07212655E+002
     466       1     1.19999997E+001   7.02197732E+003  -2.73118611E+000   2.75768914E+003   2.76042033E+003   4.17603324E+000  -2.04588386E+002  -2.08764419E+002   2.75395693E+003  -2.28736060E+000   2.75624429E+003   3.73220773E+000  -2.11051780E+002  -2.07319572E+002
     467       1     1.19999997E+001   7.02154519E+003  -2.73478565E+000   2.75745435E+003   2.76018913E+003   4.17837004E+000  -2.04690687E+002  -2.08869057E+002   2.75371080E+003  -2.29996867E+000   2.75601076E+003   3.74355306E+000  -2.11169026E+002  -2.07425473E+002
     468       1     1.19999997E+001   7.02111442E+003  -2.74145372E+000   2.75721869E+003   2.75996015E+003   4.18494291E+000  -2.04791185E+002  -2.08976127E+002   2.75346830E+003  -2.30690054E+000   2.75577520E+003   3.75038973E+000  -2.11283028E+002  -2.07532638E+002
     469       1     1.19999997E+001   7.02068106E+003  -2.74633371E+000   2.75698250E+003   2.75972884E+003   4.18952496E+000  -2.04893233E+002  -2.09082758E+002   2.75322333E+003  -2.31598172E+000   2.75553931E+003   3.75917298E+000  -2.11398739E+002  -2.07639566E+002
     470       1     1.19999997E+001   7.02024916E+003  -2.75214968E+000   2.75674644E+003   2.75949859E+003   4.19325878E+000  -2.04994648E+002  -2.09187907E+002   2.75297841E+003  -2.32691690E+000   2.75530533E+003   3.76802600E+000  -2.11514824E+002  -2.07746798E+002
     471       1     1.19999997E+001   7.01980258E+003  -2.75887596E+000   2.75650230E+003   2.75926118E+003   4.20103055E+000  -2.05098845E+002  -2.09299876E+002   2.75272779E+003  -2.33235823E+000   2.75506015E+003   3.77451282E+000  -2.11632234E+002  -2.07857721E+002
     472       1     1.19999997E+001   7.01936598E+003  -2.76453186E+000   2.75626402E+003   2.75902856E+003   4.20613365E+000  -2.05201231E+002  -2.09407364E+002   2.75248089E+003  -2.34153296E+000   2.75482242E+003   3.78313475E+000  -2.11748897E+002  -2.07965762E+002
     473       1     1.19999997E+001   7.01892410E+003  -2.77131683E+000   2.75602222E+003   2.75879353E+003   4.21234671E+000  -2.05304435E+002  -2.09516782E+002   2.75223184E+003  -2.34934489E+000   2.75458119E+003   3.79037477E+000  -2.11866126E+002  -2.08075752E+002
     474       1     1.19999997E+001   7.01848535E+003  -2.77524015E+000   2.75578342E+003   2.75855866E+003   4.21188854E+000  -2.05408415E+002  -2.09620303E+002   2.75197961E+003  -2.36716792E+000   2.75434678E+003   3.80381631E+000  -2.11987471E+002  -2.08183655E+002
     475       1     1.19999997E+001   7.01804358E+003  -2.77794633E+000   2.75554314E+003   2.75832108E+003   4.21351279E+000  -2.05514210E+002  -2.09727723E+002   2.75172979E+003  -2.37777823E+000   2.75410757E+003   3.81334469E+000  -2.12105501E+002  -2.08292156E+002
     476       1     1.19999997E+001   7.01760283E+003  -2.78587180E+000   2.75530121E+003   2.75808708E+003   4.21932397E+000  -2.05616719E+002  -2.09836043E+002   2.75148081E+003  -2.38694932E+000   2.75386776E+003   3.82040150E+000  -2.12222993E+002  -2.08402591E+002
     477       1     1.19999997E+001   7.01715873E+003  -2.79293539E+000   2.75505795E+003   2.75785089E+003   4.22564744E+000  -2.05720426E+002  -2.09946074E+002   2.75123075E+003  -2.39449228E+000   2.75362524E+003   3.82720432E+000  -2.12340566E+002  -2.08513362E+002
     478       1     1.19999997E+001   7.01671922E+003  -2.79890665E+000   2.75481748E+003   2.75761639E+003   4.22833441E+000  -2.05823799E+002  -2.10052133E+002   2.75098086E+003  -2.40719630E+000   2.75338805E+003   3.83662406E+000  -2.12459329E+002  -2.08622705E+002
     479       1     1.19999997E+001   7.01627162E+003  -2.80440479E+000   2.75457357E+003   2.75737798E+003   4.23363074E+000  -2.05928666E+002  -2.10162297E+002   2.75072712E+003  -2.41723087E+000   2.75314435E+003   3.84645682E+000  -2.12579528E+002  -2.08733071E+002
     480       1     1.19999997E+001   7.01583530E+003  -2.80912544E+000   2.75433568E+003   2.75714481E+003   4.23702404E+000  -2.06031655E+002  -2.10268679E+002   2.75047963E+003  -2.42815010E+000   2.75290779E+003   3.85604870E+000  -2.12696829E+002  -2.08840780E+002
     481       1     1.19999997E+001   7.01538586E+003  -2.81299664E+000   2.75409138E+003   2.75690438E+003   4.24224926E+000  -2.06137991E+002  -2.10380240E+002   2.75022620E+003  -2.43592688E+000   2.75266213E+003   3.86517951E+000  -2.12816167E+002  -2.08950988E+002
     482       1     1.19999997E+001   7.01494165E+003  -2.81917043E+000   2.75384708E+003   2.75666625E+003   4.24297248E+000  -2.06243587E+002  -2.10486559E+002   2.74997511E+003  -2.44816447E+000   2.75242327E+003   3.87196652E+000  -2.12934724E+002  -2.09062757E+002
     483       1     1.19999997E+001   7.01450652E+003  -2.82367311E+000   2.75360995E+003   2.75643362E+003   4.24726158E+000  -2.06346382E+002  -2.10593644E+002   2.74972923E+003  -2.45712240E+000   2.75218636E+003   3.88071087E+000  -2.13050766E+002  -2.09170055E+002
     484       1     1.19999997E+001   7.01405686E+003  -2.82939759E+000   2.75336401E+003   2.75619341E+003   4.25070812E+000  -2.06452420E+002  -2.10703128E+002   2.74947466E+003  -2.46804466E+000   2.75194270E+003   3.88935519E+000  -2.13171172E+002  -2.09281817E+002
     485       1     1.19999997E+001   7.01361752E+003  -2.83299131E+000   2.75312502E+003   2.75595801E+003   4.25325753E+000  -2.06556728E+002  -2.10809985E+002   2.74922520E+003  -2.47955210E+000   2.75170475E+003   3.89981833E+000  -2.13289538E+002  -2.09389719E+002
     486       1     1.19999997E+001   7.01317096E+003  -2.83884081E+000   2.75288030E+003   2.75571914E+003   4.25430798E+000  -2.06662347E+002  -2.10916655E+002   2.74897107E+003  -2.49375745E+000   2.75146483E+003   3.90922462E+000  -2.13410412E+002  -2.09501187E+002
     487       1     1.19999997E+001   7.01271405E+003  -2.84485858E+000   2.75263104E+003   2.75547590E+003   4.26018443E+000  -2.06769243E+002  -2.11029428E+002   2.74871236E+003  -2.50335085E+000   2.75121571E+003   3.91867670E+000  -2.13532779E+002  -2.09614102E+002
     488       1     1.19999997E+001   7.01226062E+003  -2.85005810E+000   2.75238355E+003   2.75523361E+003   4.26080624E+000  -2.06876222E+002  -2.11137028E+002   2.74845231E+003  -2.52048980E+000   2.75097280E+003   3.93123794E+000  -2.13657518E+002  -2.09726280E+002
     489       1     1.19999997E+001   7.01182252E+003  -2.85274890E+000   2.75214557E+003   2.75499832E+003   4.26153192E+000  -2.06980770E+002  -2.11242302E+002   2.74820239E+003  -2.53440178E+000   2.75073679E+003   3.94318481E+000  -2.13776704E+002  -2.09833519E+002
     490       1     1.19999997E+001   7.01138479E+003  -2.85504089E+000   2.75190786E+003   2.75476290E+003   4.26152539E+000  -2.07085564E+002  -2.11347090E+002   2.74795256E+003  -2.54881658E+000   2.75050137E+003   3.95530109E+000  -2.13895906E+002  -2.09940605E+002
     491       1     1.19999997E+001   7.01094112E+003  -2.85901558E+000   2.75166650E+003   2.75452552E+003   4.26565187E+000  -2.07190540E+002  -2.11456192E+002   2.74770137E+003  -2.55849397E+000   2.75025987E+003   3.96513027E+000  -2.14014686E+002  -2.10049556E+002
     492       1     1.19999997E+001   7.01049702E+003  -2.85766854E+000   2.75142660E+003   2.75428427E+003   4.25992579E+000  -2.07299250E+002  -2.11559176E+002   2.74744566E+003  -2.57868705E+000   2.75002435E+003   3.98094430E+000  -2.14137863E+002  -2.10156919E+002
     493       1     1.19999997E+001   7.01003626E+003  -2.86028747E+000   2.75117572E+003   2.75403600E+003   4.26180070E+000  -2.07410014E+002  -2.11671815E+002   2.74718613E+003  -2.58807502E+000   2.74977420E+003   3.98958825E+000  -2.14259890E+002  -2.10270302E+002
     494       1     1.19999997E+001   7.00959845E+003  -2.86610153E+000   2.75093585E+003   2.75380196E+003   4.26473675E+000  -2.07513397E+002  -2.11778134E+002   2.74693837E+003  -2.59885208E+000   2.74953722E+003   3.99748730E+000  -2.14376986E+002  -2.10379499E+002
     495       1     1.19999997E+001   7.00915091E+003  -2.87038883E+000   2.75069202E+003   2.75356241E+003   4.26755268E+000  -2.07619372E+002  -2.11886925E+002   2.74668412E+003  -2.61073568E+000   2.74929486E+003   4.00789952E+000  -2.14497660E+002  -2.10489761E+002
     496       1     1.19999997E+001   7.00871593E+003  -2.87348734E+000   2.75045530E+003   2.75332879E+003   4.26778215E+000  -2.07723166E+002  -2.11990948E+002   2.74643581E+003  -2.62519700E+000   2.74906101E+003   4.01949182E+000  -2.14616145E+002  -2.10596653E+002
     497       1     1.19999997E+001   7.00826266E+003  -2.87296263E+000   2.75021014E+003   2.75308310E+003   4.26740911E+000  -2.07833572E+002  -2.12100981E+002   2.74617944E+003  -2.63625504E+000   2.74881569E+003   4.03070152E+000  -2.14737236E+002  -2.10706534E+002
     498       1     1.19999997E+001   7.00782809E+003  -2.87558859E+000   2.74997384E+003   2.75284943E+003   4.26772109E+000  -2.07937534E+002  -2.12205255E+002   2.74593175E+003  -2.64996051E+000   2.74858171E+003   4.04209301E+000  -2.14855216E+002  -2.10813123E+002
     499       1     1.19999997E+001   7.00737725E+003  -2.87886491E+000   2.74972887E+003   2.75260774E+003   4.27110805E+000  -2.08044655E+002  -2.12315763E+002   2.74567618E+003  -2.66044705E+000   2.74833663E+003   4.05269018E+000  -2.14976210E+002  -2.10923520E+002
     500       1     1.19999997E+001   7.00693138E+003  -2.88203986E+000   2.74948616E+003   2.75236820E+003   4.26813105E+000  -2.08151098E+002  -2.12419229E+002   2.74541853E+003  -2.68154543E+000   2.74810007E+003   4.06763662E+000  -2.15100775E+002  -2.11033138E+002
