   iLoop            strain     Layer Density  B5                B4                B2                D6                D1                D4                C1                C5                C3                A6                C2                C3              
       1   7.67568177E+014   0.00000000E+000   1.33258385E+014   1.97222478E+014   0.00000000E+000   0.00000000E+000   0.00000000E+000   2.13214114E+014   0.00000000E+000   2.23873199E+014   0.00000000E+000   0.00000000E+000
   0.00000000E+000
       2   7.72936784E+014   0.00000000E+000   1.34190440E+014   1.98601983E+014   0.00000000E+000   0.00000000E+000   0.00000000E+000   2.14706089E+014   0.00000000E+000   2.25438271E+014   0.00000000E+000   0.00000000E+000
   0.00000000E+000
       3   7.78305211E+014   0.00000000E+000   1.35122459E+014   1.99981425E+014   0.00000000E+000   0.00000000E+000   0.00000000E+000   2.16198035E+014   0.00000000E+000   2.27003292E+014   0.00000000E+000   0.00000000E+000
   0.00000000E+000
       4   7.83675246E+014   0.00000000E+000   1.36054756E+014   2.01361268E+014   0.00000000E+000   0.00000000E+000   0.00000000E+000   2.17690436E+014   0.00000000E+000   2.28568785E+014   0.00000000E+000   0.00000000E+000
   0.00000000E+000
       5   7.89046860E+014   0.00000000E+000   1.36987327E+014   2.02741506E+014   0.00000000E+000   0.00000000E+000   0.00000000E+000   2.19183286E+014   0.00000000E+000   2.30134741E+014   0.00000000E+000   0.00000000E+000
   0.00000000E+000
       6   7.94420050E+014   0.00000000E+000   1.37920170E+014   2.04122138E+014   0.00000000E+000   0.00000000E+000   0.00000000E+000   2.20676582E+014   0.00000000E+000   2.31701160E+014   0.00000000E+000   0.00000000E+000
   0.00000000E+000
       7   7.99794806E+014   0.00000000E+000   1.38853282E+014   2.05503161E+014   0.00000000E+000   0.00000000E+000   0.00000000E+000   2.22170323E+014   0.00000000E+000   2.33268039E+014   0.00000000E+000   0.00000000E+000
   0.00000000E+000
       8   8.05171099E+014   0.00000000E+000   1.39786660E+014   2.06884570E+014   0.00000000E+000   0.00000000E+000   0.00000000E+000   2.23664500E+014   0.00000000E+000   2.34835370E+014   0.00000000E+000   0.00000000E+000
   0.00000000E+000
       9   8.10548897E+014   0.00000000E+000   1.40720297E+014   2.08266354E+014   0.00000000E+000   0.00000000E+000   0.00000000E+000   2.25159103E+014   0.00000000E+000   2.36403143E+014   0.00000000E+000   0.00000000E+000
   0.00000000E+000
      10   8.15928170E+014   0.00000000E+000   1.41654186E+014   2.09648509E+014   0.00000000E+000   0.00000000E+000   0.00000000E+000   2.26654126E+014   0.00000000E+000   2.37971350E+014   0.00000000E+000   0.00000000E+000
   0.00000000E+000
      11   8.21308906E+014   0.00000000E+000   1.42588327E+014   2.11031029E+014   0.00000000E+000   0.00000000E+000   0.00000000E+000   2.28149563E+014   0.00000000E+000   2.39539987E+014   0.00000000E+000   0.00000000E+000
   0.00000000E+000
      12   8.26691072E+014   0.00000000E+000   1.43522713E+014   2.12413909E+014   0.00000000E+000   0.00000000E+000   0.00000000E+000   2.29645405E+014   0.00000000E+000   2.41109045E+014   0.00000000E+000   0.00000000E+000
   0.00000000E+000
      13   8.32074651E+014   0.00000000E+000   1.44457341E+014   2.13797142E+014   0.00000000E+000   0.00000000E+000   0.00000000E+000   2.31141649E+014   0.00000000E+000   2.42678519E+014   0.00000000E+000   0.00000000E+000
   0.00000000E+000
      14   8.37459633E+014   0.00000000E+000   1.45392209E+014   2.15180728E+014   0.00000000E+000   0.00000000E+000   0.00000000E+000   2.32638289E+014   0.00000000E+000   2.44248407E+014   0.00000000E+000   0.00000000E+000
   0.00000000E+000
      15   8.42846006E+014   0.00000000E+000   1.46327315E+014   2.16564663E+014   0.00000000E+000   0.00000000E+000   0.00000000E+000   2.34135324E+014   0.00000000E+000   2.45818704E+014   0.00000000E+000   0.00000000E+000
   0.00000000E+000
      16   8.48233752E+014   0.00000000E+000   1.47262655E+014   2.17948944E+014   0.00000000E+000   0.00000000E+000   0.00000000E+000   2.35632747E+014   0.00000000E+000   2.47389406E+014   0.00000000E+000   0.00000000E+000
   0.00000000E+000
      17   8.53622855E+014   0.00000000E+000   1.48198228E+014   2.19333566E+014   0.00000000E+000   0.00000000E+000   0.00000000E+000   2.37130554E+014   0.00000000E+000   2.48960508E+014   0.00000000E+000   0.00000000E+000
   0.00000000E+000
      18   8.59013254E+014   0.00000000E+000   1.49134021E+014   2.20718515E+014   0.00000000E+000   0.00000000E+000   0.00000000E+000   2.38628727E+014   0.00000000E+000   2.50531991E+014   0.00000000E+000   0.00000000E+000
   0.00000000E+000
      19   8.64404906E+014   0.00000000E+000   1.50070029E+014   2.22103779E+014   0.00000000E+000   0.00000000E+000   0.00000000E+000   2.40127254E+014   0.00000000E+000   2.52103844E+014   0.00000000E+000   0.00000000E+000
   0.00000000E+000
      20   8.69797810E+014   0.00000000E+000   1.51006252E+014   2.23489360E+014   0.00000000E+000   0.00000000E+000   0.00000000E+000   2.41626134E+014   0.00000000E+000   2.53676064E+014   0.00000000E+000   0.00000000E+000
   0.00000000E+000
      21   8.75191961E+014   0.00000000E+000   1.51942691E+014   2.24875256E+014   0.00000000E+000   0.00000000E+000   0.00000000E+000   2.43125364E+014   0.00000000E+000   2.55248649E+014   0.00000000E+000   0.00000000E+000
   0.00000000E+000
      22   8.80587348E+014   0.00000000E+000   1.52879345E+014   2.26261465E+014   0.00000000E+000   0.00000000E+000   0.00000000E+000   2.44624942E+014   0.00000000E+000   2.56821597E+014   0.00000000E+000   0.00000000E+000
   0.00000000E+000
      23   8.85983955E+014   0.00000000E+000   1.53816210E+014   2.27647983E+014   0.00000000E+000   0.00000000E+000   0.00000000E+000   2.46124861E+014   0.00000000E+000   2.58394901E+014   0.00000000E+000   0.00000000E+000
   0.00000000E+000
      24   8.91381780E+014   0.00000000E+000   1.54753287E+014   2.29034810E+014   0.00000000E+000   0.00000000E+000   0.00000000E+000   2.47625121E+014   0.00000000E+000   2.59968562E+014   0.00000000E+000   0.00000000E+000
   0.00000000E+000
      25   8.96780821E+014   0.00000000E+000   1.55690575E+014   2.30421946E+014   0.00000000E+000   0.00000000E+000   0.00000000E+000   2.49125721E+014   0.00000000E+000   2.61542578E+014   0.00000000E+000   0.00000000E+000
   0.00000000E+000
      26   9.02181079E+014   0.00000000E+000   1.56628076E+014   2.31809392E+014   0.00000000E+000   0.00000000E+000   0.00000000E+000   2.50626661E+014   0.00000000E+000   2.63116951E+014   0.00000000E+000   0.00000000E+000
   0.00000000E+000
      27   9.07582555E+014   0.00000000E+000   1.57565789E+014   2.33197148E+014   0.00000000E+000   0.00000000E+000   0.00000000E+000   2.52127939E+014   0.00000000E+000   2.64691679E+014   0.00000000E+000   0.00000000E+000
   0.00000000E+000
      28   9.12985241E+014   0.00000000E+000   1.58503712E+014   2.34585212E+014   0.00000000E+000   0.00000000E+000   0.00000000E+000   2.53629554E+014   0.00000000E+000   2.66266763E+014   0.00000000E+000   0.00000000E+000
   0.00000000E+000
      29   9.18389129E+014   0.00000000E+000   1.59441845E+014   2.35973583E+014   0.00000000E+000   0.00000000E+000   0.00000000E+000   2.55131502E+014   0.00000000E+000   2.67842198E+014   0.00000000E+000   0.00000000E+000
   0.00000000E+000
      30   9.23794201E+014   0.00000000E+000   1.60380185E+014   2.37362258E+014   0.00000000E+000   0.00000000E+000   0.00000000E+000   2.56633777E+014   0.00000000E+000   2.69417982E+014   0.00000000E+000   0.00000000E+000
   0.00000000E+000
      31   9.29200455E+014   0.00000000E+000   1.61318731E+014   2.38751235E+014   0.00000000E+000   0.00000000E+000   0.00000000E+000   2.58136377E+014   0.00000000E+000   2.70994112E+014   0.00000000E+000   0.00000000E+000
   0.00000000E+000
      32   9.34607890E+014   0.00000000E+000   1.62257483E+014   2.40140515E+014   0.00000000E+000   0.00000000E+000   0.00000000E+000   2.59639301E+014   0.00000000E+000   2.72570591E+014   0.00000000E+000   0.00000000E+000
   0.00000000E+000
      33   9.40016513E+014   0.00000000E+000   1.63196443E+014   2.41530101E+014   0.00000000E+000   0.00000000E+000   0.00000000E+000   2.61142550E+014   0.00000000E+000   2.74147420E+014   0.00000000E+000   0.00000000E+000
   0.00000000E+000
      34   9.45426335E+014   0.00000000E+000   1.64135612E+014   2.42919996E+014   0.00000000E+000   0.00000000E+000   0.00000000E+000   2.62646123E+014   0.00000000E+000   2.75724603E+014   0.00000000E+000   0.00000000E+000
   0.00000000E+000
      35   9.50837360E+014   0.00000000E+000   1.65074992E+014   2.44310203E+014   0.00000000E+000   0.00000000E+000   0.00000000E+000   2.64150022E+014   0.00000000E+000   2.77302143E+014   0.00000000E+000   0.00000000E+000
   0.00000000E+000
      36   9.56249591E+014   0.00000000E+000   1.66014583E+014   2.45700723E+014   0.00000000E+000   0.00000000E+000   0.00000000E+000   2.65654243E+014   0.00000000E+000   2.78880042E+014   0.00000000E+000   0.00000000E+000
   0.00000000E+000
      37   9.61663040E+014   0.00000000E+000   1.66954387E+014   2.47091561E+014   0.00000000E+000   0.00000000E+000   0.00000000E+000   2.67158788E+014   0.00000000E+000   2.80458304E+014   0.00000000E+000   0.00000000E+000
   0.00000000E+000
      38   9.67077728E+014   0.00000000E+000   1.67894410E+014   2.48482724E+014   0.00000000E+000   0.00000000E+000   0.00000000E+000   2.68663659E+014   0.00000000E+000   2.82036935E+014   0.00000000E+000   0.00000000E+000
   0.00000000E+000
      39   9.72493693E+014   0.00000000E+000   1.68834659E+014   2.49874223E+014   0.00000000E+000   0.00000000E+000   0.00000000E+000   2.70168864E+014   0.00000000E+000   2.83615947E+014   0.00000000E+000   0.00000000E+000
   0.00000000E+000
      40   9.77911075E+014   0.00000000E+000   1.69775169E+014   2.51266100E+014   0.00000000E+000   0.00000000E+000   0.00000000E+000   2.71674429E+014   0.00000000E+000   2.85195376E+014   0.00000000E+000   0.00000000E+000
   0.00000000E+000
      41   9.83330043E+014   0.00000000E+000   1.70715981E+014   2.52658403E+014   0.00000000E+000   0.00000000E+000   0.00000000E+000   2.73180389E+014   0.00000000E+000   2.86775269E+014   0.00000000E+000   0.00000000E+000
   0.00000000E+000
      42   9.88750716E+014   0.00000000E+000   1.71657125E+014   2.54051168E+014   0.00000000E+000   0.00000000E+000   0.00000000E+000   2.74686767E+014   0.00000000E+000   2.88355655E+014   0.00000000E+000   0.00000000E+000
   0.00000000E+000
      43   9.94173147E+014   0.00000000E+000   1.72598616E+014   2.55444410E+014   0.00000000E+000   0.00000000E+000   0.00000000E+000   2.76193573E+014   0.00000000E+000   2.89936548E+014   0.00000000E+000   0.00000000E+000
   0.00000000E+000
      44   9.99597298E+014   0.00000000E+000   1.73540448E+014   2.56838118E+014   0.00000000E+000   0.00000000E+000   0.00000000E+000   2.77700798E+014   0.00000000E+000   2.91517933E+014   0.00000000E+000   0.00000000E+000
   0.00000000E+000
      45   1.00502308E+015   0.00000000E+000   1.74482605E+014   2.58232267E+014   0.00000000E+000   0.00000000E+000   0.00000000E+000   2.79208426E+014   0.00000000E+000   2.93099782E+014   0.00000000E+000   0.00000000E+000
   0.00000000E+000
      46   1.01221136E+015   0.00000000E+000   1.75772221E+014   2.60159130E+014   0.00000000E+000   0.00000000E+000   0.00000000E+000   2.81063566E+014   0.00000000E+000   2.95216447E+014   0.00000000E+000   0.00000000E+000
   0.00000000E+000
      47   1.02092465E+015   0.00000000E+000   1.77478652E+014   2.62452011E+014   0.00000000E+000   0.00000000E+000   0.00000000E+000   2.83323317E+014   0.00000000E+000   2.97670670E+014   0.00000000E+000   0.00000000E+000
   0.00000000E+000
      48   1.02746929E+015   0.00000000E+000   1.78620722E+014   2.64190662E+014   0.00000000E+000   0.00000000E+000   0.00000000E+000   2.85034942E+014   0.00000000E+000   2.99622969E+014   0.00000000E+000   0.00000000E+000
   0.00000000E+000
      49   1.03229751E+015   0.00000000E+000   1.79420033E+014   2.65417516E+014   0.00000000E+000   0.00000000E+000   0.00000000E+000   2.86410168E+014   0.00000000E+000   3.01049794E+014   0.00000000E+000   0.00000000E+000
   0.00000000E+000
      50   1.03701942E+015   0.00000000E+000   1.80205310E+014   2.66613585E+014   0.00000000E+000   0.00000000E+000   0.00000000E+000   2.87761633E+014   0.00000000E+000   3.02438891E+014   0.00000000E+000   0.00000000E+000
   0.00000000E+000
      51   1.04183729E+015   0.00000000E+000   1.81011491E+014   2.67836491E+014   0.00000000E+000   0.00000000E+000   0.00000000E+000   2.89133724E+014   0.00000000E+000   3.03855584E+014   0.00000000E+000   0.00000000E+000
   0.00000000E+000
      52   1.04675039E+015   0.00000000E+000   1.81838473E+014   2.69085761E+014   0.00000000E+000   0.00000000E+000   0.00000000E+000   2.90526121E+014   0.00000000E+000   3.05300039E+014   0.00000000E+000   0.00000000E+000
   0.00000000E+000
      53   1.05175690E+015   0.00000000E+000   1.82686007E+014   2.70361012E+014   0.00000000E+000   0.00000000E+000   0.00000000E+000   2.91938355E+014   0.00000000E+000   3.06771522E+014   0.00000000E+000   0.00000000E+000
   0.00000000E+000
      54   1.05685468E+015   0.00000000E+000   1.83553506E+014   2.71661837E+014   0.00000000E+000   0.00000000E+000   0.00000000E+000   2.93370060E+014   0.00000000E+000   3.08269274E+014   0.00000000E+000   0.00000000E+000
   0.00000000E+000
      55   1.06204164E+015   0.00000000E+000   1.84440349E+014   2.72987730E+014   0.00000000E+000   0.00000000E+000   0.00000000E+000   2.94820884E+014   0.00000000E+000   3.09792677E+014   0.00000000E+000   0.00000000E+000
   0.00000000E+000
      56   1.06731484E+015   0.00000000E+000   1.85346010E+014   2.74338043E+014   0.00000000E+000   0.00000000E+000   0.00000000E+000   2.96290088E+014   0.00000000E+000   3.11340701E+014   0.00000000E+000   0.00000000E+000
   0.00000000E+000
      57   1.07268288E+015   0.00000000E+000   1.86271936E+014   2.75715576E+014   0.00000000E+000   0.00000000E+000   0.00000000E+000   2.97778969E+014   0.00000000E+000   3.12916401E+014   0.00000000E+000   0.00000000E+000
   0.00000000E+000
      58   1.07814188E+015   0.00000000E+000   1.87216987E+014   2.77119474E+014   0.00000000E+000   0.00000000E+000   0.00000000E+000   2.99286468E+014   0.00000000E+000   3.14518948E+014   0.00000000E+000   0.00000000E+000
   0.00000000E+000
      59   1.08368732E+015   0.00000000E+000   1.88180014E+014   2.78548545E+014   0.00000000E+000   0.00000000E+000   0.00000000E+000   3.00811810E+014   0.00000000E+000   3.16146947E+014   0.00000000E+000   0.00000000E+000
   0.00000000E+000
      60   1.08931484E+015   0.00000000E+000   1.89159725E+014   2.80001460E+014   0.00000000E+000   0.00000000E+000   0.00000000E+000   3.02353944E+014   0.00000000E+000   3.17799712E+014   0.00000000E+000   0.00000000E+000
   0.00000000E+000
      61   1.09501777E+015   0.00000000E+000   1.90154634E+014   2.81476616E+014   0.00000000E+000   0.00000000E+000   0.00000000E+000   3.03911346E+014   0.00000000E+000   3.19475175E+014   0.00000000E+000   0.00000000E+000
   0.00000000E+000
      62   1.10079372E+015   0.00000000E+000   1.91164696E+014   2.82973477E+014   0.00000000E+000   0.00000000E+000   0.00000000E+000   3.05483591E+014   0.00000000E+000   3.21171955E+014   0.00000000E+000   0.00000000E+000
   0.00000000E+000
      63   1.10664147E+015   0.00000000E+000   1.92189627E+014   2.84491619E+014   0.00000000E+000   0.00000000E+000   0.00000000E+000   3.07069957E+014   0.00000000E+000   3.22890271E+014   0.00000000E+000   0.00000000E+000
   0.00000000E+000
      64   1.11255952E+015   0.00000000E+000   1.93229670E+014   2.86031100E+014   0.00000000E+000   0.00000000E+000   0.00000000E+000   3.08669739E+014   0.00000000E+000   3.24629009E+014   0.00000000E+000   0.00000000E+000
   0.00000000E+000
      65   1.11855171E+015   0.00000000E+000   1.94284932E+014   2.87592527E+014   0.00000000E+000   0.00000000E+000   0.00000000E+000   3.10284219E+014   0.00000000E+000   3.26390034E+014   0.00000000E+000   0.00000000E+000
   0.00000000E+000
      66   1.12462282E+015   0.00000000E+000   1.95357378E+014   2.89176653E+014   0.00000000E+000   0.00000000E+000   0.00000000E+000   3.11914592E+014   0.00000000E+000   3.28174192E+014   0.00000000E+000   0.00000000E+000
   0.00000000E+000
      67   1.13076790E+015   0.00000000E+000   1.96445560E+014   2.90782087E+014   0.00000000E+000   0.00000000E+000   0.00000000E+000   3.13560668E+014   0.00000000E+000   3.29979582E+014   0.00000000E+000   0.00000000E+000
   0.00000000E+000
      68   1.13698427E+015   0.00000000E+000   1.97548947E+014   2.92407713E+014   0.00000000E+000   0.00000000E+000   0.00000000E+000   3.15221698E+014   0.00000000E+000   3.31805911E+014   0.00000000E+000   0.00000000E+000
   0.00000000E+000
      69   1.14326896E+015   0.00000000E+000   1.98667486E+014   2.94052980E+014   0.00000000E+000   0.00000000E+000   0.00000000E+000   3.16896813E+014   0.00000000E+000   3.33651685E+014   0.00000000E+000   0.00000000E+000
   0.00000000E+000
      70   1.14961885E+015   0.00000000E+000   1.99800356E+014   2.95716784E+014   0.00000000E+000   0.00000000E+000   0.00000000E+000   3.18585686E+014   0.00000000E+000   3.35516021E+014   0.00000000E+000   0.00000000E+000
   0.00000000E+000
      71   1.15579959E+015   0.00000000E+000   2.00812905E+014   2.97352109E+014   0.00000000E+000   0.00000000E+000   0.00000000E+000   3.20285741E+014   0.00000000E+000   3.37348835E+014   0.00000000E+000   0.00000000E+000
   0.00000000E+000
      72   1.16020990E+015   0.00000000E+000   2.01459723E+014   2.98488198E+014   0.00000000E+000   0.00000000E+000   0.00000000E+000   3.21596418E+014   0.00000000E+000   3.38665564E+014   0.00000000E+000   0.00000000E+000
   0.00000000E+000
      73   1.16492423E+015   0.00000000E+000   2.02347723E+014   2.99635068E+014   0.00000000E+000   0.00000000E+000   0.00000000E+000   3.22983034E+014   0.00000000E+000   3.39958408E+014   0.00000000E+000   0.00000000E+000
   0.00000000E+000
      74   1.17082152E+015   0.00000000E+000   2.03397664E+014   3.01267417E+014   0.00000000E+000   0.00000000E+000   0.00000000E+000   3.24474722E+014   0.00000000E+000   3.41681721E+014   0.00000000E+000   0.00000000E+000
   0.00000000E+000
      75   1.17590959E+015   0.00000000E+000   2.04503726E+014   3.02567888E+014   0.00000000E+000   0.00000000E+000   0.00000000E+000   3.25860604E+014   0.00000000E+000   3.42977372E+014   0.00000000E+000   0.00000000E+000
   0.00000000E+000
      76   1.18285520E+015   0.00000000E+000   2.05562461E+014   3.04471201E+014   0.00000000E+000   0.00000000E+000   0.00000000E+000   3.27703423E+014   0.00000000E+000   3.45118111E+014   0.00000000E+000   0.00000000E+000
   0.00000000E+000
      77   1.18887016E+015   0.00000000E+000   2.06564362E+014   3.05941563E+014   0.00000000E+000   0.00000000E+000   0.00000000E+000   3.29592924E+014   0.00000000E+000   3.46771313E+014   0.00000000E+000   0.00000000E+000
   0.00000000E+000
      78   1.19502318E+015   0.00000000E+000   2.07884204E+014   3.07498393E+014   0.00000000E+000   0.00000000E+000   0.00000000E+000   3.30998129E+014   0.00000000E+000   3.48642450E+014   0.00000000E+000   0.00000000E+000
   0.00000000E+000
      79   1.20226586E+015   0.00000000E+000   2.09456738E+014   3.09363793E+014   0.00000000E+000   0.00000000E+000   0.00000000E+000   3.32770268E+014   0.00000000E+000   3.50675057E+014   0.00000000E+000   0.00000000E+000
   0.00000000E+000
      80   1.20848051E+015   0.00000000E+000   2.10638656E+014   3.11209965E+014   0.00000000E+000   0.00000000E+000   0.00000000E+000   3.34382495E+014   0.00000000E+000   3.52249390E+014   0.00000000E+000   0.00000000E+000
   0.00000000E+000
      81   1.21518074E+015   0.00000000E+000   2.11921252E+014   3.12936303E+014   0.00000000E+000   0.00000000E+000   0.00000000E+000   3.36067026E+014   0.00000000E+000   3.54256157E+014   0.00000000E+000   0.00000000E+000
   0.00000000E+000
      82   1.22187699E+015   0.00000000E+000   2.13107226E+014   3.14644070E+014   0.00000000E+000   0.00000000E+000   0.00000000E+000   3.37724513E+014   0.00000000E+000   3.56401181E+014   0.00000000E+000   0.00000000E+000
   0.00000000E+000
      83   1.22843194E+015   0.00000000E+000   2.14350818E+014   3.16316819E+014   0.00000000E+000   0.00000000E+000   0.00000000E+000   3.39477421E+014   0.00000000E+000   3.58286883E+014   0.00000000E+000   0.00000000E+000
   0.00000000E+000
      84   1.23498894E+015   0.00000000E+000   2.15518830E+014   3.18022970E+014   0.00000000E+000   0.00000000E+000   0.00000000E+000   3.41196955E+014   0.00000000E+000   3.60250183E+014   0.00000000E+000   0.00000000E+000
   0.00000000E+000
      85   1.24167728E+015   0.00000000E+000   2.16806796E+014   3.19761134E+014   0.00000000E+000   0.00000000E+000   0.00000000E+000   3.42945331E+014   0.00000000E+000   3.62164016E+014   0.00000000E+000   0.00000000E+000
   0.00000000E+000
      86   1.24753988E+015   0.00000000E+000   2.17433358E+014   3.21475347E+014   0.00000000E+000   0.00000000E+000   0.00000000E+000   3.44595314E+014   0.00000000E+000   3.64035861E+014   0.00000000E+000   0.00000000E+000
   0.00000000E+000
      87   1.25372875E+015   0.00000000E+000   2.18760843E+014   3.22765027E+014   0.00000000E+000   0.00000000E+000   0.00000000E+000   3.46388272E+014   0.00000000E+000   3.65814604E+014   0.00000000E+000   0.00000000E+000
   0.00000000E+000
      88   1.25829483E+015   0.00000000E+000   2.20098071E+014   3.24088783E+014   0.00000000E+000   0.00000000E+000   0.00000000E+000   3.47678300E+014   0.00000000E+000   3.66429674E+014   0.00000000E+000   0.00000000E+000
   0.00000000E+000
      89   1.26378088E+015   0.00000000E+000   2.20775541E+014   3.25688833E+014   0.00000000E+000   0.00000000E+000   0.00000000E+000   3.49473717E+014   0.00000000E+000   3.67842787E+014   0.00000000E+000   0.00000000E+000
   0.00000000E+000
      90   1.26979730E+015   0.00000000E+000   2.21890464E+014   3.27298206E+014   0.00000000E+000   0.00000000E+000   0.00000000E+000   3.51074979E+014   0.00000000E+000   3.69533649E+014   0.00000000E+000   0.00000000E+000
   0.00000000E+000
      91   1.27481099E+015   0.00000000E+000   2.22314583E+014   3.28867649E+014   0.00000000E+000   0.00000000E+000   0.00000000E+000   3.52459757E+014   0.00000000E+000   3.71168998E+014   0.00000000E+000   0.00000000E+000
   0.00000000E+000
      92   1.27966071E+015   0.00000000E+000   2.23342698E+014   3.29979606E+014   0.00000000E+000   0.00000000E+000   0.00000000E+000   3.54064436E+014   0.00000000E+000   3.72273973E+014   0.00000000E+000   0.00000000E+000
   0.00000000E+000
      93   1.28554667E+015   0.00000000E+000   2.24489300E+014   3.31488805E+014   0.00000000E+000   0.00000000E+000   0.00000000E+000   3.55647639E+014   0.00000000E+000   3.73920926E+014   0.00000000E+000   0.00000000E+000
   0.00000000E+000
      94   1.29054425E+015   0.00000000E+000   2.25078988E+014   3.32725135E+014   0.00000000E+000   0.00000000E+000   0.00000000E+000   3.57053563E+014   0.00000000E+000   3.75686562E+014   0.00000000E+000   0.00000000E+000
   0.00000000E+000
      95   1.29416316E+015   0.00000000E+000   2.25430698E+014   3.33908270E+014   0.00000000E+000   0.00000000E+000   0.00000000E+000   3.58715219E+014   0.00000000E+000   3.76108973E+014   0.00000000E+000   0.00000000E+000
   0.00000000E+000
      96   1.29865755E+015   0.00000000E+000   2.26503274E+014   3.34611067E+014   0.00000000E+000   0.00000000E+000   0.00000000E+000   3.60381777E+014   0.00000000E+000   3.77161428E+014   0.00000000E+000   0.00000000E+000
   0.00000000E+000
      97   1.30373013E+015   0.00000000E+000   2.27300087E+014   3.36246962E+014   0.00000000E+000   0.00000000E+000   0.00000000E+000   3.61300315E+014   0.00000000E+000   3.78882765E+014   0.00000000E+000   0.00000000E+000
   0.00000000E+000
      98   1.30892559E+015   0.00000000E+000   2.28358104E+014   3.37974394E+014   0.00000000E+000   0.00000000E+000   0.00000000E+000   3.62395419E+014   0.00000000E+000   3.80197676E+014   0.00000000E+000   0.00000000E+000
   0.00000000E+000
      99   1.31235964E+015   0.00000000E+000   2.29097686E+014   3.38055642E+014   0.00000000E+000   0.00000000E+000   0.00000000E+000   3.63330059E+014   0.00000000E+000   3.81876250E+014   0.00000000E+000   0.00000000E+000
   0.00000000E+000
     100   1.32093808E+015   0.00000000E+000   2.30357988E+014   3.40015045E+014   0.00000000E+000   0.00000000E+000   0.00000000E+000   3.66185162E+014   0.00000000E+000   3.84379884E+014   0.00000000E+000   0.00000000E+000
   0.00000000E+000
     101   1.32832619E+015   2.26074084E+010   2.31526377E+014   3.41958226E+014   0.00000000E+000   0.00000000E+000   0.00000000E+000   3.67908102E+014   4.47077726E+010   3.86866168E+014   0.00000000E+000   0.00000000E+000
   0.00000000E+000
     102   1.33263323E+015   8.79362617E+010   2.32296353E+014   3.43160880E+014   0.00000000E+000   0.00000000E+000   0.00000000E+000   3.69133183E+014   1.61714379E+011   3.87793160E+014   0.00000000E+000   0.00000000E+000
   0.00000000E+000
     103   1.33708100E+015   1.20691956E+011   2.33141163E+014   3.44040894E+014   0.00000000E+000   0.00000000E+000   0.00000000E+000   3.70439363E+014   2.08692588E+011   3.89130193E+014   0.00000000E+000   0.00000000E+000
   0.00000000E+000
     104   1.34193475E+015   1.47516199E+011   2.34030365E+014   3.45300009E+014   0.00000000E+000   0.00000000E+000   0.00000000E+000   3.71720722E+014   2.53727010E+011   3.90482416E+014   0.00000000E+000   0.00000000E+000
   0.00000000E+000
     105   1.33085521E+015   1.45573843E+012   2.32520933E+014   3.40999050E+014   0.00000000E+000   0.00000000E+000   0.00000000E+000   3.68201133E+014   2.60822218E+012   3.85070137E+014   0.00000000E+000   0.00000000E+000
   0.00000000E+000
     106   1.30637397E+015   3.31058483E+012   2.30956828E+014   3.32388402E+014   0.00000000E+000   0.00000000E+000   0.00000000E+000   3.59494733E+014   5.26046759E+012   3.74962954E+014   0.00000000E+000   0.00000000E+000
   0.00000000E+000
     107   1.30627706E+015   4.36906349E+012   2.30803429E+014   3.31764845E+014   0.00000000E+000   0.00000000E+000   0.00000000E+000   3.59794219E+014   6.13266806E+012   3.73412839E+014   0.00000000E+000   0.00000000E+000
   0.00000000E+000
     108   1.30518273E+015   5.93338592E+012   2.30223950E+014   3.31301942E+014   0.00000000E+000   0.00000000E+000   0.00000000E+000   3.56894508E+014   1.04438996E+013   3.70385049E+014   0.00000000E+000   0.00000000E+000
   0.00000000E+000
     109   1.30820652E+015   6.27817580E+012   2.30824145E+014   3.31589633E+014   0.00000000E+000   0.00000000E+000   0.00000000E+000   3.57619908E+014   1.08616321E+013   3.71033025E+014   0.00000000E+000   0.00000000E+000
   0.00000000E+000
     110   1.31187118E+015   6.37785092E+012   2.31322623E+014   3.32572620E+014   0.00000000E+000   0.00000000E+000   0.00000000E+000   3.58611357E+014   1.10325411E+013   3.71954193E+014   0.00000000E+000   0.00000000E+000
   0.00000000E+000
     111   1.31583598E+015   6.72381581E+012   2.31836636E+014   3.33361526E+014   0.00000000E+000   0.00000000E+000   0.00000000E+000   3.59681373E+014   1.11999484E+013   3.73032682E+014   0.00000000E+000   0.00000000E+000
   0.00000000E+000
     112   1.31970000E+015   6.82187688E+012   2.32450871E+014   3.34349228E+014   0.00000000E+000   0.00000000E+000   0.00000000E+000   3.60771278E+014   1.13637656E+013   3.73942983E+014   0.00000000E+000   0.00000000E+000
   0.00000000E+000
     113   1.32295185E+015   7.39974789E+012   2.32846790E+014   3.34913607E+014   0.00000000E+000   0.00000000E+000   0.00000000E+000   3.61205791E+014   1.22388053E+013   3.74347106E+014   0.00000000E+000   0.00000000E+000
   0.00000000E+000
     114   1.32215519E+015   8.20928503E+012   2.33063951E+014   3.34132322E+014   0.00000000E+000   0.00000000E+000   0.00000000E+000   3.60486045E+014   1.35889352E+013   3.72674651E+014   0.00000000E+000   0.00000000E+000
   0.00000000E+000
     115   1.31019839E+015   8.54684921E+012   2.32926741E+014   3.30511135E+014   0.00000000E+000   0.00000000E+000   0.00000000E+000   3.56210497E+014   1.44684955E+013   3.67534670E+014   0.00000000E+000   0.00000000E+000
   0.00000000E+000
     116   1.30791131E+015   9.59716108E+012   2.32908946E+014   3.28049623E+014   0.00000000E+000   0.00000000E+000   0.00000000E+000   3.54861419E+014   1.55815753E+013   3.66912588E+014   0.00000000E+000   0.00000000E+000
   0.00000000E+000
     117   1.30455567E+015   1.04002151E+013   2.33144999E+014   3.26349908E+014   0.00000000E+000   0.00000000E+000   0.00000000E+000   3.53774843E+014   1.69307156E+013   3.63954984E+014   0.00000000E+000   0.00000000E+000
   0.00000000E+000
     118   1.30333348E+015   1.14183908E+013   2.33098251E+014   3.25786890E+014   0.00000000E+000   0.00000000E+000   0.00000000E+000   3.52119914E+014   1.96202938E+013   3.61289735E+014   0.00000000E+000   0.00000000E+000
   0.00000000E+000
     119   1.30589311E+015   1.17550882E+013   2.33574915E+014   3.26273345E+014   0.00000000E+000   0.00000000E+000   0.00000000E+000   3.52273595E+014   2.00302828E+013   3.61985880E+014   0.00000000E+000   0.00000000E+000
   0.00000000E+000
     120   1.30913693E+015   1.18637134E+013   2.34321738E+014   3.27081759E+014   0.00000000E+000   0.00000000E+000   0.00000000E+000   3.52895823E+014   2.02124026E+013   3.62761494E+014   0.00000000E+000   0.00000000E+000
   0.00000000E+000
     121   1.31092167E+015   1.26467274E+013   2.33790784E+014   3.26920739E+014   0.00000000E+000   0.00000000E+000   0.00000000E+000   3.53710859E+014   2.06174273E+013   3.63235135E+014   0.00000000E+000   0.00000000E+000
   0.00000000E+000
     122   1.31271805E+015   1.29813011E+013   2.34088041E+014   3.27107511E+014   0.00000000E+000   0.00000000E+000   0.00000000E+000   3.53738899E+014   2.19223997E+013   3.62879898E+014   0.00000000E+000   0.00000000E+000
   0.00000000E+000
     123   1.31450424E+015   1.33182915E+013   2.34064017E+014   3.27793660E+014   0.00000000E+000   0.00000000E+000   0.00000000E+000   3.54277637E+014   2.23289406E+013   3.62721697E+014   0.00000000E+000   0.00000000E+000
   0.00000000E+000
     124   1.31719043E+015   1.34305873E+013   2.34871503E+014   3.28700500E+014   0.00000000E+000   0.00000000E+000   0.00000000E+000   3.54502682E+014   2.27385344E+013   3.62946623E+014   0.00000000E+000   0.00000000E+000
   0.00000000E+000
     125   1.32082202E+015   1.35417602E+013   2.35684099E+014   3.29346889E+014   0.00000000E+000   0.00000000E+000   0.00000000E+000   3.55504907E+014   2.29237884E+013   3.63820574E+014   0.00000000E+000   0.00000000E+000
   0.00000000E+000
     126   1.32404662E+015   1.36519958E+013   2.36499994E+014   3.30258837E+014   0.00000000E+000   0.00000000E+000   0.00000000E+000   3.56435299E+014   2.31065729E+013   3.64093927E+014   0.00000000E+000   0.00000000E+000
   0.00000000E+000
     127   1.32737857E+015   1.37600833E+013   2.37032083E+014   3.30993669E+014   0.00000000E+000   0.00000000E+000   0.00000000E+000   3.57301975E+014   2.32864514E+013   3.65004314E+014   0.00000000E+000   0.00000000E+000
   0.00000000E+000
     128   1.33075822E+015   1.40888009E+013   2.37556529E+014   3.31669252E+014   0.00000000E+000   0.00000000E+000   0.00000000E+000   3.58145688E+014   2.35255562E+013   3.65772389E+014   0.00000000E+000   0.00000000E+000
   0.00000000E+000
     129   1.33372653E+015   1.41958362E+013   2.37979682E+014   3.32392787E+014   0.00000000E+000   0.00000000E+000   0.00000000E+000   3.59071454E+014   2.37025776E+013   3.66384195E+014   0.00000000E+000   0.00000000E+000
   0.00000000E+000
     130   1.33640453E+015   1.43565773E+013   2.38492773E+014   3.33158323E+014   0.00000000E+000   0.00000000E+000   0.00000000E+000   3.59879399E+014   2.38763718E+013   3.66641088E+014   0.00000000E+000   0.00000000E+000
   0.00000000E+000
     131   1.33951662E+015   1.44602928E+013   2.39208112E+014   3.33815595E+014   0.00000000E+000   0.00000000E+000   0.00000000E+000   3.60820192E+014   2.41067574E+013   3.67105675E+014   0.00000000E+000   0.00000000E+000
   0.00000000E+000
     132   1.34251362E+015   1.46022011E+013   2.39911424E+014   3.34393457E+014   0.00000000E+000   0.00000000E+000   0.00000000E+000   3.61293389E+014   2.44310724E+013   3.67882081E+014   0.00000000E+000   0.00000000E+000
   0.00000000E+000
     133   1.34594508E+015   1.48247853E+013   2.40615773E+014   3.35310528E+014   0.00000000E+000   0.00000000E+000   0.00000000E+000   3.61782132E+014   2.47565432E+013   3.68655315E+014   0.00000000E+000   0.00000000E+000
   0.00000000E+000
     134   1.34941616E+015   1.50380850E+013   2.41259464E+014   3.35784985E+014   0.00000000E+000   0.00000000E+000   0.00000000E+000   3.62694469E+014   2.51017503E+013   3.69537408E+014   0.00000000E+000   0.00000000E+000
   0.00000000E+000
     135   1.35290597E+015   1.51806958E+013   2.41860570E+014   3.36685285E+014   0.00000000E+000   0.00000000E+000   0.00000000E+000   3.63432109E+014   2.54486836E+013   3.70298621E+014   0.00000000E+000   0.00000000E+000
   0.00000000E+000
     136   1.35495510E+015   1.60358732E+013   2.41804023E+014   3.36753991E+014   0.00000000E+000   0.00000000E+000   0.00000000E+000   3.64027394E+014   2.59150366E+013   3.70418777E+014   0.00000000E+000   0.00000000E+000
   0.00000000E+000
     137   1.35675025E+015   1.66767444E+013   2.42111487E+014   3.36744222E+014   0.00000000E+000   0.00000000E+000   0.00000000E+000   3.64298001E+014   2.69324290E+013   3.69987363E+014   0.00000000E+000   0.00000000E+000
   0.00000000E+000
     138   1.35904739E+015   1.68182289E+013   2.42946415E+014   3.37274467E+014   0.00000000E+000   0.00000000E+000   0.00000000E+000   3.64918420E+014   2.73110078E+013   3.69778846E+014   0.00000000E+000   0.00000000E+000
   0.00000000E+000
     139   1.35096541E+015   1.69284206E+013   2.43162508E+014   3.35220501E+014   0.00000000E+000   0.00000000E+000   0.00000000E+000   3.61834448E+014   2.75894721E+013   3.66230057E+014   0.00000000E+000   0.00000000E+000
   0.00000000E+000
     140   1.35234672E+015   1.70338028E+013   2.43866916E+014   3.34497282E+014   0.00000000E+000   0.00000000E+000   0.00000000E+000   3.62627380E+014   2.77918454E+013   3.66529493E+014   0.00000000E+000   0.00000000E+000
   0.00000000E+000
     141   1.35580509E+015   1.71408413E+013   2.44678339E+014   3.35408705E+014   0.00000000E+000   0.00000000E+000   0.00000000E+000   3.63175802E+014   2.81534888E+013   3.67247917E+014   0.00000000E+000   0.00000000E+000
   0.00000000E+000
     142   1.35844045E+015   1.74442588E+013   2.45332074E+014   3.36168191E+014   0.00000000E+000   0.00000000E+000   0.00000000E+000   3.62770899E+014   2.99192857E+013   3.66805739E+014   0.00000000E+000   0.00000000E+000
   0.00000000E+000
     143   1.36087990E+015   1.81369397E+013   2.45456617E+014   3.36597696E+014   0.00000000E+000   0.00000000E+000   0.00000000E+000   3.62950870E+014   3.04819366E+013   3.67255844E+014   0.00000000E+000   0.00000000E+000
   0.00000000E+000
     144   1.36446435E+015   1.82474753E+013   2.46148668E+014   3.37305020E+014   0.00000000E+000   0.00000000E+000   0.00000000E+000   3.63959762E+014   3.06577788E+013   3.68145646E+014   0.00000000E+000   0.00000000E+000
   0.00000000E+000
     145   1.36806910E+015   1.83561007E+013   2.46838290E+014   3.38161455E+014   0.00000000E+000   0.00000000E+000   0.00000000E+000   3.64831104E+014   3.08333610E+013   3.69048785E+014   0.00000000E+000   0.00000000E+000
   0.00000000E+000
     146   1.37149349E+015   1.84640006E+013   2.47669044E+014   3.38937347E+014   0.00000000E+000   0.00000000E+000   0.00000000E+000   3.65426406E+014   3.14487436E+013   3.69547947E+014   0.00000000E+000   0.00000000E+000
   0.00000000E+000
     147   1.37515289E+015   1.87442414E+013   2.48366663E+014   3.39507892E+014   0.00000000E+000   0.00000000E+000   0.00000000E+000   3.66450892E+014   3.16857494E+013   3.70397455E+014   0.00000000E+000   0.00000000E+000
   0.00000000E+000
     148   1.37829896E+015   1.88527034E+013   2.49139360E+014   3.40134932E+014   0.00000000E+000   0.00000000E+000   0.00000000E+000   3.66918736E+014   3.19800250E+013   3.71273201E+014   0.00000000E+000   0.00000000E+000
   0.00000000E+000
     149   1.38169645E+015   1.89597218E+013   2.49795297E+014   3.40989072E+014   0.00000000E+000   0.00000000E+000   0.00000000E+000   3.67896377E+014   3.21606674E+013   3.71895317E+014   0.00000000E+000   0.00000000E+000
   0.00000000E+000
     150   1.38552291E+015   1.90651164E+013   2.50535490E+014   3.41917889E+014   0.00000000E+000   0.00000000E+000   0.00000000E+000   3.68825239E+014   3.23394564E+013   3.72839719E+014   0.00000000E+000   0.00000000E+000
   0.00000000E+000
     151   1.39140857E+015   1.91689580E+013   2.51928350E+014   3.43462756E+014   0.00000000E+000   0.00000000E+000   0.00000000E+000   3.70060919E+014   3.27293566E+013   3.74058233E+014   0.00000000E+000   0.00000000E+000
   0.00000000E+000
     152   1.38441706E+015   1.96517716E+013   2.50466002E+014   3.40594565E+014   0.00000000E+000   0.00000000E+000   0.00000000E+000   3.67675916E+014   3.31429499E+013   3.72885856E+014   0.00000000E+000   0.00000000E+000
   0.00000000E+000
     153   1.36367646E+015   1.99611983E+013   2.46337915E+014   3.33859694E+014   0.00000000E+000   0.00000000E+000   0.00000000E+000   3.62460013E+014   3.33214569E+013   3.67736182E+014   0.00000000E+000   0.00000000E+000
   0.00000000E+000
     154   1.34726561E+015   2.02712127E+013   2.43107625E+014   3.28314340E+014   0.00000000E+000   0.00000000E+000   0.00000000E+000   3.57988643E+014   3.34968829E+013   3.64086902E+014   0.00000000E+000   0.00000000E+000
   0.00000000E+000
     155   1.33785666E+015   2.05827612E+013   2.41547809E+014   3.24381703E+014   0.00000000E+000   0.00000000E+000   0.00000000E+000   3.56455365E+014   3.36701036E+013   3.61218917E+014   0.00000000E+000   0.00000000E+000
   0.00000000E+000
     156   1.32959692E+015   2.06899600E+013   2.39755759E+014   3.21937393E+014   0.00000000E+000   0.00000000E+000   0.00000000E+000   3.53835862E+014   3.40350598E+013   3.59342888E+014   0.00000000E+000   0.00000000E+000
   0.00000000E+000
     157   1.32799505E+015   2.07953211E+013   2.39750967E+014   3.21279742E+014   0.00000000E+000   0.00000000E+000   0.00000000E+000   3.52886457E+014   3.46200200E+013   3.58662546E+014   0.00000000E+000   0.00000000E+000
   0.00000000E+000
     158   1.32936562E+015   2.08985801E+013   2.40193879E+014   3.21324073E+014   0.00000000E+000   0.00000000E+000   0.00000000E+000   3.53236756E+014   3.47891750E+013   3.58923155E+014   0.00000000E+000   0.00000000E+000
   0.00000000E+000
     159   1.33038698E+015   2.09999666E+013   2.40735037E+014   3.21253566E+014   0.00000000E+000   0.00000000E+000   0.00000000E+000   3.53571745E+014   3.49561073E+013   3.58870559E+014   0.00000000E+000   0.00000000E+000
   0.00000000E+000
     160   1.33272667E+015   2.10985159E+013   2.41295116E+014   3.21617868E+014   0.00000000E+000   0.00000000E+000   0.00000000E+000   3.54191904E+014   3.51197517E+013   3.59403513E+014   0.00000000E+000   0.00000000E+000
   0.00000000E+000
     161   1.33433482E+015   2.11945880E+013   2.41928415E+014   3.21973551E+014   0.00000000E+000   0.00000000E+000   0.00000000E+000   3.54253999E+014   3.54542336E+013   3.59530036E+014   0.00000000E+000   0.00000000E+000
   0.00000000E+000
     162   1.32914478E+015   2.12879864E+013   2.41024414E+014   3.20263382E+014   0.00000000E+000   0.00000000E+000   0.00000000E+000   3.52447372E+014   3.59765498E+013   3.58145073E+014   0.00000000E+000   0.00000000E+000
   0.00000000E+000
     163   1.32828909E+015   2.17332916E+013   2.40807644E+014   3.19247029E+014   0.00000000E+000   0.00000000E+000   0.00000000E+000   3.51979713E+014   3.63188520E+013   3.58202559E+014   0.00000000E+000   0.00000000E+000
   0.00000000E+000
     164   1.32887161E+015   2.22127291E+013   2.41045420E+014   3.18982844E+014   0.00000000E+000   0.00000000E+000   0.00000000E+000   3.51866440E+014   3.72909286E+013   3.57473248E+014   0.00000000E+000   0.00000000E+000
   0.00000000E+000
     165   1.32571455E+015   2.23107356E+013   2.40783981E+014   3.17711757E+014   0.00000000E+000   0.00000000E+000   0.00000000E+000   3.51161656E+014   3.78846170E+013   3.55861808E+014   0.00000000E+000   0.00000000E+000
   0.00000000E+000
     166   1.32313564E+015   2.24063667E+013   2.40377263E+014   3.16874186E+014   0.00000000E+000   0.00000000E+000   0.00000000E+000   3.50177870E+014   3.87941515E+013   3.54505805E+014   0.00000000E+000   0.00000000E+000
   0.00000000E+000
     167   1.31849933E+015   2.29354049E+013   2.39347949E+014   3.15057863E+014   0.00000000E+000   0.00000000E+000   0.00000000E+000   3.48545401E+014   3.91918207E+013   3.53420892E+014   0.00000000E+000   0.00000000E+000
   0.00000000E+000
     168   1.31211673E+015   2.36741084E+013   2.38191474E+014   3.13320170E+014   0.00000000E+000   0.00000000E+000   0.00000000E+000   3.46755708E+014   3.93707225E+013   3.50804547E+014   0.00000000E+000   0.00000000E+000
   0.00000000E+000
     169   1.30745132E+015   2.39836681E+013   2.37751855E+014   3.11711165E+014   0.00000000E+000   0.00000000E+000   0.00000000E+000   3.45516889E+014   4.00625492E+013   3.48425191E+014   0.00000000E+000   0.00000000E+000
   0.00000000E+000
     170   1.30277084E+015   2.44955372E+013   2.36940191E+014   3.09618506E+014   0.00000000E+000   0.00000000E+000   0.00000000E+000   3.43189356E+014   4.06771907E+013   3.47850064E+014   0.00000000E+000   0.00000000E+000
   0.00000000E+000
     171   1.29911266E+015   2.48489482E+013   2.36362043E+014   3.07726519E+014   0.00000000E+000   0.00000000E+000   0.00000000E+000   3.41615433E+014   4.14655040E+013   3.47094214E+014   0.00000000E+000   0.00000000E+000
   0.00000000E+000
     172   1.29862017E+015   2.53760267E+013   2.35690384E+014   3.07652521E+014   0.00000000E+000   0.00000000E+000   0.00000000E+000   3.41027888E+014   4.27162505E+013   3.46157100E+014   0.00000000E+000   0.00000000E+000
   0.00000000E+000
     173   1.29844555E+015   2.54915069E+013   2.35462520E+014   3.07710636E+014   0.00000000E+000   0.00000000E+000   0.00000000E+000   3.41306195E+014   4.29078821E+013   3.45566811E+014   0.00000000E+000   0.00000000E+000
   0.00000000E+000
     174   1.29629980E+015   2.56063371E+013   2.35842254E+014   3.07243561E+014   0.00000000E+000   0.00000000E+000   0.00000000E+000   3.40197567E+014   4.34893704E+013   3.43920714E+014   0.00000000E+000   0.00000000E+000
   0.00000000E+000
     175   1.29317739E+015   2.59213263E+013   2.35456576E+014   3.05810396E+014   0.00000000E+000   0.00000000E+000   0.00000000E+000   3.39744130E+014   4.36825947E+013   3.42562362E+014   0.00000000E+000   0.00000000E+000
   0.00000000E+000
     176   1.28867864E+015   2.62396686E+013   2.34545840E+014   3.03925905E+014   0.00000000E+000   0.00000000E+000   0.00000000E+000   3.39219792E+014   4.40690213E+013   3.40678417E+014   0.00000000E+000   0.00000000E+000
   0.00000000E+000
     177   1.28762900E+015   2.63797474E+013   2.34640860E+014   3.03084248E+014   0.00000000E+000   0.00000000E+000   0.00000000E+000   3.39007380E+014   4.43219723E+013   3.40194793E+014   0.00000000E+000   0.00000000E+000
   0.00000000E+000
     178   1.28866322E+015   2.68050863E+013   2.34766766E+014   3.02760111E+014   0.00000000E+000   0.00000000E+000   0.00000000E+000   3.39418035E+014   4.45145169E+013   3.40398701E+014   0.00000000E+000   0.00000000E+000
   0.00000000E+000
     179   1.28980562E+015   2.69225742E+013   2.34999524E+014   3.02938682E+014   0.00000000E+000   0.00000000E+000   0.00000000E+000   3.39539109E+014   4.48668523E+013   3.40538876E+014   0.00000000E+000   0.00000000E+000
   0.00000000E+000
     180   1.28942239E+015   2.70395490E+013   2.34749465E+014   3.02885335E+014   0.00000000E+000   0.00000000E+000   0.00000000E+000   3.39154324E+014   4.50600376E+013   3.40533683E+014   0.00000000E+000   0.00000000E+000
   0.00000000E+000
     181   1.28591185E+015   2.74030434E+013   2.34052589E+014   3.00968699E+014   0.00000000E+000   0.00000000E+000   0.00000000E+000   3.38127581E+014   4.54599760E+013   3.39899963E+014   0.00000000E+000   0.00000000E+000
   0.00000000E+000
     182   1.28566625E+015   2.77261712E+013   2.34308794E+014   3.00347083E+014   0.00000000E+000   0.00000000E+000   0.00000000E+000   3.37691797E+014   4.57232563E+013   3.39869149E+014   0.00000000E+000   0.00000000E+000
   0.00000000E+000
     183   1.28586955E+015   2.80752255E+013   2.34475940E+014   2.99937039E+014   0.00000000E+000   0.00000000E+000   0.00000000E+000   3.37281085E+014   4.61695134E+013   3.39930749E+014   0.00000000E+000   0.00000000E+000
   0.00000000E+000
     184   1.28699846E+015   2.81988745E+013   2.34704149E+014   3.00143378E+014   0.00000000E+000   0.00000000E+000   0.00000000E+000   3.37280945E+014   4.68100669E+013   3.39861046E+014   0.00000000E+000   0.00000000E+000
   0.00000000E+000
     185   1.28768620E+015   2.83221567E+013   2.34946829E+014   2.99665510E+014   0.00000000E+000   0.00000000E+000   0.00000000E+000   3.37542520E+014   4.72549231E+013   3.39954266E+014   0.00000000E+000   0.00000000E+000
   0.00000000E+000
     186   1.28880486E+015   2.84445874E+013   2.35292300E+014   2.99554235E+014   0.00000000E+000   0.00000000E+000   0.00000000E+000   3.37842820E+014   4.74552739E+013   3.40215645E+014   0.00000000E+000   0.00000000E+000
   0.00000000E+000
     187   1.28901650E+015   2.85663836E+013   2.35636662E+014   2.99467681E+014   0.00000000E+000   0.00000000E+000   0.00000000E+000   3.37947732E+014   4.76480792E+013   3.39749959E+014   0.00000000E+000   0.00000000E+000
   0.00000000E+000
     188   1.28854864E+015   2.86872442E+013   2.35321758E+014   2.99137263E+014   0.00000000E+000   0.00000000E+000   0.00000000E+000   3.38067161E+014   4.78434917E+013   3.39491720E+014   0.00000000E+000   0.00000000E+000
   0.00000000E+000
     189   1.28506075E+015   2.88071063E+013   2.35193229E+014   2.97545340E+014   0.00000000E+000   0.00000000E+000   0.00000000E+000   3.36781700E+014   4.81349562E+013   3.38598415E+014   0.00000000E+000   0.00000000E+000
   0.00000000E+000
     190   1.28203446E+015   2.89664725E+013   2.35183903E+014   2.95887488E+014   0.00000000E+000   0.00000000E+000   0.00000000E+000   3.35690259E+014   4.84105475E+013   3.37895787E+014   0.00000000E+000   0.00000000E+000
   0.00000000E+000
     191   1.27984853E+015   2.91857239E+013   2.34653911E+014   2.95101215E+014   0.00000000E+000   0.00000000E+000   0.00000000E+000   3.35363693E+014   4.87470118E+013   3.36796972E+014   0.00000000E+000   0.00000000E+000
   0.00000000E+000
     192   1.27892068E+015   2.93482780E+013   2.34372124E+014   2.94728329E+014   0.00000000E+000   0.00000000E+000   0.00000000E+000   3.35280287E+014   4.91666793E+013   3.36024985E+014   0.00000000E+000   0.00000000E+000
   0.00000000E+000
     193   1.27824743E+015   2.96149494E+013   2.34386655E+014   2.94110203E+014   0.00000000E+000   0.00000000E+000   0.00000000E+000   3.35132691E+014   4.95050412E+013   3.35497895E+014   0.00000000E+000   0.00000000E+000
   0.00000000E+000
     194   1.27424243E+015   2.97346845E+013   2.33640885E+014   2.92570311E+014   0.00000000E+000   0.00000000E+000   0.00000000E+000   3.34071054E+014   5.00146990E+013   3.34210799E+014   0.00000000E+000   0.00000000E+000
   0.00000000E+000
     195   1.27118755E+015   2.99029557E+013   2.33136715E+014   2.91134765E+014   0.00000000E+000   0.00000000E+000   0.00000000E+000   3.32839740E+014   5.03203920E+013   3.33852984E+014   0.00000000E+000   0.00000000E+000
   0.00000000E+000
     196   1.26902394E+015   3.01054441E+013   2.32499849E+014   2.90336285E+014   0.00000000E+000   0.00000000E+000   0.00000000E+000   3.32027531E+014   5.07093986E+013   3.33345431E+014   0.00000000E+000   0.00000000E+000
   0.00000000E+000
     197   1.26850983E+015   3.03971669E+013   2.32311734E+014   2.89978944E+014   0.00000000E+000   0.00000000E+000   0.00000000E+000   3.31758994E+014   5.10220715E+013   3.33040916E+014   0.00000000E+000   0.00000000E+000
   0.00000000E+000
     198   1.26961170E+015   3.05652690E+013   2.32765264E+014   2.89732200E+014   0.00000000E+000   0.00000000E+000   0.00000000E+000   3.32054365E+014   5.13238298E+013   3.33170777E+014   0.00000000E+000   0.00000000E+000
   0.00000000E+000
     199   1.27050881E+015   3.07313512E+013   2.33081090E+014   2.89737024E+014   0.00000000E+000   0.00000000E+000   0.00000000E+000   3.31960738E+014   5.16054387E+013   3.33393170E+014   0.00000000E+000   0.00000000E+000
   0.00000000E+000
     200   1.27075958E+015   3.10720599E+013   2.33242890E+014   2.89185864E+014   0.00000000E+000   0.00000000E+000   0.00000000E+000   3.31754175E+014   5.21088719E+013   3.33395716E+014   0.00000000E+000   0.00000000E+000
   0.00000000E+000
     201   1.27172669E+015   3.12482907E+013   2.33601011E+014   2.89262022E+014   0.00000000E+000   0.00000000E+000   0.00000000E+000   3.32005490E+014   5.23352306E+013   3.33274645E+014   0.00000000E+000   0.00000000E+000
   0.00000000E+000
     202   1.27231360E+015   3.17092356E+013   2.33798539E+014   2.88926256E+014   0.00000000E+000   0.00000000E+000   0.00000000E+000   3.31969675E+014   5.28028995E+013   3.33106992E+014   0.00000000E+000   0.00000000E+000
   0.00000000E+000
     203   1.27311180E+015   3.18816325E+013   2.34129034E+014   2.88915562E+014   0.00000000E+000   0.00000000E+000   0.00000000E+000   3.31843506E+014   5.32001092E+013   3.33141957E+014   0.00000000E+000   0.00000000E+000
   0.00000000E+000
     204   1.27481900E+015   3.19943057E+013   2.34575148E+014   2.89126537E+014   0.00000000E+000   0.00000000E+000   0.00000000E+000   3.32146363E+014   5.35318213E+013   3.33444824E+014   0.00000000E+000   0.00000000E+000
   0.00000000E+000
     205   1.27585568E+015   3.22017581E+013   2.34969248E+014   2.89127305E+014   0.00000000E+000   0.00000000E+000   0.00000000E+000   3.32029264E+014   5.40595811E+013   3.33468521E+014   0.00000000E+000   0.00000000E+000
   0.00000000E+000
     206   1.27609186E+015   3.23096648E+013   2.35326208E+014   2.88847234E+014   0.00000000E+000   0.00000000E+000   0.00000000E+000   3.31726395E+014   5.45124782E+013   3.33369875E+014   0.00000000E+000   0.00000000E+000
   0.00000000E+000
     207   1.27616251E+015   3.26938462E+013   2.35368578E+014   2.88376333E+014   0.00000000E+000   0.00000000E+000   0.00000000E+000   3.31511742E+014   5.49040081E+013   3.33308003E+014   0.00000000E+000   0.00000000E+000
   0.00000000E+000
     208   1.27681147E+015   3.31701278E+013   2.35423402E+014   2.88105963E+014   0.00000000E+000   0.00000000E+000   0.00000000E+000   3.31492083E+014   5.52979216E+013   3.33321971E+014   0.00000000E+000   0.00000000E+000
   0.00000000E+000
     209   1.27843660E+015   3.33436634E+013   2.35717495E+014   2.88339612E+014   0.00000000E+000   0.00000000E+000   0.00000000E+000   3.31809161E+014   5.56454008E+013   3.33581267E+014   0.00000000E+000   0.00000000E+000
   0.00000000E+000
     210   1.27938555E+015   3.35203213E+013   2.36126653E+014   2.88074462E+014   0.00000000E+000   0.00000000E+000   0.00000000E+000   3.31969282E+014   5.58409491E+013   3.33853883E+014   0.00000000E+000   0.00000000E+000
   0.00000000E+000
     211   1.27999101E+015   3.37172585E+013   2.36463549E+014   2.88089410E+014   0.00000000E+000   0.00000000E+000   0.00000000E+000   3.31847872E+014   5.60248819E+013   3.33848042E+014   0.00000000E+000   0.00000000E+000
   0.00000000E+000
     212   1.28079018E+015   3.40049804E+013   2.36621544E+014   2.87841228E+014   0.00000000E+000   0.00000000E+000   0.00000000E+000   3.31751253E+014   5.65995561E+013   3.33971616E+014   0.00000000E+000   0.00000000E+000
   0.00000000E+000
     213   1.28165169E+015   3.43747822E+013   2.36700917E+014   2.87676379E+014   0.00000000E+000   0.00000000E+000   0.00000000E+000   3.31928926E+014   5.68537806E+013   3.34116901E+014   0.00000000E+000   0.00000000E+000
   0.00000000E+000
     214   1.28203345E+015   3.45967249E+013   2.36954987E+014   2.87628809E+014   0.00000000E+000   0.00000000E+000   0.00000000E+000   3.32337905E+014   5.70464636E+013   3.33468564E+014   0.00000000E+000   0.00000000E+000
   0.00000000E+000
     215   1.28250421E+015   3.48151078E+013   2.37335911E+014   2.87187419E+014   0.00000000E+000   0.00000000E+000   0.00000000E+000   3.32342257E+014   5.74056959E+013   3.33417817E+014   0.00000000E+000   0.00000000E+000
   0.00000000E+000
     216   1.28305772E+015   3.49977117E+013   2.37724859E+014   2.86961684E+014   0.00000000E+000   0.00000000E+000   0.00000000E+000   3.32471551E+014   5.76519857E+013   3.33249930E+014   0.00000000E+000   0.00000000E+000
   0.00000000E+000
     217   1.28310576E+015   3.51153355E+013   2.38201211E+014   2.86444132E+014   0.00000000E+000   0.00000000E+000   0.00000000E+000   3.32204093E+014   5.78402917E+013   3.33300692E+014   0.00000000E+000   0.00000000E+000
   0.00000000E+000
     218   1.28264163E+015   3.52309680E+013   2.38412677E+014   2.85897710E+014   0.00000000E+000   0.00000000E+000   0.00000000E+000   3.31831604E+014   5.82875697E+013   3.32981096E+014   0.00000000E+000   0.00000000E+000
   0.00000000E+000
     219   1.28381397E+015   3.53447934E+013   2.38767787E+014   2.85974325E+014   0.00000000E+000   0.00000000E+000   0.00000000E+000   3.31912156E+014   5.87122459E+013   3.33102661E+014   0.00000000E+000   0.00000000E+000
   0.00000000E+000
     220   1.28483793E+015   3.54564891E+013   2.39064273E+014   2.85904609E+014   0.00000000E+000   0.00000000E+000   0.00000000E+000   3.32224798E+014   5.89612682E+013   3.33226498E+014   0.00000000E+000   0.00000000E+000
   0.00000000E+000
     221   1.28506178E+015   3.55657082E+013   2.39319847E+014   2.85912348E+014   0.00000000E+000   0.00000000E+000   0.00000000E+000   3.31858626E+014   5.95249856E+013   3.32880261E+014   0.00000000E+000   0.00000000E+000
   0.00000000E+000
     222   1.28535465E+015   3.56727668E+013   2.39636921E+014   2.85849390E+014   0.00000000E+000   0.00000000E+000   0.00000000E+000   3.31369434E+014   6.03099912E+013   3.32516150E+014   0.00000000E+000   0.00000000E+000
   0.00000000E+000
     223   1.28642895E+015   3.60161524E+013   2.39856329E+014   2.85628479E+014   0.00000000E+000   0.00000000E+000   0.00000000E+000   3.31440984E+014   6.07538976E+013   3.32733111E+014   0.00000000E+000   0.00000000E+000
   0.00000000E+000
     224   1.28814512E+015   3.61236580E+013   2.40091024E+014   2.85973656E+014   0.00000000E+000   0.00000000E+000   0.00000000E+000   3.31893454E+014   6.10082575E+013   3.33055068E+014   0.00000000E+000   0.00000000E+000
   0.00000000E+000
     225   1.28857680E+015   3.62899278E+013   2.39940372E+014   2.86130568E+014   0.00000000E+000   0.00000000E+000   0.00000000E+000   3.31966332E+014   6.12497823E+013   3.32999819E+014   0.00000000E+000   0.00000000E+000
   0.00000000E+000
     226   1.28939900E+015   3.63942843E+013   2.40148928E+014   2.86289251E+014   0.00000000E+000   0.00000000E+000   0.00000000E+000   3.32097283E+014   6.16581298E+013   3.32811122E+014   0.00000000E+000   0.00000000E+000
   0.00000000E+000
     227   1.29026409E+015   3.64970910E+013   2.40353389E+014   2.86310245E+014   0.00000000E+000   0.00000000E+000   0.00000000E+000   3.32312647E+014   6.19937981E+013   3.32796920E+014   0.00000000E+000   0.00000000E+000
   0.00000000E+000
     228   1.29122785E+015   3.66457995E+013   2.40547641E+014   2.86160198E+014   0.00000000E+000   0.00000000E+000   0.00000000E+000   3.32527982E+014   6.23461382E+013   3.33000092E+014   0.00000000E+000   0.00000000E+000
   0.00000000E+000
     229   1.29217683E+015   3.69906371E+013   2.40813552E+014   2.85939879E+014   0.00000000E+000   0.00000000E+000   0.00000000E+000   3.32690466E+014   6.25305560E+013   3.33211740E+014   0.00000000E+000   0.00000000E+000
   0.00000000E+000
     230   1.29235781E+015   3.72322029E+013   2.40939194E+014   2.85795918E+014   0.00000000E+000   0.00000000E+000   0.00000000E+000   3.32326710E+014   6.27106884E+013   3.33353101E+014   0.00000000E+000   0.00000000E+000
   0.00000000E+000
     231   1.29379525E+015   3.75228658E+013   2.41292731E+014   2.85801456E+014   0.00000000E+000   0.00000000E+000   0.00000000E+000   3.32537473E+014   6.29580495E+013   3.33682675E+014   0.00000000E+000   0.00000000E+000
   0.00000000E+000
     232   1.29475519E+015   3.76200209E+013   2.41721806E+014   2.85819875E+014   0.00000000E+000   0.00000000E+000   0.00000000E+000   3.32748474E+014   6.32505786E+013   3.33594436E+014   0.00000000E+000   0.00000000E+000
   0.00000000E+000
     233   1.29477100E+015   3.77759064E+013   2.42002404E+014   2.85678601E+014   0.00000000E+000   0.00000000E+000   0.00000000E+000   3.32344285E+014   6.42006313E+013   3.32769174E+014   0.00000000E+000   0.00000000E+000
   0.00000000E+000
     234   1.29546161E+015   3.81110072E+013   2.42077156E+014   2.85577284E+014   0.00000000E+000   0.00000000E+000   0.00000000E+000   3.32052730E+014   6.45387563E+013   3.33104673E+014   0.00000000E+000   0.00000000E+000
   0.00000000E+000
     235   1.29633826E+015   3.84842149E+013   2.42026346E+014   2.85662172E+014   0.00000000E+000   0.00000000E+000   0.00000000E+000   3.32165660E+014   6.48835156E+013   3.33116354E+014   0.00000000E+000   0.00000000E+000
   0.00000000E+000
     236   1.29786048E+015   3.89355374E+013   2.42239850E+014   2.85774346E+014   0.00000000E+000   0.00000000E+000   0.00000000E+000   3.32374307E+014   6.54946396E+013   3.33041796E+014   0.00000000E+000   0.00000000E+000
   0.00000000E+000
     237   1.29856320E+015   3.91845186E+013   2.42539021E+014   2.85580571E+014   0.00000000E+000   0.00000000E+000   0.00000000E+000   3.32113007E+014   6.61111356E+013   3.33034950E+014   0.00000000E+000   0.00000000E+000
   0.00000000E+000
     238   1.29979924E+015   3.95544345E+013   2.42811705E+014   2.85517235E+014   0.00000000E+000   0.00000000E+000   0.00000000E+000   3.31932774E+014   6.66984205E+013   3.33284667E+014   0.00000000E+000   0.00000000E+000
   0.00000000E+000
     239   1.30099754E+015   3.99984072E+013   2.43099718E+014   2.85509568E+014   0.00000000E+000   0.00000000E+000   0.00000000E+000   3.32072815E+014   6.70275129E+013   3.33289515E+014   0.00000000E+000   0.00000000E+000
   0.00000000E+000
     240   1.30218742E+015   4.01601268E+013   2.43431459E+014   2.85710879E+014   0.00000000E+000   0.00000000E+000   0.00000000E+000   3.32008508E+014   6.75780775E+013   3.33298369E+014   0.00000000E+000   0.00000000E+000
   0.00000000E+000
     241   1.30290947E+015   4.02683999E+013   2.43934196E+014   2.85538436E+014   0.00000000E+000   0.00000000E+000   0.00000000E+000   3.31429657E+014   6.82809807E+013   3.33457797E+014   0.00000000E+000   0.00000000E+000
   0.00000000E+000
     242   1.30521462E+015   4.03719084E+013   2.44610906E+014   2.86000917E+014   0.00000000E+000   0.00000000E+000   0.00000000E+000   3.31704949E+014   6.88364011E+013   3.33689536E+014   0.00000000E+000   0.00000000E+000
   0.00000000E+000
     243   1.30754246E+015   4.04784898E+013   2.45144115E+014   2.86431448E+014   0.00000000E+000   0.00000000E+000   0.00000000E+000   3.32268453E+014   6.90434210E+013   3.34176538E+014   0.00000000E+000   0.00000000E+000
   0.00000000E+000
     244   1.30857172E+015   4.08992246E+013   2.45555536E+014   2.86045380E+014   0.00000000E+000   0.00000000E+000   0.00000000E+000   3.32231858E+014   6.94575151E+013   3.34382206E+014   0.00000000E+000   0.00000000E+000
   0.00000000E+000
     245   1.30983872E+015   4.10554076E+013   2.45741164E+014   2.86218884E+014   0.00000000E+000   0.00000000E+000   0.00000000E+000   3.32499559E+014   6.98415288E+013   3.34482179E+014   0.00000000E+000   0.00000000E+000
   0.00000000E+000
     246   1.31159599E+015   4.11510004E+013   2.46248110E+014   2.86278616E+014   0.00000000E+000   0.00000000E+000   0.00000000E+000   3.33097660E+014   7.00390447E+013   3.34781561E+014   0.00000000E+000   0.00000000E+000
   0.00000000E+000
     247   1.31400385E+015   4.15466235E+013   2.46645387E+014   2.86542812E+014   0.00000000E+000   0.00000000E+000   0.00000000E+000   3.33639966E+014   7.02374166E+013   3.35391647E+014   0.00000000E+000   0.00000000E+000
   0.00000000E+000
     248   1.31558658E+015   4.18962900E+013   2.46637952E+014   2.86860093E+014   0.00000000E+000   0.00000000E+000   0.00000000E+000   3.33934939E+014   7.05312552E+013   3.35726051E+014   0.00000000E+000   0.00000000E+000
   0.00000000E+000
     249   1.31733252E+015   4.19894283E+013   2.46900764E+014   2.87300061E+014   0.00000000E+000   0.00000000E+000   0.00000000E+000   3.34303594E+014   7.09079527E+013   3.35930718E+014   0.00000000E+000   0.00000000E+000
   0.00000000E+000
     250   1.31923562E+015   4.20809252E+013   2.47372232E+014   2.87751990E+014   0.00000000E+000   0.00000000E+000   0.00000000E+000   3.34728698E+014   7.12713824E+013   3.36030393E+014   0.00000000E+000   0.00000000E+000
   0.00000000E+000
     251   1.32004484E+015   4.23174165E+013   2.47199678E+014   2.87716893E+014   0.00000000E+000   0.00000000E+000   0.00000000E+000   3.34845904E+014   7.14569787E+013   3.36507965E+014   0.00000000E+000   0.00000000E+000
   0.00000000E+000
     252   1.32258734E+015   4.27582950E+013   2.47704935E+014   2.88143053E+014   0.00000000E+000   0.00000000E+000   0.00000000E+000   3.35264837E+014   7.18905248E+013   3.36825694E+014   0.00000000E+000   0.00000000E+000
   0.00000000E+000
     253   1.32554223E+015   4.28457623E+013   2.48232289E+014   2.89000023E+014   0.00000000E+000   0.00000000E+000   0.00000000E+000   3.35847531E+014   7.20691722E+013   3.37547448E+014   0.00000000E+000   0.00000000E+000
   0.00000000E+000
     254   1.32653176E+015   4.29289945E+013   2.48931236E+014   2.88357727E+014   0.00000000E+000   0.00000000E+000   0.00000000E+000   3.36262173E+014   7.22460409E+013   3.37805593E+014   0.00000000E+000   0.00000000E+000
   0.00000000E+000
     255   1.32848077E+015   4.30115627E+013   2.49554617E+014   2.88714597E+014   0.00000000E+000   0.00000000E+000   0.00000000E+000   3.36452173E+014   7.26138473E+013   3.38133969E+014   0.00000000E+000   0.00000000E+000
   0.00000000E+000
     256   1.33078082E+015   4.30938414E+013   2.49853862E+014   2.89122027E+014   0.00000000E+000   0.00000000E+000   0.00000000E+000   3.37189490E+014   7.27837706E+013   3.38737823E+014   0.00000000E+000   0.00000000E+000
   0.00000000E+000
     257   1.33324724E+015   4.32217835E+013   2.50242678E+014   2.89770849E+014   0.00000000E+000   0.00000000E+000   0.00000000E+000   3.37842601E+014   7.30159692E+013   3.39153355E+014   0.00000000E+000   0.00000000E+000
   0.00000000E+000
     258   1.33587221E+015   4.34187592E+013   2.50620171E+014   2.90376663E+014   0.00000000E+000   0.00000000E+000   0.00000000E+000   3.38123106E+014   7.34711873E+013   3.39862329E+014   0.00000000E+000   0.00000000E+000
   0.00000000E+000
     259   1.33838166E+015   4.34893806E+013   2.51359108E+014   2.91195969E+014   0.00000000E+000   0.00000000E+000   0.00000000E+000   3.38658945E+014   7.38441895E+013   3.39834067E+014   0.00000000E+000   0.00000000E+000
   0.00000000E+000
     260   1.34142244E+015   4.35596057E+013   2.52105443E+014   2.91746015E+014   0.00000000E+000   0.00000000E+000   0.00000000E+000   3.39284145E+014   7.43316003E+013   3.40395628E+014   0.00000000E+000   0.00000000E+000
   0.00000000E+000
     261   1.34490482E+015   4.36138795E+013   2.52927453E+014   2.92395574E+014   0.00000000E+000   0.00000000E+000   0.00000000E+000   3.40253595E+014   7.45459671E+013   3.41168352E+014   0.00000000E+000   0.00000000E+000
   0.00000000E+000
     262   1.34836657E+015   4.36831480E+013   2.53642504E+014   2.93215139E+014   0.00000000E+000   0.00000000E+000   0.00000000E+000   3.41264401E+014   7.46946107E+013   3.41866763E+014   0.00000000E+000   0.00000000E+000
   0.00000000E+000
     263   1.35173883E+015   4.37508325E+013   2.54376633E+014   2.93909097E+014   0.00000000E+000   0.00000000E+000   0.00000000E+000   3.42006377E+014   7.48420912E+013   3.42853803E+014   0.00000000E+000   0.00000000E+000
   0.00000000E+000
     264   1.35463688E+015   4.38162116E+013   2.55225884E+014   2.94446534E+014   0.00000000E+000   0.00000000E+000   0.00000000E+000   3.42712711E+014   7.49877971E+013   3.43447745E+014   0.00000000E+000   0.00000000E+000
   0.00000000E+000
     265   1.35768221E+015   4.38814739E+013   2.55570369E+014   2.95013404E+014   0.00000000E+000   0.00000000E+000   0.00000000E+000   3.43730611E+014   7.52546541E+013   3.44231699E+014   0.00000000E+000   0.00000000E+000
   0.00000000E+000
     266   1.36187104E+015   4.41616428E+013   2.56525693E+014   2.95768779E+014   0.00000000E+000   0.00000000E+000   0.00000000E+000   3.44915193E+014   7.53449853E+013   3.45154743E+014   0.00000000E+000   0.00000000E+000
   0.00000000E+000
     267   1.36544896E+015   4.42233128E+013   2.57159144E+014   2.96559632E+014   0.00000000E+000   0.00000000E+000   0.00000000E+000   3.45872430E+014   7.56342490E+013   3.46000197E+014   0.00000000E+000   0.00000000E+000
   0.00000000E+000
     268   1.36921409E+015   4.44827172E+013   2.58009994E+014   2.97445615E+014   0.00000000E+000   0.00000000E+000   0.00000000E+000   3.46573593E+014   7.57933907E+013   3.46908784E+014   0.00000000E+000   0.00000000E+000
   0.00000000E+000
     269   1.37274970E+015   4.47659340E+013   2.58603860E+014   2.98144814E+014   0.00000000E+000   0.00000000E+000   0.00000000E+000   3.47312694E+014   7.61085365E+013   3.47813867E+014   0.00000000E+000   0.00000000E+000
   0.00000000E+000
     270   1.37606980E+015   4.48269169E+013   2.59292731E+014   2.99100402E+014   0.00000000E+000   0.00000000E+000   0.00000000E+000   3.47959631E+014   7.66093605E+013   3.48280757E+014   0.00000000E+000   0.00000000E+000
   0.00000000E+000
     271   1.37940374E+015   4.49233569E+013   2.60128714E+014   3.00026889E+014   0.00000000E+000   0.00000000E+000   0.00000000E+000   3.48520275E+014   7.67495519E+013   3.49054951E+014   0.00000000E+000   0.00000000E+000
   0.00000000E+000
     272   1.38319958E+015   4.51130217E+013   2.60810838E+014   3.00896324E+014   0.00000000E+000   0.00000000E+000   0.00000000E+000   3.49372659E+014   7.74477738E+013   3.49558958E+014   0.00000000E+000   0.00000000E+000
   0.00000000E+000
     273   1.38695414E+015   4.52985224E+013   2.61562140E+014   3.01616109E+014   0.00000000E+000   0.00000000E+000   0.00000000E+000   3.50306817E+014   7.77575577E+013   3.50412998E+014   0.00000000E+000   0.00000000E+000
   0.00000000E+000
     274   1.38795525E+015   4.53670527E+013   2.62107809E+014   3.01866527E+014   0.00000000E+000   0.00000000E+000   0.00000000E+000   3.50064529E+014   7.81991184E+013   3.50350219E+014   0.00000000E+000   0.00000000E+000
   0.00000000E+000
     275   1.39098983E+015   4.54343566E+013   2.62734950E+014   3.02493597E+014   0.00000000E+000   0.00000000E+000   0.00000000E+000   3.50606863E+014   7.85317144E+013   3.51188352E+014   0.00000000E+000   0.00000000E+000
   0.00000000E+000
     276   1.39492753E+015   4.55013061E+013   2.63612059E+014   3.03343420E+014   0.00000000E+000   0.00000000E+000   0.00000000E+000   3.51928691E+014   7.86342903E+013   3.51907768E+014   0.00000000E+000   0.00000000E+000
   0.00000000E+000
     277   1.39878092E+015   4.55692002E+013   2.64370796E+014   3.04218934E+014   0.00000000E+000   0.00000000E+000   0.00000000E+000   3.52971411E+014   7.87726335E+013   3.52877944E+014   0.00000000E+000   0.00000000E+000
   0.00000000E+000
     278   1.40277518E+015   4.56372672E+013   2.65262328E+014   3.05188537E+014   0.00000000E+000   0.00000000E+000   0.00000000E+000   3.54018749E+014   7.87355266E+013   3.53932772E+014   0.00000000E+000   0.00000000E+000
   0.00000000E+000
     279   1.40655040E+015   4.59117144E+013   2.66007805E+014   3.06218496E+014   0.00000000E+000   0.00000000E+000   0.00000000E+000   3.54916791E+014   7.88719722E+013   3.54623624E+014   0.00000000E+000   0.00000000E+000
   0.00000000E+000
     280   1.41028763E+015   4.59864100E+013   2.66820209E+014   3.07166376E+014   0.00000000E+000   0.00000000E+000   0.00000000E+000   3.55696645E+014   7.89389782E+013   3.55679014E+014   0.00000000E+000   0.00000000E+000
   0.00000000E+000
     281   1.41451228E+015   4.60621294E+013   2.67705637E+014   3.08204147E+014   0.00000000E+000   0.00000000E+000   0.00000000E+000   3.56648991E+014   7.89491472E+013   3.56942224E+014   0.00000000E+000   0.00000000E+000
   0.00000000E+000
     282   1.41896113E+015   4.61384406E+013   2.68798191E+014   3.09146418E+014   0.00000000E+000   0.00000000E+000   0.00000000E+000   3.57452047E+014   7.92500378E+013   3.58175993E+014   0.00000000E+000   0.00000000E+000
   0.00000000E+000
     283   1.42276443E+015   4.63860051E+013   2.69594973E+014   3.09901733E+014   0.00000000E+000   0.00000000E+000   0.00000000E+000   3.58563776E+014   7.93986733E+013   3.58919266E+014   0.00000000E+000   0.00000000E+000
   0.00000000E+000
     284   1.42642986E+015   4.62116234E+013   2.70549667E+014   3.10780017E+014   0.00000000E+000   0.00000000E+000   0.00000000E+000   3.59748930E+014   7.94918694E+013   3.59647754E+014   0.00000000E+000   0.00000000E+000
   0.00000000E+000
     285   1.43076364E+015   4.62822126E+013   2.71254696E+014   3.11838061E+014   0.00000000E+000   0.00000000E+000   0.00000000E+000   3.61006700E+014   7.96258215E+013   3.60756147E+014   0.00000000E+000   0.00000000E+000
   0.00000000E+000
     286   1.43455431E+015   4.66536493E+013   2.72144257E+014   3.12689613E+014   0.00000000E+000   0.00000000E+000   0.00000000E+000   3.61753608E+014   7.97598664E+013   3.61553314E+014   0.00000000E+000   0.00000000E+000
   0.00000000E+000
     287   1.43922948E+015   4.67195092E+013   2.73136989E+014   3.13851362E+014   0.00000000E+000   0.00000000E+000   0.00000000E+000   3.62895652E+014   8.01120531E+013   3.62513915E+014   0.00000000E+000   0.00000000E+000
   0.00000000E+000
     288   1.44267737E+015   4.67875754E+013   2.73834609E+014   3.15004138E+014   0.00000000E+000   0.00000000E+000   0.00000000E+000   3.64121360E+014   8.00872408E+013   3.62842446E+014   0.00000000E+000   0.00000000E+000
   0.00000000E+000
     289   1.44650854E+015   4.71389668E+013   2.74380893E+014   3.16005116E+014   0.00000000E+000   0.00000000E+000   0.00000000E+000   3.65190850E+014   8.01481774E+013   3.63644533E+014   0.00000000E+000   0.00000000E+000
   0.00000000E+000
     290   1.45085294E+015   4.72077585E+013   2.75382243E+014   3.17012656E+014   0.00000000E+000   0.00000000E+000   0.00000000E+000   3.65988618E+014   8.05449957E+013   3.64716668E+014   0.00000000E+000   0.00000000E+000
   0.00000000E+000
     291   1.45443882E+015   4.72756661E+013   2.76428776E+014   3.18091102E+014   0.00000000E+000   0.00000000E+000   0.00000000E+000   3.66690053E+014   8.04271342E+013   3.65526084E+014   0.00000000E+000   0.00000000E+000
   0.00000000E+000
     292   1.45869899E+015   4.73448476E+013   2.77294243E+014   3.18966362E+014   0.00000000E+000   0.00000000E+000   0.00000000E+000   3.67918571E+014   8.04337201E+013   3.66741246E+014   0.00000000E+000   0.00000000E+000
   0.00000000E+000
     293   1.46338473E+015   4.74136820E+013   2.78058155E+014   3.20241533E+014   0.00000000E+000   0.00000000E+000   0.00000000E+000   3.69262641E+014   8.05609938E+013   3.67847727E+014   0.00000000E+000   0.00000000E+000
   0.00000000E+000
     294   1.46722487E+015   4.74820390E+013   2.78679941E+014   3.21317634E+014   0.00000000E+000   0.00000000E+000   0.00000000E+000   3.70090782E+014   8.06592943E+013   3.68995177E+014   0.00000000E+000   0.00000000E+000
   0.00000000E+000
     295   1.47143398E+015   4.75492893E+013   2.79304467E+014   3.22310277E+014   0.00000000E+000   0.00000000E+000   0.00000000E+000   3.71219323E+014   8.08548765E+013   3.70195742E+014   0.00000000E+000   0.00000000E+000
   0.00000000E+000
     296   1.47592835E+015   4.76212608E+013   2.80119909E+014   3.23703783E+014   0.00000000E+000   0.00000000E+000   0.00000000E+000   3.72200457E+014   8.10276308E+013   3.71255313E+014   0.00000000E+000   0.00000000E+000
   0.00000000E+000
     297   1.47994228E+015   4.74199132E+013   2.81191057E+014   3.24719550E+014   0.00000000E+000   0.00000000E+000   0.00000000E+000   3.73416955E+014   8.11624021E+013   3.72032399E+014   0.00000000E+000   0.00000000E+000
   0.00000000E+000
     298   1.48399685E+015   4.74802877E+013   2.82332018E+014   3.25385803E+014   0.00000000E+000   0.00000000E+000   0.00000000E+000   3.74476794E+014   8.12935550E+013   3.73028389E+014   0.00000000E+000   0.00000000E+000
   0.00000000E+000
     299   1.48762611E+015   4.75439980E+013   2.83032037E+014   3.26468874E+014   0.00000000E+000   0.00000000E+000   0.00000000E+000   3.75133344E+014   8.13970169E+013   3.74050843E+014   0.00000000E+000   0.00000000E+000
   0.00000000E+000
     300   1.49102199E+015   4.75756007E+013   2.83786122E+014   3.27326392E+014   0.00000000E+000   0.00000000E+000   0.00000000E+000   3.76114797E+014   8.15294145E+013   3.74689665E+014   0.00000000E+000   0.00000000E+000
   0.00000000E+000
     301   1.49540995E+015   4.76255568E+013   2.84661423E+014   3.28424097E+014   0.00000000E+000   0.00000000E+000   0.00000000E+000   3.77126160E+014   8.18370942E+013   3.75735618E+014   0.00000000E+000   0.00000000E+000
   0.00000000E+000
     302   1.49951601E+015   4.76859413E+013   2.85129156E+014   3.29437464E+014   0.00000000E+000   0.00000000E+000   0.00000000E+000   3.78321647E+014   8.19721730E+013   3.76969633E+014   0.00000000E+000   0.00000000E+000
   0.00000000E+000
     303   1.50276109E+015   4.77643390E+013   2.85931251E+014   3.30697851E+014   0.00000000E+000   0.00000000E+000   0.00000000E+000   3.78166167E+014   8.21105950E+013   3.78090892E+014   0.00000000E+000   0.00000000E+000
   0.00000000E+000
     304   1.50617304E+015   4.78261489E+013   2.86641361E+014   3.31878068E+014   0.00000000E+000   0.00000000E+000   0.00000000E+000   3.78668699E+014   8.22506177E+013   3.78908141E+014   0.00000000E+000   0.00000000E+000
   0.00000000E+000
     305   1.51022584E+015   4.78900410E+013   2.87461996E+014   3.32944714E+014   0.00000000E+000   0.00000000E+000   0.00000000E+000   3.79620606E+014   8.23840503E+013   3.79924428E+014   0.00000000E+000   0.00000000E+000
   0.00000000E+000
     306   1.51379550E+015   4.79496960E+013   2.87801850E+014   3.33902490E+014   0.00000000E+000   0.00000000E+000   0.00000000E+000   3.80816216E+014   8.23506265E+013   3.80974622E+014   0.00000000E+000   0.00000000E+000
   0.00000000E+000
     307   1.51729960E+015   4.81396533E+013   2.88577360E+014   3.34777339E+014   0.00000000E+000   0.00000000E+000   0.00000000E+000   3.81505115E+014   8.24718762E+013   3.81828253E+014   0.00000000E+000   0.00000000E+000
   0.00000000E+000
     308   1.52089714E+015   4.82193023E+013   2.89189822E+014   3.35936734E+014   0.00000000E+000   0.00000000E+000   0.00000000E+000   3.82532649E+014   8.26030609E+013   3.82415570E+014   0.00000000E+000   0.00000000E+000
   0.00000000E+000
     309   1.52535237E+015   4.82797801E+013   2.90141658E+014   3.36848623E+014   0.00000000E+000   0.00000000E+000   0.00000000E+000   3.83745455E+014   8.27692439E+013   3.83567610E+014   0.00000000E+000   0.00000000E+000
   0.00000000E+000
     310   1.52975708E+015   4.83419077E+013   2.91064185E+014   3.38162623E+014   0.00000000E+000   0.00000000E+000   0.00000000E+000   3.84523365E+014   8.28970474E+013   3.84767948E+014   0.00000000E+000   0.00000000E+000
   0.00000000E+000
     311   1.53444062E+015   4.84883550E+013   2.91890317E+014   3.39339793E+014   0.00000000E+000   0.00000000E+000   0.00000000E+000   3.85738326E+014   8.30241559E+013   3.85959677E+014   0.00000000E+000   0.00000000E+000
   0.00000000E+000
     312   1.53884685E+015   4.85388152E+013   2.92894452E+014   3.40102049E+014   0.00000000E+000   0.00000000E+000   0.00000000E+000   3.86866862E+014   8.32014182E+013   3.87243251E+014   0.00000000E+000   0.00000000E+000
   0.00000000E+000
     313   1.54340891E+015   4.86178363E+013   2.93909975E+014   3.41328138E+014   0.00000000E+000   0.00000000E+000   0.00000000E+000   3.87842608E+014   8.33231412E+013   3.88387212E+014   0.00000000E+000   0.00000000E+000
   0.00000000E+000
     314   1.54718286E+015   4.86770680E+013   2.95000386E+014   3.42351353E+014   0.00000000E+000   0.00000000E+000   0.00000000E+000   3.88383009E+014   8.35052081E+013   3.89265836E+014   0.00000000E+000   0.00000000E+000
   0.00000000E+000
     315   1.55196448E+015   4.87328517E+013   2.95869472E+014   3.43755715E+014   0.00000000E+000   0.00000000E+000   0.00000000E+000   3.89756794E+014   8.37398926E+013   3.90109755E+014   0.00000000E+000   0.00000000E+000
   0.00000000E+000
     316   1.55520413E+015   4.88547720E+013   2.96403031E+014   3.44811468E+014   0.00000000E+000   0.00000000E+000   0.00000000E+000   3.90578728E+014   8.37215488E+013   3.90834583E+014   0.00000000E+000   0.00000000E+000
   0.00000000E+000
     317   1.55847403E+015   4.90198719E+013   2.96684081E+014   3.45628185E+014   0.00000000E+000   0.00000000E+000   0.00000000E+000   3.91501161E+014   8.39661487E+013   3.91674585E+014   0.00000000E+000   0.00000000E+000
   0.00000000E+000
     318   1.56111995E+015   4.90585898E+013   2.96872239E+014   3.46386467E+014   0.00000000E+000   0.00000000E+000   0.00000000E+000   3.92258422E+014   8.40261991E+013   3.92518033E+014   0.00000000E+000   0.00000000E+000
   0.00000000E+000
     319   1.56186423E+015   4.93560330E+013   2.96868458E+014   3.46341871E+014   0.00000000E+000   0.00000000E+000   0.00000000E+000   3.91996288E+014   8.41812551E+013   3.93120323E+014   0.00000000E+000   0.00000000E+000
   0.00000000E+000
     320   1.56173066E+015   4.94367769E+013   2.97125016E+014   3.46431691E+014   0.00000000E+000   0.00000000E+000   0.00000000E+000   3.91094310E+014   8.43145908E+013   3.93328275E+014   0.00000000E+000   0.00000000E+000
   0.00000000E+000
     321   1.56310365E+015   4.97075370E+013   2.97989132E+014   3.45951680E+014   0.00000000E+000   0.00000000E+000   0.00000000E+000   3.91795814E+014   8.43415411E+013   3.93317948E+014   0.00000000E+000   0.00000000E+000
   0.00000000E+000
     322   1.56399290E+015   4.97903028E+013   2.97921798E+014   3.46104363E+014   0.00000000E+000   0.00000000E+000   0.00000000E+000   3.92583442E+014   8.46093790E+013   3.92983613E+014   0.00000000E+000   0.00000000E+000
   0.00000000E+000
     323   1.56611534E+015   5.00771302E+013   2.98280461E+014   3.46611128E+014   0.00000000E+000   0.00000000E+000   0.00000000E+000   3.93240802E+014   8.46893345E+013   3.93216481E+014   0.00000000E+000   0.00000000E+000
   0.00000000E+000
     324   1.56858806E+015   5.03262617E+013   2.98993810E+014   3.46896072E+014   0.00000000E+000   0.00000000E+000   0.00000000E+000   3.94306055E+014   8.48587021E+013   3.93207157E+014   0.00000000E+000   0.00000000E+000
   0.00000000E+000
     325   1.56862945E+015   5.04087089E+013   2.99390721E+014   3.46652100E+014   0.00000000E+000   0.00000000E+000   0.00000000E+000   3.94198167E+014   8.49705168E+013   3.93009232E+014   0.00000000E+000   0.00000000E+000
   0.00000000E+000
     326   1.57152592E+015   5.05554666E+013   2.99898416E+014   3.47436335E+014   0.00000000E+000   0.00000000E+000   0.00000000E+000   3.94696927E+014   8.52150964E+013   3.93723680E+014   0.00000000E+000   0.00000000E+000
   0.00000000E+000
     327   1.57398285E+015   5.06516245E+013   3.00364330E+014   3.48563391E+014   0.00000000E+000   0.00000000E+000   0.00000000E+000   3.95150466E+014   8.54095401E+013   3.93843500E+014   0.00000000E+000   0.00000000E+000
   0.00000000E+000
     328   1.57765080E+015   5.07369319E+013   3.01174935E+014   3.49738277E+014   0.00000000E+000   0.00000000E+000   0.00000000E+000   3.96103007E+014   8.55245067E+013   3.94373140E+014   0.00000000E+000   0.00000000E+000
   0.00000000E+000
     329   1.58092016E+015   5.08212223E+013   3.01948364E+014   3.50564907E+014   0.00000000E+000   0.00000000E+000   0.00000000E+000   3.96665462E+014   8.56420467E+013   3.95278160E+014   0.00000000E+000   0.00000000E+000
   0.00000000E+000
     330   1.58370647E+015   5.09064780E+013   3.02946071E+014   3.50975568E+014   0.00000000E+000   0.00000000E+000   0.00000000E+000   3.96918780E+014   8.59767229E+013   3.95982854E+014   0.00000000E+000   0.00000000E+000
   0.00000000E+000
     331   1.58688997E+015   5.09979471E+013   3.03949595E+014   3.51702914E+014   0.00000000E+000   0.00000000E+000   0.00000000E+000   3.97009810E+014   8.67543492E+013   3.96475358E+014   0.00000000E+000   0.00000000E+000
   0.00000000E+000
     332   1.59125364E+015   5.10833052E+013   3.04870748E+014   3.52654710E+014   0.00000000E+000   0.00000000E+000   0.00000000E+000   3.98109470E+014   8.71737987E+013   3.97361603E+014   0.00000000E+000   0.00000000E+000
   0.00000000E+000
     333   1.59540606E+015   5.11656142E+013   3.05868515E+014   3.53772062E+014   0.00000000E+000   0.00000000E+000   0.00000000E+000   3.98791761E+014   8.72989380E+013   3.98509167E+014   0.00000000E+000   0.00000000E+000
   0.00000000E+000
     334   1.59911728E+015   5.11599728E+013   3.06831057E+014   3.54723218E+014   0.00000000E+000   0.00000000E+000   0.00000000E+000   3.99639676E+014   8.74486901E+013   3.99314664E+014   0.00000000E+000   0.00000000E+000
   0.00000000E+000
     335   1.60421157E+015   5.12043804E+013   3.07966330E+014   3.55993541E+014   0.00000000E+000   0.00000000E+000   0.00000000E+000   4.01054484E+014   8.75665706E+013   4.00426264E+014   0.00000000E+000   0.00000000E+000
   0.00000000E+000
     336   1.60871934E+015   5.13192733E+013   3.08790231E+014   3.57280532E+014   0.00000000E+000   0.00000000E+000   0.00000000E+000   4.01931251E+014   8.77216026E+013   4.01676450E+014   0.00000000E+000   0.00000000E+000
   0.00000000E+000
     337   1.61343949E+015   5.13996802E+013   3.09566065E+014   3.58697479E+014   0.00000000E+000   0.00000000E+000   0.00000000E+000   4.03263154E+014   8.77900361E+013   4.02723079E+014   0.00000000E+000   0.00000000E+000
   0.00000000E+000
     338   1.61857338E+015   5.14805465E+013   3.10802643E+014   3.60041750E+014   0.00000000E+000   0.00000000E+000   0.00000000E+000   4.04502914E+014   8.78826617E+013   4.03862861E+014   0.00000000E+000   0.00000000E+000
   0.00000000E+000
     339   1.62295597E+015   5.15612078E+013   3.11518511E+014   3.61224258E+014   0.00000000E+000   0.00000000E+000   0.00000000E+000   4.05526393E+014   8.80030021E+013   4.05122602E+014   0.00000000E+000   0.00000000E+000
   0.00000000E+000
     340   1.62639892E+015   5.16330088E+013   3.12423977E+014   3.62706011E+014   0.00000000E+000   0.00000000E+000   0.00000000E+000   4.05964499E+014   8.81577233E+013   4.05513704E+014   0.00000000E+000   0.00000000E+000
   0.00000000E+000
     341   1.63057823E+015   5.16898136E+013   3.13404329E+014   3.64141489E+014   0.00000000E+000   0.00000000E+000   0.00000000E+000   4.07036659E+014   8.82360364E+013   4.06069906E+014   0.00000000E+000   0.00000000E+000
   0.00000000E+000
     342   1.63582241E+015   5.17722104E+013   3.14483267E+014   3.65442707E+014   0.00000000E+000   0.00000000E+000   0.00000000E+000   4.08315080E+014   8.83374101E+013   4.07471740E+014   0.00000000E+000   0.00000000E+000
   0.00000000E+000
     343   1.64041240E+015   5.18561870E+013   3.15438736E+014   3.66861813E+014   0.00000000E+000   0.00000000E+000   0.00000000E+000   4.09590055E+014   8.84548210E+013   4.08210791E+014   0.00000000E+000   0.00000000E+000
   0.00000000E+000
     344   1.64621526E+015   5.19681326E+013   3.16772321E+014   3.68394876E+014   0.00000000E+000   0.00000000E+000   0.00000000E+000   4.11023797E+014   8.86360609E+013   4.09420075E+014   0.00000000E+000   0.00000000E+000
   0.00000000E+000
     345   1.65059339E+015   5.20434305E+013   3.17677894E+014   3.69222709E+014   0.00000000E+000   0.00000000E+000   0.00000000E+000   4.12206762E+014   8.89025908E+013   4.10540008E+014   0.00000000E+000   0.00000000E+000
   0.00000000E+000
     346   1.65598157E+015   5.21444569E+013   3.18892988E+014   3.70526828E+014   0.00000000E+000   0.00000000E+000   0.00000000E+000   4.13523623E+014   8.90539464E+013   4.11839727E+014   0.00000000E+000   0.00000000E+000
   0.00000000E+000
     347   1.65947521E+015   5.22243644E+013   3.19649689E+014   3.71372905E+014   0.00000000E+000   0.00000000E+000   0.00000000E+000   4.14388131E+014   8.92409612E+013   4.12599156E+014   0.00000000E+000   0.00000000E+000
   0.00000000E+000
     348   1.66413996E+015   5.22961351E+013   3.20891888E+014   3.72451542E+014   0.00000000E+000   0.00000000E+000   0.00000000E+000   4.15315997E+014   8.92776484E+013   4.13906749E+014   0.00000000E+000   0.00000000E+000
   0.00000000E+000
     349   1.66800960E+015   5.22485265E+013   3.21923459E+014   3.73426306E+014   0.00000000E+000   0.00000000E+000   0.00000000E+000   4.16061585E+014   8.94674573E+013   4.14882268E+014   0.00000000E+000   0.00000000E+000
   0.00000000E+000
     350   1.67156536E+015   5.23215342E+013   3.23027189E+014   3.74286286E+014   0.00000000E+000   0.00000000E+000   0.00000000E+000   4.17101625E+014   8.96267904E+013   4.15201939E+014   0.00000000E+000   0.00000000E+000
   0.00000000E+000
     351   1.67582970E+015   5.25176799E+013   3.23577245E+014   3.75334745E+014   0.00000000E+000   0.00000000E+000   0.00000000E+000   4.18322189E+014   8.97835491E+013   4.16294291E+014   0.00000000E+000   0.00000000E+000
   0.00000000E+000
     352   1.67995934E+015   5.25902605E+013   3.24267183E+014   3.76675190E+014   0.00000000E+000   0.00000000E+000   0.00000000E+000   4.19370936E+014   8.99048481E+013   4.17150918E+014   0.00000000E+000   0.00000000E+000
   0.00000000E+000
     353   1.68475998E+015   5.26584088E+013   3.25434354E+014   3.77916306E+014   0.00000000E+000   0.00000000E+000   0.00000000E+000   4.20696310E+014   9.02834239E+013   4.17771175E+014   0.00000000E+000   0.00000000E+000
   0.00000000E+000
     354   1.68854584E+015   5.30455177E+013   3.26194583E+014   3.78450835E+014   0.00000000E+000   0.00000000E+000   0.00000000E+000   4.22074270E+014   9.04325678E+013   4.18348062E+014   0.00000000E+000   0.00000000E+000
   0.00000000E+000
     355   1.69217191E+015   5.30004564E+013   3.27210515E+014   3.79322180E+014   0.00000000E+000   0.00000000E+000   0.00000000E+000   4.22937751E+014   9.06012906E+013   4.19099714E+014   0.00000000E+000   0.00000000E+000
   0.00000000E+000
     356   1.69682499E+015   5.32058317E+013   3.28125535E+014   3.80549949E+014   0.00000000E+000   0.00000000E+000   0.00000000E+000   4.24025439E+014   9.09729327E+013   4.19945306E+014   0.00000000E+000   0.00000000E+000
   0.00000000E+000
     357   1.70084545E+015   5.34839720E+013   3.28774992E+014   3.81446659E+014   0.00000000E+000   0.00000000E+000   0.00000000E+000   4.24832000E+014   9.11249328E+013   4.21182892E+014   0.00000000E+000   0.00000000E+000
   0.00000000E+000
     358   1.70430490E+015   5.36872990E+013   3.29221664E+014   3.82402074E+014   0.00000000E+000   0.00000000E+000   0.00000000E+000   4.25353469E+014   9.15170552E+013   4.22123343E+014   0.00000000E+000   0.00000000E+000
   0.00000000E+000
     359   1.70791773E+015   5.37560733E+013   3.30362751E+014   3.83026816E+014   0.00000000E+000   0.00000000E+000   0.00000000E+000   4.26158242E+014   9.17311820E+013   4.22882663E+014   0.00000000E+000   0.00000000E+000
   0.00000000E+000
     360   1.71288400E+015   5.38863517E+013   3.31289011E+014   3.84379259E+014   0.00000000E+000   0.00000000E+000   0.00000000E+000   4.27449539E+014   9.19151847E+013   4.23964655E+014   0.00000000E+000   0.00000000E+000
   0.00000000E+000
     361   1.71751567E+015   5.39772804E+013   3.32409762E+014   3.85252324E+014   0.00000000E+000   0.00000000E+000   0.00000000E+000   4.28777723E+014   9.20373859E+013   4.25061194E+014   0.00000000E+000   0.00000000E+000
   0.00000000E+000
     362   1.72098542E+015   5.40491189E+013   3.33397931E+014   3.86022010E+014   0.00000000E+000   0.00000000E+000   0.00000000E+000   4.29459885E+014   9.23572132E+013   4.25699263E+014   0.00000000E+000   0.00000000E+000
   0.00000000E+000
     363   1.72590089E+015   5.41460670E+013   3.34415896E+014   3.87234202E+014   0.00000000E+000   0.00000000E+000   0.00000000E+000   4.30764709E+014   9.25298291E+013   4.26810191E+014   0.00000000E+000   0.00000000E+000
   0.00000000E+000
     364   1.73023847E+015   5.42153412E+013   3.35314008E+014   3.88107815E+014   0.00000000E+000   0.00000000E+000   0.00000000E+000   4.31973077E+014   9.27002704E+013   4.27927957E+014   0.00000000E+000   0.00000000E+000
   0.00000000E+000
     365   1.73473068E+015   5.45402031E+013   3.35995324E+014   3.89278934E+014   0.00000000E+000   0.00000000E+000   0.00000000E+000   4.33089884E+014   9.28380428E+013   4.28988290E+014   0.00000000E+000   0.00000000E+000
   0.00000000E+000
     366   1.73898371E+015   5.46366494E+013   3.36734142E+014   3.90498203E+014   0.00000000E+000   0.00000000E+000   0.00000000E+000   4.34076784E+014   9.30864356E+013   4.29951501E+014   0.00000000E+000   0.00000000E+000
   0.00000000E+000
     367   1.74293953E+015   5.47678002E+013   3.37566324E+014   3.91310086E+014   0.00000000E+000   0.00000000E+000   0.00000000E+000   4.35220368E+014   9.30347807E+013   4.31040171E+014   0.00000000E+000   0.00000000E+000
   0.00000000E+000
     368   1.74768442E+015   5.48407797E+013   3.38454485E+014   3.92733230E+014   0.00000000E+000   0.00000000E+000   0.00000000E+000   4.36278021E+014   9.31599660E+013   4.32217934E+014   0.00000000E+000   0.00000000E+000
   0.00000000E+000
     369   1.75233731E+015   5.49627769E+013   3.39500373E+014   3.94023818E+014   0.00000000E+000   0.00000000E+000   0.00000000E+000   4.37409413E+014   9.33360958E+013   4.33104837E+014   0.00000000E+000   0.00000000E+000
   0.00000000E+000
     370   1.75708228E+015   5.50426495E+013   3.40526234E+014   3.95267064E+014   0.00000000E+000   0.00000000E+000   0.00000000E+000   4.38692503E+014   9.34703910E+013   4.34083434E+014   0.00000000E+000   0.00000000E+000
   0.00000000E+000
     371   1.76201661E+015   5.51296500E+013   3.41604011E+014   3.96657439E+014   0.00000000E+000   0.00000000E+000   0.00000000E+000   4.40004595E+014   9.36011943E+013   4.35019726E+014   0.00000000E+000   0.00000000E+000
   0.00000000E+000
     372   1.76698292E+015   5.54707958E+013   3.42528451E+014   3.97712754E+014   0.00000000E+000   0.00000000E+000   0.00000000E+000   4.41253736E+014   9.38370756E+013   4.36180105E+014   0.00000000E+000   0.00000000E+000
   0.00000000E+000
     373   1.77199472E+015   5.55496114E+013   3.43545391E+014   3.99102772E+014   0.00000000E+000   0.00000000E+000   0.00000000E+000   4.42378764E+014   9.40444682E+013   4.37373712E+014   0.00000000E+000   0.00000000E+000
   0.00000000E+000
     374   1.77641508E+015   5.56610966E+013   3.44685532E+014   4.00224640E+014   0.00000000E+000   0.00000000E+000   0.00000000E+000   4.43167614E+014   9.43186155E+013   4.38357583E+014   0.00000000E+000   0.00000000E+000
   0.00000000E+000
     375   1.78119750E+015   5.57602958E+013   3.45855444E+014   4.01530900E+014   0.00000000E+000   0.00000000E+000   0.00000000E+000   4.44173960E+014   9.46751624E+013   4.39201733E+014   0.00000000E+000   0.00000000E+000
   0.00000000E+000
     376   1.78533364E+015   5.65175052E+013   3.46278569E+014   4.02186924E+014   0.00000000E+000   0.00000000E+000   0.00000000E+000   4.45178392E+014   9.50539394E+013   4.40118307E+014   0.00000000E+000   0.00000000E+000
   0.00000000E+000
     377   1.78820707E+015   5.66054271E+013   3.46650110E+014   4.03365170E+014   0.00000000E+000   0.00000000E+000   0.00000000E+000   4.45645184E+014   9.55564092E+013   4.40384768E+014   0.00000000E+000   0.00000000E+000
   0.00000000E+000
     378   1.79084429E+015   5.71963985E+013   3.46785014E+014   4.03810989E+014   0.00000000E+000   0.00000000E+000   0.00000000E+000   4.45931140E+014   9.60326532E+013   4.41088093E+014   0.00000000E+000   0.00000000E+000
   0.00000000E+000
     379   1.79459965E+015   5.75527087E+013   3.47854654E+014   4.04594395E+014   0.00000000E+000   0.00000000E+000   0.00000000E+000   4.46485745E+014   9.65956833E+013   4.41516464E+014   0.00000000E+000   0.00000000E+000
   0.00000000E+000
     380   1.79722381E+015   5.75349134E+013   3.48305079E+014   4.05682068E+014   0.00000000E+000   0.00000000E+000   0.00000000E+000   4.46810847E+014   9.73405632E+013   4.41550338E+014   0.00000000E+000   0.00000000E+000
   0.00000000E+000
     381   1.79883279E+015   5.85925355E+013   3.48213704E+014   4.06333936E+014   0.00000000E+000   0.00000000E+000   0.00000000E+000   4.46608637E+014   9.79969587E+013   4.41087021E+014   0.00000000E+000   0.00000000E+000
   0.00000000E+000
     382   1.80040065E+015   5.93989491E+013   3.48308717E+014   4.06425038E+014   0.00000000E+000   0.00000000E+000   0.00000000E+000   4.46371597E+014   9.89994983E+013   4.40896848E+014   0.00000000E+000   0.00000000E+000
   0.00000000E+000
     383   1.80567234E+015   5.97037578E+013   3.49195305E+014   4.07516763E+014   0.00000000E+000   0.00000000E+000   0.00000000E+000   4.47305398E+014   1.00167058E+014   4.41784061E+014   0.00000000E+000   0.00000000E+000
   0.00000000E+000
     384   1.80805483E+015   6.00601732E+013   3.49603731E+014   4.08016418E+014   0.00000000E+000   0.00000000E+000   0.00000000E+000   4.47616588E+014   1.01131061E+014   4.41626858E+014   0.00000000E+000   0.00000000E+000
   0.00000000E+000
     385   1.80881778E+015   6.05290922E+013   3.49783171E+014   4.08556190E+014   0.00000000E+000   0.00000000E+000   0.00000000E+000   4.46592587E+014   1.02629628E+014   4.40727109E+014   0.00000000E+000   0.00000000E+000
   0.00000000E+000
     386   1.81084464E+015   6.13762485E+013   3.50039043E+014   4.07976107E+014   0.00000000E+000   0.00000000E+000   0.00000000E+000   4.46728635E+014   1.04073359E+014   4.40651250E+014   0.00000000E+000   0.00000000E+000
   0.00000000E+000
     387   1.81185354E+015   6.16963412E+013   3.50766247E+014   4.07692375E+014   0.00000000E+000   0.00000000E+000   0.00000000E+000   4.45834718E+014   1.06055078E+014   4.39808777E+014   0.00000000E+000   0.00000000E+000
   0.00000000E+000
     388   1.81256587E+015   6.30022295E+013   3.50519483E+014   4.07726893E+014   0.00000000E+000   0.00000000E+000   0.00000000E+000   4.44824211E+014   1.06818233E+014   4.39674825E+014   0.00000000E+000   0.00000000E+000
   0.00000000E+000
     389   1.81526766E+015   6.33189413E+013   3.50560705E+014   4.08541140E+014   0.00000000E+000   0.00000000E+000   0.00000000E+000   4.44895231E+014   1.07834914E+014   4.40116725E+014   0.00000000E+000   0.00000000E+000
   0.00000000E+000
     390   1.81732416E+015   6.40050874E+013   3.50896744E+014   4.09014566E+014   0.00000000E+000   0.00000000E+000   0.00000000E+000   4.44679007E+014   1.08722513E+014   4.40006247E+014   0.00000000E+000   0.00000000E+000
   0.00000000E+000
     391   1.81905582E+015   6.45824685E+013   3.51249185E+014   4.09393698E+014   0.00000000E+000   0.00000000E+000   0.00000000E+000   4.43665732E+014   1.10600924E+014   4.39563808E+014   0.00000000E+000   0.00000000E+000
   0.00000000E+000
     392   1.82159688E+015   6.54734335E+013   3.51205161E+014   4.09407150E+014   0.00000000E+000   0.00000000E+000   0.00000000E+000   4.43628478E+014   1.12105306E+014   4.39777351E+014   0.00000000E+000   0.00000000E+000
   0.00000000E+000
     393   1.82235516E+015   6.58733579E+013   3.51056847E+014   4.09291400E+014   0.00000000E+000   0.00000000E+000   0.00000000E+000   4.43096208E+014   1.13239268E+014   4.39798082E+014   0.00000000E+000   0.00000000E+000
   0.00000000E+000
     394   1.82211194E+015   6.72984166E+013   3.50405625E+014   4.08661517E+014   0.00000000E+000   0.00000000E+000   0.00000000E+000   4.42214502E+014   1.14786972E+014   4.38744902E+014   0.00000000E+000   0.00000000E+000
   0.00000000E+000
     395   1.82219799E+015   6.77690235E+013   3.50383411E+014   4.08517549E+014   0.00000000E+000   0.00000000E+000   0.00000000E+000   4.41164298E+014   1.16493209E+014   4.37870497E+014   0.00000000E+000   0.00000000E+000
   0.00000000E+000
     396   1.82526659E+015   6.86388916E+013   3.50657917E+014   4.09422406E+014   0.00000000E+000   0.00000000E+000   0.00000000E+000   4.40623166E+014   1.17743192E+014   4.38181020E+014   0.00000000E+000   0.00000000E+000
   0.00000000E+000
     397   1.82772794E+015   6.94359722E+013   3.50823014E+014   4.09930078E+014   0.00000000E+000   0.00000000E+000   0.00000000E+000   4.40804374E+014   1.18428933E+014   4.38305567E+014   0.00000000E+000   0.00000000E+000
   0.00000000E+000
     398   1.82778679E+015   7.00313350E+013   3.49575586E+014   4.10123763E+014   0.00000000E+000   0.00000000E+000   0.00000000E+000   4.40675195E+014   1.19648450E+014   4.37732459E+014   0.00000000E+000   0.00000000E+000
   0.00000000E+000
     399   1.82902952E+015   7.06694262E+013   3.49356317E+014   4.10057692E+014   0.00000000E+000   0.00000000E+000   0.00000000E+000   4.40506097E+014   1.20709474E+014   4.37730517E+014   0.00000000E+000   0.00000000E+000
   0.00000000E+000
     400   1.82727001E+015   7.12864711E+013   3.48727090E+014   4.10033884E+014   0.00000000E+000   0.00000000E+000   0.00000000E+000   4.39634456E+014   1.22192763E+014   4.35395344E+014   0.00000000E+000   0.00000000E+000
   0.00000000E+000
     401   1.83082161E+015   7.17752071E+013   3.49422156E+014   4.11246531E+014   0.00000000E+000   0.00000000E+000   0.00000000E+000   4.39114139E+014   1.24233615E+014   4.35029958E+014   0.00000000E+000   0.00000000E+000
   0.00000000E+000
     402   1.83009784E+015   7.24309919E+013   3.49170203E+014   4.10987099E+014   0.00000000E+000   0.00000000E+000   0.00000000E+000   4.38095859E+014   1.24809161E+014   4.34604529E+014   0.00000000E+000   0.00000000E+000
   0.00000000E+000
     403   1.83010007E+015   7.29066822E+013   3.49005030E+014   4.10126510E+014   0.00000000E+000   0.00000000E+000   0.00000000E+000   4.37451096E+014   1.26287418E+014   4.34323336E+014   0.00000000E+000   0.00000000E+000
   0.00000000E+000
     404   1.83074228E+015   7.36930459E+013   3.48829845E+014   4.09160544E+014   0.00000000E+000   0.00000000E+000   0.00000000E+000   4.37305153E+014   1.27601594E+014   4.34152102E+014   0.00000000E+000   0.00000000E+000
   0.00000000E+000
     405   1.83163490E+015   7.41042092E+013   3.49040495E+014   4.08742374E+014   0.00000000E+000   0.00000000E+000   0.00000000E+000   4.37065709E+014   1.28356846E+014   4.34325264E+014   0.00000000E+000   0.00000000E+000
   0.00000000E+000
     406   1.83434106E+015   7.48969106E+013   3.48651942E+014   4.09271218E+014   0.00000000E+000   0.00000000E+000   0.00000000E+000   4.37834577E+014   1.28963944E+014   4.34722468E+014   0.00000000E+000   0.00000000E+000
   0.00000000E+000
     407   1.83582218E+015   7.57930431E+013   3.48112522E+014   4.09539498E+014   0.00000000E+000   0.00000000E+000   0.00000000E+000   4.38004112E+014   1.29598452E+014   4.34774553E+014   0.00000000E+000   0.00000000E+000
   0.00000000E+000
     408   1.83739448E+015   7.60164776E+013   3.48465840E+014   4.09549212E+014   0.00000000E+000   0.00000000E+000   0.00000000E+000   4.37409122E+014   1.31195594E+014   4.34758234E+014   0.00000000E+000   0.00000000E+000
   0.00000000E+000
     409   1.83793527E+015   7.68023645E+013   3.47674335E+014   4.09444263E+014   0.00000000E+000   0.00000000E+000   0.00000000E+000   4.37288024E+014   1.32189659E+014   4.34536627E+014   0.00000000E+000   0.00000000E+000
   0.00000000E+000
     410   1.84030603E+015   7.71890417E+013   3.47996897E+014   4.10096130E+014   0.00000000E+000   0.00000000E+000   0.00000000E+000   4.37346183E+014   1.33421204E+014   4.34256574E+014   0.00000000E+000   0.00000000E+000
   0.00000000E+000
     411   1.84252681E+015   7.66752351E+013   3.47799941E+014   4.11392514E+014   0.00000000E+000   0.00000000E+000   0.00000000E+000   4.37749284E+014   1.34207890E+014   4.34701943E+014   0.00000000E+000   0.00000000E+000
   0.00000000E+000
     412   1.84420005E+015   7.73834926E+013   3.47717195E+014   4.11938812E+014   0.00000000E+000   0.00000000E+000   0.00000000E+000   4.37463935E+014   1.34859455E+014   4.34837162E+014   0.00000000E+000   0.00000000E+000
   0.00000000E+000
     413   1.84584870E+015   7.74681285E+013   3.48075098E+014   4.12045584E+014   0.00000000E+000   0.00000000E+000   0.00000000E+000   4.37429347E+014   1.36043998E+014   4.34786548E+014   0.00000000E+000   0.00000000E+000
   0.00000000E+000
     414   1.84811212E+015   7.82308766E+013   3.47979731E+014   4.12163128E+014   0.00000000E+000   0.00000000E+000   0.00000000E+000   4.37713509E+014   1.36632406E+014   4.35392471E+014   0.00000000E+000   0.00000000E+000
   0.00000000E+000
     415   1.85080156E+015   7.89744754E+013   3.48586536E+014   4.12614970E+014   0.00000000E+000   0.00000000E+000   0.00000000E+000   4.37597545E+014   1.37432095E+014   4.35595939E+014   0.00000000E+000   0.00000000E+000
   0.00000000E+000
     416   1.85151375E+015   7.95895492E+013   3.48506320E+014   4.12725323E+014   0.00000000E+000   0.00000000E+000   0.00000000E+000   4.36959095E+014   1.38275784E+014   4.35457679E+014   0.00000000E+000   0.00000000E+000
   0.00000000E+000
     417   1.85321908E+015   8.00485629E+013   3.48538629E+014   4.12486434E+014   0.00000000E+000   0.00000000E+000   0.00000000E+000   4.37034867E+014   1.39267986E+014   4.35842604E+014   0.00000000E+000   0.00000000E+000
   0.00000000E+000
     418   1.85448124E+015   8.03922220E+013   3.48349715E+014   4.12824284E+014   0.00000000E+000   0.00000000E+000   0.00000000E+000   4.37146073E+014   1.39533462E+014   4.36235487E+014   0.00000000E+000   0.00000000E+000
   0.00000000E+000
     419   1.85725120E+015   8.06481944E+013   3.48704078E+014   4.13643097E+014   0.00000000E+000   0.00000000E+000   0.00000000E+000   4.37800378E+014   1.39902506E+014   4.36552945E+014   0.00000000E+000   0.00000000E+000
   0.00000000E+000
     420   1.85845393E+015   8.16131118E+013   3.48037078E+014   4.12893787E+014   0.00000000E+000   0.00000000E+000   0.00000000E+000   4.38231330E+014   1.40682532E+014   4.36996088E+014   0.00000000E+000   0.00000000E+000
   0.00000000E+000
     421   1.86159252E+015   8.32791167E+013   3.48005093E+014   4.12872581E+014   0.00000000E+000   0.00000000E+000   0.00000000E+000   4.38773984E+014   1.41223728E+014   4.37438020E+014   0.00000000E+000   0.00000000E+000
   0.00000000E+000
     422   1.86295296E+015   8.38348009E+013   3.48305750E+014   4.13168822E+014   0.00000000E+000   0.00000000E+000   0.00000000E+000   4.37993249E+014   1.42394080E+014   4.37256253E+014   0.00000000E+000   0.00000000E+000
   0.00000000E+000
     423   1.86512076E+015   8.42738474E+013   3.48537329E+014   4.13916260E+014   0.00000000E+000   0.00000000E+000   0.00000000E+000   4.38157712E+014   1.43048715E+014   4.37186898E+014   0.00000000E+000   0.00000000E+000
   0.00000000E+000
     424   1.86720573E+015   8.47728506E+013   3.48909428E+014   4.13925524E+014   0.00000000E+000   0.00000000E+000   0.00000000E+000   4.38322047E+014   1.43789274E+014   4.37486611E+014   0.00000000E+000   0.00000000E+000
   0.00000000E+000
     425   1.86949190E+015   8.49861425E+013   3.49406464E+014   4.14526090E+014   0.00000000E+000   0.00000000E+000   0.00000000E+000   4.38062093E+014   1.44788086E+014   4.37723028E+014   0.00000000E+000   0.00000000E+000
   0.00000000E+000
     426   1.87147416E+015   8.53902032E+013   3.49574843E+014   4.15340529E+014   0.00000000E+000   0.00000000E+000   0.00000000E+000   4.38103946E+014   1.45446482E+014   4.37618162E+014   0.00000000E+000   0.00000000E+000
   0.00000000E+000
     427   1.87399648E+015   8.60562446E+013   3.49869082E+014   4.15763092E+014   0.00000000E+000   0.00000000E+000   0.00000000E+000   4.38430778E+014   1.46329701E+014   4.37547579E+014   0.00000000E+000   0.00000000E+000
   0.00000000E+000
     428   1.87651758E+015   8.65244360E+013   3.50343885E+014   4.16155858E+014   0.00000000E+000   0.00000000E+000   0.00000000E+000   4.38556518E+014   1.47491607E+014   4.37445272E+014   0.00000000E+000   0.00000000E+000
   0.00000000E+000
     429   1.87805201E+015   8.67506259E+013   3.50732620E+014   4.15957191E+014   0.00000000E+000   0.00000000E+000   0.00000000E+000   4.38661779E+014   1.48152308E+014   4.37797490E+014   0.00000000E+000   0.00000000E+000
   0.00000000E+000
     430   1.87954424E+015   8.71412832E+013   3.50667076E+014   4.15814264E+014   0.00000000E+000   0.00000000E+000   0.00000000E+000   4.38901083E+014   1.48824531E+014   4.38196007E+014   0.00000000E+000   0.00000000E+000
   0.00000000E+000
     431   1.88081777E+015   8.76983836E+013   3.50598480E+014   4.15707485E+014   0.00000000E+000   0.00000000E+000   0.00000000E+000   4.39193182E+014   1.49413477E+014   4.38206761E+014   0.00000000E+000   0.00000000E+000
   0.00000000E+000
     432   1.88339497E+015   8.89042990E+013   3.50117190E+014   4.16202745E+014   0.00000000E+000   0.00000000E+000   0.00000000E+000   4.39134880E+014   1.50870465E+014   4.38165387E+014   0.00000000E+000   0.00000000E+000
   0.00000000E+000
     433   1.88607307E+015   8.94804187E+013   3.50400516E+014   4.16713749E+014   0.00000000E+000   0.00000000E+000   0.00000000E+000   4.39548965E+014   1.51414408E+014   4.38515011E+014   0.00000000E+000   0.00000000E+000
   0.00000000E+000
     434   1.88853884E+015   8.96689200E+013   3.51028240E+014   4.16898168E+014   0.00000000E+000   0.00000000E+000   0.00000000E+000   4.39993535E+014   1.51794348E+014   4.39155632E+014   0.00000000E+000   0.00000000E+000
   0.00000000E+000
     435   1.88996423E+015   9.01350239E+013   3.50590127E+014   4.16634847E+014   0.00000000E+000   0.00000000E+000   0.00000000E+000   4.40551780E+014   1.52553042E+014   4.39499409E+014   0.00000000E+000   0.00000000E+000
   0.00000000E+000
     436   1.89294800E+015   9.10949073E+013   3.51214643E+014   4.17016188E+014   0.00000000E+000   0.00000000E+000   0.00000000E+000   4.40420097E+014   1.53377558E+014   4.39824607E+014   0.00000000E+000   0.00000000E+000
   0.00000000E+000
     437   1.89505652E+015   9.18001264E+013   3.51213065E+014   4.16946465E+014   0.00000000E+000   0.00000000E+000   0.00000000E+000   4.41030669E+014   1.53954642E+014   4.40111549E+014   0.00000000E+000   0.00000000E+000
   0.00000000E+000
     438   1.89751195E+015   9.20727559E+013   3.51402727E+014   4.17397274E+014   0.00000000E+000   0.00000000E+000   0.00000000E+000   4.41541187E+014   1.54700715E+014   4.40397291E+014   0.00000000E+000   0.00000000E+000
   0.00000000E+000
     439   1.89959002E+015   9.23945754E+013   3.52039349E+014   4.17872991E+014   0.00000000E+000   0.00000000E+000   0.00000000E+000   4.41576047E+014   1.55224144E+014   4.40482918E+014   0.00000000E+000   0.00000000E+000
   0.00000000E+000
     440   1.90289212E+015   9.24620207E+013   3.52656711E+014   4.18711811E+014   0.00000000E+000   0.00000000E+000   0.00000000E+000   4.42447772E+014   1.56260991E+014   4.40352818E+014   0.00000000E+000   0.00000000E+000
   0.00000000E+000
     441   1.90604064E+015   9.33442573E+013   3.52982886E+014   4.19014897E+014   0.00000000E+000   0.00000000E+000   0.00000000E+000   4.42831316E+014   1.56878652E+014   4.40988636E+014   0.00000000E+000   0.00000000E+000
   0.00000000E+000
     442   1.90896252E+015   9.36922377E+013   3.53412011E+014   4.19683784E+014   0.00000000E+000   0.00000000E+000   0.00000000E+000   4.43143024E+014   1.57224116E+014   4.41807350E+014   0.00000000E+000   0.00000000E+000
   0.00000000E+000
     443   1.91208386E+015   9.41452553E+013   3.53922261E+014   4.20312366E+014   0.00000000E+000   0.00000000E+000   0.00000000E+000   4.43661803E+014   1.57598442E+014   4.42443732E+014   0.00000000E+000   0.00000000E+000
   0.00000000E+000
     444   1.91347652E+015   9.50470259E+013   3.53879837E+014   4.20216040E+014   0.00000000E+000   0.00000000E+000   0.00000000E+000   4.43688661E+014   1.58344838E+014   4.42300118E+014   0.00000000E+000   0.00000000E+000
   0.00000000E+000
     445   1.91613827E+015   9.53371305E+013   3.54471187E+014   4.21097533E+014   0.00000000E+000   0.00000000E+000   0.00000000E+000   4.43426898E+014   1.60111224E+014   4.41694299E+014   0.00000000E+000   0.00000000E+000
   0.00000000E+000
     446   1.91742012E+015   9.58814371E+013   3.54459937E+014   4.21095410E+014   0.00000000E+000   0.00000000E+000   0.00000000E+000   4.42870546E+014   1.61651956E+014   4.41460837E+014   0.00000000E+000   0.00000000E+000
   0.00000000E+000
     447   1.92001551E+015   9.65699393E+013   3.54789989E+014   4.21616472E+014   0.00000000E+000   0.00000000E+000   0.00000000E+000   4.43042320E+014   1.62498480E+014   4.41498311E+014   0.00000000E+000   0.00000000E+000
   0.00000000E+000
     448   1.92251601E+015   9.68542443E+013   3.55431598E+014   4.21895345E+014   0.00000000E+000   0.00000000E+000   0.00000000E+000   4.43267558E+014   1.63357412E+014   4.41709858E+014   0.00000000E+000   0.00000000E+000
   0.00000000E+000
     449   1.92568338E+015   9.70930046E+013   3.56274146E+014   4.22244503E+014   0.00000000E+000   0.00000000E+000   0.00000000E+000   4.43678930E+014   1.64018181E+014   4.42374616E+014   0.00000000E+000   0.00000000E+000
   0.00000000E+000
     450   1.92818362E+015   9.77983125E+013   3.56683456E+014   4.22620891E+014   0.00000000E+000   0.00000000E+000   0.00000000E+000   4.43951154E+014   1.64116318E+014   4.43013492E+014   0.00000000E+000   0.00000000E+000
   0.00000000E+000
     451   1.93075163E+015   9.82071475E+013   3.56916665E+014   4.23081965E+014   0.00000000E+000   0.00000000E+000   0.00000000E+000   4.44500404E+014   1.65157866E+014   4.42887580E+014   0.00000000E+000   0.00000000E+000
   0.00000000E+000
     452   1.93389519E+015   9.87138309E+013   3.57604340E+014   4.23772778E+014   0.00000000E+000   0.00000000E+000   0.00000000E+000   4.44517543E+014   1.65746481E+014   4.43540221E+014   0.00000000E+000   0.00000000E+000
   0.00000000E+000
     453   1.93655245E+015   9.91356429E+013   3.58070040E+014   4.24428561E+014   0.00000000E+000   0.00000000E+000   0.00000000E+000   4.45080351E+014   1.65888462E+014   4.43949395E+014   0.00000000E+000   0.00000000E+000
   0.00000000E+000
     454   1.93959698E+015   9.96534018E+013   3.58081330E+014   4.24950490E+014   0.00000000E+000   0.00000000E+000   0.00000000E+000   4.45884536E+014   1.66197635E+014   4.44829582E+014   0.00000000E+000   0.00000000E+000
   0.00000000E+000
     455   1.94288455E+015   9.98912563E+013   3.58793006E+014   4.25581824E+014   0.00000000E+000   0.00000000E+000   0.00000000E+000   4.46575961E+014   1.66630296E+014   4.45412204E+014   0.00000000E+000   0.00000000E+000
   0.00000000E+000
     456   1.94592107E+015   1.00775506E+014   3.58980783E+014   4.25810305E+014   0.00000000E+000   0.00000000E+000   0.00000000E+000   4.47138083E+014   1.67332439E+014   4.45883950E+014   0.00000000E+000   0.00000000E+000
   0.00000000E+000
     457   1.94961541E+015   1.01178283E+014   3.59435122E+014   4.26753705E+014   0.00000000E+000   0.00000000E+000   0.00000000E+000   4.47736020E+014   1.67796739E+014   4.46715538E+014   0.00000000E+000   0.00000000E+000
   0.00000000E+000
     458   1.95274758E+015   1.01475438E+014   3.60065291E+014   4.27635284E+014   0.00000000E+000   0.00000000E+000   0.00000000E+000   4.47667976E+014   1.69014153E+014   4.46889438E+014   0.00000000E+000   0.00000000E+000
   0.00000000E+000
     459   1.95588458E+015   1.02336929E+014   3.60419332E+014   4.27710145E+014   0.00000000E+000   0.00000000E+000   0.00000000E+000   4.48144247E+014   1.69673953E+014   4.47599975E+014   0.00000000E+000   0.00000000E+000
   0.00000000E+000
     460   1.95871545E+015   1.02810113E+014   3.60884253E+014   4.28382321E+014   0.00000000E+000   0.00000000E+000   0.00000000E+000   4.48475825E+014   1.70151903E+014   4.48011032E+014   0.00000000E+000   0.00000000E+000
   0.00000000E+000
     461   1.96186833E+015   1.02891352E+014   3.61577406E+014   4.29126357E+014   0.00000000E+000   0.00000000E+000   0.00000000E+000   4.48993763E+014   1.70494268E+014   4.48785183E+014   0.00000000E+000   0.00000000E+000
   0.00000000E+000
     462   1.96499083E+015   1.03504686E+014   3.61957208E+014   4.29616784E+014   0.00000000E+000   0.00000000E+000   0.00000000E+000   4.49746833E+014   1.70737584E+014   4.49427737E+014   0.00000000E+000   0.00000000E+000
   0.00000000E+000
     463   1.96888349E+015   1.03753497E+014   3.62667754E+014   4.30552977E+014   0.00000000E+000   0.00000000E+000   0.00000000E+000   4.50603215E+014   1.71191267E+014   4.50114780E+014   0.00000000E+000   0.00000000E+000
   0.00000000E+000
     464   1.97132260E+015   1.04101766E+014   3.63250733E+014   4.30920170E+014   0.00000000E+000   0.00000000E+000   0.00000000E+000   4.51075680E+014   1.71714276E+014   4.50259975E+014   0.00000000E+000   0.00000000E+000
   0.00000000E+000
     465   1.97506406E+015   1.04319660E+014   3.64267019E+014   4.32015584E+014   0.00000000E+000   0.00000000E+000   0.00000000E+000   4.51398659E+014   1.72488658E+014   4.50574484E+014   0.00000000E+000   0.00000000E+000
   0.00000000E+000
     466   1.97702626E+015   1.04838191E+014   3.64394788E+014   4.32261619E+014   0.00000000E+000   0.00000000E+000   0.00000000E+000   4.51400790E+014   1.73283113E+014   4.50847762E+014   0.00000000E+000   0.00000000E+000
   0.00000000E+000
     467   1.98027916E+015   1.05364808E+014   3.64874015E+014   4.32976702E+014   0.00000000E+000   0.00000000E+000   0.00000000E+000   4.51827499E+014   1.74181391E+014   4.51054741E+014   0.00000000E+000   0.00000000E+000
   0.00000000E+000
     468   1.98387809E+015   1.05680011E+014   3.65483893E+014   4.33819315E+014   0.00000000E+000   0.00000000E+000   0.00000000E+000   4.52111337E+014   1.75209662E+014   4.51573872E+014   0.00000000E+000   0.00000000E+000
   0.00000000E+000
     469   1.98714392E+015   1.05939422E+014   3.66157435E+014   4.34480458E+014   0.00000000E+000   0.00000000E+000   0.00000000E+000   4.52684448E+014   1.75465376E+014   4.52416783E+014   0.00000000E+000   0.00000000E+000
   0.00000000E+000
     470   1.98888090E+015   1.06447964E+014   3.66188964E+014   4.34421369E+014   0.00000000E+000   0.00000000E+000   0.00000000E+000   4.53008876E+014   1.75842142E+014   4.52971588E+014   0.00000000E+000   0.00000000E+000
   0.00000000E+000
     471   1.99203432E+015   1.06678329E+014   3.66961713E+014   4.35237331E+014   0.00000000E+000   0.00000000E+000   0.00000000E+000   4.53321818E+014   1.76587130E+014   4.53247998E+014   0.00000000E+000   0.00000000E+000
   0.00000000E+000
     472   1.99465095E+015   1.06934805E+014   3.67103774E+014   4.36035300E+014   0.00000000E+000   0.00000000E+000   0.00000000E+000   4.53746751E+014   1.77057659E+014   4.53772658E+014   0.00000000E+000   0.00000000E+000
   0.00000000E+000
     473   1.99849821E+015   1.07460085E+014   3.67708787E+014   4.36997307E+014   0.00000000E+000   0.00000000E+000   0.00000000E+000   4.54182465E+014   1.77805189E+014   4.54344373E+014   0.00000000E+000   0.00000000E+000
   0.00000000E+000
     474   2.00129149E+015   1.07925497E+014   3.68023635E+014   4.37441025E+014   0.00000000E+000   0.00000000E+000   0.00000000E+000   4.54708217E+014   1.78177995E+014   4.55015120E+014   0.00000000E+000   0.00000000E+000
   0.00000000E+000
     475   2.00538992E+015   1.08408706E+014   3.68873761E+014   4.38463053E+014   0.00000000E+000   0.00000000E+000   0.00000000E+000   4.55638705E+014   1.78509745E+014   4.55495949E+014   0.00000000E+000   0.00000000E+000
   0.00000000E+000
     476   2.00918663E+015   1.08791893E+014   3.69599941E+014   4.39262131E+014   0.00000000E+000   0.00000000E+000   0.00000000E+000   4.56329366E+014   1.78988859E+014   4.56214440E+014   0.00000000E+000   0.00000000E+000
   0.00000000E+000
     477   2.01211405E+015   1.09217108E+014   3.70310455E+014   4.39659031E+014   0.00000000E+000   0.00000000E+000   0.00000000E+000   4.57102889E+014   1.79589356E+014   4.56235208E+014   0.00000000E+000   0.00000000E+000
   0.00000000E+000
     478   2.01429819E+015   1.09286425E+014   3.70029212E+014   4.40589058E+014   0.00000000E+000   0.00000000E+000   0.00000000E+000   4.57591683E+014   1.79933217E+014   4.56868593E+014   0.00000000E+000   0.00000000E+000
   0.00000000E+000
     479   2.01677372E+015   1.09451149E+014   3.70818857E+014   4.40715162E+014   0.00000000E+000   0.00000000E+000   0.00000000E+000   4.57900899E+014   1.80281250E+014   4.57606405E+014   0.00000000E+000   0.00000000E+000
   0.00000000E+000
     480   2.01984913E+015   1.09726018E+014   3.71384477E+014   4.41304416E+014   0.00000000E+000   0.00000000E+000   0.00000000E+000   4.58471328E+014   1.80930346E+014   4.58032543E+014   0.00000000E+000   0.00000000E+000
   0.00000000E+000
     481   2.02153452E+015   1.09946414E+014   3.71831069E+014   4.41784158E+014   0.00000000E+000   0.00000000E+000   0.00000000E+000   4.59037909E+014   1.80998646E+014   4.57936328E+014   0.00000000E+000   0.00000000E+000
   0.00000000E+000
     482   2.02485002E+015   1.10093527E+014   3.72462601E+014   4.42837890E+014   0.00000000E+000   0.00000000E+000   0.00000000E+000   4.59390716E+014   1.81724776E+014   4.58340505E+014   0.00000000E+000   0.00000000E+000
   0.00000000E+000
     483   2.02858198E+015   1.10562860E+014   3.73150961E+014   4.43583835E+014   0.00000000E+000   0.00000000E+000   0.00000000E+000   4.60219781E+014   1.81981852E+014   4.59082692E+014   0.00000000E+000   0.00000000E+000
   0.00000000E+000
     484   2.03180818E+015   1.10820796E+014   3.73538410E+014   4.44580837E+014   0.00000000E+000   0.00000000E+000   0.00000000E+000   4.60634021E+014   1.82720160E+014   4.59513951E+014   0.00000000E+000   0.00000000E+000
   0.00000000E+000
     485   2.03346005E+015   1.11164094E+014   3.73755566E+014   4.44946458E+014   0.00000000E+000   0.00000000E+000   0.00000000E+000   4.60505857E+014   1.83564896E+014   4.59523179E+014   0.00000000E+000   0.00000000E+000
   0.00000000E+000
     486   2.03589955E+015   1.11506399E+014   3.73712731E+014   4.45381792E+014   0.00000000E+000   0.00000000E+000   0.00000000E+000   4.61116341E+014   1.83906807E+014   4.60275480E+014   0.00000000E+000   0.00000000E+000
   0.00000000E+000
     487   2.03808614E+015   1.12012997E+014   3.73860111E+014   4.46053538E+014   0.00000000E+000   0.00000000E+000   0.00000000E+000   4.60864325E+014   1.84928217E+014   4.60366954E+014   0.00000000E+000   0.00000000E+000
   0.00000000E+000
     488   2.03982502E+015   1.12077410E+014   3.74203598E+014   4.46413658E+014   0.00000000E+000   0.00000000E+000   0.00000000E+000   4.61069159E+014   1.85380097E+014   4.60681102E+014   0.00000000E+000   0.00000000E+000
   0.00000000E+000
     489   2.04170303E+015   1.12259657E+014   3.74932524E+014   4.46742154E+014   0.00000000E+000   0.00000000E+000   0.00000000E+000   4.61781172E+014   1.85827262E+014   4.60160257E+014   0.00000000E+000   0.00000000E+000
   0.00000000E+000
     490   2.04451968E+015   1.12649167E+014   3.75356850E+014   4.47013128E+014   0.00000000E+000   0.00000000E+000   0.00000000E+000   4.62617238E+014   1.86032335E+014   4.60850959E+014   0.00000000E+000   0.00000000E+000
   0.00000000E+000
     491   2.04833597E+015   1.12820655E+014   3.76329140E+014   4.47949706E+014   0.00000000E+000   0.00000000E+000   0.00000000E+000   4.63105014E+014   1.86349606E+014   4.61781852E+014   0.00000000E+000   0.00000000E+000
   0.00000000E+000
     492   2.05034426E+015   1.13363935E+014   3.76314661E+014   4.48590507E+014   0.00000000E+000   0.00000000E+000   0.00000000E+000   4.63234523E+014   1.87293096E+014   4.61547538E+014   0.00000000E+000   0.00000000E+000
   0.00000000E+000
     493   2.05391667E+015   1.13720068E+014   3.76958859E+014   4.49417386E+014   0.00000000E+000   0.00000000E+000   0.00000000E+000   4.64161879E+014   1.87622891E+014   4.62035587E+014   0.00000000E+000   0.00000000E+000
   0.00000000E+000
     494   2.05674258E+015   1.13945395E+014   3.77894065E+014   4.50212580E+014   0.00000000E+000   0.00000000E+000   0.00000000E+000   4.64551332E+014   1.88254759E+014   4.61884454E+014   0.00000000E+000   0.00000000E+000
   0.00000000E+000
     495   2.05910696E+015   1.14206517E+014   3.78507035E+014   4.50538047E+014   0.00000000E+000   0.00000000E+000   0.00000000E+000   4.65124845E+014   1.88693981E+014   4.62036540E+014   0.00000000E+000   0.00000000E+000
   0.00000000E+000
     496   2.06154037E+015   1.14174842E+014   3.78528159E+014   4.51611625E+014   0.00000000E+000   0.00000000E+000   0.00000000E+000   4.65403425E+014   1.89210865E+014   4.62611450E+014   0.00000000E+000   0.00000000E+000
   0.00000000E+000
     497   2.06505035E+015   1.14226619E+014   3.79391602E+014   4.52467432E+014   0.00000000E+000   0.00000000E+000   0.00000000E+000   4.66160723E+014   1.89708965E+014   4.63095011E+014   0.00000000E+000   0.00000000E+000
   0.00000000E+000
     498   2.06856277E+015   1.14643226E+014   3.79979903E+014   4.53490125E+014   0.00000000E+000   0.00000000E+000   0.00000000E+000   4.67006179E+014   1.90097417E+014   4.63345921E+014   0.00000000E+000   0.00000000E+000
   0.00000000E+000
     499   2.06933737E+015   1.15005137E+014   3.79960047E+014   4.53457411E+014   0.00000000E+000   0.00000000E+000   0.00000000E+000   4.67203357E+014   1.90403933E+014   4.63307482E+014   0.00000000E+000   0.00000000E+000
   0.00000000E+000
     500   2.07172216E+015   1.15660177E+014   3.80181527E+014   4.53917846E+014   0.00000000E+000   0.00000000E+000   0.00000000E+000   4.67494638E+014   1.91034786E+014   4.63433191E+014   0.00000000E+000   0.00000000E+000
   0.00000000E+000
