   iLoop   Phase     EVM               SVM                    B5                B4                B2                D6                D1                D4                C1                C5                C3                A6                C2                C3              
       1       1     1.19999997E+001   7.18850232E+003   5.87031495E-002   2.84783021E+003   2.84777151E+003  -7.08967643E-002  -1.66703885E+002  -1.66632989E+002   2.84779150E+003  -5.09047862E-002   2.84784241E+003   3.87111713E-002  -1.66683893E+002  -1.66645182E+002
       2       1     1.19999997E+001   7.18828765E+003   6.23028806E-002   2.84771442E+003   2.84765212E+003  -7.62507238E-002  -1.66759766E+002  -1.66683515E+002   2.84767475E+003  -5.36176151E-002   2.84772837E+003   3.96697719E-002  -1.66737133E+002  -1.66697463E+002
       3       1     1.19999997E+001   7.18806983E+003   6.59556549E-002   2.84759692E+003   2.84753097E+003  -8.16837954E-002  -1.66816468E+002  -1.66734784E+002   2.84755628E+003  -5.63706167E-002   2.84761265E+003   4.06424762E-002  -1.66791155E+002  -1.66750512E+002
       4       1     1.19999997E+001   7.18785044E+003   6.96349481E-002   2.84747858E+003   2.84740894E+003  -8.71564687E-002  -1.66873580E+002  -1.66786424E+002   2.84743695E+003  -5.91437258E-002   2.84749610E+003   4.16222052E-002  -1.66845567E+002  -1.66803945E+002
       5       1     1.19999997E+001   7.18762947E+003   7.33407619E-002   2.84735938E+003   2.84728604E+003  -9.26687549E-002  -1.66931103E+002  -1.66838434E+002   2.84731677E+003  -6.19369538E-002   2.84737871E+003   4.26089608E-002  -1.66900371E+002  -1.66857762E+002
       6       1     1.19999997E+001   7.18740692E+003   7.70731140E-002   2.84723933E+003   2.84716226E+003  -9.82206940E-002  -1.66989037E+002  -1.66890816E+002   2.84719573E+003  -6.47503248E-002   2.84726048E+003   4.36027448E-002  -1.66955566E+002  -1.66911964E+002
       7       1     1.19999997E+001   7.18718280E+003   8.08320168E-002   2.84711843E+003   2.84703760E+003  -1.03812317E-001  -1.67047382E+002  -1.66943569E+002   2.84707383E+003  -6.75838593E-002   2.84714141E+003   4.46035588E-002  -1.67011153E+002  -1.66966550E+002
       8       1     1.19999997E+001   7.18695710E+003   8.46174695E-002   2.84699668E+003   2.84691207E+003  -1.09443637E-001  -1.67106138E+002  -1.66996694E+002   2.84695107E+003  -7.04375684E-002   2.84702151E+003   4.56114012E-002  -1.67067132E+002  -1.67021520E+002
       9       1     1.19999997E+001   7.18672983E+003   8.84294648E-002   2.84687408E+003   2.84678565E+003  -1.15114654E-001  -1.67165305E+002  -1.67050191E+002   2.84682745E+003  -7.33114588E-002   2.84690077E+003   4.66262695E-002  -1.67123502E+002  -1.67076876E+002
      10       1     1.19999997E+001   7.18650098E+003   9.22679990E-002   2.84675063E+003   2.84665836E+003  -1.20825376E-001  -1.67224884E+002  -1.67104058E+002   2.84670298E+003  -7.62055395E-002   2.84677918E+003   4.76481626E-002  -1.67180264E+002  -1.67132616E+002
      11       1     1.19999997E+001   7.18627055E+003   9.61330720E-002   2.84662632E+003   2.84653019E+003  -1.26575821E-001  -1.67284873E+002  -1.67158298E+002   2.84657764E+003  -7.91198212E-002   2.84665676E+003   4.86770726E-002  -1.67237417E+002  -1.67188740E+002
      12       1     1.19999997E+001   7.18603855E+003   1.00024669E-001   2.84650116E+003   2.84640113E+003  -1.32365982E-001  -1.67345274E+002  -1.67212908E+002   2.84645145E+003  -8.20543031E-002   2.84653350E+003   4.97129898E-002  -1.67294963E+002  -1.67245250E+002
      13       1     1.19999997E+001   7.18580496E+003   1.03942783E-001   2.84637515E+003   2.84627121E+003  -1.38195869E-001  -1.67406087E+002  -1.67267891E+002   2.84632439E+003  -8.50089924E-002   2.84640940E+003   5.07559064E-002  -1.67352900E+002  -1.67302144E+002
      14       1     1.19999997E+001   7.18556980E+003   1.07887415E-001   2.84624828E+003   2.84614040E+003  -1.44065500E-001  -1.67467311E+002  -1.67323245E+002   2.84619648E+003  -8.79839019E-002   2.84628446E+003   5.18058175E-002  -1.67411229E+002  -1.67359423E+002
      15       1     1.19999997E+001   7.18533307E+003   1.11858565E-001   2.84612057E+003   2.84600871E+003  -1.49974892E-001  -1.67528947E+002  -1.67378972E+002   2.84606770E+003  -9.09790458E-002   2.84615868E+003   5.28627191E-002  -1.67469951E+002  -1.67417088E+002
      16       1     1.19999997E+001   7.18509475E+003   1.15856229E-001   2.84599200E+003   2.84587614E+003  -1.55924057E-001  -1.67590994E+002  -1.67435070E+002   2.84593807E+003  -9.39944397E-002   2.84603206E+003   5.39266113E-002  -1.67529065E+002  -1.67475138E+002
      17       1     1.19999997E+001   7.18485485E+003   1.19880397E-001   2.84586257E+003   2.84574269E+003  -1.61913001E-001  -1.67653454E+002  -1.67491541E+002   2.84580758E+003  -9.70300904E-002   2.84590461E+003   5.49974868E-002  -1.67588571E+002  -1.67533573E+002
      18       1     1.19999997E+001   7.18461338E+003   1.23931023E-001   2.84573230E+003   2.84560837E+003  -1.67941670E-001  -1.67716325E+002  -1.67548383E+002   2.84567622E+003  -1.00085979E-001   2.84577631E+003   5.60753312E-002  -1.67648469E+002  -1.67592394E+002
      19       1     1.19999997E+001   7.18437033E+003   1.28008113E-001   2.84560117E+003   2.84547316E+003  -1.74010065E-001  -1.67779607E+002  -1.67605597E+002   2.84554401E+003  -1.03162113E-001   2.84564717E+003   5.71601612E-002  -1.67708759E+002  -1.67651599E+002
      20       1     1.19999997E+001   7.18412570E+003   1.32111715E-001   2.84546919E+003   2.84533708E+003  -1.80118235E-001  -1.67843300E+002  -1.67663182E+002   2.84541094E+003  -1.06258523E-001   2.84551719E+003   5.82520035E-002  -1.67769441E+002  -1.67711189E+002
      21       1     1.19999997E+001   7.18387949E+003   1.36241859E-001   2.84533635E+003   2.84520011E+003  -1.86266217E-001  -1.67907406E+002  -1.67721139E+002   2.84527700E+003  -1.09375236E-001   2.84538638E+003   5.93508773E-002  -1.67830515E+002  -1.67771164E+002
      22       1     1.19999997E+001   7.18363171E+003   1.40398568E-001   2.84520267E+003   2.84506227E+003  -1.92454043E-001  -1.67971923E+002  -1.67779469E+002   2.84514221E+003  -1.12512276E-001   2.84525472E+003   6.04568007E-002  -1.67891981E+002  -1.67831524E+002
      23       1     1.19999997E+001   7.18338234E+003   1.44581854E-001   2.84506812E+003   2.84492354E+003  -1.98681732E-001  -1.68036852E+002  -1.67838170E+002   2.84500656E+003  -1.15669661E-001   2.84512222E+003   6.15697830E-002  -1.67953840E+002  -1.67892270E+002
      24       1     1.19999997E+001   7.18313140E+003   1.48791739E-001   2.84493273E+003   2.84478394E+003  -2.04949317E-001  -1.68102194E+002  -1.67897244E+002   2.84487004E+003  -1.18847418E-001   2.84498889E+003   6.26898402E-002  -1.68016092E+002  -1.67953402E+002
      25       1     1.19999997E+001   7.18287888E+003   1.53028247E-001   2.84479648E+003   2.84464345E+003  -2.11256839E-001  -1.68167947E+002  -1.67956690E+002   2.84473266E+003  -1.22045578E-001   2.84485471E+003   6.38169855E-002  -1.68078736E+002  -1.68014919E+002
      26       1     1.19999997E+001   7.18262477E+003   1.57291399E-001   2.84465938E+003   2.84450209E+003  -2.17604337E-001  -1.68234114E+002  -1.68016509E+002   2.84459443E+003  -1.25264168E-001   2.84471969E+003   6.49512293E-002  -1.68141774E+002  -1.68076822E+002
      27       1     1.19999997E+001   7.18236909E+003   1.61581211E-001   2.84452142E+003   2.84435984E+003  -2.23991844E-001  -1.68300693E+002  -1.68076701E+002   2.84445533E+003  -1.28503213E-001   2.84458383E+003   6.60925805E-002  -1.68205204E+002  -1.68139112E+002
      28       1     1.19999997E+001   7.18211182E+003   1.65897695E-001   2.84438260E+003   2.84421671E+003  -2.30419381E-001  -1.68367686E+002  -1.68137266E+002   2.84431536E+003  -1.31762733E-001   2.84444712E+003   6.72410465E-002  -1.68269029E+002  -1.68201788E+002
      29       1     1.19999997E+001   7.18185296E+003   1.70240853E-001   2.84424293E+003   2.84407269E+003  -2.36886968E-001  -1.68435091E+002  -1.68198204E+002   2.84417454E+003  -1.35042748E-001   2.84430958E+003   6.83966336E-002  -1.68333247E+002  -1.68264850E+002
      30       1     1.19999997E+001   7.18159253E+003   1.74610686E-001   2.84410240E+003   2.84392779E+003  -2.43394610E-001  -1.68502910E+002  -1.68259516E+002   2.84403284E+003  -1.38343275E-001   2.84417119E+003   6.95593512E-002  -1.68397859E+002  -1.68328300E+002
      31       1     1.19999997E+001   7.18133050E+003   1.79007199E-001   2.84396102E+003   2.84378201E+003  -2.49942329E-001  -1.68571143E+002  -1.68321200E+002   2.84389029E+003  -1.41664336E-001   2.84403196E+003   7.07292061E-002  -1.68462865E+002  -1.68392136E+002
      32       1     1.19999997E+001   7.18106690E+003   1.83430398E-001   2.84381878E+003   2.84363535E+003  -2.56530148E-001  -1.68639789E+002  -1.68383259E+002   2.84374687E+003  -1.45005955E-001   2.84389188E+003   7.19062046E-002  -1.68528265E+002  -1.68456359E+002
      33       1     1.19999997E+001   7.18080170E+003   1.87880296E-001   2.84367568E+003   2.84348780E+003  -2.63158101E-001  -1.68708849E+002  -1.68445691E+002   2.84360259E+003  -1.48368160E-001   2.84375096E+003   7.30903544E-002  -1.68594059E+002  -1.68520969E+002
      34       1     1.19999997E+001   7.18053492E+003   1.92356908E-001   2.84353172E+003   2.84333937E+003  -2.69826219E-001  -1.68778324E+002  -1.68508498E+002   2.84345744E+003  -1.51750974E-001   2.84360919E+003   7.42816633E-002  -1.68660249E+002  -1.68585967E+002
      35       1     1.19999997E+001   7.18026656E+003   1.96860236E-001   2.84338691E+003   2.84319005E+003  -2.76534516E-001  -1.68848213E+002  -1.68571679E+002   2.84331143E+003  -1.55154412E-001   2.84346658E+003   7.54801320E-002  -1.68726833E+002  -1.68651353E+002
      36       1     1.19999997E+001   7.17999660E+003   2.01390278E-001   2.84324123E+003   2.84303984E+003  -2.83282997E-001  -1.68918517E+002  -1.68635234E+002   2.84316454E+003  -1.58578481E-001   2.84332312E+003   7.66857620E-002  -1.68793813E+002  -1.68717127E+002
      37       1     1.19999997E+001   7.17972505E+003   2.05947035E-001   2.84309469E+003   2.84288875E+003  -2.90071670E-001  -1.68989237E+002  -1.68699165E+002   2.84301679E+003  -1.62023188E-001   2.84317882E+003   7.78985531E-002  -1.68861189E+002  -1.68783290E+002
      38       1     1.19999997E+001   7.17945190E+003   2.10530515E-001   2.84294729E+003   2.84273676E+003  -2.96900554E-001  -1.69060372E+002  -1.68763472E+002   2.84286818E+003  -1.65488548E-001   2.84303366E+003   7.91185087E-002  -1.68928960E+002  -1.68849842E+002
      39       1     1.19999997E+001   7.17917716E+003   2.15140831E-001   2.84279903E+003   2.84258389E+003  -3.03769773E-001  -1.69131925E+002  -1.68828155E+002   2.84271869E+003  -1.68974644E-001   2.84288766E+003   8.03457022E-002  -1.68997129E+002  -1.68916784E+002
      40       1     1.19999997E+001   7.17890082E+003   2.19778458E-001   2.84264990E+003   2.84243012E+003  -3.10679710E-001  -1.69203896E+002  -1.68893217E+002   2.84256832E+003  -1.72481678E-001   2.84274080E+003   8.15804254E-002  -1.69065698E+002  -1.68984118E+002
      41       1     1.19999997E+001   7.17862285E+003   2.24443786E-001   2.84249989E+003   2.84227545E+003  -3.17630663E-001  -1.69276291E+002  -1.68958660E+002   2.84241707E+003  -1.76009816E-001   2.84259308E+003   8.28229392E-002  -1.69134670E+002  -1.69051847E+002
      42       1     1.19999997E+001   7.17834326E+003   2.29137070E-001   2.84234901E+003   2.84211987E+003  -3.24622836E-001  -1.69349111E+002  -1.69024488E+002   2.84226493E+003  -1.79559179E-001   2.84244449E+003   8.40734130E-002  -1.69204047E+002  -1.69119974E+002
      43       1     1.19999997E+001   7.17806203E+003   2.33858458E-001   2.84219724E+003   2.84196338E+003  -3.31656336E-001  -1.69422357E+002  -1.69090700E+002   2.84211191E+003  -1.83129834E-001   2.84229504E+003   8.53319550E-002  -1.69273830E+002  -1.69188498E+002
      44       1     1.19999997E+001   7.17777918E+003   2.38607960E-001   2.84204459E+003   2.84180598E+003  -3.38731186E-001  -1.69496028E+002  -1.69157297E+002   2.84195799E+003  -1.86721804E-001   2.84214471E+003   8.65985783E-002  -1.69344019E+002  -1.69257421E+002
      45       1     1.19999997E+001   7.17749469E+003   2.43385565E-001   2.84189106E+003   2.84164767E+003  -3.45847378E-001  -1.69570126E+002  -1.69224278E+002   2.84180318E+003  -1.90335093E-001   2.84199352E+003   8.78732803E-002  -1.69414613E+002  -1.69326740E+002
      46       1     1.19999997E+001   7.17717057E+003   2.48380662E-001   2.84171610E+003   2.84146772E+003  -3.53015891E-001  -1.69654132E+002  -1.69301116E+002   2.84162694E+003  -1.93792592E-001   2.84182074E+003   8.91573626E-002  -1.69494909E+002  -1.69405751E+002
      47       1     1.19999997E+001   7.17680686E+003   2.56023494E-001   2.84152094E+003   2.84126491E+003  -3.62990691E-001  -1.69749271E+002  -1.69386281E+002   2.84142783E+003  -2.00079781E-001   2.84162791E+003   9.31125830E-002  -1.69586360E+002  -1.69493248E+002
      48       1     1.19999997E+001   7.17649442E+003   2.60526697E-001   2.84135205E+003   2.84109152E+003  -3.69939830E-001  -1.69830176E+002  -1.69460236E+002   2.84125798E+003  -2.03479423E-001   2.84146146E+003   9.40662901E-002  -1.69663715E+002  -1.69569649E+002
      49       1     1.19999997E+001   7.17622312E+003   2.65126738E-001   2.84120552E+003   2.84094039E+003  -3.76993648E-001  -1.69900990E+002  -1.69523996E+002   2.84111046E+003  -2.06921460E-001   2.84131738E+003   9.50545509E-002  -1.69730918E+002  -1.69635863E+002
      50       1     1.19999997E+001   7.17595017E+003   2.69699960E-001   2.84105809E+003   2.84078839E+003  -3.83991546E-001  -1.69972184E+002  -1.69588193E+002   2.84096205E+003  -2.10333674E-001   2.84117239E+003   9.60420876E-002  -1.69798526E+002  -1.69702484E+002
      51       1     1.19999997E+001   7.17567600E+003   2.74294777E-001   2.84091001E+003   2.84063572E+003  -3.91022561E-001  -1.70043696E+002  -1.69652673E+002   2.84081298E+003  -2.13763828E-001   2.84102674E+003   9.70360442E-002  -1.69866437E+002  -1.69769401E+002
      52       1     1.19999997E+001   7.17540063E+003   2.78911361E-001   2.84076128E+003   2.84048237E+003  -3.98089511E-001  -1.70115526E+002  -1.69717437E+002   2.84066325E+003  -2.17211352E-001   2.84088046E+003   9.80332022E-002  -1.69934648E+002  -1.69836615E+002
      53       1     1.19999997E+001   7.17512405E+003   2.83543033E-001   2.84061189E+003   2.84032835E+003  -4.05182476E-001  -1.70187668E+002  -1.69782486E+002   2.84051286E+003  -2.20671128E-001   2.84073353E+003   9.90316861E-002  -1.70003157E+002  -1.69904125E+002
      54       1     1.19999997E+001   7.17484629E+003   2.88197667E-001   2.84046186E+003   2.84017366E+003  -4.12310839E-001  -1.70260122E+002  -1.69847812E+002   2.84036182E+003  -2.24150426E-001   2.84058597E+003   1.00037253E-001  -1.70071962E+002  -1.69971925E+002
      55       1     1.19999997E+001   7.17456741E+003   2.92879049E-001   2.84031122E+003   2.84001834E+003  -4.19480586E-001  -1.70332876E+002  -1.69913396E+002   2.84021017E+003  -2.27651540E-001   2.84043783E+003   1.01050003E-001  -1.70141047E+002  -1.70039997E+002
      56       1     1.19999997E+001   7.17428746E+003   2.97575828E-001   2.84016001E+003   2.83986243E+003  -4.26674559E-001  -1.70405908E+002  -1.69979234E+002   2.84005794E+003  -2.31165169E-001   2.84028911E+003   1.02066438E-001  -1.70210399E+002  -1.70108332E+002
      57       1     1.19999997E+001   7.17400662E+003   3.02321823E-001   2.84000832E+003   2.83970600E+003  -4.33917711E-001  -1.70479189E+002  -1.70045271E+002   2.83990521E+003  -2.34714357E-001   2.84013992E+003   1.03118469E-001  -1.70279986E+002  -1.70176867E+002
      58       1     1.19999997E+001   7.17372491E+003   3.07058819E-001   2.83985616E+003   2.83954910E+003  -4.41177996E-001  -1.70552688E+002  -1.70111510E+002   2.83975201E+003  -2.38270124E-001   2.83999028E+003   1.04150947E-001  -1.70349780E+002  -1.70245629E+002
      59       1     1.19999997E+001   7.17344246E+003   3.11821936E-001   2.83970359E+003   2.83939177E+003  -4.48469922E-001  -1.70626393E+002  -1.70177923E+002   2.83959841E+003  -2.41830373E-001   2.83984024E+003   1.05182387E-001  -1.70419754E+002  -1.70314571E+002
      60       1     1.19999997E+001   7.17315921E+003   3.16608041E-001   2.83955059E+003   2.83923399E+003  -4.55796728E-001  -1.70700317E+002  -1.70244520E+002   2.83944437E+003  -2.45408781E-001   2.83968978E+003   1.06220094E-001  -1.70489929E+002  -1.70383708E+002
      61       1     1.19999997E+001   7.17287510E+003   3.21416984E-001   2.83939712E+003   2.83907571E+003  -4.63155553E-001  -1.70774475E+002  -1.70311319E+002   2.83928987E+003  -2.48990285E-001   2.83953886E+003   1.07251716E-001  -1.70560309E+002  -1.70453058E+002
      62       1     1.19999997E+001   7.17259000E+003   3.26228048E-001   2.83924311E+003   2.83891688E+003  -4.70528249E-001  -1.70848891E+002  -1.70378363E+002   2.83913487E+003  -2.52541425E-001   2.83938741E+003   1.08241224E-001  -1.70630904E+002  -1.70522663E+002
      63       1     1.19999997E+001   7.17230396E+003   3.31021436E-001   2.83908857E+003   2.83875754E+003  -4.77880437E-001  -1.70923534E+002  -1.70445653E+002   2.83897936E+003  -2.56065449E-001   2.83923542E+003   1.09206448E-001  -1.70701719E+002  -1.70592512E+002
      64       1     1.19999997E+001   7.17201677E+003   3.35835266E-001   2.83893339E+003   2.83859755E+003  -4.85298655E-001  -1.70998490E+002  -1.70513191E+002   2.83882322E+003  -2.59632064E-001   2.83908285E+003   1.10168675E-001  -1.70772823E+002  -1.70662654E+002
      65       1     1.19999997E+001   7.17172829E+003   3.40696641E-001   2.83877752E+003   2.83843683E+003  -4.92773585E-001  -1.71073802E+002  -1.70581028E+002   2.83866639E+003  -2.63205767E-001   2.83892960E+003   1.11128823E-001  -1.70844234E+002  -1.70733105E+002
      66       1     1.19999997E+001   7.17143844E+003   3.45577926E-001   2.83862091E+003   2.83827533E+003  -5.00274678E-001  -1.71149469E+002  -1.70649194E+002   2.83850882E+003  -2.66793246E-001   2.83877561E+003   1.12096495E-001  -1.70915988E+002  -1.70803891E+002
      67       1     1.19999997E+001   7.17114730E+003   3.50480291E-001   2.83846361E+003   2.83811313E+003  -5.07786825E-001  -1.71225466E+002  -1.70717679E+002   2.83835054E+003  -2.70379352E-001   2.83862092E+003   1.13072819E-001  -1.70988059E+002  -1.70874986E+002
      68       1     1.19999997E+001   7.17085477E+003   3.55399409E-001   2.83830555E+003   2.83795015E+003  -5.15339104E-001  -1.71301831E+002  -1.70786492E+002   2.83819151E+003  -2.73975904E-001   2.83846549E+003   1.14036208E-001  -1.71060468E+002  -1.70946431E+002
      69       1     1.19999997E+001   7.17056090E+003   3.60379156E-001   2.83814678E+003   2.83778640E+003  -5.22950137E-001  -1.71378557E+002  -1.70855607E+002   2.83803173E+003  -2.77625647E-001   2.83830935E+003   1.15054666E-001  -1.71133233E+002  -1.71018178E+002
      70       1     1.19999997E+001   7.17026542E+003   3.65328952E-001   2.83798712E+003   2.83762179E+003  -5.30562755E-001  -1.71455676E+002  -1.70925113E+002   2.83787108E+003  -2.81273270E-001   2.83815235E+003   1.16039467E-001  -1.71206387E+002  -1.71090347E+002
      71       1     1.19999997E+001   7.16996840E+003   3.70331059E-001   2.83782665E+003   2.83745632E+003  -5.38213554E-001  -1.71533198E+002  -1.70994984E+002   2.83770956E+003  -2.84965016E-001   2.83799453E+003   1.17082520E-001  -1.71279949E+002  -1.71162867E+002
      72       1     1.19999997E+001   7.16965970E+003   3.76001731E-001   2.83766011E+003   2.83728411E+003  -5.46524274E-001  -1.71613987E+002  -1.71067462E+002   2.83754150E+003  -2.89132844E-001   2.83783064E+003   1.18610301E-001  -1.71356595E+002  -1.71237985E+002
      73       1     1.19999997E+001   7.16934699E+003   3.81086045E-001   2.83749113E+003   2.83711004E+003  -5.54322368E-001  -1.71695460E+002  -1.71141138E+002   2.83737146E+003  -2.92897657E-001   2.83766436E+003   1.19661334E-001  -1.71434036E+002  -1.71314374E+002
      74       1     1.19999997E+001   7.16903903E+003   3.86578730E-001   2.83732488E+003   2.83693830E+003  -5.62597990E-001  -1.71776002E+002  -1.71213404E+002   2.83720382E+003  -2.97080935E-001   2.83750090E+003   1.21061674E-001  -1.71510485E+002  -1.71389424E+002
      75       1     1.19999997E+001   7.16872935E+003   3.91996950E-001   2.83715768E+003   2.83676568E+003  -5.70493173E-001  -1.71856912E+002  -1.71286419E+002   2.83703553E+003  -3.00646010E-001   2.83733618E+003   1.22149787E-001  -1.71587065E+002  -1.71464915E+002
      76       1     1.19999997E+001   7.16841857E+003   3.97010811E-001   2.83698970E+003   2.83659269E+003  -5.78389246E-001  -1.71937872E+002  -1.71359483E+002   2.83686637E+003  -3.04707597E-001   2.83717108E+003   1.23329162E-001  -1.71664191E+002  -1.71540861E+002
      77       1     1.19999997E+001   7.16810415E+003   4.02213520E-001   2.83682001E+003   2.83641780E+003  -5.86286470E-001  -1.72019653E+002  -1.71433367E+002   2.83669480E+003  -3.09280643E-001   2.83700408E+003   1.25207693E-001  -1.71742648E+002  -1.71617440E+002
      78       1     1.19999997E+001   7.16778862E+003   4.08134848E-001   2.83664985E+003   2.83624172E+003  -5.94780819E-001  -1.72102288E+002  -1.71507507E+002   2.83652306E+003  -3.13444045E-001   2.83683650E+003   1.26798074E-001  -1.71820951E+002  -1.71694153E+002
      79       1     1.19999997E+001   7.16747231E+003   4.13493642E-001   2.83647908E+003   2.83606559E+003  -6.02769548E-001  -1.72184740E+002  -1.71581971E+002   2.83635081E+003  -3.17545434E-001   2.83666836E+003   1.28269528E-001  -1.71899516E+002  -1.71771247E+002
      80       1     1.19999997E+001   7.16715506E+003   4.18625142E-001   2.83630755E+003   2.83588893E+003  -6.10893637E-001  -1.72267451E+002  -1.71656558E+002   2.83617824E+003  -3.21582066E-001   2.83649982E+003   1.29313571E-001  -1.71978140E+002  -1.71848826E+002
      81       1     1.19999997E+001   7.16683554E+003   4.24286831E-001   2.83613503E+003   2.83571074E+003  -6.19362941E-001  -1.72351009E+002  -1.71731646E+002   2.83600440E+003  -3.25703136E-001   2.83633010E+003   1.30627027E-001  -1.72057350E+002  -1.71926723E+002
      82       1     1.19999997E+001   7.16651481E+003   4.29726173E-001   2.83596175E+003   2.83553202E+003  -6.27714236E-001  -1.72434736E+002  -1.71807022E+002   2.83582984E+003  -3.29899816E-001   2.83615974E+003   1.31911753E-001  -1.72136922E+002  -1.72005010E+002
      83       1     1.19999997E+001   7.16619179E+003   4.35184054E-001   2.83578727E+003   2.83535208E+003  -6.36099732E-001  -1.72519011E+002  -1.71882911E+002   2.83565394E+003  -3.34244247E-001   2.83598818E+003   1.33328570E-001  -1.72217155E+002  -1.72083827E+002
      84       1     1.19999997E+001   7.16586635E+003   4.40792196E-001   2.83561149E+003   2.83517070E+003  -6.44623279E-001  -1.72604007E+002  -1.71959383E+002   2.83547678E+003  -3.38542121E-001   2.83581532E+003   1.34711038E-001  -1.72297926E+002  -1.72163215E+002
      85       1     1.19999997E+001   7.16553759E+003   4.46054290E-001   2.83543367E+003   2.83498762E+003  -6.53120466E-001  -1.72689713E+002  -1.72036592E+002   2.83529786E+003  -3.42876459E-001   2.83564074E+003   1.35810283E-001  -1.72379469E+002  -1.72243659E+002
      86       1     1.19999997E+001   7.16520669E+003   4.51281375E-001   2.83525472E+003   2.83480344E+003  -6.61372538E-001  -1.72775887E+002  -1.72114514E+002   2.83511787E+003  -3.46938132E-001   2.83546481E+003   1.36846969E-001  -1.72461452E+002  -1.72324605E+002
      87       1     1.19999997E+001   7.16487350E+003   4.56164562E-001   2.83507428E+003   2.83461811E+003  -6.69565610E-001  -1.72862527E+002  -1.72192962E+002   2.83493675E+003  -3.50932963E-001   2.83528768E+003   1.37531915E-001  -1.72543895E+002  -1.72406363E+002
      88       1     1.19999997E+001   7.16453727E+003   4.61712338E-001   2.83489267E+003   2.83443096E+003  -6.77844083E-001  -1.72950092E+002  -1.72272248E+002   2.83475373E+003  -3.55077119E-001   2.83510881E+003   1.38945374E-001  -1.72627325E+002  -1.72488380E+002
      89       1     1.19999997E+001   7.16419446E+003   4.67061326E-001   2.83470719E+003   2.83424013E+003  -6.86198431E-001  -1.73039381E+002  -1.72353182E+002   2.83456754E+003  -3.58794994E-001   2.83492633E+003   1.39657889E-001  -1.72711977E+002  -1.72572319E+002
      90       1     1.19999997E+001   7.16385243E+003   4.72784649E-001   2.83452230E+003   2.83404951E+003  -6.94981418E-001  -1.73128690E+002  -1.72433708E+002   2.83438161E+003  -3.62888343E-001   2.83474450E+003   1.40691573E-001  -1.72796597E+002  -1.72655905E+002
      91       1     1.19999997E+001   7.16350536E+003   4.77961762E-001   2.83433421E+003   2.83385625E+003  -7.03704862E-001  -1.73219150E+002  -1.72515445E+002   2.83419325E+003  -3.66707701E-001   2.83455995E+003   1.40964602E-001  -1.72882153E+002  -1.72741188E+002
      92       1     1.19999997E+001   7.16315229E+003   4.82772681E-001   2.83414276E+003   2.83365999E+003  -7.12327249E-001  -1.73310828E+002  -1.72598500E+002   2.83400129E+003  -3.71024181E-001   2.83437231E+003   1.41469614E-001  -1.72969525E+002  -1.72828055E+002
      93       1     1.19999997E+001   7.16280488E+003   4.88132201E-001   2.83395485E+003   2.83346672E+003  -7.20658699E-001  -1.73401190E+002  -1.72680531E+002   2.83381241E+003  -3.74970112E-001   2.83418738E+003   1.42443614E-001  -1.73055501E+002  -1.72913057E+002
      94       1     1.19999997E+001   7.16245496E+003   4.93729764E-001   2.83376564E+003   2.83327191E+003  -7.29281016E-001  -1.73492342E+002  -1.72763061E+002   2.83362212E+003  -3.79071584E-001   2.83400119E+003   1.43520333E-001  -1.73142133E+002  -1.72998613E+002
      95       1     1.19999997E+001   7.16210498E+003   4.99558457E-001   2.83357649E+003   2.83307693E+003  -7.38261929E-001  -1.73583648E+002  -1.72845386E+002   2.83343163E+003  -3.83571395E-001   2.83381520E+003   1.44867922E-001  -1.73228957E+002  -1.73084089E+002
      96       1     1.19999997E+001   7.16175201E+003   5.05361373E-001   2.83338575E+003   2.83288039E+003  -7.47212548E-001  -1.73675628E+002  -1.72928416E+002   2.83323936E+003  -3.88246383E-001   2.83362761E+003   1.46395207E-001  -1.73316662E+002  -1.73170267E+002
      97       1     1.19999997E+001   7.16139691E+003   5.11282680E-001   2.83319385E+003   2.83268257E+003  -7.56376794E-001  -1.73768259E+002  -1.73011882E+002   2.83304598E+003  -3.92970002E-001   2.83343895E+003   1.47875888E-001  -1.73404852E+002  -1.73256976E+002
      98       1     1.19999997E+001   7.16103993E+003   5.17220208E-001   2.83300089E+003   2.83248367E+003  -7.65567045E-001  -1.73861413E+002  -1.73095846E+002   2.83285169E+003  -3.97545626E-001   2.83324923E+003   1.49198789E-001  -1.73493391E+002  -1.73344192E+002
      99       1     1.19999997E+001   7.16067806E+003   5.23950076E-001   2.83280567E+003   2.83228172E+003  -7.75535523E-001  -1.73956152E+002  -1.73180616E+002   2.83265430E+003  -4.02963472E-001   2.83305726E+003   1.51378025E-001  -1.73583580E+002  -1.73432202E+002
     100       1     1.19999997E+001   7.16021265E+003   5.31762276E-001   2.83255389E+003   2.83202212E+003  -7.87985718E-001  -1.74077875E+002  -1.73289889E+002   2.83240127E+003  -4.08838652E-001   2.83281011E+003   1.52615210E-001  -1.73698728E+002  -1.73546113E+002
     101       1     1.19999997E+001   7.15978020E+003   5.38331778E-001   2.83232003E+003   2.83178169E+003  -7.98277949E-001  -1.74190190E+002  -1.73391912E+002   2.83216575E+003  -4.14223974E-001   2.83257997E+003   1.54277802E-001  -1.73806136E+002  -1.73651858E+002
     102       1     1.19999997E+001   7.15943027E+003   5.44543873E-001   2.83213128E+003   2.83158674E+003  -8.06938220E-001  -1.74281477E+002  -1.73474539E+002   2.83197515E+003  -4.18527909E-001   2.83239367E+003   1.56133562E-001  -1.73893067E+002  -1.73736934E+002
     103       1     1.19999997E+001   7.15908469E+003   5.50598434E-001   2.83194469E+003   2.83139409E+003  -8.16005033E-001  -1.74371732E+002  -1.73555727E+002   2.83178677E+003  -4.23334015E-001   2.83221010E+003   1.57927415E-001  -1.73979061E+002  -1.73821134E+002
     104       1     1.19999997E+001   7.15873689E+003   5.56546552E-001   2.83175676E+003   2.83120021E+003  -8.24997313E-001  -1.74462572E+002  -1.73637575E+002   2.83159747E+003  -4.27735758E-001   2.83202521E+003   1.59284997E-001  -1.74065311E+002  -1.73906026E+002
     105       1     1.19999997E+001   7.15833421E+003   5.67318455E-001   2.83154145E+003   2.83097413E+003  -8.37084306E-001  -1.74569345E+002  -1.73732261E+002   2.83137754E+003  -4.33677109E-001   2.83181122E+003   1.63911258E-001  -1.74165938E+002  -1.74002027E+002
     106       1     1.19999997E+001   7.15789038E+003   5.75299765E-001   2.83130106E+003   2.83072576E+003  -8.51609697E-001  -1.74686219E+002  -1.73834610E+002   2.83113538E+003  -4.41985691E-001   2.83157737E+003   1.65675759E-001  -1.74276595E+002  -1.74110919E+002
     107       1     1.19999997E+001   7.15753211E+003   5.82015180E-001   2.83110728E+003   2.83052526E+003  -8.62207913E-001  -1.74780569E+002  -1.73918361E+002   2.83094077E+003  -4.46693676E-001   2.83138747E+003   1.66500943E-001  -1.74365055E+002  -1.74198554E+002
     108       1     1.19999997E+001   7.15717174E+003   5.87699905E-001   2.83091267E+003   2.83032497E+003  -8.70518473E-001  -1.74874086E+002  -1.74003567E+002   2.83074427E+003  -4.51220843E-001   2.83119549E+003   1.68402276E-001  -1.74454788E+002  -1.74286386E+002
     109       1     1.19999997E+001   7.15681746E+003   5.93512735E-001   2.83072097E+003   2.83012746E+003  -8.79767942E-001  -1.74966619E+002  -1.74086851E+002   2.83055156E+003  -4.55666521E-001   2.83100723E+003   1.69411314E-001  -1.74542518E+002  -1.74373107E+002
     110       1     1.19999997E+001   7.15647912E+003   5.99401473E-001   2.83053855E+003   2.82993915E+003  -8.87958540E-001  -1.75054683E+002  -1.74166725E+002   2.83036692E+003  -4.60187941E-001   2.83082711E+003   1.71630874E-001  -1.74626913E+002  -1.74455282E+002
     111       1     1.19999997E+001   7.15614299E+003   6.05128664E-001   2.83035704E+003   2.82975191E+003  -8.96372704E-001  -1.75142320E+002  -1.74245947E+002   2.83018375E+003  -4.64532659E-001   2.83064829E+003   1.73288619E-001  -1.74710480E+002  -1.74537191E+002
     112       1     1.19999997E+001   7.15580486E+003   6.11085914E-001   2.83017450E+003   2.82956341E+003  -9.05009365E-001  -1.75230628E+002  -1.74325619E+002   2.82999958E+003  -4.68845239E-001   2.83046842E+003   1.74921788E-001  -1.74794464E+002  -1.74619542E+002
     113       1     1.19999997E+001   7.15545561E+003   6.16988574E-001   2.82998547E+003   2.82936848E+003  -9.14463512E-001  -1.75322072E+002  -1.74407609E+002   2.82980974E+003  -4.73198947E-001   2.83028294E+003   1.75724009E-001  -1.74880808E+002  -1.74705084E+002
     114       1     1.19999997E+001   7.15508834E+003   6.25132557E-001   2.82978840E+003   2.82916327E+003  -9.24814621E-001  -1.75418451E+002  -1.74493637E+002   2.82960841E+003  -4.79668064E-001   2.83008808E+003   1.79986000E-001  -1.74973305E+002  -1.74793319E+002
     115       1     1.19999997E+001   7.15469618E+003   6.30589599E-001   2.82957545E+003   2.82894486E+003  -9.34338599E-001  -1.75520653E+002  -1.74586314E+002   2.82939608E+003  -4.83116402E-001   2.82987920E+003   1.79367403E-001  -1.75069431E+002  -1.74890063E+002
     116       1     1.19999997E+001   7.15433940E+003   6.38375159E-001   2.82938335E+003   2.82874497E+003  -9.45497873E-001  -1.75614816E+002  -1.74669318E+002   2.82920112E+003  -4.89353833E-001   2.82969047E+003   1.82231119E-001  -1.75158672E+002  -1.74976440E+002
     117       1     1.19999997E+001   7.15398459E+003   6.47611082E-001   2.82919307E+003   2.82854546E+003  -9.57588946E-001  -1.75709184E+002  -1.74751595E+002   2.82900691E+003  -4.96132929E-001   2.82950305E+003   1.86155065E-001  -1.75247728E+002  -1.75061573E+002
     118       1     1.19999997E+001   7.15363420E+003   6.52819556E-001   2.82900355E+003   2.82835073E+003  -9.65161388E-001  -1.75800081E+002  -1.74834920E+002   2.82881652E+003  -4.99370543E-001   2.82931589E+003   1.87028711E-001  -1.75334291E+002  -1.75147262E+002
     119       1     1.19999997E+001   7.15329035E+003   6.58896141E-001   2.82881821E+003   2.82815932E+003  -9.73379103E-001  -1.75889591E+002  -1.74916212E+002   2.82862884E+003  -5.03852420E-001   2.82913270E+003   1.89369458E-001  -1.75420065E+002  -1.75230695E+002
     120       1     1.19999997E+001   7.15295437E+003   6.64366492E-001   2.82863665E+003   2.82797229E+003  -9.81403150E-001  -1.75977055E+002  -1.74995652E+002   2.82844593E+003  -5.07754016E-001   2.82895369E+003   1.90717358E-001  -1.75503406E+002  -1.75312688E+002
     121       1     1.19999997E+001   7.15261357E+003   6.70499234E-001   2.82845280E+003   2.82778230E+003  -9.90094646E-001  -1.76066041E+002  -1.75075947E+002   2.82826008E+003  -5.12320954E-001   2.82877240E+003   1.92725543E-001  -1.75588268E+002  -1.75395542E+002
     122       1     1.19999997E+001   7.15227668E+003   6.76381286E-001   2.82827076E+003   2.82759438E+003  -9.98916522E-001  -1.76154124E+002  -1.75155208E+002   2.82807663E+003  -5.16667978E-001   2.82859329E+003   1.94132742E-001  -1.75671876E+002  -1.75477743E+002
     123       1     1.19999997E+001   7.15193843E+003   6.82636066E-001   2.82808865E+003   2.82740602E+003  -1.00721275E+000  -1.76242237E+002  -1.75235024E+002   2.82789167E+003  -5.21558426E-001   2.82841323E+003   1.96981746E-001  -1.75756583E+002  -1.75559601E+002
     124       1     1.19999997E+001   7.15159796E+003   6.88277600E-001   2.82790471E+003   2.82721644E+003  -1.01546153E+000  -1.76330915E+002  -1.75315454E+002   2.82770622E+003  -5.25674962E-001   2.82823190E+003   1.98491027E-001  -1.75841129E+002  -1.75642638E+002
     125       1     1.19999997E+001   7.15126063E+003   6.93974487E-001   2.82772267E+003   2.82702870E+003  -1.02352994E+000  -1.76418681E+002  -1.75395151E+002   2.82752219E+003  -5.30037343E-001   2.82805223E+003   2.00481885E-001  -1.75925189E+002  -1.75724707E+002
     126       1     1.19999997E+001   7.15092448E+003   7.00126701E-001   2.82754134E+003   2.82684121E+003  -1.03204112E+000  -1.76506537E+002  -1.75474496E+002   2.82733902E+003  -5.34227721E-001   2.82787325E+003   2.02313297E-001  -1.76008723E+002  -1.75806410E+002
     127       1     1.19999997E+001   7.15058803E+003   7.05819327E-001   2.82735966E+003   2.82665384E+003  -1.04055243E+000  -1.76594190E+002  -1.75553637E+002   2.82715533E+003  -5.39066181E-001   2.82769439E+003   2.04333081E-001  -1.76092704E+002  -1.75888370E+002
     128       1     1.19999997E+001   7.15025093E+003   7.11029835E-001   2.82717728E+003   2.82646625E+003  -1.04888834E+000  -1.76681862E+002  -1.75632974E+002   2.82697150E+003  -5.43645860E-001   2.82751514E+003   2.05787360E-001  -1.76176620E+002  -1.75970833E+002
     129       1     1.19999997E+001   7.14991195E+003   7.18167379E-001   2.82699487E+003   2.82627670E+003  -1.05802146E+000  -1.76770946E+002  -1.75712925E+002   2.82678676E+003  -5.47961200E-001   2.82733472E+003   2.08107121E-001  -1.76260886E+002  -1.76052779E+002
     130       1     1.19999997E+001   7.14957422E+003   7.24272385E-001   2.82681262E+003   2.82608835E+003  -1.06688606E+000  -1.76859193E+002  -1.75792307E+002   2.82660241E+003  -5.52821910E-001   2.82715524E+003   2.10208240E-001  -1.76345129E+002  -1.76134921E+002
     131       1     1.19999997E+001   7.14923666E+003   7.30296430E-001   2.82663055E+003   2.82590025E+003  -1.07516033E+000  -1.76947240E+002  -1.75872079E+002   2.82641835E+003  -5.57062683E-001   2.82697541E+003   2.12198784E-001  -1.76429142E+002  -1.76216943E+002
     132       1     1.19999997E+001   7.14889914E+003   7.35962933E-001   2.82644823E+003   2.82571226E+003  -1.08317439E+000  -1.77035179E+002  -1.75952005E+002   2.82623461E+003  -5.60825043E-001   2.82679544E+003   2.13613588E-001  -1.76512830E+002  -1.76299217E+002
     133       1     1.19999997E+001   7.14855853E+003   7.41934395E-001   2.82626444E+003   2.82552251E+003  -1.09196461E+000  -1.77123973E+002  -1.76032008E+002   2.82604839E+003  -5.66085426E-001   2.82661448E+003   2.16055207E-001  -1.76598093E+002  -1.76382038E+002
     134       1     1.19999997E+001   7.14821991E+003   7.47601933E-001   2.82608144E+003   2.82533384E+003  -1.10014116E+000  -1.77212270E+002  -1.76112129E+002   2.82586414E+003  -5.69839206E-001   2.82643398E+003   2.17299975E-001  -1.76681968E+002  -1.76464668E+002
     135       1     1.19999997E+001   7.14787852E+003   7.54053809E-001   2.82589724E+003   2.82514319E+003  -1.10962286E+000  -1.77301727E+002  -1.76192104E+002   2.82567772E+003  -5.75086803E-001   2.82625281E+003   2.19517752E-001  -1.76767191E+002  -1.76547673E+002
     136       1     1.19999997E+001   7.14753643E+003   7.60456226E-001   2.82571275E+003   2.82495229E+003  -1.11881618E+000  -1.77391219E+002  -1.76272403E+002   2.82549084E+003  -5.80265286E-001   2.82607111E+003   2.21905333E-001  -1.76852669E+002  -1.76630763E+002
     137       1     1.19999997E+001   7.14718780E+003   7.66493361E-001   2.82552464E+003   2.82475815E+003  -1.12744550E+000  -1.77482021E+002  -1.76354575E+002   2.82530040E+003  -5.85191310E-001   2.82588559E+003   2.24239174E-001  -1.76939767E+002  -1.76715528E+002
     138       1     1.19999997E+001   7.14683715E+003   7.72533661E-001   2.82533508E+003   2.82456255E+003  -1.13704220E+000  -1.77573672E+002  -1.76436630E+002   2.82510892E+003  -5.90668235E-001   2.82569959E+003   2.26159693E-001  -1.77027298E+002  -1.76801139E+002
     139       1     1.19999997E+001   7.14646051E+003   7.78507822E-001   2.82513102E+003   2.82435251E+003  -1.14658881E+000  -1.77672055E+002  -1.76525467E+002   2.82490435E+003  -5.94755201E-001   2.82549910E+003   2.26674210E-001  -1.77120222E+002  -1.76893548E+002
     140       1     1.19999997E+001   7.14611918E+003   7.84865472E-001   2.82494693E+003   2.82416206E+003  -1.15623192E+000  -1.77761321E+002  -1.76605090E+002   2.82471733E+003  -6.00966134E-001   2.82531829E+003   2.29599686E-001  -1.77206056E+002  -1.76976456E+002
     141       1     1.19999997E+001   7.14578192E+003   7.91137452E-001   2.82476511E+003   2.82397397E+003  -1.16464466E+000  -1.77849427E+002  -1.76684783E+002   2.82453337E+003  -6.05248631E-001   2.82513862E+003   2.31741422E-001  -1.77290031E+002  -1.77058290E+002
     142       1     1.19999997E+001   7.14543966E+003   7.97091152E-001   2.82458038E+003   2.82378329E+003  -1.17326219E+000  -1.77938646E+002  -1.76765384E+002   2.82434643E+003  -6.10127212E-001   2.82495655E+003   2.33956176E-001  -1.77375511E+002  -1.77141555E+002
     143       1     1.19999997E+001   7.14509168E+003   8.02936475E-001   2.82439244E+003   2.82358951E+003  -1.18186499E+000  -1.78029268E+002  -1.76847403E+002   2.82415645E+003  -6.14924594E-001   2.82477137E+003   2.35996078E-001  -1.77462327E+002  -1.77226331E+002
     144       1     1.19999997E+001   7.14475522E+003   8.08654175E-001   2.82421072E+003   2.82340206E+003  -1.19035839E+000  -1.78116961E+002  -1.76926603E+002   2.82397273E+003  -6.19692756E-001   2.82459242E+003   2.37988545E-001  -1.77546295E+002  -1.77308307E+002
     145       1     1.19999997E+001   7.14441894E+003   8.14859647E-001   2.82402935E+003   2.82321449E+003  -1.19915641E+000  -1.78204835E+002  -1.77005678E+002   2.82378899E+003  -6.24658921E-001   2.82441365E+003   2.40362157E-001  -1.77630337E+002  -1.77389975E+002
     146       1     1.19999997E+001   7.14407991E+003   8.21841708E-001   2.82384689E+003   2.82302504E+003  -1.20880814E+000  -1.78293768E+002  -1.77084960E+002   2.82360325E+003  -6.30607537E-001   2.82423385E+003   2.43641106E-001  -1.77715567E+002  -1.77471926E+002
     147       1     1.19999997E+001   7.14373796E+003   8.28753130E-001   2.82366272E+003   2.82283397E+003  -1.21835890E+000  -1.78383464E+002  -1.77165105E+002   2.82341621E+003  -6.36118975E-001   2.82405233E+003   2.46513208E-001  -1.77801224E+002  -1.77554710E+002
     148       1     1.19999997E+001   7.14339637E+003   8.35241310E-001   2.82347845E+003   2.82264321E+003  -1.22753208E+000  -1.78472945E+002  -1.77245413E+002   2.82322978E+003  -6.40959858E-001   2.82387074E+003   2.48669086E-001  -1.77886373E+002  -1.77637703E+002
     149       1     1.19999997E+001   7.14305456E+003   8.41799801E-001   2.82329425E+003   2.82245246E+003  -1.23651656E+000  -1.78562356E+002  -1.77325840E+002   2.82304297E+003  -6.46004174E-001   2.82368897E+003   2.51287418E-001  -1.77971844E+002  -1.77720557E+002
     150       1     1.19999997E+001   7.14271214E+003   8.47480300E-001   2.82310921E+003   2.82226172E+003  -1.24498149E+000  -1.78651563E+002  -1.77406582E+002   2.82285616E+003  -6.50546779E-001   2.82350671E+003   2.53045584E-001  -1.78057128E+002  -1.77804083E+002
     151       1     1.19999997E+001   7.14232824E+003   8.55306486E-001   2.82290276E+003   2.82204746E+003  -1.25515914E+000  -1.78752005E+002  -1.77496845E+002   2.82264584E+003  -6.56772947E-001   2.82330262E+003   2.56920295E-001  -1.78153618E+002  -1.77896698E+002
     152       1     1.19999997E+001   7.14190203E+003   8.65177894E-001   2.82267422E+003   2.82180904E+003  -1.26798639E+000  -1.78864049E+002  -1.77596062E+002   2.82241123E+003  -6.65799155E-001   2.82307703E+003   2.62990663E-001  -1.78261862E+002  -1.77998871E+002
     153       1     1.19999997E+001   7.14143793E+003   8.76565591E-001   2.82242585E+003   2.82154929E+003  -1.28129682E+000  -1.78986192E+002  -1.77704895E+002   2.82215618E+003  -6.74408095E-001   2.82283058E+003   2.69676862E-001  -1.78379303E+002  -1.78109626E+002
     154       1     1.19999997E+001   7.14103575E+003   8.87103037E-001   2.82221070E+003   2.82132360E+003  -1.29316621E+000  -1.79092620E+002  -1.77799454E+002   2.82193587E+003  -6.80896143E-001   2.82261677E+003   2.74832971E-001  -1.78480350E+002  -1.78205517E+002
     155       1     1.19999997E+001   7.14064375E+003   8.92226073E-001   2.82199845E+003   2.82110622E+003  -1.30067462E+000  -1.79193762E+002  -1.77893088E+002   2.82172258E+003  -6.84320107E-001   2.82240690E+003   2.75871556E-001  -1.78577408E+002  -1.78301536E+002
     156       1     1.19999997E+001   7.14027266E+003   9.02401518E-001   2.82179993E+003   2.82089753E+003  -1.31246025E+000  -1.79292420E+002  -1.77979960E+002   2.82151939E+003  -6.90600264E-001   2.82220999E+003   2.80541537E-001  -1.78670560E+002  -1.78390019E+002
     157       1     1.19999997E+001   7.13994947E+003   9.08184143E-001   2.82162544E+003   2.82071725E+003  -1.32064158E+000  -1.79376857E+002  -1.78056216E+002   2.82134311E+003  -6.94786035E-001   2.82203790E+003   2.82328601E-001  -1.78751002E+002  -1.78468673E+002
     158       1     1.19999997E+001   7.13963395E+003   9.13242207E-001   2.82145482E+003   2.82054157E+003  -1.32891712E+000  -1.79458973E+002  -1.78130056E+002   2.82117036E+003  -7.00127943E-001   2.82187049E+003   2.84453034E-001  -1.78830184E+002  -1.78545731E+002
     159       1     1.19999997E+001   7.13932207E+003   9.17963358E-001   2.82128581E+003   2.82036785E+003  -1.33714776E+000  -1.79540211E+002  -1.78203063E+002   2.82100004E+003  -7.04962790E-001   2.82170500E+003   2.85778388E-001  -1.78908026E+002  -1.78622247E+002
     160       1     1.19999997E+001   7.13900733E+003   9.23135824E-001   2.82111555E+003   2.82019242E+003  -1.34556119E+000  -1.79622311E+002  -1.78276750E+002   2.82082798E+003  -7.09992861E-001   2.82153798E+003   2.87567496E-001  -1.78986743E+002  -1.78699175E+002
     161       1     1.19999997E+001   7.13869302E+003   9.28152553E-001   2.82094551E+003   2.82001735E+003  -1.35379341E+000  -1.79704164E+002  -1.78350371E+002   2.82065608E+003  -7.15072857E-001   2.82137115E+003   2.89431996E-001  -1.79065444E+002  -1.78776012E+002
     162       1     1.19999997E+001   7.13835552E+003   9.32747152E-001   2.82076256E+003   2.81982981E+003  -1.36183136E+000  -1.79791624E+002  -1.78429793E+002   2.82047177E+003  -7.19870867E-001   2.82119164E+003   2.90786656E-001  -1.79149663E+002  -1.78858877E+002
     163       1     1.19999997E+001   7.13802631E+003   9.39831952E-001   2.82058534E+003   2.81964551E+003  -1.37211139E+000  -1.79878293E+002  -1.78506182E+002   2.82029101E+003  -7.26611202E-001   2.82101762E+003   2.94331767E-001  -1.79232793E+002  -1.78938461E+002
     164       1     1.19999997E+001   7.13771382E+003   9.43631872E-001   2.82041560E+003   2.81947196E+003  -1.37936340E+000  -1.79959163E+002  -1.78579800E+002   2.82012067E+003  -7.30657485E-001   2.82085133E+003   2.94925957E-001  -1.79310458E+002  -1.79015532E+002
     165       1     1.19999997E+001   7.13736555E+003   9.48387116E-001   2.82022687E+003   2.81927849E+003  -1.38693737E+000  -1.80049355E+002  -1.78662418E+002   2.81993099E+003  -7.34434281E-001   2.82066542E+003   2.95884024E-001  -1.79396852E+002  -1.79100968E+002
     166       1     1.19999997E+001   7.13702741E+003   9.52306746E-001   2.82004327E+003   2.81909097E+003  -1.39471205E+000  -1.80136592E+002  -1.78741879E+002   2.81974610E+003  -7.39580347E-001   2.82048568E+003   2.97175042E-001  -1.79481460E+002  -1.79184285E+002
     167       1     1.19999997E+001   7.13669002E+003   9.57825998E-001   2.81986071E+003   2.81890288E+003  -1.40313815E+000  -1.80224616E+002  -1.78821478E+002   2.81956228E+003  -7.43738096E-001   2.82030602E+003   2.98425946E-001  -1.79565216E+002  -1.79266790E+002
     168       1     1.19999997E+001   7.13635440E+003   9.64831175E-001   2.81967976E+003   2.81871493E+003  -1.41423015E+000  -1.80313030E+002  -1.78898800E+002   2.81937774E+003  -7.51412079E-001   2.82012916E+003   3.02013105E-001  -1.79650212E+002  -1.79348199E+002
     169       1     1.19999997E+001   7.13603003E+003   9.68154382E-001   2.81950353E+003   2.81853538E+003  -1.41982461E+000  -1.80396374E+002  -1.78976550E+002   2.81920165E+003  -7.53555488E-001   2.81995520E+003   3.01885258E-001  -1.79730105E+002  -1.79428220E+002
     170       1     1.19999997E+001   7.13570376E+003   9.73827044E-001   2.81932729E+003   2.81835346E+003  -1.42883152E+000  -1.80481524E+002  -1.79052692E+002   2.81902274E+003  -7.59545200E-001   2.81978229E+003   3.04540727E-001  -1.79812237E+002  -1.79507697E+002
     171       1     1.19999997E+001   7.13538222E+003   9.77182881E-001   2.81915265E+003   2.81817546E+003  -1.43538057E+000  -1.80564151E+002  -1.79128771E+002   2.81884714E+003  -7.63704394E-001   2.81961084E+003   3.05506706E-001  -1.79892475E+002  -1.79586968E+002
     172       1     1.19999997E+001   7.13506079E+003   9.83266815E-001   2.81897889E+003   2.81799562E+003  -1.44556171E+000  -1.80648660E+002  -1.79203098E+002   2.81867095E+003  -7.70228516E-001   2.81944118E+003   3.07933626E-001  -1.79973327E+002  -1.79665393E+002
     173       1     1.19999997E+001   7.13475019E+003   9.86562548E-001   2.81881000E+003   2.81782344E+003  -1.45254764E+000  -1.80728713E+002  -1.79276165E+002   2.81850130E+003  -7.74686769E-001   2.81927599E+003   3.08701676E-001  -1.80050852E+002  -1.79742150E+002
     174       1     1.19999997E+001   7.13443741E+003   9.90144212E-001   2.81864011E+003   2.81764997E+003  -1.45979935E+000  -1.80809410E+002  -1.79349610E+002   2.81833022E+003  -7.79549971E-001   2.81910977E+003   3.09894830E-001  -1.80129160E+002  -1.79819265E+002
     175       1     1.19999997E+001   7.13410190E+003   9.93971597E-001   2.81845787E+003   2.81746390E+003  -1.46605936E+000  -1.80895963E+002  -1.79429904E+002   2.81814822E+003  -7.81744194E-001   2.81892996E+003   3.09656430E-001  -1.80211648E+002  -1.79901991E+002
     176       1     1.19999997E+001   7.13377450E+003   9.96538809E-001   2.81827937E+003   2.81728283E+003  -1.47279190E+000  -1.80979915E+002  -1.79507124E+002   2.81796962E+003  -7.86007720E-001   2.81875563E+003   3.09754633E-001  -1.80293131E+002  -1.79983377E+002
     177       1     1.19999997E+001   7.13346030E+003   1.00153168E+000   2.81810947E+003   2.81710794E+003  -1.48093098E+000  -1.81061616E+002  -1.79580685E+002   2.81779741E+003  -7.91458375E-001   2.81858887E+003   3.12059078E-001  -1.80372143E+002  -1.80060084E+002
     178       1     1.19999997E+001   7.13315632E+003   1.00459833E+000   2.81794391E+003   2.81693931E+003  -1.48810124E+000  -1.81140073E+002  -1.79651972E+002   2.81763150E+003  -7.95909030E-001   2.81842741E+003   3.12406113E-001  -1.80447881E+002  -1.80135475E+002
     179       1     1.19999997E+001   7.13285468E+003   1.00874736E+000   2.81778034E+003   2.81677159E+003  -1.49566998E+000  -1.81218314E+002  -1.79722644E+002   2.81746647E+003  -8.00794507E-001   2.81826726E+003   3.13871889E-001  -1.80523439E+002  -1.80209567E+002
     180       1     1.19999997E+001   7.13255513E+003   1.01269546E+000   2.81761776E+003   2.81660506E+003  -1.50334117E+000  -1.81295987E+002  -1.79792645E+002   2.81730251E+003  -8.05889387E-001   2.81810840E+003   3.15243679E-001  -1.80598535E+002  -1.80283291E+002
     181       1     1.19999997E+001   7.13225363E+003   1.01704872E+000   2.81745431E+003   2.81643726E+003  -1.51077156E+000  -1.81374355E+002  -1.79863583E+002   2.81713798E+003  -8.10052425E-001   2.81794803E+003   3.16329579E-001  -1.80673636E+002  -1.80357306E+002
     182       1     1.19999997E+001   7.13195700E+003   1.02107918E+000   2.81729332E+003   2.81627224E+003  -1.51828940E+000  -1.81451372E+002  -1.79933083E+002   2.81697586E+003  -8.14668976E-001   2.81779053E+003   3.17458758E-001  -1.80747752E+002  -1.80430293E+002
     183       1     1.19999997E+001   7.13165982E+003   1.02468016E+000   2.81713204E+003   2.81610736E+003  -1.52527475E+000  -1.81528105E+002  -1.80002830E+002   2.81681316E+003  -8.19466043E-001   2.81763263E+003   3.18871457E-001  -1.80822296E+002  -1.80503425E+002
     184       1     1.19999997E+001   7.13136522E+003   1.02817940E+000   2.81697195E+003   2.81594377E+003  -1.53253272E+000  -1.81604299E+002  -1.80071766E+002   2.81665198E+003  -8.24319099E-001   2.81747630E+003   3.19965780E-001  -1.80896085E+002  -1.80576120E+002
     185       1     1.19999997E+001   7.13107178E+003   1.03161612E+000   2.81681243E+003   2.81578081E+003  -1.53960360E+000  -1.81680205E+002  -1.80140601E+002   2.81649167E+003  -8.28741811E-001   2.81732041E+003   3.20754334E-001  -1.80969343E+002  -1.80648589E+002
     186       1     1.19999997E+001   7.13077257E+003   1.03433014E+000   2.81664928E+003   2.81561495E+003  -1.54633065E+000  -1.81757300E+002  -1.80210969E+002   2.81632856E+003  -8.32717822E-001   2.81716128E+003   3.20717321E-001  -1.81043687E+002  -1.80722970E+002
     187       1     1.19999997E+001   7.13047231E+003   1.03712903E+000   2.81648563E+003   2.81544850E+003  -1.55287554E+000  -1.81834672E+002  -1.80281796E+002   2.81616503E+003  -8.36342433E-001   2.81700138E+003   3.20595932E-001  -1.81118139E+002  -1.80797543E+002
     188       1     1.19999997E+001   7.13016986E+003   1.04120605E+000   2.81632144E+003   2.81528024E+003  -1.56069487E+000  -1.81913208E+002  -1.80352513E+002   2.81599961E+003  -8.41319281E-001   2.81684093E+003   3.21830460E-001  -1.81193832E+002  -1.80872002E+002
     189       1     1.19999997E+001   7.12986614E+003   1.04552170E+000   2.81615666E+003   2.81511114E+003  -1.56906633E+000  -1.81992200E+002  -1.80423134E+002   2.81583314E+003  -8.47066102E-001   2.81668020E+003   3.23521472E-001  -1.81270200E+002  -1.80946679E+002
     190       1     1.19999997E+001   7.12955963E+003   1.04914273E+000   2.81598982E+003   2.81494068E+003  -1.57684136E+000  -1.82071729E+002  -1.80494888E+002   2.81566597E+003  -8.51543567E-001   2.81651752E+003   3.23844930E-001  -1.81346432E+002  -1.81022587E+002
     191       1     1.19999997E+001   7.12925303E+003   1.05301704E+000   2.81582319E+003   2.81477018E+003  -1.58499739E+000  -1.82151264E+002  -1.80566266E+002   2.81549806E+003  -8.57118073E-001   2.81635517E+003   3.25137723E-001  -1.81423384E+002  -1.81098247E+002
     192       1     1.19999997E+001   7.12894342E+003   1.05667454E+000   2.81565510E+003   2.81459842E+003  -1.59260169E+000  -1.82231163E+002  -1.80638561E+002   2.81532814E+003  -8.62887417E-001   2.81619102E+003   3.26960274E-001  -1.81501448E+002  -1.81174488E+002
     193       1     1.19999997E+001   7.12863526E+003   1.06029612E+000   2.81548774E+003   2.81442744E+003  -1.59966158E+000  -1.82310716E+002  -1.80711054E+002   2.81515961E+003  -8.67491643E-001   2.81602710E+003   3.28126184E-001  -1.81578546E+002  -1.81250420E+002
     194       1     1.19999997E+001   7.12832893E+003   1.06543060E+000   2.81532218E+003   2.81425675E+003  -1.60821562E+000  -1.82390520E+002  -1.80782305E+002   2.81499118E+003  -8.73785051E-001   2.81586496E+003   3.31000031E-001  -1.81656090E+002  -1.81325090E+002
     195       1     1.19999997E+001   7.12802069E+003   1.06718718E+000   2.81515387E+003   2.81408668E+003  -1.61391609E+000  -1.82469135E+002  -1.80855219E+002   2.81482295E+003  -8.77644440E-001   2.81570060E+003   3.30915533E-001  -1.81732863E+002  -1.81401947E+002
     196       1     1.19999997E+001   7.12771849E+003   1.07031021E+000   2.81498903E+003   2.81391872E+003  -1.62167389E+000  -1.82547435E+002  -1.80925761E+002   2.81465812E+003  -8.82267845E-001   2.81554039E+003   3.30904165E-001  -1.81808029E+002  -1.81477125E+002
     197       1     1.19999997E+001   7.12742818E+003   1.07313338E+000   2.81483090E+003   2.81375777E+003  -1.62826039E+000  -1.82622248E+002  -1.80993987E+002   2.81449959E+003  -8.86433106E-001   2.81538603E+003   3.31306094E-001  -1.81880420E+002  -1.81549114E+002
     198       1     1.19999997E+001   7.12714306E+003   1.07482800E+000   2.81467484E+003   2.81360001E+003  -1.63448653E+000  -1.82695403E+002  -1.81060917E+002   2.81434426E+003  -8.90241756E-001   2.81523450E+003   3.30583229E-001  -1.81951158E+002  -1.81620575E+002
     199       1     1.19999997E+001   7.12685497E+003   1.07732025E+000   2.81451741E+003   2.81344009E+003  -1.64156066E+000  -1.82769845E+002  -1.81128284E+002   2.81418730E+003  -8.94349027E-001   2.81508165E+003   3.30108615E-001  -1.82022633E+002  -1.81692525E+002
     200       1     1.19999997E+001   7.12656810E+003   1.07958677E+000   2.81436093E+003   2.81328134E+003  -1.64762205E+000  -1.82843468E+002  -1.81195846E+002   2.81403070E+003  -8.98269395E-001   2.81492897E+003   3.30234116E-001  -1.82094116E+002  -1.81763882E+002
     201       1     1.19999997E+001   7.12627809E+003   1.08114237E+000   2.81420214E+003   2.81312099E+003  -1.65360134E+000  -1.82917768E+002  -1.81264167E+002   2.81387288E+003  -9.01714470E-001   2.81477459E+003   3.29255502E-001  -1.82165881E+002  -1.81836626E+002
     202       1     1.19999997E+001   7.12599055E+003   1.08229856E+000   2.81404443E+003   2.81296213E+003  -1.65943843E+000  -1.82991304E+002  -1.81331866E+002   2.81371647E+003  -9.05106156E-001   2.81462157E+003   3.27966287E-001  -1.82236972E+002  -1.81909005E+002
     203       1     1.19999997E+001   7.12569891E+003   1.08294895E+000   2.81388432E+003   2.81280137E+003  -1.66471250E+000  -1.83065527E+002  -1.81400815E+002   2.81355792E+003  -9.08164645E-001   2.81446608E+003   3.26401093E-001  -1.82308980E+002  -1.81982578E+002
     204       1     1.19999997E+001   7.12541333E+003   1.08513694E+000   2.81372856E+003   2.81264343E+003  -1.67057382E+000  -1.83138731E+002  -1.81468157E+002   2.81340197E+003  -9.12031824E-001   2.81431400E+003   3.26594943E-001  -1.82380189E+002  -1.82053594E+002
     205       1     1.19999997E+001   7.12512779E+003   1.08760355E+000   2.81357281E+003   2.81248520E+003  -1.67638823E+000  -1.83212221E+002  -1.81535832E+002   2.81324670E+003  -9.14893830E-001   2.81416159E+003   3.26109157E-001  -1.82450726E+002  -1.82124617E+002
     206       1     1.19999997E+001   7.12484553E+003   1.08935071E+000   2.81341839E+003   2.81232904E+003  -1.68218892E+000  -1.83284631E+002  -1.81602442E+002   2.81309315E+003  -9.18076752E-001   2.81401123E+003   3.25238540E-001  -1.82520519E+002  -1.82195281E+002
     207       1     1.19999997E+001   7.12456041E+003   1.09203812E+000   2.81326318E+003   2.81217114E+003  -1.68923908E+000  -1.83357919E+002  -1.81668680E+002   2.81293635E+003  -9.24030268E-001   2.81386038E+003   3.26829302E-001  -1.82592710E+002  -1.82265881E+002
     208       1     1.19999997E+001   7.12427543E+003   1.09403651E+000   2.81310752E+003   2.81201349E+003  -1.69539173E+000  -1.83431003E+002  -1.81735611E+002   2.81278069E+003  -9.28189718E-001   2.81370888E+003   3.26834503E-001  -1.82663800E+002  -1.82336966E+002
     209       1     1.19999997E+001   7.12399031E+003   1.09440729E+000   2.81295086E+003   2.81185645E+003  -1.70037098E+000  -1.83503428E+002  -1.81803057E+002   2.81262568E+003  -9.31144310E-001   2.81355682E+003   3.25180627E-001  -1.82734201E+002  -1.82409021E+002
     210       1     1.19999997E+001   7.12370763E+003   1.09580293E+000   2.81279627E+003   2.81170046E+003  -1.70558158E+000  -1.83575528E+002  -1.81869946E+002   2.81247158E+003  -9.34468198E-001   2.81340605E+003   3.24689543E-001  -1.82804415E+002  -1.82479725E+002
     211       1     1.19999997E+001   7.12342348E+003   1.09868224E+000   2.81264134E+003   2.81154266E+003  -1.71229735E+000  -1.83649008E+002  -1.81936711E+002   2.81231672E+003  -9.38233793E-001   2.81325496E+003   3.24618676E-001  -1.82874944E+002  -1.82550326E+002
     212       1     1.19999997E+001   7.12314130E+003   1.10047031E+000   2.81248697E+003   2.81138650E+003  -1.71860411E+000  -1.83721424E+002  -1.82002820E+002   2.81216270E+003  -9.42406007E-001   2.81310510E+003   3.24272210E-001  -1.82945226E+002  -1.82620954E+002
     213       1     1.19999997E+001   7.12285815E+003   1.10164763E+000   2.81233162E+003   2.81122997E+003  -1.72440023E+000  -1.83793922E+002  -1.82069522E+002   2.81200880E+003  -9.45570948E-001   2.81295437E+003   3.22818355E-001  -1.83015093E+002  -1.82692275E+002
     214       1     1.19999997E+001   7.12257622E+003   1.10215326E+000   2.81217684E+003   2.81107469E+003  -1.72869195E+000  -1.83865536E+002  -1.82136844E+002   2.81185599E+003  -9.47388675E-001   2.81280338E+003   3.20849978E-001  -1.83084233E+002  -1.82763383E+002
     215       1     1.19999997E+001   7.12229336E+003   1.10310761E+000   2.81202166E+003   2.81091855E+003  -1.73435020E+000  -1.83937727E+002  -1.82203376E+002   2.81170189E+003  -9.51006726E-001   2.81265290E+003   3.19764139E-001  -1.83154383E+002  -1.82834619E+002
     216       1     1.19999997E+001   7.12200559E+003   1.10563440E+000   2.81186472E+003   2.81075909E+003  -1.74078367E+000  -1.84011779E+002  -1.82270995E+002   2.81154470E+003  -9.55173102E-001   2.81249987E+003   3.20023836E-001  -1.83226169E+002  -1.82906145E+002
     217       1     1.19999997E+001   7.12172166E+003   1.10725204E+000   2.81170913E+003   2.81060188E+003  -1.74676358E+000  -1.84084727E+002  -1.82337964E+002   2.81139051E+003  -9.58130781E-001   2.81234864E+003   3.18619244E-001  -1.83296095E+002  -1.82977475E+002
     218       1     1.19999997E+001   7.12143764E+003   1.10920008E+000   2.81155388E+003   2.81044467E+003  -1.75269250E+000  -1.84157631E+002  -1.82404939E+002   2.81123577E+003  -9.61598139E-001   2.81219737E+003   3.18105718E-001  -1.83366537E+002  -1.83048431E+002
     219       1     1.19999997E+001   7.12115634E+003   1.11195664E+000   2.81140042E+003   2.81028846E+003  -1.75933463E+000  -1.84230359E+002  -1.82471024E+002   2.81108249E+003  -9.65303860E-001   2.81204779E+003   3.17925865E-001  -1.83436328E+002  -1.83118402E+002
     220       1     1.19999997E+001   7.12087502E+003   1.11303668E+000   2.81124617E+003   2.81013313E+003  -1.76460501E+000  -1.84302191E+002  -1.82537586E+002   2.81092954E+003  -9.68200434E-001   2.81189774E+003   3.16632105E-001  -1.83505786E+002  -1.83189154E+002
     221       1     1.19999997E+001   7.12059269E+003   1.11428137E+000   2.81109152E+003   2.80997724E+003  -1.76993586E+000  -1.84374284E+002  -1.82604348E+002   2.81077583E+003  -9.71350239E-001   2.81174718E+003   3.15695755E-001  -1.83575698E+002  -1.83260003E+002
     222       1     1.19999997E+001   7.12031262E+003   1.11605172E+000   2.81093834E+003   2.80982229E+003  -1.77584934E+000  -1.84446109E+002  -1.82670259E+002   2.81062312E+003  -9.75018701E-001   2.81159814E+003   3.15221086E-001  -1.83645278E+002  -1.83330057E+002
     223       1     1.19999997E+001   7.12003325E+003   1.11615561E+000   2.81078462E+003   2.80966846E+003  -1.78060285E+000  -1.84517015E+002  -1.82736412E+002   2.81047138E+003  -9.77688205E-001   2.81144907E+003   3.13240966E-001  -1.83714100E+002  -1.83400859E+002
     224       1     1.19999997E+001   7.11975582E+003   1.11698192E+000   2.81063229E+003   2.80951530E+003  -1.78599829E+000  -1.84587828E+002  -1.82801830E+002   2.81032048E+003  -9.80821770E-001   2.81130130E+003   3.11805394E-001  -1.83782652E+002  -1.83470847E+002
     225       1     1.19999997E+001   7.11947835E+003   1.11786358E+000   2.81047995E+003   2.80936208E+003  -1.79162140E+000  -1.84658691E+002  -1.82867069E+002   2.81016939E+003  -9.84309535E-001   2.81115370E+003   3.10551713E-001  -1.83851379E+002  -1.83540827E+002
     226       1     1.19999997E+001   7.11919774E+003   1.11871359E+000   2.81032589E+003   2.80920718E+003  -1.79697405E+000  -1.84730305E+002  -1.82933330E+002   2.81001682E+003  -9.87331872E-001   2.81100415E+003   3.09071406E-001  -1.83920662E+002  -1.83611591E+002
     227       1     1.19999997E+001   7.11891672E+003   1.11986678E+000   2.81017174E+003   2.80905187E+003  -1.80254302E+000  -1.84802193E+002  -1.82999650E+002   2.80986402E+003  -9.90399910E-001   2.81085442E+003   3.07723667E-001  -1.83990050E+002  -1.83682327E+002
     228       1     1.19999997E+001   7.11863484E+003   1.12169807E+000   2.81001741E+003   2.80889571E+003  -1.80925891E+000  -1.84874682E+002  -1.83065423E+002   2.80971007E+003  -9.94901136E-001   2.81070497E+003   3.07340301E-001  -1.84060324E+002  -1.83752984E+002
     229       1     1.19999997E+001   7.11835377E+003   1.12289414E+000   2.80986331E+003   2.80874042E+003  -1.81481936E+000  -1.84946545E+002  -1.83131726E+002   2.80955708E+003  -9.98158640E-001   2.81055524E+003   3.06233421E-001  -1.84129884E+002  -1.83823651E+002
     230       1     1.19999997E+001   7.11807404E+003   1.12345790E+000   2.80970963E+003   2.80858617E+003  -1.82016075E+000  -1.85017755E+002  -1.83197595E+002   2.80940471E+003  -1.00162451E+000   2.81040634E+003   3.04921665E-001  -1.84199219E+002  -1.83894297E+002
     231       1     1.19999997E+001   7.11779134E+003   1.12435448E+000   2.80955446E+003   2.80843010E+003  -1.82545900E+000  -1.85089906E+002  -1.83264447E+002   2.80925103E+003  -1.00453369E+000   2.81025556E+003   3.03429178E-001  -1.84268981E+002  -1.83965552E+002
     232       1     1.19999997E+001   7.11751171E+003   1.12531247E+000   2.80940102E+003   2.80827571E+003  -1.83110173E+000  -1.85161294E+002  -1.83330192E+002   2.80909861E+003  -1.00819868E+000   2.81010681E+003   3.02409421E-001  -1.84338391E+002  -1.84035981E+002
     233       1     1.19999997E+001   7.11723025E+003   1.12549893E+000   2.80924617E+003   2.80812067E+003  -1.83609167E+000  -1.85232783E+002  -1.83396691E+002   2.80894556E+003  -1.01120025E+000   2.80995676E+003   3.00607504E-001  -1.84407891E+002  -1.84107284E+002
     234       1     1.19999997E+001   7.11694827E+003   1.12565958E+000   2.80909074E+003   2.80796508E+003  -1.84184583E+000  -1.85304661E+002  -1.83462815E+002   2.80879227E+003  -1.01466275E+000   2.80980693E+003   2.98476502E-001  -1.84477478E+002  -1.84179002E+002
     235       1     1.19999997E+001   7.11666834E+003   1.12575470E+000   2.80893696E+003   2.80781121E+003  -1.84613634E+000  -1.85375438E+002  -1.83529302E+002   2.80863982E+003  -1.01752241E+000   2.80965734E+003   2.97140777E-001  -1.84546824E+002  -1.84249684E+002
     236       1     1.19999997E+001   7.11638954E+003   1.12587361E+000   2.80878369E+003   2.80765782E+003  -1.85138386E+000  -1.85446066E+002  -1.83594682E+002   2.80848741E+003  -1.02178874E+000   2.80950920E+003   2.96278497E-001  -1.84616471E+002  -1.84320192E+002
     237       1     1.19999997E+001   7.11610968E+003   1.12620026E+000   2.80862992E+003   2.80750372E+003  -1.85648787E+000  -1.85517082E+002  -1.83660594E+002   2.80833472E+003  -1.02548123E+000   2.80936020E+003   2.95193623E-001  -1.84686076E+002  -1.84390882E+002
     238       1     1.19999997E+001   7.11582865E+003   1.12691921E+000   2.80847564E+003   2.80734872E+003  -1.86140680E+000  -1.85588646E+002  -1.83727240E+002   2.80818196E+003  -1.02816850E+000   2.80921013E+003   2.93680909E-001  -1.84755408E+002  -1.84461727E+002
     239       1     1.19999997E+001   7.11555265E+003   1.12722904E+000   2.80832368E+003   2.80719645E+003  -1.86650265E+000  -1.85658984E+002  -1.83792481E+002   2.80803223E+003  -1.03072331E+000   2.80906295E+003   2.91449693E-001  -1.84823205E+002  -1.84531755E+002
     240       1     1.19999997E+001   7.11527553E+003   1.12741823E+000   2.80817107E+003   2.80704365E+003  -1.87150845E+000  -1.85729507E+002  -1.83857998E+002   2.80788181E+003  -1.03335288E+000   2.80891516E+003   2.89262658E-001  -1.84891351E+002  -1.84602089E+002
     241       1     1.19999997E+001   7.11499750E+003   1.12662934E+000   2.80801769E+003   2.80689106E+003  -1.87487485E+000  -1.85799562E+002  -1.83924688E+002   2.80773144E+003  -1.03448977E+000   2.80876593E+003   2.86244257E-001  -1.84959177E+002  -1.84672933E+002
     242       1     1.19999997E+001   7.11471818E+003   1.12622168E+000   2.80786376E+003   2.80673753E+003  -1.87902078E+000  -1.85870158E+002  -1.83991137E+002   2.80757986E+003  -1.03669676E+000   2.80861656E+003   2.83897660E-001  -1.85027834E+002  -1.84743936E+002
     243       1     1.19999997E+001   7.11443669E+003   1.12636943E+000   2.80770888E+003   2.80658251E+003  -1.88403642E+000  -1.85941607E+002  -1.84057571E+002   2.80742661E+003  -1.03993787E+000   2.80846655E+003   2.82270892E-001  -1.85097509E+002  -1.84815238E+002
     244       1     1.19999997E+001   7.11415602E+003   1.12723722E+000   2.80755474E+003   2.80642750E+003  -1.88927382E+000  -1.86013289E+002  -1.84124015E+002   2.80727417E+003  -1.04260651E+000   2.80831678E+003   2.80569907E-001  -1.85166622E+002  -1.84886052E+002
     245       1     1.19999997E+001   7.11387628E+003   1.12711187E+000   2.80740068E+003   2.80627357E+003  -1.89379327E+000  -1.86084165E+002  -1.84190372E+002   2.80712222E+003  -1.04514219E+000   2.80816737E+003   2.78460794E-001  -1.85235514E+002  -1.84957053E+002
     246       1     1.19999997E+001   7.11359204E+003   1.12759879E+000   2.80724481E+003   2.80611721E+003  -1.89879614E+000  -1.86156130E+002  -1.84257334E+002   2.80696663E+003  -1.04937738E+000   2.80801601E+003   2.78180037E-001  -1.85306711E+002  -1.85028531E+002
     247       1     1.19999997E+001   7.11330956E+003   1.12686256E+000   2.80708903E+003   2.80596217E+003  -1.90241985E+000  -1.86227310E+002  -1.84324890E+002   2.80681357E+003  -1.05101759E+000   2.80786459E+003   2.75460304E-001  -1.85375907E+002  -1.85100447E+002
     248       1     1.19999997E+001   7.11302428E+003   1.12582739E+000   2.80693171E+003   2.80580588E+003  -1.90553554E+000  -1.86298888E+002  -1.84393352E+002   2.80665888E+003  -1.05253862E+000   2.80771142E+003   2.72830464E-001  -1.85445891E+002  -1.85173060E+002
     249       1     1.19999997E+001   7.11274684E+003   1.12525990E+000   2.80677859E+003   2.80565333E+003  -1.90973079E+000  -1.86369065E+002  -1.84459334E+002   2.80650855E+003  -1.05451360E+000   2.80756306E+003   2.70042720E-001  -1.85513848E+002  -1.85243805E+002
     250       1     1.19999997E+001   7.11246668E+003   1.12534658E+000   2.80662458E+003   2.80549923E+003  -1.91436728E+000  -1.86439982E+002  -1.84525615E+002   2.80635582E+003  -1.05777299E+000   2.80741360E+003   2.68752287E-001  -1.85583388E+002  -1.85314636E+002
     251       1     1.19999997E+001   7.11218597E+003   1.12292183E+000   2.80646872E+003   2.80534579E+003  -1.91737807E+000  -1.86510068E+002  -1.84592690E+002   2.80620402E+003  -1.05914772E+000   2.80726317E+003   2.64691491E-001  -1.85651837E+002  -1.85387146E+002
     252       1     1.19999997E+001   7.11190629E+003   1.12255849E+000   2.80631467E+003   2.80519211E+003  -1.92135869E+000  -1.86580703E+002  -1.84659345E+002   2.80605217E+003  -1.06130225E+000   2.80711347E+003   2.62502046E-001  -1.85720647E+002  -1.85458145E+002
     253       1     1.19999997E+001   7.11163015E+003   1.12230129E+000   2.80616263E+003   2.80504033E+003  -1.92531140E+000  -1.86650492E+002  -1.84725180E+002   2.80590225E+003  -1.06339137E+000   2.80696564E+003   2.60381263E-001  -1.85788572E+002  -1.85528190E+002
     254       1     1.19999997E+001   7.11135692E+003   1.12146024E+000   2.80601173E+003   2.80489027E+003  -1.92904443E+000  -1.86719420E+002  -1.84790375E+002   2.80575430E+003  -1.06501495E+000   2.80681932E+003   2.57430760E-001  -1.85855390E+002  -1.85597960E+002
     255       1     1.19999997E+001   7.11107712E+003   1.11960184E+000   2.80585699E+003   2.80473739E+003  -1.93112895E+000  -1.86789219E+002  -1.84858090E+002   2.80560317E+003  -1.06535394E+000   2.80666852E+003   2.53826833E-001  -1.85923444E+002  -1.85669617E+002
     256       1     1.19999997E+001   7.11080193E+003   1.11840350E+000   2.80570494E+003   2.80458653E+003  -1.93506710E+000  -1.86858361E+002  -1.84923294E+002   2.80545347E+003  -1.06812666E+000   2.80652160E+003   2.51463056E-001  -1.85991421E+002  -1.85739958E+002
     257       1     1.19999997E+001   7.11052057E+003   1.11918228E+000   2.80555024E+003   2.80443106E+003  -1.94075350E+000  -1.86930283E+002  -1.84989530E+002   2.80530044E+003  -1.07137714E+000   2.80637182E+003   2.49805926E-001  -1.86060907E+002  -1.85811101E+002
     258       1     1.19999997E+001   7.11024675E+003   1.11857963E+000   2.80539925E+003   2.80428067E+003  -1.94482484E+000  -1.86999370E+002  -1.85054545E+002   2.80515161E+003  -1.07388274E+000   2.80622549E+003   2.47637530E-001  -1.86128427E+002  -1.85880790E+002
     259       1     1.19999997E+001   7.10997323E+003   1.11730747E+000   2.80524826E+003   2.80413095E+003  -1.94781659E+000  -1.87067860E+002  -1.85120043E+002   2.80500312E+003  -1.07564940E+000   2.80607877E+003   2.45140282E-001  -1.86195693E+002  -1.85950552E+002
     260       1     1.19999997E+001   7.10969680E+003   1.11640953E+000   2.80509555E+003   2.80397914E+003  -1.95179498E+000  -1.87137585E+002  -1.85185790E+002   2.80485322E+003  -1.07771294E+000   2.80593094E+003   2.42327494E-001  -1.86263503E+002  -1.86021176E+002
     261       1     1.19999997E+001   7.10942036E+003   1.11492800E+000   2.80494271E+003   2.80382778E+003  -1.95519714E+000  -1.87206852E+002  -1.85251655E+002   2.80470308E+003  -1.07989533E+000   2.80578298E+003   2.39626183E-001  -1.86331550E+002  -1.86091924E+002
     262       1     1.19999997E+001   7.10914545E+003   1.11431580E+000   2.80479104E+003   2.80367673E+003  -1.95921508E+000  -1.87276269E+002  -1.85317054E+002   2.80455389E+003  -1.08205511E+000   2.80563594E+003   2.37155844E-001  -1.86399109E+002  -1.86161953E+002
     263       1     1.19999997E+001   7.10886684E+003   1.11388727E+000   2.80463739E+003   2.80352351E+003  -1.96372886E+000  -1.87346750E+002  -1.85383021E+002   2.80440242E+003  -1.08481463E+000   2.80548723E+003   2.34973039E-001  -1.86467836E+002  -1.86232863E+002
     264       1     1.19999997E+001   7.10859188E+003   1.11188183E+000   2.80448506E+003   2.80337318E+003  -1.96697319E+000  -1.87415425E+002  -1.85448452E+002   2.80425309E+003  -1.08705842E+000   2.80534015E+003   2.31967060E-001  -1.86535511E+002  -1.86303543E+002
     265       1     1.19999997E+001   7.10831527E+003   1.10992371E+000   2.80433195E+003   2.80322203E+003  -1.96976643E+000  -1.87484429E+002  -1.85514663E+002   2.80410302E+003  -1.08877054E+000   2.80519179E+003   2.28927816E-001  -1.86603434E+002  -1.86374506E+002
     266       1     1.19999997E+001   7.10804078E+003   1.10861957E+000   2.80418033E+003   2.80307171E+003  -1.97316994E+000  -1.87553222E+002  -1.85580052E+002   2.80395377E+003  -1.09111747E+000   2.80504488E+003   2.26567105E-001  -1.86671169E+002  -1.86444602E+002
     267       1     1.19999997E+001   7.10776280E+003   1.10675224E+000   2.80402667E+003   2.80291992E+003  -1.97535147E+000  -1.87622461E+002  -1.85647110E+002   2.80380315E+003  -1.09212126E+000   2.80489527E+003   2.23522030E-001  -1.86739231E+002  -1.86515709E+002
     268       1     1.19999997E+001   7.10748649E+003   1.10577139E+000   2.80387412E+003   2.80276835E+003  -1.97946090E+000  -1.87691975E+002  -1.85712514E+002   2.80365269E+003  -1.09511486E+000   2.80474781E+003   2.21425358E-001  -1.86807629E+002  -1.86586204E+002
     269       1     1.19999997E+001   7.10720866E+003   1.10410884E+000   2.80372039E+003   2.80261628E+003  -1.98225606E+000  -1.87761522E+002  -1.85779266E+002   2.80350236E+003  -1.09618537E+000   2.80459854E+003   2.18038144E-001  -1.86875451E+002  -1.86657413E+002
     270       1     1.19999997E+001   7.10692900E+003   1.10310625E+000   2.80356606E+003   2.80246296E+003  -1.98535667E+000  -1.87831793E+002  -1.85846437E+002   2.80335087E+003  -1.09743784E+000   2.80444831E+003   2.15187414E-001  -1.86943875E+002  -1.86728687E+002
     271       1     1.19999997E+001   7.10664924E+003   1.10119402E+000   2.80341117E+003   2.80230997E+003  -1.98822582E+000  -1.87901687E+002  -1.85913461E+002   2.80319926E+003  -1.09893877E+000   2.80429820E+003   2.11906966E-001  -1.87012400E+002  -1.86800493E+002
     272       1     1.19999997E+001   7.10636771E+003   1.09942652E+000   2.80325542E+003   2.80215600E+003  -1.99095211E+000  -1.87972049E+002  -1.85981097E+002   2.80304677E+003  -1.10017945E+000   2.80414695E+003   2.08653853E-001  -1.87081276E+002  -1.86872623E+002
     273       1     1.19999997E+001   7.10608704E+003   1.09826442E+000   2.80310047E+003   2.80200220E+003  -1.99315102E+000  -1.88042479E+002  -1.86049328E+002   2.80289550E+003  -1.09985726E+000   2.80399535E+003   2.04970654E-001  -1.87149185E+002  -1.86944214E+002
     274       1     1.19999997E+001   7.10580619E+003   1.09654427E+000   2.80294509E+003   2.80184855E+003  -1.99620072E+000  -1.88112719E+002  -1.86116518E+002   2.80274314E+003  -1.10160742E+000   2.80384475E+003   2.01950971E-001  -1.87218125E+002  -1.87016174E+002
     275       1     1.19999997E+001   7.10552523E+003   1.09519035E+000   2.80278966E+003   2.80169447E+003  -1.99967840E+000  -1.88183347E+002  -1.86183668E+002   2.80259099E+003  -1.10315550E+000   2.80369415E+003   1.98667448E-001  -1.87286824E+002  -1.87088156E+002
     276       1     1.19999997E+001   7.10524345E+003   1.09376522E+000   2.80263401E+003   2.80154024E+003  -2.00256044E+000  -1.88253880E+002  -1.86251319E+002   2.80243818E+003  -1.10462436E+000   2.80354280E+003   1.95829144E-001  -1.87355944E+002  -1.87160115E+002
     277       1     1.19999997E+001   7.10496005E+003   1.09094490E+000   2.80247688E+003   2.80138593E+003  -2.00492632E+000  -1.88324014E+002  -1.86319088E+002   2.80228399E+003  -1.10687174E+000   2.80339086E+003   1.92890322E-001  -1.87425959E+002  -1.87233069E+002
     278       1     1.19999997E+001   7.10467710E+003   1.08905658E+000   2.80232033E+003   2.80123127E+003  -2.00772942E+000  -1.88394631E+002  -1.86386902E+002   2.80213044E+003  -1.10856330E+000   2.80323900E+003   1.89890461E-001  -1.87495465E+002  -1.87305575E+002
     279       1     1.19999997E+001   7.10439267E+003   1.08725576E+000   2.80216296E+003   2.80107570E+003  -2.01054006E+000  -1.88465717E+002  -1.86455176E+002   2.80197630E+003  -1.10994513E+000   2.80308624E+003   1.86660818E-001  -1.87565122E+002  -1.87378461E+002
     280       1     1.19999997E+001   7.10410786E+003   1.08542530E+000   2.80200536E+003   2.80091994E+003  -2.01356838E+000  -1.88536880E+002  -1.86523312E+002   2.80182171E+003  -1.11180187E+000   2.80293351E+003   1.83658795E-001  -1.87635114E+002  -1.87451455E+002
     281       1     1.19999997E+001   7.10382279E+003   1.08370137E+000   2.80184772E+003   2.80076402E+003  -2.01667639E+000  -1.88608122E+002  -1.86591446E+002   2.80166682E+003  -1.11387527E+000   2.80278070E+003   1.80900251E-001  -1.87705321E+002  -1.87524421E+002
     282       1     1.19999997E+001   7.10353495E+003   1.08223814E+000   2.80168875E+003   2.80060652E+003  -2.01997095E+000  -1.88680127E+002  -1.86660156E+002   2.80151021E+003  -1.11627144E+000   2.80262649E+003   1.78538628E-001  -1.87776428E+002  -1.87597889E+002
     283       1     1.19999997E+001   7.10324630E+003   1.08116707E+000   2.80152948E+003   2.80044831E+003  -2.02353793E+000  -1.88752584E+002  -1.86729046E+002   2.80135323E+003  -1.11861865E+000   2.80247185E+003   1.76247794E-001  -1.87847664E+002  -1.87671416E+002
     284       1     1.19999997E+001   7.10295596E+003   1.08013925E+000   2.80136907E+003   2.80028893E+003  -2.02710370E+000  -1.88825720E+002  -1.86798617E+002   2.80119608E+003  -1.11995703E+000   2.80231603E+003   1.72992584E-001  -1.87918574E+002  -1.87745581E+002
     285       1     1.19999997E+001   7.10266590E+003   1.07906004E+000   2.80120893E+003   2.80012987E+003  -2.03066267E+000  -1.88898623E+002  -1.86867960E+002   2.80103864E+003  -1.12188568E+000   2.80216053E+003   1.70283044E-001  -1.87989846E+002  -1.87819563E+002
     286       1     1.19999997E+001   7.10237357E+003   1.07716413E+000   2.80104697E+003   2.79996981E+003  -2.03387230E+000  -1.88971844E+002  -1.86937971E+002   2.80088039E+003  -1.12329246E+000   2.80200368E+003   1.66584287E-001  -1.88061264E+002  -1.87894679E+002
     287       1     1.19999997E+001   7.10208127E+003   1.07572337E+000   2.80088540E+003   2.79980968E+003  -2.03710954E+000  -1.89045140E+002  -1.87008030E+002   2.80072190E+003  -1.12488325E+000   2.80184679E+003   1.63497077E-001  -1.88132913E+002  -1.87969416E+002
     288       1     1.19999997E+001   7.10178695E+003   1.07388317E+000   2.80072247E+003   2.79964859E+003  -2.04045971E+000  -1.89118791E+002  -1.87078331E+002   2.80056217E+003  -1.12688084E+000   2.80168905E+003   1.60304305E-001  -1.88205212E+002  -1.88044908E+002
     289       1     1.19999997E+001   7.10149167E+003   1.07250475E+000   2.80055950E+003   2.79948699E+003  -2.04326380E+000  -1.89192668E+002  -1.87149405E+002   2.80040196E+003  -1.12830135E+000   2.80153026E+003   1.57542294E-001  -1.88277706E+002  -1.88120164E+002
     290       1     1.19999997E+001   7.10119497E+003   1.07106466E+000   2.80039562E+003   2.79932456E+003  -2.04595886E+000  -1.89266964E+002  -1.87221005E+002   2.80024134E+003  -1.12917366E+000   2.80137052E+003   1.54279456E-001  -1.88350179E+002  -1.88195899E+002
     291       1     1.19999997E+001   7.10089917E+003   1.06845976E+000   2.80023170E+003   2.79916324E+003  -2.04817187E+000  -1.89340404E+002  -1.87292232E+002   2.80008095E+003  -1.13045917E+000   2.80121141E+003   1.50747067E-001  -1.88422691E+002  -1.88271944E+002
     292       1     1.19999997E+001   7.10060166E+003   1.06698369E+000   2.80006734E+003   2.79900035E+003  -2.05175994E+000  -1.89414905E+002  -1.87363146E+002   2.79991904E+003  -1.13307459E+000   2.80105211E+003   1.48298350E-001  -1.88496220E+002  -1.88347922E+002
     293       1     1.19999997E+001   7.10030264E+003   1.06510484E+000   2.79990191E+003   2.79883681E+003  -2.05439720E+000  -1.89489618E+002  -1.87435221E+002   2.79975716E+003  -1.13404406E+000   2.80089120E+003   1.44751696E-001  -1.88569265E+002  -1.88424513E+002
     294       1     1.19999997E+001   7.10000119E+003   1.06391570E+000   2.79973558E+003   2.79867166E+003  -2.05745393E+000  -1.89565200E+002  -1.87507746E+002   2.79959364E+003  -1.13547901E+000   2.80072912E+003   1.41940787E-001  -1.88643225E+002  -1.88501284E+002
     295       1     1.19999997E+001   7.09969786E+003   1.06242189E+000   2.79956788E+003   2.79850546E+003  -2.06074432E+000  -1.89641282E+002  -1.87580537E+002   2.79942926E+003  -1.13694667E+000   2.80056621E+003   1.38624233E-001  -1.88717484E+002  -1.88578860E+002
     296       1     1.19999997E+001   7.09939430E+003   1.06126491E+000   2.79940032E+003   2.79833906E+003  -2.06441311E+000  -1.89717497E+002  -1.87653084E+002   2.79926427E+003  -1.13920406E+000   2.80040347E+003   1.36055857E-001  -1.88792288E+002  -1.88656232E+002
     297       1     1.19999997E+001   7.09908963E+003   1.05969443E+000   2.79923196E+003   2.79817226E+003  -2.06755700E+000  -1.89793774E+002  -1.87726217E+002   2.79909897E+003  -1.14085143E+000   2.80023982E+003   1.32988863E-001  -1.88867069E+002  -1.88734080E+002
     298       1     1.19999997E+001   7.09878193E+003   1.05845899E+000   2.79906234E+003   2.79800388E+003  -2.07009473E+000  -1.89870730E+002  -1.87800635E+002   2.79893205E+003  -1.14192517E+000   2.80007398E+003   1.30289429E-001  -1.88942560E+002  -1.88812271E+002
     299       1     1.19999997E+001   7.09847536E+003   1.05690848E+000   2.79889308E+003   2.79783617E+003  -2.07276801E+000  -1.89947354E+002  -1.87874586E+002   2.79876579E+003  -1.14315587E+000   2.79990894E+003   1.27296340E-001  -1.89017742E+002  -1.88890446E+002
     300       1     1.19999997E+001   7.09816655E+003   1.05520428E+000   2.79872252E+003   2.79766731E+003  -2.07537534E+000  -1.90024463E+002  -1.87949087E+002   2.79859830E+003  -1.14438981E+000   2.79974269E+003   1.24218752E-001  -1.89093477E+002  -1.88969259E+002
     301       1     1.19999997E+001   7.09785645E+003   1.05464990E+000   2.79855173E+003   2.79749708E+003  -2.07911839E+000  -1.90102560E+002  -1.88023441E+002   2.79842982E+003  -1.14637290E+000   2.79957620E+003   1.21904409E-001  -1.89169814E+002  -1.89047910E+002
     302       1     1.19999997E+001   7.09754823E+003   1.05414538E+000   2.79838206E+003   2.79732791E+003  -2.08277820E+000  -1.90180142E+002  -1.88097363E+002   2.79826224E+003  -1.14844880E+000   2.79941069E+003   1.19815976E-001  -1.89245812E+002  -1.89125996E+002
     303       1     1.19999997E+001   7.09723652E+003   1.05321953E+000   2.79821023E+003   2.79715701E+003  -2.08627694E+000  -1.90258430E+002  -1.88172153E+002   2.79809287E+003  -1.15041292E+000   2.79924328E+003   1.17355503E-001  -1.89322566E+002  -1.89205210E+002
     304       1     1.19999997E+001   7.09692313E+003   1.05256736E+000   2.79803739E+003   2.79698483E+003  -2.09012594E+000  -1.90337491E+002  -1.88247365E+002   2.79792302E+003  -1.15193385E+000   2.79907495E+003   1.14375269E-001  -1.89399298E+002  -1.89284923E+002
     305       1     1.19999997E+001   7.09660988E+003   1.05115993E+000   2.79786443E+003   2.79681327E+003  -2.09360436E+000  -1.90415968E+002  -1.88322364E+002   2.79775271E+003  -1.15415789E+000   2.79890687E+003   1.11713459E-001  -1.89476522E+002  -1.89364808E+002
     306       1     1.19999997E+001   7.09629458E+003   1.05044139E+000   2.79769066E+003   2.79664022E+003  -2.09717160E+000  -1.90495326E+002  -1.88398155E+002   2.79758163E+003  -1.15576381E+000   2.79873739E+003   1.09033599E-001  -1.89553918E+002  -1.89444885E+002
     307       1     1.19999997E+001   7.09597846E+003   1.04787579E+000   2.79751547E+003   2.79646760E+003  -2.09927973E+000  -1.90574012E+002  -1.88474732E+002   2.79741076E+003  -1.15611723E+000   2.79856688E+003   1.04713291E-001  -1.89630850E+002  -1.89526136E+002
     308       1     1.19999997E+001   7.09565919E+003   1.04736136E+000   2.79733989E+003   2.79629253E+003  -2.10208716E+000  -1.90654204E+002  -1.88552117E+002   2.79723761E+003  -1.15701391E+000   2.79839462E+003   1.02288108E-001  -1.89709131E+002  -1.89606843E+002
     309       1     1.19999997E+001   7.09534200E+003   1.04728751E+000   2.79716540E+003   2.79611811E+003  -2.10605427E+000  -1.90734366E+002  -1.88628312E+002   2.79706543E+003  -1.15873947E+000   2.79822417E+003   9.99727042E-002  -1.89787051E+002  -1.89687079E+002
     310       1     1.19999997E+001   7.09501828E+003   1.04567241E+000   2.79698656E+003   2.79594089E+003  -2.10880025E+000  -1.90815396E+002  -1.88706596E+002   2.79689021E+003  -1.15947800E+000   2.79804969E+003   9.63501540E-002  -1.89866074E+002  -1.89769724E+002
     311       1     1.19999997E+001   7.09469732E+003   1.04413000E+000   2.79680932E+003   2.79576519E+003  -2.11172088E+000  -1.90895709E+002  -1.88783988E+002   2.79671612E+003  -1.16079163E+000   2.79787691E+003   9.32007526E-002  -1.89944779E+002  -1.89851579E+002
     312       1     1.19999997E+001   7.09437325E+003   1.04272848E+000   2.79663043E+003   2.79558770E+003  -2.11474449E+000  -1.90976893E+002  -1.88862149E+002   2.79654040E+003  -1.16204436E+000   2.79770245E+003   9.00283501E-002  -1.90024193E+002  -1.89934165E+002
     313       1     1.19999997E+001   7.09404713E+003   1.04148931E+000   2.79645046E+003   2.79540897E+003  -2.11815806E+000  -1.91058709E+002  -1.88940551E+002   2.79636337E+003  -1.16375678E+000   2.79752713E+003   8.70880321E-002  -1.90104308E+002  -1.90017220E+002
     314       1     1.19999997E+001   7.09371967E+003   1.03893439E+000   2.79626914E+003   2.79523021E+003  -2.12059793E+000  -1.91140160E+002  -1.89019562E+002   2.79618582E+003  -1.16498704E+000   2.79735080E+003   8.33235034E-002  -1.90184549E+002  -1.90101226E+002
     315       1     1.19999997E+001   7.09339128E+003   1.03786637E+000   2.79608804E+003   2.79505017E+003  -2.12400951E+000  -1.91222600E+002  -1.89098591E+002   2.79600756E+003  -1.16662725E+000   2.79717418E+003   8.04841075E-002  -1.90265218E+002  -1.90184734E+002
     316       1     1.19999997E+001   7.09306054E+003   1.03681078E+000   2.79590586E+003   2.79486905E+003  -2.12709793E+000  -1.91305432E+002  -1.89178334E+002   2.79582773E+003  -1.16841020E+000   2.79699614E+003   7.81230459E-002  -1.90346745E+002  -1.90268622E+002
     317       1     1.19999997E+001   7.09272091E+003   1.03507525E+000   2.79571839E+003   2.79468331E+003  -2.12956718E+000  -1.91390228E+002  -1.89260661E+002   2.79564366E+003  -1.16922331E+000   2.79681288E+003   7.47313785E-002  -1.90429885E+002  -1.90355153E+002
     318       1     1.19999997E+001   7.09238741E+003   1.03373033E+000   2.79553442E+003   2.79450069E+003  -2.13256663E+000  -1.91473737E+002  -1.89341171E+002   2.79546268E+003  -1.17057036E+000   2.79663326E+003   7.17340595E-002  -1.90511741E+002  -1.90440007E+002
     319       1     1.19999997E+001   7.09204732E+003   1.03164797E+000   2.79534646E+003   2.79431482E+003  -2.13536102E+000  -1.91558530E+002  -1.89423169E+002   2.79527799E+003  -1.17218613E+000   2.79645018E+003   6.84730772E-002  -1.90595355E+002  -1.90526882E+002
     320       1     1.19999997E+001   7.09170825E+003   1.03028465E+000   2.79515984E+003   2.79412956E+003  -2.13717932E+000  -1.91643012E+002  -1.89505833E+002   2.79509395E+003  -1.17278878E+000   2.79626674E+003   6.58941136E-002  -1.90678622E+002  -1.90612728E+002
     321       1     1.19999997E+001   7.09137120E+003   1.02953003E+000   2.79497417E+003   2.79394464E+003  -2.14051859E+000  -1.91727753E+002  -1.89587235E+002   2.79491115E+003  -1.17400797E+000   2.79608516E+003   6.30194149E-002  -1.90761243E+002  -1.90698223E+002
     322       1     1.19999997E+001   7.09103499E+003   1.02882851E+000   2.79478923E+003   2.79376041E+003  -2.14407912E+000  -1.91812060E+002  -1.89667981E+002   2.79472784E+003  -1.17664664E+000   2.79590448E+003   6.13960292E-002  -1.90844627E+002  -1.90783231E+002
     323       1     1.19999997E+001   7.09070119E+003   1.02694982E+000   2.79460489E+003   2.79357794E+003  -2.14630391E+000  -1.91895313E+002  -1.89749009E+002   2.79454698E+003  -1.17725720E+000   2.79572424E+003   5.79031087E-002  -1.90926267E+002  -1.90868364E+002
     324       1     1.19999997E+001   7.09036549E+003   1.02628077E+000   2.79441992E+003   2.79339364E+003  -2.14958071E+000  -1.91979835E+002  -1.89830254E+002   2.79436523E+003  -1.17799233E+000   2.79554322E+003   5.46923801E-002  -1.91008247E+002  -1.90953554E+002
     325       1     1.19999997E+001   7.09002749E+003   1.02343859E+000   2.79423290E+003   2.79320946E+003  -2.15077575E+000  -1.92063547E+002  -1.89912772E+002   2.79418232E+003  -1.17791957E+000   2.79536024E+003   5.05824026E-002  -1.91090691E+002  -1.91040109E+002
     326       1     1.19999997E+001   7.08968872E+003   1.02187315E+000   2.79404603E+003   2.79302415E+003  -2.15296855E+000  -1.92148158E+002  -1.89995190E+002   2.79399883E+003  -1.17829294E+000   2.79517712E+003   4.71975419E-002  -1.91173483E+002  -1.91126285E+002
     327       1     1.19999997E+001   7.08935053E+003   1.02022004E+000   2.79385957E+003   2.79283935E+003  -2.15504935E+000  -1.92232438E+002  -1.90077389E+002   2.79381529E+003  -1.17911006E+000   2.79499440E+003   4.42807543E-002  -1.91256499E+002  -1.91212218E+002
     328       1     1.19999997E+001   7.08901139E+003   1.01891621E+000   2.79367252E+003   2.79265360E+003  -2.15805175E+000  -1.92317375E+002  -1.90159323E+002   2.79363120E+003  -1.18044910E+000   2.79481165E+003   4.13135630E-002  -1.91339772E+002  -1.91298459E+002
     329       1     1.19999997E+001   7.08866856E+003   1.01821281E+000   2.79348377E+003   2.79246556E+003  -2.16168160E+000  -1.92403511E+002  -1.90241830E+002   2.79344474E+003  -1.18249687E+000   2.79462724E+003   3.90280819E-002  -1.91424326E+002  -1.91385298E+002
     330       1     1.19999997E+001   7.08832807E+003   1.01702602E+000   2.79329616E+003   2.79227914E+003  -2.16462587E+000  -1.92488720E+002  -1.90324094E+002   2.79325967E+003  -1.18409083E+000   2.79444376E+003   3.64909750E-002  -1.91508184E+002  -1.91471693E+002
     331       1     1.19999997E+001   7.08798668E+003   1.01535246E+000   2.79310786E+003   2.79209251E+003  -2.16692181E+000  -1.92573861E+002  -1.90406939E+002   2.79307436E+003  -1.18506806E+000   2.79425943E+003   3.34987044E-002  -1.91592007E+002  -1.91558509E+002
     332       1     1.19999997E+001   7.08764230E+003   1.01355884E+000   2.79291775E+003   2.79190419E+003  -2.16921734E+000  -1.92659810E+002  -1.90490593E+002   2.79288773E+003  -1.18566958E+000   2.79407340E+003   3.00110755E-002  -1.91676262E+002  -1.91646251E+002
     333       1     1.19999997E+001   7.08729525E+003   1.01172794E+000   2.79272599E+003   2.79171427E+003  -2.17154003E+000  -1.92746560E+002  -1.90575020E+002   2.79270007E+003  -1.18574007E+000   2.79388581E+003   2.59279797E-002  -1.91760760E+002  -1.91734832E+002
     334       1     1.19999997E+001   7.08695101E+003   1.00907295E+000   2.79253556E+003   2.79152649E+003  -2.17300737E+000  -1.92832006E+002  -1.90658998E+002   2.79251379E+003  -1.18570358E+000   2.79369949E+003   2.17691573E-002  -1.91844702E+002  -1.91822933E+002
     335       1     1.19999997E+001   7.08660406E+003   1.00747919E+000   2.79234432E+003   2.79133684E+003  -2.17457484E+000  -1.92918507E+002  -1.90743932E+002   2.79232602E+003  -1.18540028E+000   2.79351142E+003   1.83046346E-002  -1.91929333E+002  -1.91911028E+002
     336       1     1.19999997E+001   7.08625648E+003   1.00584886E+000   2.79215263E+003   2.79114678E+003  -2.17713283E+000  -1.93005241E+002  -1.90828109E+002   2.79213717E+003  -1.18673627E+000   2.79332391E+003   1.54523039E-002  -1.92014845E+002  -1.91999393E+002
     337       1     1.19999997E+001   7.08590873E+003   1.00436023E+000   2.79196088E+003   2.79095652E+003  -2.17948037E+000  -1.93092112E+002  -1.90912632E+002   2.79194857E+003  -1.18743457E+000   2.79313600E+003   1.23144349E-002  -1.92100066E+002  -1.92087752E+002
     338       1     1.19999997E+001   7.08556081E+003   1.00273888E+000   2.79176899E+003   2.79076626E+003  -2.18174276E+000  -1.93178943E+002  -1.90997200E+002   2.79175985E+003  -1.18814973E+000   2.79294800E+003   9.14584593E-003  -1.92185350E+002  -1.92176204E+002
     339       1     1.19999997E+001   7.08520877E+003   1.00179444E+000   2.79157531E+003   2.79057352E+003  -2.18482749E+000  -1.93267019E+002  -1.91082192E+002   2.79156804E+003  -1.19030727E+000   2.79275834E+003   7.27421959E-003  -1.92272499E+002  -1.92265225E+002
     340       1     1.19999997E+001   7.08485735E+003   1.00011674E+000   2.79138146E+003   2.79038135E+003  -2.18721382E+000  -1.93354706E+002  -1.91167492E+002   2.79137728E+003  -1.19128373E+000   2.79256856E+003   4.18664595E-003  -1.92358776E+002  -1.92354589E+002
     341       1     1.19999997E+001   7.08450429E+003   9.99249696E-001   2.79118705E+003   2.79018780E+003  -2.19046950E+000  -1.93443280E+002  -1.91252810E+002   2.79118538E+003  -1.19289245E+000   2.79237827E+003   1.67264505E-003  -1.92445703E+002  -1.92444030E+002
     342       1     1.19999997E+001   7.08414951E+003   9.97635120E-001   2.79099133E+003   2.78999369E+003  -2.19313633E+000  -1.93531911E+002  -1.91338775E+002   2.79099277E+003  -1.19405235E+000   2.79218683E+003  -1.44885286E-003  -1.92532827E+002  -1.92534276E+002
     343       1     1.19999997E+001   7.08379568E+003   9.96323986E-001   2.79079628E+003   2.78979996E+003  -2.19584018E+000  -1.93620438E+002  -1.91424598E+002   2.79080072E+003  -1.19508135E+000   2.79199580E+003  -4.43484271E-003  -1.92619679E+002  -1.92624114E+002
     344       1     1.19999997E+001   7.08343712E+003   9.95502673E-001   2.79059893E+003   2.78960343E+003  -2.19916684E+000  -1.93710357E+002  -1.91511190E+002   2.79060562E+003  -1.19697201E+000   2.79180260E+003  -6.69216006E-003  -1.92708162E+002  -1.92714855E+002
     345       1     1.19999997E+001   7.08307627E+003   9.94127515E-001   2.79040005E+003   2.78940592E+003  -2.20179632E+000  -1.93800568E+002  -1.91598771E+002   2.79040969E+003  -1.19802741E+000   2.79160772E+003  -9.64139789E-003  -1.92796799E+002  -1.92806440E+002
     346       1     1.19999997E+001   7.08271789E+003   9.91582106E-001   2.79020189E+003   2.78921031E+003  -2.20354834E+000  -1.93889626E+002  -1.91686077E+002   2.79021554E+003  -1.19831290E+000   2.79141386E+003  -1.36533368E-002  -1.92884390E+002  -1.92898043E+002
     347       1     1.19999997E+001   7.08235543E+003   9.90911099E-001   2.79000233E+003   2.78901142E+003  -2.20660491E+000  -1.93980733E+002  -1.91774128E+002   2.79001907E+003  -1.19895632E+000   2.79121803E+003  -1.67374937E-002  -1.92973084E+002  -1.92989822E+002
     348       1     1.19999997E+001   7.08199383E+003   9.89200145E-001   2.78980274E+003   2.78881354E+003  -2.20888036E+000  -1.94071100E+002  -1.91862220E+002   2.78982332E+003  -1.19909553E+000   2.79102242E+003  -2.05846848E-002  -1.93061315E+002  -1.93081900E+002
     349       1     1.19999997E+001   7.08162926E+003   9.89419609E-001   2.78960236E+003   2.78861294E+003  -2.21283372E+000  -1.94163286E+002  -1.91950452E+002   2.78962557E+003  -1.20020945E+000   2.79082577E+003  -2.32046600E-002  -1.93150662E+002  -1.93173867E+002
     350       1     1.19999997E+001   7.08126275E+003   9.88694678E-001   2.78940067E+003   2.78841198E+003  -2.21556669E+000  -1.94255262E+002  -1.92039695E+002   2.78942684E+003  -1.20070632E+000   2.79062755E+003  -2.61656864E-002  -1.93240401E+002  -1.93266567E+002
     351       1     1.19999997E+001   7.08089325E+003   9.86497541E-001   2.78919675E+003   2.78821025E+003  -2.21695262E+000  -1.94347113E+002  -1.92130160E+002   2.78922670E+003  -1.20050653E+000   2.79042721E+003  -2.99485462E-002  -1.93330667E+002  -1.93360615E+002
     352       1     1.19999997E+001   7.08052570E+003   9.85585909E-001   2.78899419E+003   2.78800860E+003  -2.22027811E+000  -1.94439463E+002  -1.92219185E+002   2.78902733E+003  -1.20155347E+000   2.79022888E+003  -3.31387299E-002  -1.93420738E+002  -1.93453877E+002
     353       1     1.19999997E+001   7.08015398E+003   9.84106516E-001   2.78878943E+003   2.78780532E+003  -2.22213101E+000  -1.94532200E+002  -1.92310069E+002   2.78882577E+003  -1.20168207E+000   2.79002746E+003  -3.63424270E-002  -1.93511751E+002  -1.93548093E+002
     354       1     1.19999997E+001   7.07978492E+003   9.82315542E-001   2.78858583E+003   2.78760351E+003  -2.22468198E+000  -1.94624263E+002  -1.92399581E+002   2.78862524E+003  -1.20294959E+000   2.78982819E+003  -3.94168477E-002  -1.93602531E+002  -1.93641948E+002
     355       1     1.19999997E+001   7.07941390E+003   9.80825337E-001   2.78838124E+003   2.78740042E+003  -2.22724898E+000  -1.94717020E+002  -1.92489771E+002   2.78842393E+003  -1.20373471E+000   2.78962767E+003  -4.26889292E-002  -1.93693506E+002  -1.93736195E+002
     356       1     1.19999997E+001   7.07903892E+003   9.79056815E-001   2.78817429E+003   2.78719524E+003  -2.22977088E+000  -1.94810683E+002  -1.92580912E+002   2.78822055E+003  -1.20446085E+000   2.78942501E+003  -4.62532109E-002  -1.93785373E+002  -1.93831626E+002
     357       1     1.19999997E+001   7.07866503E+003   9.77640089E-001   2.78796823E+003   2.78699059E+003  -2.23235796E+000  -1.94904134E+002  -1.92671776E+002   2.78801750E+003  -1.20544557E+000   2.78922295E+003  -4.92723025E-002  -1.93877222E+002  -1.93926494E+002
     358       1     1.19999997E+001   7.07829071E+003   9.75883846E-001   2.78776175E+003   2.78678586E+003  -2.23488863E+000  -1.94997537E+002  -1.92762649E+002   2.78781416E+003  -1.20659457E+000   2.78902075E+003  -5.24102166E-002  -1.93969243E+002  -1.94021653E+002
     359       1     1.19999997E+001   7.07791245E+003   9.73494591E-001   2.78755280E+003   2.78657930E+003  -2.23693734E+000  -1.95091601E+002  -1.92854664E+002   2.78760881E+003  -1.20742698E+000   2.78881624E+003  -5.60157727E-002  -1.94062091E+002  -1.94118107E+002
     360       1     1.19999997E+001   7.07753536E+003   9.73174943E-001   2.78734544E+003   2.78637227E+003  -2.24048854E+000  -1.95186482E+002  -1.92945994E+002   2.78740384E+003  -1.20891240E+000   2.78861276E+003  -5.84011887E-002  -1.94154906E+002  -1.94213307E+002
     361       1     1.19999997E+001   7.07715564E+003   9.71300512E-001   2.78713576E+003   2.78616446E+003  -2.24278984E+000  -1.95281357E+002  -1.93038567E+002   2.78719827E+003  -1.20897886E+000   2.78840725E+003  -6.25104633E-002  -1.94247546E+002  -1.94310056E+002
     362       1     1.19999997E+001   7.07677430E+003   9.69454485E-001   2.78692541E+003   2.78595595E+003  -2.24496386E+000  -1.95376443E+002  -1.93131480E+002   2.78699133E+003  -1.20958758E+000   2.78820092E+003  -6.59217986E-002  -1.94341067E+002  -1.94406989E+002
     363       1     1.19999997E+001   7.07639162E+003   9.68421354E-001   2.78671477E+003   2.78574635E+003  -2.24747258E+000  -1.95472221E+002  -1.93224749E+002   2.78678357E+003  -1.21025743E+000   2.78799382E+003  -6.87938033E-002  -1.94435006E+002  -1.94503800E+002
     364       1     1.19999997E+001   7.07600763E+003   9.67177044E-001   2.78650317E+003   2.78553599E+003  -2.25046481E+000  -1.95568371E+002  -1.93317906E+002   2.78657495E+003  -1.21150047E+000   2.78778645E+003  -7.17873006E-002  -1.94529406E+002  -1.94601194E+002
     365       1     1.19999997E+001   7.07562190E+003   9.65313696E-001   2.78629037E+003   2.78532505E+003  -2.25246842E+000  -1.95664575E+002  -1.93412107E+002   2.78636586E+003  -1.21166112E+000   2.78757752E+003  -7.54936075E-002  -1.94623768E+002  -1.94699262E+002
     366       1     1.19999997E+001   7.07523481E+003   9.63712697E-001   2.78607698E+003   2.78511327E+003  -2.25465902E+000  -1.95761223E+002  -1.93506564E+002   2.78615589E+003  -1.21203613E+000   2.78736793E+003  -7.89101962E-002  -1.94718600E+002  -1.94797511E+002
     367       1     1.19999997E+001   7.07484705E+003   9.61513476E-001   2.78586288E+003   2.78490137E+003  -2.25666811E+000  -1.95857781E+002  -1.93601113E+002   2.78594554E+003  -1.21249228E+000   2.78715804E+003  -8.26623470E-002  -1.94813605E+002  -1.94896267E+002
     368       1     1.19999997E+001   7.07445530E+003   9.59354579E-001   2.78564658E+003   2.78468722E+003  -2.25874486E+000  -1.95955398E+002  -1.93696653E+002   2.78573313E+003  -1.21284256E+000   2.78694597E+003  -8.65477184E-002  -1.94909496E+002  -1.94996044E+002
     369       1     1.19999997E+001   7.07406309E+003   9.57779547E-001   2.78543028E+003   2.78447250E+003  -2.26148108E+000  -1.96053446E+002  -1.93791965E+002   2.78552014E+003  -1.21384995E+000   2.78673399E+003  -8.98515902E-002  -1.95005815E+002  -1.95095667E+002
     370       1     1.19999997E+001   7.07367047E+003   9.56324145E-001   2.78521394E+003   2.78425762E+003  -2.26425975E+000  -1.96151543E+002  -1.93887283E+002   2.78530661E+003  -1.21526452E+000   2.78652188E+003  -9.26710892E-002  -1.95102548E+002  -1.95195219E+002
     371       1     1.19999997E+001   7.07327837E+003   9.54425884E-001   2.78499752E+003   2.78404309E+003  -2.26663977E+000  -1.96249427E+002  -1.93982787E+002   2.78509393E+003  -1.21579861E+000   2.78630973E+003  -9.64152681E-002  -1.95198586E+002  -1.95295001E+002
     372       1     1.19999997E+001   7.07288212E+003   9.53486416E-001   2.78477928E+003   2.78382579E+003  -2.27037669E+000  -1.96348850E+002  -1.94078474E+002   2.78487821E+003  -1.21796114E+000   2.78609617E+003  -9.89291368E-002  -1.95296435E+002  -1.95395364E+002
     373       1     1.19999997E+001   7.07248787E+003   9.52525441E-001   2.78456212E+003   2.78360959E+003  -2.27323322E+000  -1.96447764E+002  -1.94174531E+002   2.78466442E+003  -1.21840933E+000   2.78588283E+003  -1.02298455E-001  -1.95392940E+002  -1.95495239E+002
     374       1     1.19999997E+001   7.07208727E+003   9.50830704E-001   2.78434121E+003   2.78339038E+003  -2.27589152E+000  -1.96547795E+002  -1.94271904E+002   2.78444670E+003  -1.21957304E+000   2.78566628E+003  -1.05487778E-001  -1.95491477E+002  -1.95596964E+002
     375       1     1.19999997E+001   7.07168849E+003   9.46822022E-001   2.78412000E+003   2.78317318E+003  -2.27695001E+000  -1.96646361E+002  -1.94369411E+002   2.78423085E+003  -1.21927788E+000   2.78545013E+003  -1.10850116E-001  -1.95588689E+002  -1.95699539E+002
     376       1     1.19999997E+001   7.07128262E+003   9.45592805E-001   2.78389638E+003   2.78295078E+003  -2.28008344E+000  -1.96748014E+002  -1.94467930E+002   2.78401026E+003  -1.22060340E+000   2.78523087E+003  -1.13887235E-001  -1.95688534E+002  -1.95802421E+002
     377       1     1.19999997E+001   7.07088018E+003   9.44753315E-001   2.78367508E+003   2.78273032E+003  -2.28288654E+000  -1.96848741E+002  -1.94565854E+002   2.78379124E+003  -1.22197569E+000   2.78501321E+003  -1.16157537E-001  -1.95787830E+002  -1.95903988E+002
     378       1     1.19999997E+001   7.07047359E+003   9.42510430E-001   2.78345071E+003   2.78250820E+003  -2.28429089E+000  -1.96949901E+002  -1.94665610E+002   2.78357095E+003  -1.22153944E+000   2.78479249E+003  -1.20241020E-001  -1.95887149E+002  -1.96007390E+002
     379       1     1.19999997E+001   7.07006640E+003   9.39360089E-001   2.78322524E+003   2.78228588E+003  -2.28596863E+000  -1.97051073E+002  -1.94765104E+002   2.78335055E+003  -1.22129790E+000   2.78457185E+003  -1.25310635E-001  -1.95986402E+002  -1.96111713E+002
     380       1     1.19999997E+001   7.06965226E+003   9.38896156E-001   2.78299740E+003   2.78205851E+003  -2.29003240E+000  -1.97155226E+002  -1.94865193E+002   2.78312504E+003  -1.22349691E+000   2.78434854E+003  -1.27639332E-001  -1.96088690E+002  -1.96216330E+002
     381       1     1.19999997E+001   7.06924417E+003   9.36571787E-001   2.78277209E+003   2.78183552E+003  -2.29212222E+000  -1.97256796E+002  -1.94964673E+002   2.78290342E+003  -1.22421916E+000   2.78412764E+003  -1.31331277E-001  -1.96188893E+002  -1.96320224E+002
     382       1     1.19999997E+001   7.06883506E+003   9.35287657E-001   2.78254657E+003   2.78161128E+003  -2.29469224E+000  -1.97359301E+002  -1.95064609E+002   2.78268175E+003  -1.22422316E+000   2.78390598E+003  -1.35181420E-001  -1.96288832E+002  -1.96424013E+002
     383       1     1.19999997E+001   7.06842512E+003   9.34649449E-001   2.78232082E+003   2.78138617E+003  -2.29749247E+000  -1.97462441E+002  -1.95164949E+002   2.78246003E+003  -1.22362661E+000   2.78368366E+003  -1.39216416E-001  -1.96388575E+002  -1.96527792E+002
     384       1     1.19999997E+001   7.06801210E+003   9.33432118E-001   2.78209339E+003   2.78115996E+003  -2.29987990E+000  -1.97565756E+002  -1.95265876E+002   2.78223584E+003  -1.22399605E+000   2.78345984E+003  -1.42451725E-001  -1.96489872E+002  -1.96632324E+002
     385       1     1.19999997E+001   7.06760104E+003   9.30593707E-001   2.78186573E+003   2.78093514E+003  -2.30226927E+000  -1.97668264E+002  -1.95365995E+002   2.78201337E+003  -1.22403405E+000   2.78323740E+003  -1.47641508E-001  -1.96590029E+002  -1.96737670E+002
     386       1     1.19999997E+001   7.06718365E+003   9.28144682E-001   2.78163554E+003   2.78070740E+003  -2.30411368E+000  -1.97771802E+002  -1.95467688E+002   2.78178596E+003  -1.22554976E+000   2.78301151E+003  -1.50419237E-001  -1.96693238E+002  -1.96843657E+002
     387       1     1.19999997E+001   7.06676729E+003   9.24867548E-001   2.78140511E+003   2.78048024E+003  -2.30490895E+000  -1.97875061E+002  -1.95570152E+002   2.78156091E+003  -1.22423727E+000   2.78278515E+003  -1.55804140E-001  -1.96794389E+002  -1.96950193E+002
     388       1     1.19999997E+001   7.06634692E+003   9.21653448E-001   2.78117235E+003   2.78025070E+003  -2.30603257E+000  -1.97979513E+002  -1.95673481E+002   2.78133386E+003  -1.22286823E+000   2.78255673E+003  -1.61510891E-001  -1.96896349E+002  -1.97057860E+002
     389       1     1.19999997E+001   7.06593355E+003   9.18200386E-001   2.78094312E+003   2.78002492E+003  -2.30789922E+000  -1.98082284E+002  -1.95774385E+002   2.78111029E+003  -1.22252134E+000   2.78233282E+003  -1.67177488E-001  -1.96996906E+002  -1.97164083E+002
     390       1     1.19999997E+001   7.06551655E+003   9.16100908E-001   2.78071268E+003   2.77979658E+003  -2.31029697E+000  -1.98186523E+002  -1.95876226E+002   2.78088454E+003  -1.22234064E+000   2.78210688E+003  -1.71855418E-001  -1.97098567E+002  -1.97270422E+002
     391       1     1.19999997E+001   7.06510101E+003   9.13082573E-001   2.78048314E+003   2.77957005E+003  -2.31099106E+000  -1.98289389E+002  -1.95978398E+002   2.78065917E+003  -1.22187302E+000   2.78188104E+003  -1.76035461E-001  -1.97200271E+002  -1.97376307E+002
     392       1     1.19999997E+001   7.06468312E+003   9.12381669E-001   2.78025358E+003   2.77934120E+003  -2.31409197E+000  -1.98393878E+002  -1.96079786E+002   2.78043091E+003  -1.22438006E+000   2.78165529E+003  -1.77330238E-001  -1.97304166E+002  -1.97481496E+002
     393       1     1.19999997E+001   7.06427066E+003   9.09494065E-001   2.78002578E+003   2.77911629E+003  -2.31524387E+000  -1.98496040E+002  -1.96180796E+002   2.78020679E+003  -1.22474385E+000   2.78143153E+003  -1.81005956E-001  -1.97405540E+002  -1.97586545E+002
     394       1     1.19999997E+001   7.06385935E+003   9.07718213E-001   2.77979894E+003   2.77889122E+003  -2.31682418E+000  -1.98598695E+002  -1.96281870E+002   2.77998409E+003  -1.22396008E+000   2.78120805E+003  -1.85145887E-001  -1.97505831E+002  -1.97690976E+002
     395       1     1.19999997E+001   7.06344404E+003   9.05630218E-001   2.77956980E+003   2.77866417E+003  -2.31915874E+000  -1.98702146E+002  -1.96382988E+002   2.77975816E+003  -1.22516273E+000   2.78098333E+003  -1.88365798E-001  -1.97608150E+002  -1.97796516E+002
     396       1     1.19999997E+001   7.06302809E+003   9.02809398E-001   2.77933944E+003   2.77843664E+003  -2.32141918E+000  -1.98805881E+002  -1.96484462E+002   2.77953305E+003  -1.22500390E+000   2.78075805E+003  -1.93605884E-001  -1.97709466E+002  -1.97903072E+002
     397       1     1.19999997E+001   7.06261308E+003   8.99513336E-001   2.77910979E+003   2.77821028E+003  -2.32209224E+000  -1.98908717E+002  -1.96586624E+002   2.77930851E+003  -1.22386425E+000   2.78053237E+003  -1.98714657E-001  -1.97810489E+002  -1.98009203E+002
     398       1     1.19999997E+001   7.06219910E+003   8.98058679E-001   2.77888168E+003   2.77798362E+003  -2.32394446E+000  -1.99012166E+002  -1.96688221E+002   2.77908410E+003  -1.22345688E+000   2.78030756E+003  -2.02428898E-001  -1.97911678E+002  -1.98114107E+002
     399       1     1.19999997E+001   7.06178266E+003   8.95687477E-001   2.77865221E+003   2.77775653E+003  -2.32507903E+000  -1.99115308E+002  -1.96790229E+002   2.77885723E+003  -1.22437377E+000   2.78008160E+003  -2.05017780E-001  -1.98014602E+002  -1.98219620E+002
     400       1     1.19999997E+001   7.06137577E+003   8.93999946E-001   2.77842829E+003   2.77753429E+003  -2.32617001E+000  -1.99216429E+002  -1.96890259E+002   2.77863597E+003  -1.22449469E+000   2.77986046E+003  -2.07675373E-001  -1.98114754E+002  -1.98322429E+002
     401       1     1.19999997E+001   7.06096618E+003   8.91753361E-001   2.77820232E+003   2.77731057E+003  -2.32712504E+000  -1.99318237E+002  -1.96991112E+002   2.77841396E+003  -1.22373579E+000   2.77963769E+003  -2.11635884E-001  -1.98214847E+002  -1.98426483E+002
     402       1     1.19999997E+001   7.06055359E+003   8.87983424E-001   2.77797389E+003   2.77708590E+003  -2.32676101E+000  -1.99420092E+002  -1.97093331E+002   2.77819106E+003  -1.22160767E+000   2.77941267E+003  -2.17169922E-001  -1.98314938E+002  -1.98532108E+002
     403       1     1.19999997E+001   7.06014170E+003   8.86121602E-001   2.77774630E+003   2.77686018E+003  -2.32922214E+000  -1.99523210E+002  -1.97193988E+002   2.77796811E+003  -1.22129569E+000   2.77918940E+003  -2.21804856E-001  -1.98415283E+002  -1.98637088E+002
     404       1     1.19999997E+001   7.05973061E+003   8.84557318E-001   2.77752018E+003   2.77663563E+003  -2.33007261E+000  -1.99625391E+002  -1.97295319E+002   2.77774467E+003  -1.22102568E+000   2.77896570E+003  -2.24489616E-001  -1.98516345E+002  -1.98740834E+002
     405       1     1.19999997E+001   7.05931958E+003   8.82177511E-001   2.77729346E+003   2.77641129E+003  -2.33110876E+000  -1.99727381E+002  -1.97396272E+002   2.77752138E+003  -1.22101675E+000   2.77874239E+003  -2.27914501E-001  -1.98617289E+002  -1.98845203E+002
     406       1     1.19999997E+001   7.05890991E+003   8.81545041E-001   2.77706829E+003   2.77618675E+003  -2.33325376E+000  -1.99829967E+002  -1.97496713E+002   2.77729874E+003  -1.22125833E+000   2.77852000E+003  -2.30450389E-001  -1.98717972E+002  -1.98948422E+002
     407       1     1.19999997E+001   7.05849977E+003   8.79310761E-001   2.77684253E+003   2.77596322E+003  -2.33410729E+000  -1.99931399E+002  -1.97597292E+002   2.77707493E+003  -1.22239658E+000   2.77829733E+003  -2.32399941E-001  -1.98819689E+002  -1.99052088E+002
     408       1     1.19999997E+001   7.05808722E+003   8.76460350E-001   2.77661460E+003   2.77573814E+003  -2.33417034E+000  -2.00033666E+002  -1.97699496E+002   2.77685189E+003  -1.22041435E+000   2.77807231E+003  -2.37295639E-001  -1.98919910E+002  -1.99157206E+002
     409       1     1.19999997E+001   7.05767324E+003   8.73921178E-001   2.77638587E+003   2.77551195E+003  -2.33553182E+000  -2.00136614E+002  -1.97801082E+002   2.77662745E+003  -1.22003488E+000   2.77784748E+003  -2.41575768E-001  -1.99021117E+002  -1.99262693E+002
     410       1     1.19999997E+001   7.05726245E+003   8.71576044E-001   2.77615921E+003   2.77528764E+003  -2.33683977E+000  -2.00238631E+002  -1.97901791E+002   2.77640418E+003  -1.22029900E+000   2.77762448E+003  -2.44964726E-001  -1.99122090E+002  -1.99367055E+002
     411       1     1.19999997E+001   7.05685270E+003   8.70241073E-001   2.77593379E+003   2.77506355E+003  -2.33851620E+000  -2.00340733E+002  -1.98002217E+002   2.77618111E+003  -1.22095332E+000   2.77740206E+003  -2.47321807E-001  -1.99223170E+002  -1.99470492E+002
     412       1     1.19999997E+001   7.05644675E+003   8.67285970E-001   2.77570936E+003   2.77484207E+003  -2.33887450E+000  -2.00441346E+002  -1.98102471E+002   2.77596141E+003  -1.21954089E+000   2.77718095E+003  -2.52047636E-001  -1.99322012E+002  -1.99574060E+002
     413       1     1.19999997E+001   7.05603766E+003   8.65595873E-001   2.77548385E+003   2.77461825E+003  -2.34048905E+000  -2.00543371E+002  -1.98202882E+002   2.77573936E+003  -1.21937876E+000   2.77695874E+003  -2.55514410E-001  -1.99422261E+002  -1.99677775E+002
     414       1     1.19999997E+001   7.05562251E+003   8.64365061E-001   2.77525576E+003   2.77439139E+003  -2.34196318E+000  -2.00646626E+002  -1.98304663E+002   2.77551284E+003  -1.22051527E+000   2.77673336E+003  -2.57082848E-001  -1.99525178E+002  -1.99782261E+002
     415       1     1.19999997E+001   7.05521572E+003   8.62217488E-001   2.77503123E+003   2.77416902E+003  -2.34277470E+000  -2.00747888E+002  -1.98405113E+002   2.77529271E+003  -1.21907858E+000   2.77651179E+003  -2.61478641E-001  -1.99624192E+002  -1.99885671E+002
     416       1     1.19999997E+001   7.05480652E+003   8.59900612E-001   2.77480589E+003   2.77394599E+003  -2.34198907E+000  -2.00849082E+002  -1.98507093E+002   2.77507103E+003  -1.21695023E+000   2.77628798E+003  -2.65138230E-001  -1.99724043E+002  -1.99989181E+002
     417       1     1.19999997E+001   7.05439934E+003   8.58447660E-001   2.77458131E+003   2.77372287E+003  -2.34377626E+000  -2.00950964E+002  -1.98607188E+002   2.77485056E+003  -1.21608339E+000   2.77606664E+003  -2.69245213E-001  -1.99823271E+002  -2.00092516E+002
     418       1     1.19999997E+001   7.05398877E+003   8.56317606E-001   2.77435503E+003   2.77349871E+003  -2.34404041E+000  -2.01052874E+002  -1.98708833E+002   2.77462800E+003  -1.21475110E+000   2.77584275E+003  -2.72971702E-001  -1.99923585E+002  -2.00196556E+002
     419       1     1.19999997E+001   7.05358104E+003   8.55867859E-001   2.77413078E+003   2.77327491E+003  -2.34594974E+000  -2.01155264E+002  -1.98809314E+002   2.77440720E+003  -1.21366516E+000   2.77562086E+003  -2.76416724E-001  -2.00022979E+002  -2.00299396E+002
     420       1     1.19999997E+001   7.05316551E+003   8.53831911E-001   2.77390177E+003   2.77304794E+003  -2.34689940E+000  -2.01258505E+002  -1.98911605E+002   2.77418141E+003  -1.21342620E+000   2.77539484E+003  -2.79641285E-001  -2.00125031E+002  -2.00404673E+002
     421       1     1.19999997E+001   7.05276019E+003   8.50716808E-001   2.77367796E+003   2.77282725E+003  -2.34555992E+000  -2.01358503E+002  -1.99012943E+002   2.77396245E+003  -1.21035549E+000   2.77517281E+003  -2.84487624E-001  -2.00223299E+002  -2.00507786E+002
     422       1     1.19999997E+001   7.05235405E+003   8.48405973E-001   2.77345412E+003   2.77260571E+003  -2.34581759E+000  -2.01459099E+002  -1.99113281E+002   2.77374181E+003  -1.20972056E+000   2.77495153E+003  -2.87691059E-001  -2.00323002E+002  -2.00610693E+002
     423       1     1.19999997E+001   7.05194397E+003   8.46294716E-001   2.77322846E+003   2.77238216E+003  -2.34563402E+000  -2.01560535E+002  -1.99214901E+002   2.77351883E+003  -1.20896560E+000   2.77472780E+003  -2.90373700E-001  -2.00423867E+002  -2.00714241E+002
     424       1     1.19999997E+001   7.05153480E+003   8.43970253E-001   2.77300267E+003   2.77215870E+003  -2.34630693E+000  -2.01662152E+002  -1.99315845E+002   2.77329691E+003  -1.20808903E+000   2.77450500E+003  -2.94247644E-001  -2.00523934E+002  -2.00818182E+002
     425       1     1.19999997E+001   7.05112371E+003   8.40967867E-001   2.77277552E+003   2.77193455E+003  -2.34560972E+000  -2.01763879E+002  -1.99418269E+002   2.77307488E+003  -1.20527508E+000   2.77428016E+003  -2.99366774E-001  -2.00623544E+002  -2.00922911E+002
     426       1     1.19999997E+001   7.05071548E+003   8.39558800E-001   2.77255055E+003   2.77171100E+003  -2.34696842E+000  -2.01865859E+002  -1.99518891E+002   2.77285364E+003  -1.20432482E+000   2.77405796E+003  -3.03084802E-001  -2.00723215E+002  -2.01026300E+002
     427       1     1.19999997E+001   7.05030508E+003   8.37213156E-001   2.77232426E+003   2.77148704E+003  -2.34702810E+000  -2.01967591E+002  -1.99620563E+002   2.77263109E+003  -1.20298319E+000   2.77383407E+003  -3.06831748E-001  -2.00823546E+002  -2.01130378E+002
     428       1     1.19999997E+001   7.04989378E+003   8.34902652E-001   2.77209713E+003   2.77126223E+003  -2.34770887E+000  -2.02069917E+002  -1.99722208E+002   2.77240848E+003  -1.20145904E+000   2.77360994E+003  -3.11347172E-001  -2.00923667E+002  -2.01235014E+002
     429       1     1.19999997E+001   7.04948524E+003   8.30728115E-001   2.77187095E+003   2.77104023E+003  -2.34617838E+000  -2.02170247E+002  -1.99824069E+002   2.77218751E+003  -1.19889256E+000   2.77338640E+003  -3.16557714E-001  -2.01022961E+002  -2.01339519E+002
     430       1     1.19999997E+001   7.04907438E+003   8.27617321E-001   2.77164424E+003   2.77081662E+003  -2.34533670E+000  -2.02271487E+002  -1.99926150E+002   2.77196453E+003  -1.19743341E+000   2.77316196E+003  -3.20285963E-001  -2.01123584E+002  -2.01443870E+002
     431       1     1.19999997E+001   7.04866734E+003   8.24661418E-001   2.77141933E+003   2.77059467E+003  -2.34477377E+000  -2.02372213E+002  -2.00027440E+002   2.77174448E+003  -1.19495926E+000   2.77293944E+003  -3.25153091E-001  -2.01222399E+002  -2.01547552E+002
     432       1     1.19999997E+001   7.04826066E+003   8.21699067E-001   2.77119461E+003   2.77037291E+003  -2.34467879E+000  -2.02472845E+002  -2.00128166E+002   2.77152415E+003  -1.19344013E+000   2.77271759E+003  -3.29539592E-001  -2.01321606E+002  -2.01651146E+002
     433       1     1.19999997E+001   7.04785191E+003   8.18659027E-001   2.77096898E+003   2.77015032E+003  -2.34436500E+000  -2.02573693E+002  -2.00229328E+002   2.77130207E+003  -1.19261336E+000   2.77249468E+003  -3.33092622E-001  -2.01421941E+002  -2.01755034E+002
     434       1     1.19999997E+001   7.04744520E+003   8.17188429E-001   2.77074509E+003   2.76992790E+003  -2.34513824E+000  -2.02674968E+002  -2.00329830E+002   2.77108124E+003  -1.19180076E+000   2.77227304E+003  -3.36149049E-001  -2.01521631E+002  -2.01857780E+002
     435       1     1.19999997E+001   7.04703239E+003   8.13628808E-001   2.77051646E+003   2.76970283E+003  -2.34478448E+000  -2.02777082E+002  -2.00432297E+002   2.77085826E+003  -1.18935308E+000   2.77204762E+003  -3.41802599E-001  -2.01621650E+002  -2.01963453E+002
     436       1     1.19999997E+001   7.04662179E+003   8.09480640E-001   2.77028928E+003   2.76947980E+003  -2.34264818E+000  -2.02877813E+002  -2.00535165E+002   2.77063635E+003  -1.18609971E+000   2.77182245E+003  -3.47067826E-001  -2.01721265E+002  -2.02068333E+002
     437       1     1.19999997E+001   7.04621068E+003   8.06523793E-001   2.77006202E+003   2.76925550E+003  -2.34233016E+000  -2.02979656E+002  -2.00637326E+002   2.77041408E+003  -1.18374683E+000   2.77159783E+003  -3.52059534E-001  -2.01821072E+002  -2.02173132E+002
     438       1     1.19999997E+001   7.04580074E+003   8.02936374E-001   2.76983560E+003   2.76903266E+003  -2.34059799E+000  -2.03080387E+002  -2.00739789E+002   2.77019204E+003  -1.18121583E+000   2.77137326E+003  -3.56445790E-001  -2.01921005E+002  -2.02277451E+002
     439       1     1.19999997E+001   7.04538820E+003   7.99987084E-001   2.76960806E+003   2.76880807E+003  -2.33931277E+000  -2.03182089E+002  -2.00842776E+002   2.76996844E+003  -1.17893800E+000   2.77114738E+003  -3.60387684E-001  -2.02021714E+002  -2.02382102E+002
     440       1     1.19999997E+001   7.04497670E+003   7.96537766E-001   2.76938072E+003   2.76858419E+003  -2.33848191E+000  -2.03283393E+002  -2.00944911E+002   2.76974504E+003  -1.17762524E+000   2.77092267E+003  -3.64318903E-001  -2.02122537E+002  -2.02486856E+002
     441       1     1.19999997E+001   7.04456774E+003   7.94712089E-001   2.76915529E+003   2.76836058E+003  -2.33901740E+000  -2.03385175E+002  -2.01046157E+002   2.76952334E+003  -1.17625108E+000   2.77069959E+003  -3.68054232E-001  -2.02222408E+002  -2.02590462E+002
     442       1     1.19999997E+001   7.04415702E+003   7.91190679E-001   2.76892789E+003   2.76813670E+003  -2.33874959E+000  -2.03486702E+002  -2.01147952E+002   2.76930110E+003  -1.17434445E+000   2.77047545E+003  -3.73214459E-001  -2.02322297E+002  -2.02695511E+002
     443       1     1.19999997E+001   7.04374699E+003   7.87569988E-001   2.76870113E+003   2.76791356E+003  -2.33777844E+000  -2.03587690E+002  -2.01249911E+002   2.76907892E+003  -1.17241461E+000   2.77025134E+003  -3.77793835E-001  -2.02422326E+002  -2.02800120E+002
     444       1     1.19999997E+001   7.04333101E+003   7.84317938E-001   2.76847132E+003   2.76768700E+003  -2.33685918E+000  -2.03690328E+002  -2.01353469E+002   2.76885358E+003  -1.17027491E+000   2.77002386E+003  -3.82266332E-001  -2.02523744E+002  -2.02906010E+002
     445       1     1.19999997E+001   7.04292554E+003   7.80446691E-001   2.76824695E+003   2.76746650E+003  -2.33567288E+000  -2.03790031E+002  -2.01454358E+002   2.76863388E+003  -1.16828723E+000   2.76980217E+003  -3.86938955E-001  -2.02622645E+002  -2.03009584E+002
     446       1     1.19999997E+001   7.04251146E+003   7.77739059E-001   2.76801820E+003   2.76724046E+003  -2.33532684E+000  -2.03892710E+002  -2.01557383E+002   2.76840998E+003  -1.16580122E+000   2.76957578E+003  -3.91786554E-001  -2.02723184E+002  -2.03114971E+002
     447       1     1.19999997E+001   7.04210287E+003   7.75084151E-001   2.76779286E+003   2.76701778E+003  -2.33471067E+000  -2.03993657E+002  -2.01658947E+002   2.76818818E+003  -1.16431325E+000   2.76935249E+003  -3.95313268E-001  -2.02823260E+002  -2.03218573E+002
     448       1     1.19999997E+001   7.04169078E+003   7.71327448E-001   2.76756510E+003   2.76679377E+003  -2.33311352E+000  -2.04094889E+002  -2.01761775E+002   2.76796477E+003  -1.16211070E+000   2.76912688E+003  -3.99675379E-001  -2.02923886E+002  -2.03323561E+002
     449       1     1.19999997E+001   7.04127587E+003   7.68923712E-001   2.76733633E+003   2.76656741E+003  -2.33302553E+000  -2.04197635E+002  -2.01864610E+002   2.76773941E+003  -1.16102022E+000   2.76890043E+003  -4.03081603E-001  -2.03025630E+002  -2.03428711E+002
     450       1     1.19999997E+001   7.04086670E+003   7.65660297E-001   2.76711018E+003   2.76634452E+003  -2.33189520E+000  -2.04298613E+002  -2.01966718E+002   2.76751804E+003  -1.15837087E+000   2.76867641E+003  -4.07864034E-001  -2.03125089E+002  -2.03532953E+002
     451       1     1.19999997E+001   7.04045368E+003   7.63418189E-001   2.76688255E+003   2.76611914E+003  -2.33196116E+000  -2.04400934E+002  -2.02068972E+002   2.76729349E+003  -1.15760384E+000   2.76845110E+003  -4.10939138E-001  -2.03226576E+002  -2.03637515E+002
     452       1     1.19999997E+001   7.04004326E+003   7.58811873E-001   2.76665494E+003   2.76589613E+003  -2.33021712E+000  -2.04501658E+002  -2.02171441E+002   2.76707170E+003  -1.15464587E+000   2.76822634E+003  -4.16759370E-001  -2.03326087E+002  -2.03742846E+002
     453       1     1.19999997E+001   7.03963558E+003   7.55081979E-001   2.76642931E+003   2.76567423E+003  -2.32878410E+000  -2.04602083E+002  -2.02273299E+002   2.76685133E+003  -1.15167952E+000   2.76800301E+003  -4.22022598E-001  -2.03424979E+002  -2.03847001E+002
     454       1     1.19999997E+001   7.03922346E+003   7.50496398E-001   2.76620130E+003   2.76545081E+003  -2.32583768E+000  -2.04702703E+002  -2.02376865E+002   2.76662816E+003  -1.14847874E+000   2.76777664E+003  -4.26862538E-001  -2.03525344E+002  -2.03952207E+002
     455       1     1.19999997E+001   7.03880876E+003   7.46377523E-001   2.76597193E+003   2.76522556E+003  -2.32313327E+000  -2.04804384E+002  -2.02481250E+002   2.76640414E+003  -1.14454807E+000   2.76754869E+003  -4.32207670E-001  -2.03625798E+002  -2.04058006E+002
     456       1     1.19999997E+001   7.03839317E+003   7.43207843E-001   2.76574227E+003   2.76499906E+003  -2.32249590E+000  -2.04907044E+002  -2.02584548E+002   2.76617887E+003  -1.14268587E+000   2.76732155E+003  -4.36602180E-001  -2.03727234E+002  -2.04163836E+002
     457       1     1.19999997E+001   7.03798252E+003   7.39616126E-001   2.76551496E+003   2.76477535E+003  -2.32164546E+000  -2.05008386E+002  -2.02686740E+002   2.76595666E+003  -1.14033723E+000   2.76709699E+003  -4.41692103E-001  -2.03827078E+002  -2.04268770E+002
     458       1     1.19999997E+001   7.03757247E+003   7.36475237E-001   2.76528845E+003   2.76455198E+003  -2.32070732E+000  -2.05109563E+002  -2.02788856E+002   2.76573433E+003  -1.13834816E+000   2.76687268E+003  -4.45883922E-001  -2.03927204E+002  -2.04373088E+002
     459       1     1.19999997E+001   7.03715484E+003   7.34181596E-001   2.76505831E+003   2.76432412E+003  -2.32015847E+000  -2.05212961E+002  -2.02892803E+002   2.76550765E+003  -1.13663190E+000   2.76664428E+003  -4.49344974E-001  -2.04029435E+002  -2.04478780E+002
     460       1     1.19999997E+001   7.03673864E+003   7.30773099E-001   2.76482819E+003   2.76409742E+003  -2.31947133E+000  -2.05315635E+002  -2.02996164E+002   2.76528188E+003  -1.13501062E+000   2.76641689E+003  -4.53687611E-001  -2.04131175E+002  -2.04584862E+002
     461       1     1.19999997E+001   7.03632372E+003   7.27354482E-001   2.76459865E+003   2.76387130E+003  -2.31854297E+000  -2.05418103E+002  -2.03099560E+002   2.76505738E+003  -1.13246355E+000   2.76618984E+003  -4.58724945E-001  -2.04232023E+002  -2.04690748E+002
     462       1     1.19999997E+001   7.03590686E+003   7.23027837E-001   2.76436773E+003   2.76364470E+003  -2.31668811E+000  -2.05520467E+002  -2.03203779E+002   2.76483189E+003  -1.12949846E+000   2.76596139E+003  -4.64161809E-001  -2.04333277E+002  -2.04797439E+002
     463       1     1.19999997E+001   7.03548977E+003   7.19865988E-001   2.76413751E+003   2.76341765E+003  -2.31529120E+000  -2.05623222E+002  -2.03307931E+002   2.76460564E+003  -1.12729199E+000   2.76573294E+003  -4.68133228E-001  -2.04435223E+002  -2.04903356E+002
     464       1     1.19999997E+001   7.03507263E+003   7.16248473E-001   2.76390674E+003   2.76319049E+003  -2.31429171E+000  -2.05726062E+002  -2.03411770E+002   2.76437964E+003  -1.12513812E+000   2.76550478E+003  -4.72905117E-001  -2.04536908E+002  -2.05009813E+002
     465       1     1.19999997E+001   7.03465745E+003   7.12937694E-001   2.76367735E+003   2.76296441E+003  -2.31349713E+000  -2.05828398E+002  -2.03514900E+002   2.76415412E+003  -1.12378454E+000   2.76527791E+003  -4.76774898E-001  -2.04638685E+002  -2.05115460E+002
     466       1     1.19999997E+001   7.03424211E+003   7.08030461E-001   2.76344710E+003   2.76273907E+003  -2.31103303E+000  -2.05929951E+002  -2.03618918E+002   2.76392931E+003  -1.12079153E+000   2.76505010E+003  -4.82211038E-001  -2.04739710E+002  -2.05221921E+002
     467       1     1.19999997E+001   7.03382588E+003   7.04304868E-001   2.76321702E+003   2.76251272E+003  -2.30915495E+000  -2.06032244E+002  -2.03723089E+002   2.76370378E+003  -1.11808934E+000   2.76482187E+003  -4.86760752E-001  -2.04841178E+002  -2.05327939E+002
     468       1     1.19999997E+001   7.03340534E+003   6.98517684E-001   2.76298343E+003   2.76228491E+003  -2.30644273E+000  -2.06134706E+002  -2.03828263E+002   2.76347608E+003  -1.11527285E+000   2.76459135E+003  -4.92652200E-001  -2.04943536E+002  -2.05436188E+002
     469       1     1.19999997E+001   7.03298822E+003   6.95081688E-001   2.76275279E+003   2.76205771E+003  -2.30588729E+000  -2.06237584E+002  -2.03931697E+002   2.76324954E+003  -1.11405717E+000   2.76436359E+003  -4.96748436E-001  -2.05045754E+002  -2.05542502E+002
     470       1     1.19999997E+001   7.03256962E+003   6.89515596E-001   2.76252033E+003   2.76183082E+003  -2.30283686E+000  -2.06339704E+002  -2.04036867E+002   2.76302341E+003  -1.11024320E+000   2.76413365E+003  -5.03078055E-001  -2.05147110E+002  -2.05650188E+002
     471       1     1.19999997E+001   7.03214975E+003   6.84281397E-001   2.76228714E+003   2.76160286E+003  -2.30055424E+000  -2.06442507E+002  -2.04141953E+002   2.76279657E+003  -1.10683981E+000   2.76390341E+003  -5.09433041E-001  -2.05248792E+002  -2.05758225E+002
     472       1     1.19999997E+001   7.03173299E+003   6.78297009E-001   2.76205564E+003   2.76137734E+003  -2.29698156E+000  -2.06543797E+002  -2.04246815E+002   2.76257126E+003  -1.10306316E+000   2.76367432E+003  -5.15621390E-001  -2.05349878E+002  -2.05865500E+002
     473       1     1.19999997E+001   7.03131075E+003   6.73616040E-001   2.76182153E+003   2.76114792E+003  -2.29421890E+000  -2.06647360E+002  -2.04353141E+002   2.76234355E+003  -1.09858470E+000   2.76344213E+003  -5.22018163E-001  -2.05451726E+002  -2.05973744E+002
     474       1     1.19999997E+001   7.03088490E+003   6.67208535E-001   2.76158486E+003   2.76091765E+003  -2.29102159E+000  -2.06750681E+002  -2.04459659E+002   2.76211260E+003  -1.09607578E+000   2.76320867E+003  -5.27737275E-001  -2.05555735E+002  -2.06083472E+002
     475       1     1.19999997E+001   7.03046614E+003   6.61818268E-001   2.76135223E+003   2.76069041E+003  -2.28797751E+000  -2.06853086E+002  -2.04565109E+002   2.76188688E+003  -1.09150996E+000   2.76297839E+003  -5.34649283E-001  -2.05656619E+002  -2.06191268E+002
     476       1     1.19999997E+001   7.03004323E+003   6.55856756E-001   2.76111706E+003   2.76046120E+003  -2.28472306E+000  -2.06956230E+002  -2.04671507E+002   2.76165879E+003  -1.08713666E+000   2.76274592E+003  -5.41729643E-001  -2.05758643E+002  -2.06300373E+002
     477       1     1.19999997E+001   7.02961477E+003   6.50256365E-001   2.76087930E+003   2.76022904E+003  -2.28162382E+000  -2.07060656E+002  -2.04779032E+002   2.76142683E+003  -1.08383585E+000   2.76251067E+003  -5.47531601E-001  -2.05862868E+002  -2.06410399E+002
     478       1     1.19999997E+001   7.02918738E+003   6.42955893E-001   2.76064085E+003   2.75999790E+003  -2.27833728E+000  -2.07164394E+002  -2.04886057E+002   2.76119608E+003  -1.08014890E+000   2.76227623E+003  -5.55232479E-001  -2.05966205E+002  -2.06521438E+002
     479       1     1.19999997E+001   7.02876611E+003   6.37577792E-001   2.76040707E+003   2.75976950E+003  -2.27509251E+000  -2.07267199E+002  -2.04992107E+002   2.76096846E+003  -1.07612840E+000   2.76204459E+003  -5.61386316E-001  -2.06068235E+002  -2.06629622E+002
     480       1     1.19999997E+001   7.02834229E+003   6.31003842E-001   2.76017100E+003   2.75954000E+003  -2.27142618E+000  -2.07370345E+002  -2.05098919E+002   2.76074017E+003  -1.07124977E+000   2.76181142E+003  -5.69172573E-001  -2.06170169E+002  -2.06739341E+002
     481       1     1.19999997E+001   7.02791675E+003   6.25590624E-001   2.75993477E+003   2.75930918E+003  -2.26888774E+000  -2.07474292E+002  -2.05205404E+002   2.76050976E+003  -1.06830825E+000   2.76157807E+003  -5.74988862E-001  -2.06273712E+002  -2.06848701E+002
     482       1     1.19999997E+001   7.02748659E+003   6.21335719E-001   2.75969611E+003   2.75907477E+003  -2.26766259E+000  -2.07580456E+002  -2.05312794E+002   2.76027756E+003  -1.06487268E+000   2.76134243E+003  -5.81454198E-001  -2.06377666E+002  -2.06959121E+002
     483       1     1.19999997E+001   7.02706570E+003   6.15546725E-001   2.75946230E+003   2.75884675E+003  -2.26415371E+000  -2.07682983E+002  -2.05418829E+002   2.76005022E+003  -1.06068765E+000   2.76111091E+003  -5.87919330E-001  -2.06479517E+002  -2.07067436E+002
     484       1     1.19999997E+001   7.02663988E+003   6.10044373E-001   2.75922570E+003   2.75861565E+003  -2.26124005E+000  -2.07787122E+002  -2.05525882E+002   2.75982045E+003  -1.05644478E+000   2.76087689E+003  -5.94750901E-001  -2.06582327E+002  -2.07177077E+002
     485       1     1.19999997E+001   7.02620860E+003   6.02590348E-001   2.75898525E+003   2.75838266E+003  -2.25651469E+000  -2.07891521E+002  -2.05635006E+002   2.75958816E+003  -1.05102243E+000   2.76063918E+003  -6.02901906E-001  -2.06686028E+002  -2.07288930E+002
     486       1     1.19999997E+001   7.02577754E+003   5.97522066E-001   2.75874634E+003   2.75814882E+003  -2.25289156E+000  -2.07996840E+002  -2.05743949E+002   2.75935541E+003  -1.04629622E+000   2.76040171E+003  -6.09073280E-001  -2.06790245E+002  -2.07399318E+002
     487       1     1.19999997E+001   7.02534964E+003   5.93601856E-001   2.75850973E+003   2.75791613E+003  -2.25106142E+000  -2.08101942E+002  -2.05850881E+002   2.75912315E+003  -1.04403548E+000   2.76016719E+003  -6.13424087E-001  -2.06894916E+002  -2.07508340E+002
     488       1     1.19999997E+001   7.02492297E+003   5.88718972E-001   2.75827327E+003   2.75768455E+003  -2.24853211E+000  -2.08206292E+002  -2.05957760E+002   2.75889186E+003  -1.04121875E+000   2.75993308E+003  -6.18594390E-001  -2.06998979E+002  -2.07617573E+002
     489       1     1.19999997E+001   7.02449730E+003   5.83480059E-001   2.75803717E+003   2.75745369E+003  -2.24524621E+000  -2.08310228E+002  -2.06064982E+002   2.75866174E+003  -1.03719447E+000   2.75969893E+003  -6.24571681E-001  -2.07102176E+002  -2.07726748E+002
     490       1     1.19999997E+001   7.02406834E+003   5.77554514E-001   2.75779861E+003   2.75722105E+003  -2.24236241E+000  -2.08414950E+002  -2.06172587E+002   2.75842999E+003  -1.03342637E+000   2.75946341E+003  -6.31381524E-001  -2.07206014E+002  -2.07837395E+002
     491       1     1.19999997E+001   7.02364398E+003   5.72041622E-001   2.75756281E+003   2.75699077E+003  -2.23918427E+000  -2.08518690E+002  -2.06279505E+002   2.75820111E+003  -1.02884307E+000   2.75922995E+003  -6.38299576E-001  -2.07308348E+002  -2.07946648E+002
     492       1     1.19999997E+001   7.02321211E+003   5.66355014E-001   2.75732313E+003   2.75675678E+003  -2.23518699E+000  -2.08623894E+002  -2.06388707E+002   2.75796790E+003  -1.02406857E+000   2.75899197E+003  -6.44763406E-001  -2.07412775E+002  -2.08057539E+002
     493       1     1.19999997E+001   7.02278313E+003   5.59746664E-001   2.75708427E+003   2.75652452E+003  -2.23083227E+000  -2.08728222E+002  -2.06497389E+002   2.75773705E+003  -1.01830655E+000   2.75875535E+003  -6.52779053E-001  -2.07515696E+002  -2.08168475E+002
     494       1     1.19999997E+001   7.02235365E+003   5.53670259E-001   2.75684521E+003   2.75629154E+003  -2.22772778E+000  -2.08833121E+002  -2.06605393E+002   2.75750548E+003  -1.01379520E+000   2.75851927E+003  -6.60262323E-001  -2.07619188E+002  -2.08279450E+002
     495       1     1.19999997E+001   7.02192151E+003   5.47985307E-001   2.75660483E+003   2.75605684E+003  -2.22447467E+000  -2.08938947E+002  -2.06714472E+002   2.75727299E+003  -1.00832365E+000   2.75828132E+003  -6.68165715E-001  -2.07722796E+002  -2.08390961E+002
     496       1     1.19999997E+001   7.02149230E+003   5.43095236E-001   2.75636674E+003   2.75582365E+003  -2.22157800E+000  -2.09044137E+002  -2.06822559E+002   2.75704122E+003  -1.00400198E+000   2.75804523E+003  -6.74480784E-001  -2.07826561E+002  -2.08501042E+002
     497       1     1.19999997E+001   7.02106408E+003   5.37251853E-001   2.75612879E+003   2.75559154E+003  -2.21722605E+000  -2.09148536E+002  -2.06931310E+002   2.75681076E+003  -9.97999808E-001   2.75780876E+003  -6.81974393E-001  -2.07929310E+002  -2.08611284E+002
     498       1     1.19999997E+001   7.02062905E+003   5.32300426E-001   2.75588763E+003   2.75535533E+003  -2.21471227E+000  -2.09254997E+002  -2.07040285E+002   2.75657494E+003  -9.95101544E-001   2.75757004E+003  -6.87310298E-001  -2.08035386E+002  -2.08722697E+002
     499       1     1.19999997E+001   7.02019639E+003   5.25711926E-001   2.75564663E+003   2.75512092E+003  -2.21073525E+000  -2.09360368E+002  -2.07149632E+002   2.75634200E+003  -9.89658655E-001   2.75733165E+003  -6.95364667E-001  -2.08139291E+002  -2.08834656E+002
     500       1     1.19999997E+001   7.01976261E+003   5.18406024E-001   2.75540492E+003   2.75488651E+003  -2.20538252E+000  -2.09465400E+002  -2.07260018E+002   2.75610867E+003  -9.83221130E-001   2.75709189E+003  -7.03755368E-001  -2.08243239E+002  -2.08946994E+002
