   iLoop   Phase               EVM               SVM              EpVM             EelVM              ----               E11               E22               E33               E12               E13               E23              Ep11              Ep22              Ep33              Ep12              Ep13              Ep23
       1       1     1.19996235E+001   1.00002270E+000   4.36201911E-004   1.19999997E+001   0.00000000E+000   5.73245924E-021  -5.95680824E-021  -1.19999997E+001   5.33466872E-021  -5.53164374E-020  -1.38291093E-020   1.12755486E-004   1.38062198E-004  -2.50817685E-004   1.25409034E-004  -1.65697538E-005   8.93379061E-006
       2       1     1.19992419E+001   1.00002270E+000   8.78683313E-004   1.19999997E+001   0.00000000E+000  -3.63157611E-022  -1.25389081E-020  -1.19999997E+001   2.08058608E-021   2.76582187E-020  -1.38291093E-020   2.27133279E-004   2.78113454E-004  -5.05246733E-004   2.52623753E-004  -3.33728878E-005   1.79862131E-005
       3       1     1.19988548E+001   1.00002270E+000   1.32748438E-003   1.19999997E+001   0.00000000E+000  -8.11299061E-021   3.41103857E-021  -1.19999997E+001  -3.33960324E-021  -1.38291093E-020   2.76582187E-020   3.43147064E-004   4.20162611E-004  -7.63309675E-004   3.81655421E-004  -5.04166335E-005   2.71687337E-005
       4       1     1.19984649E+001   1.00002270E+000   1.77957896E-003   1.19999997E+001   0.00000000E+000  -1.03636634E-020  -4.98711306E-021  -1.19999997E+001   5.20968162E-021  -2.76582187E-020  -1.38291093E-020   4.60012662E-004   5.63253776E-004  -1.02326644E-003   5.11634001E-004  -6.75856307E-005   3.64177312E-005
       5       1     1.19980721E+001   1.00002270E+000   2.23501185E-003   1.19999997E+001   0.00000000E+000   1.19982601E-020  -4.68256500E-021  -1.19999997E+001   2.80854986E-021  -2.76582187E-020   2.76582187E-020   5.77739801E-004   7.07402686E-004  -1.28514249E-003   6.42572225E-004  -8.48824330E-005   4.57388794E-005
       6       1     1.19976764E+001   1.00002270E+000   2.69380496E-003   1.19999997E+001   0.00000000E+000   9.78119973E-021  -4.59872591E-021  -1.19999997E+001   7.60189797E-021   6.91455467E-020  -1.38291093E-020   6.96335160E-004   8.52615416E-004  -1.54895058E-003   7.74476471E-004  -1.02307598E-004   5.51296662E-005
       7       1     1.19972779E+001   1.00002270E+000   3.15587926E-003   1.19999997E+001   0.00000000E+000   3.65861906E-021   2.34582197E-020  -1.19999997E+001   1.46392571E-020   0.00000000E+000  -8.29746561E-020   8.15778728E-004   9.98866655E-004  -1.81464538E-003   9.07324078E-004  -1.19857471E-004   6.45869215E-005
       8       1     1.19968764E+001   1.00002270E+000   3.62134119E-003   1.19999997E+001   0.00000000E+000   3.05473896E-021   1.33942065E-022  -1.19999997E+001   8.18097716E-021   2.76582187E-020   5.53164374E-020   9.36096969E-004   1.14619106E-003  -2.08228803E-003   1.04114561E-003  -1.37536671E-004   7.41127280E-005
       9       1     1.19964722E+001   1.00002270E+000   4.09008969E-003   1.19999997E+001   0.00000000E+000  -8.64667509E-021  -1.60100069E-021  -1.19999997E+001  -3.04549385E-021  -4.14873280E-020   0.00000000E+000   1.05726454E-003   1.29455586E-003  -2.35182040E-003   1.17591200E-003  -1.55341728E-004   8.37054533E-005
      10       1     1.19960651E+001   1.00002270E+000   4.56214364E-003   1.19999997E+001   0.00000000E+000   4.86599019E-021  -2.06293991E-021  -1.19999997E+001   3.09849170E-021   1.38291093E-020   0.00000000E+000   1.17928657E-003   1.44396689E-003  -2.62325346E-003   1.31162873E-003  -1.73272678E-004   9.33642527E-005
      11       1     1.19956551E+001   1.00002270E+000   5.03749310E-003   1.19999997E+001   0.00000000E+000   1.39271260E-020   2.48568829E-020  -1.19999997E+001  -1.75448147E-021  -1.38291093E-020  -1.38291093E-020   1.30216030E-003   1.59442115E-003  -2.89658145E-003   1.44829294E-003  -1.91329064E-004   1.03089758E-004
      12       1     1.19952424E+001   1.00002270E+000   5.51610629E-003   1.19999997E+001   0.00000000E+000   1.16680604E-020  -5.98070574E-022  -1.19999997E+001   8.61421828E-021  -2.76582187E-020   0.00000000E+000   1.42587755E-003   1.74590849E-003  -3.17178604E-003   1.58589544E-003  -2.09510087E-004   1.12882232E-004
      13       1     1.19948268E+001   1.00002270E+000   5.99799687E-003   1.19999997E+001   0.00000000E+000  -4.70183994E-021  -2.29879190E-020  -1.19999997E+001   7.23407165E-022   2.76582187E-020   1.38291093E-020   1.55044248E-003   1.89843270E-003  -3.44887518E-003   1.72444023E-003  -2.27815881E-004   1.22740992E-004
      14       1     1.19944084E+001   1.00002270E+000   6.48317800E-003   1.19999997E+001   0.00000000E+000  -8.48047404E-021  -7.52139558E-021  -1.19999997E+001  -3.63558540E-021  -9.68037654E-020  -2.76582187E-020   1.67585864E-003   2.05199784E-003  -3.72785648E-003   1.86393109E-003  -2.46246539E-004   1.32666008E-004
      15       1     1.19939871E+001   1.00002270E+000   6.97169419E-003   1.19999997E+001   0.00000000E+000   1.11284411E-020   2.88452862E-021  -1.19999997E+001  -1.57939798E-021   1.38291093E-020   1.38291093E-020   1.80213690E-003   2.20661848E-003  -4.00875538E-003   2.00438075E-003  -2.64804697E-004   1.42659617E-004
      16       1     1.19935630E+001   1.00002270E+000   7.46353559E-003   1.19999997E+001   0.00000000E+000   1.53806005E-020  -7.91392390E-021  -1.19999997E+001  -3.92308078E-021  -1.38291093E-020   2.76582187E-020   1.92927539E-003   2.36229091E-003  -4.29156630E-003   2.14578643E-003  -2.83490143E-004   1.52720318E-004
      17       1     1.19931360E+001   1.00002270E+000   7.95865919E-003   1.19999997E+001   0.00000000E+000  -1.21153473E-020  -3.09356053E-020  -1.19999997E+001  -1.88505454E-020  -1.38291093E-020   0.00000000E+000   2.05726217E-003   2.51900230E-003  -4.57626447E-003   2.28813573E-003  -3.02300905E-004   1.62847876E-004
      18       1     1.19927062E+001   1.00002270E+000   8.45709008E-003   1.19999997E+001   0.00000000E+000   7.70608892E-021  -2.50356921E-020  -1.19999997E+001  -7.53975392E-021  -4.14873280E-020  -1.38291093E-020   2.18610339E-003   2.67676089E-003  -4.86286428E-003   2.43143585E-003  -3.21237672E-004   1.73043337E-004
      19       1     1.19922735E+001   1.00002270E+000   8.95891134E-003   1.19999997E+001   0.00000000E+000  -4.99200598E-021   4.05893517E-021  -1.19999997E+001   2.39950826E-020  -4.14873280E-020  -5.53164374E-020   2.31582061E-003   2.83559297E-003  -5.15141358E-003   2.57571072E-003  -3.40303899E-004   1.83306029E-004
      20       1     1.19918379E+001   1.00002270E+000   9.46405341E-003   1.19999997E+001   0.00000000E+000  -9.04884419E-021  -1.58103863E-020  -1.19999997E+001   1.20956833E-020   2.76582187E-020  -8.29746561E-020   2.44639626E-003   2.99547623E-003  -5.44187249E-003   2.72094040E-003  -3.59495852E-004   1.93633937E-004
      21       1     1.19913994E+001   1.00002270E+000   9.97251903E-003   1.19999997E+001   0.00000000E+000  -3.86288862E-021  -8.90559107E-021  -1.19999997E+001   1.30390938E-020   5.53164374E-020   2.76582187E-020   2.57782993E-003   3.15641240E-003  -5.73424233E-003   2.86712555E-003  -3.78814497E-004   2.04030823E-004
      22       1     1.19909581E+001   1.00002270E+000   1.04843349E-002   1.19999997E+001   0.00000000E+000  -6.79150628E-021   1.65320064E-020  -1.19999997E+001   2.69288042E-021   0.00000000E+000   1.38291093E-020   2.71013018E-003   3.31840849E-003  -6.02853867E-003   3.01427394E-003  -3.98259273E-004   2.14497203E-004
      23       1     1.19905140E+001   1.00002270E+000   1.09994202E-002   1.19999997E+001   0.00000000E+000   8.27387012E-021   2.35602984E-020  -1.19999997E+001  -1.26668626E-020  -2.76582187E-020  -2.76582187E-020   2.84327568E-003   3.48143916E-003  -6.32471484E-003   3.16236225E-003  -4.17828356E-004   2.25031797E-004
      24       1     1.19900670E+001   1.00002270E+000   1.15177834E-002   1.19999997E+001   0.00000000E+000  -1.24427246E-020   2.12202952E-020  -1.19999997E+001   3.47493669E-021  -2.76582187E-020   1.38291093E-020   2.97726792E-003   3.64550789E-003  -6.62277581E-003   3.31139297E-003  -4.37522434E-004   2.35632890E-004
      25       1     1.19896172E+001   1.00002270E+000   1.20394385E-002   1.19999997E+001   0.00000000E+000  -1.10416083E-020   5.79258546E-021  -1.19999997E+001  -4.89748424E-021   5.53164374E-020  -1.38291093E-020   3.11211131E-003   3.81061827E-003  -6.92272958E-003   3.46137008E-003  -4.57342770E-004   2.46301263E-004
      26       1     1.19891645E+001   1.00002270E+000   1.25644194E-002   1.19999997E+001   0.00000000E+000   9.32807040E-022  -2.85630002E-020  -1.19999997E+001  -1.31206249E-020   0.00000000E+000  -4.14873280E-020   3.24781240E-003   3.97678307E-003  -7.22459547E-003   3.61230326E-003  -4.77292007E-004   2.57037412E-004
      27       1     1.19887090E+001   1.00002270E+000   1.30926878E-002   1.19999997E+001   0.00000000E+000   2.66887345E-020   1.37359988E-020  -1.19999997E+001   1.10168008E-020  -2.76582187E-020   2.76582187E-020   3.38436235E-003   4.14398936E-003  -7.52835170E-003   3.76418160E-003  -4.97366174E-004   2.67838594E-004
      28       1     1.19882507E+001   1.00002270E+000   1.36242409E-002   1.19999997E+001   0.00000000E+000   1.00894278E-020   2.74839990E-020  -1.19999997E+001   7.74391138E-021   4.14873280E-020   0.00000000E+000   3.52176043E-003   4.31223612E-003  -7.83399655E-003   3.91700426E-003  -5.17566132E-004   2.78706275E-004
      29       1     1.19877896E+001   1.00002270E+000   1.41591020E-002   1.19999997E+001   0.00000000E+000  -1.25952492E-021  -9.41630124E-021  -1.19999997E+001   1.02330102E-020  -1.38291093E-020   2.76582187E-020   3.66001154E-003   4.48153184E-003  -8.14154338E-003   4.07077791E-003  -5.37892741E-004   2.89640610E-004
      30       1     1.19873255E+001   1.00002270E+000   1.46972922E-002   1.19999997E+001   0.00000000E+000  -6.89429719E-021   3.15131547E-020  -1.19999997E+001  -1.15830608E-020   0.00000000E+000  -1.38291093E-020   3.79912302E-003   4.65188130E-003  -8.45100432E-003   4.22550862E-003  -5.58346990E-004   3.00644195E-004
      31       1     1.19868587E+001   1.00002270E+000   1.52387664E-002   1.19999997E+001   0.00000000E+000   3.68781173E-021   1.71297077E-020  -1.19999997E+001  -1.21453906E-020  -1.38291093E-020   4.14873280E-020   3.93908330E-003   4.82327033E-003  -8.76235362E-003   4.38118351E-003  -5.78926309E-004   3.11713771E-004
      32       1     1.19863890E+001   1.00002269E+000   1.57835462E-002   1.19999997E+001   0.00000000E+000  -6.44598165E-021   3.20640633E-020  -1.19999997E+001  -2.05344422E-022  -1.38291093E-020   0.00000000E+000   4.07989743E-003   4.99570618E-003  -9.07560361E-003   4.53780874E-003  -5.99631494E-004   3.22849207E-004
      33       1     1.19859165E+001   1.00002269E+000   1.63316058E-002   1.19999997E+001   0.00000000E+000  -6.86384502E-021   3.97610369E-020  -1.19999997E+001  -1.45116389E-020  -2.76582187E-020  -4.14873280E-020   4.22155821E-003   5.16918132E-003  -9.39073953E-003   4.69537694E-003  -6.20461013E-004   3.34051701E-004
      34       1     1.19854411E+001   1.00002269E+000   1.68829585E-002   1.19999997E+001   0.00000000E+000   6.49409317E-021  -2.03363514E-020  -1.19999997E+001  -9.20664419E-021   0.00000000E+000   4.14873280E-020   4.36407044E-003   5.34369848E-003  -9.70776892E-003   4.85389188E-003  -6.41417339E-004   3.45320602E-004
      35       1     1.19849629E+001   1.00002269E+000   1.74376354E-002   1.19999997E+001   0.00000000E+000  -1.10247996E-020  -3.71510922E-020  -1.19999997E+001  -7.05489314E-021  -1.38291093E-020  -4.14873280E-020   4.50744421E-003   5.51926552E-003  -1.00267097E-002   5.01336253E-003  -6.62500921E-004   3.56658039E-004
      36       1     1.19844818E+001   1.00002269E+000   1.79956716E-002   1.19999997E+001   0.00000000E+000  -2.77493642E-020  -3.91635202E-020  -1.19999997E+001  -3.48489398E-021  -1.38291093E-020   2.76582187E-020   4.65168800E-003   5.69589415E-003  -1.03475822E-002   5.17379898E-003  -6.83712954E-004   3.68066258E-004
      37       1     1.19839978E+001   1.00002269E+000   1.85570778E-002   1.19999997E+001   0.00000000E+000   1.41470701E-021  -1.36669967E-020  -1.19999997E+001  -2.60852699E-020  -1.38291093E-020  -4.14873280E-020   4.79680418E-003   5.87358805E-003  -1.06703922E-002   5.33520427E-003  -7.05054227E-004   3.79544623E-004
      38       1     1.19835108E+001   1.00002269E+000   1.91219473E-002   1.19999997E+001   0.00000000E+000  -9.77442086E-021  -3.00325910E-020  -1.19999997E+001   1.78611137E-020   0.00000000E+000   0.00000000E+000   4.94281789E-003   6.05237582E-003  -1.09951937E-002   5.49760526E-003  -7.26528224E-004   3.91096155E-004
      39       1     1.19830209E+001   1.00002269E+000   1.96902166E-002   1.19999997E+001   0.00000000E+000   1.04638875E-020   1.34755529E-020  -1.19999997E+001   9.72253743E-021   1.38291093E-020   4.14873280E-020   5.08971159E-003   6.23223853E-003  -1.13219501E-002   5.66098371E-003  -7.48131820E-004   4.02717797E-004
      40       1     1.19825281E+001   1.00002269E+000   2.02618929E-002   1.19999997E+001   0.00000000E+000   1.78135495E-020   3.52614751E-021  -1.19999997E+001  -1.79350086E-020   6.91455467E-020   6.91455467E-020   5.23748770E-003   6.41317797E-003  -1.16506657E-002   5.82534174E-003  -7.69864595E-004   4.14407464E-004
      41       1     1.19820324E+001   1.00002269E+000   2.08369720E-002   1.19999997E+001   0.00000000E+000   5.01438681E-021  -1.25026661E-021  -1.19999997E+001   2.89535635E-021  -1.38291093E-020  -2.76582187E-020   5.38614358E-003   6.59519419E-003  -1.19813378E-002   5.99067804E-003  -7.91726577E-004   4.26169310E-004
      42       1     1.19815337E+001   1.00002269E+000   2.14154622E-002   1.19999997E+001   0.00000000E+000  -4.16588045E-021  -3.96469303E-020  -1.19999997E+001  -3.16982152E-021  -2.76582187E-020   1.38291093E-020   5.53568085E-003   6.77829036E-003  -1.23139712E-002   6.15699502E-003  -8.13718966E-004   4.38001699E-004
      43       1     1.19810321E+001   1.00002269E+000   2.19973073E-002   1.19999997E+001   0.00000000E+000   4.13174870E-021  -9.68017608E-021  -1.19999997E+001   6.45928881E-021   5.53164374E-020   1.38291093E-020   5.68608703E-003   6.96244654E-003  -1.26485336E-002   6.32427645E-003  -8.35841073E-004   4.49905728E-004
      44       1     1.19805277E+001   1.00002269E+000   2.25824459E-002   1.19999997E+001   0.00000000E+000   1.87374807E-020  -3.34958559E-020  -1.19999997E+001   8.10906045E-022   4.14873280E-020   1.38291093E-020   5.83734436E-003   7.14764503E-003  -1.29849894E-002   6.49250462E-003  -8.58091887E-004   4.61878399E-004
      45       1     1.19800205E+001   1.00002269E+000   2.31708349E-002   1.19999997E+001   0.00000000E+000   1.85408208E-020   1.05643836E-020  -1.19999997E+001   1.86536614E-020   2.76582187E-020  -4.14873280E-020   5.98943969E-003   7.33387399E-003  -1.33233137E-002   6.66166702E-003  -8.80472587E-004   4.73919368E-004
      46       1     1.19793742E+001   1.00002269E+000   2.39206683E-002   1.19999997E+001   0.00000000E+000  -1.79807397E-020   7.25745480E-021  -1.19999997E+001   1.35216334E-020   4.14873280E-020  -4.14873280E-020   6.18494793E-003   7.56948769E-003  -1.37544356E-002   6.87722838E-003  -9.09185973E-004   4.92228356E-004
      47       1     1.19787556E+001   1.00002269E+000   2.46375915E-002   1.19999997E+001   0.00000000E+000  -2.70463134E-021   1.03703549E-021  -1.19999997E+001  -9.93930306E-021  -8.29746561E-020   0.00000000E+000   6.37759594E-003   7.78945825E-003  -1.41670542E-002   7.08353806E-003  -9.35562031E-004   5.07717176E-004
      48       1     1.19782012E+001   1.00002269E+000   2.52808769E-002   1.19999997E+001   0.00000000E+000  -6.81652480E-021  -1.30871262E-020  -1.19999997E+001  -1.32133398E-020  -1.38291093E-020   0.00000000E+000   6.53825021E-003   7.99867908E-003  -1.45369293E-002   7.26847576E-003  -9.57209258E-004   5.18627150E-004
      49       1     1.19777320E+001   1.00002269E+000   2.58253665E-002   1.19999997E+001   0.00000000E+000   1.12237146E-020  -3.97424412E-020  -1.19999997E+001  -3.43376230E-021  -4.14873280E-020   4.14873280E-020   6.67849667E-003   8.17141874E-003  -1.48499154E-002   7.42496908E-003  -9.78854009E-004   5.30096632E-004
      50       1     1.19772602E+001   1.00002269E+000   2.63729273E-002   1.19999997E+001   0.00000000E+000  -5.65034785E-021   4.63142540E-020  -1.19999997E+001  -1.14614367E-020   2.76582187E-020  -5.53164374E-020   6.81946457E-003   8.34520546E-003  -1.51646700E-002   7.58234663E-003  -1.00072443E-003   5.41249246E-004
      51       1     1.19767871E+001   1.00002269E+000   2.69219242E-002   1.19999997E+001   0.00000000E+000  -9.81533478E-021  -3.86058591E-020  -1.19999997E+001   1.29311594E-020   0.00000000E+000   0.00000000E+000   6.96076419E-003   8.51948069E-003  -1.54802449E-002   7.74013431E-003  -1.02272134E-003   5.52397973E-004
      52       1     1.19763122E+001   1.00002269E+000   2.74730539E-002   1.19999997E+001   0.00000000E+000   2.24368554E-020  -1.06349683E-020  -1.19999997E+001   1.97133283E-021   2.76582187E-020  -2.76582187E-020   7.10257148E-003   8.69446773E-003  -1.57970392E-002   7.89853172E-003  -1.04485327E-003   5.63624063E-004
      53       1     1.19758357E+001   1.00002269E+000   2.80261244E-002   1.19999997E+001   0.00000000E+000  -3.15630829E-021  -3.81418889E-020  -1.19999997E+001  -2.17913030E-022  -1.10632875E-019   0.00000000E+000   7.24491771E-003   8.87003259E-003  -1.61149503E-002   8.05748752E-003  -1.06707012E-003   5.74896627E-004
      54       1     1.19753578E+001   1.00002269E+000   2.85808206E-002   1.19999997E+001   0.00000000E+000   1.81883789E-020  -1.99578424E-020  -1.19999997E+001   1.42298277E-020  -2.76582187E-020   1.10632875E-019   7.38768351E-003   9.04611484E-003  -1.64337983E-002   8.21691179E-003  -1.08933936E-003   5.86152028E-004
      55       1     1.19748778E+001   1.00002269E+000   2.91379182E-002   1.19999997E+001   0.00000000E+000   8.23796122E-021  -2.19995753E-020  -1.19999997E+001  -6.47321583E-021   5.53164374E-020  -2.76582187E-020   7.53102096E-003   9.22300044E-003  -1.67540214E-002   8.37702357E-003  -1.11173750E-003   5.97482267E-004
      56       1     1.19743966E+001   1.00002269E+000   2.96964183E-002   1.19999997E+001   0.00000000E+000   2.62481186E-021  -1.59670653E-020  -1.19999997E+001   1.76972602E-020   0.00000000E+000  -5.53164374E-020   7.67469568E-003   9.40034994E-003  -1.70750456E-002   8.53753594E-003  -1.13422061E-003   6.08894864E-004
      57       1     1.19739141E+001   1.00002269E+000   3.02564274E-002   1.19999997E+001   0.00000000E+000   1.99556400E-020  -2.94811549E-020  -1.19999997E+001  -7.91678580E-021   2.76582187E-020  -1.10632875E-019   7.81868710E-003   9.57826124E-003  -1.73969483E-002   8.69848755E-003  -1.15656727E-003   6.20280987E-004
      58       1     1.19734308E+001   1.00002269E+000   3.08174115E-002   1.19999997E+001   0.00000000E+000  -3.00330362E-020  -2.81665549E-020  -1.19999997E+001   6.70512183E-021  -5.53164374E-020   8.29746561E-020   7.96288220E-003   9.75651970E-003  -1.77194019E-002   8.85971458E-003  -1.17903677E-003   6.31738436E-004
      59       1     1.19729526E+001   1.00002269E+000   3.13725580E-002   1.19999997E+001   0.00000000E+000  -2.30000260E-022   7.83824848E-021  -1.19999997E+001  -1.40699703E-020   0.00000000E+000   1.10632875E-019   8.10513328E-003   9.93332373E-003  -1.80384570E-002   9.01924239E-003  -1.20155194E-003   6.43158623E-004
      60       1     1.19724495E+001   1.00002269E+000   3.19562307E-002   1.19999997E+001   0.00000000E+000  -1.09408880E-020  -4.61150026E-020  -1.19999997E+001  -2.87260229E-020   2.76582187E-020  -2.76582187E-020   8.25614143E-003   1.01179360E-002  -1.83740774E-002   9.18705285E-003  -1.22409965E-003   6.54412873E-004
      61       1     1.19719635E+001   1.00002269E+000   3.25204591E-002   1.19999997E+001   0.00000000E+000   1.39390649E-020   1.31523300E-020  -1.19999997E+001   7.99697167E-021   0.00000000E+000  -2.76582187E-020   8.40104202E-003   1.02973531E-002  -1.86983951E-002   9.34921196E-003  -1.24677784E-003   6.65619747E-004
      62       1     1.19714750E+001   1.00002269E+000   3.30874201E-002   1.19999997E+001   0.00000000E+000   7.48702314E-021  -6.25497309E-021  -1.19999997E+001  -3.36036848E-020   2.76582187E-020  -5.53164374E-020   8.54663656E-003   1.04776525E-002  -1.90242890E-002   9.51215915E-003  -1.26943552E-003   6.76954062E-004
      63       1     1.19709842E+001   1.00002269E+000   3.36571278E-002   1.19999997E+001   0.00000000E+000   1.52301267E-020   7.19134365E-020  -1.19999997E+001   1.48321977E-020  -2.76582187E-020   1.10632875E-019   8.69288095E-003   1.06588807E-002  -1.93517616E-002   9.67589570E-003  -1.29218249E-003   6.88303140E-004
      64       1     1.19704908E+001   1.00002269E+000   3.42298209E-002   1.19999997E+001   0.00000000E+000  -2.76353499E-020   3.13107908E-020  -1.19999997E+001   2.06856611E-020   2.76582187E-020   2.76582187E-020   8.83988055E-003   1.08410702E-002  -1.96809508E-002   9.84049053E-003  -1.31504021E-003   6.99693124E-004
      65       1     1.19699946E+001   1.00002269E+000   3.48058040E-002   1.19999997E+001   0.00000000E+000   1.10187593E-020   3.40941903E-020  -1.19999997E+001  -9.62309639E-021  -2.76582187E-020  -8.29746561E-020   8.98771720E-003   1.10243147E-002  -2.00120319E-002   1.00060314E-002  -1.33801612E-003   7.11134879E-004
      66       1     1.19694955E+001   1.00002269E+000   3.53852331E-002   1.19999997E+001   0.00000000E+000  -1.03086461E-020   2.14602725E-021  -1.19999997E+001   2.50730946E-020   0.00000000E+000   0.00000000E+000   9.13640582E-003   1.12086903E-002  -2.03450961E-002   1.01725637E-002  -1.36109141E-003   7.22606154E-004
      67       1     1.19689933E+001   1.00002269E+000   3.59681573E-002   1.19999997E+001   0.00000000E+000  -1.04230824E-020  -1.16841899E-020  -1.19999997E+001   1.45367761E-020   0.00000000E+000   8.29746561E-020   9.28595185E-003   1.13942186E-002  -2.06801705E-002   1.03401011E-002  -1.38427638E-003   7.34109369E-004
      68       1     1.19684840E+001   1.00002269E+000   3.65594754E-002   1.19999997E+001   0.00000000E+000   7.11337080E-021  -4.19647505E-020  -1.19999997E+001  -1.44976063E-020   2.76582187E-020   5.53164374E-020   9.43776365E-003   1.15822942E-002  -2.10200579E-002   1.05100451E-002  -1.40773562E-003   7.46393271E-004
      69       1     1.19679644E+001   1.00002269E+000   3.71625686E-002   1.19999997E+001   0.00000000E+000  -1.27000711E-020   3.45788928E-020  -1.19999997E+001  -5.17113173E-021   0.00000000E+000  -5.53164374E-020   9.59298447E-003   1.17737822E-002  -2.13667666E-002   1.06833997E-002  -1.43175690E-003   7.57762049E-004
      70       1     1.19674494E+001   1.00002269E+000   3.77603949E-002   1.19999997E+001   0.00000000E+000   3.15341903E-020   5.35947622E-021  -1.19999997E+001  -1.59579916E-020   0.00000000E+000  -2.76582187E-020   9.74610765E-003   1.19643184E-002  -2.17104260E-002   1.08552297E-002  -1.45534695E-003   7.69003205E-004
      71       1     1.19669244E+001   1.00002269E+000   3.83698396E-002   1.19999997E+001   0.00000000E+000  -1.72321491E-020  -3.66119213E-020  -1.19999997E+001   1.04612366E-020  -2.76582187E-020  -5.53164374E-020   9.90271726E-003   1.21580348E-002  -2.20607521E-002   1.10303930E-002  -1.47956026E-003   7.81235162E-004
      72       1     1.19663968E+001   1.00002269E+000   3.89823020E-002   1.19999997E+001   0.00000000E+000  -7.97550415E-021   2.96787445E-020  -1.19999997E+001   4.65430211E-021  -2.76582187E-020  -2.76582187E-020   1.00600159E-002   1.23527663E-002  -2.24127822E-002   1.12064083E-002  -1.50439358E-003   7.93339493E-004
      73       1     1.19658571E+001   1.00002269E+000   3.96087941E-002   1.19999997E+001   0.00000000E+000  -2.91008193E-020   2.87443680E-020  -1.19999997E+001   1.34429774E-020   1.10632875E-019   2.76582187E-020   1.02217185E-002   1.25512492E-002  -2.27729677E-002   1.13865013E-002  -1.52913429E-003   8.05482336E-004
      74       1     1.19653237E+001   1.00002269E+000   4.02279709E-002   1.19999997E+001   0.00000000E+000  -9.57028977E-021  -5.17663132E-021  -1.19999997E+001  -1.91440877E-020  -2.76582187E-020  -8.29746561E-020   1.03805459E-002   1.27483720E-002  -2.31289179E-002   1.15644767E-002  -1.55343649E-003   8.17198289E-004
      75       1     1.19647882E+001   1.00002269E+000   4.08495687E-002   1.19999997E+001   0.00000000E+000   7.05303357E-021   2.69485737E-020  -1.19999997E+001  -1.27394519E-020   8.29746561E-020  -8.29746561E-020   1.05400838E-002   1.29461675E-002  -2.34862514E-002   1.17431437E-002  -1.57773991E-003   8.29510990E-004
      76       1     1.19642468E+001   1.00002269E+000   4.14779669E-002   1.19999997E+001   0.00000000E+000  -5.67923718E-021   1.73261631E-020  -1.19999997E+001  -2.16119926E-020   2.76582187E-020   0.00000000E+000   1.07019463E-002   1.31456223E-002  -2.38475685E-002   1.19238025E-002  -1.60170659E-003   8.41784694E-004
      77       1     1.19637015E+001   1.00002269E+000   4.21109863E-002   1.19999997E+001   0.00000000E+000   8.73553898E-021   4.91488774E-020  -1.19999997E+001   2.20760420E-020   0.00000000E+000  -5.53164374E-020   1.08646439E-002   1.33468402E-002  -2.42114841E-002   1.21057606E-002  -1.62638489E-003   8.54316896E-004
      78       1     1.19631526E+001   1.00002269E+000   4.27483641E-002   1.19999997E+001   0.00000000E+000  -1.24992635E-020   5.55603185E-020  -1.19999997E+001   4.92733238E-020  -8.29746561E-020  -5.53164374E-020   1.10286982E-002   1.35491263E-002  -2.45778245E-002   1.22889311E-002  -1.65167446E-003   8.68785650E-004
      79       1     1.19625946E+001   1.00002269E+000   4.33962050E-002   1.19999997E+001   0.00000000E+000   4.35022224E-021  -7.18243353E-020  -1.19999997E+001   1.46585188E-020   5.53164374E-020  -5.53164374E-020   1.11945831E-002   1.37555992E-002  -2.49501823E-002   1.24751103E-002  -1.67703537E-003   8.82788602E-004
      80       1     1.19620310E+001   1.00002269E+000   4.40508707E-002   1.19999997E+001   0.00000000E+000   1.33640708E-020   4.77066923E-020  -1.19999997E+001   2.21006253E-020  -1.10632875E-019  -2.76582187E-020   1.13620162E-002   1.39643076E-002  -2.53263238E-002   1.26631814E-002  -1.70306937E-003   8.99892788E-004
      81       1     1.19614663E+001   1.00002269E+000   4.47064658E-002   1.19999997E+001   0.00000000E+000   2.10977282E-020  -2.74614468E-020  -1.19999997E+001   7.08320878E-021   2.76582187E-020   8.29746561E-020   1.15305389E-002   1.41726562E-002  -2.57031952E-002   1.28516173E-002  -1.72866374E-003   9.13493575E-004
      82       1     1.19608986E+001   1.00002269E+000   4.53655352E-002   1.19999997E+001   0.00000000E+000   4.53148979E-020   5.88912503E-021  -1.19999997E+001  -3.06578299E-020  -5.53164374E-020  -2.76582187E-020   1.17002709E-002   1.43818309E-002  -2.60821018E-002   1.30410709E-002  -1.75432017E-003   9.26665235E-004
      83       1     1.19602510E+001   1.00002269E+000   4.61167412E-002   1.19999997E+001   0.00000000E+000   7.00743280E-021   4.56563605E-021  -1.19999997E+001   1.22653265E-020   2.76582187E-020  -8.29746561E-020   1.18956240E-002   1.46187326E-002  -2.65143565E-002   1.32571986E-002  -1.78007374E-003   9.40108975E-004
      84       1     1.19596558E+001   1.00002269E+000   4.68078012E-002   1.19999997E+001   0.00000000E+000   1.78768475E-020   4.17652354E-021  -1.19999997E+001   3.53421357E-020  -8.29746561E-020  -2.76582187E-020   1.20723342E-002   1.48392555E-002  -2.69115897E-002   1.34558154E-002  -1.80733478E-003   9.53301935E-004
      85       1     1.19590524E+001   1.00002269E+000   4.75079985E-002   1.19999997E+001   0.00000000E+000   4.27316862E-021   4.99474655E-020  -1.19999997E+001  -1.35638893E-020   2.76582187E-020  -5.53164374E-020   1.22522304E-002   1.50621247E-002  -2.73143551E-002   1.36571984E-002  -1.83067548E-003   9.67896805E-004
      86       1     1.19584538E+001   1.00002269E+000   4.82027089E-002   1.19999997E+001   0.00000000E+000  -1.98954082E-020  -3.44487490E-020  -1.19999997E+001  -2.74436951E-020   1.38291093E-019  -8.29746561E-020   1.24309741E-002   1.52829084E-002  -2.77138824E-002   1.38569624E-002  -1.85555621E-003   9.81857512E-004
      87       1     1.19578372E+001   1.00002269E+000   4.89181555E-002   1.19999997E+001   0.00000000E+000   2.02282522E-020   3.21687797E-020  -1.19999997E+001  -2.98184895E-020   0.00000000E+000   2.76582187E-020   1.26179236E-002   1.55074956E-002  -2.81254193E-002   1.40627311E-002  -1.88223783E-003   9.95961903E-004
      88       1     1.19572115E+001   1.00002269E+000   4.96447925E-002   1.19999997E+001   0.00000000E+000  -9.38348834E-021   1.19601981E-020  -1.19999997E+001  -1.81113253E-020   0.00000000E+000   0.00000000E+000   1.28024333E-002   1.57406694E-002  -2.85431027E-002   1.42715731E-002  -1.91032619E-003   1.00903776E-003
      89       1     1.19565942E+001   1.00002269E+000   5.03607830E-002   1.19999997E+001   0.00000000E+000   9.25850124E-021  -5.74299682E-021  -1.19999997E+001   9.20678926E-021  -8.29746561E-020   8.29746561E-020   1.29886828E-002   1.59664306E-002  -2.89551134E-002   1.44775787E-002  -1.93377081E-003   1.02341586E-003
      90       1     1.19559793E+001   1.00002269E+000   5.10745537E-002   1.19999997E+001   0.00000000E+000  -2.35563682E-020   4.56295616E-020  -1.19999997E+001   2.45981252E-020   2.76582187E-020   2.76582187E-020   1.31718216E-002   1.61937817E-002  -2.93656033E-002   1.46828239E-002  -1.96006139E-003   1.03559856E-003
      91       1     1.19553623E+001   1.00002269E+000   5.17906909E-002   1.19999997E+001   0.00000000E+000  -5.06911565E-021  -1.39181579E-020  -1.19999997E+001  -3.55801084E-020   8.29746561E-020   5.53164374E-020   1.33557005E-002   1.64217325E-002  -2.97774330E-002   1.48887390E-002  -1.98656032E-003   1.04839838E-003
      92       1     1.19547405E+001   1.00002269E+000   5.25125573E-002   1.19999997E+001   0.00000000E+000  -1.31783245E-020  -6.07469203E-020  -1.19999997E+001  -1.75932295E-020   0.00000000E+000   0.00000000E+000   1.35426777E-002   1.66498686E-002  -3.01925463E-002   1.50962960E-002  -2.01411354E-003   1.06240563E-003
      93       1     1.19541129E+001   1.00002269E+000   5.32412811E-002   1.19999997E+001   0.00000000E+000   2.42863424E-021   4.89977904E-022  -1.19999997E+001   7.79976454E-021   5.53164374E-020  -5.53164374E-020   1.37308981E-002   1.68806011E-002  -3.06114993E-002   1.53057728E-002  -2.04259411E-003   1.07752412E-003
      94       1     1.19534752E+001   1.00002269E+000   5.39813559E-002   1.19999997E+001   0.00000000E+000   2.50784887E-020  -2.94194065E-020  -1.19999997E+001   2.18443998E-020   8.29746561E-020   0.00000000E+000   1.39233175E-002   1.71138492E-002  -3.10371667E-002   1.55186068E-002  -2.06971327E-003   1.09265455E-003
      95       1     1.19528364E+001   1.00002269E+000   5.47231620E-002   1.19999997E+001   0.00000000E+000   2.37925209E-020   9.18655815E-021  -1.19999997E+001   3.26833937E-020   8.29746561E-020  -8.29746561E-020   1.41153526E-002   1.73482632E-002  -3.14636158E-002   1.57318317E-002  -2.09919246E-003   1.10848946E-003
      96       1     1.19521733E+001   1.00002269E+000   5.54927608E-002   1.19999997E+001   0.00000000E+000  -1.07011216E-021   2.66832217E-020  -1.19999997E+001  -9.61826941E-021   2.76582187E-020  -8.29746561E-020   1.43145194E-002   1.75917848E-002  -3.19063042E-002   1.59531763E-002  -2.12754079E-003   1.12142749E-003
      97       1     1.19515133E+001   1.00002269E+000   5.62591942E-002   1.19999997E+001   0.00000000E+000  -2.92541286E-021  -3.19069095E-020  -1.19999997E+001   1.82169121E-020   2.76582187E-020  -2.76582187E-020   1.45120354E-002   1.78348373E-002  -3.23468727E-002   1.61734608E-002  -2.15833068E-003   1.13696948E-003
      98       1     1.19507910E+001   1.00002269E+000   5.70988223E-002   1.19999997E+001   0.00000000E+000   1.72065965E-020   1.17690709E-020  -1.19999997E+001  -2.14536255E-020   5.53164374E-020   0.00000000E+000   1.47214845E-002   1.81076197E-002  -3.28291054E-002   1.64145782E-002  -2.18926483E-003   1.16110610E-003
      99       1     1.19498888E+001   1.00002269E+000   5.81455015E-002   1.19999997E+001   0.00000000E+000   5.07028283E-021   2.55750740E-020  -1.19999997E+001  -3.81062273E-020  -2.76582187E-020   8.29746561E-020   1.49977486E-002   1.84336766E-002  -3.34314221E-002   1.67157347E-002  -2.22983332E-003   1.17561401E-003
     100       1     1.19492545E+001   1.00002269E+000   5.88818246E-002   1.19999997E+001   0.00000000E+000  -7.12098055E-022   3.08268269E-020  -1.19999997E+001  -1.64922564E-020   0.00000000E+000   0.00000000E+000   1.51901386E-002   1.86647991E-002  -3.38549345E-002   1.69274912E-002  -2.25872368E-003   1.18834194E-003
     101       1     1.19486347E+001   1.00002269E+000   5.96014771E-002   1.19999997E+001   0.00000000E+000  -2.69208515E-020   4.69964142E-020  -1.19999997E+001   1.12596004E-020   0.00000000E+000  -8.29746561E-020   1.53758955E-002   1.88928194E-002  -3.42687117E-002   1.71343801E-002  -2.28652228E-003   1.20256542E-003
     102       1     1.19480126E+001   1.00002269E+000   6.03239558E-002   1.19999997E+001   0.00000000E+000   4.29945587E-020   5.34546479E-020  -1.19999997E+001  -7.19673510E-021   2.76582187E-020  -1.10632875E-019   1.55624618E-002   1.91216671E-002  -3.46841256E-002   1.73420873E-002  -2.31423387E-003   1.21699370E-003
     103       1     1.19473722E+001   1.00002269E+000   6.10672285E-002   1.19999997E+001   0.00000000E+000  -2.52978789E-020  -2.82779711E-020  -1.19999997E+001   1.99156921E-020  -1.65949312E-019  -5.53164374E-020   1.57547352E-002   1.93569280E-002  -3.51116600E-002   1.75558548E-002  -2.33944361E-003   1.23379892E-003
     104       1     1.19466306E+001   1.00002269E+000   6.19291718E-002   1.19999997E+001   0.00000000E+000   8.14005335E-022  -3.43534228E-020  -1.19999997E+001   1.22748222E-020  -2.76582187E-020  -2.76582187E-020   1.59707755E-002   1.96360636E-002  -3.56068364E-002   1.78034436E-002  -2.37524286E-003   1.24872958E-003
     105       1     1.19458459E+001   1.00002269E+000   6.28418964E-002   1.19999997E+001   0.00000000E+000   6.65544087E-021  -1.67271957E-021  -1.19999997E+001  -3.01562725E-020   5.53164374E-020  -2.76582187E-020   1.62055874E-002   1.99251964E-002  -3.61307741E-002   1.80654093E-002  -2.42133833E-003   1.26980577E-003
     106       1     1.19451590E+001   1.00002269E+000   6.36386490E-002   1.19999997E+001   0.00000000E+000   3.11539536E-020   1.11154505E-020  -1.19999997E+001   4.67106465E-021   5.53164374E-020  -2.76582187E-020   1.64147620E-002   2.01746559E-002  -3.65894081E-002   1.82947266E-002  -2.44679387E-003   1.28546833E-003
     107       1     1.19445358E+001   1.00002269E+000   6.43621819E-002   1.19999997E+001   0.00000000E+000  -2.53391719E-020  -2.69072147E-020  -1.19999997E+001  -3.81907653E-020  -5.53164374E-020  -5.53164374E-020   1.66025581E-002   2.04030093E-002  -3.70055575E-002   1.85028015E-002  -2.47436157E-003   1.29788895E-003
     108       1     1.19439348E+001   1.00002269E+000   6.50600865E-002   1.19999997E+001   0.00000000E+000   4.46627942E-020   9.90707045E-021  -1.19999997E+001   3.49162010E-021  -2.76582187E-020   1.10632875E-019   1.67830760E-002   2.06238142E-002  -3.74068803E-002   1.87034631E-002  -2.50068346E-003   1.31198777E-003
     109       1     1.19433325E+001   1.00002269E+000   6.57594871E-002   1.19999997E+001   0.00000000E+000  -7.77385579E-021   8.91295551E-020  -1.19999997E+001  -1.24319760E-020  -5.53164374E-020  -2.76582187E-020   1.69639888E-002   2.08450861E-002  -3.78090647E-002   1.89045556E-002  -2.52704415E-003   1.32611719E-003
     110       1     1.19427275E+001   1.00002269E+000   6.64620510E-002   1.19999997E+001   0.00000000E+000  -4.79878959E-021   3.09774919E-020  -1.19999997E+001  -1.66437127E-020   0.00000000E+000  -8.29746561E-020   1.71449586E-002   2.10681007E-002  -3.82130491E-002   1.91065480E-002  -2.55310874E-003   1.34054876E-003
     111       1     1.19421189E+001   1.00002269E+000   6.71688428E-002   1.19999997E+001   0.00000000E+000  -7.77940484E-021  -3.96532871E-020  -1.19999997E+001   1.91393662E-020  -2.76582187E-020   8.29746561E-020   1.73284377E-002   2.12910298E-002  -3.86194571E-002   1.93097523E-002  -2.58074170E-003   1.35467062E-003
     112       1     1.19414878E+001   1.00002269E+000   6.79014831E-002   1.19999997E+001   0.00000000E+000  -1.19205124E-020   7.66488345E-020  -1.19999997E+001  -2.59381789E-020  -1.10632875E-019   1.10632875E-019   1.75188975E-002   2.15220194E-002  -3.90409065E-002   1.95204773E-002  -2.60648130E-003   1.37002109E-003
     113       1     1.19408417E+001   1.00002269E+000   6.86520935E-002   1.19999997E+001   0.00000000E+000   5.08185900E-021   3.02304972E-020  -1.19999997E+001   1.55894795E-020  -2.76582187E-020  -1.38291093E-019   1.77124943E-002   2.17599283E-002  -3.94724115E-002   1.97362298E-002  -2.63720399E-003   1.38344950E-003
     114       1     1.19401873E+001   1.00002269E+000   6.94126742E-002   1.19999997E+001   0.00000000E+000  -2.10677838E-021  -7.03441145E-021  -1.19999997E+001  -2.15374514E-020   0.00000000E+000   1.10632875E-019   1.79094763E-002   2.19999779E-002  -3.99094401E-002   1.99547431E-002  -2.67059698E-003   1.40001052E-003
     115       1     1.19394799E+001   1.00002269E+000   7.02353184E-002   1.19999997E+001   0.00000000E+000   4.24299341E-021   1.35092099E-020  -1.19999997E+001   1.84379508E-020   8.29746561E-020   0.00000000E+000   1.81156253E-002   2.22662494E-002  -4.03818588E-002   2.01909517E-002  -2.70372311E-003   1.42145567E-003
     116       1     1.19388266E+001   1.00002269E+000   7.09939585E-002   1.19999997E+001   0.00000000E+000  -1.69681754E-020   1.59549846E-020  -1.19999997E+001  -3.66824532E-020   1.10632875E-019   0.00000000E+000   1.83126147E-002   2.25055600E-002  -4.08181582E-002   2.04091014E-002  -2.73371854E-003   1.43376252E-003
     117       1     1.19382205E+001   1.00002269E+000   7.16975785E-002   1.19999997E+001   0.00000000E+000   2.79142200E-020  -4.08031104E-020  -1.19999997E+001  -3.14644628E-020  -2.76582187E-020   8.29746561E-020   1.84955588E-002   2.27273597E-002  -4.12229018E-002   2.06114735E-002  -2.75901640E-003   1.44780555E-003
     118       1     1.19376270E+001   1.00002269E+000   7.23868323E-002   1.19999997E+001   0.00000000E+000  -2.92586918E-020   1.03529461E-020  -1.19999997E+001  -8.75714169E-022   0.00000000E+000   0.00000000E+000   1.86743302E-002   2.29450002E-002  -4.16193137E-002   2.08096797E-002  -2.78435665E-003   1.46183442E-003
     119       1     1.19370327E+001   1.00002269E+000   7.30769215E-002   1.19999997E+001   0.00000000E+000  -5.66529038E-021   3.33436083E-020  -1.19999997E+001   1.95754560E-020   1.10632875E-019   8.29746561E-020   1.88533704E-002   2.31628642E-002  -4.20162178E-002   2.10081319E-002  -2.80969182E-003   1.47568265E-003
     120       1     1.19364236E+001   1.00002269E+000   7.37839998E-002   1.19999997E+001   0.00000000E+000  -2.12330089E-020  -2.14239779E-020  -1.19999997E+001  -2.17142296E-020   5.53164374E-020  -2.76582187E-020   1.90375744E-002   2.33855043E-002  -4.24230617E-002   2.12115541E-002  -2.83290829E-003   1.49126453E-003
     121       1     1.19358108E+001   1.00002269E+000   7.44955297E-002   1.19999997E+001   0.00000000E+000  -1.44236982E-021  -4.65463710E-020  -1.19999997E+001  -1.12709953E-020  -1.65949312E-019  -5.53164374E-020   1.92224886E-002   2.36098255E-002  -4.28322971E-002   2.14161720E-002  -2.85974684E-003   1.50463900E-003
     122       1     1.19352033E+001   1.00002269E+000   7.52011276E-002   1.19999997E+001   0.00000000E+000  -9.81232451E-021  -6.87184514E-020  -1.19999997E+001  -2.06332238E-020  -8.29746561E-020  -8.29746561E-020   1.94060058E-002   2.38320745E-002  -4.32380632E-002   2.16190553E-002  -2.88782559E-003   1.51700372E-003
     123       1     1.19346005E+001   1.00002269E+000   7.59012531E-002   1.19999997E+001   0.00000000E+000   2.73362355E-020   3.96381995E-021  -1.19999997E+001   1.56533908E-020  -2.76582187E-020   1.10632875E-019   1.95876822E-002   2.40530708E-002  -4.36407357E-002   2.18203919E-002  -2.91292288E-003   1.53235982E-003
     124       1     1.19340039E+001   1.00002269E+000   7.65941388E-002   1.19999997E+001   0.00000000E+000  -2.24726192E-020   5.79334511E-020  -1.19999997E+001  -1.75731567E-020   0.00000000E+000  -5.53164374E-020   1.97670009E-002   2.42722101E-002  -4.40391936E-002   2.20196210E-002  -2.93871717E-003   1.54651964E-003
     125       1     1.19334011E+001   1.00002269E+000   7.72943176E-002   1.19999997E+001   0.00000000E+000   5.69747024E-021   6.12704497E-021  -1.19999997E+001   1.74564124E-020  -8.29746561E-020   0.00000000E+000   1.99472232E-002   2.44945982E-002  -4.44418042E-002   2.22209268E-002  -2.96456633E-003   1.56101312E-003
     126       1     1.19328019E+001   1.00002269E+000   7.79903569E-002   1.19999997E+001   0.00000000E+000   2.22666681E-020  -2.85764525E-020  -1.19999997E+001   9.29654996E-021   1.10632875E-019   1.65949312E-019   2.01273540E-002   2.47147551E-002  -4.48420919E-002   2.24210708E-002  -2.99032439E-003   1.57504961E-003
     127       1     1.19322005E+001   1.00002269E+000   7.86888505E-002   1.19999997E+001   0.00000000E+000   1.72186243E-020  -7.54352846E-020  -1.19999997E+001   1.19317638E-020   5.53164374E-020   2.76582187E-020   2.03086034E-002   2.49352177E-002  -4.52438037E-002   2.26219270E-002  -3.01627965E-003   1.58926384E-003
     128       1     1.19315879E+001   1.00002269E+000   7.94006185E-002   1.19999997E+001   0.00000000E+000  -2.41372147E-020  -2.46060910E-020  -1.19999997E+001   1.84043994E-020  -2.76582187E-020   5.53164374E-020   2.04916424E-002   2.51613472E-002  -4.56529716E-002   2.28265110E-002  -3.04343537E-003   1.60519821E-003
     129       1     1.19309778E+001   1.00002269E+000   8.01094789E-002   1.19999997E+001   0.00000000E+000  -1.42220333E-020   4.92700003E-020  -1.19999997E+001   3.07415502E-020  -2.21265749E-019  -5.53164374E-020   2.06732194E-002   2.53873633E-002  -4.60605651E-002   2.30303082E-002  -3.06934224E-003   1.61935476E-003
     130       1     1.19303601E+001   1.00002269E+000   8.08268858E-002   1.19999997E+001   0.00000000E+000  -2.96981315E-020  -1.92184443E-020  -1.19999997E+001  -3.60450546E-020  -1.10632875E-019   5.53164374E-020   2.08588101E-002   2.56143646E-002  -4.64731564E-002   2.32366039E-002  -3.09627445E-003   1.63254334E-003
     131       1     1.19297402E+001   1.00002269E+000   8.15472968E-002   1.19999997E+001   0.00000000E+000   1.91263888E-020  -7.68495102E-020  -1.19999997E+001   9.07152835E-021  -5.53164374E-020   5.53164374E-020   2.10437402E-002   2.58435626E-002  -4.68872850E-002   2.34436694E-002  -3.12314991E-003   1.64956334E-003
     132       1     1.19291288E+001   1.00002269E+000   8.22576686E-002   1.19999997E+001   0.00000000E+000   9.65485422E-021   1.77060964E-020  -1.19999997E+001  -4.13195971E-020   0.00000000E+000  -5.53164374E-020   2.12274570E-002   2.60682606E-002  -4.72957001E-002   2.36478781E-002  -3.15030295E-003   1.66541362E-003
     133       1     1.19285151E+001   1.00002269E+000   8.29703433E-002   1.19999997E+001   0.00000000E+000  -1.76362569E-020  -3.20998832E-020  -1.19999997E+001  -2.89233619E-020  -5.53164374E-020   1.65949312E-019   2.14121886E-002   2.62935476E-002  -4.77057191E-002   2.38528882E-002  -3.17456678E-003   1.67941097E-003
     134       1     1.19279025E+001   1.00002269E+000   8.36817758E-002   1.19999997E+001   0.00000000E+000  -4.81638309E-020  -7.61796416E-020  -1.19999997E+001   2.95512384E-020   1.10632875E-019   1.10632875E-019   2.15971295E-002   2.65178026E-002  -4.81149151E-002   2.40574864E-002  -3.20058477E-003   1.69391621E-003
     135       1     1.19272860E+001   1.00002269E+000   8.43978366E-002   1.19999997E+001   0.00000000E+000  -8.30541034E-021  -3.81342923E-020  -1.19999997E+001  -1.92828567E-020   5.53164374E-020   2.21265749E-019   2.17844846E-002   2.67423659E-002  -4.85268326E-002   2.42634455E-002  -3.22713889E-003   1.70783551E-003
     136       1     1.19266516E+001   1.00002269E+000   8.51347182E-002   1.19999997E+001   0.00000000E+000  -5.52896780E-020  -2.90326679E-020  -1.19999997E+001  -4.26286579E-020   1.10632875E-019  -2.76582187E-019   2.19782589E-002   2.69723979E-002  -4.89506373E-002   2.44753472E-002  -3.25402336E-003   1.72702699E-003
     137       1     1.19260181E+001   1.00002269E+000   8.58706433E-002   1.19999997E+001   0.00000000E+000   3.65980470E-020   3.78715781E-020  -1.19999997E+001  -5.08969295E-021  -5.53164374E-020   0.00000000E+000   2.21661313E-002   2.72077369E-002  -4.93738498E-002   2.46869543E-002  -3.28141033E-003   1.73822025E-003
     138       1     1.19253604E+001   1.00002269E+000   8.66354083E-002   1.19999997E+001   0.00000000E+000  -4.36153489E-020   8.42128948E-020  -1.19999997E+001  -4.08387193E-020   5.53164374E-020   5.53164374E-020   2.23636917E-002   2.74496348E-002  -4.98133051E-002   2.49066809E-002  -3.31380657E-003   1.75575162E-003
     139       1     1.19247396E+001   1.00002269E+000   8.73568170E-002   1.19999997E+001   0.00000000E+000   2.76382448E-020   3.02383047E-020  -1.19999997E+001   4.99466214E-020   5.53164374E-020   5.53164374E-020   2.25511174E-002   2.76769522E-002  -5.02280465E-002   2.51140511E-002  -3.34226916E-003   1.77197044E-003
     140       1     1.19241234E+001   1.00002269E+000   8.80725907E-002   1.19999997E+001   0.00000000E+000   1.99123422E-020   2.96489386E-020  -1.19999997E+001  -4.26658494E-020   0.00000000E+000   0.00000000E+000   2.27366446E-002   2.79031565E-002  -5.06397779E-002   2.53199169E-002  -3.36767925E-003   1.78610216E-003
     141       1     1.19234778E+001   1.00002269E+000   8.88222619E-002   1.19999997E+001   0.00000000E+000   4.34025835E-021   2.14612221E-020  -1.19999997E+001  -6.31432383E-020   5.53164374E-020  -5.53164374E-020   2.29318847E-002   2.81392515E-002  -5.10711128E-002   2.55355847E-002  -3.39413414E-003   1.79948645E-003
     142       1     1.19228592E+001   1.00002269E+000   8.95408024E-002   1.19999997E+001   0.00000000E+000   5.90860967E-020  -6.78150942E-021  -1.19999997E+001   3.25325440E-020   1.10632875E-019   0.00000000E+000   2.31185654E-002   2.83659144E-002  -5.14844570E-002   2.57422570E-002  -3.41964752E-003   1.81367127E-003
     143       1     1.19222390E+001   1.00002269E+000   9.02611467E-002   1.19999997E+001   0.00000000E+000  -4.64569532E-020  -7.25079726E-020  -1.19999997E+001  -3.66627496E-020  -5.53164374E-020  -1.10632875E-019   2.33049540E-002   2.85938837E-002  -5.18988157E-002   2.59494365E-002  -3.44517064E-003   1.82756930E-003
     144       1     1.19216166E+001   1.00002269E+000   9.09840722E-002   1.19999997E+001   0.00000000E+000  -1.90512409E-020  -1.40108992E-020  -1.19999997E+001   3.94005434E-021   1.10632875E-019   1.65949312E-019   2.34925911E-002   2.88221500E-002  -5.23147189E-002   2.61573883E-002  -3.47022716E-003   1.84165640E-003
     145       1     1.19209880E+001   1.00002269E+000   9.17141784E-002   1.19999997E+001   0.00000000E+000   4.16383623E-021  -4.93942884E-020  -1.19999997E+001  -3.09552298E-020   0.00000000E+000   1.10632875E-019   2.36814144E-002   2.90533412E-002  -5.27347338E-002   2.63673961E-002  -3.49580232E-003   1.85496028E-003
     146       1     1.19203619E+001   1.00002269E+000   9.24414347E-002   1.19999997E+001   0.00000000E+000   3.80816967E-021  -3.41163469E-020  -1.19999997E+001   2.54691707E-020  -5.53164374E-020  -1.10632875E-019   2.38695383E-002   2.92835377E-002  -5.31530542E-002   2.65765564E-002  -3.52138413E-003   1.86966478E-003
     147       1     1.19197288E+001   1.00002269E+000   9.31769405E-002   1.19999997E+001   0.00000000E+000   2.73441749E-020   1.21430958E-020  -1.19999997E+001   9.60196847E-021   1.10632875E-019  -5.53164374E-020   2.40604094E-002   2.95157586E-002  -5.35761462E-002   2.67881025E-002  -3.54804726E-003   1.88316133E-003
     148       1     1.19190884E+001   1.00002269E+000   9.39204023E-002   1.19999997E+001   0.00000000E+000   4.62264386E-020  -7.75399528E-020  -1.19999997E+001   2.87167778E-020   1.65949312E-019   2.21265749E-019   2.42532624E-002   2.97507850E-002  -5.40040266E-002   2.70020433E-002  -3.57273243E-003   1.89476960E-003
     149       1     1.19184507E+001   1.00002269E+000   9.46613951E-002   1.19999997E+001   0.00000000E+000  -4.18485337E-020   2.64744219E-020  -1.19999997E+001  -3.86010585E-021   5.53164374E-020   5.53164374E-020   2.44463890E-002   2.99838607E-002  -5.44302284E-002   2.72151440E-002  -3.59939604E-003   1.91129675E-003
     150       1     1.19178043E+001   1.00002269E+000   9.54120009E-002   1.19999997E+001   0.00000000E+000  -1.82042512E-020   3.46284814E-020  -1.19999997E+001  -4.68205856E-020   0.00000000E+000   0.00000000E+000   2.46401527E-002   3.02220489E-002  -5.48621814E-002   2.74311210E-002  -3.62332229E-003   1.92465067E-003
     151       1     1.19170391E+001   1.00002269E+000   9.63016363E-002   1.19999997E+001   0.00000000E+000  -2.95193604E-020   1.94711353E-020  -1.19999997E+001   9.58363650E-021   0.00000000E+000   5.53164374E-020   2.48674341E-002   3.05060864E-002  -5.53735002E-002   2.76867807E-002  -3.65638735E-003   1.94692123E-003
     152       1     1.19162512E+001   1.00002269E+000   9.72166144E-002   1.19999997E+001   0.00000000E+000  -3.10553039E-020   5.41578570E-020  -1.19999997E+001  -4.37621275E-020   1.65949312E-019   0.00000000E+000   2.51079072E-002   3.07921516E-002  -5.59000382E-002   2.79500501E-002  -3.68700673E-003   1.96683704E-003
     153       1     1.19154247E+001   1.00002269E+000   9.81784002E-002   1.19999997E+001   0.00000000E+000  -2.13144081E-020   1.49324037E-020  -1.19999997E+001  -2.41565226E-020   0.00000000E+000  -5.53164374E-020   2.53500922E-002   3.11023195E-002  -5.64523899E-002   2.82262258E-002  -3.72404122E-003   1.99605359E-003
     154       1     1.19147136E+001   1.00002269E+000   9.90043132E-002   1.19999997E+001   0.00000000E+000   7.35282060E-021   4.13058547E-020  -1.19999997E+001   1.23095870E-020  -5.53164374E-020   0.00000000E+000   2.55562604E-002   3.13714168E-002  -5.69276577E-002   2.84638606E-002  -3.74764234E-003   2.00630911E-003
     155       1     1.19139815E+001   1.00002269E+000   9.98542488E-002   1.19999997E+001   0.00000000E+000   7.89857088E-021  -1.90155529E-020  -1.19999997E+001  -1.06510582E-020   1.65949312E-019   5.53164374E-020   2.57766744E-002   3.16402381E-002  -5.74168926E-002   2.87084778E-002  -3.77383690E-003   2.02102458E-003
     156       1     1.19133672E+001   1.00002269E+000   1.00568486E-001   1.19999997E+001   0.00000000E+000  -1.36607190E-020  -3.85067346E-020  -1.19999997E+001   2.04195706E-020  -1.65949312E-019   0.00000000E+000   2.59649016E-002   3.18625726E-002  -5.78274526E-002   2.89137576E-002  -3.80302156E-003   2.04079082E-003
     157       1     1.19127675E+001   1.00002269E+000   1.01265068E-001   1.19999997E+001   0.00000000E+000   1.16596330E-020   8.94442846E-020  -1.19999997E+001  -4.21257026E-020   0.00000000E+000   1.65949312E-019   2.61488800E-002   3.20794618E-002  -5.82283201E-002   2.91141914E-002  -3.82813384E-003   2.05362856E-003
     158       1     1.19121696E+001   1.00002269E+000   1.01959446E-001   1.19999997E+001   0.00000000E+000  -4.19543580E-021  -1.31141995E-019  -1.19999997E+001   2.37296119E-020   0.00000000E+000  -5.53164374E-020   2.63312868E-002   3.22966207E-002  -5.86278853E-002   2.93139741E-002  -3.85158798E-003   2.06891381E-003
     159       1     1.19115786E+001   1.00002269E+000   1.02645939E-001   1.19999997E+001   0.00000000E+000   3.44435264E-020   3.04091218E-020  -1.19999997E+001  -2.47943168E-020  -5.53164374E-020  -5.53164374E-020   2.65122647E-002   3.25106579E-002  -5.90229004E-002   2.95114818E-002  -3.87627857E-003   2.08252740E-003
     160       1     1.19109828E+001   1.00002269E+000   1.03337547E-001   1.19999997E+001   0.00000000E+000  -5.68024610E-020   7.36585344E-020  -1.19999997E+001  -1.90914129E-020   0.00000000E+000  -5.53164374E-020   2.66953027E-002   3.27258559E-002  -5.94211358E-002   2.97105995E-002  -3.89760420E-003   2.09580548E-003
     161       1     1.19103791E+001   1.00002269E+000   1.04038346E-001   1.19999997E+001   0.00000000E+000  -4.22283880E-020   7.03624729E-020  -1.19999997E+001   5.83546644E-020   0.00000000E+000  -1.10632875E-019   2.68814689E-002   3.29431848E-002  -5.98246305E-002   2.99123471E-002  -3.92121035E-003   2.10748510E-003
     162       1     1.19097397E+001   1.00002269E+000   1.04781381E-001   1.19999997E+001   0.00000000E+000   1.29598048E-020   4.75356642E-020  -1.19999997E+001  -5.57361735E-020   0.00000000E+000   0.00000000E+000   2.70778993E-002   3.31741428E-002  -6.02520196E-002   3.01260424E-002  -3.94975723E-003   2.12425210E-003
     163       1     1.19091587E+001   1.00002269E+000   1.05456191E-001   1.19999997E+001   0.00000000E+000   2.02766340E-020  -7.66712022E-020  -1.19999997E+001   1.79357868E-021   0.00000000E+000   1.10632875E-019   2.72555595E-002   3.33848562E-002  -6.06403930E-002   3.03202293E-002  -3.97306166E-003   2.13670958E-003
     164       1     1.19085431E+001   1.00002269E+000   1.06170912E-001   1.19999997E+001   0.00000000E+000   2.38717045E-020  -7.98883439E-021  -1.19999997E+001  -4.30656182E-020   1.65949312E-019   1.65949312E-019   2.74443749E-002   3.36075332E-002  -6.10518840E-002   3.05259743E-002  -3.99610946E-003   2.14955841E-003
     165       1     1.19078931E+001   1.00002269E+000   1.06925725E-001   1.19999997E+001   0.00000000E+000   1.91538735E-020   5.93663516E-020  -1.19999997E+001  -4.92231549E-020   5.53164374E-020   2.21265749E-019   2.76398192E-002   3.38465409E-002  -6.14863358E-002   3.07432004E-002  -4.01964442E-003   2.16247006E-003
     166       1     1.19072358E+001   1.00002269E+000   1.07688676E-001   1.19999997E+001   0.00000000E+000   5.75176715E-021  -1.09917954E-021  -1.19999997E+001  -5.93312176E-021   0.00000000E+000   5.53164374E-020   2.78416131E-002   3.40841321E-002  -6.19257207E-002   3.09628931E-002  -4.04270989E-003   2.17567504E-003
     167       1     1.19066318E+001   1.00002269E+000   1.08390618E-001   1.19999997E+001   0.00000000E+000  -1.62018002E-020  -6.54267157E-020  -1.19999997E+001   3.46414589E-020   0.00000000E+000  -5.53164374E-020   2.80225748E-002   3.43069264E-002  -6.23294788E-002   3.11647732E-002  -4.06792842E-003   2.18800233E-003
     168       1     1.19060390E+001   1.00002269E+000   1.09079116E-001   1.19999997E+001   0.00000000E+000   3.24489555E-020  -4.11665845E-020  -1.19999997E+001   5.36827029E-020   1.10632875E-019   0.00000000E+000   2.82061604E-002   3.45196000E-002  -6.27257368E-002   3.13629020E-002  -4.09295715E-003   2.20145611E-003
     169       1     1.19054479E+001   1.00002269E+000   1.09765611E-001   1.19999997E+001   0.00000000E+000   1.96869777E-020   7.10051205E-020  -1.19999997E+001   2.27405561E-020   5.53164374E-020   5.53164374E-020   2.83884360E-002   3.47324971E-002  -6.31209101E-002   3.15604891E-002  -4.11707619E-003   2.21333096E-003
     170       1     1.19048133E+001   1.00002269E+000   1.10503334E-001   1.19999997E+001   0.00000000E+000  -2.74197448E-020  -2.35067005E-020  -1.19999997E+001   1.46455545E-020  -2.21265749E-019   0.00000000E+000   2.85807651E-002   3.49643632E-002  -6.35451051E-002   3.17725875E-002  -4.14511335E-003   2.23070835E-003
     171       1     1.19042309E+001   1.00002269E+000   1.11179685E-001   1.19999997E+001   0.00000000E+000  -4.74249075E-020  -6.54180641E-020  -1.19999997E+001   9.12641875E-024   1.10632875E-019  -1.10632875E-019   2.87602908E-002   3.51741999E-002  -6.39344676E-002   3.19672691E-002  -4.16883870E-003   2.24154924E-003
     172       1     1.19036554E+001   1.00002269E+000   1.11847963E-001   1.19999997E+001   0.00000000E+000  -7.08735589E-020  -4.29934509E-020  -1.19999997E+001   2.25101800E-020  -1.10632875E-019   0.00000000E+000   2.89390173E-002   3.53801953E-002  -6.43191898E-002   3.21596302E-002  -4.19315644E-003   2.25233790E-003
     173       1     1.19030806E+001   1.00002269E+000   1.12515598E-001   1.19999997E+001   0.00000000E+000  -2.81041339E-020  -1.78010534E-020  -1.19999997E+001   2.68899114E-020  -2.21265749E-019   0.00000000E+000   2.91166320E-002   3.55868983E-002  -6.47035076E-002   3.23517891E-002  -4.21643410E-003   2.26463904E-003
     174       1     1.19024823E+001   1.00002269E+000   1.13210223E-001   1.19999997E+001   0.00000000E+000  -4.08232887E-020  -2.80289729E-020  -1.19999997E+001   7.73459505E-020   1.10632875E-019  -1.10632875E-019   2.93033634E-002   3.58001227E-002  -6.51034616E-002   3.25517660E-002  -4.24071811E-003   2.27714169E-003
     175       1     1.19018793E+001   1.00002269E+000   1.13910714E-001   1.19999997E+001   0.00000000E+000  -1.67452342E-020  -7.58478198E-020  -1.19999997E+001   8.17289263E-021  -1.10632875E-019   5.53164374E-020   2.94874857E-002   3.60191446E-002  -6.55066057E-002   3.27533383E-002  -4.26474439E-003   2.29014244E-003
     176       1     1.19012825E+001   1.00002269E+000   1.14603899E-001   1.19999997E+001   0.00000000E+000   3.54664238E-020  -4.56090931E-020  -1.19999997E+001   9.30050650E-021   1.10632875E-019   5.53164374E-020   2.96710475E-002   3.62345982E-002  -6.59056206E-002   3.29528465E-002  -4.28795747E-003   2.30374105E-003
     177       1     1.19007027E+001   1.00002269E+000   1.15276791E-001   1.19999997E+001   0.00000000E+000  -1.22856631E-020   8.67348461E-020  -1.19999997E+001  -5.34721095E-021  -5.53164374E-020  -1.10632875E-019   2.98534664E-002   3.64398132E-002  -6.62932524E-002   3.31466619E-002  -4.30960415E-003   2.31586563E-003
     178       1     1.19001438E+001   1.00002269E+000   1.15925868E-001   1.19999997E+001   0.00000000E+000  -5.05236564E-020   8.15513568E-020  -1.19999997E+001   3.88120740E-021   5.53164374E-020  -1.65949312E-019   3.00267663E-002   3.66401722E-002  -6.66669105E-002   3.33334911E-002  -4.33214331E-003   2.32813952E-003
     179       1     1.18995856E+001   1.00002269E+000   1.16574060E-001   1.19999997E+001   0.00000000E+000   6.83125632E-021  -7.97721799E-020  -1.19999997E+001  -1.45871560E-020  -5.53164374E-020   1.65949312E-019   3.01996973E-002   3.68405053E-002  -6.70401734E-002   3.35201225E-002  -4.35410941E-003   2.33785325E-003
     180       1     1.18990322E+001   1.00002269E+000   1.17216489E-001   1.19999997E+001   0.00000000E+000   1.95352576E-020  -3.64341408E-020  -1.19999997E+001  -3.28730438E-021  -5.53164374E-020   0.00000000E+000   3.03713928E-002   3.70388015E-002  -6.74101638E-002   3.37051174E-002  -4.37518123E-003   2.34783349E-003
     181       1     1.18984766E+001   1.00002269E+000   1.17861711E-001   1.19999997E+001   0.00000000E+000   1.88357677E-020   1.01771702E-020  -1.19999997E+001  -2.77618800E-020   1.10632875E-019   1.65949312E-019   3.05456447E-002   3.72360168E-002  -6.77816306E-002   3.38908509E-002  -4.39921267E-003   2.35896356E-003
     182       1     1.18979227E+001   1.00002269E+000   1.18505250E-001   1.19999997E+001   0.00000000E+000   8.27663310E-021  -5.75977255E-020  -1.19999997E+001   2.18753927E-020   5.53164374E-020  -2.21265749E-019   3.07174399E-002   3.74346203E-002  -6.81520287E-002   3.40760501E-002  -4.42207985E-003   2.37219070E-003
     183       1     1.18973734E+001   1.00002269E+000   1.19142953E-001   1.19999997E+001   0.00000000E+000   2.49048626E-020  -8.85968465E-020  -1.19999997E+001   2.09641224E-020   1.65949312E-019   2.21265749E-019   3.08885626E-002   3.76307724E-002  -6.85193036E-002   3.42596880E-002  -4.44264873E-003   2.38350552E-003
     184       1     1.18968269E+001   1.00002269E+000   1.19777470E-001   1.19999997E+001   0.00000000E+000  -3.28636536E-020   6.31054401E-020  -1.19999997E+001   3.51445989E-020   5.53164374E-020   0.00000000E+000   3.10584910E-002   3.78262690E-002  -6.88847288E-002   3.44424010E-002  -4.46350968E-003   2.39395158E-003
     185       1     1.18962777E+001   1.00002269E+000   1.20415133E-001   1.19999997E+001   0.00000000E+000   2.80476741E-020   1.54502356E-020  -1.19999997E+001   2.20169577E-020  -5.53164374E-020   2.21265749E-019   3.12296471E-002   3.80223543E-002  -6.92519691E-002   3.46260207E-002  -4.48486599E-003   2.40415452E-003
     186       1     1.18957319E+001   1.00002269E+000   1.21048692E-001   1.19999997E+001   0.00000000E+000   1.55818763E-020  -2.43296608E-020  -1.19999997E+001  -2.40051190E-021   0.00000000E+000  -1.10632875E-019   3.13998598E-002   3.82170682E-002  -6.96168955E-002   3.48084840E-002  -4.50537889E-003   2.41436339E-003
     187       1     1.18951782E+001   1.00002269E+000   1.21691382E-001   1.19999997E+001   0.00000000E+000   5.66399791E-021   1.59748728E-019  -1.19999997E+001  -3.76250593E-020  -5.53164374E-020   5.53164374E-020   3.15717828E-002   3.84154037E-002  -6.99871553E-002   3.49936143E-002  -4.52587596E-003   2.42202727E-003
     188       1     1.18946100E+001   1.00002269E+000   1.22351506E-001   1.19999997E+001   0.00000000E+000  -3.12191079E-020  -3.15268707E-020  -1.19999997E+001   7.53981459E-020  -1.10632875E-019   1.10632875E-019   3.17512991E-002   3.86158495E-002  -7.03671168E-002   3.51835949E-002  -4.55108549E-003   2.43638406E-003
     189       1     1.18940538E+001   1.00002269E+000   1.22997081E-001   1.19999997E+001   0.00000000E+000  -3.12091869E-022   8.91559320E-020  -1.19999997E+001  -1.29826736E-020   0.00000000E+000   1.65949312E-019   3.19271438E-002   3.88119100E-002  -7.07390217E-002   3.53695472E-002  -4.57205874E-003   2.44826854E-003
     190       1     1.18934775E+001   1.00002269E+000   1.23665295E-001   1.19999997E+001   0.00000000E+000  -1.15747454E-020  -8.32107824E-021  -1.19999997E+001  -5.05412102E-020   2.21265749E-019  -1.65949312E-019   3.21107959E-002   3.90136307E-002  -7.11243939E-002   3.55622331E-002  -4.58992950E-003   2.45740614E-003
     191       1     1.18929253E+001   1.00002269E+000   1.24306332E-001   1.19999997E+001   0.00000000E+000   2.47230134E-020   2.84370768E-020  -1.19999997E+001   5.67406335E-020  -1.65949312E-019   0.00000000E+000   3.22837121E-002   3.92100354E-002  -7.14937150E-002   3.57468941E-002  -4.60910541E-003   2.46894127E-003
     192       1     1.18923766E+001   1.00002269E+000   1.24943542E-001   1.19999997E+001   0.00000000E+000   5.38604571E-020  -6.23624547E-020  -1.19999997E+001  -4.89566424E-020  -1.10632875E-019  -2.21265749E-019   3.24539058E-002   3.94067767E-002  -7.18606497E-002   3.59303616E-002  -4.63036336E-003   2.47929457E-003
     193       1     1.18918086E+001   1.00002269E+000   1.25602620E-001   1.19999997E+001   0.00000000E+000   4.27826267E-020  -2.72962217E-020  -1.19999997E+001  -5.29225461E-020  -1.65949312E-019  -1.65949312E-019   3.26330776E-002   3.96074491E-002  -7.22404945E-002   3.61202845E-002  -4.65020075E-003   2.48898127E-003
     194       1     1.18912439E+001   1.00002269E+000   1.26258547E-001   1.19999997E+001   0.00000000E+000   3.65762992E-020  -9.76022479E-020  -1.19999997E+001   2.16283200E-020  -1.10632875E-019   0.00000000E+000   3.28102626E-002   3.98079346E-002  -7.26181651E-002   3.63091200E-002  -4.67190377E-003   2.50397372E-003
     195       1     1.18907134E+001   1.00002269E+000   1.26874340E-001   1.19999997E+001   0.00000000E+000   3.59414724E-021   3.44922710E-020  -1.19999997E+001  -3.48581718E-021  -1.10632875E-019   1.10632875E-019   3.29768632E-002   3.99960901E-002  -7.29729209E-002   3.64864981E-002  -4.69180755E-003   2.51352182E-003
     196       1     1.18901698E+001   1.00002269E+000   1.27505157E-001   1.19999997E+001   0.00000000E+000  -1.40835280E-020   5.89406279E-020  -1.19999997E+001  -3.88388202E-020   0.00000000E+000  -5.53164374E-020   3.31488638E-002   4.01876578E-002  -7.33364887E-002   3.66682821E-002  -4.71049751E-003   2.52366356E-003
     197       1     1.18896315E+001   1.00002269E+000   1.28129988E-001   1.19999997E+001   0.00000000E+000  -3.94737394E-020  -2.89581794E-020  -1.19999997E+001   1.58679144E-020  -5.53164374E-020   1.65949312E-019   3.33186250E-002   4.03778784E-002  -7.36964702E-002   3.68482731E-002  -4.73067735E-003   2.53376503E-003
     198       1     1.18890819E+001   1.00002269E+000   1.28768090E-001   1.19999997E+001   0.00000000E+000   1.73329156E-020   6.02847964E-020  -1.19999997E+001  -4.67955802E-021  -1.65949312E-019  -5.53164374E-020   3.34926549E-002   4.05714604E-002  -7.40640811E-002   3.70320784E-002  -4.75166757E-003   2.54475220E-003
     199       1     1.18885294E+001   1.00002269E+000   1.29409118E-001   1.19999997E+001   0.00000000E+000  -4.75696773E-020   1.22988991E-019  -1.19999997E+001  -2.02197390E-020   3.31898624E-019   5.53164374E-020   3.36664211E-002   4.07671847E-002  -7.44335714E-002   3.72168238E-002  -4.76959400E-003   2.55442208E-003
     200       1     1.18879927E+001   1.00002269E+000   1.30031607E-001   1.19999997E+001   0.00000000E+000   1.72222907E-020   7.41555813E-020  -1.19999997E+001   7.87541885E-020  -1.65949312E-019  -1.10632875E-019   3.38330270E-002   4.09595400E-002  -7.47925346E-002   3.73963064E-002  -4.78572613E-003   2.55844067E-003
     201       1     1.18874531E+001   1.00002269E+000   1.30658035E-001   1.19999997E+001   0.00000000E+000  -2.35673476E-020  -3.65844893E-020  -1.19999997E+001   2.36410382E-020  -1.10632875E-019   1.65949312E-019   3.40020114E-002   4.11514798E-002  -7.51534588E-002   3.75767688E-002  -4.80431230E-003   2.56917415E-003
     202       1     1.18869182E+001   1.00002269E+000   1.31279071E-001   1.19999997E+001   0.00000000E+000   1.57892320E-020  -7.06960883E-020  -1.19999997E+001   4.20569643E-021   5.53164374E-020   1.65949312E-019   3.41690656E-002   4.13421429E-002  -7.55111762E-002   3.77556280E-002  -4.82487428E-003   2.57815006E-003
     203       1     1.18863887E+001   1.00002269E+000   1.31894328E-001   1.19999997E+001   0.00000000E+000   5.40319599E-020  -4.11986589E-021  -1.19999997E+001   3.93344692E-020   5.53164374E-020  -5.53164374E-020   3.43347538E-002   4.15306529E-002  -7.58653741E-002   3.79327274E-002  -4.84619171E-003   2.59123751E-003
     204       1     1.18858536E+001   1.00002269E+000   1.32515830E-001   1.19999997E+001   0.00000000E+000  -2.41330405E-020  -4.09240223E-020  -1.19999997E+001   3.02687701E-020  -2.76582187E-019   0.00000000E+000   3.45048357E-002   4.17184623E-002  -7.62232639E-002   3.81116725E-002  -4.86830824E-003   2.60419324E-003
     205       1     1.18853171E+001   1.00002269E+000   1.33139176E-001   1.19999997E+001   0.00000000E+000  -1.13077911E-020   8.63440455E-020  -1.19999997E+001   1.06319824E-019   5.53164374E-020  -5.53164374E-020   3.46729765E-002   4.19091855E-002  -7.65821276E-002   3.82911041E-002  -4.89077971E-003   2.61591906E-003
     206       1     1.18847634E+001   1.00002269E+000   1.33782005E-001   1.19999997E+001   0.00000000E+000  -2.89337148E-020   4.70881004E-020  -1.19999997E+001   1.76220859E-020   5.53164374E-020  -2.21265749E-019   3.48501548E-002   4.21024064E-002  -7.69525250E-002   3.84763027E-002  -4.91182057E-003   2.62765220E-003
     207       1     1.18842333E+001   1.00002269E+000   1.34397131E-001   1.19999997E+001   0.00000000E+000   4.85930627E-020  -2.88352629E-022  -1.19999997E+001   6.74151935E-020   0.00000000E+000   5.53164374E-020   3.50161281E-002   4.22909667E-002  -7.73070589E-002   3.86535701E-002  -4.92999496E-003   2.63465735E-003
     208       1     1.18837005E+001   1.00002269E+000   1.35015806E-001   1.19999997E+001   0.00000000E+000   2.97629397E-020   7.05729608E-020  -1.19999997E+001   1.02659022E-022   2.76582187E-019   1.65949312E-019   3.51834648E-002   4.24800195E-002  -7.76634476E-002   3.88317646E-002  -4.95005560E-003   2.64460688E-003
     209       1     1.18831711E+001   1.00002269E+000   1.35630672E-001   1.19999997E+001   0.00000000E+000   2.42204603E-020   8.26413044E-020  -1.19999997E+001  -2.62788106E-020  -1.65949312E-019  -5.53164374E-020   3.53498510E-002   4.26678055E-002  -7.80176191E-002   3.90088504E-002  -4.97034235E-003   2.65463708E-003
     210       1     1.18826458E+001   1.00002269E+000   1.36240522E-001   1.19999997E+001   0.00000000E+000   4.80557910E-020   4.23253759E-020  -1.19999997E+001  -2.67440997E-021   5.53164374E-020   1.10632875E-019   3.55156468E-002   4.28534079E-002  -7.83690171E-002   3.91845496E-002  -4.98920712E-003   2.66450050E-003
     211       1     1.18821166E+001   1.00002269E+000   1.36854837E-001   1.19999997E+001   0.00000000E+000   1.87819324E-020  -3.21337511E-020  -1.19999997E+001  -5.88960245E-020  -5.53164374E-020   2.21265749E-019   3.56826119E-002   4.30404053E-002  -7.87229795E-002   3.93615310E-002  -5.00780790E-003   2.67534175E-003
     212       1     1.18815712E+001   1.00002269E+000   1.37488556E-001   1.19999997E+001   0.00000000E+000  -1.78953509E-020   3.94481801E-020  -1.19999997E+001  -2.52973249E-020   0.00000000E+000   5.53164374E-020   3.58515312E-002   4.32363115E-002  -7.90878049E-002   3.95439437E-002  -5.02821060E-003   2.68925582E-003
     213       1     1.18810362E+001   1.00002269E+000   1.38109544E-001   1.19999997E+001   0.00000000E+000   7.00848293E-021  -2.92117145E-020  -1.19999997E+001  -1.05548088E-020   5.53164374E-020  -1.10632875E-019   3.60200269E-002   4.34257319E-002  -7.94457218E-002   3.97229027E-002  -5.04676755E-003   2.69695880E-003
     214       1     1.18805106E+001   1.00002269E+000   1.38719713E-001   1.19999997E+001   0.00000000E+000  -5.01765491E-020  -3.35568394E-020  -1.19999997E+001  -1.70939406E-020  -5.53164374E-020   5.53164374E-020   3.61863577E-002   4.36110018E-002  -7.97973225E-002   3.98987032E-002  -5.06581876E-003   2.70645941E-003
     215       1     1.18799817E+001   1.00002269E+000   1.39333604E-001   1.19999997E+001   0.00000000E+000  -1.68270456E-020   4.78473341E-020  -1.19999997E+001   4.62434583E-020  -1.10632875E-019  -5.53164374E-020   3.63535097E-002   4.37976830E-002  -8.01511556E-002   4.00756200E-002  -5.08445450E-003   2.71406243E-003
     216       1     1.18794594E+001   1.00002269E+000   1.39940079E-001   1.19999997E+001   0.00000000E+000   4.57346209E-020   8.81332456E-021  -1.19999997E+001   4.15357561E-020  -3.31898624E-019   0.00000000E+000   3.65173066E-002   4.39833358E-002  -8.05006052E-002   4.02503453E-002  -5.10284536E-003   2.72307532E-003
     217       1     1.18789231E+001   1.00002269E+000   1.40562458E-001   1.19999997E+001   0.00000000E+000  -4.99289752E-020  -2.43231193E-020  -1.19999997E+001   3.05882211E-020  -1.10632875E-019   3.87215062E-019   3.66883526E-002   4.41710563E-002  -8.08593711E-002   4.04297281E-002  -5.12168898E-003   2.73178341E-003
     218       1     1.18783794E+001   1.00002269E+000   1.41193068E-001   1.19999997E+001   0.00000000E+000  -3.83869833E-020  -7.56688787E-020  -1.19999997E+001   1.42737189E-020  -5.53164374E-020   1.65949312E-019   3.68605055E-002   4.43625992E-002  -8.12230683E-002   4.06115775E-002  -5.13855415E-003   2.73749246E-003
     219       1     1.18778437E+001   1.00002269E+000   1.41815221E-001   1.19999997E+001   0.00000000E+000  -4.62689912E-020   2.36448101E-021  -1.19999997E+001   1.61956478E-020   5.53164374E-020  -5.53164374E-020   3.70293067E-002   4.45522565E-002  -8.15815269E-002   4.07908070E-002  -5.15729766E-003   2.74868882E-003
     220       1     1.18773065E+001   1.00002269E+000   1.42439473E-001   1.19999997E+001   0.00000000E+000   5.17897096E-020  -3.60776301E-020  -1.19999997E+001   1.94298290E-020  -1.10632875E-019   3.31898624E-019   3.71989445E-002   4.47419837E-002  -8.19408904E-002   4.09704877E-002  -5.17972199E-003   2.76274012E-003
     221       1     1.18767734E+001   1.00002269E+000   1.43058398E-001   1.19999997E+001   0.00000000E+000   2.10618753E-020   5.13168503E-020  -1.19999997E+001   3.49105564E-020   1.65949312E-019  -1.10632875E-019   3.73684568E-002   4.49291420E-002  -8.22975605E-002   4.11488228E-002  -5.19876672E-003   2.77309810E-003
     222       1     1.18762336E+001   1.00002269E+000   1.43685266E-001   1.19999997E+001   0.00000000E+000   1.12442622E-020   1.69486564E-020  -1.19999997E+001   2.90509735E-020   1.10632875E-019  -1.10632875E-019   3.75378353E-002   4.51209533E-002  -8.26587493E-002   4.13294171E-002  -5.21858923E-003   2.78118472E-003
     223       1     1.18756965E+001   1.00002269E+000   1.44308498E-001   1.19999997E+001   0.00000000E+000  -1.90038020E-020   8.26294348E-021  -1.19999997E+001  -5.58531552E-021  -2.21265749E-019  -1.10632875E-019   3.77094048E-002   4.53086902E-002  -8.30180547E-002   4.15090693E-002  -5.23633864E-003   2.79078164E-003
     224       1     1.18751624E+001   1.00002269E+000   1.44928058E-001   1.19999997E+001   0.00000000E+000   5.67383783E-020   2.04779955E-021  -1.19999997E+001   3.33986569E-020   5.53164374E-020   2.76582187E-019   3.78791566E-002   4.54962896E-002  -8.33754063E-002   4.16877455E-002  -5.25255112E-003   2.79689539E-003
     225       1     1.18746307E+001   1.00002269E+000   1.45545413E-001   1.19999997E+001   0.00000000E+000  -1.45118762E-020  -1.67679217E-020  -1.19999997E+001   4.08699495E-020   0.00000000E+000   2.76582187E-019   3.80462194E-002   4.56849871E-002  -8.37311671E-002   4.18656264E-002  -5.27127417E-003   2.80501436E-003
     226       1     1.18740957E+001   1.00002269E+000   1.46166176E-001   1.19999997E+001   0.00000000E+000  -1.94206762E-020  -2.51228679E-020  -1.19999997E+001   4.65314944E-020  -1.65949312E-019   1.10632875E-019   3.82142122E-002   4.58749508E-002  -8.40891248E-002   4.20446060E-002  -5.28786529E-003   2.81026747E-003
     227       1     1.18735614E+001   1.00002269E+000   1.46786718E-001   1.19999997E+001   0.00000000E+000  -3.16623690E-020  -1.36770727E-020  -1.19999997E+001   9.89654606E-021  -2.21265749E-019   5.53164374E-020   3.83823923E-002   4.60643017E-002  -8.44466557E-002   4.22233715E-002  -5.30719563E-003   2.81980039E-003
     228       1     1.18730089E+001   1.00002269E+000   1.47428431E-001   1.19999997E+001   0.00000000E+000   4.34653606E-020   3.71418866E-021  -1.19999997E+001   4.13170649E-020  -1.10632875E-019  -1.10632875E-019   3.85543451E-002   4.62620529E-002  -8.48163597E-002   4.24082235E-002  -5.32700403E-003   2.82807706E-003
     229       1     1.18724726E+001   1.00002269E+000   1.48051285E-001   1.19999997E+001   0.00000000E+000  -1.72933502E-020  -9.56902368E-022  -1.19999997E+001   8.35022475E-021   0.00000000E+000   5.53164374E-020   3.87244883E-002   4.64507298E-002  -8.51751781E-002   4.25876322E-002  -5.34801416E-003   2.83778757E-003
     230       1     1.18719322E+001   1.00002269E+000   1.48679173E-001   1.19999997E+001   0.00000000E+000  -1.15867799E-020   9.51299908E-021  -1.19999997E+001  -4.42723365E-020  -1.10632875E-019   0.00000000E+000   3.88951445E-002   4.66417158E-002  -8.55368194E-002   4.27684525E-002  -5.36959717E-003   2.84798874E-003
     231       1     1.18713916E+001   1.00002269E+000   1.49307254E-001   1.19999997E+001   0.00000000E+000  -5.86930540E-020   1.23360483E-019  -1.19999997E+001  -9.99233916E-020  -1.65949312E-019  -5.53164374E-020   3.90646120E-002   4.68339560E-002  -8.58985257E-002   4.29493056E-002  -5.38987063E-003   2.86038770E-003
     232       1     1.18708507E+001   1.00002269E+000   1.49935347E-001   1.19999997E+001   0.00000000E+000  -4.68254257E-020   3.12280200E-020  -1.19999997E+001   1.15189121E-020  -5.53164374E-020  -5.53164374E-020   3.92351163E-002   4.70254127E-002  -8.62604866E-002   4.31302859E-002  -5.40835490E-003   2.86994471E-003
     233       1     1.18703152E+001   1.00002269E+000   1.50556872E-001   1.19999997E+001   0.00000000E+000   2.58857943E-021   1.00286892E-019  -1.19999997E+001   2.19390402E-020  -1.10632875E-019   1.65949312E-019   3.94036444E-002   4.72151982E-002  -8.66187996E-002   4.33094428E-002  -5.42515184E-003   2.87770072E-003
     234       1     1.18697763E+001   1.00002269E+000   1.51182510E-001   1.19999997E+001   0.00000000E+000  -3.98933436E-020  -3.72421190E-020  -1.19999997E+001  -5.01756259E-020   1.10632875E-019  -5.53164374E-020   3.95729247E-002   4.74065370E-002  -8.69794179E-002   4.34897528E-002  -5.44287723E-003   2.88547105E-003
     235       1     1.18692344E+001   1.00002269E+000   1.51811577E-001   1.19999997E+001   0.00000000E+000  -2.59468833E-020  -8.64813110E-020  -1.19999997E+001   2.02311866E-020  -1.10632875E-019   1.65949312E-019   3.97428302E-002   4.75992794E-002  -8.73420662E-002   4.36710773E-002  -5.45932773E-003   2.89381517E-003
     236       1     1.18686920E+001   1.00002269E+000   1.52441205E-001   1.19999997E+001   0.00000000E+000   4.91779448E-021  -1.23557994E-020  -1.19999997E+001  -4.41009919E-020   0.00000000E+000  -1.10632875E-019   3.99128130E-002   4.77922567E-002  -8.77050262E-002   4.38525572E-002  -5.47552666E-003   2.90288680E-003
     237       1     1.18681554E+001   1.00002269E+000   1.53064215E-001   1.19999997E+001   0.00000000E+000   1.23301610E-020   6.14672216E-020  -1.19999997E+001  -2.64354368E-020   1.10632875E-019   0.00000000E+000   4.00821586E-002   4.79820116E-002  -8.80641264E-002   4.40321074E-002  -5.49354947E-003   2.91103613E-003
     238       1     1.18676170E+001   1.00002269E+000   1.53689436E-001   1.19999997E+001   0.00000000E+000   3.26350711E-020   3.67774629E-020  -1.19999997E+001   3.88329382E-020  -5.53164374E-020   0.00000000E+000   4.02515663E-002   4.81729119E-002  -8.84244344E-002   4.42122612E-002  -5.51178641E-003   2.92022589E-003
     239       1     1.18670782E+001   1.00002269E+000   1.54314802E-001   1.19999997E+001   0.00000000E+000  -3.80290484E-020   1.03986415E-019  -1.19999997E+001   3.47717082E-020   1.10632875E-019  -5.53164374E-020   4.04219792E-002   4.83630745E-002  -8.87850098E-002   4.43925491E-002  -5.52868568E-003   2.92755337E-003
     240       1     1.18665312E+001   1.00002269E+000   1.54949972E-001   1.19999997E+001   0.00000000E+000  -1.45533540E-020   5.06795836E-020  -1.19999997E+001  -3.96542895E-021   1.10632875E-019   1.10632875E-019   4.05950454E-002   4.85560834E-002  -8.91510840E-002   4.45755862E-002  -5.54853685E-003   2.93464257E-003
     241       1     1.18659838E+001   1.00002269E+000   1.55585527E-001   1.19999997E+001   0.00000000E+000  -3.82627744E-020  -1.03011946E-019  -1.19999997E+001  -4.22902682E-020   0.00000000E+000   1.65949312E-019   4.07685397E-002   4.87489333E-002  -8.95174275E-002   4.47587576E-002  -5.56677504E-003   2.94374098E-003
     242       1     1.18654372E+001   1.00002269E+000   1.56219537E-001   1.19999997E+001   0.00000000E+000   1.16220591E-020   1.11053745E-020  -1.19999997E+001  -5.61792532E-020   0.00000000E+000  -5.53164374E-020   4.09421903E-002   4.89411271E-002  -8.98832728E-002   4.49416807E-002  -5.58128532E-003   2.94834659E-003
     243       1     1.18648735E+001   1.00002269E+000   1.56873821E-001   1.19999997E+001   0.00000000E+000  -3.16602852E-020   9.77223157E-021  -1.19999997E+001   2.74372855E-020  -1.10632875E-019  -1.10632875E-019   4.11214144E-002   4.91391456E-002  -9.02605159E-002   4.51303027E-002  -5.60025272E-003   2.95487917E-003
     244       1     1.18643244E+001   1.00002269E+000   1.57511540E-001   1.19999997E+001   0.00000000E+000  -2.71273565E-021  -1.19196040E-019  -1.19999997E+001   3.64608078E-020   1.10632875E-019  -3.31898624E-019   4.12948157E-002   4.93332495E-002  -9.06280214E-002   4.53140557E-002  -5.62005178E-003   2.96282780E-003
     245       1     1.18637467E+001   1.00002269E+000   1.58181905E-001   1.19999997E+001   0.00000000E+000   2.73145009E-020  -6.15321088E-021  -1.19999997E+001   9.57369240E-021  -1.10632875E-019  -1.65949312E-019   4.14793397E-002   4.95353974E-002  -9.10146918E-002   4.55073899E-002  -5.63816407E-003   2.96831497E-003
     246       1     1.18631912E+001   1.00002269E+000   1.58826874E-001   1.19999997E+001   0.00000000E+000  -1.17223837E-020   4.13617738E-020  -1.19999997E+001   9.34202380E-020  -1.65949312E-019  -5.53164374E-020   4.16538794E-002   4.97326373E-002  -9.13864710E-002   4.56932794E-002  -5.65650613E-003   2.97537574E-003
     247       1     1.18626527E+001   1.00002269E+000   1.59451835E-001   1.19999997E+001   0.00000000E+000  -1.12805042E-020   5.34694190E-020  -1.19999997E+001   6.48304388E-020  -5.53164374E-020   1.65949312E-019   4.18235803E-002   4.99233572E-002  -9.17468910E-002   4.58734901E-002  -5.67258495E-003   2.98068927E-003
     248       1     1.18621143E+001   1.00002269E+000   1.60076972E-001   1.19999997E+001   0.00000000E+000  -3.39026146E-020   1.16298640E-019  -1.19999997E+001   1.87568743E-020  -1.10632875E-019  -1.65949312E-019   4.19921482E-002   5.01151566E-002  -9.21072581E-002   4.60536738E-002  -5.68967640E-003   2.98733368E-003
     249       1     1.18615768E+001   1.00002269E+000   1.60700844E-001   1.19999997E+001   0.00000000E+000   4.93860324E-020   1.31844835E-019  -1.19999997E+001  -4.54426282E-020   0.00000000E+000   5.53164374E-020   4.21615847E-002   5.03054776E-002  -9.24670153E-002   4.62335522E-002  -5.70609547E-003   2.99303403E-003
     250       1     1.18610213E+001   1.00002269E+000   1.61345508E-001   1.19999997E+001   0.00000000E+000   4.29898636E-020   4.39200198E-020  -1.19999997E+001  -1.20727485E-020  -1.10632875E-019   0.00000000E+000   4.23383206E-002   5.05005756E-002  -9.28388489E-002   4.64194686E-002  -5.72306236E-003   2.99840915E-003
     251       1     1.18604637E+001   1.00002268E+000   1.61993008E-001   1.19999997E+001   0.00000000E+000  -2.35710866E-020   3.19090197E-020  -1.19999997E+001   4.76121310E-020   5.53164374E-020   2.21265749E-019   4.25126957E-002   5.06994808E-002  -9.32121292E-002   4.66061098E-002  -5.74095216E-003   3.00384004E-003
     252       1     1.18599160E+001   1.00002268E+000   1.62629005E-001   1.19999997E+001   0.00000000E+000  -4.18444189E-020   1.61108195E-019  -1.19999997E+001   4.54363241E-020   0.00000000E+000   0.00000000E+000   4.26815165E-002   5.08972428E-002  -9.35787117E-002   4.67894011E-002  -5.75680466E-003   3.01120510E-003
     253       1     1.18593720E+001   1.00002268E+000   1.63260417E-001   1.19999997E+001   0.00000000E+000  -8.04918481E-021  -2.81435015E-020  -1.19999997E+001  -4.43797961E-020  -1.10632875E-019   4.42531499E-019   4.28528214E-002   5.10900844E-002  -9.39428580E-002   4.69714743E-002  -5.77280738E-003   3.01647319E-003
     254       1     1.18588217E+001   1.00002268E+000   1.63899817E-001   1.19999997E+001   0.00000000E+000  -3.51193562E-020   7.75959774E-020  -1.19999997E+001   8.31985171E-020   1.10632875E-019   0.00000000E+000   4.30239088E-002   5.12873748E-002  -9.43112345E-002   4.71556629E-002  -5.79038803E-003   3.02786899E-003
     255       1     1.18582759E+001   1.00002268E+000   1.64533286E-001   1.19999997E+001   0.00000000E+000  -4.07527436E-020   1.74724390E-019  -1.19999997E+001   1.89397192E-020   1.10632875E-019   1.10632875E-019   4.31956873E-002   5.14809505E-002  -9.46765879E-002   4.73383399E-002  -5.80631211E-003   3.03255283E-003
     256       1     1.18577388E+001   1.00002268E+000   1.65156559E-001   1.19999997E+001   0.00000000E+000   2.69168686E-021  -5.19062165E-020  -1.19999997E+001  -6.58958031E-020  -1.10632875E-019  -1.10632875E-019   4.33667091E-002   5.16694276E-002  -9.50360864E-002   4.75180891E-002  -5.82340824E-003   3.03634187E-003
     257       1     1.18571932E+001   1.00002268E+000   1.65789381E-001   1.19999997E+001   0.00000000E+000   2.97626099E-020  -4.92734821E-020  -1.19999997E+001  -2.68907027E-020   1.65949312E-019  -2.21265749E-019   4.35419998E-002   5.18594101E-002  -9.54013604E-002   4.77007262E-002  -5.83729326E-003   3.04047264E-003
     258       1     1.18566512E+001   1.00002268E+000   1.66418505E-001   1.19999997E+001   0.00000000E+000  -2.15775971E-020  -5.45965581E-020  -1.19999997E+001  -1.98444480E-020   1.10632875E-019  -1.65949312E-019   4.37126126E-002   5.20516006E-002  -9.57641627E-002   4.78821273E-002  -5.85296343E-003   3.04676076E-003
     259       1     1.18561101E+001   1.00002268E+000   1.67046914E-001   1.19999997E+001   0.00000000E+000   1.02164719E-020  -3.98105992E-020  -1.19999997E+001   3.93480533E-021  -1.65949312E-019  -5.53164374E-020   4.38815551E-002   5.22449352E-002  -9.61264396E-002   4.80632660E-002  -5.86940076E-003   3.05312081E-003
     260       1     1.18555741E+001   1.00002268E+000   1.67669148E-001   1.19999997E+001   0.00000000E+000  -4.49300981E-020   2.11234918E-020  -1.19999997E+001  -6.68160679E-020   0.00000000E+000   1.10632875E-019   4.40497033E-002   5.24355902E-002  -9.64852426E-002   4.82426676E-002  -5.88518306E-003   3.05874659E-003
     261       1     1.18550321E+001   1.00002268E+000   1.68298500E-001   1.19999997E+001   0.00000000E+000   6.11131113E-021   6.43179350E-020  -1.19999997E+001  -8.58844274E-020   1.10632875E-019   1.65949312E-019   4.42189028E-002   5.26292179E-002  -9.68480698E-002   4.84240811E-002  -5.90081023E-003   3.06647459E-003
     262       1     1.18544908E+001   1.00002268E+000   1.68927254E-001   1.19999997E+001   0.00000000E+000  -1.38871913E-021  -7.35925921E-020  -1.19999997E+001  -1.61992350E-020  -1.10632875E-019   0.00000000E+000   4.43897618E-002   5.28207514E-002  -9.72104640E-002   4.86052782E-002  -5.91857174E-003   3.07537800E-003
     263       1     1.18539471E+001   1.00002268E+000   1.69558531E-001   1.19999997E+001   0.00000000E+000  -2.97281221E-022  -3.71437858E-020  -1.19999997E+001   2.28617053E-020   1.10632875E-019  -5.53164374E-020   4.45618638E-002   5.30126887E-002  -9.75745025E-002   4.87872977E-002  -5.93468977E-003   3.08220184E-003
     264       1     1.18534075E+001   1.00002268E+000   1.70185165E-001   1.19999997E+001   0.00000000E+000  -3.66735642E-020  -9.88050360E-020  -1.19999997E+001   3.38737846E-021   2.21265749E-019   5.53164374E-020   4.47310376E-002   5.32047528E-002  -9.79357402E-002   4.89679167E-002  -5.95181524E-003   3.08850284E-003
     265       1     1.18528626E+001   1.00002268E+000   1.70817915E-001   1.19999997E+001   0.00000000E+000   5.95466314E-020  -6.48154039E-020  -1.19999997E+001  -1.63008917E-020  -5.53164374E-020  -1.10632875E-019   4.49035389E-002   5.33970510E-002  -9.83005395E-002   4.91503165E-002  -5.96967114E-003   3.09488509E-003
     266       1     1.18523227E+001   1.00002268E+000   1.71444801E-001   1.19999997E+001   0.00000000E+000  -6.62983151E-020   1.15918390E-019  -1.19999997E+001   5.51719973E-020  -1.65949312E-019   1.10632875E-019   4.50728774E-002   5.35891673E-002  -9.86619941E-002   4.93310441E-002  -5.98599727E-003   3.10049673E-003
     267       1     1.18517740E+001   1.00002268E+000   1.72082183E-001   1.19999997E+001   0.00000000E+000  -4.41233332E-021   4.17143807E-020  -1.19999997E+001   1.75620784E-020   1.10632875E-019   0.00000000E+000   4.52441021E-002   5.37853358E-002  -9.90293878E-002   4.95147408E-002  -6.00286555E-003   3.10803946E-003
     268       1     1.18512230E+001   1.00002268E+000   1.72722080E-001   1.19999997E+001   0.00000000E+000   5.89580367E-020   1.14037979E-019  -1.19999997E+001  -3.14658608E-020   5.53164374E-020   0.00000000E+000   4.54157581E-002   5.39825865E-002  -9.93982944E-002   4.96991950E-002  -6.01923588E-003   3.11426268E-003
     269       1     1.18506728E+001   1.00002268E+000   1.73361248E-001   1.19999997E+001   0.00000000E+000   1.17335148E-021   1.41380360E-022  -1.19999997E+001  -5.11185749E-020  -1.10632875E-019  -5.53164374E-020   4.55861370E-002   5.41806211E-002  -9.97667072E-002   4.98834016E-002  -6.03513378E-003   3.12225207E-003
     270       1     1.18501170E+001   1.00002268E+000   1.74006720E-001   1.19999997E+001   0.00000000E+000   2.40474804E-020   4.27314224E-020  -1.19999997E+001  -6.97824705E-020  -5.53164374E-020  -5.53164374E-020   4.57586364E-002   5.43802621E-002  -1.00138847E-001   5.00694711E-002  -6.05054919E-003   3.12911017E-003
     271       1     1.18495637E+001   1.00002268E+000   1.74649226E-001   1.19999997E+001   0.00000000E+000   4.55484789E-020   1.00080414E-019  -1.19999997E+001   6.50695720E-020   1.10632875E-019   2.21265749E-019   4.59307552E-002   5.45786360E-002  -1.00509341E-001   5.02547188E-002  -6.06624770E-003   3.13365917E-003
     272       1     1.18490099E+001   1.00002268E+000   1.75292293E-001   1.19999997E+001   0.00000000E+000   2.23561914E-020  -8.97768977E-020  -1.19999997E+001   6.87619734E-020   1.10632875E-019   1.65949312E-019   4.61026263E-002   5.47775491E-002  -1.00880125E-001   5.04401113E-002  -6.08162283E-003   3.13939230E-003
     273       1     1.18484505E+001   1.00002268E+000   1.75942007E-001   1.19999997E+001   0.00000000E+000  -3.46028826E-020   1.27444002E-019  -1.19999997E+001   4.91142181E-020  -5.53164374E-020   1.10632875E-019   4.62771747E-002   5.49775998E-002  -1.01254723E-001   5.06274093E-002  -6.09685363E-003   3.14763993E-003
     274       1     1.18478806E+001   1.00002268E+000   1.76603222E-001   1.19999997E+001   0.00000000E+000  -3.11618403E-020   5.91153487E-020  -1.19999997E+001  -1.12059234E-020  -2.21265749E-019   1.10632875E-019   4.64553759E-002   5.51809740E-002  -1.01636299E-001   5.08181971E-002  -6.10839890E-003   3.15300742E-003
     275       1     1.18473152E+001   1.00002268E+000   1.77259940E-001   1.19999997E+001   0.00000000E+000  -4.71731792E-020  -3.70410212E-020  -1.19999997E+001  -4.92193698E-020  -2.76582187E-019   0.00000000E+000   4.66289940E-002   5.53859702E-002  -1.02014913E-001   5.10075042E-002  -6.12374101E-003   3.15819466E-003
     276       1     1.18467477E+001   1.00002268E+000   1.77919353E-001   1.19999997E+001   0.00000000E+000   3.73880361E-020   5.77474938E-020  -1.19999997E+001  -3.73497105E-020   0.00000000E+000   1.10632875E-019   4.68060267E-002   5.55889537E-002  -1.02394929E-001   5.11975124E-002  -6.14278072E-003   3.16507698E-003
     277       1     1.18461833E+001   1.00002268E+000   1.78575060E-001   1.19999997E+001   0.00000000E+000   4.01824134E-021   6.07560995E-020  -1.19999997E+001  -1.76071566E-020   1.65949312E-019  -1.65949312E-019   4.69819864E-002   5.57909190E-002  -1.02772853E-001   5.13864742E-002  -6.15998390E-003   3.17369731E-003
     278       1     1.18456083E+001   1.00002268E+000   1.79242888E-001   1.19999997E+001   0.00000000E+000   1.05873233E-020   1.89340482E-020  -1.19999997E+001   4.17577443E-020  -3.31898624E-019  -5.53164374E-020   4.71586071E-002   5.59993679E-002  -1.03157923E-001   5.15790092E-002  -6.17484555E-003   3.17875980E-003
     279       1     1.18450389E+001   1.00002268E+000   1.79904243E-001   1.19999997E+001   0.00000000E+000  -4.65240561E-020  -1.48925218E-020  -1.19999997E+001  -1.09678135E-019   0.00000000E+000   5.53164374E-020   4.73350215E-002   5.62042234E-002  -1.03539193E-001   5.17696443E-002  -6.19047793E-003   3.18628582E-003
     280       1     1.18444593E+001   1.00002268E+000   1.80577247E-001   1.19999997E+001   0.00000000E+000  -6.87883371E-021   2.51771516E-020  -1.19999997E+001  -3.62436465E-020   2.76582187E-019  -1.65949312E-019   4.75137368E-002   5.64136866E-002  -1.03927372E-001   5.19637344E-002  -6.20268456E-003   3.19356345E-003
     281       1     1.18438736E+001   1.00002268E+000   1.81257700E-001   1.19999997E+001   0.00000000E+000  -9.85582007E-021   6.25695664E-020  -1.19999997E+001  -4.60930306E-020  -2.21265749E-019   5.53164374E-020   4.76940199E-002   5.66256463E-002  -1.04319615E-001   5.21598559E-002  -6.21928211E-003   3.19975993E-003
     282       1     1.18432905E+001   1.00002268E+000   1.81935082E-001   1.19999997E+001   0.00000000E+000   5.49596894E-020   9.49438751E-020  -1.19999997E+001  -2.58688339E-020  -1.10632875E-019   0.00000000E+000   4.78725497E-002   5.68376101E-002  -1.04710109E-001   5.23551025E-002  -6.23476014E-003   3.20595517E-003
     283       1     1.18427068E+001   1.00002268E+000   1.82613506E-001   1.19999997E+001   0.00000000E+000  -2.86353258E-021   1.04684243E-019  -1.19999997E+001  -5.38141655E-020   1.10632875E-019   5.53164374E-020   4.80510335E-002   5.70500459E-002  -1.05101028E-001   5.25505621E-002  -6.25268217E-003   3.21280180E-003
     284       1     1.18421096E+001   1.00002268E+000   1.83307059E-001   1.19999997E+001   0.00000000E+000   4.48089488E-020  -3.53419247E-020  -1.19999997E+001   1.48098828E-020   0.00000000E+000   0.00000000E+000   4.82350998E-002   5.72659064E-002  -1.05500957E-001   5.27505275E-002  -6.26867258E-003   3.21679674E-003
     285       1     1.18415147E+001   1.00002268E+000   1.83997945E-001   1.19999997E+001   0.00000000E+000   4.64473256E-020  -4.99876639E-020  -1.19999997E+001  -2.67790755E-020   0.00000000E+000  -5.53164374E-020   4.84187883E-002   5.74806436E-002  -1.05899382E-001   5.29497406E-002  -6.28307890E-003   3.22302265E-003
     286       1     1.18409195E+001   1.00002268E+000   1.84689705E-001   1.19999997E+001   0.00000000E+000  -1.94985937E-020   4.08826632E-020  -1.19999997E+001  -7.65261290E-020  -5.53164374E-020   0.00000000E+000   4.86016962E-002   5.76964041E-002  -1.06298050E-001   5.31490740E-002  -6.29982864E-003   3.23205300E-003
     287       1     1.18403258E+001   1.00002268E+000   1.85379443E-001   1.19999997E+001   0.00000000E+000   3.93590129E-020  -9.11251283E-020  -1.19999997E+001  -3.72677046E-021  -1.10632875E-019   0.00000000E+000   4.87839265E-002   5.79117888E-002  -1.06695666E-001   5.33478824E-002  -6.31615628E-003   3.23774959E-003
     288       1     1.18397257E+001   1.00002268E+000   1.86077019E-001   1.19999997E+001   0.00000000E+000  -4.72375983E-020  -2.65210564E-020  -1.19999997E+001  -1.77593778E-020   5.53164374E-020  -5.53164374E-020   4.89676472E-002   5.81300176E-002  -1.07097615E-001   5.35488573E-002  -6.33397690E-003   3.24634189E-003
     289       1     1.18391246E+001   1.00002268E+000   1.86775285E-001   1.19999997E+001   0.00000000E+000  -2.66153539E-020  -8.71744441E-020  -1.19999997E+001  -4.70615652E-020   0.00000000E+000  -1.65949312E-019   4.91555014E-002   5.83447167E-002  -1.07500168E-001   5.37501342E-002  -6.35079437E-003   3.25553568E-003
     290       1     1.18385187E+001   1.00002268E+000   1.87479209E-001   1.19999997E+001   0.00000000E+000  -4.40926436E-020   3.96442662E-020  -1.19999997E+001  -3.60545239E-020   0.00000000E+000  -1.10632875E-019   4.93436128E-002   5.85624285E-002  -1.07905991E-001   5.39530459E-002  -6.36707125E-003   3.26405304E-003
     291       1     1.18379154E+001   1.00002268E+000   1.88180395E-001   1.19999997E+001   0.00000000E+000   4.32411039E-020  -7.71915663E-020  -1.19999997E+001  -6.41101111E-020   2.21265749E-019   5.53164374E-020   4.95284932E-002   5.87816949E-002  -1.08310138E-001   5.41551194E-002  -6.38341499E-003   3.27202122E-003
     292       1     1.18373119E+001   1.00002268E+000   1.88881760E-001   1.19999997E+001   0.00000000E+000  -5.37456910E-020  -5.71625061E-021  -1.19999997E+001   2.39012730E-020   0.00000000E+000  -5.53164374E-020   4.97130859E-002   5.90013296E-002  -1.08714365E-001   5.43572331E-002  -6.40002741E-003   3.27975085E-003
     293       1     1.18366980E+001   1.00002268E+000   1.89595234E-001   1.19999997E+001   0.00000000E+000   6.53566981E-020  -1.07215638E-019  -1.19999997E+001   5.03451768E-020   2.21265749E-019   1.65949312E-019   4.99010379E-002   5.92245470E-002  -1.09125534E-001   5.45628179E-002  -6.41785336E-003   3.28729154E-003
     294       1     1.18360751E+001   1.00002268E+000   1.90318975E-001   1.19999997E+001   0.00000000E+000   1.58911261E-020  -6.03767992E-022  -1.19999997E+001  -5.24298514E-020  -2.21265749E-019  -1.10632875E-019   5.00916943E-002   5.94511563E-002  -1.09542799E-001   5.47714500E-002  -6.43479188E-003   3.29107290E-003
     295       1     1.18354531E+001   1.00002268E+000   1.91041950E-001   1.19999997E+001   0.00000000E+000  -2.42519346E-020  -9.74585464E-021  -1.19999997E+001   5.45435932E-020  -1.10632875E-019   3.31898624E-019   5.02825616E-002   5.96769242E-002  -1.09959434E-001   5.49797677E-002  -6.45275161E-003   3.29976916E-003
     296       1     1.18348313E+001   1.00002268E+000   1.91764802E-001   1.19999997E+001   0.00000000E+000   4.90123702E-020   9.20769663E-020  -1.19999997E+001   6.03293998E-020   2.21265749E-019  -5.53164374E-020   5.04732043E-002   5.99027897E-002  -1.10375942E-001   5.51880218E-002  -6.47088672E-003   3.30973349E-003
     297       1     1.18342119E+001   1.00002268E+000   1.92484491E-001   1.19999997E+001   0.00000000E+000  -2.58005441E-020   2.00230462E-020  -1.19999997E+001  -4.94830732E-020   1.10632875E-019   1.10632875E-019   5.06628593E-002   6.01280739E-002  -1.10790882E-001   5.53954914E-002  -6.48670115E-003   3.31515864E-003
     298       1     1.18335901E+001   1.00002268E+000   1.93206977E-001   1.19999997E+001   0.00000000E+000   6.35607587E-021  -1.39093269E-019  -1.19999997E+001   4.35286389E-020   1.10632875E-019  -5.53164374E-020   5.08555556E-002   6.03518935E-002  -1.11207397E-001   5.56037497E-002  -6.50380494E-003   3.32270208E-003
     299       1     1.18329668E+001   1.00002268E+000   1.93931137E-001   1.19999997E+001   0.00000000E+000  -4.07476793E-020  -7.39837620E-020  -1.19999997E+001   8.62683437E-020  -2.21265749E-019   3.87215062E-019   5.10485708E-002   6.05764517E-002  -1.11624971E-001   5.58125365E-002  -6.51969871E-003   3.32931649E-003
     300       1     1.18323371E+001   1.00002268E+000   1.94662184E-001   1.19999997E+001   0.00000000E+000  -3.58299969E-021  -1.07405763E-019  -1.19999997E+001   2.07308712E-020   5.53164374E-020  -2.21265749E-019   5.12448171E-002   6.08020612E-002  -1.12046827E-001   5.60234646E-002  -6.53247439E-003   3.33367222E-003
     301       1     1.18316978E+001   1.00002268E+000   1.95404783E-001   1.19999997E+001   0.00000000E+000   3.21079726E-020   9.33059731E-020  -1.19999997E+001  -1.64177152E-020  -2.21265749E-019  -1.65949312E-019   5.14407128E-002   6.10344317E-002  -1.12475094E-001   5.62375978E-002  -6.54660857E-003   3.33963661E-003
     302       1     1.18310681E+001   1.00002268E+000   1.96136591E-001   1.19999997E+001   0.00000000E+000   2.44339552E-020  -6.59338914E-020  -1.19999997E+001  -3.32241999E-020   5.53164374E-020  -3.31898624E-019   5.16335071E-002   6.12635169E-002  -1.12896973E-001   5.64485377E-002  -6.56292077E-003   3.34604672E-003
     303       1     1.18304408E+001   1.00002268E+000   1.96865587E-001   1.19999997E+001   0.00000000E+000  -2.47221034E-020  -5.94390465E-020  -1.19999997E+001   4.59371430E-021   5.53164374E-019  -3.87215062E-019   5.18253769E-002   6.14918759E-002  -1.13317202E-001   5.66586522E-002  -6.57916560E-003   3.35317677E-003
     304       1     1.18298076E+001   1.00002268E+000   1.97601695E-001   1.19999997E+001   0.00000000E+000  -4.45677845E-021   1.23029400E-020  -1.19999997E+001  -3.31024967E-020   1.10632875E-019  -2.76582187E-019   5.20196289E-002   6.17218365E-002  -1.13741414E-001   5.68707585E-002  -6.59670088E-003   3.36286060E-003
     305       1     1.18291733E+001   1.00002268E+000   1.98338697E-001   1.19999997E+001   0.00000000E+000  -1.44790712E-020  -1.14811772E-019  -1.19999997E+001   3.24729321E-020  -3.31898624E-019   1.10632875E-019   5.22152561E-002   6.19512058E-002  -1.14166411E-001   5.70832570E-002  -6.61204593E-003   3.36924051E-003
     306       1     1.18285333E+001   1.00002268E+000   1.99082674E-001   1.19999997E+001   0.00000000E+000   4.89706485E-020  -9.09423889E-021  -1.19999997E+001  -4.12400970E-020  -2.21265749E-019   2.21265749E-019   5.24103493E-002   6.21848880E-002  -1.14595186E-001   5.72976448E-002  -6.62903542E-003   3.37766246E-003
     307       1     1.18278901E+001   1.00002268E+000   1.99829981E-001   1.19999997E+001   0.00000000E+000   5.06297840E-020  -3.04446779E-020  -1.19999997E+001   9.97796637E-020  -1.10632875E-019  -1.10632875E-019   5.26106856E-002   6.24155303E-002  -1.15026164E-001   5.75131341E-002  -6.64593703E-003   3.38292167E-003
     308       1     1.18272451E+001   1.00002268E+000   2.00579520E-001   1.19999997E+001   0.00000000E+000   2.98229472E-021  -1.48883806E-019  -1.19999997E+001   3.02423404E-020  -1.10632875E-019  -5.53164374E-020   5.28103964E-002   6.26479672E-002  -1.15458312E-001   5.77292078E-002  -6.66272133E-003   3.39079845E-003
     309       1     1.18266040E+001   1.00002268E+000   2.01324644E-001   1.19999997E+001   0.00000000E+000  -2.75148601E-020   1.25764583E-019  -1.19999997E+001   3.76405425E-020   0.00000000E+000  -5.53164374E-020   5.30066381E-002   6.28812563E-002  -1.15887842E-001   5.79439734E-002  -6.67931110E-003   3.39794845E-003
     310       1     1.18259596E+001   1.00002268E+000   2.02073817E-001   1.19999997E+001   0.00000000E+000   2.55742827E-020  -1.62807714E-019  -1.19999997E+001   9.10074080E-020   0.00000000E+000   1.65949312E-019   5.32034091E-002   6.31162747E-002  -1.16319632E-001   5.81598682E-002  -6.69666975E-003   3.40564775E-003
     311       1     1.18253066E+001   1.00002268E+000   2.02832992E-001   1.19999997E+001   0.00000000E+000   1.74040674E-020   1.15161636E-019  -1.19999997E+001   1.66337686E-020  -1.10632875E-019   1.10632875E-019   5.34030950E-002   6.33541304E-002  -1.16757174E-001   5.83786391E-002  -6.71477012E-003   3.41325035E-003
     312       1     1.18246500E+001   1.00002268E+000   2.03596515E-001   1.19999997E+001   0.00000000E+000   5.14634797E-020   9.90392105E-020  -1.19999997E+001   4.72588383E-020  -1.65949312E-019  -1.10632875E-019   5.36024814E-002   6.35947398E-002  -1.17197169E-001   5.85986371E-002  -6.73271703E-003   3.42109525E-003
     313       1     1.18239974E+001   1.00002268E+000   2.04355082E-001   1.19999997E+001   0.00000000E+000  -3.92999681E-020  -6.45823373E-021  -1.19999997E+001  -6.33900208E-020  -5.53164374E-020   5.53164374E-020   5.38006179E-002   6.38338683E-002  -1.17634434E-001   5.88172697E-002  -6.74874715E-003   3.42807881E-003
     314       1     1.18233248E+001   1.00002268E+000   2.05136451E-001   1.19999997E+001   0.00000000E+000  -3.13962851E-020   1.23426109E-020  -1.19999997E+001   9.82619878E-021  -2.21265749E-019   1.10632875E-019   5.40041281E-002   6.40810251E-002  -1.18085101E-001   5.90426033E-002  -6.76176595E-003   3.43220465E-003
     315       1     1.18226586E+001   1.00002268E+000   2.05911270E-001   1.19999997E+001   0.00000000E+000   3.26016252E-020   2.00762221E-019  -1.19999997E+001   9.13776083E-020   0.00000000E+000  -1.10632875E-019   5.42088404E-002   6.43227998E-002  -1.18531588E-001   5.92658473E-002  -6.78154614E-003   3.44110770E-003
     316       1     1.18219900E+001   1.00002268E+000   2.06688535E-001   1.19999997E+001   0.00000000E+000  -4.18198307E-020   7.39551694E-020  -1.19999997E+001   3.74952056E-020   2.21265749E-019   0.00000000E+000   5.44125460E-002   6.45671351E-002  -1.18979629E-001   5.94898679E-002  -6.79828385E-003   3.44862750E-003
     317       1     1.18212930E+001   1.00002268E+000   2.07498575E-001   1.19999997E+001   0.00000000E+000   4.58530467E-020   1.14487916E-019  -1.19999997E+001  -1.09925867E-020   1.10632875E-019  -1.10632875E-019   5.46260369E-002   6.48206679E-002  -1.19446653E-001   5.97233798E-002  -6.81435446E-003   3.45772323E-003
     318       1     1.18206165E+001   1.00002268E+000   2.08285190E-001   1.19999997E+001   0.00000000E+000  -1.15260206E-020   8.25803737E-021  -1.19999997E+001   5.97268188E-020   3.31898624E-019   2.21265749E-019   5.48295183E-002   6.50705427E-002  -1.19900009E-001   5.99500577E-002  -6.83119898E-003   3.46413939E-003
     319       1     1.18199512E+001   1.00002268E+000   2.09059169E-001   1.19999997E+001   0.00000000E+000   4.31098259E-020   1.04380961E-019  -1.19999997E+001   2.32789489E-020  -1.10632875E-019   1.65949312E-019   5.50284782E-002   6.53174603E-002  -1.20345886E-001   6.01729965E-002  -6.84908698E-003   3.47289283E-003
     320       1     1.18192590E+001   1.00002268E+000   2.09863572E-001   1.19999997E+001   0.00000000E+000   1.59363625E-020   5.67015429E-020  -1.19999997E+001  -4.91607471E-020   2.21265749E-019  -1.10632875E-019   5.52393483E-002   6.55705155E-002  -1.20809812E-001   6.04049594E-002  -6.86395313E-003   3.47692028E-003
     321       1     1.18185793E+001   1.00002268E+000   2.10653968E-001   1.19999997E+001   0.00000000E+000  -4.78937575E-020  -6.27555765E-020  -1.19999997E+001   6.16464265E-020   1.65949312E-019   0.00000000E+000   5.54488768E-002   6.58164774E-002  -1.21265302E-001   6.06327048E-002  -6.88190756E-003   3.49034691E-003
     322       1     1.18179175E+001   1.00002268E+000   2.11424094E-001   1.19999997E+001   0.00000000E+000   2.54348543E-020   5.95064659E-020  -1.19999997E+001  -1.20644002E-020   0.00000000E+000  -5.53164374E-020   5.56423670E-002   6.60665660E-002  -1.21708881E-001   6.08544942E-002  -6.89706266E-003   3.50032729E-003
     323       1     1.18172361E+001   1.00002268E+000   2.12216236E-001   1.19999997E+001   0.00000000E+000   6.32442324E-021   9.02332187E-020  -1.19999997E+001  -8.99281695E-020  -1.10632875E-019   1.65949312E-019   5.58509684E-002   6.63146051E-002  -1.22165519E-001   6.10828135E-002  -6.91503757E-003   3.50664641E-003
     324       1     1.18165812E+001   1.00002268E+000   2.12977690E-001   1.19999997E+001   0.00000000E+000  -3.77493144E-020  -4.90459019E-020  -1.19999997E+001  -5.90833271E-020   1.65949312E-019   2.21265749E-019   5.60497163E-002   6.65548314E-002  -1.22604494E-001   6.13023007E-002  -6.92920379E-003   3.51526649E-003
     325       1     1.18159435E+001   1.00002268E+000   2.13719248E-001   1.19999997E+001   0.00000000E+000  -4.18801432E-020  -1.26025503E-019  -1.19999997E+001   2.90110388E-020   0.00000000E+000  -1.65949312E-019   5.62434768E-002   6.67884519E-002  -1.23031875E-001   6.15159914E-002  -6.94520100E-003   3.52399661E-003
     326       1     1.18152886E+001   1.00002268E+000   2.14480240E-001   1.19999997E+001   0.00000000E+000   5.20991901E-020  -8.99964066E-020  -1.19999997E+001  -2.40276977E-020  -1.10632875E-019   5.53164374E-020   5.64429836E-002   6.70278782E-002  -1.23470809E-001   6.17354587E-002  -6.95752582E-003   3.52941105E-003
     327       1     1.18146391E+001   1.00002268E+000   2.15235915E-001   1.19999997E+001   0.00000000E+000  -3.11016745E-020   1.58843577E-019  -1.19999997E+001   8.74494895E-020  -2.76582187E-019   1.65949312E-019   5.66385455E-002   6.72676594E-002  -1.23906150E-001   6.19531300E-002  -6.97605037E-003   3.53727822E-003
     328       1     1.18139884E+001   1.00002268E+000   2.15992698E-001   1.19999997E+001   0.00000000E+000  -4.33431563E-020  -8.36807138E-020  -1.19999997E+001   2.56357146E-020   0.00000000E+000  -1.10632875E-019   5.68380659E-002   6.75043229E-002  -1.24342333E-001   6.21712216E-002  -6.99408524E-003   3.54442380E-003
     329       1     1.18133384E+001   1.00002268E+000   2.16748309E-001   1.19999997E+001   0.00000000E+000  -4.78548515E-020   1.23603151E-019  -1.19999997E+001  -1.34463009E-020   0.00000000E+000   0.00000000E+000   5.70374531E-002   6.77405918E-002  -1.24777989E-001   6.23890500E-002  -7.01019445E-003   3.55021436E-003
     330       1     1.18126911E+001   1.00002268E+000   2.17501066E-001   1.19999997E+001   0.00000000E+000   3.21338863E-020  -1.09336501E-019  -1.19999997E+001  -5.03503599E-020  -1.65949312E-019   1.10632875E-019   5.72320275E-002   6.79799065E-002  -1.25211877E-001   6.26059937E-002  -7.02494889E-003   3.55680722E-003
     331       1     1.18120400E+001   1.00002268E+000   2.18258499E-001   1.19999997E+001   0.00000000E+000   6.28137640E-021   1.48908336E-020  -1.19999997E+001  -5.53322635E-020   5.53164374E-020  -1.65949312E-019   5.74285573E-002   6.82198619E-002  -1.25648363E-001   6.28242365E-002  -7.04108073E-003   3.56548493E-003
     332       1     1.18113891E+001   1.00002268E+000   2.19015381E-001   1.19999997E+001   0.00000000E+000  -4.64668182E-020  -8.33929942E-020  -1.19999997E+001  -6.56191354E-020  -5.53164374E-020   3.31898624E-019   5.76235720E-002   6.84611645E-002  -1.26084681E-001   6.30423962E-002  -7.05511512E-003   3.57076630E-003
     333       1     1.18107263E+001   1.00002268E+000   2.19785767E-001   1.19999997E+001   0.00000000E+000   3.91606452E-020  -9.97349284E-020  -1.19999997E+001   8.15543110E-021   1.10632875E-019   0.00000000E+000   5.78223388E-002   6.87066576E-002  -1.26528941E-001   6.32645260E-002  -7.06538948E-003   3.57876336E-003
     334       1     1.18100732E+001   1.00002268E+000   2.20544746E-001   1.19999997E+001   0.00000000E+000   5.88909866E-020   7.17846643E-020  -1.19999997E+001   7.96069020E-021   1.10632875E-019  -1.10632875E-019   5.80213331E-002   6.89455176E-002  -1.26966795E-001   6.34834529E-002  -7.07655281E-003   3.58311985E-003
     335       1     1.18094131E+001   1.00002268E+000   2.21312652E-001   1.19999997E+001   0.00000000E+000   1.56940376E-020   4.00420304E-020  -1.19999997E+001  -1.17858334E-020   5.53164374E-020   1.10632875E-019   5.82180367E-002   6.91913044E-002  -1.27409285E-001   6.37046980E-002  -7.09328848E-003   3.58824791E-003
     336       1     1.18087548E+001   1.00002268E+000   2.22078458E-001   1.19999997E+001   0.00000000E+000   9.39609651E-021   7.99174113E-020  -1.19999997E+001   1.05346977E-019   0.00000000E+000  -1.10632875E-019   5.84160300E-002   6.94346195E-002  -1.27850594E-001   6.39253525E-002  -7.10973754E-003   3.59557604E-003
     337       1     1.18080965E+001   1.00002268E+000   2.22844423E-001   1.19999997E+001   0.00000000E+000  -3.16393947E-020  -5.68996336E-020  -1.19999997E+001   9.79031560E-020   5.53164374E-020  -1.65949312E-019   5.86143896E-002   6.96775999E-002  -1.28291934E-001   6.41460220E-002  -7.12648061E-003   3.60498504E-003
     338       1     1.18074406E+001   1.00002268E+000   2.23606836E-001   1.19999997E+001   0.00000000E+000  -2.25831913E-020  -9.72092844E-020  -1.19999997E+001  -3.17713585E-020  -1.10632875E-019  -2.21265749E-019   5.88145086E-002   6.99172068E-002  -1.28731660E-001   6.43658850E-002  -7.13870478E-003   3.61149094E-003
     339       1     1.18067849E+001   1.00002268E+000   2.24369350E-001   1.19999997E+001   0.00000000E+000   1.21761197E-021  -3.59278091E-020  -1.19999997E+001   8.21059318E-020   1.10632875E-019   5.53164374E-020   5.90128414E-002   7.01584506E-002  -1.29171236E-001   6.45856732E-002  -7.15317940E-003   3.61827251E-003
     340       1     1.18061248E+001   1.00002268E+000   2.25137271E-001   1.19999997E+001   0.00000000E+000  -1.35017980E-020   4.22376463E-020  -1.19999997E+001   1.08295667E-019   1.65949312E-019   1.65949312E-019   5.92102195E-002   7.04036599E-002  -1.29613824E-001   6.48069680E-002  -7.16690665E-003   3.62695257E-003
     341       1     1.18054550E+001   1.00002268E+000   2.25915768E-001   1.19999997E+001   0.00000000E+000  -6.20806040E-020   8.53601859E-020  -1.19999997E+001   7.18952101E-020   5.53164374E-020  -3.31898624E-019   5.94122914E-002   7.06506235E-002  -1.30062860E-001   6.50314858E-002  -7.17843880E-003   3.63060737E-003
     342       1     1.18047869E+001   1.00002268E+000   2.26692977E-001   1.19999997E+001   0.00000000E+000  -7.94543115E-020   1.47563693E-019  -1.19999997E+001  -1.99632893E-020  -5.53164374E-020  -1.65949312E-019   5.96120882E-002   7.08987508E-002  -1.30510784E-001   6.52554478E-002  -7.19127538E-003   3.64207036E-003
     343       1     1.18041240E+001   1.00002268E+000   2.27464140E-001   1.19999997E+001   0.00000000E+000  -1.72799243E-020  -6.68576116E-020  -1.19999997E+001  -9.34417352E-021   5.53164374E-020  -5.53164374E-020   5.98120447E-002   7.11432993E-002  -1.30955289E-001   6.54777004E-002  -7.20600281E-003   3.64974152E-003
     344       1     1.18034615E+001   1.00002268E+000   2.28234445E-001   1.19999997E+001   0.00000000E+000  -6.76136536E-020  -9.43645322E-020  -1.19999997E+001   4.99343297E-020  -5.53164374E-020  -5.53164374E-020   6.00118793E-002   7.13876090E-002  -1.31399433E-001   6.56997725E-002  -7.21919559E-003   3.65558692E-003
     345       1     1.18027918E+001   1.00002268E+000   2.29013485E-001   1.19999997E+001   0.00000000E+000   5.62583049E-021  -2.56964079E-021  -1.19999997E+001  -2.11370892E-020  -1.65949312E-019  -1.10632875E-019   6.02106527E-002   7.16379010E-002  -1.31848499E-001   6.59243063E-002  -7.23196918E-003   3.66160874E-003
     346       1     1.18021196E+001   1.00002268E+000   2.29795684E-001   1.19999997E+001   0.00000000E+000  -6.36672424E-020   5.94953876E-020  -1.19999997E+001   8.73757000E-020   1.65949312E-019   5.53164374E-020   6.04122708E-002   7.18870135E-002  -1.32299229E-001   6.61496711E-002  -7.24788212E-003   3.67047364E-003
     347       1     1.18014431E+001   1.00002268E+000   2.30582520E-001   1.19999997E+001   0.00000000E+000  -2.81384371E-020  -3.13979402E-020  -1.19999997E+001   3.48094536E-020   5.53164374E-020   5.53164374E-020   6.06168269E-002   7.21360556E-002  -1.32752827E-001   6.63764698E-002  -7.26202950E-003   3.67854882E-003
     348       1     1.18007628E+001   1.00002268E+000   2.31373637E-001   1.19999997E+001   0.00000000E+000   2.61565931E-020  -9.25546525E-020  -1.19999997E+001  -4.93962865E-020   2.21265749E-019  -1.65949312E-019   6.08237523E-002   7.23852765E-002  -1.33208971E-001   6.66045424E-002  -7.27651510E-003   3.68514200E-003
     349       1     1.18000876E+001   1.00002268E+000   2.32159226E-001   1.19999997E+001   0.00000000E+000   2.38287628E-020   5.89396256E-020  -1.19999997E+001  -5.57315641E-020  -1.10632875E-019   2.21265749E-019   6.10281432E-002   7.26336684E-002  -1.33661754E-001   6.68309339E-002  -7.29179883E-003   3.69465189E-003
     350       1     1.17994102E+001   1.00002268E+000   2.32947304E-001   1.19999997E+001   0.00000000E+000  -4.89723630E-020   1.10830069E-020  -1.19999997E+001   8.72082593E-020   0.00000000E+000  -2.21265749E-019   6.12311929E-002   7.28848783E-002  -1.34116014E-001   6.70580636E-002  -7.30613535E-003   3.70142401E-003
     351       1     1.17987300E+001   1.00002268E+000   2.33738690E-001   1.19999997E+001   0.00000000E+000  -2.88472381E-020   1.07875588E-019  -1.19999997E+001  -3.43439139E-020  -2.21265749E-019   3.87215062E-019   6.14375129E-002   7.31346618E-002  -1.34572117E-001   6.72861154E-002  -7.32217046E-003   3.71107958E-003
     352       1     1.17980390E+001   1.00002268E+000   2.34542262E-001   1.19999997E+001   0.00000000E+000  -8.09487757E-020  -1.38769413E-019  -1.19999997E+001  -4.23837613E-020  -5.53164374E-020  -1.65949312E-019   6.16465148E-002   7.33890858E-002  -1.35035543E-001   6.75178284E-002  -7.33364342E-003   3.71848364E-003
     353       1     1.17973478E+001   1.00002268E+000   2.35346329E-001   1.19999997E+001   0.00000000E+000  -1.76015383E-020  -1.17126717E-019  -1.19999997E+001   1.04091395E-019   1.65949312E-019   0.00000000E+000   6.18530663E-002   7.36460250E-002  -1.35499033E-001   6.77495737E-002  -7.34653675E-003   3.72715699E-003
     354       1     1.17966507E+001   1.00002268E+000   2.36157366E-001   1.19999997E+001   0.00000000E+000   9.26200410E-020   8.72619627E-020  -1.19999997E+001  -1.10588166E-019  -5.53164374E-020  -1.10632875E-019   6.20627916E-002   7.39038359E-002  -1.35966570E-001   6.79833422E-002  -7.35985422E-003   3.73638167E-003
     355       1     1.17959481E+001   1.00002268E+000   2.36974834E-001   1.19999997E+001   0.00000000E+000  -4.68575660E-021  -2.74820208E-020  -1.19999997E+001  -9.77239709E-020   1.10632875E-019  -1.65949312E-019   6.22741638E-002   7.41636264E-002  -1.36437734E-001   6.82189238E-002  -7.37667942E-003   3.74190546E-003
     356       1     1.17952559E+001   1.00002268E+000   2.37780158E-001   1.19999997E+001   0.00000000E+000  -7.09745232E-020  -1.04800302E-019  -1.19999997E+001  -4.04724360E-020  -2.76582187E-019   3.31898624E-019   6.24804641E-002   7.44215456E-002  -1.36901954E-001   6.84510337E-002  -7.39016630E-003   3.74824856E-003
     357       1     1.17945539E+001   1.00002268E+000   2.38596814E-001   1.19999997E+001   0.00000000E+000  -1.07388011E-020  -1.58175450E-019  -1.19999997E+001   6.05414044E-020  -5.53164374E-020   2.21265749E-019   6.26940985E-002   7.46787240E-002  -1.37372767E-001   6.86864404E-002  -7.40623841E-003   3.75468830E-003
     358       1     1.17938552E+001   1.00002268E+000   2.39409848E-001   1.19999997E+001   0.00000000E+000   6.92610249E-020  -1.50564544E-019  -1.19999997E+001  -1.79813661E-020  -3.31898624E-019  -1.65949312E-019   6.29025940E-002   7.49388227E-002  -1.37841361E-001   6.89207374E-002  -7.42114574E-003   3.76139912E-003
     359       1     1.17931494E+001   1.00002268E+000   2.40231289E-001   1.19999997E+001   0.00000000E+000  -1.68002862E-020  -1.06171744E-019  -1.19999997E+001  -1.18315420E-019   1.65949312E-019   1.65949312E-019   6.31135134E-002   7.52012877E-002  -1.38314746E-001   6.91574291E-002  -7.43551182E-003   3.77201127E-003
     360       1     1.17924306E+001   1.00002268E+000   2.41067872E-001   1.19999997E+001   0.00000000E+000  -2.86882511E-020  -8.82110048E-020  -1.19999997E+001   1.89087527E-020  -4.42531499E-019   5.53164374E-020   6.33290913E-002   7.54678466E-002  -1.38796882E-001   6.93984961E-002  -7.45044291E-003   3.78249097E-003
     361       1     1.17917067E+001   1.00002268E+000   2.41910424E-001   1.19999997E+001   0.00000000E+000   2.94941587E-020   1.09157771E-019  -1.19999997E+001   1.19680189E-020  -1.10632875E-019   1.65949312E-019   6.35444453E-002   7.57379929E-002  -1.39282382E-001   6.96412463E-002  -7.46598372E-003   3.79199335E-003
     362       1     1.17909860E+001   1.00002268E+000   2.42749044E-001   1.19999997E+001   0.00000000E+000  -4.05703340E-020   8.16601880E-020  -1.19999997E+001   1.31669745E-019   1.10632875E-019  -1.10632875E-019   6.37633423E-002   7.60025489E-002  -1.39765830E-001   6.98829674E-002  -7.48383634E-003   3.79602873E-003
     363       1     1.17902630E+001   1.00002268E+000   2.43590816E-001   1.19999997E+001   0.00000000E+000   2.98845373E-020  -3.95093746E-020  -1.19999997E+001  -9.71624521E-020  -5.53164374E-020   1.65949312E-019   6.39797205E-002   7.62711215E-002  -1.40250777E-001   7.01254392E-002  -7.50212303E-003   3.80591107E-003
     364       1     1.17895264E+001   1.00002268E+000   2.44448510E-001   1.19999997E+001   0.00000000E+000   7.07049510E-021  -1.20331567E-019  -1.19999997E+001  -7.44708582E-020  -1.10632875E-019  -3.87215062E-019   6.42010830E-002   7.65438360E-002  -1.40744849E-001   7.03724717E-002  -7.52178301E-003   3.81716062E-003
     365       1     1.17887855E+001   1.00002268E+000   2.45310829E-001   1.19999997E+001   0.00000000E+000  -7.78134289E-020   1.76066026E-020  -1.19999997E+001  -6.47039020E-020   5.53164374E-020   3.31898624E-019   6.44184546E-002   7.68234742E-002  -1.41241863E-001   7.06209803E-002  -7.53521425E-003   3.82208018E-003
     366       1     1.17880565E+001   1.00002268E+000   2.46159772E-001   1.19999997E+001   0.00000000E+000   8.72928765E-021   9.95789353E-020  -1.19999997E+001   2.35489168E-020   2.21265749E-019   2.21265749E-019   6.46325231E-002   7.70984281E-002  -1.41730885E-001   7.08654913E-002  -7.55336052E-003   3.82789772E-003
     367       1     1.17872995E+001   1.00002268E+000   2.47041719E-001   1.19999997E+001   0.00000000E+000   4.18319690E-020   1.11378656E-019  -1.19999997E+001   2.51546653E-020   2.21265749E-019  -1.65949312E-019   6.48602630E-002   7.73784881E-002  -1.42238669E-001   7.11193739E-002  -7.57799409E-003   3.84066575E-003
     368       1     1.17865728E+001   1.00002268E+000   2.47887460E-001   1.19999997E+001   0.00000000E+000  -4.01342441E-020   1.62758020E-019  -1.19999997E+001   1.24213586E-019  -5.53164374E-020   3.87215062E-019   6.50730693E-002   7.76531693E-002  -1.42726156E-001   7.13631165E-002  -7.59160653E-003   3.84276312E-003
     369       1     1.17858046E+001   1.00002268E+000   2.48780867E-001   1.19999997E+001   0.00000000E+000   2.69456195E-020  -6.25562724E-020  -1.19999997E+001   8.50545300E-021  -2.21265749E-019  -5.53164374E-020   6.53056853E-002   7.79358980E-002  -1.43241497E-001   7.16207857E-002  -7.60070127E-003   3.85366623E-003
     370       1     1.17850751E+001   1.00002268E+000   2.49629519E-001   1.19999997E+001   0.00000000E+000  -9.70227995E-021   1.58204306E-019  -1.19999997E+001  -2.57946884E-020   3.31898624E-019   2.76582187E-019   6.55169131E-002   7.82140714E-002  -1.43730900E-001   7.18654886E-002  -7.60788938E-003   3.85546450E-003
     371       1     1.17843533E+001   1.00002268E+000   2.50469380E-001   1.19999997E+001   0.00000000E+000   2.61968839E-020  -6.58752291E-020  -1.19999997E+001  -2.60799285E-020   2.76582187E-019   5.53164374E-020   6.57292221E-002   7.84860239E-002  -1.44215167E-001   7.21076255E-002  -7.61680907E-003   3.86145550E-003
     372       1     1.17836284E+001   1.00002268E+000   2.51312285E-001   1.19999997E+001   0.00000000E+000   3.32878475E-020  -1.18283873E-019  -1.19999997E+001   2.77541912E-020  -3.31898624E-019  -5.53164374E-020   6.59481008E-002   7.87534312E-002  -1.44701453E-001   7.23507693E-002  -7.62749731E-003   3.86345294E-003
     373       1     1.17829159E+001   1.00002268E+000   2.52141547E-001   1.19999997E+001   0.00000000E+000   2.85758194E-020  -5.84941192E-020  -1.19999997E+001  -4.60735117E-020   5.53164374E-020  -4.42531499E-019   6.61572320E-002   7.90222918E-002  -1.45179440E-001   7.25897598E-002  -7.63901847E-003   3.86948071E-003
     374       1     1.17822151E+001   1.00002268E+000   2.52956901E-001   1.19999997E+001   0.00000000E+000   1.23922523E-020  -1.56367153E-019  -1.19999997E+001  -5.54820318E-021  -5.53164374E-020   0.00000000E+000   6.63639731E-002   7.92857582E-002  -1.45649649E-001   7.28248648E-002  -7.64748359E-003   3.87366669E-003
     375       1     1.17815022E+001   1.00002268E+000   2.53786660E-001   1.19999997E+001   0.00000000E+000   1.26774397E-020   6.18395584E-020  -1.19999997E+001   6.72159686E-020  -5.53164374E-020   3.31898624E-019   6.65719609E-002   7.95560685E-002  -1.46127946E-001   7.30640131E-002  -7.65773601E-003   3.87900569E-003
     376       1     1.17807861E+001   1.00002268E+000   2.54619961E-001   1.19999997E+001   0.00000000E+000   4.01010356E-020  -9.64956828E-020  -1.19999997E+001  -3.07418969E-020  -3.31898624E-019   5.53164374E-020   6.67801853E-002   7.98283046E-002  -1.46608416E-001   7.33042511E-002  -7.66829476E-003   3.87763359E-003
     377       1     1.17800843E+001   1.00002268E+000   2.55437245E-001   1.19999997E+001   0.00000000E+000   3.29894188E-020   1.56002676E-020  -1.19999997E+001  -4.66131969E-020   1.10632875E-019   5.53164374E-020   6.69872801E-002   8.00921068E-002  -1.47079305E-001   7.35396940E-002  -7.68254754E-003   3.88659110E-003
     378       1     1.17793868E+001   1.00002268E+000   2.56248831E-001   1.19999997E+001   0.00000000E+000   1.89777811E-020   1.30237108E-019  -1.19999997E+001   9.82051323E-020  -2.76582187E-019  -1.65949312E-019   6.71914981E-002   8.03558749E-002  -1.47547293E-001   7.37736882E-002  -7.68929488E-003   3.89293762E-003
     379       1     1.17786725E+001   1.00002268E+000   2.57080144E-001   1.19999997E+001   0.00000000E+000   7.18141010E-020  -5.93588078E-020  -1.19999997E+001  -2.87139554E-020  -2.21265749E-019   1.65949312E-019   6.74020927E-002   8.06245871E-002  -1.48026596E-001   7.40133377E-002  -7.69927039E-003   3.89798453E-003
     380       1     1.17779787E+001   1.00002268E+000   2.57887822E-001   1.19999997E+001   0.00000000E+000  -1.85946298E-020   4.98921794E-020  -1.19999997E+001  -5.25140070E-020   5.53164374E-020  -5.53164374E-020   6.76054336E-002   8.08867694E-002  -1.48492117E-001   7.42460961E-002  -7.71125889E-003   3.90215397E-003
     381       1     1.17772669E+001   1.00002268E+000   2.58716146E-001   1.19999997E+001   0.00000000E+000  -3.24733805E-020  -1.60994142E-019  -1.19999997E+001  -4.02181887E-020  -1.10632875E-019   0.00000000E+000   6.78139032E-002   8.11559413E-002  -1.48969761E-001   7.44849189E-002  -7.72032163E-003   3.90392452E-003
     382       1     1.17765484E+001   1.00002268E+000   2.59552499E-001   1.19999997E+001   0.00000000E+000  -1.45197102E-020  -1.63564415E-020  -1.19999997E+001   4.39666015E-020   2.76582187E-019  -5.53164374E-020   6.80229729E-002   8.14289923E-002  -1.49451881E-001   7.47259796E-002  -7.72888872E-003   3.91026856E-003
     383       1     1.17758414E+001   1.00002268E+000   2.60375245E-001   1.19999997E+001   0.00000000E+000   3.29184121E-020  -1.67277180E-019  -1.19999997E+001   6.84660571E-020  -1.10632875E-019   1.65949312E-019   6.82307493E-002   8.16956172E-002  -1.49926281E-001   7.49631784E-002  -7.73824796E-003   3.91340685E-003
     384       1     1.17751328E+001   1.00002268E+000   2.61200549E-001   1.19999997E+001   0.00000000E+000   1.75837866E-020   5.37240092E-021  -1.19999997E+001   9.65195144E-020  -5.53164374E-020  -1.10632875E-019   6.84358848E-002   8.19660049E-002  -1.50401803E-001   7.52009379E-002  -7.74990290E-003   3.92016205E-003
     385       1     1.17744312E+001   1.00002268E+000   2.62017030E-001   1.19999997E+001   0.00000000E+000   3.36694425E-020  -2.85348824E-020  -1.19999997E+001   7.26286339E-020   5.53164374E-020   1.65949312E-019   6.86413471E-002   8.22313916E-002  -1.50872653E-001   7.54363638E-002  -7.75765879E-003   3.92235966E-003
     386       1     1.17737310E+001   1.00002268E+000   2.62831865E-001   1.19999997E+001   0.00000000E+000   9.92432097E-020   5.77394224E-020  -1.19999997E+001  -6.82184898E-020   1.10632875E-019   5.53164374E-020   6.88496475E-002   8.24929524E-002  -1.51342510E-001   7.56712914E-002  -7.76923205E-003   3.92421297E-003
     387       1     1.17730331E+001   1.00002268E+000   2.63644267E-001   1.19999997E+001   0.00000000E+000  -6.65630867E-020  -6.64236583E-020  -1.19999997E+001  -7.93765325E-020  -1.10632875E-019  -1.65949312E-019   6.90557120E-002   8.27552667E-002  -1.51810886E-001   7.59054772E-002  -7.78030286E-003   3.92724164E-003
     388       1     1.17723195E+001   1.00002268E+000   2.64474649E-001   1.19999997E+001   0.00000000E+000   4.35130039E-020  -2.28999783E-020  -1.19999997E+001   1.75022951E-020   5.53164374E-020  -1.65949312E-019   6.92643000E-002   8.30255758E-002  -1.52289789E-001   7.61449305E-002  -7.78874245E-003   3.92603835E-003
     389       1     1.17716137E+001   1.00002268E+000   2.65296440E-001   1.19999997E+001   0.00000000E+000  -3.38573782E-020   5.38373245E-020  -1.19999997E+001   1.81078303E-020   1.10632875E-019  -1.10632875E-019   6.94693400E-002   8.32942340E-002  -1.52763486E-001   7.63817787E-002  -7.79759211E-003   3.93120755E-003
     390       1     1.17708885E+001   1.00002268E+000   2.66141091E-001   1.19999997E+001   0.00000000E+000   2.69841298E-020   6.72372284E-020  -1.19999997E+001   3.85121089E-020  -4.42531499E-019   1.65949312E-019   6.96765210E-002   8.35737946E-002  -1.53250228E-001   7.66251485E-002  -7.80644088E-003   3.93594244E-003
     391       1     1.17701669E+001   1.00002268E+000   2.66981170E-001   1.19999997E+001   0.00000000E+000   1.87311436E-020  -5.98973193E-020  -1.19999997E+001  -6.98186860E-021  -5.53164374E-020  -1.65949312E-019   6.98884034E-002   8.38462026E-002  -1.53734518E-001   7.68672939E-002  -7.81777066E-003   3.93848140E-003
     392       1     1.17694623E+001   1.00002268E+000   2.67801497E-001   1.19999997E+001   0.00000000E+000  -3.49376191E-020   6.49029226E-020  -1.19999997E+001  -2.70734553E-020   5.53164374E-020  -1.10632875E-019   7.00930041E-002   8.41145258E-002  -1.54207441E-001   7.71037545E-002  -7.82468723E-003   3.94426159E-003
     393       1     1.17687566E+001   1.00002268E+000   2.68623070E-001   1.19999997E+001   0.00000000E+000  -5.51674605E-020   4.99911457E-020  -1.19999997E+001   6.26257492E-020   1.10632875E-019  -1.65949312E-019   7.03016551E-002   8.43795149E-002  -1.54681079E-001   7.73405714E-002  -7.83623422E-003   3.94758353E-003
     394       1     1.17680581E+001   1.00002268E+000   2.69436286E-001   1.19999997E+001   0.00000000E+000   6.80564432E-020  -3.89189533E-020  -1.19999997E+001  -1.03174204E-019  -2.76582187E-019   0.00000000E+000   7.05053908E-002   8.46446312E-002  -1.55149930E-001   7.75749969E-002  -7.84449965E-003   3.95080701E-003
     395       1     1.17673538E+001   1.00002268E+000   2.70256281E-001   1.19999997E+001   0.00000000E+000   2.55158051E-020  -5.40187978E-020  -1.19999997E+001   4.80096577E-020   5.53164374E-020   2.76582187E-019   7.07104481E-002   8.49123268E-002  -1.55622680E-001   7.78113717E-002  -7.85304860E-003   3.95321830E-003
     396       1     1.17666338E+001   1.00002268E+000   2.71094340E-001   1.19999997E+001   0.00000000E+000  -1.43316427E-021  -2.09231327E-020  -1.19999997E+001   9.64102348E-020  -2.21265749E-019   0.00000000E+000   7.09186916E-002   8.51873412E-002  -1.56105937E-001   7.80530006E-002  -7.86002243E-003   3.95294965E-003
     397       1     1.17659120E+001   1.00002268E+000   2.71934553E-001   1.19999997E+001   0.00000000E+000  -2.51261914E-020  -1.44152048E-020  -1.19999997E+001   9.65960339E-020   5.53164374E-020  -3.31898624E-019   7.11309613E-002   8.54595509E-002  -1.56590416E-001   7.82952379E-002  -7.86935865E-003   3.95507680E-003
     398       1     1.17652078E+001   1.00002268E+000   2.72754426E-001   1.19999997E+001   0.00000000E+000   6.13590498E-020  -7.46604358E-021  -1.19999997E+001  -1.69581785E-019  -1.65949312E-019   5.53164374E-020   7.13343662E-002   8.57288640E-002  -1.57063134E-001   7.85315976E-002  -7.87576292E-003   3.95690891E-003
     399       1     1.17645080E+001   1.00002268E+000   2.73569335E-001   1.19999997E+001   0.00000000E+000   4.87920503E-022  -1.46489044E-019  -1.19999997E+001  -1.66070646E-019   1.65949312E-019  -2.21265749E-019   7.15380674E-002   8.59949013E-002  -1.57532872E-001   7.87664659E-002  -7.88459265E-003   3.96132362E-003
     400       1     1.17637913E+001   1.00002268E+000   2.74404164E-001   1.19999997E+001   0.00000000E+000  -7.74127105E-020  -1.09771510E-019  -1.19999997E+001  -1.04283776E-019  -1.65949312E-019  -1.10632875E-019   7.17447179E-002   8.62693821E-002  -1.58014003E-001   7.90070304E-002  -7.89310067E-003   3.96675974E-003
     401       1     1.17630703E+001   1.00002268E+000   2.75243756E-001   1.19999997E+001   0.00000000E+000   2.75648180E-020  -1.12143429E-019  -1.19999997E+001  -3.28529050E-020  -5.53164374E-020   1.65949312E-019   7.19527261E-002   8.65454121E-002  -1.58498038E-001   7.92490467E-002  -7.90075883E-003   3.96771544E-003
     402       1     1.17623427E+001   1.00002268E+000   2.76090460E-001   1.19999997E+001   0.00000000E+000   5.88473063E-020  -6.19627914E-020  -1.19999997E+001  -5.48165417E-022   1.65949312E-019   1.10632875E-019   7.21705894E-002   8.68159825E-002  -1.58986469E-001   7.94932606E-002  -7.90920605E-003   3.96992127E-003
     403       1     1.17616346E+001   1.00002268E+000   2.76914860E-001   1.19999997E+001   0.00000000E+000   6.55858741E-020  -3.68010966E-020  -1.19999997E+001   1.19023489E-019   1.10632875E-019   0.00000000E+000   7.23726759E-002   8.70892848E-002  -1.59461861E-001   7.97309583E-002  -7.91336230E-003   3.96860310E-003
     404       1     1.17609119E+001   1.00002268E+000   2.77756423E-001   1.19999997E+001   0.00000000E+000  -1.11889366E-020   6.64004993E-020  -1.19999997E+001   2.63461048E-020  -5.53164374E-020  -1.65949312E-019   7.25822388E-002   8.73648711E-002  -1.59947011E-001   7.99735332E-002  -7.92068266E-003   3.97274236E-003
     405       1     1.17601970E+001   1.00002268E+000   2.78589246E-001   1.19999997E+001   0.00000000E+000   4.77326472E-020   2.48274463E-020  -1.19999997E+001  -1.01968474E-019  -1.10632875E-019   5.53164374E-020   7.27900865E-002   8.76369756E-002  -1.60426962E-001   8.02135071E-002  -7.93103210E-003   3.97803515E-003
     406       1     1.17594919E+001   1.00002268E+000   2.79410999E-001   1.19999997E+001   0.00000000E+000   5.26913523E-020   5.91858807E-020  -1.19999997E+001   6.88245790E-020   1.10632875E-019  -1.10632875E-019   7.29934075E-002   8.79070569E-002  -1.60900364E-001   8.04502077E-002  -7.94261206E-003   3.98415934E-003
     407       1     1.17587890E+001   1.00002268E+000   2.80230023E-001   1.19999997E+001   0.00000000E+000   1.08085813E-020   3.99862695E-020  -1.19999997E+001   2.97282804E-020  -1.10632875E-019   2.21265749E-019   7.32001665E-002   8.81722522E-002  -1.61372317E-001   8.06861828E-002  -7.95518812E-003   3.99073051E-003
     408       1     1.17580647E+001   1.00002268E+000   2.81073779E-001   1.19999997E+001   0.00000000E+000  -6.19021772E-020   1.24547182E-019  -1.19999997E+001   3.63430546E-020   1.10632875E-019  -1.10632875E-019   7.34099446E-002   8.84487288E-002  -1.61858574E-001   8.09293121E-002  -7.96595599E-003   3.99357513E-003
     409       1     1.17573566E+001   1.00002268E+000   2.81898825E-001   1.19999997E+001   0.00000000E+000   5.35657476E-021  -3.36072721E-020  -1.19999997E+001   5.18140819E-020   0.00000000E+000   1.10632875E-019   7.36144691E-002   8.87196702E-002  -1.62334040E-001   8.11670448E-002  -7.97525336E-003   3.99794531E-003
     410       1     1.17566343E+001   1.00002268E+000   2.82740472E-001   1.19999997E+001   0.00000000E+000  -1.70980026E-020  -1.38072692E-021  -1.19999997E+001  -1.48283203E-021  -2.76582187E-019  -5.53164374E-020   7.38245755E-002   8.89945643E-002  -1.62819040E-001   8.14095447E-002  -7.98605939E-003   4.00377866E-003
     411       1     1.17559241E+001   1.00002268E+000   2.83568510E-001   1.19999997E+001   0.00000000E+000  -9.89913099E-021  -8.54480738E-020  -1.19999997E+001   7.00002912E-020  -2.21265749E-019  -5.53164374E-020   7.40268409E-002   8.92691431E-002  -1.63295884E-001   8.16479655E-002  -7.99738006E-003   4.01275770E-003
     412       1     1.17552028E+001   1.00002268E+000   2.84409458E-001   1.19999997E+001   0.00000000E+000  -9.74580188E-021   1.35533280E-019  -1.19999997E+001  -4.96116607E-020   0.00000000E+000   1.65949312E-019   7.42310137E-002   8.95493282E-002  -1.63780243E-001   8.18901454E-002  -8.00771707E-003   4.01833931E-003
     413       1     1.17544846E+001   1.00002268E+000   2.85246286E-001   1.19999997E+001   0.00000000E+000  -5.43764690E-020   4.02544174E-020  -1.19999997E+001   5.26890575E-020   1.65949312E-019  -1.10632875E-019   7.44380466E-002   8.98245665E-002  -1.64262515E-001   8.21312813E-002  -8.01562124E-003   4.02397597E-003
     414       1     1.17537808E+001   1.00002268E+000   2.86066844E-001   1.19999997E+001   0.00000000E+000  -2.12914865E-020   2.56158000E-020  -1.19999997E+001  -2.02865781E-020  -1.10632875E-019   5.53164374E-020   7.46375401E-002   9.00976868E-002  -1.64735129E-001   8.23675883E-002  -8.02544562E-003   4.03028995E-003
     415       1     1.17530634E+001   1.00002268E+000   2.86902620E-001   1.19999997E+001   0.00000000E+000   3.44480105E-020   3.42922283E-020  -1.19999997E+001   6.19195464E-020  -5.53164374E-020  -1.65949312E-019   7.48485535E-002   9.03683783E-002  -1.65216831E-001   8.26084376E-002  -8.03711865E-003   4.03480687E-003
     416       1     1.17523501E+001   1.00002268E+000   2.87733767E-001   1.19999997E+001   0.00000000E+000   2.51159835E-020   1.13751789E-019  -1.19999997E+001   3.04175624E-020  -1.10632875E-019   0.00000000E+000   7.50539557E-002   9.06420131E-002  -1.65695868E-001   8.28479558E-002  -8.04561297E-003   4.03675408E-003
     417       1     1.17516254E+001   1.00002268E+000   2.88578489E-001   1.19999997E+001   0.00000000E+000  -5.40351515E-020  -1.95730557E-020  -1.19999997E+001   5.20575146E-020  -2.21265749E-019  -3.87215062E-019   7.52653031E-002   9.09173022E-002  -1.66182502E-001   8.30912710E-002  -8.05866264E-003   4.04440792E-003
     418       1     1.17509141E+001   1.00002268E+000   2.89407375E-001   1.19999997E+001   0.00000000E+000  -4.71771490E-020  -5.19916777E-020  -1.19999997E+001   8.22557264E-020   2.76582187E-019  -2.21265749E-019   7.54708018E-002   9.11895100E-002  -1.66660208E-001   8.33301239E-002  -8.06764089E-003   4.04758574E-003
     419       1     1.17502077E+001   1.00002268E+000   2.90230047E-001   1.19999997E+001   0.00000000E+000   4.27165986E-020   4.39553121E-020  -1.19999997E+001  -6.59075474E-020   2.21265749E-019   3.31898624E-019   7.56761715E-002   9.14585432E-002  -1.67134611E-001   8.35673242E-002  -8.07341141E-003   4.04797260E-003
     420       1     1.17494965E+001   1.00002268E+000   2.91059357E-001   1.19999997E+001   0.00000000E+000  -5.47766071E-020  -2.46610606E-020  -1.19999997E+001  -1.70032831E-020   5.53164374E-020  -5.53164374E-020   7.58779549E-002   9.17343739E-002  -1.67612225E-001   8.38061316E-002  -8.08407226E-003   4.05434999E-003
     421       1     1.17487812E+001   1.00002268E+000   2.91892650E-001   1.19999997E+001   0.00000000E+000  -4.62266562E-020   4.87612420E-020  -1.19999997E+001  -2.78360256E-020   0.00000000E+000   2.21265749E-019   7.60845870E-002   9.20081064E-002  -1.68092592E-001   8.40463164E-002  -8.09085737E-003   4.05667183E-003
     422       1     1.17480686E+001   1.00002268E+000   2.92723253E-001   1.19999997E+001   0.00000000E+000  -5.90805839E-020  -6.37522025E-020  -1.19999997E+001   3.69115764E-020   0.00000000E+000  -2.76582187E-019   7.62914281E-002   9.22798572E-002  -1.68571182E-001   8.42856103E-002  -8.10111825E-003   4.06324757E-003
     423       1     1.17473412E+001   1.00002268E+000   2.93571208E-001   1.19999997E+001   0.00000000E+000  -1.51711677E-020  -8.02039175E-020  -1.19999997E+001  -3.89862673E-020  -5.53164374E-020   4.97847936E-019   7.64982440E-002   9.25616080E-002  -1.69059751E-001   8.45298947E-002  -8.11012686E-003   4.06508196E-003
     424       1     1.17466278E+001   1.00002268E+000   2.94402678E-001   1.19999997E+001   0.00000000E+000  -4.21740383E-020   4.33629390E-020  -1.19999997E+001   8.72376762E-020  -1.10632875E-019  -5.53164374E-020   7.67030638E-002   9.28359663E-002  -1.69538929E-001   8.47694838E-002  -8.11737601E-003   4.06929790E-003
     425       1     1.17459145E+001   1.00002268E+000   2.95233775E-001   1.19999997E+001   0.00000000E+000  -7.75463360E-021   1.96028089E-019  -1.19999997E+001  -7.98357219E-020  -1.65949312E-019   0.00000000E+000   7.69096133E-002   9.31085085E-002  -1.70018021E-001   8.50090293E-002  -8.12393258E-003   4.07293279E-003
     426       1     1.17451864E+001   1.00002268E+000   2.96082942E-001   1.19999997E+001   0.00000000E+000   5.20883426E-020  -9.39984203E-020  -1.19999997E+001   1.01734036E-019   1.65949312E-019  -5.53164374E-020   7.71174274E-002   9.33897083E-002  -1.70507031E-001   8.52535323E-002  -8.13661394E-003   4.07948461E-003
     427       1     1.17444739E+001   1.00002268E+000   2.96913967E-001   1.19999997E+001   0.00000000E+000  -1.28180551E-020  -1.17397819E-019  -1.19999997E+001  -1.28409595E-019   1.10632875E-019   5.53164374E-019   7.73196986E-002   9.36660303E-002  -1.70985624E-001   8.54928289E-002  -8.14720775E-003   4.08593287E-003
     428       1     1.17437553E+001   1.00002268E+000   2.97751839E-001   1.19999997E+001   0.00000000E+000  -1.01745879E-019   4.55972762E-021  -1.19999997E+001   1.06956603E-019   1.65949312E-019  -5.53164374E-019   7.75237775E-002   9.39446341E-002  -1.71468308E-001   8.57341712E-002  -8.15598500E-003   4.09009340E-003
     429       1     1.17430357E+001   1.00002268E+000   2.98590258E-001   1.19999997E+001   0.00000000E+000   8.15459759E-020   7.76497864E-020  -1.19999997E+001  -4.65262718E-020   0.00000000E+000  -2.76582187E-019   7.77327326E-002   9.42190645E-002  -1.71951695E-001   8.59758644E-002  -8.16166465E-003   4.09321871E-003
     430       1     1.17423122E+001   1.00002268E+000   2.99433842E-001   1.19999997E+001   0.00000000E+000  -5.15464351E-020  -3.20562030E-020  -1.19999997E+001  -1.51894680E-019  -1.65949312E-019   3.31898624E-019   7.79422207E-002   9.44955540E-002  -1.72437672E-001   8.62188517E-002  -8.17294019E-003   4.10035238E-003
     431       1     1.17415934E+001   1.00002268E+000   3.00272162E-001   1.19999997E+001   0.00000000E+000  -5.80813202E-020   8.57156414E-020  -1.19999997E+001   9.19474490E-020   3.31898624E-019   0.00000000E+000   7.81473468E-002   9.47733140E-002  -1.72920557E-001   8.64602928E-002  -8.18266970E-003   4.10667047E-003
     432       1     1.17408743E+001   1.00002268E+000   3.01110296E-001   1.19999997E+001   0.00000000E+000   5.34617697E-020   1.63205689E-020  -1.19999997E+001   5.91666255E-021   0.00000000E+000   0.00000000E+000   7.83536572E-002   9.50500615E-002  -1.73403615E-001   8.67018213E-002  -8.18950250E-003   4.10909216E-003
     433       1     1.17401431E+001   1.00002268E+000   3.01962816E-001   1.19999997E+001   0.00000000E+000   3.12039115E-022   9.41318876E-020  -1.19999997E+001  -7.37524495E-020   0.00000000E+000   0.00000000E+000   7.85629591E-002   9.53319515E-002  -1.73894806E-001   8.69474156E-002  -8.19944973E-003   4.11118346E-003
     434       1     1.17394205E+001   1.00002268E+000   3.02805388E-001   1.19999997E+001   0.00000000E+000  -8.36897875E-020  -9.78219150E-020  -1.19999997E+001  -1.69244028E-020   2.21265749E-019  -1.10632875E-019   7.87694713E-002   9.56109388E-002  -1.74380307E-001   8.71901657E-002  -8.20750482E-003   4.11420020E-003
     435       1     1.17386998E+001   1.00002268E+000   3.03645332E-001   1.19999997E+001   0.00000000E+000  -7.89169606E-020   5.15462241E-020  -1.19999997E+001   1.15271430E-019  -1.10632875E-019   4.42531499E-019   7.89783480E-002   9.58862250E-002  -1.74864470E-001   8.74322470E-002  -8.21426643E-003   4.11808291E-003
     436       1     1.17379799E+001   1.00002268E+000   3.04484891E-001   1.19999997E+001   0.00000000E+000   8.59949204E-020  -5.57506017E-020  -1.19999997E+001  -2.22968169E-020  -2.21265749E-019   1.10632875E-019   7.91839510E-002   9.61642560E-002  -1.75348103E-001   8.76740628E-002  -8.22285368E-003   4.12513790E-003
     437       1     1.17372517E+001   1.00002268E+000   3.05333659E-001   1.19999997E+001   0.00000000E+000   1.10459209E-020   1.30529417E-019  -1.19999997E+001  -2.79573463E-020  -2.21265749E-019  -2.21265749E-019   7.93956034E-002   9.64418194E-002  -1.75837317E-001   8.79186697E-002  -8.23067209E-003   4.12962293E-003
     438       1     1.17365184E+001   1.00002268E+000   3.06188749E-001   1.19999997E+001   0.00000000E+000   6.15132493E-021   1.20565373E-019  -1.19999997E+001   3.36953447E-020   1.10632875E-019  -3.31898624E-019   7.96068462E-002   9.67232385E-002  -1.76329975E-001   8.81649969E-002  -8.24057689E-003   4.13464842E-003
     439       1     1.17357880E+001   1.00002268E+000   3.07039922E-001   1.19999997E+001   0.00000000E+000  -5.44742285E-020  -7.85471296E-020  -1.19999997E+001  -5.76674002E-020   3.31898624E-019   0.00000000E+000   7.98178862E-002   9.70029133E-002  -1.76820692E-001   8.84103550E-002  -8.24665742E-003   4.13494755E-003
     440       1     1.17350649E+001   1.00002267E+000   3.07883178E-001   1.19999997E+001   0.00000000E+000   2.88864342E-021  -6.67613885E-020  -1.19999997E+001   3.20478547E-020   0.00000000E+000   2.21265749E-019   8.00235042E-002   9.72831546E-002  -1.77306551E-001   8.86532850E-002  -8.25422534E-003   4.13763353E-003
     441       1     1.17343428E+001   1.00002267E+000   3.08724762E-001   1.19999997E+001   0.00000000E+000  -6.43831651E-020   1.10304429E-019  -1.19999997E+001  -7.09152015E-020   2.21265749E-019   0.00000000E+000   8.02292825E-002   9.75625458E-002  -1.77791720E-001   8.88958687E-002  -8.25753458E-003   4.13785185E-003
     442       1     1.17336137E+001   1.00002267E+000   3.09574814E-001   1.19999997E+001   0.00000000E+000   7.72419990E-020  -1.09344203E-019  -1.19999997E+001  -8.51662890E-020  -2.21265749E-019   1.10632875E-019   8.04400480E-002   9.78416745E-002  -1.78281615E-001   8.91408156E-002  -8.26595014E-003   4.14083624E-003
     443       1     1.17328648E+001   1.00002267E+000   3.10447585E-001   1.19999997E+001   0.00000000E+000  -6.51975265E-020  -1.08245657E-020  -1.19999997E+001  -1.10302490E-019   1.10632875E-019  -5.53164374E-019   8.06527354E-002   9.81321730E-002  -1.78784800E-001   8.93924069E-002  -8.26827729E-003   4.13984284E-003
     444       1     1.17321499E+001   1.00002267E+000   3.11281062E-001   1.19999997E+001   0.00000000E+000   5.09957111E-020   2.19345298E-021  -1.19999997E+001  -1.03051564E-019   1.10632875E-019   1.10632875E-019   8.08573801E-002   9.84079231E-002  -1.79265195E-001   8.96326047E-002  -8.27389734E-003   4.14116510E-003
     445       1     1.17314249E+001   1.00002267E+000   3.12126938E-001   1.19999997E+001   0.00000000E+000   4.54122948E-020  -6.78052820E-020  -1.19999997E+001   9.89813790E-020   0.00000000E+000   0.00000000E+000   8.10646469E-002   9.86878572E-002  -1.79752394E-001   8.98762033E-002  -8.28432419E-003   4.14728097E-003
     446       1     1.17306969E+001   1.00002267E+000   3.12975263E-001   1.19999997E+001   0.00000000E+000  -2.53941019E-020  -7.64947932E-020  -1.19999997E+001  -7.75767486E-020   1.10632875E-019   4.42531499E-019   8.12780311E-002   9.89636531E-002  -1.80241575E-001   9.01207932E-002  -8.29172197E-003   4.14579043E-003
     447       1     1.17299689E+001   1.00002267E+000   3.13823604E-001   1.19999997E+001   0.00000000E+000   2.61113171E-020   2.81971522E-020  -1.19999997E+001   5.15728252E-020   1.10632875E-019   1.10632875E-019   8.14891080E-002   9.92417388E-002  -1.80730739E-001   9.03653756E-002  -8.29521460E-003   4.14821650E-003
     448       1     1.17292440E+001   1.00002267E+000   3.14668722E-001   1.19999997E+001   0.00000000E+000  -5.25673543E-020   5.74809285E-020  -1.19999997E+001   6.86512298E-020  -6.63797248E-019   3.31898624E-019   8.16995240E-002   9.95184509E-002  -1.81217865E-001   9.06089369E-002  -8.30264985E-003   4.15093835E-003
     449       1     1.17285132E+001   1.00002267E+000   3.15521244E-001   1.19999997E+001   0.00000000E+000  -6.78749962E-020  -7.82847847E-020  -1.19999997E+001  -1.30391110E-019   0.00000000E+000   2.21265749E-019   8.19077026E-002   9.98014111E-002  -1.81709004E-001   9.08545072E-002  -8.31037488E-003   4.15574056E-003
     450       1     1.17277927E+001   1.00002267E+000   3.16361145E-001   1.19999997E+001   0.00000000E+000   8.25127036E-020  -1.12523204E-019  -1.19999997E+001   1.71765927E-019   1.10632875E-019   1.10632875E-019   8.21156072E-002   1.00077705E-001  -1.82193202E-001   9.10966063E-002  -8.31467516E-003   4.15826486E-003
     451       1     1.17270510E+001   1.00002267E+000   3.17225709E-001   1.19999997E+001   0.00000000E+000  -1.70422418E-020  -9.38027035E-020  -1.19999997E+001   6.66642159E-020   2.21265749E-019   1.10632875E-019   8.23290197E-002   1.00362722E-001  -1.82691631E-001   9.13458201E-002  -8.31795683E-003   4.16116313E-003
     452       1     1.17263307E+001   1.00002267E+000   3.18065666E-001   1.19999997E+001   0.00000000E+000   5.18221532E-020  -8.77375916E-020  -1.19999997E+001   9.66658009E-020   0.00000000E+000  -3.31898624E-019   8.25360601E-002   1.00639763E-001  -1.83175710E-001   9.15878580E-002  -8.32447701E-003   4.16390599E-003
     453       1     1.17256024E+001   1.00002267E+000   3.18914933E-001   1.19999997E+001   0.00000000E+000  -3.15078793E-020  -3.61001033E-020  -1.19999997E+001  -1.27838482E-019   1.10632875E-019  -1.10632875E-019   8.27439040E-002   1.00921408E-001  -1.83665200E-001   9.18326037E-002  -8.33008608E-003   4.16322704E-003
     454       1     1.17248794E+001   1.00002267E+000   3.19757817E-001   1.19999997E+001   0.00000000E+000  -1.60810136E-020  -2.14084682E-020  -1.19999997E+001  -1.27176711E-019  -1.10632875E-019   0.00000000E+000   8.29531013E-002   1.01198145E-001  -1.84151135E-001   9.20755710E-002  -8.33600776E-003   4.16248419E-003
     455       1     1.17241560E+001   1.00002267E+000   3.20601228E-001   1.19999997E+001   0.00000000E+000  -7.53377559E-020  -9.69956840E-020  -1.19999997E+001   4.82505582E-020   1.10632875E-019   0.00000000E+000   8.31617859E-002   1.01475631E-001  -1.84637307E-001   9.23186567E-002  -8.34160991E-003   4.16392848E-003
     456       1     1.17234153E+001   1.00002267E+000   3.21465405E-001   1.19999997E+001   0.00000000E+000   2.32967797E-020  -2.84613435E-020  -1.19999997E+001   6.17985686E-020   0.00000000E+000  -1.10632875E-019   8.33740302E-002   1.01761230E-001  -1.85135147E-001   9.25675764E-002  -8.34915988E-003   4.17185699E-003
     457       1     1.17226814E+001   1.00002267E+000   3.22321305E-001   1.19999997E+001   0.00000000E+000   8.49338819E-020  -2.89295868E-020  -1.19999997E+001  -3.60987053E-020   1.10632875E-019  -1.10632875E-019   8.35847182E-002   1.02043857E-001  -1.85628462E-001   9.28142326E-002  -8.35551551E-003   4.17191427E-003
     458       1     1.17219616E+001   1.00002267E+000   3.23160858E-001   1.19999997E+001   0.00000000E+000  -9.81859958E-020  -1.72103420E-019  -1.19999997E+001  -4.20518471E-020   0.00000000E+000  -3.31898624E-019   8.37888518E-002   1.02323521E-001  -1.86112259E-001   9.30561307E-002  -8.36019081E-003   4.17373728E-003
     459       1     1.17212332E+001   1.00002267E+000   3.24010136E-001   1.19999997E+001   0.00000000E+000  -4.50246330E-020   6.91981951E-020  -1.19999997E+001  -6.09372233E-020   0.00000000E+000   2.21265749E-019   8.39990864E-002   1.02602882E-001  -1.86601853E-001   9.33009276E-002  -8.36509360E-003   4.17453059E-003
     460       1     1.17205026E+001   1.00002267E+000   3.24862214E-001   1.19999997E+001   0.00000000E+000   3.70236916E-020   2.68646950E-020  -1.19999997E+001  -1.04384364E-019  -3.87215062E-019  -1.65949312E-019   8.42121843E-002   1.02880870E-001  -1.87092937E-001   9.35464674E-002  -8.37329039E-003   4.17927584E-003
     461       1     1.17197751E+001   1.00002267E+000   3.25710814E-001   1.19999997E+001   0.00000000E+000  -5.96440480E-020   9.92214751E-020  -1.19999997E+001   6.69340783E-020   4.42531499E-019   0.00000000E+000   8.44207447E-002   1.03161389E-001  -1.87582017E-001   9.37910069E-002  -8.37799555E-003   4.18258919E-003
     462       1     1.17190357E+001   1.00002267E+000   3.26572539E-001   1.19999997E+001   0.00000000E+000  -1.02123043E-020  -8.15339480E-020  -1.19999997E+001  -3.98184595E-020  -2.21265749E-019   1.10632875E-019   8.46351551E-002   1.03443942E-001  -1.88078981E-001   9.40394899E-002  -8.38050307E-003   4.18152716E-003
     463       1     1.17183097E+001   1.00002267E+000   3.27419486E-001   1.19999997E+001   0.00000000E+000  -1.32878547E-020   2.34699838E-020  -1.19999997E+001   1.21061523E-019   1.65949312E-019  -2.21265749E-019   8.48406492E-002   1.03726499E-001  -1.88567032E-001   9.42835149E-002  -8.38450962E-003   4.18347399E-003
     464       1     1.17175677E+001   1.00002267E+000   3.28285402E-001   1.19999997E+001   0.00000000E+000  -2.35438392E-020   3.58453021E-020  -1.19999997E+001   2.29775792E-020  -2.21265749E-019  -1.10632875E-019   8.50498023E-002   1.04016195E-001  -1.89065880E-001   9.45329382E-002  -8.38906770E-003   4.18845918E-003
     465       1     1.17168346E+001   1.00002267E+000   3.29140419E-001   1.19999997E+001   0.00000000E+000   7.08923327E-020   6.74067793E-020  -1.19999997E+001   9.36122620E-020  -3.31898624E-019   0.00000000E+000   8.52594163E-002   1.04299363E-001  -1.89558664E-001   9.47793307E-002  -8.39341740E-003   4.19063861E-003
     466       1     1.17160904E+001   1.00002267E+000   3.30008766E-001   1.19999997E+001   0.00000000E+000   7.63251368E-020  -5.58157000E-020  -1.19999997E+001   1.57300949E-019   5.53164374E-020   7.19113686E-019   8.54748376E-002   1.04584248E-001  -1.90058968E-001   9.50294824E-002  -8.40272552E-003   4.19621014E-003
     467       1     1.17153566E+001   1.00002267E+000   3.30865080E-001   1.19999997E+001   0.00000000E+000   2.38937028E-020  -1.51367089E-019  -1.19999997E+001  -1.14043307E-021  -5.53164374E-020   1.10632875E-019   8.56814076E-002   1.04871057E-001  -1.90552346E-001   9.52761713E-002  -8.40689398E-003   4.19797386E-003
     468       1     1.17146160E+001   1.00002267E+000   3.31730290E-001   1.19999997E+001   0.00000000E+000  -1.34881084E-021   4.52005671E-020  -1.19999997E+001  -6.76885377E-020   0.00000000E+000   2.21265749E-019   8.58891868E-002   1.05161157E-001  -1.91050226E-001   9.55251105E-002  -8.42008330E-003   4.20859237E-003
     469       1     1.17138712E+001   1.00002267E+000   3.32599622E-001   1.19999997E+001   0.00000000E+000   5.41634489E-020   1.50345985E-019  -1.19999997E+001   1.19424676E-019   3.31898624E-019   0.00000000E+000   8.60995559E-002   1.05451591E-001  -1.91551029E-001   9.57755115E-002  -8.42656828E-003   4.21065983E-003
     470       1     1.17131307E+001   1.00002267E+000   3.33463665E-001   1.19999997E+001   0.00000000E+000  -2.88318867E-020   2.58595229E-020  -1.19999997E+001   7.16265083E-020  -1.10632875E-019   1.10632875E-019   8.63104650E-002   1.05738501E-001  -1.92048847E-001   9.60244197E-002  -8.43232132E-003   4.21530871E-003
     471       1     1.17123951E+001   1.00002267E+000   3.34321823E-001   1.19999997E+001   0.00000000E+000   6.48467397E-020  -4.88120968E-020  -1.19999997E+001   8.06292192E-020  -2.21265749E-019  -5.53164374E-019   8.65196643E-002   1.06023914E-001  -1.92543458E-001   9.62717240E-002  -8.43613376E-003   4.21438869E-003
     472       1     1.17116442E+001   1.00002267E+000   3.35198346E-001   1.19999997E+001   0.00000000E+000  -2.31585250E-020   5.77916487E-020  -1.19999997E+001   4.98353107E-020   0.00000000E+000   0.00000000E+000   8.67326758E-002   1.06315789E-001  -1.93048345E-001   9.65241676E-002  -8.44288660E-003   4.22051842E-003
     473       1     1.17109010E+001   1.00002267E+000   3.36064970E-001   1.19999997E+001   0.00000000E+000  -8.30978891E-021  -1.04594878E-019  -1.19999997E+001  -9.30534403E-020  -2.21265749E-019   0.00000000E+000   8.69488190E-002   1.06599322E-001  -1.93548020E-001   9.67740050E-002  -8.44769151E-003   4.22005497E-003
     474       1     1.17101494E+001   1.00002267E+000   3.36942349E-001   1.19999997E+001   0.00000000E+000   9.61230295E-020   1.24715625E-019  -1.19999997E+001  -6.43360823E-020   2.76582187E-019  -6.63797248E-019   8.71665057E-002   1.06887063E-001  -1.94053449E-001   9.70267190E-002  -8.45759257E-003   4.22784396E-003
     475       1     1.17093911E+001   1.00002267E+000   3.37825808E-001   1.19999997E+001   0.00000000E+000   4.22663971E-021   2.26406930E-020  -1.19999997E+001  -8.69133652E-020   2.21265749E-019  -2.21265749E-019   8.73829215E-002   1.07180490E-001  -1.94563290E-001   9.72816373E-002  -8.45154638E-003   4.21825229E-003
     476       1     1.17086457E+001   1.00002267E+000   3.38694905E-001   1.19999997E+001   0.00000000E+000  -5.91332851E-020   1.37743297E-019  -1.19999997E+001   4.63036505E-020   0.00000000E+000  -2.21265749E-019   8.76012071E-002   1.07463415E-001  -1.95064500E-001   9.75322415E-002  -8.45566782E-003   4.21724173E-003
     477       1     1.17079053E+001   1.00002267E+000   3.39558814E-001   1.19999997E+001   0.00000000E+000   9.38216949E-021   1.63640381E-019  -1.19999997E+001   6.73930633E-021   0.00000000E+000   0.00000000E+000   8.78132867E-002   1.07749217E-001  -1.95562381E-001   9.77811813E-002  -8.46018617E-003   4.21970009E-003
     478       1     1.17071431E+001   1.00002267E+000   3.40448388E-001   1.19999997E+001   0.00000000E+000   1.01170941E-019   1.46030297E-019  -1.19999997E+001   9.02825436E-020  -2.21265749E-019  -1.10632875E-019   8.80328356E-002   1.08042207E-001  -1.96074920E-001   9.80374501E-002  -8.46615639E-003   4.22861177E-003
     479       1     1.17063953E+001   1.00002267E+000   3.41321087E-001   1.19999997E+001   0.00000000E+000   1.90977434E-020  -4.28276982E-020  -1.19999997E+001  -4.78570408E-020   0.00000000E+000   2.21265749E-019   8.82475127E-002   1.08330439E-001  -1.96577830E-001   9.82889043E-002  -8.47149163E-003   4.23217190E-003
     480       1     1.17056423E+001   1.00002267E+000   3.42199532E-001   1.19999997E+001   0.00000000E+000  -4.91049862E-020  -5.35510820E-020  -1.19999997E+001  -1.67414392E-020   0.00000000E+000   5.53164374E-019   8.84646865E-002   1.08619638E-001  -1.97084201E-001   9.85420890E-002  -8.47653520E-003   4.23168638E-003
     481       1     1.17049032E+001   1.00002267E+000   3.43062057E-001   1.19999997E+001   0.00000000E+000   5.86909966E-020  -6.25293679E-020  -1.19999997E+001  -1.21067589E-019   1.10632875E-019   1.10632875E-019   8.86762243E-002   1.08905150E-001  -1.97581252E-001   9.87906140E-002  -8.48215605E-003   4.23257618E-003
     482       1     1.17041527E+001   1.00002267E+000   3.43938026E-001   1.19999997E+001   0.00000000E+000  -6.98267046E-020   1.58607662E-019  -1.19999997E+001  -1.69251282E-020   1.65949312E-019   1.65949312E-019   8.88900171E-002   1.09196107E-001  -1.98086001E-001   9.90429875E-002  -8.48585491E-003   4.23728052E-003
     483       1     1.17033998E+001   1.00002267E+000   3.44816455E-001   1.19999997E+001   0.00000000E+000   3.57704971E-020  -9.74427202E-020  -1.19999997E+001  -2.58942349E-020  -1.65949312E-019  -2.21265749E-019   8.91071325E-002   1.09485319E-001  -1.98592328E-001   9.92961495E-002  -8.48852597E-003   4.24277577E-003
     484       1     1.17026565E+001   1.00002267E+000   3.45683830E-001   1.19999997E+001   0.00000000E+000  -5.31303172E-020   1.02188036E-019  -1.19999997E+001  -7.38544623E-020  -3.31898624E-019   3.31898624E-019   8.93211483E-002   1.09771204E-001  -1.99092230E-001   9.95460994E-002  -8.49394249E-003   4.24422049E-003
     485       1     1.17019123E+001   1.00002267E+000   3.46552467E-001   1.19999997E+001   0.00000000E+000  -7.09020394E-020   4.09357336E-020  -1.19999997E+001  -1.00736355E-019  -3.87215062E-019   2.76582187E-019   8.95326338E-002   1.10060221E-001  -1.99592732E-001   9.97963499E-002  -8.49778030E-003   4.24797861E-003
     486       1     1.17011634E+001   1.00002267E+000   3.47426018E-001   1.19999997E+001   0.00000000E+000  -8.19803512E-020  -1.22285149E-019  -1.19999997E+001  -9.58901740E-020  -5.53164374E-020   1.65949312E-019   8.97483390E-002   1.10348217E-001  -2.00096433E-001   1.00048200E-001  -8.49952257E-003   4.24545154E-003
     487       1     1.17004118E+001   1.00002267E+000   3.48303589E-001   1.19999997E+001   0.00000000E+000   8.39841540E-021   1.50263267E-019  -1.19999997E+001   1.43821176E-019   2.21265749E-019   1.65949312E-019   8.99578943E-002   1.10644191E-001  -2.00601960E-001   1.00300964E-001  -8.50273604E-003   4.24621617E-003
     488       1     1.16996645E+001   1.00002267E+000   3.49175570E-001   1.19999997E+001   0.00000000E+000  -7.75026031E-020  -9.35089700E-020  -1.19999997E+001   7.98906651E-020  -5.53164374E-020  -5.53164374E-020   9.01717519E-002   1.10932990E-001  -2.01104617E-001   1.00552292E-001  -8.50641375E-003   4.24267704E-003
     489       1     1.16989009E+001   1.00002267E+000   3.50067382E-001   1.19999997E+001   0.00000000E+000   4.12155401E-021  -1.51556791E-019  -1.19999997E+001  -1.15555021E-019   1.65949312E-019  -2.76582187E-019   9.03883704E-002   1.11230001E-001  -2.01618245E-001   1.00809106E-001  -8.51247990E-003   4.25153482E-003
     490       1     1.16981458E+001   1.00002267E+000   3.50949193E-001   1.19999997E+001   0.00000000E+000   6.24690175E-020  -2.62579201E-020  -1.19999997E+001  -1.03272866E-019  -7.19113686E-019  -1.10632875E-019   9.06025471E-002   1.11523774E-001  -2.02126195E-001   1.01063079E-001  -8.51864215E-003   4.25589901E-003
     491       1     1.16973978E+001   1.00002267E+000   3.51822642E-001   1.19999997E+001   0.00000000E+000  -7.54439362E-020   1.63979694E-019  -1.19999997E+001  -1.69413764E-019   1.10632875E-019   0.00000000E+000   9.08149763E-002   1.11814461E-001  -2.02629311E-001   1.01314637E-001  -8.52578875E-003   4.25952456E-003
     492       1     1.16966457E+001   1.00002267E+000   3.52700137E-001   1.19999997E+001   0.00000000E+000   2.76185478E-020   4.43997634E-020  -1.19999997E+001   9.23783491E-020  -5.53164374E-020  -1.10632875E-019   9.10340083E-002   1.12101382E-001  -2.03135265E-001   1.01567614E-001  -8.52958053E-003   4.25890138E-003
     493       1     1.16958970E+001   1.00002267E+000   3.53574266E-001   1.19999997E+001   0.00000000E+000  -1.10117997E-019   7.85559923E-020  -1.19999997E+001   1.00319494E-019  -2.76582187E-019   5.53164374E-020   9.12491025E-002   1.12389906E-001  -2.03638882E-001   1.01819422E-001  -8.53512924E-003   4.26637552E-003
     494       1     1.16951454E+001   1.00002267E+000   3.54451437E-001   1.19999997E+001   0.00000000E+000   5.28543090E-020   2.76198139E-020  -1.19999997E+001  -7.59081703E-020  -5.53164374E-020  -5.53164374E-020   9.14684676E-002   1.12676192E-001  -2.04144533E-001   1.02072247E-001  -8.54057692E-003   4.26898043E-003
     495       1     1.16943957E+001   1.00002267E+000   3.55325724E-001   1.19999997E+001   0.00000000E+000  -5.87247591E-020   9.21504524E-020  -1.19999997E+001   3.07612011E-020   1.65949312E-019  -1.10632875E-019   9.16908436E-002   1.12958140E-001  -2.04648856E-001   1.02324408E-001  -8.54290049E-003   4.27059034E-003
     496       1     1.16936506E+001   1.00002267E+000   3.56195506E-001   1.19999997E+001   0.00000000E+000  -1.03557948E-020   5.05909571E-020  -1.19999997E+001   7.43342059E-020   0.00000000E+000  -2.21265749E-019   9.19066313E-002   1.13243579E-001  -2.05150082E-001   1.02575021E-001  -8.54996894E-003   4.27351074E-003
     497       1     1.16929126E+001   1.00002267E+000   3.57057270E-001   1.19999997E+001   0.00000000E+000   1.12220555E-019   7.20145129E-020  -1.19999997E+001   2.60576664E-020   0.00000000E+000  -1.10632875E-019   9.21179670E-002   1.13528759E-001  -2.05646599E-001   1.02823278E-001  -8.55599535E-003   4.27649609E-003
     498       1     1.16921776E+001   1.00002267E+000   3.57915120E-001   1.19999997E+001   0.00000000E+000   1.07769817E-019   4.03461564E-021  -1.19999997E+001   9.57334950E-021   5.53164374E-020   7.74430123E-019   9.23329231E-002   1.13808282E-001  -2.06141078E-001   1.03070518E-001  -8.56339307E-003   4.27733093E-003
     499       1     1.16914309E+001   1.00002267E+000   3.58787171E-001   1.19999997E+001   0.00000000E+000  -1.07663465E-019  -2.40591390E-020  -1.19999997E+001  -8.94194903E-020   0.00000000E+000   2.76582187E-019   9.25459091E-002   1.14097693E-001  -2.06643474E-001   1.03321715E-001  -8.56953250E-003   4.28024763E-003
     500       1     1.16906841E+001   1.00002267E+000   3.59659912E-001   1.19999997E+001   0.00000000E+000  -2.39646040E-020  -9.55241676E-020  -1.19999997E+001   9.90675393E-021  -2.21265749E-019   1.65949312E-019   9.27590364E-002   1.14387023E-001  -2.07145932E-001   1.03572942E-001  -8.58130468E-003   4.28844842E-003
